<?xml version='1.0' encoding='UTF-8'?>
<alto xmlns:xsi="http://www.w3.org/2001/XMLSchema-instance" xmlns="http://www.loc.gov/standards/alto/ns-v4#" xsi:schemaLocation="http://www.loc.gov/standards/alto/ns-v4# http://www.loc.gov/standards/alto/v4/alto-4-2.xsd">
  <Description>
    <MeasurementUnit>pixel</MeasurementUnit>
    <sourceImageInformation>
      <fileName>105-Fg003-R-C01-R01-D03012012-T135030-LR924_012_F.jpg</fileName>
      
    </sourceImageInformation>
  </Description>
  
  <Tags>
    <OtherTag ID="BT1443" LABEL="Parchment_or_papyrus" DESCRIPTION="block type Parchment_or_papyrus"/><OtherTag ID="BT2" LABEL="Main" DESCRIPTION="block type Main"/>
    
  </Tags>
  
  <Layout>
    <Page WIDTH="3608" HEIGHT="2706" PHYSICAL_IMG_NR="82" ID="eSc_dummypage_">
      <PrintSpace HPOS="0" VPOS="0" WIDTH="3608" HEIGHT="2706">
        
        <TextBlock HPOS="1197.0" VPOS="955.0" WIDTH="1295.0" HEIGHT="1081.0" ID="eSc_textblock_33648169" TAGREFS="BT2">
          <Shape><Polygon POINTS="1197 955 1197 2036 2492 2036 2492 955"/></Shape>
          
          
          <TextLine ID="eSc_line_1785163" BASELINE="1190 1127 1330 1116 1420 1102 1483 1098 1616 1120 1729 1104 2011 1134 2088 1143 2478 1161" HPOS="1182.0" VPOS="1006.0" WIDTH="1300.0" HEIGHT="216.0">
            <Shape><Polygon POINTS="1182 1035 1322 1024 1405 1011 1477 1006 1630 1029 1716 1013 2020 1042 2098 1051 2482 1069 2475 1222 2080 1203 2004 1194 1737 1164 1606 1180 1486 1159 1429 1162 1334 1177 1194 1188"/></Shape>
	    <String CONTENT=" חת דליתו ישתו ע " HPOS="1182.0" VPOS="1006.0" WIDTH="1300.0" HEIGHT="216.0"><Glyph ID="char_0" CONTENT=" " GC="1.0"><Shape><Polygon POINTS="2416 1066 2409 1219 2450 1221 2457 1068"/></Shape></Glyph><Glyph ID="char_1" CONTENT="ח" GC="1.0"><Shape><Polygon POINTS="2323 1062 2316 1214 2409 1219 2416 1066"/></Shape></Glyph><Glyph ID="char_2" CONTENT="ת" GC="1.0"><Shape><Polygon POINTS="2240 1058 2233 1210 2316 1214 2323 1062"/></Shape></Glyph><Glyph ID="char_3" CONTENT=" " GC="1.0"><Shape><Polygon POINTS="2199 1056 2192 1208 2233 1210 2240 1058"/></Shape></Glyph><Glyph ID="char_4" CONTENT="ד" GC="1.0"><Shape><Polygon POINTS="2117 1052 2110 1204 2192 1208 2199 1056"/></Shape></Glyph><Glyph ID="char_5" CONTENT="ל" GC="1.0"><Shape><Polygon POINTS="2041 1044 2024 1196 2110 1204 2117 1052"/></Shape></Glyph><Glyph ID="char_6" CONTENT="י" GC="1.0"><Shape><Polygon POINTS="1958 1036 1942 1187 2024 1196 2041 1044"/></Shape></Glyph><Glyph ID="char_7" CONTENT="ת" GC="1.0"><Shape><Polygon POINTS="1865 1027 1849 1177 1942 1187 1958 1036"/></Shape></Glyph><Glyph ID="char_8" CONTENT="ו" GC="1.0"><Shape><Polygon POINTS="1793 1020 1777 1168 1849 1177 1865 1027"/></Shape></Glyph><Glyph ID="char_9" CONTENT=" " GC="1.0"><Shape><Polygon POINTS="1709 1014 1730 1165 1777 1168 1793 1020"/></Shape></Glyph><Glyph ID="char_10" CONTENT="י" GC="1.0"><Shape><Polygon POINTS="1638 1028 1658 1174 1730 1165 1709 1014"/></Shape></Glyph><Glyph ID="char_11" CONTENT="ש" GC="1.0"><Shape><Polygon POINTS="1563 1019 1539 1168 1658 1174 1638 1028"/></Shape></Glyph><Glyph ID="char_12" CONTENT="ת" GC="1.0"><Shape><Polygon POINTS="1430 1009 1439 1161 1539 1168 1563 1019"/></Shape></Glyph><Glyph ID="char_13" CONTENT="ו" GC="1.0"><Shape><Polygon POINTS="1370 1017 1393 1168 1439 1161 1430 1009"/></Shape></Glyph><Glyph ID="char_14" CONTENT=" " GC="1.0"><Shape><Polygon POINTS="1315 1025 1327 1178 1393 1168 1370 1017"/></Shape></Glyph><Glyph ID="char_15" CONTENT="ע" GC="1.0"><Shape><Polygon POINTS="1265 1029 1277 1182 1327 1178 1315 1025"/></Shape></Glyph><Glyph ID="char_16" CONTENT=" " GC="1.0"><Shape><Polygon POINTS="1213 1033 1225 1186 1277 1182 1265 1029"/></Shape></Glyph></String>
          </TextLine>

          
          
          <TextLine ID="eSc_line_1785166" BASELINE="1186 1292 1267 1296 1438 1267 1722 1262 1993 1280 2182 1287 2399 1303" HPOS="1182.0" VPOS="1170.0" WIDTH="1223.0" HEIGHT="194.0">
            <Shape><Polygon POINTS="1190 1200 1271 1204 1422 1176 1720 1170 1999 1188 2185 1195 2405 1211 2394 1364 2179 1348 1988 1341 1723 1323 1448 1327 1263 1357 1182 1353"/></Shape>
	    <String CONTENT=" שחקים ודליותו ע " HPOS="1182.0" VPOS="1170.0" WIDTH="1223.0" HEIGHT="194.0"><Glyph ID="char_17" CONTENT=" " GC="1.0"><Shape><Polygon POINTS="2364 1208 2353 1361 2384 1363 2395 1210"/></Shape></Glyph><Glyph ID="char_18" CONTENT="ש" GC="1.0"><Shape><Polygon POINTS="2302 1204 2291 1356 2353 1361 2364 1208"/></Shape></Glyph><Glyph ID="char_19" CONTENT="ח" GC="1.0"><Shape><Polygon POINTS="2199 1196 2188 1349 2291 1356 2302 1204"/></Shape></Glyph><Glyph ID="char_20" CONTENT="ק" GC="1.0"><Shape><Polygon POINTS="2103 1192 2097 1345 2188 1349 2199 1196"/></Shape></Glyph><Glyph ID="char_21" CONTENT="י" GC="1.0"><Shape><Polygon POINTS="2010 1188 2004 1342 2097 1345 2103 1192"/></Shape></Glyph><Glyph ID="char_22" CONTENT="ם" GC="1.0"><Shape><Polygon POINTS="1941 1184 1931 1337 2004 1342 2010 1188"/></Shape></Glyph><Glyph ID="char_23" CONTENT=" " GC="1.0"><Shape><Polygon POINTS="1869 1180 1859 1332 1931 1337 1941 1184"/></Shape></Glyph><Glyph ID="char_24" CONTENT="ו" GC="1.0"><Shape><Polygon POINTS="1796 1175 1786 1327 1859 1332 1869 1180"/></Shape></Glyph><Glyph ID="char_25" CONTENT="ד" GC="1.0"><Shape><Polygon POINTS="1707 1170 1709 1323 1786 1327 1796 1175"/></Shape></Glyph><Glyph ID="char_26" CONTENT="ל" GC="1.0"><Shape><Polygon POINTS="1635 1172 1637 1324 1709 1323 1707 1170"/></Shape></Glyph><Glyph ID="char_27" CONTENT="י" GC="1.0"><Shape><Polygon POINTS="1573 1173 1575 1325 1637 1324 1635 1172"/></Shape></Glyph><Glyph ID="char_28" CONTENT="ו" GC="1.0"><Shape><Polygon POINTS="1511 1174 1513 1326 1575 1325 1573 1173"/></Shape></Glyph><Glyph ID="char_29" CONTENT="ת" GC="1.0"><Shape><Polygon POINTS="1439 1176 1441 1328 1513 1326 1511 1174"/></Shape></Glyph><Glyph ID="char_30" CONTENT="ו" GC="1.0"><Shape><Polygon POINTS="1364 1187 1389 1337 1441 1328 1439 1176"/></Shape></Glyph><Glyph ID="char_31" CONTENT=" " GC="1.0"><Shape><Polygon POINTS="1333 1192 1359 1341 1389 1337 1364 1187"/></Shape></Glyph><Glyph ID="char_32" CONTENT="ע" GC="1.0"><Shape><Polygon POINTS="1262 1204 1288 1353 1359 1341 1333 1192"/></Shape></Glyph><Glyph ID="char_33" CONTENT=" " GC="1.0"><Shape><Polygon POINTS="1201 1201 1191 1353 1288 1353 1262 1204"/></Shape></Glyph></String>
          </TextLine>

          
          
          <TextLine ID="eSc_line_1785167" BASELINE="1265 1411 1558 1402 1639 1404 2004 1434 2124 1438 2412 1438" HPOS="1262.0" VPOS="1310.0" WIDTH="1150.0" HEIGHT="189.0">
            <Shape><Polygon POINTS="1262 1319 1555 1310 1641 1312 2011 1342 2127 1346 2412 1346 2412 1499 2121 1499 1998 1494 1637 1465 1559 1463 1266 1472"/></Shape>
	    <String CONTENT=" י מרום ינובב פ " HPOS="1262.0" VPOS="1310.0" WIDTH="1150.0" HEIGHT="189.0"><Glyph ID="char_34" CONTENT=" " GC="1.0"><Shape><Polygon POINTS="2319 1346 2319 1499 2381 1499 2381 1346"/></Shape></Glyph><Glyph ID="char_35" CONTENT="י" GC="1.0"><Shape><Polygon POINTS="2277 1346 2277 1499 2319 1499 2319 1346"/></Shape></Glyph><Glyph ID="char_36" CONTENT=" " GC="1.0"><Shape><Polygon POINTS="2236 1346 2236 1499 2277 1499 2277 1346"/></Shape></Glyph><Glyph ID="char_37" CONTENT="מ" GC="1.0"><Shape><Polygon POINTS="2163 1346 2163 1499 2236 1499 2236 1346"/></Shape></Glyph><Glyph ID="char_38" CONTENT="ר" GC="1.0"><Shape><Polygon POINTS="2073 1344 2068 1497 2163 1499 2163 1346"/></Shape></Glyph><Glyph ID="char_39" CONTENT="ו" GC="1.0"><Shape><Polygon POINTS="2005 1342 1993 1494 2068 1497 2073 1344"/></Shape></Glyph><Glyph ID="char_40" CONTENT="ם" GC="1.0"><Shape><Polygon POINTS="1932 1336 1920 1488 1993 1494 2005 1342"/></Shape></Glyph><Glyph ID="char_41" CONTENT=" " GC="1.0"><Shape><Polygon POINTS="1871 1331 1858 1483 1920 1488 1932 1336"/></Shape></Glyph><Glyph ID="char_42" CONTENT="י" GC="1.0"><Shape><Polygon POINTS="1809 1326 1796 1478 1858 1483 1871 1331"/></Shape></Glyph><Glyph ID="char_43" CONTENT="נ" GC="1.0"><Shape><Polygon POINTS="1758 1321 1745 1474 1796 1478 1809 1326"/></Shape></Glyph><Glyph ID="char_44" CONTENT="ו" GC="1.0"><Shape><Polygon POINTS="1706 1317 1694 1470 1745 1474 1758 1321"/></Shape></Glyph><Glyph ID="char_45" CONTENT="ב" GC="1.0"><Shape><Polygon POINTS="1628 1312 1624 1465 1694 1470 1706 1317"/></Shape></Glyph><Glyph ID="char_46" CONTENT="ב" GC="1.0"><Shape><Polygon POINTS="1551 1310 1556 1463 1624 1465 1628 1312"/></Shape></Glyph><Glyph ID="char_47" CONTENT=" " GC="1.0"><Shape><Polygon POINTS="1499 1312 1504 1465 1556 1463 1551 1310"/></Shape></Glyph><Glyph ID="char_48" CONTENT="פ" GC="1.0"><Shape><Polygon POINTS="1416 1314 1421 1467 1504 1465 1499 1312"/></Shape></Glyph><Glyph ID="char_49" CONTENT=" " GC="1.0"><Shape><Polygon POINTS="1303 1318 1308 1471 1421 1467 1416 1314"/></Shape></Glyph></String>
          </TextLine>

          
          
          <TextLine ID="eSc_line_1785168" BASELINE="1359 1564 1438 1571 1616 1569 1903 1583 2169 1580 2291 1585" HPOS="1353.0" VPOS="1472.0" WIDTH="941.0" HEIGHT="174.0">
            <Shape><Polygon POINTS="1367 1472 1446 1479 1614 1477 1907 1491 2167 1488 2294 1493 2288 1646 2169 1641 1900 1644 1616 1630 1432 1631 1353 1624"/></Shape>
	    <String CONTENT=" שבעה בזוהר " HPOS="1353.0" VPOS="1472.0" WIDTH="941.0" HEIGHT="174.0"><Glyph ID="char_50" CONTENT=" " GC="1.0"><Shape><Polygon POINTS="2154 1488 2156 1641 2236 1644 2242 1491"/></Shape></Glyph><Glyph ID="char_51" CONTENT="ש" GC="1.0"><Shape><Polygon POINTS="2071 1489 2073 1642 2156 1641 2154 1488"/></Shape></Glyph><Glyph ID="char_52" CONTENT="ב" GC="1.0"><Shape><Polygon POINTS="1978 1490 1980 1643 2073 1642 2071 1489"/></Shape></Glyph><Glyph ID="char_53" CONTENT="ע" GC="1.0"><Shape><Polygon POINTS="1901 1491 1893 1644 1980 1643 1978 1490"/></Shape></Glyph><Glyph ID="char_54" CONTENT="ה" GC="1.0"><Shape><Polygon POINTS="1829 1487 1821 1640 1893 1644 1901 1491"/></Shape></Glyph><Glyph ID="char_55" CONTENT=" " GC="1.0"><Shape><Polygon POINTS="1777 1485 1769 1638 1821 1640 1829 1487"/></Shape></Glyph><Glyph ID="char_56" CONTENT="ב" GC="1.0"><Shape><Polygon POINTS="1715 1482 1708 1635 1769 1638 1777 1485"/></Shape></Glyph><Glyph ID="char_57" CONTENT="ז" GC="1.0"><Shape><Polygon POINTS="1652 1479 1645 1631 1708 1635 1715 1482"/></Shape></Glyph><Glyph ID="char_58" CONTENT="ו" GC="1.0"><Shape><Polygon POINTS="1585 1477 1586 1630 1645 1631 1652 1479"/></Shape></Glyph><Glyph ID="char_59" CONTENT="ה" GC="1.0"><Shape><Polygon POINTS="1502 1478 1503 1631 1586 1630 1585 1477"/></Shape></Glyph><Glyph ID="char_60" CONTENT="ר" GC="1.0"><Shape><Polygon POINTS="1440 1478 1441 1631 1503 1631 1502 1478"/></Shape></Glyph><Glyph ID="char_61" CONTENT=" " GC="1.0"><Shape><Polygon POINTS="1388 1474 1373 1626 1441 1631 1440 1478"/></Shape></Glyph></String>
          </TextLine>

          
          
          <TextLine ID="eSc_line_1785169" BASELINE="1384 1725 1734 1725 1986 1749 2076 1754" HPOS="1384.0" VPOS="1633.0" WIDTH="697.0" HEIGHT="182.0">
            <Shape><Polygon POINTS="1384 1633 1734 1633 1994 1657 2081 1662 2072 1815 1980 1809 1734 1786 1384 1786"/></Shape>
	    <String CONTENT=" מי טוהר " HPOS="1384.0" VPOS="1633.0" WIDTH="697.0" HEIGHT="182.0"><Glyph ID="char_62" CONTENT=" " GC="1.0"><Shape><Polygon POINTS="1951 1653 1936 1805 2021 1812 2030 1659"/></Shape></Glyph><Glyph ID="char_63" CONTENT="מ" GC="1.0"><Shape><Polygon POINTS="1858 1644 1844 1796 1936 1805 1951 1653"/></Shape></Glyph><Glyph ID="char_64" CONTENT="י" GC="1.0"><Shape><Polygon POINTS="1776 1637 1761 1789 1844 1796 1858 1644"/></Shape></Glyph><Glyph ID="char_65" CONTENT=" " GC="1.0"><Shape><Polygon POINTS="1745 1634 1730 1786 1761 1789 1776 1637"/></Shape></Glyph><Glyph ID="char_66" CONTENT="ט" GC="1.0"><Shape><Polygon POINTS="1705 1633 1705 1786 1730 1786 1745 1634"/></Shape></Glyph><Glyph ID="char_67" CONTENT="ו" GC="1.0"><Shape><Polygon POINTS="1643 1633 1643 1786 1705 1786 1705 1633"/></Shape></Glyph><Glyph ID="char_68" CONTENT="ה" GC="1.0"><Shape><Polygon POINTS="1550 1633 1550 1786 1643 1786 1643 1633"/></Shape></Glyph><Glyph ID="char_69" CONTENT="ר" GC="1.0"><Shape><Polygon POINTS="1477 1633 1477 1786 1550 1786 1550 1633"/></Shape></Glyph><Glyph ID="char_70" CONTENT=" " GC="1.0"><Shape><Polygon POINTS="1405 1633 1405 1786 1477 1786 1477 1633"/></Shape></Glyph></String>
          </TextLine>

          
          
          <TextLine ID="eSc_line_1785171" BASELINE="1402 1900 1508 1907 1840 1903" HPOS="1397.0" VPOS="1808.0" WIDTH="443.0" HEIGHT="160.0">
            <Shape><Polygon POINTS="1408 1808 1514 1815 1838 1811 1840 1964 1503 1968 1397 1961"/></Shape>
	    <String CONTENT=" מלקו " HPOS="1397.0" VPOS="1808.0" WIDTH="443.0" HEIGHT="160.0"><Glyph ID="char_71" CONTENT=" " GC="1.0"><Shape><Polygon POINTS="1709 1813 1710 1966 1782 1965 1781 1812"/></Shape></Glyph><Glyph ID="char_72" CONTENT="מ" GC="1.0"><Shape><Polygon POINTS="1678 1813 1679 1966 1710 1966 1709 1813"/></Shape></Glyph><Glyph ID="char_73" CONTENT="ל" GC="1.0"><Shape><Polygon POINTS="1616 1814 1617 1967 1679 1966 1678 1813"/></Shape></Glyph><Glyph ID="char_74" CONTENT="ק" GC="1.0"><Shape><Polygon POINTS="1544 1815 1545 1967 1617 1967 1616 1814"/></Shape></Glyph><Glyph ID="char_75" CONTENT="ו" GC="1.0"><Shape><Polygon POINTS="1501 1814 1489 1967 1545 1967 1544 1815"/></Shape></Glyph><Glyph ID="char_76" CONTENT=" " GC="1.0"><Shape><Polygon POINTS="1439 1810 1427 1963 1489 1967 1501 1814"/></Shape></Glyph></String>
          </TextLine>

          
        </TextBlock>
        

        
      </PrintSpace>
    </Page>
  </Layout>
</alto>