<?xml version='1.0' encoding='UTF-8'?>
<alto xmlns:xsi="http://www.w3.org/2001/XMLSchema-instance" xmlns="http://www.loc.gov/standards/alto/ns-v4#" xsi:schemaLocation="http://www.loc.gov/standards/alto/ns-v4# http://www.loc.gov/standards/alto/v4/alto-4-2.xsd">
  <Description>
    <MeasurementUnit>pixel</MeasurementUnit>
    <sourceImageInformation>
      <fileName>115-Fg005-R-C01-R01-D06122011-T100445-LR924_012_F.jpg</fileName>
      
    </sourceImageInformation>
  </Description>
  
  <Tags>
    <OtherTag ID="BT1443" LABEL="Parchment_or_papyrus" DESCRIPTION="block type Parchment_or_papyrus"/><OtherTag ID="BT2" LABEL="Main" DESCRIPTION="block type Main"/>
    
  </Tags>
  
  <Layout>
    <Page WIDTH="3608" HEIGHT="2706" PHYSICAL_IMG_NR="133" ID="eSc_dummypage_">
      <PrintSpace HPOS="0" VPOS="0" WIDTH="3608" HEIGHT="2706">
        
        <TextBlock HPOS="1321.0" VPOS="918.0" WIDTH="774.0" HEIGHT="994.0" ID="eSc_textblock_05ff76c4" TAGREFS="BT2">
          <Shape><Polygon POINTS="1321 918 1321 1912 2095 1912 2095 918"/></Shape>
          
          
          <TextLine ID="eSc_line_1785172" BASELINE="1544 1053 1648 1039 1695 1039 1826 1046 1930 1062" HPOS="1528.0" VPOS="926.0" WIDTH="419.0" HEIGHT="210.0">
            <Shape><Polygon POINTS="1528 941 1632 927 1695 926 1832 933 1947 950 1918 1136 1821 1121 1695 1114 1658 1113 1554 1127"/></Shape>
	    <String CONTENT=" ט לערמת " HPOS="1528.0" VPOS="926.0" WIDTH="419.0" HEIGHT="210.0"><Glyph ID="char_0" CONTENT=" " GC="1.0"><Shape><Polygon POINTS="1934 948 1905 1134 1917 1136 1946 950"/></Shape></Glyph><Glyph ID="char_1" CONTENT="ט" GC="1.0"><Shape><Polygon POINTS="1895 942 1867 1128 1905 1134 1934 948"/></Shape></Glyph><Glyph ID="char_2" CONTENT=" " GC="1.0"><Shape><Polygon POINTS="1857 937 1828 1122 1867 1128 1895 942"/></Shape></Glyph><Glyph ID="char_3" CONTENT="ל" GC="1.0"><Shape><Polygon POINTS="1807 932 1797 1120 1828 1122 1857 937"/></Shape></Glyph><Glyph ID="char_4" CONTENT="ע" GC="1.0"><Shape><Polygon POINTS="1755 929 1745 1117 1797 1120 1807 932"/></Shape></Glyph><Glyph ID="char_5" CONTENT="ר" GC="1.0"><Shape><Polygon POINTS="1704 926 1694 1114 1745 1117 1755 929"/></Shape></Glyph><Glyph ID="char_6" CONTENT="מ" GC="1.0"><Shape><Polygon POINTS="1618 929 1643 1115 1694 1114 1704 926"/></Shape></Glyph><Glyph ID="char_7" CONTENT="ת" GC="1.0"><Shape><Polygon POINTS="1567 936 1592 1122 1643 1115 1618 929"/></Shape></Glyph><Glyph ID="char_8" CONTENT=" " GC="1.0"><Shape><Polygon POINTS="1529 941 1551 1108 1592 1122 1567 936"/></Shape></Glyph></String>
          </TextLine>

          
          
          <TextLine ID="eSc_line_1785173" BASELINE="1501 1217 1693 1224 1928 1237" HPOS="1498.0" VPOS="1104.0" WIDTH="436.0" HEIGHT="208.0">
            <Shape><Polygon POINTS="1505 1104 1697 1111 1934 1124 1923 1312 1690 1299 1498 1292"/></Shape>
	    <String CONTENT=" למי נחשב " HPOS="1498.0" VPOS="1104.0" WIDTH="436.0" HEIGHT="208.0"><Glyph ID="char_9" CONTENT=" " GC="1.0"><Shape><Polygon POINTS="1928 1124 1917 1312 1917 1312 1928 1124"/></Shape></Glyph><Glyph ID="char_10" CONTENT="ל" GC="1.0"><Shape><Polygon POINTS="1903 1122 1892 1310 1917 1312 1928 1124"/></Shape></Glyph><Glyph ID="char_11" CONTENT="מ" GC="1.0"><Shape><Polygon POINTS="1852 1119 1841 1307 1892 1310 1903 1122"/></Shape></Glyph><Glyph ID="char_12" CONTENT="י" GC="1.0"><Shape><Polygon POINTS="1813 1117 1803 1305 1841 1307 1852 1119"/></Shape></Glyph><Glyph ID="char_13" CONTENT=" " GC="1.0"><Shape><Polygon POINTS="1775 1115 1765 1303 1803 1305 1813 1117"/></Shape></Glyph><Glyph ID="char_14" CONTENT="נ" GC="1.0"><Shape><Polygon POINTS="1724 1112 1714 1300 1765 1303 1775 1115"/></Shape></Glyph><Glyph ID="char_15" CONTENT="ח" GC="1.0"><Shape><Polygon POINTS="1672 1110 1664 1298 1714 1300 1724 1112"/></Shape></Glyph><Glyph ID="char_16" CONTENT="ש" GC="1.0"><Shape><Polygon POINTS="1595 1107 1587 1295 1664 1298 1672 1110"/></Shape></Glyph><Glyph ID="char_17" CONTENT="ב" GC="1.0"><Shape><Polygon POINTS="1531 1105 1523 1293 1587 1295 1595 1107"/></Shape></Glyph><Glyph ID="char_18" CONTENT=" " GC="1.0"><Shape><Polygon POINTS="1500 1216 1525 1217"/></Shape></Glyph></String>
          </TextLine>

          
          
          <TextLine ID="eSc_line_1785174" BASELINE="1393 1409 1546 1413 1806 1427 1941 1429" HPOS="1391.0" VPOS="1296.0" WIDTH="551.0" HEIGHT="208.0">
            <Shape><Polygon POINTS="1395 1296 1548 1300 1812 1314 1942 1316 1939 1504 1801 1502 1544 1488 1391 1484"/></Shape>
	    <String CONTENT=" חקותה בלב " HPOS="1391.0" VPOS="1296.0" WIDTH="551.0" HEIGHT="208.0"><Glyph ID="char_19" CONTENT=" " GC="1.0"><Shape><Polygon POINTS="1864 1315 1861 1503 1925 1504 1928 1316"/></Shape></Glyph><Glyph ID="char_20" CONTENT="ח" GC="1.0"><Shape><Polygon POINTS="1813 1314 1810 1502 1861 1503 1864 1315"/></Shape></Glyph><Glyph ID="char_21" CONTENT="ק" GC="1.0"><Shape><Polygon POINTS="1755 1311 1745 1499 1810 1502 1813 1314"/></Shape></Glyph><Glyph ID="char_22" CONTENT="ו" GC="1.0"><Shape><Polygon POINTS="1704 1308 1694 1496 1745 1499 1755 1311"/></Shape></Glyph><Glyph ID="char_23" CONTENT="ת" GC="1.0"><Shape><Polygon POINTS="1640 1305 1630 1493 1694 1496 1704 1308"/></Shape></Glyph><Glyph ID="char_24" CONTENT="ה" GC="1.0"><Shape><Polygon POINTS="1589 1302 1579 1490 1630 1493 1640 1305"/></Shape></Glyph><Glyph ID="char_25" CONTENT=" " GC="1.0"><Shape><Polygon POINTS="1549 1300 1542 1488 1579 1490 1589 1302"/></Shape></Glyph><Glyph ID="char_26" CONTENT="ב" GC="1.0"><Shape><Polygon POINTS="1498 1299 1492 1487 1542 1488 1549 1300"/></Shape></Glyph><Glyph ID="char_27" CONTENT="ל" GC="1.0"><Shape><Polygon POINTS="1460 1298 1454 1486 1492 1487 1498 1299"/></Shape></Glyph><Glyph ID="char_28" CONTENT="ב" GC="1.0"><Shape><Polygon POINTS="1434 1297 1428 1485 1454 1486 1460 1298"/></Shape></Glyph><Glyph ID="char_29" CONTENT=" " GC="1.0"><Shape><Polygon POINTS="1392 1408 1429 1409"/></Shape></Glyph></String>
          </TextLine>

          
          
          <TextLine ID="eSc_line_1785175" BASELINE="1328 1580 1483 1598 1558 1601 1941 1596" HPOS="1319.0" VPOS="1467.0" WIDTH="622.0" HEIGHT="209.0">
            <Shape><Polygon POINTS="1341 1467 1496 1485 1562 1488 1939 1483 1941 1671 1554 1676 1474 1672 1319 1654"/></Shape>
	    <String CONTENT=" שפטי עדים ב " HPOS="1319.0" VPOS="1467.0" WIDTH="622.0" HEIGHT="209.0"><Glyph ID="char_30" CONTENT=" " GC="1.0"><Shape><Polygon POINTS="1886 1484 1889 1672 1928 1671 1925 1483"/></Shape></Glyph><Glyph ID="char_31" CONTENT="ש" GC="1.0"><Shape><Polygon POINTS="1848 1484 1851 1672 1889 1672 1886 1484"/></Shape></Glyph><Glyph ID="char_32" CONTENT="פ" GC="1.0"><Shape><Polygon POINTS="1797 1485 1800 1673 1851 1672 1848 1484"/></Shape></Glyph><Glyph ID="char_33" CONTENT="ט" GC="1.0"><Shape><Polygon POINTS="1733 1486 1736 1674 1800 1673 1797 1485"/></Shape></Glyph><Glyph ID="char_34" CONTENT="י" GC="1.0"><Shape><Polygon POINTS="1682 1486 1685 1674 1736 1674 1733 1486"/></Shape></Glyph><Glyph ID="char_35" CONTENT=" " GC="1.0"><Shape><Polygon POINTS="1618 1487 1621 1675 1685 1674 1682 1486"/></Shape></Glyph><Glyph ID="char_36" CONTENT="ע" GC="1.0"><Shape><Polygon POINTS="1560 1488 1553 1676 1621 1675 1618 1487"/></Shape></Glyph><Glyph ID="char_37" CONTENT="ד" GC="1.0"><Shape><Polygon POINTS="1535 1487 1528 1675 1553 1676 1560 1488"/></Shape></Glyph><Glyph ID="char_38" CONTENT="י" GC="1.0"><Shape><Polygon POINTS="1509 1486 1502 1673 1528 1675 1535 1487"/></Shape></Glyph><Glyph ID="char_39" CONTENT="ם" GC="1.0"><Shape><Polygon POINTS="1481 1483 1458 1670 1502 1673 1509 1486"/></Shape></Glyph><Glyph ID="char_40" CONTENT=" " GC="1.0"><Shape><Polygon POINTS="1430 1477 1407 1664 1458 1670 1481 1483"/></Shape></Glyph><Glyph ID="char_41" CONTENT="ב" GC="1.0"><Shape><Polygon POINTS="1379 1471 1357 1658 1407 1664 1430 1477"/></Shape></Glyph><Glyph ID="char_42" CONTENT=" " GC="1.0"><Shape><Polygon POINTS="1327 1579 1365 1583"/></Shape></Glyph></String>
          </TextLine>

          
          
          <TextLine ID="eSc_line_1785176" BASELINE="1548 1820 1595 1824 1840 1828" HPOS="1541.0" VPOS="1707.0" WIDTH="300.0" HEIGHT="196.0">
            <Shape><Polygon POINTS="1557 1707 1604 1711 1841 1715 1838 1903 1588 1898 1541 1894"/></Shape>
	    <String CONTENT=" ת " HPOS="1541.0" VPOS="1707.0" WIDTH="300.0" HEIGHT="196.0"><Glyph ID="char_43" CONTENT=" " GC="1.0"><Shape><Polygon POINTS="1777 1714 1773 1902 1824 1903 1828 1715"/></Shape></Glyph><Glyph ID="char_44" CONTENT="ת" GC="1.0"><Shape><Polygon POINTS="1739 1713 1736 1901 1773 1902 1777 1714"/></Shape></Glyph><Glyph ID="char_45" CONTENT=" " GC="1.0"><Shape><Polygon POINTS="1625 1711 1622 1899 1736 1901 1739 1713"/></Shape></Glyph></String>
          </TextLine>

          
        </TextBlock>
        

        
      </PrintSpace>
    </Page>
  </Layout>
</alto>