<?xml version='1.0' encoding='UTF-8'?>
<alto xmlns:xsi="http://www.w3.org/2001/XMLSchema-instance" xmlns="http://www.loc.gov/standards/alto/ns-v4#" xsi:schemaLocation="http://www.loc.gov/standards/alto/ns-v4# http://www.loc.gov/standards/alto/v4/alto-4-2.xsd">
  <Description>
    <MeasurementUnit>pixel</MeasurementUnit>
    <sourceImageInformation>
      <fileName>115-Fg002-R-C02-R01-D06122011-T084537-LR924_012_F.jpg</fileName>
      
    </sourceImageInformation>
  </Description>
  
  <Tags>
    <OtherTag ID="BT1443" LABEL="Parchment_or_papyrus" DESCRIPTION="block type Parchment_or_papyrus"/><OtherTag ID="BT2" LABEL="Main" DESCRIPTION="block type Main"/>
    
  </Tags>
  
  <Layout>
    <Page WIDTH="3608" HEIGHT="2706" PHYSICAL_IMG_NR="305" ID="eSc_dummypage_">
      <PrintSpace HPOS="0" VPOS="0" WIDTH="3608" HEIGHT="2706">
        
        <TextBlock HPOS="826.0" VPOS="703.0" WIDTH="1575.0" HEIGHT="1521.0" ID="eSc_textblock_b12dbc34" TAGREFS="BT2">
          <Shape><Polygon POINTS="826 703 826 2100 2385 2224 2401 703"/></Shape>
          
          
          <TextLine ID="eSc_line_1785181" BASELINE="1495 814 1711 811 2117 858" HPOS="1493.0" VPOS="679.0" WIDTH="639.0" HEIGHT="266.0">
            <Shape><Polygon POINTS="1493 682 1709 679 2132 727 2106 945 1712 898 1496 901"/></Shape>
	    <String CONTENT=" ת אבי " HPOS="1493.0" VPOS="679.0" WIDTH="639.0" HEIGHT="266.0"><Glyph ID="char_0" CONTENT=" " GC="1.0"><Shape><Polygon POINTS="2042 717 2017 934 2076 941 2102 724"/></Shape></Glyph><Glyph ID="char_1" CONTENT="ת" GC="1.0"><Shape><Polygon POINTS="1925 703 1900 920 2017 934 2042 717"/></Shape></Glyph><Glyph ID="char_2" CONTENT=" " GC="1.0"><Shape><Polygon POINTS="1792 688 1767 905 1900 920 1925 703"/></Shape></Glyph><Glyph ID="char_3" CONTENT="א" GC="1.0"><Shape><Polygon POINTS="1732 682 1707 898 1767 905 1792 688"/></Shape></Glyph><Glyph ID="char_4" CONTENT="ב" GC="1.0"><Shape><Polygon POINTS="1671 680 1674 899 1707 898 1732 682"/></Shape></Glyph><Glyph ID="char_5" CONTENT="י" GC="1.0"><Shape><Polygon POINTS="1656 680 1659 899 1674 899 1671 680"/></Shape></Glyph><Glyph ID="char_6" CONTENT=" " GC="1.0"><Shape><Polygon POINTS="1552 681 1555 900 1659 899 1656 680"/></Shape></Glyph></String>
          </TextLine>

          
          
          <TextLine ID="eSc_line_1785183" BASELINE="1201 1037 1276 1037 1407 1050 1659 1066 1698 1077 1752 1077 2112 1113 2218 1107" HPOS="1201.0" VPOS="905.0" WIDTH="1021.0" HEIGHT="295.0">
            <Shape><Polygon POINTS="1201 905 1276 905 1419 919 1667 934 1733 950 1752 945 2125 982 2210 975 2222 1194 2103 1200 1752 1164 1674 1161 1653 1153 1398 1137 1276 1124 1201 1124"/></Shape>
	    <String CONTENT=" כלה בלוא רחמיכה ואנ " HPOS="1201.0" VPOS="905.0" WIDTH="1021.0" HEIGHT="295.0"><Glyph ID="char_7" CONTENT=" " GC="1.0"><Shape><Polygon POINTS="2152 980 2164 1197 2208 1195 2196 976"/></Shape></Glyph><Glyph ID="char_8" CONTENT="כ" GC="1.0"><Shape><Polygon POINTS="2122 982 2134 1198 2164 1197 2152 980"/></Shape></Glyph><Glyph ID="char_9" CONTENT="ל" GC="1.0"><Shape><Polygon POINTS="2084 978 2062 1196 2134 1198 2122 982"/></Shape></Glyph><Glyph ID="char_10" CONTENT="ה" GC="1.0"><Shape><Polygon POINTS="2024 972 2002 1190 2062 1196 2084 978"/></Shape></Glyph><Glyph ID="char_11" CONTENT=" " GC="1.0"><Shape><Polygon POINTS="1980 968 1959 1185 2002 1190 2024 972"/></Shape></Glyph><Glyph ID="char_12" CONTENT="ב" GC="1.0"><Shape><Polygon POINTS="1937 963 1915 1181 1959 1185 1980 968"/></Shape></Glyph><Glyph ID="char_13" CONTENT="ל" GC="1.0"><Shape><Polygon POINTS="1892 959 1870 1176 1915 1181 1937 963"/></Shape></Glyph><Glyph ID="char_14" CONTENT="ו" GC="1.0"><Shape><Polygon POINTS="1848 955 1826 1172 1870 1176 1892 959"/></Shape></Glyph><Glyph ID="char_15" CONTENT="א" GC="1.0"><Shape><Polygon POINTS="1803 950 1782 1167 1826 1172 1848 955"/></Shape></Glyph><Glyph ID="char_16" CONTENT=" " GC="1.0"><Shape><Polygon POINTS="1746 946 1746 1164 1782 1167 1803 950"/></Shape></Glyph><Glyph ID="char_17" CONTENT="ר" GC="1.0"><Shape><Polygon POINTS="1702 943 1702 1162 1746 1164 1746 946"/></Shape></Glyph><Glyph ID="char_18" CONTENT="ח" GC="1.0"><Shape><Polygon POINTS="1709 944 1650 1153 1702 1162 1702 943"/></Shape></Glyph><Glyph ID="char_19" CONTENT="מ" GC="1.0"><Shape><Polygon POINTS="1638 932 1624 1151 1650 1153 1709 944"/></Shape></Glyph><Glyph ID="char_20" CONTENT="י" GC="1.0"><Shape><Polygon POINTS="1578 929 1564 1147 1624 1151 1638 932"/></Shape></Glyph><Glyph ID="char_21" CONTENT="כ" GC="1.0"><Shape><Polygon POINTS="1534 926 1521 1145 1564 1147 1578 929"/></Shape></Glyph><Glyph ID="char_22" CONTENT="ה" GC="1.0"><Shape><Polygon POINTS="1476 922 1462 1141 1521 1145 1534 926"/></Shape></Glyph><Glyph ID="char_23" CONTENT=" " GC="1.0"><Shape><Polygon POINTS="1431 920 1417 1138 1462 1141 1476 922"/></Shape></Glyph><Glyph ID="char_24" CONTENT="ו" GC="1.0"><Shape><Polygon POINTS="1391 916 1370 1134 1417 1138 1431 920"/></Shape></Glyph><Glyph ID="char_25" CONTENT="א" GC="1.0"><Shape><Polygon POINTS="1333 911 1311 1128 1370 1134 1391 916"/></Shape></Glyph><Glyph ID="char_26" CONTENT="נ" GC="1.0"><Shape><Polygon POINTS="1275 905 1275 1124 1311 1128 1333 911"/></Shape></Glyph><Glyph ID="char_27" CONTENT=" " GC="1.0"><Shape><Polygon POINTS="1201 905 1201 1124 1275 1124 1275 905"/></Shape></Glyph></String>
          </TextLine>

          
          
          <TextLine ID="eSc_line_1785187" BASELINE="879 1258 980 1262 1296 1287 1571 1294 1630 1298 1691 1307 1851 1350 1973 1371 2103 1382 2194 1391 2342 1391" HPOS="875.0" VPOS="1126.0" WIDTH="1467.0" HEIGHT="352.0">
            <Shape><Polygon POINTS="884 1126 985 1130 1306 1156 1574 1162 1638 1166 1710 1177 1885 1223 1995 1241 2114 1251 2206 1260 2342 1259 2342 1478 2185 1478 2095 1469 1958 1457 1828 1434 1678 1393 1624 1385 1568 1381 1289 1374 976 1349 875 1345"/></Shape>
	    <String CONTENT=" ות אנוש אתבוננה ואכירה " HPOS="875.0" VPOS="1126.0" WIDTH="1467.0" HEIGHT="352.0"><Glyph ID="char_28" CONTENT=" " GC="1.0"><Shape><Polygon POINTS="2134 1253 2112 1471 2253 1478 2253 1260"/></Shape></Glyph><Glyph ID="char_29" CONTENT="ו" GC="1.0"><Shape><Polygon POINTS="2102 1250 2084 1468 2112 1471 2134 1253"/></Shape></Glyph><Glyph ID="char_30" CONTENT="ת" GC="1.0"><Shape><Polygon POINTS="2058 1246 2040 1464 2084 1468 2102 1250"/></Shape></Glyph><Glyph ID="char_31" CONTENT=" " GC="1.0"><Shape><Polygon POINTS="2000 1241 1981 1459 2040 1464 2058 1246"/></Shape></Glyph><Glyph ID="char_32" CONTENT="א" GC="1.0"><Shape><Polygon POINTS="1938 1232 1901 1447 1981 1459 2000 1241"/></Shape></Glyph><Glyph ID="char_33" CONTENT="נ" GC="1.0"><Shape><Polygon POINTS="1909 1227 1872 1442 1901 1447 1938 1232"/></Shape></Glyph><Glyph ID="char_34" CONTENT="ו" GC="1.0"><Shape><Polygon POINTS="1878 1221 1821 1432 1872 1442 1909 1227"/></Shape></Glyph><Glyph ID="char_35" CONTENT="ש" GC="1.0"><Shape><Polygon POINTS="1821 1206 1764 1417 1821 1432 1878 1221"/></Shape></Glyph><Glyph ID="char_36" CONTENT=" " GC="1.0"><Shape><Polygon POINTS="1778 1195 1722 1405 1764 1417 1821 1206"/></Shape></Glyph><Glyph ID="char_37" CONTENT="א" GC="1.0"><Shape><Polygon POINTS="1691 1174 1660 1390 1722 1405 1778 1195"/></Shape></Glyph><Glyph ID="char_38" CONTENT="ת" GC="1.0"><Shape><Polygon POINTS="1623 1165 1608 1384 1660 1390 1691 1174"/></Shape></Glyph><Glyph ID="char_39" CONTENT="ב" GC="1.0"><Shape><Polygon POINTS="1558 1162 1553 1381 1608 1384 1623 1165"/></Shape></Glyph><Glyph ID="char_40" CONTENT="ו" GC="1.0"><Shape><Polygon POINTS="1529 1161 1524 1380 1553 1381 1558 1162"/></Shape></Glyph><Glyph ID="char_41" CONTENT="נ" GC="1.0"><Shape><Polygon POINTS="1484 1160 1479 1379 1524 1380 1529 1161"/></Shape></Glyph><Glyph ID="char_42" CONTENT="נ" GC="1.0"><Shape><Polygon POINTS="1440 1159 1435 1378 1479 1379 1484 1160"/></Shape></Glyph><Glyph ID="char_43" CONTENT="ה" GC="1.0"><Shape><Polygon POINTS="1396 1158 1391 1377 1435 1378 1440 1159"/></Shape></Glyph><Glyph ID="char_44" CONTENT=" " GC="1.0"><Shape><Polygon POINTS="1337 1157 1332 1375 1391 1377 1396 1158"/></Shape></Glyph><Glyph ID="char_45" CONTENT="ו" GC="1.0"><Shape><Polygon POINTS="1285 1154 1268 1372 1332 1375 1337 1157"/></Shape></Glyph><Glyph ID="char_46" CONTENT="א" GC="1.0"><Shape><Polygon POINTS="1227 1150 1209 1368 1268 1372 1285 1154"/></Shape></Glyph><Glyph ID="char_47" CONTENT="כ" GC="1.0"><Shape><Polygon POINTS="1168 1145 1150 1363 1209 1368 1227 1150"/></Shape></Glyph><Glyph ID="char_48" CONTENT="י" GC="1.0"><Shape><Polygon POINTS="1139 1142 1122 1361 1150 1363 1168 1145"/></Shape></Glyph><Glyph ID="char_49" CONTENT="ר" GC="1.0"><Shape><Polygon POINTS="1109 1140 1092 1358 1122 1361 1139 1142"/></Shape></Glyph><Glyph ID="char_50" CONTENT="ה" GC="1.0"><Shape><Polygon POINTS="1036 1134 1019 1352 1092 1358 1109 1140"/></Shape></Glyph><Glyph ID="char_51" CONTENT=" " GC="1.0"><Shape><Polygon POINTS="928 1128 918 1347 1019 1352 1036 1134"/></Shape></Glyph></String>
          </TextLine>

          
          
          <TextLine ID="eSc_line_1785189" BASELINE="843 1501 1010 1510 1213 1528 1537 1540 1607 1540 2158 1628 2266 1634" HPOS="838.0" VPOS="1369.0" WIDTH="1435.0" HEIGHT="352.0">
            <Shape><Polygon POINTS="850 1369 1017 1378 1224 1397 1541 1408 1607 1408 2178 1498 2273 1502 2261 1721 2144 1714 1607 1627 1533 1627 1205 1615 1005 1597 838 1588"/></Shape>
	    <String CONTENT=" הגי י אנחה בכנו לכול אב " HPOS="838.0" VPOS="1369.0" WIDTH="1435.0" HEIGHT="352.0"><Glyph ID="char_52" CONTENT=" " GC="1.0"><Shape><Polygon POINTS="2258 1501 2246 1720 2260 1721 2272 1502"/></Shape></Glyph><Glyph ID="char_53" CONTENT="ה" GC="1.0"><Shape><Polygon POINTS="2243 1501 2231 1719 2246 1720 2258 1501"/></Shape></Glyph><Glyph ID="char_54" CONTENT="ג" GC="1.0"><Shape><Polygon POINTS="2214 1500 2202 1717 2231 1719 2243 1501"/></Shape></Glyph><Glyph ID="char_55" CONTENT="י" GC="1.0"><Shape><Polygon POINTS="2169 1497 2134 1712 2202 1717 2214 1500"/></Shape></Glyph><Glyph ID="char_56" CONTENT=" " GC="1.0"><Shape><Polygon POINTS="2095 1485 2061 1701 2134 1712 2169 1497"/></Shape></Glyph><Glyph ID="char_57" CONTENT="י" GC="1.0"><Shape><Polygon POINTS="2022 1473 1988 1689 2061 1701 2095 1485"/></Shape></Glyph><Glyph ID="char_58" CONTENT=" " GC="1.0"><Shape><Polygon POINTS="1979 1467 1945 1682 1988 1689 2022 1473"/></Shape></Glyph><Glyph ID="char_59" CONTENT="א" GC="1.0"><Shape><Polygon POINTS="1921 1457 1886 1672 1945 1682 1979 1467"/></Shape></Glyph><Glyph ID="char_60" CONTENT="נ" GC="1.0"><Shape><Polygon POINTS="1877 1451 1843 1665 1886 1672 1921 1457"/></Shape></Glyph><Glyph ID="char_61" CONTENT="ח" GC="1.0"><Shape><Polygon POINTS="1804 1439 1770 1653 1843 1665 1877 1451"/></Shape></Glyph><Glyph ID="char_62" CONTENT="ה" GC="1.0"><Shape><Polygon POINTS="1760 1432 1725 1646 1770 1653 1804 1439"/></Shape></Glyph><Glyph ID="char_63" CONTENT=" " GC="1.0"><Shape><Polygon POINTS="1716 1425 1682 1639 1725 1646 1760 1432"/></Shape></Glyph><Glyph ID="char_64" CONTENT="ב" GC="1.0"><Shape><Polygon POINTS="1688 1421 1653 1635 1682 1639 1716 1425"/></Shape></Glyph><Glyph ID="char_65" CONTENT="כ" GC="1.0"><Shape><Polygon POINTS="1643 1414 1609 1627 1653 1635 1688 1421"/></Shape></Glyph><Glyph ID="char_66" CONTENT="נ" GC="1.0"><Shape><Polygon POINTS="1466 1405 1458 1624 1609 1627 1643 1414"/></Shape></Glyph><Glyph ID="char_67" CONTENT="ו" GC="1.0"><Shape><Polygon POINTS="1318 1400 1310 1619 1458 1624 1466 1405"/></Shape></Glyph><Glyph ID="char_68" CONTENT=" " GC="1.0"><Shape><Polygon POINTS="1245 1398 1237 1616 1310 1619 1318 1400"/></Shape></Glyph><Glyph ID="char_69" CONTENT="ל" GC="1.0"><Shape><Polygon POINTS="1193 1394 1173 1612 1237 1616 1245 1398"/></Shape></Glyph><Glyph ID="char_70" CONTENT="כ" GC="1.0"><Shape><Polygon POINTS="1148 1390 1128 1608 1173 1612 1193 1394"/></Shape></Glyph><Glyph ID="char_71" CONTENT="ו" GC="1.0"><Shape><Polygon POINTS="1119 1387 1100 1606 1128 1608 1148 1390"/></Shape></Glyph><Glyph ID="char_72" CONTENT="ל" GC="1.0"><Shape><Polygon POINTS="1075 1383 1056 1602 1100 1606 1119 1387"/></Shape></Glyph><Glyph ID="char_73" CONTENT=" " GC="1.0"><Shape><Polygon POINTS="1030 1379 1011 1598 1056 1602 1075 1383"/></Shape></Glyph><Glyph ID="char_74" CONTENT="א" GC="1.0"><Shape><Polygon POINTS="968 1375 955 1594 1011 1598 1030 1379"/></Shape></Glyph><Glyph ID="char_75" CONTENT="ב" GC="1.0"><Shape><Polygon POINTS="894 1371 881 1590 955 1594 968 1375"/></Shape></Glyph><Glyph ID="char_76" CONTENT=" " GC="1.0"><Shape><Polygon POINTS="842 1500 885 1502"/></Shape></Glyph></String>
          </TextLine>

          
          
          <TextLine ID="eSc_line_1785195" BASELINE="1310 1731 1427 1738 1776 1792 1837 1797 1903 1792" HPOS="1304.0" VPOS="1599.0" WIDTH="605.0" HEIGHT="285.0">
            <Shape><Polygon POINTS="1317 1599 1434 1606 1796 1662 1847 1666 1893 1660 1909 1879 1829 1884 1762 1878 1421 1825 1304 1818"/></Shape>
	    <String CONTENT=" ישועות ונב " HPOS="1304.0" VPOS="1599.0" WIDTH="605.0" HEIGHT="285.0"><Glyph ID="char_77" CONTENT=" " GC="1.0"><Shape><Polygon POINTS="1808 1663 1790 1881 1864 1882 1848 1666"/></Shape></Glyph><Glyph ID="char_78" CONTENT="י" GC="1.0"><Shape><Polygon POINTS="1773 1658 1740 1875 1790 1881 1808 1663"/></Shape></Glyph><Glyph ID="char_79" CONTENT="ש" GC="1.0"><Shape><Polygon POINTS="1715 1649 1681 1865 1740 1875 1773 1658"/></Shape></Glyph><Glyph ID="char_80" CONTENT="ו" GC="1.0"><Shape><Polygon POINTS="1655 1640 1622 1856 1681 1865 1715 1649"/></Shape></Glyph><Glyph ID="char_81" CONTENT="ע" GC="1.0"><Shape><Polygon POINTS="1611 1633 1577 1849 1622 1856 1655 1640"/></Shape></Glyph><Glyph ID="char_82" CONTENT="ו" GC="1.0"><Shape><Polygon POINTS="1566 1626 1533 1842 1577 1849 1611 1633"/></Shape></Glyph><Glyph ID="char_83" CONTENT="ת" GC="1.0"><Shape><Polygon POINTS="1508 1617 1475 1833 1533 1842 1566 1626"/></Shape></Glyph><Glyph ID="char_84" CONTENT=" " GC="1.0"><Shape><Polygon POINTS="1464 1611 1430 1826 1475 1833 1508 1617"/></Shape></Glyph><Glyph ID="char_85" CONTENT="ו" GC="1.0"><Shape><Polygon POINTS="1423 1605 1408 1824 1430 1826 1464 1611"/></Shape></Glyph><Glyph ID="char_86" CONTENT="נ" GC="1.0"><Shape><Polygon POINTS="1378 1603 1363 1822 1408 1824 1423 1605"/></Shape></Glyph><Glyph ID="char_87" CONTENT="ב" GC="1.0"><Shape><Polygon POINTS="1333 1600 1318 1819 1363 1822 1378 1603"/></Shape></Glyph><Glyph ID="char_88" CONTENT=" " GC="1.0"><Shape><Polygon POINTS="1309 1730 1323 1731"/></Shape></Glyph></String>
          </TextLine>

          
          
          <TextLine ID="eSc_line_1785194" BASELINE="1479 1966 2009 1975" HPOS="1477.0" VPOS="1834.0" WIDTH="534.0" HEIGHT="228.0">
            <Shape><Polygon POINTS="1481 1834 2011 1843 2007 2062 1477 2053"/></Shape>
	    <String CONTENT=" כולמה לל " HPOS="1477.0" VPOS="1834.0" WIDTH="534.0" HEIGHT="228.0"><Glyph ID="char_89" CONTENT=" " GC="1.0"><Shape><Polygon POINTS="1878 1841 1874 2060 1963 2061 1967 1842"/></Shape></Glyph><Glyph ID="char_90" CONTENT="כ" GC="1.0"><Shape><Polygon POINTS="1849 1840 1845 2059 1874 2060 1878 1841"/></Shape></Glyph><Glyph ID="char_91" CONTENT="ו" GC="1.0"><Shape><Polygon POINTS="1819 1840 1815 2059 1845 2059 1849 1840"/></Shape></Glyph><Glyph ID="char_92" CONTENT="ל" GC="1.0"><Shape><Polygon POINTS="1775 1839 1771 2058 1815 2059 1819 1840"/></Shape></Glyph><Glyph ID="char_93" CONTENT="מ" GC="1.0"><Shape><Polygon POINTS="1731 1838 1727 2057 1771 2058 1775 1839"/></Shape></Glyph><Glyph ID="char_94" CONTENT="ה" GC="1.0"><Shape><Polygon POINTS="1672 1837 1668 2056 1727 2057 1731 1838"/></Shape></Glyph><Glyph ID="char_95" CONTENT=" " GC="1.0"><Shape><Polygon POINTS="1598 1836 1594 2055 1668 2056 1672 1837"/></Shape></Glyph><Glyph ID="char_96" CONTENT="ל" GC="1.0"><Shape><Polygon POINTS="1539 1835 1535 2054 1594 2055 1598 1836"/></Shape></Glyph><Glyph ID="char_97" CONTENT="ל" GC="1.0"><Shape><Polygon POINTS="1510 1835 1506 2053 1535 2054 1539 1835"/></Shape></Glyph><Glyph ID="char_98" CONTENT=" " GC="1.0"><Shape><Polygon POINTS="1478 1965 1507 1965"/></Shape></Glyph></String>
          </TextLine>

          
          
          <TextLine ID="eSc_line_1785287" BASELINE="1563 2103 1889 2157" HPOS="1548.0" VPOS="1973.0" WIDTH="362.0" HEIGHT="270.0">
            <Shape><Polygon POINTS="1584 1973 1910 2027 1874 2243 1548 2189"/></Shape>
	    <String CONTENT=" " HPOS="1548.0" VPOS="1973.0" WIDTH="362.0" HEIGHT="270.0"><Glyph ID="char_99" CONTENT=" " GC="1.0"><Shape><Polygon POINTS="1644 1983 1608 2199 1785 2228 1821 2012"/></Shape></Glyph></String>
          </TextLine>

          
        </TextBlock>
        

        
      </PrintSpace>
    </Page>
  </Layout>
</alto>