<?xml version='1.0' encoding='UTF-8'?>
<alto xmlns:xsi="http://www.w3.org/2001/XMLSchema-instance" xmlns="http://www.loc.gov/standards/alto/ns-v4#" xsi:schemaLocation="http://www.loc.gov/standards/alto/ns-v4# http://www.loc.gov/standards/alto/v4/alto-4-2.xsd">
  <Description>
    <MeasurementUnit>pixel</MeasurementUnit>
    <sourceImageInformation>
      <fileName>124-Fg004-R-C01-R01-D10112011-T105711-LR924_012_F.jpg</fileName>
      
    </sourceImageInformation>
  </Description>
  
  <Tags>
    <OtherTag ID="BT1443" LABEL="Parchment_or_papyrus" DESCRIPTION="block type Parchment_or_papyrus"/><OtherTag ID="BT2" LABEL="Main" DESCRIPTION="block type Main"/>
    
  </Tags>
  
  <Layout>
    <Page WIDTH="3608" HEIGHT="2706" PHYSICAL_IMG_NR="427" ID="eSc_dummypage_">
      <PrintSpace HPOS="0" VPOS="0" WIDTH="3608" HEIGHT="2706">
        
        <TextBlock HPOS="748.0" VPOS="746.0" WIDTH="2757.0" HEIGHT="1451.0" ID="eSc_textblock_b86dcf9b" TAGREFS="BT2">
          <Shape><Polygon POINTS="3505 746 3505 2197 748 2197 748 746"/></Shape>
          
          
          <TextLine ID="eSc_line_1785212" BASELINE="2417 816 2482 805 2597 816 2726 809" HPOS="2402.0" VPOS="721.0" WIDTH="327.0" HEIGHT="151.0">
            <Shape><Polygon POINTS="2402 732 2467 721 2605 731 2721 724 2729 865 2591 872 2491 860 2426 871"/></Shape>
	    <String CONTENT=" ת כיא " HPOS="2402.0" VPOS="721.0" WIDTH="327.0" HEIGHT="151.0"><Glyph ID="char_0" CONTENT=" " GC="1.0"><Shape><Polygon POINTS="2636 729 2644 869 2700 866 2693 726"/></Shape></Glyph><Glyph ID="char_1" CONTENT="ת" GC="1.0"><Shape><Polygon POINTS="2608 731 2616 871 2644 869 2636 729"/></Shape></Glyph><Glyph ID="char_2" CONTENT=" " GC="1.0"><Shape><Polygon POINTS="2593 730 2579 871 2616 871 2608 731"/></Shape></Glyph><Glyph ID="char_3" CONTENT="כ" GC="1.0"><Shape><Polygon POINTS="2555 727 2542 866 2579 871 2593 730"/></Shape></Glyph><Glyph ID="char_4" CONTENT="י" GC="1.0"><Shape><Polygon POINTS="2508 724 2495 860 2542 866 2555 727"/></Shape></Glyph><Glyph ID="char_5" CONTENT="א" GC="1.0"><Shape><Polygon POINTS="2458 722 2481 862 2495 860 2508 724"/></Shape></Glyph><Glyph ID="char_6" CONTENT=" " GC="1.0"><Shape><Polygon POINTS="2421 729 2444 868 2481 862 2458 722"/></Shape></Glyph></String>
          </TextLine>

          
          
          <TextLine ID="eSc_line_1785214" BASELINE="1555 935 1921 958 2045 958 2146 951 2230 951 2572 969 2796 958 2897 960 2990 949" HPOS="1551.0" VPOS="850.0" WIDTH="1445.0" HEIGHT="175.0">
            <Shape><Polygon POINTS="1560 850 1926 873 2045 873 2140 866 2230 866 2576 884 2791 873 2898 875 2980 864 2996 1005 2895 1016 2798 1014 2569 1025 2230 1007 2149 1007 2045 1014 1917 1014 1551 991"/></Shape>
	    <String CONTENT=" האל הלנאאמן שו ר ברית חסד לאה " HPOS="1551.0" VPOS="850.0" WIDTH="1445.0" HEIGHT="175.0"><Glyph ID="char_7" CONTENT=" " GC="1.0"><Shape><Polygon POINTS="2889 875 2906 1015 2962 1009 2946 869"/></Shape></Glyph><Glyph ID="char_8" CONTENT="ה" GC="1.0"><Shape><Polygon POINTS="2863 874 2860 1015 2906 1015 2889 875"/></Shape></Glyph><Glyph ID="char_9" CONTENT="א" GC="1.0"><Shape><Polygon POINTS="2825 874 2822 1014 2860 1015 2863 874"/></Shape></Glyph><Glyph ID="char_10" CONTENT="ל" GC="1.0"><Shape><Polygon POINTS="2790 873 2797 1014 2822 1014 2825 874"/></Shape></Glyph><Glyph ID="char_11" CONTENT=" " GC="1.0"><Shape><Polygon POINTS="2762 874 2769 1015 2797 1014 2790 873"/></Shape></Glyph><Glyph ID="char_12" CONTENT="ה" GC="1.0"><Shape><Polygon POINTS="2714 877 2721 1018 2769 1015 2762 874"/></Shape></Glyph><Glyph ID="char_13" CONTENT="ל" GC="1.0"><Shape><Polygon POINTS="2677 879 2684 1019 2721 1018 2714 877"/></Shape></Glyph><Glyph ID="char_14" CONTENT="נ" GC="1.0"><Shape><Polygon POINTS="2667 879 2674 1020 2684 1019 2677 879"/></Shape></Glyph><Glyph ID="char_15" CONTENT="א" GC="1.0"><Shape><Polygon POINTS="2658 880 2665 1020 2674 1020 2667 879"/></Shape></Glyph><Glyph ID="char_16" CONTENT="א" GC="1.0"><Shape><Polygon POINTS="2639 881 2646 1021 2665 1020 2658 880"/></Shape></Glyph><Glyph ID="char_17" CONTENT="מ" GC="1.0"><Shape><Polygon POINTS="2620 882 2627 1022 2646 1021 2639 881"/></Shape></Glyph><Glyph ID="char_18" CONTENT="ן" GC="1.0"><Shape><Polygon POINTS="2591 883 2598 1024 2627 1022 2620 882"/></Shape></Glyph><Glyph ID="char_19" CONTENT=" " GC="1.0"><Shape><Polygon POINTS="2572 884 2579 1025 2598 1024 2591 883"/></Shape></Glyph><Glyph ID="char_20" CONTENT="ש" GC="1.0"><Shape><Polygon POINTS="2534 882 2527 1023 2579 1025 2572 884"/></Shape></Glyph><Glyph ID="char_21" CONTENT="ו" GC="1.0"><Shape><Polygon POINTS="2496 880 2489 1021 2527 1023 2534 882"/></Shape></Glyph><Glyph ID="char_22" CONTENT=" " GC="1.0"><Shape><Polygon POINTS="2458 878 2451 1019 2489 1021 2496 880"/></Shape></Glyph><Glyph ID="char_23" CONTENT="ר" GC="1.0"><Shape><Polygon POINTS="2420 876 2413 1017 2451 1019 2458 878"/></Shape></Glyph><Glyph ID="char_24" CONTENT=" " GC="1.0"><Shape><Polygon POINTS="2363 873 2356 1014 2413 1017 2420 876"/></Shape></Glyph><Glyph ID="char_25" CONTENT="ב" GC="1.0"><Shape><Polygon POINTS="2297 870 2290 1010 2356 1014 2363 873"/></Shape></Glyph><Glyph ID="char_26" CONTENT="ר" GC="1.0"><Shape><Polygon POINTS="2226 866 2226 1007 2290 1010 2297 870"/></Shape></Glyph><Glyph ID="char_27" CONTENT="י" GC="1.0"><Shape><Polygon POINTS="2160 866 2160 1007 2226 1007 2226 866"/></Shape></Glyph><Glyph ID="char_28" CONTENT="ת" GC="1.0"><Shape><Polygon POINTS="2125 867 2135 1008 2160 1007 2160 866"/></Shape></Glyph><Glyph ID="char_29" CONTENT=" " GC="1.0"><Shape><Polygon POINTS="2040 873 2050 1014 2135 1008 2125 867"/></Shape></Glyph><Glyph ID="char_30" CONTENT="ח" GC="1.0"><Shape><Polygon POINTS="1951 873 1951 1014 2050 1014 2040 873"/></Shape></Glyph><Glyph ID="char_31" CONTENT="ס" GC="1.0"><Shape><Polygon POINTS="1891 871 1882 1012 1951 1014 1951 873"/></Shape></Glyph><Glyph ID="char_32" CONTENT="ד" GC="1.0"><Shape><Polygon POINTS="1844 868 1835 1009 1882 1012 1891 871"/></Shape></Glyph><Glyph ID="char_33" CONTENT=" " GC="1.0"><Shape><Polygon POINTS="1815 866 1806 1007 1835 1009 1844 868"/></Shape></Glyph><Glyph ID="char_34" CONTENT="ל" GC="1.0"><Shape><Polygon POINTS="1777 864 1768 1005 1806 1007 1815 866"/></Shape></Glyph><Glyph ID="char_35" CONTENT="א" GC="1.0"><Shape><Polygon POINTS="1711 860 1702 1000 1768 1005 1777 864"/></Shape></Glyph><Glyph ID="char_36" CONTENT="ה" GC="1.0"><Shape><Polygon POINTS="1663 856 1654 997 1702 1000 1711 860"/></Shape></Glyph><Glyph ID="char_37" CONTENT=" " GC="1.0"><Shape><Polygon POINTS="1597 852 1588 993 1654 997 1663 856"/></Shape></Glyph></String>
          </TextLine>

          
          
          <TextLine ID="eSc_line_1785225" BASELINE="874 1163 1032 1145 1436 1125 1639 1107 1729 1104 1898 1113 2065 1107 2205 1107 2518 1122 2609 1122 2778 1111 2850 1111 2992 1120 3060 1120" HPOS="864.0" VPOS="1019.0" WIDTH="2196.0" HEIGHT="200.0">
            <Shape><Polygon POINTS="864 1078 1022 1060 1431 1040 1631 1022 1726 1019 1902 1028 2061 1022 2205 1022 2522 1037 2609 1037 2772 1026 2850 1026 2997 1035 3060 1035 3060 1176 2988 1176 2850 1167 2781 1167 2609 1178 2515 1178 2205 1163 2067 1163 1895 1169 1730 1160 1643 1163 1438 1181 1038 1201 880 1219"/></Shape>
	    <String CONTENT=" אל מושה אל תעזוב עמך לתך ואל ללכת איש בשרירות לבו" HPOS="864.0" VPOS="1019.0" WIDTH="2196.0" HEIGHT="200.0"><Glyph ID="char_38" CONTENT=" " GC="1.0"><Shape><Polygon POINTS="3021 1035 3021 1176 3058 1176 3058 1035"/></Shape></Glyph><Glyph ID="char_39" CONTENT="א" GC="1.0"><Shape><Polygon POINTS="2980 1034 2971 1175 3021 1176 3021 1035"/></Shape></Glyph><Glyph ID="char_40" CONTENT="ל" GC="1.0"><Shape><Polygon POINTS="2951 1032 2942 1173 2971 1175 2980 1034"/></Shape></Glyph><Glyph ID="char_41" CONTENT=" " GC="1.0"><Shape><Polygon POINTS="2904 1029 2895 1170 2942 1173 2951 1032"/></Shape></Glyph><Glyph ID="char_42" CONTENT="מ" GC="1.0"><Shape><Polygon POINTS="2866 1027 2857 1167 2895 1170 2904 1029"/></Shape></Glyph><Glyph ID="char_43" CONTENT="ו" GC="1.0"><Shape><Polygon POINTS="2832 1026 2832 1167 2857 1167 2866 1027"/></Shape></Glyph><Glyph ID="char_44" CONTENT="ש" GC="1.0"><Shape><Polygon POINTS="2770 1026 2779 1167 2832 1167 2832 1026"/></Shape></Glyph><Glyph ID="char_45" CONTENT="ה" GC="1.0"><Shape><Polygon POINTS="2713 1030 2722 1171 2779 1167 2770 1026"/></Shape></Glyph><Glyph ID="char_46" CONTENT=" " GC="1.0"><Shape><Polygon POINTS="2675 1033 2684 1173 2722 1171 2713 1030"/></Shape></Glyph><Glyph ID="char_47" CONTENT="א" GC="1.0"><Shape><Polygon POINTS="2608 1037 2618 1177 2684 1173 2675 1033"/></Shape></Glyph><Glyph ID="char_48" CONTENT="ל" GC="1.0"><Shape><Polygon POINTS="2567 1037 2567 1178 2618 1177 2608 1037"/></Shape></Glyph><Glyph ID="char_49" CONTENT=" " GC="1.0"><Shape><Polygon POINTS="2539 1037 2539 1178 2567 1178 2567 1037"/></Shape></Glyph><Glyph ID="char_50" CONTENT="ת" GC="1.0"><Shape><Polygon POINTS="2495 1036 2488 1177 2539 1178 2539 1037"/></Shape></Glyph><Glyph ID="char_51" CONTENT="ע" GC="1.0"><Shape><Polygon POINTS="2438 1033 2431 1174 2488 1177 2495 1036"/></Shape></Glyph><Glyph ID="char_52" CONTENT="ז" GC="1.0"><Shape><Polygon POINTS="2400 1031 2393 1172 2431 1174 2438 1033"/></Shape></Glyph><Glyph ID="char_53" CONTENT="ו" GC="1.0"><Shape><Polygon POINTS="2362 1029 2355 1170 2393 1172 2400 1031"/></Shape></Glyph><Glyph ID="char_54" CONTENT="ב" GC="1.0"><Shape><Polygon POINTS="2325 1028 2318 1168 2355 1170 2362 1029"/></Shape></Glyph><Glyph ID="char_55" CONTENT=" " GC="1.0"><Shape><Polygon POINTS="2296 1026 2290 1167 2318 1168 2325 1028"/></Shape></Glyph><Glyph ID="char_56" CONTENT="ע" GC="1.0"><Shape><Polygon POINTS="2239 1024 2233 1164 2290 1167 2296 1026"/></Shape></Glyph><Glyph ID="char_57" CONTENT="מ" GC="1.0"><Shape><Polygon POINTS="2159 1022 2159 1163 2233 1164 2239 1024"/></Shape></Glyph><Glyph ID="char_58" CONTENT="ך" GC="1.0"><Shape><Polygon POINTS="2121 1022 2121 1163 2159 1163 2159 1022"/></Shape></Glyph><Glyph ID="char_59" CONTENT=" " GC="1.0"><Shape><Polygon POINTS="2052 1022 2057 1163 2121 1163 2121 1022"/></Shape></Glyph><Glyph ID="char_60" CONTENT="ל" GC="1.0"><Shape><Polygon POINTS="1995 1024 2000 1165 2057 1163 2052 1022"/></Shape></Glyph><Glyph ID="char_61" CONTENT="ת" GC="1.0"><Shape><Polygon POINTS="1938 1027 1943 1167 2000 1165 1995 1024"/></Shape></Glyph><Glyph ID="char_62" CONTENT="ך" GC="1.0"><Shape><Polygon POINTS="1880 1027 1872 1168 1943 1167 1938 1027"/></Shape></Glyph><Glyph ID="char_63" CONTENT=" " GC="1.0"><Shape><Polygon POINTS="1851 1025 1843 1166 1872 1168 1880 1027"/></Shape></Glyph><Glyph ID="char_64" CONTENT="ו" GC="1.0"><Shape><Polygon POINTS="1814 1024 1807 1164 1843 1166 1851 1025"/></Shape></Glyph><Glyph ID="char_65" CONTENT="א" GC="1.0"><Shape><Polygon POINTS="1747 1020 1740 1161 1807 1164 1814 1024"/></Shape></Glyph><Glyph ID="char_66" CONTENT="ל" GC="1.0"><Shape><Polygon POINTS="1693 1020 1698 1161 1740 1161 1747 1020"/></Shape></Glyph><Glyph ID="char_67" CONTENT=" " GC="1.0"><Shape><Polygon POINTS="1683 1020 1688 1161 1698 1161 1693 1020"/></Shape></Glyph><Glyph ID="char_68" CONTENT="ל" GC="1.0"><Shape><Polygon POINTS="1674 1021 1679 1162 1688 1161 1683 1020"/></Shape></Glyph><Glyph ID="char_69" CONTENT="ל" GC="1.0"><Shape><Polygon POINTS="1655 1021 1660 1162 1679 1162 1674 1021"/></Shape></Glyph><Glyph ID="char_70" CONTENT="כ" GC="1.0"><Shape><Polygon POINTS="1602 1025 1615 1165 1660 1162 1655 1021"/></Shape></Glyph><Glyph ID="char_71" CONTENT="ת" GC="1.0"><Shape><Polygon POINTS="1555 1029 1568 1170 1615 1165 1602 1025"/></Shape></Glyph><Glyph ID="char_72" CONTENT=" " GC="1.0"><Shape><Polygon POINTS="1509 1033 1521 1174 1568 1170 1555 1029"/></Shape></Glyph><Glyph ID="char_73" CONTENT="א" GC="1.0"><Shape><Polygon POINTS="1452 1038 1464 1179 1521 1174 1509 1033"/></Shape></Glyph><Glyph ID="char_74" CONTENT="י" GC="1.0"><Shape><Polygon POINTS="1407 1041 1414 1182 1464 1179 1452 1038"/></Shape></Glyph><Glyph ID="char_75" CONTENT="ש" GC="1.0"><Shape><Polygon POINTS="1360 1043 1367 1185 1414 1182 1407 1041"/></Shape></Glyph><Glyph ID="char_76" CONTENT=" " GC="1.0"><Shape><Polygon POINTS="1313 1046 1320 1187 1367 1185 1360 1043"/></Shape></Glyph><Glyph ID="char_77" CONTENT="ב" GC="1.0"><Shape><Polygon POINTS="1265 1048 1272 1189 1320 1187 1313 1046"/></Shape></Glyph><Glyph ID="char_78" CONTENT="ש" GC="1.0"><Shape><Polygon POINTS="1200 1051 1207 1193 1272 1189 1265 1048"/></Shape></Glyph><Glyph ID="char_79" CONTENT="ר" GC="1.0"><Shape><Polygon POINTS="1133 1055 1140 1196 1207 1193 1200 1051"/></Shape></Glyph><Glyph ID="char_80" CONTENT="י" GC="1.0"><Shape><Polygon POINTS="1096 1056 1103 1198 1140 1196 1133 1055"/></Shape></Glyph><Glyph ID="char_81" CONTENT="ר" GC="1.0"><Shape><Polygon POINTS="1048 1059 1055 1200 1103 1198 1096 1056"/></Shape></Glyph><Glyph ID="char_82" CONTENT="ו" GC="1.0"><Shape><Polygon POINTS="996 1063 1011 1204 1055 1200 1048 1059"/></Shape></Glyph><Glyph ID="char_83" CONTENT="ת" GC="1.0"><Shape><Polygon POINTS="948 1068 964 1209 1011 1204 996 1063"/></Shape></Glyph><Glyph ID="char_84" CONTENT=" " GC="1.0"><Shape><Polygon POINTS="920 1072 936 1213 964 1209 948 1068"/></Shape></Glyph><Glyph ID="char_85" CONTENT="ל" GC="1.0"><Shape><Polygon POINTS="901 1074 917 1215 936 1213 920 1072"/></Shape></Glyph><Glyph ID="char_86" CONTENT="ב" GC="1.0"><Shape><Polygon POINTS="873 1077 889 1218 917 1215 901 1074"/></Shape></Glyph><Glyph ID="char_87" CONTENT="ו" GC="1.0"><Shape><Polygon POINTS="873 1163 882 1161"/></Shape></Glyph></String>
          </TextLine>

          
          
          <TextLine ID="eSc_line_1785216" BASELINE="886 1256 1120 1267 1337 1267 1510 1256 1698 1237 1749 1237 1882 1256 2004 1265 2203 1267 2340 1276 2523 1278 2667 1274 2854 1280 3177 1285" HPOS="883.0" VPOS="1152.0" WIDTH="2295.0" HEIGHT="189.0">
            <Shape><Polygon POINTS="889 1171 1123 1182 1337 1182 1504 1171 1689 1152 1749 1152 1893 1172 2010 1180 2203 1182 2345 1191 2523 1193 2664 1189 2856 1195 3178 1200 3176 1341 2852 1336 2668 1330 2522 1334 2336 1332 2202 1323 1999 1321 1874 1311 1749 1293 1703 1293 1513 1312 1337 1323 1117 1323 883 1312"/></Shape>
	    <String CONTENT=" ע רצונך אלוהי ה הוא ותע ב עמך ונחלתך ואל ללכת איש" HPOS="883.0" VPOS="1152.0" WIDTH="2295.0" HEIGHT="189.0"><Glyph ID="char_88" CONTENT=" " GC="1.0"><Shape><Polygon POINTS="3074 1198 3071 1339 3137 1340 3140 1199"/></Shape></Glyph><Glyph ID="char_89" CONTENT="ע" GC="1.0"><Shape><Polygon POINTS="3045 1198 3042 1339 3071 1339 3074 1198"/></Shape></Glyph><Glyph ID="char_90" CONTENT=" " GC="1.0"><Shape><Polygon POINTS="3007 1197 3004 1338 3042 1339 3045 1198"/></Shape></Glyph><Glyph ID="char_91" CONTENT="ר" GC="1.0"><Shape><Polygon POINTS="2941 1196 2938 1337 3004 1338 3007 1197"/></Shape></Glyph><Glyph ID="char_92" CONTENT="צ" GC="1.0"><Shape><Polygon POINTS="2893 1196 2890 1337 2938 1337 2941 1196"/></Shape></Glyph><Glyph ID="char_93" CONTENT="ו" GC="1.0"><Shape><Polygon POINTS="2865 1195 2862 1336 2890 1337 2893 1196"/></Shape></Glyph><Glyph ID="char_94" CONTENT="נ" GC="1.0"><Shape><Polygon POINTS="2828 1194 2823 1335 2862 1336 2865 1195"/></Shape></Glyph><Glyph ID="char_95" CONTENT="ך" GC="1.0"><Shape><Polygon POINTS="2790 1193 2785 1334 2823 1335 2828 1194"/></Shape></Glyph><Glyph ID="char_96" CONTENT=" " GC="1.0"><Shape><Polygon POINTS="2752 1192 2747 1333 2785 1334 2790 1193"/></Shape></Glyph><Glyph ID="char_97" CONTENT="א" GC="1.0"><Shape><Polygon POINTS="2705 1190 2701 1331 2747 1333 2752 1192"/></Shape></Glyph><Glyph ID="char_98" CONTENT="ל" GC="1.0"><Shape><Polygon POINTS="2676 1189 2672 1330 2701 1331 2705 1190"/></Shape></Glyph><Glyph ID="char_99" CONTENT="ו" GC="1.0"><Shape><Polygon POINTS="2633 1190 2637 1331 2672 1330 2676 1189"/></Shape></Glyph><Glyph ID="char_100" CONTENT="ה" GC="1.0"><Shape><Polygon POINTS="2595 1191 2599 1332 2637 1331 2633 1190"/></Shape></Glyph><Glyph ID="char_101" CONTENT="י" GC="1.0"><Shape><Polygon POINTS="2567 1192 2571 1333 2599 1332 2595 1191"/></Shape></Glyph><Glyph ID="char_102" CONTENT=" " GC="1.0"><Shape><Polygon POINTS="2494 1193 2493 1334 2571 1333 2567 1192"/></Shape></Glyph><Glyph ID="char_103" CONTENT="ה" GC="1.0"><Shape><Polygon POINTS="2428 1192 2427 1333 2493 1334 2494 1193"/></Shape></Glyph><Glyph ID="char_104" CONTENT=" " GC="1.0"><Shape><Polygon POINTS="2380 1191 2379 1332 2427 1333 2428 1192"/></Shape></Glyph><Glyph ID="char_105" CONTENT="ה" GC="1.0"><Shape><Polygon POINTS="2319 1189 2310 1330 2379 1332 2380 1191"/></Shape></Glyph><Glyph ID="char_106" CONTENT="ו" GC="1.0"><Shape><Polygon POINTS="2291 1188 2282 1328 2310 1330 2319 1189"/></Shape></Glyph><Glyph ID="char_107" CONTENT="א" GC="1.0"><Shape><Polygon POINTS="2272 1186 2263 1327 2282 1328 2291 1188"/></Shape></Glyph><Glyph ID="char_108" CONTENT=" " GC="1.0"><Shape><Polygon POINTS="2253 1185 2244 1326 2263 1327 2272 1186"/></Shape></Glyph><Glyph ID="char_109" CONTENT="ו" GC="1.0"><Shape><Polygon POINTS="2215 1183 2206 1323 2244 1326 2253 1185"/></Shape></Glyph><Glyph ID="char_110" CONTENT="ת" GC="1.0"><Shape><Polygon POINTS="2144 1181 2142 1322 2206 1323 2215 1183"/></Shape></Glyph><Glyph ID="char_111" CONTENT="ע" GC="1.0"><Shape><Polygon POINTS="2087 1181 2085 1322 2142 1322 2144 1181"/></Shape></Glyph><Glyph ID="char_112" CONTENT=" " GC="1.0"><Shape><Polygon POINTS="2040 1180 2038 1321 2085 1322 2087 1181"/></Shape></Glyph><Glyph ID="char_113" CONTENT="ב" GC="1.0"><Shape><Polygon POINTS="2007 1180 1997 1321 2038 1321 2040 1180"/></Shape></Glyph><Glyph ID="char_114" CONTENT=" " GC="1.0"><Shape><Polygon POINTS="1979 1178 1969 1319 1997 1321 2007 1180"/></Shape></Glyph><Glyph ID="char_115" CONTENT="ע" GC="1.0"><Shape><Polygon POINTS="1922 1174 1912 1314 1969 1319 1979 1178"/></Shape></Glyph><Glyph ID="char_116" CONTENT="מ" GC="1.0"><Shape><Polygon POINTS="1843 1165 1823 1304 1912 1314 1922 1174"/></Shape></Glyph><Glyph ID="char_117" CONTENT="ך" GC="1.0"><Shape><Polygon POINTS="1786 1157 1766 1295 1823 1304 1843 1165"/></Shape></Glyph><Glyph ID="char_118" CONTENT=" " GC="1.0"><Shape><Polygon POINTS="1746 1152 1746 1293 1766 1295 1786 1157"/></Shape></Glyph><Glyph ID="char_119" CONTENT="ו" GC="1.0"><Shape><Polygon POINTS="1708 1152 1708 1293 1746 1293 1746 1152"/></Shape></Glyph><Glyph ID="char_120" CONTENT="נ" GC="1.0"><Shape><Polygon POINTS="1672 1154 1686 1295 1708 1293 1708 1152"/></Shape></Glyph><Glyph ID="char_121" CONTENT="ח" GC="1.0"><Shape><Polygon POINTS="1634 1158 1648 1298 1686 1295 1672 1154"/></Shape></Glyph><Glyph ID="char_122" CONTENT="ל" GC="1.0"><Shape><Polygon POINTS="1586 1163 1601 1303 1648 1298 1634 1158"/></Shape></Glyph><Glyph ID="char_123" CONTENT="ת" GC="1.0"><Shape><Polygon POINTS="1558 1165 1573 1306 1601 1303 1586 1163"/></Shape></Glyph><Glyph ID="char_124" CONTENT="ך" GC="1.0"><Shape><Polygon POINTS="1540 1167 1554 1308 1573 1306 1558 1165"/></Shape></Glyph><Glyph ID="char_125" CONTENT=" " GC="1.0"><Shape><Polygon POINTS="1495 1172 1504 1313 1554 1308 1540 1167"/></Shape></Glyph><Glyph ID="char_126" CONTENT="ו" GC="1.0"><Shape><Polygon POINTS="1420 1177 1429 1317 1504 1313 1495 1172"/></Shape></Glyph><Glyph ID="char_127" CONTENT="א" GC="1.0"><Shape><Polygon POINTS="1372 1180 1381 1320 1429 1317 1420 1177"/></Shape></Glyph><Glyph ID="char_128" CONTENT="ל" GC="1.0"><Shape><Polygon POINTS="1334 1182 1343 1323 1381 1320 1372 1180"/></Shape></Glyph><Glyph ID="char_129" CONTENT=" " GC="1.0"><Shape><Polygon POINTS="1312 1182 1312 1323 1343 1323 1334 1182"/></Shape></Glyph><Glyph ID="char_130" CONTENT="ל" GC="1.0"><Shape><Polygon POINTS="1283 1182 1283 1323 1312 1323 1312 1182"/></Shape></Glyph><Glyph ID="char_131" CONTENT="ל" GC="1.0"><Shape><Polygon POINTS="1245 1182 1245 1323 1283 1323 1283 1182"/></Shape></Glyph><Glyph ID="char_132" CONTENT="כ" GC="1.0"><Shape><Polygon POINTS="1198 1182 1198 1323 1245 1323 1245 1182"/></Shape></Glyph><Glyph ID="char_133" CONTENT="ת" GC="1.0"><Shape><Polygon POINTS="1151 1182 1151 1323 1198 1323 1198 1182"/></Shape></Glyph><Glyph ID="char_134" CONTENT=" " GC="1.0"><Shape><Polygon POINTS="1117 1182 1110 1323 1151 1323 1151 1182"/></Shape></Glyph><Glyph ID="char_135" CONTENT="א" GC="1.0"><Shape><Polygon POINTS="1060 1179 1053 1320 1110 1323 1117 1182"/></Shape></Glyph><Glyph ID="char_136" CONTENT="י" GC="1.0"><Shape><Polygon POINTS="993 1176 986 1317 1053 1320 1060 1179"/></Shape></Glyph><Glyph ID="char_137" CONTENT="ש" GC="1.0"><Shape><Polygon POINTS="908 1172 901 1313 986 1317 993 1176"/></Shape></Glyph></String>
          </TextLine>

          
          
          <TextLine ID="eSc_line_1785217" BASELINE="784 1409 953 1400 1447 1400 1596 1382 1738 1373 1828 1380 1932 1382 2286 1418 2696 1418 2915 1429 3303 1440" HPOS="779.0" VPOS="1288.0" WIDTH="2526.0" HEIGHT="208.0">
            <Shape><Polygon POINTS="779 1324 948 1315 1447 1315 1585 1298 1732 1288 1834 1295 1933 1297 2294 1333 2696 1333 2919 1344 3305 1355 3301 1496 2912 1485 2696 1474 2280 1474 1930 1438 1823 1436 1741 1429 1602 1437 1447 1456 955 1456 786 1465"/></Shape>
	    <String CONTENT="בשררו לבו הרע וא כח ועל מי תאיר פניך ולא יטהרו ויתקדשו" HPOS="779.0" VPOS="1288.0" WIDTH="2526.0" HEIGHT="208.0"><Glyph ID="char_138" CONTENT="ב" GC="1.0"><Shape><Polygon POINTS="3247 1353 3243 1494 3290 1496 3294 1355"/></Shape></Glyph><Glyph ID="char_139" CONTENT="ש" GC="1.0"><Shape><Polygon POINTS="3181 1351 3177 1493 3243 1494 3247 1353"/></Shape></Glyph><Glyph ID="char_140" CONTENT="ר" GC="1.0"><Shape><Polygon POINTS="3124 1350 3120 1491 3177 1493 3181 1351"/></Shape></Glyph><Glyph ID="char_141" CONTENT="ר" GC="1.0"><Shape><Polygon POINTS="3086 1349 3082 1490 3120 1491 3124 1350"/></Shape></Glyph><Glyph ID="char_142" CONTENT="ו" GC="1.0"><Shape><Polygon POINTS="3029 1347 3025 1488 3082 1490 3086 1349"/></Shape></Glyph><Glyph ID="char_143" CONTENT=" " GC="1.0"><Shape><Polygon POINTS="2981 1346 2977 1487 3025 1488 3029 1347"/></Shape></Glyph><Glyph ID="char_144" CONTENT="ל" GC="1.0"><Shape><Polygon POINTS="2934 1344 2930 1486 2977 1487 2981 1346"/></Shape></Glyph><Glyph ID="char_145" CONTENT="ב" GC="1.0"><Shape><Polygon POINTS="2898 1343 2891 1484 2930 1486 2934 1344"/></Shape></Glyph><Glyph ID="char_146" CONTENT="ו" GC="1.0"><Shape><Polygon POINTS="2870 1342 2863 1483 2891 1484 2898 1343"/></Shape></Glyph><Glyph ID="char_147" CONTENT=" " GC="1.0"><Shape><Polygon POINTS="2832 1340 2825 1481 2863 1483 2870 1342"/></Shape></Glyph><Glyph ID="char_148" CONTENT="ה" GC="1.0"><Shape><Polygon POINTS="2784 1337 2777 1478 2825 1481 2832 1340"/></Shape></Glyph><Glyph ID="char_149" CONTENT="ר" GC="1.0"><Shape><Polygon POINTS="2728 1335 2720 1475 2777 1478 2784 1337"/></Shape></Glyph><Glyph ID="char_150" CONTENT="ע" GC="1.0"><Shape><Polygon POINTS="2676 1333 2676 1474 2720 1475 2728 1335"/></Shape></Glyph><Glyph ID="char_151" CONTENT=" " GC="1.0"><Shape><Polygon POINTS="2610 1333 2610 1474 2676 1474 2676 1333"/></Shape></Glyph><Glyph ID="char_152" CONTENT="ו" GC="1.0"><Shape><Polygon POINTS="2553 1333 2553 1474 2610 1474 2610 1333"/></Shape></Glyph><Glyph ID="char_153" CONTENT="א" GC="1.0"><Shape><Polygon POINTS="2477 1333 2477 1474 2553 1474 2553 1333"/></Shape></Glyph><Glyph ID="char_154" CONTENT=" " GC="1.0"><Shape><Polygon POINTS="2401 1333 2401 1474 2477 1474 2477 1333"/></Shape></Glyph><Glyph ID="char_155" CONTENT="כ" GC="1.0"><Shape><Polygon POINTS="2353 1333 2353 1474 2401 1474 2401 1333"/></Shape></Glyph><Glyph ID="char_156" CONTENT="ח" GC="1.0"><Shape><Polygon POINTS="2306 1333 2306 1474 2353 1474 2353 1333"/></Shape></Glyph><Glyph ID="char_157" CONTENT=" " GC="1.0"><Shape><Polygon POINTS="2287 1332 2273 1473 2306 1474 2306 1333"/></Shape></Glyph><Glyph ID="char_158" CONTENT="ו" GC="1.0"><Shape><Polygon POINTS="2249 1329 2235 1469 2273 1473 2287 1332"/></Shape></Glyph><Glyph ID="char_159" CONTENT="ע" GC="1.0"><Shape><Polygon POINTS="2201 1324 2187 1464 2235 1469 2249 1329"/></Shape></Glyph><Glyph ID="char_160" CONTENT="ל" GC="1.0"><Shape><Polygon POINTS="2174 1321 2159 1462 2187 1464 2201 1324"/></Shape></Glyph><Glyph ID="char_161" CONTENT=" " GC="1.0"><Shape><Polygon POINTS="2145 1318 2130 1459 2159 1462 2174 1321"/></Shape></Glyph><Glyph ID="char_162" CONTENT="מ" GC="1.0"><Shape><Polygon POINTS="2098 1313 2084 1454 2130 1459 2145 1318"/></Shape></Glyph><Glyph ID="char_163" CONTENT="י" GC="1.0"><Shape><Polygon POINTS="2041 1308 2027 1448 2084 1454 2098 1313"/></Shape></Glyph><Glyph ID="char_164" CONTENT=" " GC="1.0"><Shape><Polygon POINTS="1994 1303 1980 1443 2027 1448 2041 1308"/></Shape></Glyph><Glyph ID="char_165" CONTENT="ת" GC="1.0"><Shape><Polygon POINTS="1966 1300 1951 1440 1980 1443 1994 1303"/></Shape></Glyph><Glyph ID="char_166" CONTENT="א" GC="1.0"><Shape><Polygon POINTS="1912 1297 1909 1438 1951 1440 1966 1300"/></Shape></Glyph><Glyph ID="char_167" CONTENT="י" GC="1.0"><Shape><Polygon POINTS="1864 1296 1861 1437 1909 1438 1912 1297"/></Shape></Glyph><Glyph ID="char_168" CONTENT="ר" GC="1.0"><Shape><Polygon POINTS="1831 1295 1820 1436 1861 1437 1864 1296"/></Shape></Glyph><Glyph ID="char_169" CONTENT=" " GC="1.0"><Shape><Polygon POINTS="1803 1293 1792 1433 1820 1436 1831 1295"/></Shape></Glyph><Glyph ID="char_170" CONTENT="פ" GC="1.0"><Shape><Polygon POINTS="1765 1290 1754 1430 1792 1433 1803 1293"/></Shape></Glyph><Glyph ID="char_171" CONTENT="נ" GC="1.0"><Shape><Polygon POINTS="1687 1291 1696 1432 1754 1430 1765 1290"/></Shape></Glyph><Glyph ID="char_172" CONTENT="י" GC="1.0"><Shape><Polygon POINTS="1620 1296 1629 1435 1696 1432 1687 1291"/></Shape></Glyph><Glyph ID="char_173" CONTENT="ך" GC="1.0"><Shape><Polygon POINTS="1569 1300 1585 1439 1629 1435 1620 1296"/></Shape></Glyph><Glyph ID="char_174" CONTENT=" " GC="1.0"><Shape><Polygon POINTS="1550 1302 1567 1441 1585 1439 1569 1300"/></Shape></Glyph><Glyph ID="char_175" CONTENT="ו" GC="1.0"><Shape><Polygon POINTS="1531 1305 1548 1444 1567 1441 1550 1302"/></Shape></Glyph><Glyph ID="char_176" CONTENT="ל" GC="1.0"><Shape><Polygon POINTS="1512 1307 1529 1446 1548 1444 1531 1305"/></Shape></Glyph><Glyph ID="char_177" CONTENT="א" GC="1.0"><Shape><Polygon POINTS="1493 1309 1510 1448 1529 1446 1512 1307"/></Shape></Glyph><Glyph ID="char_178" CONTENT=" " GC="1.0"><Shape><Polygon POINTS="1474 1312 1491 1451 1510 1448 1493 1309"/></Shape></Glyph><Glyph ID="char_179" CONTENT="י" GC="1.0"><Shape><Polygon POINTS="1447 1315 1447 1456 1491 1451 1474 1312"/></Shape></Glyph><Glyph ID="char_180" CONTENT="ט" GC="1.0"><Shape><Polygon POINTS="1381 1315 1381 1456 1447 1456 1447 1315"/></Shape></Glyph><Glyph ID="char_181" CONTENT="ה" GC="1.0"><Shape><Polygon POINTS="1333 1315 1333 1456 1381 1456 1381 1315"/></Shape></Glyph><Glyph ID="char_182" CONTENT="ר" GC="1.0"><Shape><Polygon POINTS="1314 1315 1314 1456 1333 1456 1333 1315"/></Shape></Glyph><Glyph ID="char_183" CONTENT="ו" GC="1.0"><Shape><Polygon POINTS="1286 1315 1286 1456 1314 1456 1314 1315"/></Shape></Glyph><Glyph ID="char_184" CONTENT=" " GC="1.0"><Shape><Polygon POINTS="1238 1315 1238 1456 1286 1456 1286 1315"/></Shape></Glyph><Glyph ID="char_185" CONTENT="ו" GC="1.0"><Shape><Polygon POINTS="1181 1315 1181 1456 1238 1456 1238 1315"/></Shape></Glyph><Glyph ID="char_186" CONTENT="י" GC="1.0"><Shape><Polygon POINTS="1134 1315 1134 1456 1181 1456 1181 1315"/></Shape></Glyph><Glyph ID="char_187" CONTENT="ת" GC="1.0"><Shape><Polygon POINTS="1058 1315 1058 1456 1134 1456 1134 1315"/></Shape></Glyph><Glyph ID="char_188" CONTENT="ק" GC="1.0"><Shape><Polygon POINTS="1001 1315 1001 1456 1058 1456 1058 1315"/></Shape></Glyph><Glyph ID="char_189" CONTENT="ד" GC="1.0"><Shape><Polygon POINTS="939 1315 947 1456 1001 1456 1001 1315"/></Shape></Glyph><Glyph ID="char_190" CONTENT="ש" GC="1.0"><Shape><Polygon POINTS="873 1319 881 1460 947 1456 939 1315"/></Shape></Glyph><Glyph ID="char_191" CONTENT="ו" GC="1.0"><Shape><Polygon POINTS="788 1323 796 1464 881 1460 873 1319"/></Shape></Glyph></String>
          </TextLine>

          
          
          <TextLine ID="eSc_line_1785219" BASELINE="809 1540 877 1546 1048 1546 1228 1537 1486 1533 1693 1522 1783 1522 1919 1524 2000 1531 2169 1555 2392 1564 2527 1562 2590 1558 2715 1558 2857 1567 3188 1573 3310 1580" HPOS="804.0" VPOS="1437.0" WIDTH="2510.0" HEIGHT="199.0">
            <Shape><Polygon POINTS="816 1455 884 1461 1048 1461 1223 1452 1484 1448 1688 1437 1783 1437 1920 1439 2007 1446 2180 1471 2395 1479 2525 1477 2584 1473 2715 1473 2862 1482 3189 1488 3314 1495 3306 1636 3186 1629 2853 1623 2715 1614 2593 1614 2527 1618 2389 1620 2161 1610 1995 1587 1918 1580 1783 1578 1695 1578 1486 1589 1230 1593 1048 1602 872 1602 804 1596"/></Shape>
	    <String CONTENT="ויתרוממו למעלה לכול אתה הוא יהוה בחרתה באבותינו למקדם" HPOS="804.0" VPOS="1437.0" WIDTH="2510.0" HEIGHT="199.0"><Glyph ID="char_192" CONTENT="ו" GC="1.0"><Shape><Polygon POINTS="3247 1491 3239 1632 3286 1635 3294 1494"/></Shape></Glyph><Glyph ID="char_193" CONTENT="י" GC="1.0"><Shape><Polygon POINTS="3199 1489 3191 1629 3239 1632 3247 1491"/></Shape></Glyph><Glyph ID="char_194" CONTENT="ת" GC="1.0"><Shape><Polygon POINTS="3139 1487 3136 1628 3191 1629 3199 1489"/></Shape></Glyph><Glyph ID="char_195" CONTENT="ר" GC="1.0"><Shape><Polygon POINTS="3101 1486 3098 1627 3136 1628 3139 1487"/></Shape></Glyph><Glyph ID="char_196" CONTENT="ו" GC="1.0"><Shape><Polygon POINTS="3016 1485 3013 1626 3098 1627 3101 1486"/></Shape></Glyph><Glyph ID="char_197" CONTENT="מ" GC="1.0"><Shape><Polygon POINTS="2950 1484 2947 1625 3013 1626 3016 1485"/></Shape></Glyph><Glyph ID="char_198" CONTENT="מ" GC="1.0"><Shape><Polygon POINTS="2931 1483 2928 1624 2947 1625 2950 1484"/></Shape></Glyph><Glyph ID="char_199" CONTENT="ו" GC="1.0"><Shape><Polygon POINTS="2912 1483 2909 1624 2928 1624 2931 1483"/></Shape></Glyph><Glyph ID="char_200" CONTENT=" " GC="1.0"><Shape><Polygon POINTS="2893 1483 2890 1624 2909 1624 2912 1483"/></Shape></Glyph><Glyph ID="char_201" CONTENT="ל" GC="1.0"><Shape><Polygon POINTS="2849 1481 2840 1622 2890 1624 2893 1483"/></Shape></Glyph><Glyph ID="char_202" CONTENT="מ" GC="1.0"><Shape><Polygon POINTS="2792 1478 2783 1618 2840 1622 2849 1481"/></Shape></Glyph><Glyph ID="char_203" CONTENT="ע" GC="1.0"><Shape><Polygon POINTS="2735 1474 2726 1615 2783 1618 2792 1478"/></Shape></Glyph><Glyph ID="char_204" CONTENT="ל" GC="1.0"><Shape><Polygon POINTS="2692 1473 2692 1614 2726 1615 2735 1474"/></Shape></Glyph><Glyph ID="char_205" CONTENT="ה" GC="1.0"><Shape><Polygon POINTS="2636 1473 2636 1614 2692 1614 2692 1473"/></Shape></Glyph><Glyph ID="char_206" CONTENT=" " GC="1.0"><Shape><Polygon POINTS="2598 1473 2598 1614 2636 1614 2636 1473"/></Shape></Glyph><Glyph ID="char_207" CONTENT="ל" GC="1.0"><Shape><Polygon POINTS="2563 1474 2572 1615 2598 1614 2598 1473"/></Shape></Glyph><Glyph ID="char_208" CONTENT="כ" GC="1.0"><Shape><Polygon POINTS="2525 1477 2534 1618 2572 1615 2563 1474"/></Shape></Glyph><Glyph ID="char_209" CONTENT="ו" GC="1.0"><Shape><Polygon POINTS="2492 1478 2494 1618 2534 1618 2525 1477"/></Shape></Glyph><Glyph ID="char_210" CONTENT="ל" GC="1.0"><Shape><Polygon POINTS="2464 1478 2466 1619 2494 1618 2492 1478"/></Shape></Glyph><Glyph ID="char_211" CONTENT=" " GC="1.0"><Shape><Polygon POINTS="2426 1479 2428 1619 2466 1619 2464 1478"/></Shape></Glyph><Glyph ID="char_212" CONTENT="א" GC="1.0"><Shape><Polygon POINTS="2382 1479 2377 1619 2428 1619 2426 1479"/></Shape></Glyph><Glyph ID="char_213" CONTENT="ת" GC="1.0"><Shape><Polygon POINTS="2326 1476 2321 1617 2377 1619 2382 1479"/></Shape></Glyph><Glyph ID="char_214" CONTENT="ה" GC="1.0"><Shape><Polygon POINTS="2278 1475 2273 1615 2321 1617 2326 1476"/></Shape></Glyph><Glyph ID="char_215" CONTENT=" " GC="1.0"><Shape><Polygon POINTS="2240 1473 2235 1613 2273 1615 2278 1475"/></Shape></Glyph><Glyph ID="char_216" CONTENT="ה" GC="1.0"><Shape><Polygon POINTS="2193 1472 2188 1611 2235 1613 2240 1473"/></Shape></Glyph><Glyph ID="char_217" CONTENT="ו" GC="1.0"><Shape><Polygon POINTS="2154 1467 2135 1606 2188 1611 2193 1472"/></Shape></Glyph><Glyph ID="char_218" CONTENT="א" GC="1.0"><Shape><Polygon POINTS="2117 1462 2097 1601 2135 1606 2154 1467"/></Shape></Glyph><Glyph ID="char_219" CONTENT=" " GC="1.0"><Shape><Polygon POINTS="2070 1455 2050 1595 2097 1601 2117 1462"/></Shape></Glyph><Glyph ID="char_220" CONTENT="י" GC="1.0"><Shape><Polygon POINTS="2024 1448 2004 1588 2050 1595 2070 1455"/></Shape></Glyph><Glyph ID="char_221" CONTENT="ה" GC="1.0"><Shape><Polygon POINTS="1971 1443 1959 1584 2004 1588 2024 1448"/></Shape></Glyph><Glyph ID="char_222" CONTENT="ו" GC="1.0"><Shape><Polygon POINTS="1918 1439 1916 1580 1959 1584 1971 1443"/></Shape></Glyph><Glyph ID="char_223" CONTENT="ה" GC="1.0"><Shape><Polygon POINTS="1880 1438 1878 1579 1916 1580 1918 1439"/></Shape></Glyph><Glyph ID="char_224" CONTENT=" " GC="1.0"><Shape><Polygon POINTS="1832 1438 1830 1579 1878 1579 1880 1438"/></Shape></Glyph><Glyph ID="char_225" CONTENT="ב" GC="1.0"><Shape><Polygon POINTS="1785 1437 1783 1578 1830 1579 1832 1438"/></Shape></Glyph><Glyph ID="char_226" CONTENT="ח" GC="1.0"><Shape><Polygon POINTS="1727 1437 1727 1578 1783 1578 1785 1437"/></Shape></Glyph><Glyph ID="char_227" CONTENT="ר" GC="1.0"><Shape><Polygon POINTS="1676 1438 1683 1579 1727 1578 1727 1437"/></Shape></Glyph><Glyph ID="char_228" CONTENT="ת" GC="1.0"><Shape><Polygon POINTS="1609 1441 1616 1582 1683 1579 1676 1438"/></Shape></Glyph><Glyph ID="char_229" CONTENT="ה" GC="1.0"><Shape><Polygon POINTS="1562 1444 1569 1585 1616 1582 1609 1441"/></Shape></Glyph><Glyph ID="char_230" CONTENT=" " GC="1.0"><Shape><Polygon POINTS="1524 1446 1531 1587 1569 1585 1562 1444"/></Shape></Glyph><Glyph ID="char_231" CONTENT="ב" GC="1.0"><Shape><Polygon POINTS="1479 1448 1481 1589 1531 1587 1524 1446"/></Shape></Glyph><Glyph ID="char_232" CONTENT="א" GC="1.0"><Shape><Polygon POINTS="1423 1449 1425 1590 1481 1589 1479 1448"/></Shape></Glyph><Glyph ID="char_233" CONTENT="ב" GC="1.0"><Shape><Polygon POINTS="1366 1450 1368 1591 1425 1590 1423 1449"/></Shape></Glyph><Glyph ID="char_234" CONTENT="ו" GC="1.0"><Shape><Polygon POINTS="1318 1451 1320 1592 1368 1591 1366 1450"/></Shape></Glyph><Glyph ID="char_235" CONTENT="ת" GC="1.0"><Shape><Polygon POINTS="1271 1451 1273 1592 1320 1592 1318 1451"/></Shape></Glyph><Glyph ID="char_236" CONTENT="י" GC="1.0"><Shape><Polygon POINTS="1233 1452 1235 1593 1273 1592 1271 1451"/></Shape></Glyph><Glyph ID="char_237" CONTENT="נ" GC="1.0"><Shape><Polygon POINTS="1192 1454 1199 1595 1235 1593 1233 1452"/></Shape></Glyph><Glyph ID="char_238" CONTENT="ו" GC="1.0"><Shape><Polygon POINTS="1163 1455 1170 1596 1199 1595 1192 1454"/></Shape></Glyph><Glyph ID="char_239" CONTENT=" " GC="1.0"><Shape><Polygon POINTS="1135 1457 1142 1597 1170 1596 1163 1455"/></Shape></Glyph><Glyph ID="char_240" CONTENT="ל" GC="1.0"><Shape><Polygon POINTS="1088 1459 1095 1600 1142 1597 1135 1457"/></Shape></Glyph><Glyph ID="char_241" CONTENT="מ" GC="1.0"><Shape><Polygon POINTS="1036 1461 1036 1602 1095 1600 1088 1459"/></Shape></Glyph><Glyph ID="char_242" CONTENT="ק" GC="1.0"><Shape><Polygon POINTS="979 1461 979 1602 1036 1602 1036 1461"/></Shape></Glyph><Glyph ID="char_243" CONTENT="ד" GC="1.0"><Shape><Polygon POINTS="912 1461 912 1602 979 1602 979 1461"/></Shape></Glyph><Glyph ID="char_244" CONTENT="ם" GC="1.0"><Shape><Polygon POINTS="844 1458 830 1598 912 1602 912 1461"/></Shape></Glyph></String>
          </TextLine>

          
          
          <TextLine ID="eSc_line_1785220" BASELINE="768 1688 1071 1700 1181 1700 1463 1688 1549 1682 1655 1679 1946 1688 2207 1707 2313 1707 2518 1693 2859 1713 3301 1725" HPOS="765.0" VPOS="1594.0" WIDTH="2538.0" HEIGHT="187.0">
            <Shape><Polygon POINTS="771 1603 1074 1615 1181 1615 1459 1603 1543 1597 1652 1594 1948 1603 2213 1622 2313 1622 2512 1608 2863 1628 3303 1640 3299 1781 2855 1769 2521 1749 2313 1763 2202 1763 1944 1744 1656 1735 1552 1738 1465 1744 1181 1756 1068 1756 765 1744"/></Shape>
	    <String CONTENT="תעמיד ו לשארי להם לתת לנו הקימות לאברהם לישראל ולהוריש" HPOS="765.0" VPOS="1594.0" WIDTH="2538.0" HEIGHT="187.0"><Glyph ID="char_245" CONTENT="ת" GC="1.0"><Shape><Polygon POINTS="3224 1638 3221 1779 3268 1780 3271 1639"/></Shape></Glyph><Glyph ID="char_246" CONTENT="ע" GC="1.0"><Shape><Polygon POINTS="3168 1636 3164 1777 3221 1779 3224 1638"/></Shape></Glyph><Glyph ID="char_247" CONTENT="מ" GC="1.0"><Shape><Polygon POINTS="3111 1635 3107 1776 3164 1777 3168 1636"/></Shape></Glyph><Glyph ID="char_248" CONTENT="י" GC="1.0"><Shape><Polygon POINTS="3064 1633 3060 1775 3107 1776 3111 1635"/></Shape></Glyph><Glyph ID="char_249" CONTENT="ד" GC="1.0"><Shape><Polygon POINTS="3035 1633 3031 1774 3060 1775 3064 1633"/></Shape></Glyph><Glyph ID="char_250" CONTENT=" " GC="1.0"><Shape><Polygon POINTS="2997 1632 2993 1773 3031 1774 3035 1633"/></Shape></Glyph><Glyph ID="char_251" CONTENT="ו" GC="1.0"><Shape><Polygon POINTS="2950 1630 2946 1771 2993 1773 2997 1632"/></Shape></Glyph><Glyph ID="char_252" CONTENT=" " GC="1.0"><Shape><Polygon POINTS="2921 1630 2917 1771 2946 1771 2950 1630"/></Shape></Glyph><Glyph ID="char_253" CONTENT="ל" GC="1.0"><Shape><Polygon POINTS="2883 1629 2879 1770 2917 1771 2921 1630"/></Shape></Glyph><Glyph ID="char_254" CONTENT="ש" GC="1.0"><Shape><Polygon POINTS="2819 1626 2811 1766 2879 1770 2883 1629"/></Shape></Glyph><Glyph ID="char_255" CONTENT="א" GC="1.0"><Shape><Polygon POINTS="2753 1622 2745 1762 2811 1766 2819 1626"/></Shape></Glyph><Glyph ID="char_256" CONTENT="ר" GC="1.0"><Shape><Polygon POINTS="2706 1619 2697 1760 2745 1762 2753 1622"/></Shape></Glyph><Glyph ID="char_257" CONTENT="י" GC="1.0"><Shape><Polygon POINTS="2640 1615 2631 1756 2697 1760 2706 1619"/></Shape></Glyph><Glyph ID="char_258" CONTENT=" " GC="1.0"><Shape><Polygon POINTS="2583 1612 2575 1752 2631 1756 2640 1615"/></Shape></Glyph><Glyph ID="char_259" CONTENT="ל" GC="1.0"><Shape><Polygon POINTS="2545 1610 2537 1750 2575 1752 2583 1612"/></Shape></Glyph><Glyph ID="char_260" CONTENT="ה" GC="1.0"><Shape><Polygon POINTS="2477 1610 2487 1751 2537 1750 2545 1610"/></Shape></Glyph><Glyph ID="char_261" CONTENT="ם" GC="1.0"><Shape><Polygon POINTS="2420 1614 2430 1755 2487 1751 2477 1610"/></Shape></Glyph><Glyph ID="char_262" CONTENT=" " GC="1.0"><Shape><Polygon POINTS="2363 1618 2373 1759 2430 1755 2420 1614"/></Shape></Glyph><Glyph ID="char_263" CONTENT="ל" GC="1.0"><Shape><Polygon POINTS="2316 1622 2325 1762 2373 1759 2363 1618"/></Shape></Glyph><Glyph ID="char_264" CONTENT="ת" GC="1.0"><Shape><Polygon POINTS="2265 1622 2265 1763 2325 1762 2316 1622"/></Shape></Glyph><Glyph ID="char_265" CONTENT="ת" GC="1.0"><Shape><Polygon POINTS="2227 1622 2227 1763 2265 1763 2265 1622"/></Shape></Glyph><Glyph ID="char_266" CONTENT=" " GC="1.0"><Shape><Polygon POINTS="2205 1621 2194 1762 2227 1763 2227 1622"/></Shape></Glyph><Glyph ID="char_267" CONTENT="ל" GC="1.0"><Shape><Polygon POINTS="2177 1619 2166 1760 2194 1762 2205 1621"/></Shape></Glyph><Glyph ID="char_268" CONTENT="נ" GC="1.0"><Shape><Polygon POINTS="2139 1617 2129 1758 2166 1760 2177 1619"/></Shape></Glyph><Glyph ID="char_269" CONTENT="ו" GC="1.0"><Shape><Polygon POINTS="2110 1615 2100 1755 2129 1758 2139 1617"/></Shape></Glyph><Glyph ID="char_270" CONTENT=" " GC="1.0"><Shape><Polygon POINTS="2091 1613 2081 1754 2100 1755 2110 1615"/></Shape></Glyph><Glyph ID="char_271" CONTENT="ה" GC="1.0"><Shape><Polygon POINTS="2034 1609 2024 1750 2081 1754 2091 1613"/></Shape></Glyph><Glyph ID="char_272" CONTENT="ק" GC="1.0"><Shape><Polygon POINTS="1977 1605 1967 1746 2024 1750 2034 1609"/></Shape></Glyph><Glyph ID="char_273" CONTENT="י" GC="1.0"><Shape><Polygon POINTS="1927 1602 1922 1743 1967 1746 1977 1605"/></Shape></Glyph><Glyph ID="char_274" CONTENT="מ" GC="1.0"><Shape><Polygon POINTS="1879 1601 1874 1742 1922 1743 1927 1602"/></Shape></Glyph><Glyph ID="char_275" CONTENT="ו" GC="1.0"><Shape><Polygon POINTS="1832 1599 1827 1740 1874 1742 1879 1601"/></Shape></Glyph><Glyph ID="char_276" CONTENT="ת" GC="1.0"><Shape><Polygon POINTS="1803 1599 1798 1739 1827 1740 1832 1599"/></Shape></Glyph><Glyph ID="char_277" CONTENT=" " GC="1.0"><Shape><Polygon POINTS="1785 1598 1780 1739 1798 1739 1803 1599"/></Shape></Glyph><Glyph ID="char_278" CONTENT="ל" GC="1.0"><Shape><Polygon POINTS="1747 1597 1742 1738 1780 1739 1785 1598"/></Shape></Glyph><Glyph ID="char_279" CONTENT="א" GC="1.0"><Shape><Polygon POINTS="1699 1595 1694 1736 1742 1738 1747 1597"/></Shape></Glyph><Glyph ID="char_280" CONTENT="ב" GC="1.0"><Shape><Polygon POINTS="1637 1594 1641 1735 1694 1736 1699 1595"/></Shape></Glyph><Glyph ID="char_281" CONTENT="ר" GC="1.0"><Shape><Polygon POINTS="1590 1596 1594 1737 1641 1735 1637 1594"/></Shape></Glyph><Glyph ID="char_282" CONTENT="ה" GC="1.0"><Shape><Polygon POINTS="1519 1599 1529 1740 1594 1737 1590 1596"/></Shape></Glyph><Glyph ID="char_283" CONTENT="ם" GC="1.0"><Shape><Polygon POINTS="1473 1602 1482 1743 1529 1740 1519 1599"/></Shape></Glyph><Glyph ID="char_284" CONTENT=" " GC="1.0"><Shape><Polygon POINTS="1446 1604 1452 1745 1482 1743 1473 1602"/></Shape></Glyph><Glyph ID="char_285" CONTENT="ל" GC="1.0"><Shape><Polygon POINTS="1418 1605 1424 1746 1452 1745 1446 1604"/></Shape></Glyph><Glyph ID="char_286" CONTENT="י" GC="1.0"><Shape><Polygon POINTS="1361 1607 1367 1748 1424 1746 1418 1605"/></Shape></Glyph><Glyph ID="char_287" CONTENT="ש" GC="1.0"><Shape><Polygon POINTS="1304 1610 1310 1751 1367 1748 1361 1607"/></Shape></Glyph><Glyph ID="char_288" CONTENT="ר" GC="1.0"><Shape><Polygon POINTS="1247 1612 1253 1753 1310 1751 1304 1610"/></Shape></Glyph><Glyph ID="char_289" CONTENT="א" GC="1.0"><Shape><Polygon POINTS="1190 1615 1196 1755 1253 1753 1247 1612"/></Shape></Glyph><Glyph ID="char_290" CONTENT="ל" GC="1.0"><Shape><Polygon POINTS="1166 1615 1166 1756 1196 1755 1190 1615"/></Shape></Glyph><Glyph ID="char_291" CONTENT=" " GC="1.0"><Shape><Polygon POINTS="1137 1615 1137 1756 1166 1756 1166 1615"/></Shape></Glyph><Glyph ID="char_292" CONTENT="ו" GC="1.0"><Shape><Polygon POINTS="1109 1615 1109 1756 1137 1756 1137 1615"/></Shape></Glyph><Glyph ID="char_293" CONTENT="ל" GC="1.0"><Shape><Polygon POINTS="1064 1615 1058 1756 1109 1756 1109 1615"/></Shape></Glyph><Glyph ID="char_294" CONTENT="ה" GC="1.0"><Shape><Polygon POINTS="1017 1613 1011 1754 1058 1756 1064 1615"/></Shape></Glyph><Glyph ID="char_295" CONTENT="ו" GC="1.0"><Shape><Polygon POINTS="979 1611 973 1752 1011 1754 1017 1613"/></Shape></Glyph><Glyph ID="char_296" CONTENT="ר" GC="1.0"><Shape><Polygon POINTS="931 1609 925 1750 973 1752 979 1611"/></Shape></Glyph><Glyph ID="char_297" CONTENT="י" GC="1.0"><Shape><Polygon POINTS="885 1607 878 1748 925 1750 931 1609"/></Shape></Glyph><Glyph ID="char_298" CONTENT="ש" GC="1.0"><Shape><Polygon POINTS="809 1604 803 1745 878 1748 885 1607"/></Shape></Glyph></String>
          </TextLine>

          
          
          <TextLine ID="eSc_line_1785221" BASELINE="816 1835 922 1835 1091 1826 1346 1826 1537 1813 1727 1810 1844 1817 1995 1835 2176 1849 2545 1860 2931 1846 3251 1862" HPOS="816.0" VPOS="1725.0" WIDTH="2439.0" HEIGHT="193.0">
            <Shape><Polygon POINTS="816 1750 922 1750 1086 1741 1346 1741 1531 1728 1725 1725 1849 1732 2005 1750 2182 1764 2547 1775 2927 1761 3255 1777 3248 1918 2933 1902 2543 1916 2171 1905 1988 1891 1840 1873 1727 1866 1540 1869 1346 1882 1093 1882 922 1891 816 1891"/></Shape>
	    <String CONTENT="ל יהם גבורים החיל ועצומ כח ל לנו בתים לאים" HPOS="816.0" VPOS="1725.0" WIDTH="2439.0" HEIGHT="193.0"><Glyph ID="char_299" CONTENT="ל" GC="1.0"><Shape><Polygon POINTS="3246 1777 3239 1918 3248 1918 3255 1777"/></Shape></Glyph><Glyph ID="char_300" CONTENT=" " GC="1.0"><Shape><Polygon POINTS="3209 1775 3202 1916 3239 1918 3246 1777"/></Shape></Glyph><Glyph ID="char_301" CONTENT="י" GC="1.0"><Shape><Polygon POINTS="3161 1772 3154 1913 3202 1916 3209 1775"/></Shape></Glyph><Glyph ID="char_302" CONTENT="ה" GC="1.0"><Shape><Polygon POINTS="3076 1768 3069 1909 3154 1913 3161 1772"/></Shape></Glyph><Glyph ID="char_303" CONTENT="ם" GC="1.0"><Shape><Polygon POINTS="2869 1763 2874 1904 3069 1909 3076 1768"/></Shape></Glyph><Glyph ID="char_304" CONTENT=" " GC="1.0"><Shape><Polygon POINTS="2594 1773 2599 1914 2874 1904 2869 1763"/></Shape></Glyph><Glyph ID="char_305" CONTENT="ג" GC="1.0"><Shape><Polygon POINTS="2429 1771 2425 1913 2599 1914 2594 1773"/></Shape></Glyph><Glyph ID="char_306" CONTENT="ב" GC="1.0"><Shape><Polygon POINTS="2382 1770 2378 1911 2425 1913 2429 1771"/></Shape></Glyph><Glyph ID="char_307" CONTENT="ו" GC="1.0"><Shape><Polygon POINTS="2344 1769 2340 1910 2378 1911 2382 1770"/></Shape></Glyph><Glyph ID="char_308" CONTENT="ר" GC="1.0"><Shape><Polygon POINTS="2296 1767 2292 1909 2340 1910 2344 1769"/></Shape></Glyph><Glyph ID="char_309" CONTENT="י" GC="1.0"><Shape><Polygon POINTS="2249 1766 2245 1907 2292 1909 2296 1767"/></Shape></Glyph><Glyph ID="char_310" CONTENT="ם" GC="1.0"><Shape><Polygon POINTS="2202 1765 2198 1906 2245 1907 2249 1766"/></Shape></Glyph><Glyph ID="char_311" CONTENT=" " GC="1.0"><Shape><Polygon POINTS="2168 1763 2157 1904 2198 1906 2202 1765"/></Shape></Glyph><Glyph ID="char_312" CONTENT="ה" GC="1.0"><Shape><Polygon POINTS="2120 1759 2109 1900 2157 1904 2168 1763"/></Shape></Glyph><Glyph ID="char_313" CONTENT="ח" GC="1.0"><Shape><Polygon POINTS="2082 1756 2071 1897 2109 1900 2120 1759"/></Shape></Glyph><Glyph ID="char_314" CONTENT="י" GC="1.0"><Shape><Polygon POINTS="2036 1752 2025 1894 2071 1897 2082 1756"/></Shape></Glyph><Glyph ID="char_315" CONTENT="ל" GC="1.0"><Shape><Polygon POINTS="1982 1747 1966 1888 2025 1894 2036 1752"/></Shape></Glyph><Glyph ID="char_316" CONTENT=" " GC="1.0"><Shape><Polygon POINTS="1935 1742 1918 1882 1966 1888 1982 1747"/></Shape></Glyph><Glyph ID="char_317" CONTENT="ו" GC="1.0"><Shape><Polygon POINTS="1897 1738 1880 1878 1918 1882 1935 1742"/></Shape></Glyph><Glyph ID="char_318" CONTENT="ע" GC="1.0"><Shape><Polygon POINTS="1869 1734 1852 1875 1880 1878 1897 1738"/></Shape></Glyph><Glyph ID="char_319" CONTENT="צ" GC="1.0"><Shape><Polygon POINTS="1845 1732 1837 1873 1852 1875 1869 1734"/></Shape></Glyph><Glyph ID="char_320" CONTENT="ו" GC="1.0"><Shape><Polygon POINTS="1807 1730 1799 1870 1837 1873 1845 1732"/></Shape></Glyph><Glyph ID="char_321" CONTENT="מ" GC="1.0"><Shape><Polygon POINTS="1750 1726 1742 1867 1799 1870 1807 1730"/></Shape></Glyph><Glyph ID="char_322" CONTENT=" " GC="1.0"><Shape><Polygon POINTS="1697 1725 1699 1866 1742 1867 1750 1726"/></Shape></Glyph><Glyph ID="char_323" CONTENT="כ" GC="1.0"><Shape><Polygon POINTS="1659 1726 1661 1867 1699 1866 1697 1725"/></Shape></Glyph><Glyph ID="char_324" CONTENT="ח" GC="1.0"><Shape><Polygon POINTS="1611 1727 1613 1868 1661 1867 1659 1726"/></Shape></Glyph><Glyph ID="char_325" CONTENT=" " GC="1.0"><Shape><Polygon POINTS="1583 1727 1585 1868 1613 1868 1611 1727"/></Shape></Glyph><Glyph ID="char_326" CONTENT="ל" GC="1.0"><Shape><Polygon POINTS="1554 1728 1556 1869 1585 1868 1583 1727"/></Shape></Glyph><Glyph ID="char_327" CONTENT=" " GC="1.0"><Shape><Polygon POINTS="1522 1729 1531 1870 1556 1869 1554 1728"/></Shape></Glyph><Glyph ID="char_328" CONTENT="ל" GC="1.0"><Shape><Polygon POINTS="1446 1734 1455 1875 1531 1870 1522 1729"/></Shape></Glyph><Glyph ID="char_329" CONTENT="נ" GC="1.0"><Shape><Polygon POINTS="1370 1739 1379 1880 1455 1875 1446 1734"/></Shape></Glyph><Glyph ID="char_330" CONTENT="ו" GC="1.0"><Shape><Polygon POINTS="1341 1741 1351 1882 1379 1880 1370 1739"/></Shape></Glyph><Glyph ID="char_331" CONTENT=" " GC="1.0"><Shape><Polygon POINTS="1329 1741 1329 1882 1351 1882 1341 1741"/></Shape></Glyph><Glyph ID="char_332" CONTENT="ב" GC="1.0"><Shape><Polygon POINTS="1281 1741 1281 1882 1329 1882 1329 1741"/></Shape></Glyph><Glyph ID="char_333" CONTENT="ת" GC="1.0"><Shape><Polygon POINTS="1243 1741 1243 1882 1281 1882 1281 1741"/></Shape></Glyph><Glyph ID="char_334" CONTENT="י" GC="1.0"><Shape><Polygon POINTS="1196 1741 1196 1882 1243 1882 1243 1741"/></Shape></Glyph><Glyph ID="char_335" CONTENT="ם" GC="1.0"><Shape><Polygon POINTS="1148 1741 1148 1882 1196 1882 1196 1741"/></Shape></Glyph><Glyph ID="char_336" CONTENT=" " GC="1.0"><Shape><Polygon POINTS="1129 1741 1129 1882 1148 1882 1148 1741"/></Shape></Glyph><Glyph ID="char_337" CONTENT="ל" GC="1.0"><Shape><Polygon POINTS="1048 1743 1056 1884 1129 1882 1129 1741"/></Shape></Glyph><Glyph ID="char_338" CONTENT="א" GC="1.0"><Shape><Polygon POINTS="963 1748 971 1888 1056 1884 1048 1743"/></Shape></Glyph><Glyph ID="char_339" CONTENT="י" GC="1.0"><Shape><Polygon POINTS="920 1750 920 1891 971 1888 963 1748"/></Shape></Glyph><Glyph ID="char_340" CONTENT="ם" GC="1.0"><Shape><Polygon POINTS="845 1750 845 1891 920 1891 920 1750"/></Shape></Glyph></String>
          </TextLine>

          
          
          <TextLine ID="eSc_line_1785223" BASELINE="1125 1957 1199 1966 1359 1970 1560 1957 1646 1957 1837 1970 2000 1977 2173 1979 2230 1984" HPOS="1118.0" VPOS="1872.0" WIDTH="1119.0" HEIGHT="168.0">
            <Shape><Polygon POINTS="1135 1873 1209 1882 1361 1885 1554 1872 1646 1872 1842 1885 2003 1892 2173 1894 2237 1899 2225 2040 2172 2035 1997 2033 1833 2026 1646 2013 1563 2013 1357 2026 1192 2021 1118 2012"/></Shape>
	    <String CONTENT=" י מים רמים וזיתים חלת עם " HPOS="1118.0" VPOS="1872.0" WIDTH="1119.0" HEIGHT="168.0"><Glyph ID="char_341" CONTENT=" " GC="1.0"><Shape><Polygon POINTS="2163 1894 2162 2035 2205 2038 2218 1897"/></Shape></Glyph><Glyph ID="char_342" CONTENT="י" GC="1.0"><Shape><Polygon POINTS="2134 1894 2133 2035 2162 2035 2163 1894"/></Shape></Glyph><Glyph ID="char_343" CONTENT=" " GC="1.0"><Shape><Polygon POINTS="2087 1893 2086 2034 2133 2035 2134 1894"/></Shape></Glyph><Glyph ID="char_344" CONTENT="מ" GC="1.0"><Shape><Polygon POINTS="2020 1892 2019 2033 2086 2034 2087 1893"/></Shape></Glyph><Glyph ID="char_345" CONTENT="י" GC="1.0"><Shape><Polygon POINTS="1994 1892 1988 2033 2019 2033 2020 1892"/></Shape></Glyph><Glyph ID="char_346" CONTENT="ם" GC="1.0"><Shape><Polygon POINTS="1985 1891 1979 2032 1988 2033 1994 1892"/></Shape></Glyph><Glyph ID="char_347" CONTENT=" " GC="1.0"><Shape><Polygon POINTS="1966 1890 1960 2031 1979 2032 1985 1891"/></Shape></Glyph><Glyph ID="char_348" CONTENT="ר" GC="1.0"><Shape><Polygon POINTS="1947 1890 1941 2031 1960 2031 1966 1890"/></Shape></Glyph><Glyph ID="char_349" CONTENT="מ" GC="1.0"><Shape><Polygon POINTS="1908 1888 1902 2029 1941 2031 1947 1890"/></Shape></Glyph><Glyph ID="char_350" CONTENT="י" GC="1.0"><Shape><Polygon POINTS="1861 1886 1855 2027 1902 2029 1908 1888"/></Shape></Glyph><Glyph ID="char_351" CONTENT="ם" GC="1.0"><Shape><Polygon POINTS="1825 1884 1816 2025 1855 2027 1861 1886"/></Shape></Glyph><Glyph ID="char_352" CONTENT=" " GC="1.0"><Shape><Polygon POINTS="1786 1881 1777 2022 1816 2025 1825 1884"/></Shape></Glyph><Glyph ID="char_353" CONTENT="ו" GC="1.0"><Shape><Polygon POINTS="1748 1879 1739 2019 1777 2022 1786 1881"/></Shape></Glyph><Glyph ID="char_354" CONTENT="ז" GC="1.0"><Shape><Polygon POINTS="1720 1877 1711 2018 1739 2019 1748 1879"/></Shape></Glyph><Glyph ID="char_355" CONTENT="י" GC="1.0"><Shape><Polygon POINTS="1673 1874 1663 2014 1711 2018 1720 1877"/></Shape></Glyph><Glyph ID="char_356" CONTENT="ת" GC="1.0"><Shape><Polygon POINTS="1619 1872 1619 2013 1663 2014 1673 1874"/></Shape></Glyph><Glyph ID="char_357" CONTENT="י" GC="1.0"><Shape><Polygon POINTS="1572 1872 1572 2013 1619 2013 1619 1872"/></Shape></Glyph><Glyph ID="char_358" CONTENT="ם" GC="1.0"><Shape><Polygon POINTS="1518 1874 1528 2015 1572 2013 1572 1872"/></Shape></Glyph><Glyph ID="char_359" CONTENT=" " GC="1.0"><Shape><Polygon POINTS="1471 1878 1480 2018 1528 2015 1518 1874"/></Shape></Glyph><Glyph ID="char_360" CONTENT="ח" GC="1.0"><Shape><Polygon POINTS="1423 1881 1432 2021 1480 2018 1471 1878"/></Shape></Glyph><Glyph ID="char_361" CONTENT="ל" GC="1.0"><Shape><Polygon POINTS="1376 1884 1385 2024 1432 2021 1423 1881"/></Shape></Glyph><Glyph ID="char_362" CONTENT="ת" GC="1.0"><Shape><Polygon POINTS="1354 1885 1351 2026 1385 2024 1376 1884"/></Shape></Glyph><Glyph ID="char_363" CONTENT=" " GC="1.0"><Shape><Polygon POINTS="1325 1884 1322 2025 1351 2026 1354 1885"/></Shape></Glyph><Glyph ID="char_364" CONTENT="ע" GC="1.0"><Shape><Polygon POINTS="1268 1883 1265 2023 1322 2025 1325 1884"/></Shape></Glyph><Glyph ID="char_365" CONTENT="ם" GC="1.0"><Shape><Polygon POINTS="1221 1882 1218 2022 1265 2023 1268 1883"/></Shape></Glyph><Glyph ID="char_366" CONTENT=" " GC="1.0"><Shape><Polygon POINTS="1164 1877 1145 2015 1218 2022 1221 1882"/></Shape></Glyph></String>
          </TextLine>

          
          
          <TextLine ID="eSc_line_1785224" BASELINE="1700 2103 1855 2110 2214 2103 2198 2088" HPOS="1697.0" VPOS="2018.0" WIDTH="539.0" HEIGHT="148.0">
            <Shape><Polygon POINTS="1703 2018 1858 2025 2212 2018 2236 2046 2215 2159 1852 2166 1697 2159"/></Shape>
	    <String CONTENT=" ם צ " HPOS="1697.0" VPOS="2018.0" WIDTH="539.0" HEIGHT="148.0"><Glyph ID="char_367" CONTENT=" " GC="1.0"><Shape><Polygon POINTS="2183 2019 2186 2160 2232 2067 2144 2160"/></Shape></Glyph><Glyph ID="char_368" CONTENT="ם" GC="1.0"><Shape><Polygon POINTS="2143 2019 2146 2160 2186 2160 2183 2019"/></Shape></Glyph><Glyph ID="char_369" CONTENT=" " GC="1.0"><Shape><Polygon POINTS="2092 2020 2095 2161 2146 2160 2143 2019"/></Shape></Glyph><Glyph ID="char_370" CONTENT="צ" GC="1.0"><Shape><Polygon POINTS="1991 2022 1994 2163 2095 2161 2092 2020"/></Shape></Glyph><Glyph ID="char_371" CONTENT=" " GC="1.0"><Shape><Polygon POINTS="1804 2023 1797 2164 1994 2163 1991 2022"/></Shape></Glyph></String>
          </TextLine>

          
        </TextBlock>
        

        
        <TextBlock ID="eSc_dummyblock_">
          
          
          <TextLine ID="eSc_line_20b3e0eb" BASELINE="2412 807 2717 816" HPOS="2412" VPOS="721" WIDTH="305" HEIGHT="144">
            <Shape><Polygon POINTS="2412 807 2417 759 2494 762 2545 721 2575 721 2627 732 2656 726 2696 768 2712 768 2717 816 2669 859 2645 865 2593 865 2584 856 2575 865 2552 847 2539 859 2487 818 2415 818"/></Shape>
	    <String CONTENT="" HPOS="2412" VPOS="721" WIDTH="305" HEIGHT="144"/>
          </TextLine>

          
          
          <TextLine ID="eSc_line_2c60d0a7" BASELINE="1564 935 1837 953 2250 949 2503 962 2983 953" HPOS="1564" VPOS="877" WIDTH="1419" HEIGHT="137">
            <Shape><Polygon POINTS="1564 935 1686 926 1765 886 1824 904 1887 877 1921 890 1937 877 2036 879 2187 931 2388 931 2430 906 2451 926 2500 913 2530 913 2545 924 2609 908 2654 879 2814 879 2823 888 2868 883 2906 895 2949 933 2978 933 2983 953 2976 994 2947 1007 2897 985 2850 1001 2834 992 2816 1010 2805 1003 2791 1014 2590 1014 2579 1005 2570 1014 2433 1014 2365 956 2212 956 2153 971 2117 958 2094 967 2081 956 2020 956 1966 976 1946 958 1896 956 1831 996 1774 980 1761 989 1684 987 1643 953 1569 953"/></Shape>
	    <String CONTENT="" HPOS="1564" VPOS="877" WIDTH="1419" HEIGHT="137"/>
          </TextLine>

          
          
          <TextLine ID="eSc_line_90930a84" BASELINE="883 1165 1111 1136 1420 1125 1646 1104 2162 1104 2478 1122 2753 1111 3064 1120" HPOS="883" VPOS="1001" WIDTH="2181" HEIGHT="191">
            <Shape><Polygon POINTS="883 1165 888 1093 1095 1098 1190 1039 1231 1026 1407 1007 1837 1003 1968 1062 2000 1050 2054 1055 2099 1037 2162 1064 2180 1062 2216 1084 2286 1084 2439 1082 2494 1064 2521 1064 2545 1080 2746 1077 2868 1010 2922 1001 2974 1021 3028 1010 3055 1026 3064 1120 3032 1143 2956 1168 2868 1159 2830 1170 2701 1170 2622 1152 2593 1165 2541 1170 2446 1143 2419 1152 2392 1138 2360 1141 2331 1122 2302 1122 2250 1125 2189 1143 2155 1143 2130 1127 1840 1129 1797 1143 1754 1141 1702 1159 1666 1138 1650 1145 1625 1132 1594 1132 1555 1134 1483 1177 1463 1163 1434 1177 1368 1154 1233 1179 1165 1161 1053 1192 888 1192"/></Shape>
	    <String CONTENT="" HPOS="883" VPOS="1001" WIDTH="2181" HEIGHT="191"/>
          </TextLine>

          
          
          <TextLine ID="eSc_line_2f85a8e3" BASELINE="879 1256 1404 1262 1740 1235 1957 1260 3170 1289" HPOS="879" VPOS="1206" WIDTH="2291" HEIGHT="144">
            <Shape><Polygon POINTS="879 1256 886 1231 1075 1233 1113 1210 1168 1235 1190 1228 1235 1237 1447 1240 1553 1219 1564 1226 1587 1215 1619 1226 1652 1206 1718 1206 1826 1208 1871 1235 1914 1224 1991 1247 2070 1215 2103 1215 2158 1240 2191 1222 2234 1217 2333 1253 2365 1258 2424 1244 2453 1260 2512 1260 2597 1237 2620 1244 2690 1233 2703 1244 2735 1226 2877 1235 2904 1228 2936 1244 2969 1231 3109 1233 3163 1265 3170 1289 3161 1314 3008 1325 2972 1312 2868 1350 2627 1346 2609 1334 2559 1337 2503 1307 2442 1314 2376 1337 2324 1339 2302 1323 2264 1334 2212 1316 2164 1332 2126 1316 2063 1319 2036 1303 1961 1319 1937 1301 1909 1312 1887 1298 1851 1305 1833 1294 1801 1303 1776 1289 1711 1287 1481 1285 1366 1323 1181 1312 1071 1316 1017 1294 956 1314 915 1314 883 1298"/></Shape>
	    <String CONTENT="" HPOS="879" VPOS="1206" WIDTH="2291" HEIGHT="144"/>
          </TextLine>

          
          
          <TextLine ID="eSc_line_566f390b" BASELINE="773 1409 949 1398 1449 1398 1623 1377 1772 1373 2232 1413 2676 1413 3317 1440" HPOS="773" VPOS="1341" WIDTH="2544" HEIGHT="165">
            <Shape><Polygon POINTS="773 1409 780 1355 974 1359 1021 1348 1159 1366 1226 1359 1249 1368 1350 1371 1377 1357 1411 1366 1486 1341 1519 1341 1549 1355 1587 1350 1601 1359 1695 1341 1765 1341 2022 1348 2061 1371 2103 1366 2149 1391 2200 1391 2236 1377 2291 1395 2379 1386 2475 1398 2498 1386 2575 1384 2615 1364 2699 1386 2744 1382 2784 1395 2816 1382 2850 1391 2881 1377 2963 1393 3026 1375 3181 1418 3231 1411 3249 1420 3310 1420 3317 1440 3305 1501 3292 1506 3199 1481 3100 1495 3023 1470 2960 1468 2888 1481 2863 1465 2834 1465 2793 1481 2735 1463 2676 1461 2572 1483 2471 1483 2437 1470 2394 1488 2360 1488 2275 1472 2221 1449 2130 1468 1975 1443 1736 1445 1659 1434 1583 1458 1540 1452 1501 1465 1449 1449 1420 1463 1377 1452 1339 1461 1251 1427 1141 1456 777 1445"/></Shape>
	    <String CONTENT="" HPOS="773" VPOS="1341" WIDTH="2544" HEIGHT="165"/>
          </TextLine>

          
          
          <TextLine ID="eSc_line_7aa9ef38" BASELINE="811 1537 1129 1542 1648 1522 1914 1522 2245 1558 2712 1555 3312 1578" HPOS="811" VPOS="1486" WIDTH="2501" HEIGHT="144">
            <Shape><Polygon POINTS="811 1537 820 1510 933 1490 953 1499 983 1490 1012 1506 1055 1486 1163 1486 1192 1495 1247 1488 1287 1506 1310 1501 1366 1517 1522 1499 1558 1508 1596 1492 1655 1495 1695 1517 1767 1495 1979 1497 2013 1499 2047 1517 2101 1510 2158 1531 2288 1522 2322 1533 2480 1533 2509 1524 2624 1535 2726 1515 2850 1540 2972 1533 2992 1542 3030 1531 3060 1542 3120 1542 3138 1533 3188 1544 3301 1537 3312 1578 3301 1630 3226 1630 3197 1616 3177 1621 3143 1607 3114 1614 3093 1603 3051 1612 3017 1605 2976 1625 2929 1621 2893 1603 2854 1621 2696 1623 2658 1603 2624 1607 2600 1598 2570 1607 2485 1587 2433 1587 2311 1616 2221 1616 2153 1585 2124 1592 2070 1583 2011 1603 1952 1580 1887 1589 1810 1578 1657 1578 1639 1587 1619 1576 1578 1576 1524 1596 1472 1578 1418 1573 1343 1589 1247 1578 1188 1596 1163 1583 1084 1587 1055 1601 818 1596"/></Shape>
	    <String CONTENT="" HPOS="811" VPOS="1486" WIDTH="2501" HEIGHT="144"/>
          </TextLine>

          
          
          <TextLine ID="eSc_line_6ccccdbb" BASELINE="762 1686 1292 1693 1646 1677 1923 1684 2144 1704 2618 1695 2945 1716 3301 1720" HPOS="762" VPOS="1630" WIDTH="2539" HEIGHT="162">
            <Shape><Polygon POINTS="762 1686 768 1655 807 1643 843 1661 886 1652 911 1664 967 1634 1019 1630 1136 1661 1165 1652 1190 1666 1267 1657 1373 1666 1407 1650 1449 1661 1533 1659 1567 1643 1632 1657 1666 1641 1695 1652 1720 1643 1754 1659 1846 1646 1880 1659 1923 1650 1961 1661 2024 1641 2049 1652 2097 1641 2227 1675 2473 1675 2525 1657 2566 1661 2593 1650 2676 1670 2710 1652 2724 1659 2769 1646 3019 1646 3048 1664 3111 1666 3145 1682 3274 1673 3290 1682 3301 1720 3290 1761 3265 1774 3193 1761 3138 1779 3125 1772 3107 1781 3078 1770 3053 1781 3023 1772 2976 1779 2895 1743 2870 1743 2769 1792 2424 1788 2365 1767 2322 1783 2268 1772 2236 1781 2196 1767 2153 1776 2063 1754 2015 1767 1952 1767 1898 1749 1851 1756 1799 1734 1693 1731 1350 1729 1249 1758 1168 1749 1120 1763 1082 1743 1028 1738 980 1749 929 1736 899 1752 874 1740 811 1770 768 1770"/></Shape>
	    <String CONTENT="" HPOS="762" VPOS="1630" WIDTH="2539" HEIGHT="162"/>
          </TextLine>

          
          
          <TextLine ID="eSc_line_e05bab2a" BASELINE="825 1833 1752 1808 2209 1849 3262 1855" HPOS="825" VPOS="1781" WIDTH="2437" HEIGHT="142">
            <Shape><Polygon POINTS="825 1833 832 1806 908 1790 944 1799 989 1781 1030 1781 1100 1813 1129 1801 1213 1797 1271 1810 1312 1799 1373 1806 1486 1781 1950 1783 2006 1797 2052 1788 2185 1826 2225 1819 2270 1835 2311 1817 2351 1824 2424 1804 2500 1837 3116 1837 3147 1824 3193 1824 3217 1837 3253 1837 3262 1855 3238 1880 3163 1912 3118 1912 3017 1860 2570 1860 2455 1923 2329 1923 2282 1896 2232 1923 2187 1923 2070 1887 1973 1921 1916 1891 1801 1882 1691 1896 1634 1864 1497 1858 1447 1858 1362 1891 1321 1882 1296 1894 1260 1878 1172 1921 886 1921 834 1898"/></Shape>
	    <String CONTENT="" HPOS="825" VPOS="1781" WIDTH="2437" HEIGHT="142"/>
          </TextLine>

          
          
          <TextLine ID="eSc_line_52f6ed6f" BASELINE="1159 1959 1411 1966 1657 1955 1919 1973 2232 1977" HPOS="1159" VPOS="1912" WIDTH="1073" HEIGHT="180">
            <Shape><Polygon POINTS="1159 1959 1163 1930 1181 1912 1204 1934 1233 1923 1260 1939 1337 1930 1355 1941 1416 1941 1436 1925 1492 1934 1504 1925 1542 1930 1558 1919 1585 1919 1761 1923 1788 1946 1808 1930 1831 1939 1853 1930 1878 1946 1928 1939 1937 1950 1973 1930 2022 1928 2061 1952 2094 1946 2103 1955 2225 1955 2232 1977 2225 2015 2146 2015 2117 2036 2088 2013 2047 2013 2029 2029 2006 2013 1970 2011 1952 2029 1907 2034 1862 2056 1794 2029 1752 2043 1693 2092 1596 2092 1501 2004 1456 2002 1353 2070 1332 2063 1301 2085 1159 2083"/></Shape>
	    <String CONTENT="" HPOS="1159" VPOS="1912" WIDTH="1073" HEIGHT="180"/>
          </TextLine>

          
          
          <TextLine ID="eSc_line_4f94ef23" BASELINE="1682 2101 2074 2108 2227 2097" HPOS="1682" VPOS="2040" WIDTH="545" HEIGHT="151">
            <Shape><Polygon POINTS="1682 2101 1684 2083 1747 2083 1770 2072 1779 2081 1833 2085 1876 2045 1894 2040 2043 2040 2061 2058 2090 2056 2112 2067 2149 2061 2180 2085 2221 2085 2227 2097 2221 2133 2176 2164 2137 2167 2101 2133 2031 2191 1930 2191 1885 2169 1824 2167 1763 2133 1684 2130"/></Shape>
	    <String CONTENT="" HPOS="1682" VPOS="2040" WIDTH="545" HEIGHT="151"/>
          </TextLine>

          
        </TextBlock>
        
      </PrintSpace>
    </Page>
  </Layout>
</alto>