<?xml version='1.0' encoding='UTF-8'?>
<alto xmlns:xsi="http://www.w3.org/2001/XMLSchema-instance" xmlns="http://www.loc.gov/standards/alto/ns-v4#" xsi:schemaLocation="http://www.loc.gov/standards/alto/ns-v4# http://www.loc.gov/standards/alto/v4/alto-4-2.xsd">
  <Description>
    <MeasurementUnit>pixel</MeasurementUnit>
    <sourceImageInformation>
      <fileName>126-Fg001-R-C01-R01-D13112011-T124909-LR924_012_F.jpg</fileName>
      
    </sourceImageInformation>
  </Description>
  
  <Tags>
    <OtherTag ID="BT1443" LABEL="Parchment_or_papyrus" DESCRIPTION="block type Parchment_or_papyrus"/><OtherTag ID="BT2" LABEL="Main" DESCRIPTION="block type Main"/>
    
  </Tags>
  
  <Layout>
    <Page WIDTH="3608" HEIGHT="2706" PHYSICAL_IMG_NR="155" ID="eSc_dummypage_">
      <PrintSpace HPOS="0" VPOS="0" WIDTH="3608" HEIGHT="2706">
        
        <TextBlock HPOS="278.0" VPOS="687.0" WIDTH="2913.0" HEIGHT="1698.0" ID="eSc_textblock_9399b10d" TAGREFS="BT2">
          <Shape><Polygon POINTS="278 687 278 2385 3191 2385 3191 687"/></Shape>
          
          
          <TextLine ID="eSc_line_1785241" BASELINE="1508 777 1668 768 1928 764" HPOS="1502.0" VPOS="663.0" WIDTH="427.0" HEIGHT="181.0">
            <Shape><Polygon POINTS="1502 676 1662 667 1926 663 1929 831 1671 835 1511 844"/></Shape>
	    <String CONTENT=" וממלכות " HPOS="1502.0" VPOS="663.0" WIDTH="427.0" HEIGHT="181.0"><Glyph ID="char_0" CONTENT=" " GC="1.0"><Shape><Polygon POINTS="1851 664 1854 832 1900 831 1897 663"/></Shape></Glyph><Glyph ID="char_1" CONTENT="ו" GC="1.0"><Shape><Polygon POINTS="1817 665 1820 833 1854 832 1851 664"/></Shape></Glyph><Glyph ID="char_2" CONTENT="מ" GC="1.0"><Shape><Polygon POINTS="1771 665 1774 833 1820 833 1817 665"/></Shape></Glyph><Glyph ID="char_3" CONTENT="מ" GC="1.0"><Shape><Polygon POINTS="1725 666 1728 834 1774 833 1771 665"/></Shape></Glyph><Glyph ID="char_4" CONTENT="ל" GC="1.0"><Shape><Polygon POINTS="1678 667 1681 835 1728 834 1725 666"/></Shape></Glyph><Glyph ID="char_5" CONTENT="כ" GC="1.0"><Shape><Polygon POINTS="1628 669 1638 837 1681 835 1678 667"/></Shape></Glyph><Glyph ID="char_6" CONTENT="ו" GC="1.0"><Shape><Polygon POINTS="1582 671 1592 839 1638 837 1628 669"/></Shape></Glyph><Glyph ID="char_7" CONTENT="ת" GC="1.0"><Shape><Polygon POINTS="1536 674 1546 842 1592 839 1582 671"/></Shape></Glyph><Glyph ID="char_8" CONTENT=" " GC="1.0"><Shape><Polygon POINTS="1507 777 1541 775"/></Shape></Glyph></String>
          </TextLine>

          
          
          <TextLine ID="eSc_line_1785243" BASELINE="1343 926 1490 933 1646 926 2097 929 2149 872 2392 868 2818 877" HPOS="1339.0" VPOS="767.0" WIDTH="1481.0" HEIGHT="233.0">
            <Shape><Polygon POINTS="1347 825 1494 832 1641 825 2097 828 2074 804 2390 767 2820 776 2816 944 2393 935 2198 917 2096 996 1649 993 1486 1000 1339 993"/></Shape>
	    <String CONTENT=" יד איש הים ולא לסור מ " HPOS="1339.0" VPOS="767.0" WIDTH="1481.0" HEIGHT="233.0"><Glyph ID="char_9" CONTENT=" " GC="1.0"><Shape><Polygon POINTS="2615 772 2611 940 2735 942 2738 774"/></Shape></Glyph><Glyph ID="char_10" CONTENT="י" GC="1.0"><Shape><Polygon POINTS="2559 771 2555 938 2611 940 2615 772"/></Shape></Glyph><Glyph ID="char_11" CONTENT="ד" GC="1.0"><Shape><Polygon POINTS="2514 770 2510 937 2555 938 2559 771"/></Shape></Glyph><Glyph ID="char_12" CONTENT=" " GC="1.0"><Shape><Polygon POINTS="2469 769 2465 937 2510 937 2514 770"/></Shape></Glyph><Glyph ID="char_13" CONTENT="א" GC="1.0"><Shape><Polygon POINTS="2412 767 2408 935 2465 937 2469 769"/></Shape></Glyph><Glyph ID="char_14" CONTENT="י" GC="1.0"><Shape><Polygon POINTS="2352 771 2354 931 2408 935 2412 767"/></Shape></Glyph><Glyph ID="char_15" CONTENT="ש" GC="1.0"><Shape><Polygon POINTS="2205 789 2207 918 2354 931 2352 771"/></Shape></Glyph><Glyph ID="char_16" CONTENT=" " GC="1.0"><Shape><Polygon POINTS="2041 828 2040 996 2207 918 2205 789"/></Shape></Glyph><Glyph ID="char_17" CONTENT="ה" GC="1.0"><Shape><Polygon POINTS="1973 827 1972 995 2040 996 2041 828"/></Shape></Glyph><Glyph ID="char_18" CONTENT="י" GC="1.0"><Shape><Polygon POINTS="1917 827 1916 995 1972 995 1973 827"/></Shape></Glyph><Glyph ID="char_19" CONTENT="ם" GC="1.0"><Shape><Polygon POINTS="1860 826 1859 994 1916 995 1917 827"/></Shape></Glyph><Glyph ID="char_20" CONTENT=" " GC="1.0"><Shape><Polygon POINTS="1815 826 1814 994 1859 994 1860 826"/></Shape></Glyph><Glyph ID="char_21" CONTENT="ו" GC="1.0"><Shape><Polygon POINTS="1770 826 1769 994 1814 994 1815 826"/></Shape></Glyph><Glyph ID="char_22" CONTENT="ל" GC="1.0"><Shape><Polygon POINTS="1736 826 1735 994 1769 994 1770 826"/></Shape></Glyph><Glyph ID="char_23" CONTENT="א" GC="1.0"><Shape><Polygon POINTS="1691 825 1690 993 1735 994 1736 826"/></Shape></Glyph><Glyph ID="char_24" CONTENT=" " GC="1.0"><Shape><Polygon POINTS="1669 825 1668 993 1690 993 1691 825"/></Shape></Glyph><Glyph ID="char_25" CONTENT="ל" GC="1.0"><Shape><Polygon POINTS="1607 827 1615 994 1668 993 1669 825"/></Shape></Glyph><Glyph ID="char_26" CONTENT="ס" GC="1.0"><Shape><Polygon POINTS="1551 829 1559 997 1615 994 1607 827"/></Shape></Glyph><Glyph ID="char_27" CONTENT="ו" GC="1.0"><Shape><Polygon POINTS="1506 831 1514 999 1559 997 1551 829"/></Shape></Glyph><Glyph ID="char_28" CONTENT="ר" GC="1.0"><Shape><Polygon POINTS="1471 831 1462 999 1514 999 1506 831"/></Shape></Glyph><Glyph ID="char_29" CONTENT=" " GC="1.0"><Shape><Polygon POINTS="1448 830 1439 998 1462 999 1471 831"/></Shape></Glyph><Glyph ID="char_30" CONTENT="מ" GC="1.0"><Shape><Polygon POINTS="1392 827 1383 995 1439 998 1448 830"/></Shape></Glyph><Glyph ID="char_31" CONTENT=" " GC="1.0"><Shape><Polygon POINTS="1342 925 1386 927"/></Shape></Glyph></String>
          </TextLine>

          
          
          <TextLine ID="eSc_line_1785258" BASELINE="403 983 455 974 690 978 913 1046 996 1050 1095 1071 1195 1084 1371 1080 1711 1082 1842 1086 2379 1053 2717 1053 2987 1059 3069 1066" HPOS="385.0" VPOS="874.0" WIDTH="2692.0" HEIGHT="279.0">
            <Shape><Polygon POINTS="385 883 437 874 691 877 942 949 1000 949 1115 972 1207 984 1368 979 1711 981 1845 985 2372 952 2717 952 2989 958 3077 965 3063 1132 2985 1126 2717 1120 2383 1120 1839 1153 1710 1149 1372 1147 1186 1150 1081 1136 992 1117 893 1110 688 1045 466 1040 414 1049"/></Shape>
	    <String CONTENT=" בבריתו תדבק נפשם ו וש דברי פי י אלה שמים" HPOS="385.0" VPOS="874.0" WIDTH="2692.0" HEIGHT="279.0"><Glyph ID="char_32" CONTENT=" " GC="1.0"><Shape><Polygon POINTS="3032 961 3018 1129 3052 1131 3066 964"/></Shape></Glyph><Glyph ID="char_33" CONTENT="ב" GC="1.0"><Shape><Polygon POINTS="2981 958 2977 1126 3018 1129 3032 961"/></Shape></Glyph><Glyph ID="char_34" CONTENT="ב" GC="1.0"><Shape><Polygon POINTS="2925 957 2921 1125 2977 1126 2981 958"/></Shape></Glyph><Glyph ID="char_35" CONTENT="ר" GC="1.0"><Shape><Polygon POINTS="2857 955 2853 1123 2921 1125 2925 957"/></Shape></Glyph><Glyph ID="char_36" CONTENT="י" GC="1.0"><Shape><Polygon POINTS="2789 954 2785 1122 2853 1123 2857 955"/></Shape></Glyph><Glyph ID="char_37" CONTENT="ת" GC="1.0"><Shape><Polygon POINTS="2744 953 2740 1121 2785 1122 2789 954"/></Shape></Glyph><Glyph ID="char_38" CONTENT="ו" GC="1.0"><Shape><Polygon POINTS="2708 952 2708 1120 2740 1121 2744 953"/></Shape></Glyph><Glyph ID="char_39" CONTENT=" " GC="1.0"><Shape><Polygon POINTS="2675 952 2675 1120 2708 1120 2708 952"/></Shape></Glyph><Glyph ID="char_40" CONTENT="ת" GC="1.0"><Shape><Polygon POINTS="2630 952 2630 1120 2675 1120 2675 952"/></Shape></Glyph><Glyph ID="char_41" CONTENT="ד" GC="1.0"><Shape><Polygon POINTS="2584 952 2584 1120 2630 1120 2630 952"/></Shape></Glyph><Glyph ID="char_42" CONTENT="ב" GC="1.0"><Shape><Polygon POINTS="2506 952 2506 1120 2584 1120 2584 952"/></Shape></Glyph><Glyph ID="char_43" CONTENT="ק" GC="1.0"><Shape><Polygon POINTS="2460 952 2460 1120 2506 1120 2506 952"/></Shape></Glyph><Glyph ID="char_44" CONTENT=" " GC="1.0"><Shape><Polygon POINTS="2427 952 2427 1120 2460 1120 2460 952"/></Shape></Glyph><Glyph ID="char_45" CONTENT="נ" GC="1.0"><Shape><Polygon POINTS="2393 952 2393 1120 2427 1120 2427 952"/></Shape></Glyph><Glyph ID="char_46" CONTENT="פ" GC="1.0"><Shape><Polygon POINTS="2342 954 2352 1122 2393 1120 2393 952"/></Shape></Glyph><Glyph ID="char_47" CONTENT="ש" GC="1.0"><Shape><Polygon POINTS="2263 959 2273 1127 2352 1122 2342 954"/></Shape></Glyph><Glyph ID="char_48" CONTENT="ם" GC="1.0"><Shape><Polygon POINTS="2195 963 2205 1131 2273 1127 2263 959"/></Shape></Glyph><Glyph ID="char_49" CONTENT=" " GC="1.0"><Shape><Polygon POINTS="2161 965 2171 1133 2205 1131 2195 963"/></Shape></Glyph><Glyph ID="char_50" CONTENT="ו" GC="1.0"><Shape><Polygon POINTS="2049 972 2060 1140 2171 1133 2161 965"/></Shape></Glyph><Glyph ID="char_51" CONTENT=" " GC="1.0"><Shape><Polygon POINTS="1914 981 1925 1148 2060 1140 2049 972"/></Shape></Glyph><Glyph ID="char_52" CONTENT="ו" GC="1.0"><Shape><Polygon POINTS="1858 984 1868 1151 1925 1148 1914 981"/></Shape></Glyph><Glyph ID="char_53" CONTENT="ש" GC="1.0"><Shape><Polygon POINTS="1811 984 1806 1152 1868 1151 1858 984"/></Shape></Glyph><Glyph ID="char_54" CONTENT=" " GC="1.0"><Shape><Polygon POINTS="1755 982 1750 1150 1806 1152 1811 984"/></Shape></Glyph><Glyph ID="char_55" CONTENT="ד" GC="1.0"><Shape><Polygon POINTS="1706 981 1705 1149 1750 1150 1755 982"/></Shape></Glyph><Glyph ID="char_56" CONTENT="ב" GC="1.0"><Shape><Polygon POINTS="1661 981 1660 1149 1705 1149 1706 981"/></Shape></Glyph><Glyph ID="char_57" CONTENT="ר" GC="1.0"><Shape><Polygon POINTS="1605 980 1604 1148 1660 1149 1661 981"/></Shape></Glyph><Glyph ID="char_58" CONTENT="י" GC="1.0"><Shape><Polygon POINTS="1571 980 1570 1148 1604 1148 1605 980"/></Shape></Glyph><Glyph ID="char_59" CONTENT=" " GC="1.0"><Shape><Polygon POINTS="1537 980 1536 1148 1570 1148 1571 980"/></Shape></Glyph><Glyph ID="char_60" CONTENT="פ" GC="1.0"><Shape><Polygon POINTS="1504 980 1503 1148 1536 1148 1537 980"/></Shape></Glyph><Glyph ID="char_61" CONTENT="י" GC="1.0"><Shape><Polygon POINTS="1366 979 1369 1147 1503 1148 1504 980"/></Shape></Glyph><Glyph ID="char_62" CONTENT=" " GC="1.0"><Shape><Polygon POINTS="1190 982 1169 1148 1369 1147 1366 979"/></Shape></Glyph><Glyph ID="char_63" CONTENT="י" GC="1.0"><Shape><Polygon POINTS="1123 973 1101 1139 1169 1148 1190 982"/></Shape></Glyph><Glyph ID="char_64" CONTENT=" " GC="1.0"><Shape><Polygon POINTS="1097 968 1062 1132 1101 1139 1123 973"/></Shape></Glyph><Glyph ID="char_65" CONTENT="א" GC="1.0"><Shape><Polygon POINTS="1065 962 1030 1125 1062 1132 1097 968"/></Shape></Glyph><Glyph ID="char_66" CONTENT="ל" GC="1.0"><Shape><Polygon POINTS="982 949 974 1116 1030 1125 1065 962"/></Shape></Glyph><Glyph ID="char_67" CONTENT="ה" GC="1.0"><Shape><Polygon POINTS="842 920 793 1078 974 1116 982 949"/></Shape></Glyph><Glyph ID="char_68" CONTENT=" " GC="1.0"><Shape><Polygon POINTS="673 877 670 1045 793 1078 842 920"/></Shape></Glyph><Glyph ID="char_69" CONTENT="ש" GC="1.0"><Shape><Polygon POINTS="617 876 614 1043 670 1045 673 877"/></Shape></Glyph><Glyph ID="char_70" CONTENT="מ" GC="1.0"><Shape><Polygon POINTS="538 875 535 1042 614 1043 617 876"/></Shape></Glyph><Glyph ID="char_71" CONTENT="י" GC="1.0"><Shape><Polygon POINTS="419 877 447 1043 535 1042 538 875"/></Shape></Glyph><Glyph ID="char_72" CONTENT="ם" GC="1.0"><Shape><Polygon POINTS="402 983 435 977"/></Shape></Glyph></String>
          </TextLine>

          
          
          <TextLine ID="eSc_line_1785257" BASELINE="417 1125 534 1132 667 1132 735 1125 868 1177 1150 1201 1323 1228 1501 1242 1804 1249 2074 1237 2417 1237 2568 1244 2978 1244 3120 1235" HPOS="412.0" VPOS="1024.0" WIDTH="2712.0" HEIGHT="292.0">
            <Shape><Polygon POINTS="423 1024 540 1031 667 1031 724 1024 904 1083 1158 1100 1338 1128 1508 1141 1806 1148 2069 1136 2417 1136 2572 1143 2978 1143 3113 1134 3124 1302 2978 1311 2564 1311 2417 1304 2076 1304 1802 1316 1495 1308 1312 1294 1144 1267 843 1239 741 1191 667 1199 529 1199 412 1192"/></Shape>
	    <String CONTENT="ממעל ולחקר דרכי בני האדם אין סתר לפנו הוא ברא חשך ור לו" HPOS="412.0" VPOS="1024.0" WIDTH="2712.0" HEIGHT="292.0"><Glyph ID="char_73" CONTENT="מ" GC="1.0"><Shape><Polygon POINTS="3034 1139 3045 1307 3100 1303 3090 1136"/></Shape></Glyph><Glyph ID="char_74" CONTENT="מ" GC="1.0"><Shape><Polygon POINTS="2978 1143 2989 1310 3045 1307 3034 1139"/></Shape></Glyph><Glyph ID="char_75" CONTENT="ע" GC="1.0"><Shape><Polygon POINTS="2927 1143 2927 1311 2989 1310 2978 1143"/></Shape></Glyph><Glyph ID="char_76" CONTENT="ל" GC="1.0"><Shape><Polygon POINTS="2871 1143 2871 1311 2927 1311 2927 1143"/></Shape></Glyph><Glyph ID="char_77" CONTENT=" " GC="1.0"><Shape><Polygon POINTS="2837 1143 2837 1311 2871 1311 2871 1143"/></Shape></Glyph><Glyph ID="char_78" CONTENT="ו" GC="1.0"><Shape><Polygon POINTS="2781 1143 2781 1311 2837 1311 2837 1143"/></Shape></Glyph><Glyph ID="char_79" CONTENT="ל" GC="1.0"><Shape><Polygon POINTS="2736 1143 2736 1311 2781 1311 2781 1143"/></Shape></Glyph><Glyph ID="char_80" CONTENT="ח" GC="1.0"><Shape><Polygon POINTS="2679 1143 2679 1311 2736 1311 2736 1143"/></Shape></Glyph><Glyph ID="char_81" CONTENT="ק" GC="1.0"><Shape><Polygon POINTS="2623 1143 2623 1311 2679 1311 2679 1143"/></Shape></Glyph><Glyph ID="char_82" CONTENT="ר" GC="1.0"><Shape><Polygon POINTS="2578 1143 2578 1311 2623 1311 2623 1143"/></Shape></Glyph><Glyph ID="char_83" CONTENT=" " GC="1.0"><Shape><Polygon POINTS="2549 1142 2541 1310 2578 1311 2578 1143"/></Shape></Glyph><Glyph ID="char_84" CONTENT="ד" GC="1.0"><Shape><Polygon POINTS="2492 1139 2484 1307 2541 1310 2549 1142"/></Shape></Glyph><Glyph ID="char_85" CONTENT="ר" GC="1.0"><Shape><Polygon POINTS="2436 1137 2428 1305 2484 1307 2492 1139"/></Shape></Glyph><Glyph ID="char_86" CONTENT="כ" GC="1.0"><Shape><Polygon POINTS="2376 1136 2376 1304 2428 1305 2436 1137"/></Shape></Glyph><Glyph ID="char_87" CONTENT="י" GC="1.0"><Shape><Polygon POINTS="2353 1136 2353 1304 2376 1304 2376 1136"/></Shape></Glyph><Glyph ID="char_88" CONTENT=" " GC="1.0"><Shape><Polygon POINTS="2308 1136 2308 1304 2353 1304 2353 1136"/></Shape></Glyph><Glyph ID="char_89" CONTENT="ב" GC="1.0"><Shape><Polygon POINTS="2263 1136 2263 1304 2308 1304 2308 1136"/></Shape></Glyph><Glyph ID="char_90" CONTENT="נ" GC="1.0"><Shape><Polygon POINTS="2229 1136 2229 1304 2263 1304 2263 1136"/></Shape></Glyph><Glyph ID="char_91" CONTENT="י" GC="1.0"><Shape><Polygon POINTS="2206 1136 2206 1304 2229 1304 2229 1136"/></Shape></Glyph><Glyph ID="char_92" CONTENT=" " GC="1.0"><Shape><Polygon POINTS="2173 1136 2173 1304 2206 1304 2206 1136"/></Shape></Glyph><Glyph ID="char_93" CONTENT="ה" GC="1.0"><Shape><Polygon POINTS="2116 1136 2116 1304 2173 1304 2173 1136"/></Shape></Glyph><Glyph ID="char_94" CONTENT="א" GC="1.0"><Shape><Polygon POINTS="2055 1137 2063 1305 2116 1304 2116 1136"/></Shape></Glyph><Glyph ID="char_95" CONTENT="ד" GC="1.0"><Shape><Polygon POINTS="1987 1140 1995 1308 2063 1305 2055 1137"/></Shape></Glyph><Glyph ID="char_96" CONTENT="ם" GC="1.0"><Shape><Polygon POINTS="1931 1142 1939 1310 1995 1308 1987 1140"/></Shape></Glyph><Glyph ID="char_97" CONTENT=" " GC="1.0"><Shape><Polygon POINTS="1874 1145 1882 1313 1939 1310 1931 1142"/></Shape></Glyph><Glyph ID="char_98" CONTENT="א" GC="1.0"><Shape><Polygon POINTS="1829 1147 1837 1314 1882 1313 1874 1145"/></Shape></Glyph><Glyph ID="char_99" CONTENT="י" GC="1.0"><Shape><Polygon POINTS="1802 1148 1798 1316 1837 1314 1829 1147"/></Shape></Glyph><Glyph ID="char_100" CONTENT="ן" GC="1.0"><Shape><Polygon POINTS="1780 1147 1776 1315 1798 1316 1802 1148"/></Shape></Glyph><Glyph ID="char_101" CONTENT=" " GC="1.0"><Shape><Polygon POINTS="1757 1147 1753 1315 1776 1315 1780 1147"/></Shape></Glyph><Glyph ID="char_102" CONTENT="ס" GC="1.0"><Shape><Polygon POINTS="1701 1146 1697 1313 1753 1315 1757 1147"/></Shape></Glyph><Glyph ID="char_103" CONTENT="ת" GC="1.0"><Shape><Polygon POINTS="1645 1144 1641 1312 1697 1313 1701 1146"/></Shape></Glyph><Glyph ID="char_104" CONTENT="ר" GC="1.0"><Shape><Polygon POINTS="1611 1143 1607 1311 1641 1312 1645 1144"/></Shape></Glyph><Glyph ID="char_105" CONTENT=" " GC="1.0"><Shape><Polygon POINTS="1554 1142 1550 1309 1607 1311 1611 1143"/></Shape></Glyph><Glyph ID="char_106" CONTENT="ל" GC="1.0"><Shape><Polygon POINTS="1493 1140 1480 1307 1550 1309 1554 1142"/></Shape></Glyph><Glyph ID="char_107" CONTENT="פ" GC="1.0"><Shape><Polygon POINTS="1459 1137 1446 1304 1480 1307 1493 1140"/></Shape></Glyph><Glyph ID="char_108" CONTENT="נ" GC="1.0"><Shape><Polygon POINTS="1436 1135 1423 1302 1446 1304 1459 1137"/></Shape></Glyph><Glyph ID="char_109" CONTENT="ו" GC="1.0"><Shape><Polygon POINTS="1414 1134 1401 1301 1423 1302 1436 1135"/></Shape></Glyph><Glyph ID="char_110" CONTENT=" " GC="1.0"><Shape><Polygon POINTS="1380 1131 1367 1298 1401 1301 1414 1134"/></Shape></Glyph><Glyph ID="char_111" CONTENT="ה" GC="1.0"><Shape><Polygon POINTS="1332 1127 1306 1293 1367 1298 1380 1131"/></Shape></Glyph><Glyph ID="char_112" CONTENT="ו" GC="1.0"><Shape><Polygon POINTS="1287 1120 1261 1286 1306 1293 1332 1127"/></Shape></Glyph><Glyph ID="char_113" CONTENT="א" GC="1.0"><Shape><Polygon POINTS="1242 1113 1216 1279 1261 1286 1287 1120"/></Shape></Glyph><Glyph ID="char_114" CONTENT=" " GC="1.0"><Shape><Polygon POINTS="1209 1108 1183 1273 1216 1279 1242 1113"/></Shape></Glyph><Glyph ID="char_115" CONTENT="ב" GC="1.0"><Shape><Polygon POINTS="1157 1100 1143 1267 1183 1273 1209 1108"/></Shape></Glyph><Glyph ID="char_116" CONTENT="ר" GC="1.0"><Shape><Polygon POINTS="1124 1098 1110 1264 1143 1267 1157 1100"/></Shape></Glyph><Glyph ID="char_117" CONTENT="א" GC="1.0"><Shape><Polygon POINTS="1078 1095 1064 1260 1110 1264 1124 1098"/></Shape></Glyph><Glyph ID="char_118" CONTENT=" " GC="1.0"><Shape><Polygon POINTS="1033 1092 1019 1255 1064 1260 1078 1095"/></Shape></Glyph><Glyph ID="char_119" CONTENT="ח" GC="1.0"><Shape><Polygon POINTS="978 1088 964 1250 1019 1255 1033 1092"/></Shape></Glyph><Glyph ID="char_120" CONTENT="ש" GC="1.0"><Shape><Polygon POINTS="910 1083 896 1244 964 1250 978 1088"/></Shape></Glyph><Glyph ID="char_121" CONTENT="ך" GC="1.0"><Shape><Polygon POINTS="829 1058 772 1205 896 1244 910 1083"/></Shape></Glyph><Glyph ID="char_122" CONTENT=" " GC="1.0"><Shape><Polygon POINTS="687 1029 704 1195 772 1205 829 1058"/></Shape></Glyph><Glyph ID="char_123" CONTENT="ו" GC="1.0"><Shape><Polygon POINTS="630 1031 630 1199 704 1195 687 1029"/></Shape></Glyph><Glyph ID="char_124" CONTENT="ר" GC="1.0"><Shape><Polygon POINTS="574 1031 574 1199 630 1199 630 1031"/></Shape></Glyph><Glyph ID="char_125" CONTENT=" " GC="1.0"><Shape><Polygon POINTS="540 1031 540 1199 574 1199 574 1031"/></Shape></Glyph><Glyph ID="char_126" CONTENT="ל" GC="1.0"><Shape><Polygon POINTS="502 1029 490 1197 540 1199 540 1031"/></Shape></Glyph><Glyph ID="char_127" CONTENT="ו" GC="1.0"><Shape><Polygon POINTS="434 1025 422 1193 490 1197 502 1029"/></Shape></Glyph></String>
          </TextLine>

          
          
          <TextLine ID="eSc_line_1785256" BASELINE="435 1321 536 1319 732 1332 791 1332 832 1348 935 1366 1199 1393 1393 1425 1670 1445 1961 1447 2282 1436 2575 1436 2685 1440 2904 1440 3041 1436 3127 1440" HPOS="433.0" VPOS="1218.0" WIDTH="2698.0" HEIGHT="296.0">
            <Shape><Polygon POINTS="433 1220 534 1218 738 1231 791 1231 868 1254 952 1266 1209 1292 1409 1325 1677 1344 1961 1346 2278 1335 2575 1335 2688 1339 2904 1339 3038 1335 3131 1339 3123 1507 3042 1503 2904 1507 2682 1507 2575 1503 2284 1503 1960 1514 1665 1512 1382 1491 1192 1459 923 1432 807 1410 791 1399 727 1399 537 1386 436 1388"/></Shape>
	    <String CONTENT="ובמעונתו אור א רתם וכל אפלה לפנו נחה ואין עמו להבדיל ין האור" HPOS="433.0" VPOS="1218.0" WIDTH="2698.0" HEIGHT="296.0"><Glyph ID="char_128" CONTENT="ו" GC="1.0"><Shape><Polygon POINTS="3063 1336 3055 1504 3100 1506 3108 1338"/></Shape></Glyph><Glyph ID="char_129" CONTENT="ב" GC="1.0"><Shape><Polygon POINTS="3010 1336 3015 1504 3055 1504 3063 1336"/></Shape></Glyph><Glyph ID="char_130" CONTENT="מ" GC="1.0"><Shape><Polygon POINTS="2953 1338 2958 1505 3015 1504 3010 1336"/></Shape></Glyph><Glyph ID="char_131" CONTENT="ע" GC="1.0"><Shape><Polygon POINTS="2900 1339 2900 1507 2958 1505 2953 1338"/></Shape></Glyph><Glyph ID="char_132" CONTENT="ו" GC="1.0"><Shape><Polygon POINTS="2855 1339 2855 1507 2900 1507 2900 1339"/></Shape></Glyph><Glyph ID="char_133" CONTENT="נ" GC="1.0"><Shape><Polygon POINTS="2809 1339 2809 1507 2855 1507 2855 1339"/></Shape></Glyph><Glyph ID="char_134" CONTENT="ת" GC="1.0"><Shape><Polygon POINTS="2764 1339 2764 1507 2809 1507 2809 1339"/></Shape></Glyph><Glyph ID="char_135" CONTENT="ו" GC="1.0"><Shape><Polygon POINTS="2742 1339 2742 1507 2764 1507 2764 1339"/></Shape></Glyph><Glyph ID="char_136" CONTENT=" " GC="1.0"><Shape><Polygon POINTS="2708 1339 2708 1507 2742 1507 2742 1339"/></Shape></Glyph><Glyph ID="char_137" CONTENT="א" GC="1.0"><Shape><Polygon POINTS="2655 1338 2649 1506 2708 1507 2708 1339"/></Shape></Glyph><Glyph ID="char_138" CONTENT="ו" GC="1.0"><Shape><Polygon POINTS="2599 1336 2593 1504 2649 1506 2655 1338"/></Shape></Glyph><Glyph ID="char_139" CONTENT="ר" GC="1.0"><Shape><Polygon POINTS="2549 1335 2549 1503 2593 1504 2599 1336"/></Shape></Glyph><Glyph ID="char_140" CONTENT=" " GC="1.0"><Shape><Polygon POINTS="2515 1335 2515 1503 2549 1503 2549 1335"/></Shape></Glyph><Glyph ID="char_141" CONTENT="א" GC="1.0"><Shape><Polygon POINTS="2470 1335 2470 1503 2515 1503 2515 1335"/></Shape></Glyph><Glyph ID="char_142" CONTENT=" " GC="1.0"><Shape><Polygon POINTS="2425 1335 2425 1503 2470 1503 2470 1335"/></Shape></Glyph><Glyph ID="char_143" CONTENT="ר" GC="1.0"><Shape><Polygon POINTS="2357 1335 2357 1503 2425 1503 2425 1335"/></Shape></Glyph><Glyph ID="char_144" CONTENT="ת" GC="1.0"><Shape><Polygon POINTS="2289 1335 2289 1503 2357 1503 2357 1335"/></Shape></Glyph><Glyph ID="char_145" CONTENT="ם" GC="1.0"><Shape><Polygon POINTS="2241 1336 2246 1504 2289 1503 2289 1335"/></Shape></Glyph><Glyph ID="char_146" CONTENT=" " GC="1.0"><Shape><Polygon POINTS="2196 1338 2201 1506 2246 1504 2241 1336"/></Shape></Glyph><Glyph ID="char_147" CONTENT="ו" GC="1.0"><Shape><Polygon POINTS="2139 1340 2144 1508 2201 1506 2196 1338"/></Shape></Glyph><Glyph ID="char_148" CONTENT="כ" GC="1.0"><Shape><Polygon POINTS="2094 1341 2099 1509 2144 1508 2139 1340"/></Shape></Glyph><Glyph ID="char_149" CONTENT="ל" GC="1.0"><Shape><Polygon POINTS="2060 1343 2065 1510 2099 1509 2094 1341"/></Shape></Glyph><Glyph ID="char_150" CONTENT=" " GC="1.0"><Shape><Polygon POINTS="2015 1344 2021 1512 2065 1510 2060 1343"/></Shape></Glyph><Glyph ID="char_151" CONTENT="א" GC="1.0"><Shape><Polygon POINTS="1970 1346 1976 1513 2021 1512 2015 1344"/></Shape></Glyph><Glyph ID="char_152" CONTENT="פ" GC="1.0"><Shape><Polygon POINTS="1929 1346 1928 1514 1976 1513 1970 1346"/></Shape></Glyph><Glyph ID="char_153" CONTENT="ל" GC="1.0"><Shape><Polygon POINTS="1883 1345 1882 1513 1928 1514 1929 1346"/></Shape></Glyph><Glyph ID="char_154" CONTENT="ה" GC="1.0"><Shape><Polygon POINTS="1838 1345 1837 1513 1882 1513 1883 1345"/></Shape></Glyph><Glyph ID="char_155" CONTENT=" " GC="1.0"><Shape><Polygon POINTS="1804 1345 1803 1513 1837 1513 1838 1345"/></Shape></Glyph><Glyph ID="char_156" CONTENT="ל" GC="1.0"><Shape><Polygon POINTS="1759 1345 1758 1513 1803 1513 1804 1345"/></Shape></Glyph><Glyph ID="char_157" CONTENT="פ" GC="1.0"><Shape><Polygon POINTS="1725 1344 1724 1512 1758 1513 1759 1345"/></Shape></Glyph><Glyph ID="char_158" CONTENT="נ" GC="1.0"><Shape><Polygon POINTS="1703 1344 1702 1512 1724 1512 1725 1344"/></Shape></Glyph><Glyph ID="char_159" CONTENT="ו" GC="1.0"><Shape><Polygon POINTS="1680 1344 1679 1512 1702 1512 1703 1344"/></Shape></Glyph><Glyph ID="char_160" CONTENT=" " GC="1.0"><Shape><Polygon POINTS="1664 1343 1651 1511 1679 1512 1680 1344"/></Shape></Glyph><Glyph ID="char_161" CONTENT="נ" GC="1.0"><Shape><Polygon POINTS="1630 1341 1618 1508 1651 1511 1664 1343"/></Shape></Glyph><Glyph ID="char_162" CONTENT="ח" GC="1.0"><Shape><Polygon POINTS="1585 1337 1573 1505 1618 1508 1630 1341"/></Shape></Glyph><Glyph ID="char_163" CONTENT="ה" GC="1.0"><Shape><Polygon POINTS="1529 1334 1517 1501 1573 1505 1585 1337"/></Shape></Glyph><Glyph ID="char_164" CONTENT=" " GC="1.0"><Shape><Polygon POINTS="1495 1331 1483 1498 1517 1501 1529 1334"/></Shape></Glyph><Glyph ID="char_165" CONTENT="ו" GC="1.0"><Shape><Polygon POINTS="1450 1328 1438 1495 1483 1498 1495 1331"/></Shape></Glyph><Glyph ID="char_166" CONTENT="א" GC="1.0"><Shape><Polygon POINTS="1404 1324 1392 1492 1438 1495 1450 1328"/></Shape></Glyph><Glyph ID="char_167" CONTENT="י" GC="1.0"><Shape><Polygon POINTS="1369 1318 1342 1484 1392 1492 1404 1324"/></Shape></Glyph><Glyph ID="char_168" CONTENT="ן" GC="1.0"><Shape><Polygon POINTS="1346 1315 1319 1480 1342 1484 1369 1318"/></Shape></Glyph><Glyph ID="char_169" CONTENT=" " GC="1.0"><Shape><Polygon POINTS="1314 1309 1286 1475 1319 1480 1346 1315"/></Shape></Glyph><Glyph ID="char_170" CONTENT="ע" GC="1.0"><Shape><Polygon POINTS="1268 1302 1241 1467 1286 1475 1314 1309"/></Shape></Glyph><Glyph ID="char_171" CONTENT="מ" GC="1.0"><Shape><Polygon POINTS="1207 1292 1190 1459 1241 1467 1268 1302"/></Shape></Glyph><Glyph ID="char_172" CONTENT="ו" GC="1.0"><Shape><Polygon POINTS="1184 1289 1167 1456 1190 1459 1207 1292"/></Shape></Glyph><Glyph ID="char_173" CONTENT=" " GC="1.0"><Shape><Polygon POINTS="1162 1287 1145 1454 1167 1456 1184 1289"/></Shape></Glyph><Glyph ID="char_174" CONTENT="ל" GC="1.0"><Shape><Polygon POINTS="1116 1283 1099 1450 1145 1454 1162 1287"/></Shape></Glyph><Glyph ID="char_175" CONTENT="ה" GC="1.0"><Shape><Polygon POINTS="1061 1277 1044 1444 1099 1450 1116 1283"/></Shape></Glyph><Glyph ID="char_176" CONTENT="ב" GC="1.0"><Shape><Polygon POINTS="1004 1271 987 1438 1044 1444 1061 1277"/></Shape></Glyph><Glyph ID="char_177" CONTENT="ד" GC="1.0"><Shape><Polygon POINTS="948 1265 931 1433 987 1438 1004 1271"/></Shape></Glyph><Glyph ID="char_178" CONTENT="י" GC="1.0"><Shape><Polygon POINTS="922 1262 893 1426 931 1433 948 1265"/></Shape></Glyph><Glyph ID="char_179" CONTENT="ל" GC="1.0"><Shape><Polygon POINTS="888 1257 860 1420 893 1426 922 1262"/></Shape></Glyph><Glyph ID="char_180" CONTENT=" " GC="1.0"><Shape><Polygon POINTS="852 1249 793 1400 860 1420 888 1257"/></Shape></Glyph><Glyph ID="char_181" CONTENT="י" GC="1.0"><Shape><Polygon POINTS="751 1231 751 1399 793 1400 852 1249"/></Shape></Glyph><Glyph ID="char_182" CONTENT="ן" GC="1.0"><Shape><Polygon POINTS="723 1230 712 1398 751 1399 751 1231"/></Shape></Glyph><Glyph ID="char_183" CONTENT=" " GC="1.0"><Shape><Polygon POINTS="677 1227 666 1395 712 1398 723 1230"/></Shape></Glyph><Glyph ID="char_184" CONTENT="ה" GC="1.0"><Shape><Polygon POINTS="621 1224 610 1391 666 1395 677 1227"/></Shape></Glyph><Glyph ID="char_185" CONTENT="א" GC="1.0"><Shape><Polygon POINTS="565 1220 554 1387 610 1391 621 1224"/></Shape></Glyph><Glyph ID="char_186" CONTENT="ו" GC="1.0"><Shape><Polygon POINTS="500 1219 503 1387 554 1387 565 1220"/></Shape></Glyph><Glyph ID="char_187" CONTENT="ר" GC="1.0"><Shape><Polygon POINTS="443 1220 446 1388 503 1387 500 1219"/></Shape></Glyph></String>
          </TextLine>

          
          
          <TextLine ID="eSc_line_1785248" BASELINE="392 1522 487 1517 545 1519 791 1537 971 1555 1023 1555 1224 1569 1323 1583 1425 1605 1495 1616 1637 1632 1853 1639 2061 1634 2399 1639 2487 1634 2787 1637 2899 1632 3014 1632 3073 1634 3116 1641" HPOS="386.0" VPOS="1416.0" WIDTH="2746.0" HEIGHT="291.0">
            <Shape><Polygon POINTS="386 1421 481 1416 548 1418 798 1436 981 1454 1023 1454 1231 1468 1337 1483 1446 1506 1510 1516 1648 1531 1856 1538 2058 1533 2400 1538 2481 1533 2788 1536 2894 1531 3014 1531 3076 1533 3132 1541 3105 1707 3070 1701 3014 1699 2901 1699 2786 1704 2490 1701 2398 1706 2062 1701 1850 1706 1629 1698 1484 1682 1410 1670 1313 1649 1219 1636 1023 1622 964 1621 786 1604 542 1586 490 1584 395 1589"/></Shape>
	    <String CONTENT="לחשך כי לבני הבדילם לא יומם ובשמש לילה ירח וכוכבים" HPOS="386.0" VPOS="1416.0" WIDTH="2746.0" HEIGHT="291.0"><Glyph ID="char_188" CONTENT="ל" GC="1.0"><Shape><Polygon POINTS="3063 1533 3057 1701 3082 1703 3109 1538"/></Shape></Glyph><Glyph ID="char_189" CONTENT="ח" GC="1.0"><Shape><Polygon POINTS="3018 1531 3012 1699 3057 1701 3063 1533"/></Shape></Glyph><Glyph ID="char_190" CONTENT="ש" GC="1.0"><Shape><Polygon POINTS="2935 1531 2935 1699 3012 1699 3018 1531"/></Shape></Glyph><Glyph ID="char_191" CONTENT="ך" GC="1.0"><Shape><Polygon POINTS="2875 1532 2882 1700 2935 1699 2935 1531"/></Shape></Glyph><Glyph ID="char_192" CONTENT=" " GC="1.0"><Shape><Polygon POINTS="2830 1534 2837 1702 2882 1700 2875 1532"/></Shape></Glyph><Glyph ID="char_193" CONTENT="כ" GC="1.0"><Shape><Polygon POINTS="2784 1536 2791 1704 2837 1702 2830 1534"/></Shape></Glyph><Glyph ID="char_194" CONTENT="י" GC="1.0"><Shape><Polygon POINTS="2767 1536 2766 1704 2791 1704 2784 1536"/></Shape></Glyph><Glyph ID="char_195" CONTENT=" " GC="1.0"><Shape><Polygon POINTS="2733 1535 2732 1703 2766 1704 2767 1536"/></Shape></Glyph><Glyph ID="char_196" CONTENT="ל" GC="1.0"><Shape><Polygon POINTS="2677 1535 2676 1703 2732 1703 2733 1535"/></Shape></Glyph><Glyph ID="char_197" CONTENT="ב" GC="1.0"><Shape><Polygon POINTS="2631 1534 2630 1702 2676 1703 2677 1535"/></Shape></Glyph><Glyph ID="char_198" CONTENT="נ" GC="1.0"><Shape><Polygon POINTS="2597 1534 2596 1702 2630 1702 2631 1534"/></Shape></Glyph><Glyph ID="char_199" CONTENT="י" GC="1.0"><Shape><Polygon POINTS="2456 1535 2465 1702 2596 1702 2597 1534"/></Shape></Glyph><Glyph ID="char_200" CONTENT=" " GC="1.0"><Shape><Polygon POINTS="2327 1537 2325 1705 2465 1702 2456 1535"/></Shape></Glyph><Glyph ID="char_201" CONTENT="ה" GC="1.0"><Shape><Polygon POINTS="2271 1536 2269 1704 2325 1705 2327 1537"/></Shape></Glyph><Glyph ID="char_202" CONTENT="ב" GC="1.0"><Shape><Polygon POINTS="2215 1535 2213 1703 2269 1704 2271 1536"/></Shape></Glyph><Glyph ID="char_203" CONTENT="ד" GC="1.0"><Shape><Polygon POINTS="2158 1534 2156 1702 2213 1703 2215 1535"/></Shape></Glyph><Glyph ID="char_204" CONTENT="י" GC="1.0"><Shape><Polygon POINTS="2102 1534 2100 1702 2156 1702 2158 1534"/></Shape></Glyph><Glyph ID="char_205" CONTENT="ל" GC="1.0"><Shape><Polygon POINTS="2041 1533 2045 1701 2100 1702 2102 1534"/></Shape></Glyph><Glyph ID="char_206" CONTENT="ם" GC="1.0"><Shape><Polygon POINTS="1985 1535 1989 1703 2045 1701 2041 1533"/></Shape></Glyph><Glyph ID="char_207" CONTENT=" " GC="1.0"><Shape><Polygon POINTS="1939 1536 1943 1704 1989 1703 1985 1535"/></Shape></Glyph><Glyph ID="char_208" CONTENT="ל" GC="1.0"><Shape><Polygon POINTS="1883 1537 1887 1705 1943 1704 1939 1536"/></Shape></Glyph><Glyph ID="char_209" CONTENT="א" GC="1.0"><Shape><Polygon POINTS="1799 1536 1793 1704 1887 1705 1883 1537"/></Shape></Glyph><Glyph ID="char_210" CONTENT=" " GC="1.0"><Shape><Polygon POINTS="1708 1533 1703 1701 1793 1704 1799 1536"/></Shape></Glyph><Glyph ID="char_211" CONTENT="י" GC="1.0"><Shape><Polygon POINTS="1674 1532 1669 1699 1703 1701 1708 1533"/></Shape></Glyph><Glyph ID="char_212" CONTENT="ו" GC="1.0"><Shape><Polygon POINTS="1626 1529 1607 1696 1669 1699 1674 1532"/></Shape></Glyph><Glyph ID="char_213" CONTENT="מ" GC="1.0"><Shape><Polygon POINTS="1571 1523 1552 1689 1607 1696 1626 1529"/></Shape></Glyph><Glyph ID="char_214" CONTENT="ם" GC="1.0"><Shape><Polygon POINTS="1507 1516 1481 1682 1552 1689 1571 1523"/></Shape></Glyph><Glyph ID="char_215" CONTENT=" " GC="1.0"><Shape><Polygon POINTS="1463 1509 1437 1674 1481 1682 1507 1516"/></Shape></Glyph><Glyph ID="char_216" CONTENT="ו" GC="1.0"><Shape><Polygon POINTS="1413 1499 1377 1663 1437 1674 1463 1509"/></Shape></Glyph><Glyph ID="char_217" CONTENT="ב" GC="1.0"><Shape><Polygon POINTS="1369 1490 1333 1653 1377 1663 1413 1499"/></Shape></Glyph><Glyph ID="char_218" CONTENT="ש" GC="1.0"><Shape><Polygon POINTS="1305 1479 1282 1645 1333 1653 1369 1490"/></Shape></Glyph><Glyph ID="char_219" CONTENT="מ" GC="1.0"><Shape><Polygon POINTS="1239 1469 1215 1636 1282 1645 1305 1479"/></Shape></Glyph><Glyph ID="char_220" CONTENT="ש" GC="1.0"><Shape><Polygon POINTS="1175 1464 1163 1632 1215 1636 1239 1469"/></Shape></Glyph><Glyph ID="char_221" CONTENT=" " GC="1.0"><Shape><Polygon POINTS="1141 1462 1129 1630 1163 1632 1175 1464"/></Shape></Glyph><Glyph ID="char_222" CONTENT="ל" GC="1.0"><Shape><Polygon POINTS="1108 1460 1096 1627 1129 1630 1141 1462"/></Shape></Glyph><Glyph ID="char_223" CONTENT="י" GC="1.0"><Shape><Polygon POINTS="1074 1457 1063 1625 1096 1627 1108 1460"/></Shape></Glyph><Glyph ID="char_224" CONTENT="ל" GC="1.0"><Shape><Polygon POINTS="1010 1454 1010 1622 1063 1625 1074 1457"/></Shape></Glyph><Glyph ID="char_225" CONTENT="ה" GC="1.0"><Shape><Polygon POINTS="975 1453 959 1620 1010 1622 1010 1454"/></Shape></Glyph><Glyph ID="char_226" CONTENT=" " GC="1.0"><Shape><Polygon POINTS="942 1450 925 1617 959 1620 975 1453"/></Shape></Glyph><Glyph ID="char_227" CONTENT="י" GC="1.0"><Shape><Polygon POINTS="897 1446 880 1613 925 1617 942 1450"/></Shape></Glyph><Glyph ID="char_228" CONTENT="ר" GC="1.0"><Shape><Polygon POINTS="852 1441 835 1609 880 1613 897 1446"/></Shape></Glyph><Glyph ID="char_229" CONTENT="ח" GC="1.0"><Shape><Polygon POINTS="807 1437 790 1604 835 1609 852 1441"/></Shape></Glyph><Glyph ID="char_230" CONTENT=" " GC="1.0"><Shape><Polygon POINTS="771 1434 758 1602 790 1604 807 1437"/></Shape></Glyph><Glyph ID="char_231" CONTENT="ו" GC="1.0"><Shape><Polygon POINTS="737 1432 724 1599 758 1602 771 1434"/></Shape></Glyph><Glyph ID="char_232" CONTENT="כ" GC="1.0"><Shape><Polygon POINTS="692 1428 680 1596 724 1599 737 1432"/></Shape></Glyph><Glyph ID="char_233" CONTENT="ו" GC="1.0"><Shape><Polygon POINTS="635 1424 623 1592 680 1596 692 1428"/></Shape></Glyph><Glyph ID="char_234" CONTENT="כ" GC="1.0"><Shape><Polygon POINTS="579 1420 567 1588 623 1592 635 1424"/></Shape></Glyph><Glyph ID="char_235" CONTENT="ב" GC="1.0"><Shape><Polygon POINTS="530 1417 525 1585 567 1588 579 1420"/></Shape></Glyph><Glyph ID="char_236" CONTENT="י" GC="1.0"><Shape><Polygon POINTS="465 1417 473 1585 525 1585 530 1417"/></Shape></Glyph><Glyph ID="char_237" CONTENT="ם" GC="1.0"><Shape><Polygon POINTS="391 1522 469 1517"/></Shape></Glyph></String>
          </TextLine>

          
          
          <TextLine ID="eSc_line_1785254" BASELINE="333 1702 502 1718 705 1716 951 1727 1032 1738 1625 1792 1767 1810 1923 1822 2121 1826 2372 1813 2570 1813 2703 1806 2884 1808 3028 1815 3111 1810" HPOS="326.0" VPOS="1601.0" WIDTH="2789.0" HEIGHT="292.0">
            <Shape><Polygon POINTS="342 1601 511 1617 704 1615 955 1626 1045 1638 1634 1691 1779 1710 1930 1721 2123 1725 2366 1712 2570 1712 2697 1705 2885 1707 3032 1714 3104 1709 3115 1877 3024 1882 2883 1875 2706 1873 2570 1880 2375 1880 2119 1893 1917 1889 1758 1876 1618 1858 1022 1804 947 1794 705 1783 495 1784 326 1768"/></Shape>
	    <String CONTENT=" עמו אור לאי חק ואין לדע א כי פל ם כל מעשי אל אנחנו" HPOS="326.0" VPOS="1601.0" WIDTH="2789.0" HEIGHT="292.0"><Glyph ID="char_238" CONTENT=" " GC="1.0"><Shape><Polygon POINTS="3059 1712 3069 1880 3103 1878 3093 1710"/></Shape></Glyph><Glyph ID="char_239" CONTENT="ע" GC="1.0"><Shape><Polygon POINTS="3014 1713 3006 1881 3069 1880 3059 1712"/></Shape></Glyph><Glyph ID="char_240" CONTENT="מ" GC="1.0"><Shape><Polygon POINTS="2957 1710 2949 1878 3006 1881 3014 1713"/></Shape></Glyph><Glyph ID="char_241" CONTENT="ו" GC="1.0"><Shape><Polygon POINTS="2923 1709 2915 1877 2949 1878 2957 1710"/></Shape></Glyph><Glyph ID="char_242" CONTENT=" " GC="1.0"><Shape><Polygon POINTS="2875 1707 2873 1875 2915 1877 2923 1709"/></Shape></Glyph><Glyph ID="char_243" CONTENT="א" GC="1.0"><Shape><Polygon POINTS="2819 1706 2817 1874 2873 1875 2875 1707"/></Shape></Glyph><Glyph ID="char_244" CONTENT="ו" GC="1.0"><Shape><Polygon POINTS="2774 1706 2772 1874 2817 1874 2819 1706"/></Shape></Glyph><Glyph ID="char_245" CONTENT="ר" GC="1.0"><Shape><Polygon POINTS="2729 1705 2727 1873 2772 1874 2774 1706"/></Shape></Glyph><Glyph ID="char_246" CONTENT=" " GC="1.0"><Shape><Polygon POINTS="2688 1705 2697 1873 2727 1873 2729 1705"/></Shape></Glyph><Glyph ID="char_247" CONTENT="ל" GC="1.0"><Shape><Polygon POINTS="2643 1708 2652 1876 2697 1873 2688 1705"/></Shape></Glyph><Glyph ID="char_248" CONTENT="א" GC="1.0"><Shape><Polygon POINTS="2575 1712 2584 1879 2652 1876 2643 1708"/></Shape></Glyph><Glyph ID="char_249" CONTENT="י" GC="1.0"><Shape><Polygon POINTS="2513 1712 2513 1880 2584 1879 2575 1712"/></Shape></Glyph><Glyph ID="char_250" CONTENT=" " GC="1.0"><Shape><Polygon POINTS="2468 1712 2468 1880 2513 1880 2513 1712"/></Shape></Glyph><Glyph ID="char_251" CONTENT="ח" GC="1.0"><Shape><Polygon POINTS="2401 1712 2401 1880 2468 1880 2468 1712"/></Shape></Glyph><Glyph ID="char_252" CONTENT="ק" GC="1.0"><Shape><Polygon POINTS="2305 1715 2313 1883 2401 1880 2401 1712"/></Shape></Glyph><Glyph ID="char_253" CONTENT=" " GC="1.0"><Shape><Polygon POINTS="2238 1719 2246 1887 2313 1883 2305 1715"/></Shape></Glyph><Glyph ID="char_254" CONTENT="ו" GC="1.0"><Shape><Polygon POINTS="2193 1721 2201 1889 2246 1887 2238 1719"/></Shape></Glyph><Glyph ID="char_255" CONTENT="א" GC="1.0"><Shape><Polygon POINTS="2136 1724 2144 1892 2201 1889 2193 1721"/></Shape></Glyph><Glyph ID="char_256" CONTENT="י" GC="1.0"><Shape><Polygon POINTS="2109 1725 2106 1893 2144 1892 2136 1724"/></Shape></Glyph><Glyph ID="char_257" CONTENT="ן" GC="1.0"><Shape><Polygon POINTS="2076 1724 2073 1892 2106 1893 2109 1725"/></Shape></Glyph><Glyph ID="char_258" CONTENT=" " GC="1.0"><Shape><Polygon POINTS="2042 1723 2039 1891 2073 1892 2076 1724"/></Shape></Glyph><Glyph ID="char_259" CONTENT="ל" GC="1.0"><Shape><Polygon POINTS="1985 1722 1982 1890 2039 1891 2042 1723"/></Shape></Glyph><Glyph ID="char_260" CONTENT="ד" GC="1.0"><Shape><Polygon POINTS="1924 1721 1911 1889 1982 1890 1985 1722"/></Shape></Glyph><Glyph ID="char_261" CONTENT="ע" GC="1.0"><Shape><Polygon POINTS="1771 1709 1750 1875 1911 1889 1924 1721"/></Shape></Glyph><Glyph ID="char_262" CONTENT=" " GC="1.0"><Shape><Polygon POINTS="1543 1683 1528 1850 1750 1875 1771 1709"/></Shape></Glyph><Glyph ID="char_263" CONTENT="א" GC="1.0"><Shape><Polygon POINTS="1443 1674 1427 1841 1528 1850 1543 1683"/></Shape></Glyph><Glyph ID="char_264" CONTENT=" " GC="1.0"><Shape><Polygon POINTS="1398 1670 1383 1837 1427 1841 1443 1674"/></Shape></Glyph><Glyph ID="char_265" CONTENT="כ" GC="1.0"><Shape><Polygon POINTS="1353 1666 1338 1833 1383 1837 1398 1670"/></Shape></Glyph><Glyph ID="char_266" CONTENT="י" GC="1.0"><Shape><Polygon POINTS="1319 1663 1304 1830 1338 1833 1353 1666"/></Shape></Glyph><Glyph ID="char_267" CONTENT=" " GC="1.0"><Shape><Polygon POINTS="1285 1660 1270 1826 1304 1830 1319 1663"/></Shape></Glyph><Glyph ID="char_268" CONTENT="פ" GC="1.0"><Shape><Polygon POINTS="1251 1657 1236 1823 1270 1826 1285 1660"/></Shape></Glyph><Glyph ID="char_269" CONTENT="ל" GC="1.0"><Shape><Polygon POINTS="1218 1654 1202 1820 1236 1823 1251 1657"/></Shape></Glyph><Glyph ID="char_270" CONTENT=" " GC="1.0"><Shape><Polygon POINTS="1162 1649 1147 1815 1202 1820 1218 1654"/></Shape></Glyph><Glyph ID="char_271" CONTENT="ם" GC="1.0"><Shape><Polygon POINTS="1094 1642 1079 1809 1147 1815 1162 1649"/></Shape></Glyph><Glyph ID="char_272" CONTENT=" " GC="1.0"><Shape><Polygon POINTS="1061 1639 1046 1806 1079 1809 1094 1642"/></Shape></Glyph><Glyph ID="char_273" CONTENT="כ" GC="1.0"><Shape><Polygon POINTS="1009 1633 986 1799 1046 1806 1061 1639"/></Shape></Glyph><Glyph ID="char_274" CONTENT="ל" GC="1.0"><Shape><Polygon POINTS="975 1629 953 1795 986 1799 1009 1633"/></Shape></Glyph><Glyph ID="char_275" CONTENT=" " GC="1.0"><Shape><Polygon POINTS="933 1625 926 1793 953 1795 975 1629"/></Shape></Glyph><Glyph ID="char_276" CONTENT="מ" GC="1.0"><Shape><Polygon POINTS="876 1623 869 1790 926 1793 933 1625"/></Shape></Glyph><Glyph ID="char_277" CONTENT="ע" GC="1.0"><Shape><Polygon POINTS="821 1620 813 1788 869 1790 876 1623"/></Shape></Glyph><Glyph ID="char_278" CONTENT="ש" GC="1.0"><Shape><Polygon POINTS="753 1617 745 1785 813 1788 821 1620"/></Shape></Glyph><Glyph ID="char_279" CONTENT="י" GC="1.0"><Shape><Polygon POINTS="719 1616 711 1783 745 1785 753 1617"/></Shape></Glyph><Glyph ID="char_280" CONTENT=" " GC="1.0"><Shape><Polygon POINTS="680 1615 682 1783 711 1783 719 1616"/></Shape></Glyph><Glyph ID="char_281" CONTENT="א" GC="1.0"><Shape><Polygon POINTS="634 1616 636 1783 682 1783 680 1615"/></Shape></Glyph><Glyph ID="char_282" CONTENT="ל" GC="1.0"><Shape><Polygon POINTS="601 1616 603 1783 636 1783 634 1616"/></Shape></Glyph><Glyph ID="char_283" CONTENT=" " GC="1.0"><Shape><Polygon POINTS="567 1616 569 1784 603 1783 601 1616"/></Shape></Glyph><Glyph ID="char_284" CONTENT="א" GC="1.0"><Shape><Polygon POINTS="522 1617 524 1784 569 1784 567 1616"/></Shape></Glyph><Glyph ID="char_285" CONTENT="נ" GC="1.0"><Shape><Polygon POINTS="476 1614 460 1781 524 1784 522 1617"/></Shape></Glyph><Glyph ID="char_286" CONTENT="ח" GC="1.0"><Shape><Polygon POINTS="421 1608 404 1775 460 1781 476 1614"/></Shape></Glyph><Glyph ID="char_287" CONTENT="נ" GC="1.0"><Shape><Polygon POINTS="398 1606 381 1773 404 1775 421 1608"/></Shape></Glyph><Glyph ID="char_288" CONTENT="ו" GC="1.0"><Shape><Polygon POINTS="353 1602 336 1769 381 1773 398 1606"/></Shape></Glyph></String>
          </TextLine>

          
          
          <TextLine ID="eSc_line_1785250" BASELINE="426 1878 489 1885 647 1885 845 1894 987 1905 1445 1921 1761 2006 1826 2004 2171 2015 2424 2004 2615 2004 2728 1995 2854 1997 3096 1991" HPOS="418.0" VPOS="1777.0" WIDTH="2679.0" HEIGHT="305.0">
            <Shape><Polygon POINTS="437 1777 500 1784 647 1784 849 1793 994 1804 1448 1820 1787 1908 1822 1903 2174 1914 2419 1903 2615 1903 2719 1894 2855 1896 3093 1890 3097 2058 2852 2064 2733 2061 2615 2071 2426 2071 2168 2082 1828 2071 1743 2070 1442 1988 981 1971 841 1961 647 1952 481 1951 418 1944"/></Shape>
	    <String CONTENT="בשר הלוא נשכיל במה עמנו ל לאות ומ תים לא מספר" HPOS="418.0" VPOS="1777.0" WIDTH="2679.0" HEIGHT="305.0"><Glyph ID="char_289" CONTENT="ב" GC="1.0"><Shape><Polygon POINTS="3002 1892 3006 2060 3073 2059 3069 1891"/></Shape></Glyph><Glyph ID="char_290" CONTENT="ש" GC="1.0"><Shape><Polygon POINTS="2923 1894 2927 2062 3006 2060 3002 1892"/></Shape></Glyph><Glyph ID="char_291" CONTENT="ר" GC="1.0"><Shape><Polygon POINTS="2867 1896 2871 2064 2927 2062 2923 1894"/></Shape></Glyph><Glyph ID="char_292" CONTENT=" " GC="1.0"><Shape><Polygon POINTS="2825 1896 2822 2063 2871 2064 2867 1896"/></Shape></Glyph><Glyph ID="char_293" CONTENT="ה" GC="1.0"><Shape><Polygon POINTS="2780 1895 2777 2062 2822 2063 2825 1896"/></Shape></Glyph><Glyph ID="char_294" CONTENT="ל" GC="1.0"><Shape><Polygon POINTS="2735 1894 2733 2061 2777 2062 2780 1895"/></Shape></Glyph><Glyph ID="char_295" CONTENT="ו" GC="1.0"><Shape><Polygon POINTS="2670 1898 2683 2065 2733 2061 2735 1894"/></Shape></Glyph><Glyph ID="char_296" CONTENT="א" GC="1.0"><Shape><Polygon POINTS="2625 1902 2638 2069 2683 2065 2670 1898"/></Shape></Glyph><Glyph ID="char_297" CONTENT=" " GC="1.0"><Shape><Polygon POINTS="2610 1903 2610 2071 2638 2069 2625 1902"/></Shape></Glyph><Glyph ID="char_298" CONTENT="נ" GC="1.0"><Shape><Polygon POINTS="2554 1903 2554 2071 2610 2071 2610 1903"/></Shape></Glyph><Glyph ID="char_299" CONTENT="ש" GC="1.0"><Shape><Polygon POINTS="2486 1903 2486 2071 2554 2071 2554 1903"/></Shape></Glyph><Glyph ID="char_300" CONTENT="כ" GC="1.0"><Shape><Polygon POINTS="2430 1903 2430 2071 2486 2071 2486 1903"/></Shape></Glyph><Glyph ID="char_301" CONTENT="י" GC="1.0"><Shape><Polygon POINTS="2370 1905 2377 2073 2430 2071 2430 1903"/></Shape></Glyph><Glyph ID="char_302" CONTENT="ל" GC="1.0"><Shape><Polygon POINTS="2324 1907 2331 2075 2377 2073 2370 1905"/></Shape></Glyph><Glyph ID="char_303" CONTENT=" " GC="1.0"><Shape><Polygon POINTS="2279 1909 2286 2077 2331 2075 2324 1907"/></Shape></Glyph><Glyph ID="char_304" CONTENT="ב" GC="1.0"><Shape><Polygon POINTS="2234 1911 2241 2079 2286 2077 2279 1909"/></Shape></Glyph><Glyph ID="char_305" CONTENT="מ" GC="1.0"><Shape><Polygon POINTS="2178 1914 2185 2081 2241 2079 2234 1911"/></Shape></Glyph><Glyph ID="char_306" CONTENT="ה" GC="1.0"><Shape><Polygon POINTS="2129 1913 2124 2081 2185 2081 2178 1914"/></Shape></Glyph><Glyph ID="char_307" CONTENT=" " GC="1.0"><Shape><Polygon POINTS="2095 1912 2090 2079 2124 2081 2129 1913"/></Shape></Glyph><Glyph ID="char_308" CONTENT="ע" GC="1.0"><Shape><Polygon POINTS="2038 1910 2033 2078 2090 2079 2095 1912"/></Shape></Glyph><Glyph ID="char_309" CONTENT="מ" GC="1.0"><Shape><Polygon POINTS="1982 1908 1977 2076 2033 2078 2038 1910"/></Shape></Glyph><Glyph ID="char_310" CONTENT="נ" GC="1.0"><Shape><Polygon POINTS="1948 1907 1943 2075 1977 2076 1982 1908"/></Shape></Glyph><Glyph ID="char_311" CONTENT="ו" GC="1.0"><Shape><Polygon POINTS="1915 1906 1909 2074 1943 2075 1948 1907"/></Shape></Glyph><Glyph ID="char_312" CONTENT=" " GC="1.0"><Shape><Polygon POINTS="1870 1904 1864 2072 1909 2074 1915 1906"/></Shape></Glyph><Glyph ID="char_313" CONTENT="ל" GC="1.0"><Shape><Polygon POINTS="1682 1881 1639 2042 1864 2072 1870 1904"/></Shape></Glyph><Glyph ID="char_314" CONTENT=" " GC="1.0"><Shape><Polygon POINTS="1475 1827 1432 1988 1639 2042 1682 1881"/></Shape></Glyph><Glyph ID="char_315" CONTENT="ל" GC="1.0"><Shape><Polygon POINTS="1396 1818 1390 1986 1432 1988 1475 1827"/></Shape></Glyph><Glyph ID="char_316" CONTENT="א" GC="1.0"><Shape><Polygon POINTS="1351 1817 1345 1984 1390 1986 1396 1818"/></Shape></Glyph><Glyph ID="char_317" CONTENT="ו" GC="1.0"><Shape><Polygon POINTS="1306 1815 1300 1983 1345 1984 1351 1817"/></Shape></Glyph><Glyph ID="char_318" CONTENT="ת" GC="1.0"><Shape><Polygon POINTS="1261 1813 1255 1981 1300 1983 1306 1815"/></Shape></Glyph><Glyph ID="char_319" CONTENT=" " GC="1.0"><Shape><Polygon POINTS="1227 1812 1221 1980 1255 1981 1261 1813"/></Shape></Glyph><Glyph ID="char_320" CONTENT="ו" GC="1.0"><Shape><Polygon POINTS="1171 1810 1165 1978 1221 1980 1227 1812"/></Shape></Glyph><Glyph ID="char_321" CONTENT="מ" GC="1.0"><Shape><Polygon POINTS="1126 1809 1120 1976 1165 1978 1171 1810"/></Shape></Glyph><Glyph ID="char_322" CONTENT=" " GC="1.0"><Shape><Polygon POINTS="1103 1808 1097 1975 1120 1976 1126 1809"/></Shape></Glyph><Glyph ID="char_323" CONTENT="ת" GC="1.0"><Shape><Polygon POINTS="1070 1807 1065 1974 1097 1975 1103 1808"/></Shape></Glyph><Glyph ID="char_324" CONTENT="י" GC="1.0"><Shape><Polygon POINTS="1013 1805 1008 1972 1065 1974 1070 1807"/></Shape></Glyph><Glyph ID="char_325" CONTENT="ם" GC="1.0"><Shape><Polygon POINTS="973 1802 960 1969 1008 1972 1013 1805"/></Shape></Glyph><Glyph ID="char_326" CONTENT=" " GC="1.0"><Shape><Polygon POINTS="939 1800 926 1967 960 1969 973 1802"/></Shape></Glyph><Glyph ID="char_327" CONTENT="ל" GC="1.0"><Shape><Polygon POINTS="905 1797 892 1965 926 1967 939 1800"/></Shape></Glyph><Glyph ID="char_328" CONTENT="א" GC="1.0"><Shape><Polygon POINTS="824 1792 816 1960 892 1965 905 1797"/></Shape></Glyph><Glyph ID="char_329" CONTENT=" " GC="1.0"><Shape><Polygon POINTS="756 1789 748 1957 816 1960 824 1792"/></Shape></Glyph><Glyph ID="char_330" CONTENT="מ" GC="1.0"><Shape><Polygon POINTS="711 1787 703 1955 748 1957 756 1789"/></Shape></Glyph><Glyph ID="char_331" CONTENT="ס" GC="1.0"><Shape><Polygon POINTS="654 1784 646 1952 703 1955 711 1787"/></Shape></Glyph><Glyph ID="char_332" CONTENT="פ" GC="1.0"><Shape><Polygon POINTS="583 1784 583 1952 646 1952 654 1784"/></Shape></Glyph><Glyph ID="char_333" CONTENT="ר" GC="1.0"><Shape><Polygon POINTS="493 1783 472 1950 583 1952 583 1784"/></Shape></Glyph></String>
          </TextLine>

          
          
          <TextLine ID="eSc_line_1785252" BASELINE="146 2056 705 2070 996 2081 1305 2081 1793 2252 2130 2232 2496 2209 2899 2200" HPOS="144.0" VPOS="1955.0" WIDTH="2756.0" HEIGHT="360.0">
            <Shape><Polygon POINTS="148 1955 707 1969 999 1980 1305 1980 1826 2156 2124 2131 2489 2108 2896 2099 2900 2267 2500 2276 2133 2299 1770 2315 1305 2148 993 2148 703 2137 144 2123"/></Shape>
	    <String CONTENT=" מרום חות וברקים שר י דבי לפנו יצ ים המ " HPOS="144.0" VPOS="1955.0" WIDTH="2756.0" HEIGHT="360.0"><Glyph ID="char_334" CONTENT=" " GC="1.0"><Shape><Polygon POINTS="2847 2100 2851 2268 2885 2267 2881 2099"/></Shape></Glyph><Glyph ID="char_335" CONTENT="מ" GC="1.0"><Shape><Polygon POINTS="2802 2101 2806 2269 2851 2268 2847 2100"/></Shape></Glyph><Glyph ID="char_336" CONTENT="ר" GC="1.0"><Shape><Polygon POINTS="2756 2102 2760 2270 2806 2269 2802 2101"/></Shape></Glyph><Glyph ID="char_337" CONTENT="ו" GC="1.0"><Shape><Polygon POINTS="2711 2103 2715 2271 2760 2270 2756 2102"/></Shape></Glyph><Glyph ID="char_338" CONTENT="ם" GC="1.0"><Shape><Polygon POINTS="2542 2107 2546 2275 2715 2271 2711 2103"/></Shape></Glyph><Glyph ID="char_339" CONTENT=" " GC="1.0"><Shape><Polygon POINTS="2357 2116 2368 2284 2546 2275 2542 2107"/></Shape></Glyph><Glyph ID="char_340" CONTENT="ח" GC="1.0"><Shape><Polygon POINTS="2289 2121 2300 2289 2368 2284 2357 2116"/></Shape></Glyph><Glyph ID="char_341" CONTENT="ו" GC="1.0"><Shape><Polygon POINTS="2233 2124 2244 2292 2300 2289 2289 2121"/></Shape></Glyph><Glyph ID="char_342" CONTENT="ת" GC="1.0"><Shape><Polygon POINTS="2176 2128 2187 2296 2244 2292 2233 2124"/></Shape></Glyph><Glyph ID="char_343" CONTENT=" " GC="1.0"><Shape><Polygon POINTS="2132 2131 2142 2298 2187 2296 2176 2128"/></Shape></Glyph><Glyph ID="char_344" CONTENT="ו" GC="1.0"><Shape><Polygon POINTS="2075 2135 2085 2301 2142 2298 2132 2131"/></Shape></Glyph><Glyph ID="char_345" CONTENT="ב" GC="1.0"><Shape><Polygon POINTS="2030 2139 2040 2303 2085 2301 2075 2135"/></Shape></Glyph><Glyph ID="char_346" CONTENT="ר" GC="1.0"><Shape><Polygon POINTS="1974 2144 1984 2306 2040 2303 2030 2139"/></Shape></Glyph><Glyph ID="char_347" CONTENT="ק" GC="1.0"><Shape><Polygon POINTS="1907 2149 1916 2309 1984 2306 1974 2144"/></Shape></Glyph><Glyph ID="char_348" CONTENT="י" GC="1.0"><Shape><Polygon POINTS="1850 2154 1859 2311 1916 2309 1907 2149"/></Shape></Glyph><Glyph ID="char_349" CONTENT="ם" GC="1.0"><Shape><Polygon POINTS="1597 2079 1543 2233 1859 2311 1850 2154"/></Shape></Glyph><Glyph ID="char_350" CONTENT=" " GC="1.0"><Shape><Polygon POINTS="1264 1980 1264 2148 1543 2233 1597 2079"/></Shape></Glyph><Glyph ID="char_351" CONTENT="ש" GC="1.0"><Shape><Polygon POINTS="1185 1980 1185 2148 1264 2148 1264 1980"/></Shape></Glyph><Glyph ID="char_352" CONTENT="ר" GC="1.0"><Shape><Polygon POINTS="1128 1980 1128 2148 1185 2148 1185 1980"/></Shape></Glyph><Glyph ID="char_353" CONTENT=" " GC="1.0"><Shape><Polygon POINTS="1083 1980 1083 2148 1128 2148 1128 1980"/></Shape></Glyph><Glyph ID="char_354" CONTENT="י" GC="1.0"><Shape><Polygon POINTS="1038 1980 1038 2148 1083 2148 1083 1980"/></Shape></Glyph><Glyph ID="char_355" CONTENT=" " GC="1.0"><Shape><Polygon POINTS="996 1980 990 2148 1038 2148 1038 1980"/></Shape></Glyph><Glyph ID="char_356" CONTENT="ד" GC="1.0"><Shape><Polygon POINTS="939 1978 933 2146 990 2148 996 1980"/></Shape></Glyph><Glyph ID="char_357" CONTENT="ב" GC="1.0"><Shape><Polygon POINTS="894 1976 888 2144 933 2146 939 1978"/></Shape></Glyph><Glyph ID="char_358" CONTENT="י" GC="1.0"><Shape><Polygon POINTS="861 1975 854 2143 888 2144 894 1976"/></Shape></Glyph><Glyph ID="char_359" CONTENT=" " GC="1.0"><Shape><Polygon POINTS="793 1972 786 2140 854 2143 861 1975"/></Shape></Glyph><Glyph ID="char_360" CONTENT="ל" GC="1.0"><Shape><Polygon POINTS="725 1970 718 2138 786 2140 793 1972"/></Shape></Glyph><Glyph ID="char_361" CONTENT="פ" GC="1.0"><Shape><Polygon POINTS="690 1969 685 2137 718 2138 725 1970"/></Shape></Glyph><Glyph ID="char_362" CONTENT="נ" GC="1.0"><Shape><Polygon POINTS="657 1968 652 2136 685 2137 690 1969"/></Shape></Glyph><Glyph ID="char_363" CONTENT="ו" GC="1.0"><Shape><Polygon POINTS="634 1967 629 2135 652 2136 657 1968"/></Shape></Glyph><Glyph ID="char_364" CONTENT=" " GC="1.0"><Shape><Polygon POINTS="600 1966 595 2134 629 2135 634 1967"/></Shape></Glyph><Glyph ID="char_365" CONTENT="י" GC="1.0"><Shape><Polygon POINTS="532 1965 527 2133 595 2134 600 1966"/></Shape></Glyph><Glyph ID="char_366" CONTENT="צ" GC="1.0"><Shape><Polygon POINTS="464 1963 459 2131 527 2133 532 1965"/></Shape></Glyph><Glyph ID="char_367" CONTENT=" " GC="1.0"><Shape><Polygon POINTS="431 1962 426 2130 459 2131 464 1963"/></Shape></Glyph><Glyph ID="char_368" CONTENT="י" GC="1.0"><Shape><Polygon POINTS="385 1961 380 2129 426 2130 431 1962"/></Shape></Glyph><Glyph ID="char_369" CONTENT="ם" GC="1.0"><Shape><Polygon POINTS="351 1960 346 2128 380 2129 385 1961"/></Shape></Glyph><Glyph ID="char_370" CONTENT=" " GC="1.0"><Shape><Polygon POINTS="318 1959 313 2127 346 2128 351 1960"/></Shape></Glyph><Glyph ID="char_371" CONTENT="ה" GC="1.0"><Shape><Polygon POINTS="284 1958 279 2126 313 2127 318 1959"/></Shape></Glyph><Glyph ID="char_372" CONTENT="מ" GC="1.0"><Shape><Polygon POINTS="227 1957 222 2125 279 2126 284 1958"/></Shape></Glyph><Glyph ID="char_373" CONTENT=" " GC="1.0"><Shape><Polygon POINTS="159 1955 154 2123 222 2125 227 1957"/></Shape></Glyph></String>
          </TextLine>

          
        </TextBlock>
        

        
      </PrintSpace>
    </Page>
  </Layout>
</alto>