<?xml version='1.0' encoding='UTF-8'?>
<alto xmlns:xsi="http://www.w3.org/2001/XMLSchema-instance" xmlns="http://www.loc.gov/standards/alto/ns-v4#" xsi:schemaLocation="http://www.loc.gov/standards/alto/ns-v4# http://www.loc.gov/standards/alto/v4/alto-4-2.xsd">
  <Description>
    <MeasurementUnit>pixel</MeasurementUnit>
    <sourceImageInformation>
      <fileName>126-Fg002-R-C01-R01-D13112011-T130145-LR924_012_F.jpg</fileName>
      
    </sourceImageInformation>
  </Description>
  
  <Tags>
    <OtherTag ID="BT1443" LABEL="Parchment_or_papyrus" DESCRIPTION="block type Parchment_or_papyrus"/><OtherTag ID="BT2" LABEL="Main" DESCRIPTION="block type Main"/>
    
  </Tags>
  
  <Layout>
    <Page WIDTH="3608" HEIGHT="2706" PHYSICAL_IMG_NR="88" ID="eSc_dummypage_">
      <PrintSpace HPOS="0" VPOS="0" WIDTH="3608" HEIGHT="2706">
        
        <TextBlock HPOS="1267.0" VPOS="794.0" WIDTH="1290.0" HEIGHT="1048.0" ID="eSc_textblock_7fbb6bf1" TAGREFS="BT2">
          <Shape><Polygon POINTS="1267 794 1267 1842 2557 1842 2557 794"/></Shape>
          
          
          <TextLine ID="eSc_line_1785205" BASELINE="1810 969 1880 960 1970 942 2110 956 2171 956 2257 947" HPOS="1796.0" VPOS="836.0" WIDTH="468.0" HEIGHT="204.0">
            <Shape><Polygon POINTS="1796 862 1866 853 1948 836 2120 849 2171 848 2245 840 2264 1018 2171 1027 2102 1027 1984 1012 1889 1031 1819 1040"/></Shape>
	    <String CONTENT=" עה בבו א " HPOS="1796.0" VPOS="836.0" WIDTH="468.0" HEIGHT="204.0"><Glyph ID="char_0" CONTENT=" " GC="1.0"><Shape><Polygon POINTS="2217 843 2236 1021 2259 1018 2240 841"/></Shape></Glyph><Glyph ID="char_1" CONTENT="ע" GC="1.0"><Shape><Polygon POINTS="2169 848 2187 1025 2236 1021 2217 843"/></Shape></Glyph><Glyph ID="char_2" CONTENT="ה" GC="1.0"><Shape><Polygon POINTS="2095 847 2077 1024 2187 1025 2169 848"/></Shape></Glyph><Glyph ID="char_3" CONTENT=" " GC="1.0"><Shape><Polygon POINTS="2010 841 1993 1013 2077 1024 2095 847"/></Shape></Glyph><Glyph ID="char_4" CONTENT="ב" GC="1.0"><Shape><Polygon POINTS="1943 837 1978 1013 1993 1013 2010 841"/></Shape></Glyph><Glyph ID="char_5" CONTENT="ב" GC="1.0"><Shape><Polygon POINTS="1884 849 1919 1025 1978 1013 1943 837"/></Shape></Glyph><Glyph ID="char_6" CONTENT="ו" GC="1.0"><Shape><Polygon POINTS="1856 854 1879 1032 1919 1025 1884 849"/></Shape></Glyph><Glyph ID="char_7" CONTENT=" " GC="1.0"><Shape><Polygon POINTS="1819 859 1842 1037 1879 1032 1856 854"/></Shape></Glyph><Glyph ID="char_8" CONTENT="א" GC="1.0"><Shape><Polygon POINTS="1809 969 1832 965"/></Shape></Glyph><Glyph ID="char_9" CONTENT=" " GC="1.0"><Shape><Polygon POINTS="1809 969 1809 969"/></Shape></Glyph></String>
          </TextLine>

          
          
          <TextLine ID="eSc_line_1785206" BASELINE="1501 1145 1907 1138 2205 1120 2419 1122" HPOS="1499.0" VPOS="1012.0" WIDTH="921.0" HEIGHT="204.0">
            <Shape><Polygon POINTS="1499 1037 1905 1030 2198 1012 2420 1014 2418 1193 2209 1191 1908 1209 1502 1216"/></Shape>
	    <String CONTENT=" ו באתות ובמפתים " HPOS="1499.0" VPOS="1012.0" WIDTH="921.0" HEIGHT="204.0"><Glyph ID="char_10" CONTENT=" " GC="1.0"><Shape><Polygon POINTS="2358 1013 2357 1192 2394 1193 2395 1014"/></Shape></Glyph><Glyph ID="char_11" CONTENT="ו" GC="1.0"><Shape><Polygon POINTS="2334 1013 2333 1192 2357 1192 2358 1013"/></Shape></Glyph><Glyph ID="char_12" CONTENT=" " GC="1.0"><Shape><Polygon POINTS="2286 1013 2285 1192 2333 1192 2334 1013"/></Shape></Glyph><Glyph ID="char_13" CONTENT="ב" GC="1.0"><Shape><Polygon POINTS="2226 1012 2225 1191 2285 1192 2286 1013"/></Shape></Glyph><Glyph ID="char_14" CONTENT="א" GC="1.0"><Shape><Polygon POINTS="2158 1014 2169 1193 2225 1191 2226 1012"/></Shape></Glyph><Glyph ID="char_15" CONTENT="ת" GC="1.0"><Shape><Polygon POINTS="2073 1020 2084 1198 2169 1193 2158 1014"/></Shape></Glyph><Glyph ID="char_16" CONTENT="ו" GC="1.0"><Shape><Polygon POINTS="2013 1023 2024 1202 2084 1198 2073 1020"/></Shape></Glyph><Glyph ID="char_17" CONTENT="ת" GC="1.0"><Shape><Polygon POINTS="1977 1026 1988 1204 2024 1202 2013 1023"/></Shape></Glyph><Glyph ID="char_18" CONTENT=" " GC="1.0"><Shape><Polygon POINTS="1940 1028 1951 1206 1988 1204 1977 1026"/></Shape></Glyph><Glyph ID="char_19" CONTENT="ו" GC="1.0"><Shape><Polygon POINTS="1897 1030 1900 1209 1951 1206 1940 1028"/></Shape></Glyph><Glyph ID="char_20" CONTENT="ב" GC="1.0"><Shape><Polygon POINTS="1837 1031 1840 1210 1900 1209 1897 1030"/></Shape></Glyph><Glyph ID="char_21" CONTENT="מ" GC="1.0"><Shape><Polygon POINTS="1776 1032 1779 1211 1840 1210 1837 1031"/></Shape></Glyph><Glyph ID="char_22" CONTENT="פ" GC="1.0"><Shape><Polygon POINTS="1716 1033 1719 1212 1779 1211 1776 1032"/></Shape></Glyph><Glyph ID="char_23" CONTENT="ת" GC="1.0"><Shape><Polygon POINTS="1667 1034 1670 1213 1719 1212 1716 1033"/></Shape></Glyph><Glyph ID="char_24" CONTENT="י" GC="1.0"><Shape><Polygon POINTS="1607 1035 1610 1214 1670 1213 1667 1034"/></Shape></Glyph><Glyph ID="char_25" CONTENT="ם" GC="1.0"><Shape><Polygon POINTS="1559 1036 1562 1215 1610 1214 1607 1035"/></Shape></Glyph><Glyph ID="char_26" CONTENT=" " GC="1.0"><Shape><Polygon POINTS="1500 1145 1560 1143"/></Shape></Glyph></String>
          </TextLine>

          
          
          <TextLine ID="eSc_line_1785211" BASELINE="1323 1402 1386 1377 1625 1337 1921 1343 2182 1323 2331 1298 2421 1294" HPOS="1283.0" VPOS="1186.0" WIDTH="1141.0" HEIGHT="282.0">
            <Shape><Polygon POINTS="1283 1302 1346 1277 1607 1231 1923 1235 2173 1215 2313 1192 2416 1186 2424 1365 2342 1368 2187 1394 1919 1414 1636 1407 1412 1443 1349 1468"/></Shape>
	    <String CONTENT=" ל ממלכה עד ה ום הזה וי " HPOS="1283.0" VPOS="1186.0" WIDTH="1141.0" HEIGHT="282.0"><Glyph ID="char_27" CONTENT=" " GC="1.0"><Shape><Polygon POINTS="2403 1187 2411 1365 2422 1365 2414 1186"/></Shape></Glyph><Glyph ID="char_28" CONTENT="ל" GC="1.0"><Shape><Polygon POINTS="2391 1187 2399 1366 2411 1365 2403 1187"/></Shape></Glyph><Glyph ID="char_29" CONTENT=" " GC="1.0"><Shape><Polygon POINTS="2367 1189 2375 1367 2399 1366 2391 1187"/></Shape></Glyph><Glyph ID="char_30" CONTENT="מ" GC="1.0"><Shape><Polygon POINTS="2305 1193 2335 1369 2375 1367 2367 1189"/></Shape></Glyph><Glyph ID="char_31" CONTENT="מ" GC="1.0"><Shape><Polygon POINTS="2222 1207 2252 1383 2335 1369 2305 1193"/></Shape></Glyph><Glyph ID="char_32" CONTENT="ל" GC="1.0"><Shape><Polygon POINTS="2161 1216 2175 1395 2252 1383 2222 1207"/></Shape></Glyph><Glyph ID="char_33" CONTENT="כ" GC="1.0"><Shape><Polygon POINTS="2088 1222 2102 1400 2175 1395 2161 1216"/></Shape></Glyph><Glyph ID="char_34" CONTENT="ה" GC="1.0"><Shape><Polygon POINTS="2040 1226 2054 1404 2102 1400 2088 1222"/></Shape></Glyph><Glyph ID="char_35" CONTENT=" " GC="1.0"><Shape><Polygon POINTS="2004 1228 2018 1407 2054 1404 2040 1226"/></Shape></Glyph><Glyph ID="char_36" CONTENT="ע" GC="1.0"><Shape><Polygon POINTS="1945 1233 1958 1411 2018 1407 2004 1228"/></Shape></Glyph><Glyph ID="char_37" CONTENT="ד" GC="1.0"><Shape><Polygon POINTS="1895 1235 1891 1413 1958 1411 1945 1233"/></Shape></Glyph><Glyph ID="char_38" CONTENT=" " GC="1.0"><Shape><Polygon POINTS="1834 1234 1830 1412 1891 1413 1895 1235"/></Shape></Glyph><Glyph ID="char_39" CONTENT="ה" GC="1.0"><Shape><Polygon POINTS="1774 1233 1771 1410 1830 1412 1834 1234"/></Shape></Glyph><Glyph ID="char_40" CONTENT=" " GC="1.0"><Shape><Polygon POINTS="1726 1233 1723 1409 1771 1410 1774 1233"/></Shape></Glyph><Glyph ID="char_41" CONTENT="ו" GC="1.0"><Shape><Polygon POINTS="1666 1232 1663 1408 1723 1409 1726 1233"/></Shape></Glyph><Glyph ID="char_42" CONTENT="ם" GC="1.0"><Shape><Polygon POINTS="1586 1235 1615 1410 1663 1408 1666 1232"/></Shape></Glyph><Glyph ID="char_43" CONTENT=" " GC="1.0"><Shape><Polygon POINTS="1538 1243 1568 1418 1615 1410 1586 1235"/></Shape></Glyph><Glyph ID="char_44" CONTENT="ה" GC="1.0"><Shape><Polygon POINTS="1479 1254 1508 1428 1568 1418 1538 1243"/></Shape></Glyph><Glyph ID="char_45" CONTENT="ז" GC="1.0"><Shape><Polygon POINTS="1432 1262 1461 1435 1508 1428 1479 1254"/></Shape></Glyph><Glyph ID="char_46" CONTENT="ה" GC="1.0"><Shape><Polygon POINTS="1384 1270 1413 1443 1461 1435 1432 1262"/></Shape></Glyph><Glyph ID="char_47" CONTENT=" " GC="1.0"><Shape><Polygon POINTS="1328 1284 1393 1451 1413 1443 1384 1270"/></Shape></Glyph><Glyph ID="char_48" CONTENT="ו" GC="1.0"><Shape><Polygon POINTS="1294 1298 1359 1464 1393 1451 1328 1284"/></Shape></Glyph><Glyph ID="char_49" CONTENT="י" GC="1.0"><Shape><Polygon POINTS="1322 1402 1333 1397"/></Shape></Glyph><Glyph ID="char_50" CONTENT=" " GC="1.0"><Shape><Polygon POINTS="1322 1402 1322 1402"/></Shape></Glyph></String>
          </TextLine>

          
          
          <TextLine ID="eSc_line_1785208" BASELINE="1391 1506 1546 1522 1686 1522 1774 1515 2004 1517 2340 1499 2446 1490 2525 1477" HPOS="1383.0" VPOS="1371.0" WIDTH="1153.0" HEIGHT="222.0">
            <Shape><Polygon POINTS="1402 1399 1557 1415 1686 1414 1765 1407 2004 1409 2334 1391 2436 1382 2507 1371 2536 1547 2452 1561 2343 1570 2003 1588 1779 1586 1686 1593 1538 1593 1383 1577"/></Shape>
	    <String CONTENT=" אין חקר במ ם ע ים דרך ב " HPOS="1383.0" VPOS="1371.0" WIDTH="1153.0" HEIGHT="222.0"><Glyph ID="char_51" CONTENT=" " GC="1.0"><Shape><Polygon POINTS="2471 1377 2500 1553 2534 1547 2505 1371"/></Shape></Glyph><Glyph ID="char_52" CONTENT="א" GC="1.0"><Shape><Polygon POINTS="2431 1382 2446 1561 2500 1553 2471 1377"/></Shape></Glyph><Glyph ID="char_53" CONTENT="י" GC="1.0"><Shape><Polygon POINTS="2383 1387 2398 1565 2446 1561 2431 1382"/></Shape></Glyph><Glyph ID="char_54" CONTENT="ן" GC="1.0"><Shape><Polygon POINTS="2347 1390 2362 1568 2398 1565 2383 1387"/></Shape></Glyph><Glyph ID="char_55" CONTENT=" " GC="1.0"><Shape><Polygon POINTS="2302 1393 2311 1572 2362 1568 2347 1390"/></Shape></Glyph><Glyph ID="char_56" CONTENT="ח" GC="1.0"><Shape><Polygon POINTS="2242 1396 2251 1575 2311 1572 2302 1393"/></Shape></Glyph><Glyph ID="char_57" CONTENT="ק" GC="1.0"><Shape><Polygon POINTS="2157 1401 2166 1579 2251 1575 2242 1396"/></Shape></Glyph><Glyph ID="char_58" CONTENT="ר" GC="1.0"><Shape><Polygon POINTS="2085 1405 2094 1583 2166 1579 2157 1401"/></Shape></Glyph><Glyph ID="char_59" CONTENT=" " GC="1.0"><Shape><Polygon POINTS="2024 1408 2034 1586 2094 1583 2085 1405"/></Shape></Glyph><Glyph ID="char_60" CONTENT="ב" GC="1.0"><Shape><Polygon POINTS="1971 1409 1969 1588 2034 1586 2024 1408"/></Shape></Glyph><Glyph ID="char_61" CONTENT="מ" GC="1.0"><Shape><Polygon POINTS="1886 1408 1884 1587 1969 1588 1971 1409"/></Shape></Glyph><Glyph ID="char_62" CONTENT=" " GC="1.0"><Shape><Polygon POINTS="1813 1407 1811 1586 1884 1587 1886 1408"/></Shape></Glyph><Glyph ID="char_63" CONTENT="ם" GC="1.0"><Shape><Polygon POINTS="1777 1407 1775 1586 1811 1586 1813 1407"/></Shape></Glyph><Glyph ID="char_64" CONTENT=" " GC="1.0"><Shape><Polygon POINTS="1719 1411 1734 1589 1775 1586 1777 1407"/></Shape></Glyph><Glyph ID="char_65" CONTENT="ע" GC="1.0"><Shape><Polygon POINTS="1679 1414 1679 1593 1734 1589 1719 1411"/></Shape></Glyph><Glyph ID="char_66" CONTENT=" " GC="1.0"><Shape><Polygon POINTS="1655 1414 1655 1593 1679 1593 1679 1414"/></Shape></Glyph><Glyph ID="char_67" CONTENT="י" GC="1.0"><Shape><Polygon POINTS="1619 1415 1619 1593 1655 1593 1655 1414"/></Shape></Glyph><Glyph ID="char_68" CONTENT="ם" GC="1.0"><Shape><Polygon POINTS="1583 1415 1583 1593 1619 1593 1619 1415"/></Shape></Glyph><Glyph ID="char_69" CONTENT=" " GC="1.0"><Shape><Polygon POINTS="1558 1415 1558 1593 1583 1593 1583 1415"/></Shape></Glyph><Glyph ID="char_70" CONTENT="ד" GC="1.0"><Shape><Polygon POINTS="1546 1414 1526 1592 1558 1593 1558 1415"/></Shape></Glyph><Glyph ID="char_71" CONTENT="ר" GC="1.0"><Shape><Polygon POINTS="1534 1413 1514 1591 1526 1592 1546 1414"/></Shape></Glyph><Glyph ID="char_72" CONTENT="ך" GC="1.0"><Shape><Polygon POINTS="1522 1411 1503 1589 1514 1591 1534 1413"/></Shape></Glyph><Glyph ID="char_73" CONTENT=" " GC="1.0"><Shape><Polygon POINTS="1498 1409 1479 1587 1503 1589 1522 1411"/></Shape></Glyph><Glyph ID="char_74" CONTENT="ב" GC="1.0"><Shape><Polygon POINTS="1462 1405 1443 1583 1479 1587 1498 1409"/></Shape></Glyph><Glyph ID="char_75" CONTENT=" " GC="1.0"><Shape><Polygon POINTS="1413 1400 1394 1578 1443 1583 1462 1405"/></Shape></Glyph></String>
          </TextLine>

          
          
          <TextLine ID="eSc_line_1785210" BASELINE="1479 1716 1727 1711 1896 1704 2022 1695 2108 1686 2230 1666 2372 1659 2466 1650 2539 1637" HPOS="1476.0" VPOS="1531.0" WIDTH="1075.0" HEIGHT="256.0">
            <Shape><Polygon POINTS="1476 1608 1724 1603 1891 1596 2014 1587 2096 1579 2212 1560 2366 1551 2455 1543 2520 1531 2551 1707 2472 1721 2375 1730 2241 1736 2115 1757 2027 1766 1898 1775 1728 1782 1480 1787"/></Shape>
	    <String CONTENT=" ענו במצולת כמו אב " HPOS="1476.0" VPOS="1531.0" WIDTH="1075.0" HEIGHT="256.0"><Glyph ID="char_76" CONTENT=" " GC="1.0"><Shape><Polygon POINTS="2445 1544 2462 1722 2539 1709 2508 1533"/></Shape></Glyph><Glyph ID="char_77" CONTENT="ע" GC="1.0"><Shape><Polygon POINTS="2385 1549 2402 1728 2462 1722 2445 1544"/></Shape></Glyph><Glyph ID="char_78" CONTENT="נ" GC="1.0"><Shape><Polygon POINTS="2353 1552 2362 1731 2402 1728 2385 1549"/></Shape></Glyph><Glyph ID="char_79" CONTENT="ו" GC="1.0"><Shape><Polygon POINTS="2317 1554 2326 1732 2362 1731 2353 1552"/></Shape></Glyph><Glyph ID="char_80" CONTENT=" " GC="1.0"><Shape><Polygon POINTS="2269 1557 2278 1734 2326 1732 2317 1554"/></Shape></Glyph><Glyph ID="char_81" CONTENT="ב" GC="1.0"><Shape><Polygon POINTS="2196 1563 2225 1739 2278 1734 2269 1557"/></Shape></Glyph><Glyph ID="char_82" CONTENT="מ" GC="1.0"><Shape><Polygon POINTS="2137 1572 2166 1749 2225 1739 2196 1563"/></Shape></Glyph><Glyph ID="char_83" CONTENT="צ" GC="1.0"><Shape><Polygon POINTS="2083 1580 2102 1758 2166 1749 2137 1572"/></Shape></Glyph><Glyph ID="char_84" CONTENT="ו" GC="1.0"><Shape><Polygon POINTS="2035 1585 2054 1763 2102 1758 2083 1580"/></Shape></Glyph><Glyph ID="char_85" CONTENT="ל" GC="1.0"><Shape><Polygon POINTS="1990 1589 2003 1768 2054 1763 2035 1585"/></Shape></Glyph><Glyph ID="char_86" CONTENT="ת" GC="1.0"><Shape><Polygon POINTS="1942 1592 1955 1771 2003 1768 1990 1589"/></Shape></Glyph><Glyph ID="char_87" CONTENT=" " GC="1.0"><Shape><Polygon POINTS="1885 1596 1893 1775 1955 1771 1942 1592"/></Shape></Glyph><Glyph ID="char_88" CONTENT="כ" GC="1.0"><Shape><Polygon POINTS="1812 1599 1820 1778 1893 1775 1885 1596"/></Shape></Glyph><Glyph ID="char_89" CONTENT="מ" GC="1.0"><Shape><Polygon POINTS="1739 1602 1747 1781 1820 1778 1812 1599"/></Shape></Glyph><Glyph ID="char_90" CONTENT="ו" GC="1.0"><Shape><Polygon POINTS="1706 1603 1709 1782 1747 1781 1739 1602"/></Shape></Glyph><Glyph ID="char_91" CONTENT=" " GC="1.0"><Shape><Polygon POINTS="1670 1604 1673 1783 1709 1782 1706 1603"/></Shape></Glyph><Glyph ID="char_92" CONTENT="א" GC="1.0"><Shape><Polygon POINTS="1621 1605 1624 1784 1673 1783 1670 1604"/></Shape></Glyph><Glyph ID="char_93" CONTENT="ב" GC="1.0"><Shape><Polygon POINTS="1573 1606 1576 1785 1624 1784 1621 1605"/></Shape></Glyph><Glyph ID="char_94" CONTENT=" " GC="1.0"><Shape><Polygon POINTS="1500 1608 1503 1787 1576 1785 1573 1606"/></Shape></Glyph></String>
          </TextLine>

          
        </TextBlock>
        

        
      </PrintSpace>
    </Page>
  </Layout>
</alto>