<?xml version='1.0' encoding='UTF-8'?>
<alto xmlns:xsi="http://www.w3.org/2001/XMLSchema-instance" xmlns="http://www.loc.gov/standards/alto/ns-v4#" xsi:schemaLocation="http://www.loc.gov/standards/alto/ns-v4# http://www.loc.gov/standards/alto/v4/alto-4-2.xsd">
  <Description>
    <MeasurementUnit>pixel</MeasurementUnit>
    <sourceImageInformation>
      <fileName>129-Fg004-R-C01-R01-D22112011-T142914-LR924_012_F.jpg</fileName>
      
    </sourceImageInformation>
  </Description>
  
  <Tags>
    <OtherTag ID="BT1443" LABEL="Parchment_or_papyrus" DESCRIPTION="block type Parchment_or_papyrus"/><OtherTag ID="BT2" LABEL="Main" DESCRIPTION="block type Main"/>
    
  </Tags>
  
  <Layout>
    <Page WIDTH="3608" HEIGHT="2706" PHYSICAL_IMG_NR="314" ID="eSc_dummypage_">
      <PrintSpace HPOS="0" VPOS="0" WIDTH="3608" HEIGHT="2706">
        
        <TextBlock HPOS="1095.0" VPOS="714.0" WIDTH="1166.0" HEIGHT="994.0" ID="eSc_textblock_effb75cc" TAGREFS="BT2">
          <Shape><Polygon POINTS="1095 714 1095 1708 2261 1708 2261 714"/></Shape>
          
          
          <TextLine ID="eSc_line_1785266" BASELINE="1661 870 1907 870" HPOS="1661.0" VPOS="784.0" WIDTH="246.0" HEIGHT="143.0">
            <Shape><Polygon POINTS="1661 784 1907 784 1907 927 1661 927"/></Shape>
	    <String CONTENT=" ום " HPOS="1661.0" VPOS="784.0" WIDTH="246.0" HEIGHT="143.0"><Glyph ID="char_0" CONTENT=" " GC="1.0"><Shape><Polygon POINTS="1829 784 1829 927 1878 927 1878 784"/></Shape></Glyph><Glyph ID="char_1" CONTENT="ו" GC="1.0"><Shape><Polygon POINTS="1789 784 1789 927 1829 927 1829 784"/></Shape></Glyph><Glyph ID="char_2" CONTENT="ם" GC="1.0"><Shape><Polygon POINTS="1750 784 1750 927 1789 927 1789 784"/></Shape></Glyph><Glyph ID="char_3" CONTENT=" " GC="1.0"><Shape><Polygon POINTS="1691 784 1691 927 1750 927 1750 784"/></Shape></Glyph></String>
          </TextLine>

          
          
          <TextLine ID="eSc_line_1785267" BASELINE="1729 1035 1858 1030 1907 1035 1957 1028" HPOS="1725.0" VPOS="943.0" WIDTH="239.0" HEIGHT="149.0">
            <Shape><Polygon POINTS="1725 949 1854 944 1915 949 1945 943 1964 1084 1901 1091 1860 1087 1731 1092"/></Shape>
	    <String CONTENT=" שמחו " HPOS="1725.0" VPOS="943.0" WIDTH="239.0" HEIGHT="149.0"><Glyph ID="char_4" CONTENT=" " GC="1.0"><Shape><Polygon POINTS="1904 948 1890 1090 1953 1085 1933 945"/></Shape></Glyph><Glyph ID="char_5" CONTENT="ש" GC="1.0"><Shape><Polygon POINTS="1834 945 1839 1088 1890 1090 1904 948"/></Shape></Glyph><Glyph ID="char_6" CONTENT="מ" GC="1.0"><Shape><Polygon POINTS="1785 947 1790 1090 1839 1088 1834 945"/></Shape></Glyph><Glyph ID="char_7" CONTENT="ח" GC="1.0"><Shape><Polygon POINTS="1755 948 1760 1091 1790 1090 1785 947"/></Shape></Glyph><Glyph ID="char_8" CONTENT="ו" GC="1.0"><Shape><Polygon POINTS="1745 948 1750 1091 1760 1091 1755 948"/></Shape></Glyph><Glyph ID="char_9" CONTENT=" " GC="1.0"><Shape><Polygon POINTS="1726 949 1731 1092 1750 1091 1745 948"/></Shape></Glyph></String>
          </TextLine>

          
          
          <TextLine ID="eSc_line_1785268" BASELINE="1341 1136 1402 1141 1864 1150 2076 1134" HPOS="1336.0" VPOS="1048.0" WIDTH="744.0" HEIGHT="159.0">
            <Shape><Polygon POINTS="1348 1050 1409 1055 1865 1064 2069 1048 2080 1191 1862 1207 1397 1198 1336 1193"/></Shape>
	    <String CONTENT=" ליהם לברכה ושלום ג " HPOS="1336.0" VPOS="1048.0" WIDTH="744.0" HEIGHT="159.0"><Glyph ID="char_10" CONTENT=" " GC="1.0"><Shape><Polygon POINTS="1997 1054 2008 1196 2055 1193 2045 1050"/></Shape></Glyph><Glyph ID="char_11" CONTENT="ל" GC="1.0"><Shape><Polygon POINTS="1968 1056 1979 1198 2008 1196 1997 1054"/></Shape></Glyph><Glyph ID="char_12" CONTENT="י" GC="1.0"><Shape><Polygon POINTS="1949 1057 1960 1200 1979 1198 1968 1056"/></Shape></Glyph><Glyph ID="char_13" CONTENT="ה" GC="1.0"><Shape><Polygon POINTS="1929 1059 1940 1201 1960 1200 1949 1057"/></Shape></Glyph><Glyph ID="char_14" CONTENT="ם" GC="1.0"><Shape><Polygon POINTS="1891 1062 1902 1204 1940 1201 1929 1059"/></Shape></Glyph><Glyph ID="char_15" CONTENT=" " GC="1.0"><Shape><Polygon POINTS="1860 1064 1858 1207 1902 1204 1891 1062"/></Shape></Glyph><Glyph ID="char_16" CONTENT="ל" GC="1.0"><Shape><Polygon POINTS="1822 1063 1820 1206 1858 1207 1860 1064"/></Shape></Glyph><Glyph ID="char_17" CONTENT="ב" GC="1.0"><Shape><Polygon POINTS="1783 1062 1781 1205 1820 1206 1822 1063"/></Shape></Glyph><Glyph ID="char_18" CONTENT="ר" GC="1.0"><Shape><Polygon POINTS="1745 1062 1743 1205 1781 1205 1783 1062"/></Shape></Glyph><Glyph ID="char_19" CONTENT="כ" GC="1.0"><Shape><Polygon POINTS="1697 1061 1695 1204 1743 1205 1745 1062"/></Shape></Glyph><Glyph ID="char_20" CONTENT="ה" GC="1.0"><Shape><Polygon POINTS="1668 1060 1666 1203 1695 1204 1697 1061"/></Shape></Glyph><Glyph ID="char_21" CONTENT=" " GC="1.0"><Shape><Polygon POINTS="1639 1060 1637 1203 1666 1203 1668 1060"/></Shape></Glyph><Glyph ID="char_22" CONTENT="ו" GC="1.0"><Shape><Polygon POINTS="1601 1059 1599 1202 1637 1203 1639 1060"/></Shape></Glyph><Glyph ID="char_23" CONTENT="ש" GC="1.0"><Shape><Polygon POINTS="1562 1058 1560 1201 1599 1202 1601 1059"/></Shape></Glyph><Glyph ID="char_24" CONTENT="ל" GC="1.0"><Shape><Polygon POINTS="1524 1057 1522 1200 1560 1201 1562 1058"/></Shape></Glyph><Glyph ID="char_25" CONTENT="ו" GC="1.0"><Shape><Polygon POINTS="1495 1057 1493 1200 1522 1200 1524 1057"/></Shape></Glyph><Glyph ID="char_26" CONTENT="ם" GC="1.0"><Shape><Polygon POINTS="1456 1056 1454 1199 1493 1200 1495 1057"/></Shape></Glyph><Glyph ID="char_27" CONTENT=" " GC="1.0"><Shape><Polygon POINTS="1408 1055 1406 1198 1454 1199 1456 1056"/></Shape></Glyph><Glyph ID="char_28" CONTENT="ג" GC="1.0"><Shape><Polygon POINTS="1387 1053 1373 1196 1406 1198 1408 1055"/></Shape></Glyph><Glyph ID="char_29" CONTENT=" " GC="1.0"><Shape><Polygon POINTS="1358 1051 1344 1194 1373 1196 1387 1053"/></Shape></Glyph></String>
          </TextLine>

          
          
          <TextLine ID="eSc_line_1785271" BASELINE="1181 1280 1420 1267 1740 1294 1801 1289 1943 1267 1968 1267 2079 1247 2151 1215" HPOS="1176.0" VPOS="1136.0" WIDTH="998.0" HEIGHT="214.0">
            <Shape><Polygon POINTS="1176 1194 1415 1181 1747 1208 1793 1203 1929 1182 1968 1181 2063 1162 2116 1136 2174 1267 2089 1303 1968 1324 1951 1323 1805 1346 1735 1350 1423 1324 1184 1337"/></Shape>
	    <String CONTENT="א כול רעו מ רי פני מלך " HPOS="1176.0" VPOS="1136.0" WIDTH="998.0" HEIGHT="214.0"><Glyph ID="char_30" CONTENT="א" GC="1.0"><Shape><Polygon POINTS="2055 1164 2080 1305 2146 1279 2089 1149"/></Shape></Glyph><Glyph ID="char_31" CONTENT=" " GC="1.0"><Shape><Polygon POINTS="1999 1175 2024 1314 2080 1305 2055 1164"/></Shape></Glyph><Glyph ID="char_32" CONTENT="כ" GC="1.0"><Shape><Polygon POINTS="1966 1181 1966 1324 2024 1314 1999 1175"/></Shape></Glyph><Glyph ID="char_33" CONTENT="ו" GC="1.0"><Shape><Polygon POINTS="1915 1184 1936 1325 1966 1324 1966 1181"/></Shape></Glyph><Glyph ID="char_34" CONTENT="ל" GC="1.0"><Shape><Polygon POINTS="1896 1187 1918 1328 1936 1325 1915 1184"/></Shape></Glyph><Glyph ID="char_35" CONTENT=" " GC="1.0"><Shape><Polygon POINTS="1857 1193 1879 1334 1918 1328 1896 1187"/></Shape></Glyph><Glyph ID="char_36" CONTENT="ר" GC="1.0"><Shape><Polygon POINTS="1820 1199 1842 1340 1879 1334 1857 1193"/></Shape></Glyph><Glyph ID="char_37" CONTENT="ע" GC="1.0"><Shape><Polygon POINTS="1778 1205 1790 1347 1842 1340 1820 1199"/></Shape></Glyph><Glyph ID="char_38" CONTENT="ו" GC="1.0"><Shape><Polygon POINTS="1739 1207 1751 1349 1790 1347 1778 1205"/></Shape></Glyph><Glyph ID="char_39" CONTENT=" " GC="1.0"><Shape><Polygon POINTS="1725 1206 1713 1348 1751 1349 1739 1207"/></Shape></Glyph><Glyph ID="char_40" CONTENT="מ" GC="1.0"><Shape><Polygon POINTS="1658 1201 1646 1343 1713 1348 1725 1206"/></Shape></Glyph><Glyph ID="char_41" CONTENT=" " GC="1.0"><Shape><Polygon POINTS="1590 1195 1578 1337 1646 1343 1658 1201"/></Shape></Glyph><Glyph ID="char_42" CONTENT="ר" GC="1.0"><Shape><Polygon POINTS="1533 1191 1522 1332 1578 1337 1590 1195"/></Shape></Glyph><Glyph ID="char_43" CONTENT="י" GC="1.0"><Shape><Polygon POINTS="1505 1188 1493 1330 1522 1332 1533 1191"/></Shape></Glyph><Glyph ID="char_44" CONTENT=" " GC="1.0"><Shape><Polygon POINTS="1476 1186 1464 1327 1493 1330 1505 1188"/></Shape></Glyph><Glyph ID="char_45" CONTENT="פ" GC="1.0"><Shape><Polygon POINTS="1437 1183 1425 1324 1464 1327 1476 1186"/></Shape></Glyph><Glyph ID="char_46" CONTENT="נ" GC="1.0"><Shape><Polygon POINTS="1387 1183 1395 1326 1425 1324 1437 1183"/></Shape></Glyph><Glyph ID="char_47" CONTENT="י" GC="1.0"><Shape><Polygon POINTS="1348 1185 1356 1328 1395 1326 1387 1183"/></Shape></Glyph><Glyph ID="char_48" CONTENT=" " GC="1.0"><Shape><Polygon POINTS="1319 1186 1327 1329 1356 1328 1348 1185"/></Shape></Glyph><Glyph ID="char_49" CONTENT="מ" GC="1.0"><Shape><Polygon POINTS="1281 1188 1289 1331 1327 1329 1319 1186"/></Shape></Glyph><Glyph ID="char_50" CONTENT="ל" GC="1.0"><Shape><Polygon POINTS="1252 1190 1260 1333 1289 1331 1281 1188"/></Shape></Glyph><Glyph ID="char_51" CONTENT="ך" GC="1.0"><Shape><Polygon POINTS="1233 1191 1241 1334 1260 1333 1252 1190"/></Shape></Glyph><Glyph ID="char_52" CONTENT=" " GC="1.0"><Shape><Polygon POINTS="1185 1193 1193 1337 1241 1334 1233 1191"/></Shape></Glyph></String>
          </TextLine>

          
          
          <TextLine ID="eSc_line_1785273" BASELINE="1147 1434 1384 1411 1790 1431 1846 1427 1928 1413 2002 1393 2149 1364" HPOS="1138.0" VPOS="1279.0" WIDTH="1022.0" HEIGHT="211.0">
            <Shape><Polygon POINTS="1138 1348 1375 1325 1794 1345 1839 1341 1913 1328 1979 1310 2132 1279 2160 1420 2016 1448 1937 1469 1850 1484 1787 1488 1389 1467 1152 1490"/></Shape>
	    <String CONTENT="זהב ופז מנבלי ול כת " HPOS="1138.0" VPOS="1279.0" WIDTH="1022.0" HEIGHT="211.0"><Glyph ID="char_53" CONTENT="ז" GC="1.0"><Shape><Polygon POINTS="2085 1289 2113 1429 2150 1422 2122 1281"/></Shape></Glyph><Glyph ID="char_54" CONTENT="ה" GC="1.0"><Shape><Polygon POINTS="2038 1298 2065 1438 2113 1429 2085 1289"/></Shape></Glyph><Glyph ID="char_55" CONTENT="ב" GC="1.0"><Shape><Polygon POINTS="1999 1306 2027 1446 2065 1438 2038 1298"/></Shape></Glyph><Glyph ID="char_56" CONTENT=" " GC="1.0"><Shape><Polygon POINTS="1947 1319 1984 1456 2027 1446 1999 1306"/></Shape></Glyph><Glyph ID="char_57" CONTENT="ו" GC="1.0"><Shape><Polygon POINTS="1910 1328 1948 1466 1984 1456 1947 1319"/></Shape></Glyph><Glyph ID="char_58" CONTENT="פ" GC="1.0"><Shape><Polygon POINTS="1890 1332 1914 1473 1948 1466 1910 1328"/></Shape></Glyph><Glyph ID="char_59" CONTENT="ז" GC="1.0"><Shape><Polygon POINTS="1870 1336 1894 1476 1914 1473 1890 1332"/></Shape></Glyph><Glyph ID="char_60" CONTENT=" " GC="1.0"><Shape><Polygon POINTS="1842 1341 1866 1481 1894 1476 1870 1336"/></Shape></Glyph><Glyph ID="char_61" CONTENT="מ" GC="1.0"><Shape><Polygon POINTS="1812 1343 1822 1486 1866 1481 1842 1341"/></Shape></Glyph><Glyph ID="char_62" CONTENT="נ" GC="1.0"><Shape><Polygon POINTS="1794 1345 1787 1488 1822 1486 1812 1343"/></Shape></Glyph><Glyph ID="char_63" CONTENT="ב" GC="1.0"><Shape><Polygon POINTS="1756 1343 1749 1486 1787 1488 1794 1345"/></Shape></Glyph><Glyph ID="char_64" CONTENT="ל" GC="1.0"><Shape><Polygon POINTS="1727 1342 1720 1484 1749 1486 1756 1343"/></Shape></Glyph><Glyph ID="char_65" CONTENT="י" GC="1.0"><Shape><Polygon POINTS="1630 1337 1623 1479 1720 1484 1727 1342"/></Shape></Glyph><Glyph ID="char_66" CONTENT=" " GC="1.0"><Shape><Polygon POINTS="1476 1330 1469 1471 1623 1479 1630 1337"/></Shape></Glyph><Glyph ID="char_67" CONTENT="ו" GC="1.0"><Shape><Polygon POINTS="1409 1327 1402 1468 1469 1471 1476 1330"/></Shape></Glyph><Glyph ID="char_68" CONTENT="ל" GC="1.0"><Shape><Polygon POINTS="1368 1326 1381 1468 1402 1468 1409 1327"/></Shape></Glyph><Glyph ID="char_69" CONTENT=" " GC="1.0"><Shape><Polygon POINTS="1330 1329 1344 1471 1381 1468 1368 1326"/></Shape></Glyph><Glyph ID="char_70" CONTENT="כ" GC="1.0"><Shape><Polygon POINTS="1291 1333 1305 1475 1344 1471 1330 1329"/></Shape></Glyph><Glyph ID="char_71" CONTENT="ת" GC="1.0"><Shape><Polygon POINTS="1243 1338 1257 1480 1305 1475 1291 1333"/></Shape></Glyph><Glyph ID="char_72" CONTENT=" " GC="1.0"><Shape><Polygon POINTS="1167 1345 1180 1487 1257 1480 1243 1338"/></Shape></Glyph></String>
          </TextLine>

          
          
          <TextLine ID="eSc_line_1785275" BASELINE="1619 1610 1729 1603 1794 1589 1905 1560 1959 1551 2121 1499 2169 1492" HPOS="1613.0" VPOS="1407.0" WIDTH="564.0" HEIGHT="260.0">
            <Shape><Polygon POINTS="1613 1524 1723 1517 1775 1505 1883 1476 1944 1466 2094 1417 2156 1407 2177 1548 2138 1553 1968 1607 1919 1615 1806 1644 1732 1660 1622 1667"/></Shape>
	    <String CONTENT="ולוא חרו פניו " HPOS="1613.0" VPOS="1407.0" WIDTH="564.0" HEIGHT="260.0"><Glyph ID="char_73" CONTENT="ו" GC="1.0"><Shape><Polygon POINTS="2075 1423 2119 1559 2156 1551 2136 1410"/></Shape></Glyph><Glyph ID="char_74" CONTENT="ל" GC="1.0"><Shape><Polygon POINTS="2047 1432 2090 1568 2119 1559 2075 1423"/></Shape></Glyph><Glyph ID="char_75" CONTENT="ו" GC="1.0"><Shape><Polygon POINTS="2019 1441 2063 1577 2090 1568 2047 1432"/></Shape></Glyph><Glyph ID="char_76" CONTENT="א" GC="1.0"><Shape><Polygon POINTS="1982 1454 2026 1589 2063 1577 2019 1441"/></Shape></Glyph><Glyph ID="char_77" CONTENT=" " GC="1.0"><Shape><Polygon POINTS="1929 1468 1952 1610 2026 1589 1982 1454"/></Shape></Glyph><Glyph ID="char_78" CONTENT="ח" GC="1.0"><Shape><Polygon POINTS="1845 1486 1881 1625 1952 1610 1929 1468"/></Shape></Glyph><Glyph ID="char_79" CONTENT="ר" GC="1.0"><Shape><Polygon POINTS="1799 1499 1835 1637 1881 1625 1845 1486"/></Shape></Glyph><Glyph ID="char_80" CONTENT="ו" GC="1.0"><Shape><Polygon POINTS="1773 1505 1803 1645 1835 1637 1799 1499"/></Shape></Glyph><Glyph ID="char_81" CONTENT=" " GC="1.0"><Shape><Polygon POINTS="1755 1510 1785 1649 1803 1645 1773 1505"/></Shape></Glyph><Glyph ID="char_82" CONTENT="פ" GC="1.0"><Shape><Polygon POINTS="1716 1517 1747 1657 1785 1649 1755 1510"/></Shape></Glyph><Glyph ID="char_83" CONTENT="נ" GC="1.0"><Shape><Polygon POINTS="1700 1518 1709 1661 1747 1657 1716 1517"/></Shape></Glyph><Glyph ID="char_84" CONTENT="י" GC="1.0"><Shape><Polygon POINTS="1671 1520 1680 1663 1709 1661 1700 1518"/></Shape></Glyph><Glyph ID="char_85" CONTENT="ו" GC="1.0"><Shape><Polygon POINTS="1651 1522 1661 1665 1680 1663 1671 1520"/></Shape></Glyph><Glyph ID="char_86" CONTENT=" " GC="1.0"><Shape><Polygon POINTS="1618 1610 1656 1607"/></Shape></Glyph></String>
          </TextLine>

          
        </TextBlock>
        

        
      </PrintSpace>
    </Page>
  </Layout>
</alto>