<?xml version='1.0' encoding='UTF-8'?>
<alto xmlns:xsi="http://www.w3.org/2001/XMLSchema-instance" xmlns="http://www.loc.gov/standards/alto/ns-v4#" xsi:schemaLocation="http://www.loc.gov/standards/alto/ns-v4# http://www.loc.gov/standards/alto/v4/alto-4-2.xsd">
  <Description>
    <MeasurementUnit>pixel</MeasurementUnit>
    <sourceImageInformation>
      <fileName>132-Fg001-R-C01-R01-D24112011-T104107-LR924_012_F.jpg</fileName>
      
    </sourceImageInformation>
  </Description>
  
  <Tags>
    <OtherTag ID="BT1443" LABEL="Parchment_or_papyrus" DESCRIPTION="block type Parchment_or_papyrus"/><OtherTag ID="BT2" LABEL="Main" DESCRIPTION="block type Main"/>
    
  </Tags>
  
  <Layout>
    <Page WIDTH="3608" HEIGHT="2706" PHYSICAL_IMG_NR="20" ID="eSc_dummypage_">
      <PrintSpace HPOS="0" VPOS="0" WIDTH="3608" HEIGHT="2706">
        
        <TextBlock HPOS="1748.0" VPOS="982.0" WIDTH="478.0" HEIGHT="844.0" ID="eSc_textblock_83a958d1" TAGREFS="BT2">
          <Shape><Polygon POINTS="1748 982 1748 1826 2226 1826 2226 982"/></Shape>
          
          
          <TextLine ID="eSc_line_1785288" BASELINE="1957 1035 2074 1035" HPOS="1957.0" VPOS="937.0" WIDTH="117.0" HEIGHT="162.0">
            <Shape><Polygon POINTS="1957 937 2074 937 2074 1099 1957 1099"/></Shape>
	    <String CONTENT=" ך " HPOS="1957.0" VPOS="937.0" WIDTH="117.0" HEIGHT="162.0"><Glyph ID="char_0" CONTENT=" " GC="1.0"><Shape><Polygon POINTS="2016 937 2016 1099 2062 1099 2062 937"/></Shape></Glyph><Glyph ID="char_1" CONTENT="ך" GC="1.0"><Shape><Polygon POINTS="1981 937 1981 1099 2016 1099 2016 937"/></Shape></Glyph><Glyph ID="char_2" CONTENT=" " GC="1.0"><Shape><Polygon POINTS="1957 937 1957 1099 1981 1099 1981 937"/></Shape></Glyph></String>
          </TextLine>

          
          
          <TextLine ID="eSc_line_1785289" BASELINE="1855 1206 2142 1192 2216 1195" HPOS="1850.0" VPOS="1094.0" WIDTH="369.0" HEIGHT="176.0">
            <Shape><Polygon POINTS="1850 1108 2137 1094 2219 1097 2213 1259 2145 1256 1858 1270"/></Shape>
	    <String CONTENT=" למנדע " HPOS="1850.0" VPOS="1094.0" WIDTH="369.0" HEIGHT="176.0"><Glyph ID="char_3" CONTENT=" " GC="1.0"><Shape><Polygon POINTS="2168 1095 2161 1257 2194 1258 2201 1096"/></Shape></Glyph><Glyph ID="char_4" CONTENT="ל" GC="1.0"><Shape><Polygon POINTS="2125 1095 2133 1257 2161 1257 2168 1095"/></Shape></Glyph><Glyph ID="char_5" CONTENT="מ" GC="1.0"><Shape><Polygon POINTS="2070 1097 2078 1259 2133 1257 2125 1095"/></Shape></Glyph><Glyph ID="char_6" CONTENT="נ" GC="1.0"><Shape><Polygon POINTS="2015 1100 2023 1262 2078 1259 2070 1097"/></Shape></Glyph><Glyph ID="char_7" CONTENT="ד" GC="1.0"><Shape><Polygon POINTS="1960 1103 1968 1265 2023 1262 2015 1100"/></Shape></Glyph><Glyph ID="char_8" CONTENT="ע" GC="1.0"><Shape><Polygon POINTS="1893 1106 1901 1268 1968 1265 1960 1103"/></Shape></Glyph><Glyph ID="char_9" CONTENT=" " GC="1.0"><Shape><Polygon POINTS="1854 1206 1897 1203"/></Shape></Glyph></String>
          </TextLine>

          
          
          <TextLine ID="eSc_line_1785290" BASELINE="1804 1366 2061 1366 2137 1371 2205 1364" HPOS="1804.0" VPOS="1267.0" WIDTH="407.0" HEIGHT="168.0">
            <Shape><Polygon POINTS="1804 1268 2061 1268 2143 1274 2195 1267 2211 1428 2132 1435 2061 1430 1804 1430"/></Shape>
	    <String CONTENT=" אנה עז " HPOS="1804.0" VPOS="1267.0" WIDTH="407.0" HEIGHT="168.0"><Glyph ID="char_10" CONTENT=" " GC="1.0"><Shape><Polygon POINTS="2140 1274 2156 1433 2189 1430 2173 1270"/></Shape></Glyph><Glyph ID="char_11" CONTENT="א" GC="1.0"><Shape><Polygon POINTS="2122 1272 2112 1434 2156 1433 2140 1274"/></Shape></Glyph><Glyph ID="char_12" CONTENT="נ" GC="1.0"><Shape><Polygon POINTS="2061 1268 2061 1430 2112 1434 2122 1272"/></Shape></Glyph><Glyph ID="char_13" CONTENT="ה" GC="1.0"><Shape><Polygon POINTS="1994 1268 1994 1430 2061 1430 2061 1268"/></Shape></Glyph><Glyph ID="char_14" CONTENT=" " GC="1.0"><Shape><Polygon POINTS="1949 1268 1949 1430 1994 1430 1994 1268"/></Shape></Glyph><Glyph ID="char_15" CONTENT="ע" GC="1.0"><Shape><Polygon POINTS="1894 1268 1894 1430 1949 1430 1949 1268"/></Shape></Glyph><Glyph ID="char_16" CONTENT="ז" GC="1.0"><Shape><Polygon POINTS="1849 1268 1849 1430 1894 1430 1894 1268"/></Shape></Glyph><Glyph ID="char_17" CONTENT=" " GC="1.0"><Shape><Polygon POINTS="1804 1268 1804 1430 1849 1430 1849 1268"/></Shape></Glyph></String>
          </TextLine>

          
          
          <TextLine ID="eSc_line_1785291" BASELINE="1885 1528 2058 1526 2218 1513" HPOS="1883.0" VPOS="1416.0" WIDTH="340.0" HEIGHT="176.0">
            <Shape><Polygon POINTS="1883 1430 2056 1428 2210 1416 2223 1577 2058 1590 1885 1592"/></Shape>
	    <String CONTENT=" ואמר " HPOS="1883.0" VPOS="1416.0" WIDTH="340.0" HEIGHT="176.0"><Glyph ID="char_18" CONTENT=" " GC="1.0"><Shape><Polygon POINTS="2163 1420 2176 1581 2209 1578 2196 1417"/></Shape></Glyph><Glyph ID="char_19" CONTENT="ו" GC="1.0"><Shape><Polygon POINTS="2130 1422 2143 1583 2176 1581 2163 1420"/></Shape></Glyph><Glyph ID="char_20" CONTENT="א" GC="1.0"><Shape><Polygon POINTS="2075 1427 2088 1588 2143 1583 2130 1422"/></Shape></Glyph><Glyph ID="char_21" CONTENT="מ" GC="1.0"><Shape><Polygon POINTS="2004 1429 2006 1591 2088 1588 2075 1427"/></Shape></Glyph><Glyph ID="char_22" CONTENT="ר" GC="1.0"><Shape><Polygon POINTS="1949 1429 1951 1591 2006 1591 2004 1429"/></Shape></Glyph><Glyph ID="char_23" CONTENT=" " GC="1.0"><Shape><Polygon POINTS="1894 1430 1896 1592 1951 1591 1949 1429"/></Shape></Glyph></String>
          </TextLine>

          
          
          <TextLine ID="eSc_line_1785293" BASELINE="1781 1691 1873 1675 1988 1682 2216 1670" HPOS="1764.0" VPOS="1572.0" WIDTH="455.0" HEIGHT="182.0">
            <Shape><Polygon POINTS="1764 1595 1856 1579 1993 1584 2210 1572 2219 1734 1984 1746 1884 1738 1792 1754"/></Shape>
	    <String CONTENT=" למנדע ב " HPOS="1764.0" VPOS="1572.0" WIDTH="455.0" HEIGHT="182.0"><Glyph ID="char_24" CONTENT=" " GC="1.0"><Shape><Polygon POINTS="2143 1576 2152 1737 2195 1735 2186 1573"/></Shape></Glyph><Glyph ID="char_25" CONTENT="ל" GC="1.0"><Shape><Polygon POINTS="2121 1577 2130 1739 2152 1737 2143 1576"/></Shape></Glyph><Glyph ID="char_26" CONTENT="מ" GC="1.0"><Shape><Polygon POINTS="2099 1578 2108 1740 2130 1739 2121 1577"/></Shape></Glyph><Glyph ID="char_27" CONTENT="נ" GC="1.0"><Shape><Polygon POINTS="2045 1581 2054 1742 2108 1740 2099 1578"/></Shape></Glyph><Glyph ID="char_28" CONTENT="ד" GC="1.0"><Shape><Polygon POINTS="1980 1584 1971 1745 2054 1742 2045 1581"/></Shape></Glyph><Glyph ID="char_29" CONTENT="ע" GC="1.0"><Shape><Polygon POINTS="1904 1581 1895 1739 1971 1745 1980 1584"/></Shape></Glyph><Glyph ID="char_30" CONTENT=" " GC="1.0"><Shape><Polygon POINTS="1828 1584 1855 1743 1895 1739 1904 1581"/></Shape></Glyph><Glyph ID="char_31" CONTENT="ב" GC="1.0"><Shape><Polygon POINTS="1796 1589 1823 1749 1855 1743 1828 1584"/></Shape></Glyph><Glyph ID="char_32" CONTENT=" " GC="1.0"><Shape><Polygon POINTS="1780 1691 1812 1685"/></Shape></Glyph></String>
          </TextLine>

          
        </TextBlock>
        

        
      </PrintSpace>
    </Page>
  </Layout>
</alto>