<?xml version='1.0' encoding='UTF-8'?>
<alto xmlns:xsi="http://www.w3.org/2001/XMLSchema-instance" xmlns="http://www.loc.gov/standards/alto/ns-v4#" xsi:schemaLocation="http://www.loc.gov/standards/alto/ns-v4# http://www.loc.gov/standards/alto/v4/alto-4-2.xsd">
  <Description>
    <MeasurementUnit>pixel</MeasurementUnit>
    <sourceImageInformation>
      <fileName>137-Fg001-R-C01-R01-D24112011-T123520-LR924_012_F.jpg</fileName>
      
    </sourceImageInformation>
  </Description>
  
  <Tags>
    <OtherTag ID="BT1443" LABEL="Parchment_or_papyrus" DESCRIPTION="block type Parchment_or_papyrus"/><OtherTag ID="BT2" LABEL="Main" DESCRIPTION="block type Main"/>
    
  </Tags>
  
  <Layout>
    <Page WIDTH="3608" HEIGHT="2706" PHYSICAL_IMG_NR="139" ID="eSc_dummypage_">
      <PrintSpace HPOS="0" VPOS="0" WIDTH="3608" HEIGHT="2706">
        
        <TextBlock HPOS="1176.0" VPOS="789.0" WIDTH="1553.0" HEIGHT="1429.0" ID="eSc_textblock_3f43eda7" TAGREFS="BT2">
          <Shape><Polygon POINTS="1176 789 1176 2218 2729 2218 2729 789"/></Shape>
          
          
          <TextLine ID="eSc_line_1785298" BASELINE="1443 888 1729 888 1880 868 1952 861 2169 856" HPOS="1443.0" VPOS="735.0" WIDTH="727.0" HEIGHT="233.0">
            <Shape><Polygon POINTS="1443 767 1729 767 1864 748 1940 740 2166 735 2170 936 1959 941 1890 947 1729 968 1443 968"/></Shape>
	    <String CONTENT=" יא נשב בית " HPOS="1443.0" VPOS="735.0" WIDTH="727.0" HEIGHT="233.0"><Glyph ID="char_0" CONTENT=" " GC="1.0"><Shape><Polygon POINTS="2105 736 2109 937 2150 936 2146 735"/></Shape></Glyph><Glyph ID="char_1" CONTENT="י" GC="1.0"><Shape><Polygon POINTS="2078 737 2082 938 2109 937 2105 736"/></Shape></Glyph><Glyph ID="char_2" CONTENT="א" GC="1.0"><Shape><Polygon POINTS="2051 738 2055 939 2082 938 2078 737"/></Shape></Glyph><Glyph ID="char_3" CONTENT=" " GC="1.0"><Shape><Polygon POINTS="2024 738 2028 939 2055 939 2051 738"/></Shape></Glyph><Glyph ID="char_4" CONTENT="נ" GC="1.0"><Shape><Polygon POINTS="1983 739 1987 940 2028 939 2024 738"/></Shape></Glyph><Glyph ID="char_5" CONTENT="ש" GC="1.0"><Shape><Polygon POINTS="1906 744 1925 944 1987 940 1983 739"/></Shape></Glyph><Glyph ID="char_6" CONTENT="ב" GC="1.0"><Shape><Polygon POINTS="1793 758 1820 956 1925 944 1906 744"/></Shape></Glyph><Glyph ID="char_7" CONTENT=" " GC="1.0"><Shape><Polygon POINTS="1674 767 1674 968 1820 956 1793 758"/></Shape></Glyph><Glyph ID="char_8" CONTENT="ב" GC="1.0"><Shape><Polygon POINTS="1579 767 1579 968 1674 968 1674 767"/></Shape></Glyph><Glyph ID="char_9" CONTENT="י" GC="1.0"><Shape><Polygon POINTS="1525 767 1525 968 1579 968 1579 767"/></Shape></Glyph><Glyph ID="char_10" CONTENT="ת" GC="1.0"><Shape><Polygon POINTS="1484 767 1484 968 1525 968 1525 767"/></Shape></Glyph><Glyph ID="char_11" CONTENT=" " GC="1.0"><Shape><Polygon POINTS="1443 767 1443 968 1484 968 1484 767"/></Shape></Glyph></String>
          </TextLine>

          
          
          <TextLine ID="eSc_line_1785299" BASELINE="1371 1055 1688 1064 1844 1057 2261 1057" HPOS="1368.0" VPOS="934.0" WIDTH="893.0" HEIGHT="210.0">
            <Shape><Polygon POINTS="1374 934 1691 943 1838 936 2261 936 2261 1137 1847 1137 1685 1144 1368 1135"/></Shape>
	    <String CONTENT=" שמע שמוא ת דב " HPOS="1368.0" VPOS="934.0" WIDTH="893.0" HEIGHT="210.0"><Glyph ID="char_12" CONTENT=" " GC="1.0"><Shape><Polygon POINTS="2207 936 2207 1137 2247 1137 2247 936"/></Shape></Glyph><Glyph ID="char_13" CONTENT="ש" GC="1.0"><Shape><Polygon POINTS="2153 936 2153 1137 2207 1137 2207 936"/></Shape></Glyph><Glyph ID="char_14" CONTENT="מ" GC="1.0"><Shape><Polygon POINTS="2099 936 2099 1137 2153 1137 2153 936"/></Shape></Glyph><Glyph ID="char_15" CONTENT="ע" GC="1.0"><Shape><Polygon POINTS="2058 936 2058 1137 2099 1137 2099 936"/></Shape></Glyph><Glyph ID="char_16" CONTENT=" " GC="1.0"><Shape><Polygon POINTS="2004 936 2004 1137 2058 1137 2058 936"/></Shape></Glyph><Glyph ID="char_17" CONTENT="ש" GC="1.0"><Shape><Polygon POINTS="1937 936 1937 1137 2004 1137 2004 936"/></Shape></Glyph><Glyph ID="char_18" CONTENT="מ" GC="1.0"><Shape><Polygon POINTS="1869 936 1869 1137 1937 1137 1937 936"/></Shape></Glyph><Glyph ID="char_19" CONTENT="ו" GC="1.0"><Shape><Polygon POINTS="1810 937 1819 1138 1869 1137 1869 936"/></Shape></Glyph><Glyph ID="char_20" CONTENT="א" GC="1.0"><Shape><Polygon POINTS="1742 941 1751 1141 1819 1138 1810 937"/></Shape></Glyph><Glyph ID="char_21" CONTENT=" " GC="1.0"><Shape><Polygon POINTS="1644 942 1637 1143 1751 1141 1742 941"/></Shape></Glyph><Glyph ID="char_22" CONTENT="ת" GC="1.0"><Shape><Polygon POINTS="1563 939 1556 1140 1637 1143 1644 942"/></Shape></Glyph><Glyph ID="char_23" CONTENT=" " GC="1.0"><Shape><Polygon POINTS="1523 938 1516 1139 1556 1140 1563 939"/></Shape></Glyph><Glyph ID="char_24" CONTENT="ד" GC="1.0"><Shape><Polygon POINTS="1469 937 1462 1138 1516 1139 1523 938"/></Shape></Glyph><Glyph ID="char_25" CONTENT="ב" GC="1.0"><Shape><Polygon POINTS="1428 936 1421 1137 1462 1138 1469 937"/></Shape></Glyph><Glyph ID="char_26" CONTENT=" " GC="1.0"><Shape><Polygon POINTS="1370 1054 1423 1055"/></Shape></Glyph></String>
          </TextLine>

          
          
          <TextLine ID="eSc_line_1785300" BASELINE="1222 1271 1314 1276 1411 1271 1639 1271 1801 1265 2214 1262 2469 1249 2536 1249 2618 1256" HPOS="1217.0" VPOS="1128.0" WIDTH="1411.0" HEIGHT="228.0">
            <Shape><Polygon POINTS="1228 1150 1320 1155 1404 1150 1639 1150 1796 1144 2213 1141 2462 1128 2536 1128 2628 1135 2611 1336 2536 1329 2473 1329 2214 1342 1803 1345 1639 1351 1415 1351 1309 1356 1217 1351"/></Shape>
	    <String CONTENT=" שמואל שכב לפני עלי ויקום ויפתח את ד " HPOS="1217.0" VPOS="1128.0" WIDTH="1411.0" HEIGHT="228.0"><Glyph ID="char_27" CONTENT=" " GC="1.0"><Shape><Polygon POINTS="2625 1135 2608 1336 2608 1336 2625 1135"/></Shape></Glyph><Glyph ID="char_28" CONTENT="ש" GC="1.0"><Shape><Polygon POINTS="2612 1134 2595 1335 2608 1336 2625 1135"/></Shape></Glyph><Glyph ID="char_29" CONTENT="מ" GC="1.0"><Shape><Polygon POINTS="2599 1133 2582 1333 2595 1335 2612 1134"/></Shape></Glyph><Glyph ID="char_30" CONTENT="ו" GC="1.0"><Shape><Polygon POINTS="2585 1132 2568 1332 2582 1333 2599 1133"/></Shape></Glyph><Glyph ID="char_31" CONTENT="א" GC="1.0"><Shape><Polygon POINTS="2558 1130 2541 1330 2568 1332 2585 1132"/></Shape></Glyph><Glyph ID="char_32" CONTENT="ל" GC="1.0"><Shape><Polygon POINTS="2535 1128 2535 1329 2541 1330 2558 1130"/></Shape></Glyph><Glyph ID="char_33" CONTENT=" " GC="1.0"><Shape><Polygon POINTS="2521 1128 2521 1329 2535 1329 2535 1128"/></Shape></Glyph><Glyph ID="char_34" CONTENT="ש" GC="1.0"><Shape><Polygon POINTS="2507 1128 2507 1329 2521 1329 2521 1128"/></Shape></Glyph><Glyph ID="char_35" CONTENT="כ" GC="1.0"><Shape><Polygon POINTS="2494 1128 2494 1329 2507 1329 2507 1128"/></Shape></Glyph><Glyph ID="char_36" CONTENT="ב" GC="1.0"><Shape><Polygon POINTS="2461 1128 2471 1329 2494 1329 2494 1128"/></Shape></Glyph><Glyph ID="char_37" CONTENT=" " GC="1.0"><Shape><Polygon POINTS="2434 1129 2444 1330 2471 1329 2461 1128"/></Shape></Glyph><Glyph ID="char_38" CONTENT="ל" GC="1.0"><Shape><Polygon POINTS="2393 1132 2403 1332 2444 1330 2434 1129"/></Shape></Glyph><Glyph ID="char_39" CONTENT="פ" GC="1.0"><Shape><Polygon POINTS="2352 1134 2362 1335 2403 1332 2393 1132"/></Shape></Glyph><Glyph ID="char_40" CONTENT="נ" GC="1.0"><Shape><Polygon POINTS="2312 1136 2322 1337 2362 1335 2352 1134"/></Shape></Glyph><Glyph ID="char_41" CONTENT="י" GC="1.0"><Shape><Polygon POINTS="2271 1138 2282 1339 2322 1337 2312 1136"/></Shape></Glyph><Glyph ID="char_42" CONTENT=" " GC="1.0"><Shape><Polygon POINTS="2230 1140 2241 1341 2282 1339 2271 1138"/></Shape></Glyph><Glyph ID="char_43" CONTENT="ע" GC="1.0"><Shape><Polygon POINTS="2182 1141 2183 1342 2241 1341 2230 1140"/></Shape></Glyph><Glyph ID="char_44" CONTENT="ל" GC="1.0"><Shape><Polygon POINTS="2142 1142 2143 1343 2183 1342 2182 1141"/></Shape></Glyph><Glyph ID="char_45" CONTENT="י" GC="1.0"><Shape><Polygon POINTS="2087 1142 2088 1343 2143 1343 2142 1142"/></Shape></Glyph><Glyph ID="char_46" CONTENT=" " GC="1.0"><Shape><Polygon POINTS="2033 1142 2034 1343 2088 1343 2087 1142"/></Shape></Glyph><Glyph ID="char_47" CONTENT="ו" GC="1.0"><Shape><Polygon POINTS="1993 1143 1994 1344 2034 1343 2033 1142"/></Shape></Glyph><Glyph ID="char_48" CONTENT="י" GC="1.0"><Shape><Polygon POINTS="1938 1143 1939 1344 1994 1344 1993 1143"/></Shape></Glyph><Glyph ID="char_49" CONTENT="ק" GC="1.0"><Shape><Polygon POINTS="1884 1143 1885 1344 1939 1344 1938 1143"/></Shape></Glyph><Glyph ID="char_50" CONTENT="ו" GC="1.0"><Shape><Polygon POINTS="1830 1144 1831 1345 1885 1344 1884 1143"/></Shape></Glyph><Glyph ID="char_51" CONTENT="ם" GC="1.0"><Shape><Polygon POINTS="1772 1145 1780 1346 1831 1345 1830 1144"/></Shape></Glyph><Glyph ID="char_52" CONTENT=" " GC="1.0"><Shape><Polygon POINTS="1731 1146 1739 1347 1780 1346 1772 1145"/></Shape></Glyph><Glyph ID="char_53" CONTENT="ו" GC="1.0"><Shape><Polygon POINTS="1690 1148 1698 1349 1739 1347 1731 1146"/></Shape></Glyph><Glyph ID="char_54" CONTENT="י" GC="1.0"><Shape><Polygon POINTS="1650 1150 1658 1350 1698 1349 1690 1148"/></Shape></Glyph><Glyph ID="char_55" CONTENT="פ" GC="1.0"><Shape><Polygon POINTS="1614 1150 1614 1351 1658 1350 1650 1150"/></Shape></Glyph><Glyph ID="char_56" CONTENT="ת" GC="1.0"><Shape><Polygon POINTS="1560 1150 1560 1351 1614 1351 1614 1150"/></Shape></Glyph><Glyph ID="char_57" CONTENT="ח" GC="1.0"><Shape><Polygon POINTS="1506 1150 1506 1351 1560 1351 1560 1150"/></Shape></Glyph><Glyph ID="char_58" CONTENT=" " GC="1.0"><Shape><Polygon POINTS="1452 1150 1452 1351 1506 1351 1506 1150"/></Shape></Glyph><Glyph ID="char_59" CONTENT="א" GC="1.0"><Shape><Polygon POINTS="1377 1152 1388 1352 1452 1351 1452 1150"/></Shape></Glyph><Glyph ID="char_60" CONTENT="ת" GC="1.0"><Shape><Polygon POINTS="1337 1154 1347 1354 1388 1352 1377 1152"/></Shape></Glyph><Glyph ID="char_61" CONTENT=" " GC="1.0"><Shape><Polygon POINTS="1310 1154 1297 1355 1347 1354 1337 1154"/></Shape></Glyph><Glyph ID="char_62" CONTENT="ד" GC="1.0"><Shape><Polygon POINTS="1270 1152 1257 1353 1297 1355 1310 1154"/></Shape></Glyph><Glyph ID="char_63" CONTENT=" " GC="1.0"><Shape><Polygon POINTS="1221 1270 1261 1272"/></Shape></Glyph></String>
          </TextLine>

          
          
          <TextLine ID="eSc_line_1785301" BASELINE="1201 1492 1382 1490 1461 1495 1542 1495 1860 1477 2043 1483 2266 1474 2636 1470" HPOS="1199.0" VPOS="1349.0" WIDTH="1437.0" HEIGHT="226.0">
            <Shape><Polygon POINTS="1199 1371 1380 1369 1468 1374 1542 1374 1853 1356 2046 1362 2261 1353 2634 1349 2636 1550 2269 1554 2040 1563 1864 1557 1542 1575 1455 1575 1382 1570 1201 1572"/></Shape>
	    <String CONTENT=" ל גיד את המשא לעלי ויען עלי ו" HPOS="1199.0" VPOS="1349.0" WIDTH="1437.0" HEIGHT="226.0"><Glyph ID="char_64" CONTENT=" " GC="1.0"><Shape><Polygon POINTS="2605 1349 2607 1550 2633 1550 2631 1349"/></Shape></Glyph><Glyph ID="char_65" CONTENT="ל" GC="1.0"><Shape><Polygon POINTS="2591 1349 2593 1550 2607 1550 2605 1349"/></Shape></Glyph><Glyph ID="char_66" CONTENT=" " GC="1.0"><Shape><Polygon POINTS="2578 1350 2580 1551 2593 1550 2591 1349"/></Shape></Glyph><Glyph ID="char_67" CONTENT="ג" GC="1.0"><Shape><Polygon POINTS="2551 1350 2553 1551 2580 1551 2578 1350"/></Shape></Glyph><Glyph ID="char_68" CONTENT="י" GC="1.0"><Shape><Polygon POINTS="2497 1350 2499 1551 2553 1551 2551 1350"/></Shape></Glyph><Glyph ID="char_69" CONTENT="ד" GC="1.0"><Shape><Polygon POINTS="2443 1351 2445 1552 2499 1551 2497 1350"/></Shape></Glyph><Glyph ID="char_70" CONTENT=" " GC="1.0"><Shape><Polygon POINTS="2402 1351 2404 1553 2445 1552 2443 1351"/></Shape></Glyph><Glyph ID="char_71" CONTENT="א" GC="1.0"><Shape><Polygon POINTS="2334 1352 2336 1553 2404 1553 2402 1351"/></Shape></Glyph><Glyph ID="char_72" CONTENT="ת" GC="1.0"><Shape><Polygon POINTS="2280 1353 2282 1554 2336 1553 2334 1352"/></Shape></Glyph><Glyph ID="char_73" CONTENT=" " GC="1.0"><Shape><Polygon POINTS="2222 1355 2230 1556 2282 1554 2280 1353"/></Shape></Glyph><Glyph ID="char_74" CONTENT="ה" GC="1.0"><Shape><Polygon POINTS="2168 1357 2176 1558 2230 1556 2222 1355"/></Shape></Glyph><Glyph ID="char_75" CONTENT="מ" GC="1.0"><Shape><Polygon POINTS="2114 1359 2122 1560 2176 1558 2168 1357"/></Shape></Glyph><Glyph ID="char_76" CONTENT="ש" GC="1.0"><Shape><Polygon POINTS="2042 1362 2036 1563 2122 1560 2114 1359"/></Shape></Glyph><Glyph ID="char_77" CONTENT="א" GC="1.0"><Shape><Polygon POINTS="1974 1360 1968 1561 2036 1563 2042 1362"/></Shape></Glyph><Glyph ID="char_78" CONTENT=" " GC="1.0"><Shape><Polygon POINTS="1934 1359 1928 1559 1968 1561 1974 1360"/></Shape></Glyph><Glyph ID="char_79" CONTENT="ל" GC="1.0"><Shape><Polygon POINTS="1879 1357 1873 1557 1928 1559 1934 1359"/></Shape></Glyph><Glyph ID="char_80" CONTENT="ע" GC="1.0"><Shape><Polygon POINTS="1815 1358 1826 1559 1873 1557 1879 1357"/></Shape></Glyph><Glyph ID="char_81" CONTENT="ל" GC="1.0"><Shape><Polygon POINTS="1761 1361 1772 1562 1826 1559 1815 1358"/></Shape></Glyph><Glyph ID="char_82" CONTENT="י" GC="1.0"><Shape><Polygon POINTS="1707 1364 1718 1565 1772 1562 1761 1361"/></Shape></Glyph><Glyph ID="char_83" CONTENT=" " GC="1.0"><Shape><Polygon POINTS="1667 1367 1678 1567 1718 1565 1707 1364"/></Shape></Glyph><Glyph ID="char_84" CONTENT="ו" GC="1.0"><Shape><Polygon POINTS="1612 1370 1623 1570 1678 1567 1667 1367"/></Shape></Glyph><Glyph ID="char_85" CONTENT="י" GC="1.0"><Shape><Polygon POINTS="1572 1372 1583 1573 1623 1570 1612 1370"/></Shape></Glyph><Glyph ID="char_86" CONTENT="ע" GC="1.0"><Shape><Polygon POINTS="1525 1374 1525 1575 1583 1573 1572 1372"/></Shape></Glyph><Glyph ID="char_87" CONTENT="ן" GC="1.0"><Shape><Polygon POINTS="1498 1374 1498 1575 1525 1575 1525 1374"/></Shape></Glyph><Glyph ID="char_88" CONTENT=" " GC="1.0"><Shape><Polygon POINTS="1464 1374 1452 1575 1498 1575 1498 1374"/></Shape></Glyph><Glyph ID="char_89" CONTENT="ע" GC="1.0"><Shape><Polygon POINTS="1411 1371 1398 1571 1452 1575 1464 1374"/></Shape></Glyph><Glyph ID="char_90" CONTENT="ל" GC="1.0"><Shape><Polygon POINTS="1348 1369 1350 1570 1398 1571 1411 1371"/></Shape></Glyph><Glyph ID="char_91" CONTENT="י" GC="1.0"><Shape><Polygon POINTS="1307 1370 1309 1571 1350 1570 1348 1369"/></Shape></Glyph><Glyph ID="char_92" CONTENT=" " GC="1.0"><Shape><Polygon POINTS="1240 1371 1242 1572 1309 1571 1307 1370"/></Shape></Glyph><Glyph ID="char_93" CONTENT="ו" GC="1.0"><Shape><Polygon POINTS="1200 1492 1240 1491"/></Shape></Glyph></String>
          </TextLine>

          
          
          <TextLine ID="eSc_line_1785302" BASELINE="1298 1670 1754 1670 2126 1682 2261 1682 2509 1666 2600 1666 2660 1670" HPOS="1298.0" VPOS="1545.0" WIDTH="1370.0" HEIGHT="217.0">
            <Shape><Polygon POINTS="1298 1549 1754 1549 2129 1561 2261 1561 2501 1545 2600 1545 2668 1549 2654 1750 2600 1746 2514 1746 2261 1762 2123 1762 1754 1750 1298 1750"/></Shape>
	    <String CONTENT=" דיעני את מראה האלוהים אל " HPOS="1298.0" VPOS="1545.0" WIDTH="1370.0" HEIGHT="217.0"><Glyph ID="char_94" CONTENT=" " GC="1.0"><Shape><Polygon POINTS="2617 1546 2604 1746 2644 1749 2657 1548"/></Shape></Glyph><Glyph ID="char_95" CONTENT="ד" GC="1.0"><Shape><Polygon POINTS="2569 1545 2569 1746 2604 1746 2617 1546"/></Shape></Glyph><Glyph ID="char_96" CONTENT="י" GC="1.0"><Shape><Polygon POINTS="2528 1545 2528 1746 2569 1746 2569 1545"/></Shape></Glyph><Glyph ID="char_97" CONTENT="ע" GC="1.0"><Shape><Polygon POINTS="2481 1546 2493 1747 2528 1746 2528 1545"/></Shape></Glyph><Glyph ID="char_98" CONTENT="נ" GC="1.0"><Shape><Polygon POINTS="2426 1550 2439 1751 2493 1747 2481 1546"/></Shape></Glyph><Glyph ID="char_99" CONTENT="י" GC="1.0"><Shape><Polygon POINTS="2386 1553 2399 1753 2439 1751 2426 1550"/></Shape></Glyph><Glyph ID="char_100" CONTENT=" " GC="1.0"><Shape><Polygon POINTS="2332 1556 2345 1757 2399 1753 2386 1553"/></Shape></Glyph><Glyph ID="char_101" CONTENT="א" GC="1.0"><Shape><Polygon POINTS="2264 1561 2277 1761 2345 1757 2332 1556"/></Shape></Glyph><Glyph ID="char_102" CONTENT="ת" GC="1.0"><Shape><Polygon POINTS="2218 1561 2218 1762 2277 1761 2264 1561"/></Shape></Glyph><Glyph ID="char_103" CONTENT=" " GC="1.0"><Shape><Polygon POINTS="2177 1561 2177 1762 2218 1762 2218 1561"/></Shape></Glyph><Glyph ID="char_104" CONTENT="מ" GC="1.0"><Shape><Polygon POINTS="2114 1561 2107 1761 2177 1762 2177 1561"/></Shape></Glyph><Glyph ID="char_105" CONTENT="ר" GC="1.0"><Shape><Polygon POINTS="2060 1559 2053 1760 2107 1761 2114 1561"/></Shape></Glyph><Glyph ID="char_106" CONTENT="א" GC="1.0"><Shape><Polygon POINTS="1992 1557 1985 1758 2053 1760 2060 1559"/></Shape></Glyph><Glyph ID="char_107" CONTENT="ה" GC="1.0"><Shape><Polygon POINTS="1938 1555 1931 1756 1985 1758 1992 1557"/></Shape></Glyph><Glyph ID="char_108" CONTENT=" " GC="1.0"><Shape><Polygon POINTS="1884 1553 1877 1754 1931 1756 1938 1555"/></Shape></Glyph><Glyph ID="char_109" CONTENT="ה" GC="1.0"><Shape><Polygon POINTS="1830 1551 1823 1752 1877 1754 1884 1553"/></Shape></Glyph><Glyph ID="char_110" CONTENT="א" GC="1.0"><Shape><Polygon POINTS="1776 1550 1769 1751 1823 1752 1830 1551"/></Shape></Glyph><Glyph ID="char_111" CONTENT="ל" GC="1.0"><Shape><Polygon POINTS="1731 1549 1731 1750 1769 1751 1776 1550"/></Shape></Glyph><Glyph ID="char_112" CONTENT="ו" GC="1.0"><Shape><Polygon POINTS="1690 1549 1690 1750 1731 1750 1731 1549"/></Shape></Glyph><Glyph ID="char_113" CONTENT="ה" GC="1.0"><Shape><Polygon POINTS="1636 1549 1636 1750 1690 1750 1690 1549"/></Shape></Glyph><Glyph ID="char_114" CONTENT="י" GC="1.0"><Shape><Polygon POINTS="1596 1549 1596 1750 1636 1750 1636 1549"/></Shape></Glyph><Glyph ID="char_115" CONTENT="ם" GC="1.0"><Shape><Polygon POINTS="1542 1549 1542 1750 1596 1750 1596 1549"/></Shape></Glyph><Glyph ID="char_116" CONTENT=" " GC="1.0"><Shape><Polygon POINTS="1474 1549 1474 1750 1542 1750 1542 1549"/></Shape></Glyph><Glyph ID="char_117" CONTENT="א" GC="1.0"><Shape><Polygon POINTS="1420 1549 1420 1750 1474 1750 1474 1549"/></Shape></Glyph><Glyph ID="char_118" CONTENT="ל" GC="1.0"><Shape><Polygon POINTS="1379 1549 1379 1750 1420 1750 1420 1549"/></Shape></Glyph><Glyph ID="char_119" CONTENT=" " GC="1.0"><Shape><Polygon POINTS="1312 1549 1312 1750 1379 1750 1379 1549"/></Shape></Glyph></String>
          </TextLine>

          
          
          <TextLine ID="eSc_line_1785303" BASELINE="1648 1900 1781 1905 1891 1900 2171 1900 2318 1905 2383 1900 2482 1882" HPOS="1644.0" VPOS="1763.0" WIDTH="852.0" HEIGHT="222.0">
            <Shape><Polygon POINTS="1652 1779 1785 1784 1885 1779 2171 1779 2322 1784 2373 1779 2460 1763 2496 1961 2389 1980 2315 1985 2171 1980 1894 1980 1777 1985 1644 1980"/></Shape>
	    <String CONTENT=" אם תכחד ממני " HPOS="1644.0" VPOS="1763.0" WIDTH="852.0" HEIGHT="222.0"><Glyph ID="char_120" CONTENT=" " GC="1.0"><Shape><Polygon POINTS="2406 1773 2442 1971 2482 1963 2446 1765"/></Shape></Glyph><Glyph ID="char_121" CONTENT="א" GC="1.0"><Shape><Polygon POINTS="2352 1781 2368 1981 2442 1971 2406 1773"/></Shape></Glyph><Glyph ID="char_122" CONTENT="ם" GC="1.0"><Shape><Polygon POINTS="2312 1784 2305 1985 2368 1981 2352 1781"/></Shape></Glyph><Glyph ID="char_123" CONTENT=" " GC="1.0"><Shape><Polygon POINTS="2271 1782 2264 1983 2305 1985 2312 1784"/></Shape></Glyph><Glyph ID="char_124" CONTENT="ת" GC="1.0"><Shape><Polygon POINTS="2217 1781 2210 1981 2264 1983 2271 1782"/></Shape></Glyph><Glyph ID="char_125" CONTENT="כ" GC="1.0"><Shape><Polygon POINTS="2146 1779 2146 1980 2210 1981 2217 1781"/></Shape></Glyph><Glyph ID="char_126" CONTENT="ח" GC="1.0"><Shape><Polygon POINTS="2092 1779 2092 1980 2146 1980 2146 1779"/></Shape></Glyph><Glyph ID="char_127" CONTENT="ד" GC="1.0"><Shape><Polygon POINTS="2038 1779 2038 1980 2092 1980 2092 1779"/></Shape></Glyph><Glyph ID="char_128" CONTENT=" " GC="1.0"><Shape><Polygon POINTS="1998 1779 1998 1980 2038 1980 2038 1779"/></Shape></Glyph><Glyph ID="char_129" CONTENT="מ" GC="1.0"><Shape><Polygon POINTS="1944 1779 1944 1980 1998 1980 1998 1779"/></Shape></Glyph><Glyph ID="char_130" CONTENT="מ" GC="1.0"><Shape><Polygon POINTS="1884 1779 1893 1980 1944 1980 1944 1779"/></Shape></Glyph><Glyph ID="char_131" CONTENT="נ" GC="1.0"><Shape><Polygon POINTS="1830 1782 1839 1982 1893 1980 1884 1779"/></Shape></Glyph><Glyph ID="char_132" CONTENT="י" GC="1.0"><Shape><Polygon POINTS="1789 1784 1798 1984 1839 1982 1830 1782"/></Shape></Glyph><Glyph ID="char_133" CONTENT=" " GC="1.0"><Shape><Polygon POINTS="1706 1781 1697 1982 1798 1984 1789 1784"/></Shape></Glyph></String>
          </TextLine>

          
          
          <TextLine ID="eSc_line_1785304" BASELINE="1948 2081 2176 2094 2439 2097" HPOS="1943.0" VPOS="1960.0" WIDTH="497.0" HEIGHT="217.0">
            <Shape><Polygon POINTS="1954 1960 2182 1973 2440 1976 2438 2177 2171 2174 1943 2161"/></Shape>
	    <String CONTENT=" שמואל " HPOS="1943.0" VPOS="1960.0" WIDTH="497.0" HEIGHT="217.0"><Glyph ID="char_134" CONTENT=" " GC="1.0"><Shape><Polygon POINTS="2399 1976 2397 2177 2437 2177 2439 1976"/></Shape></Glyph><Glyph ID="char_135" CONTENT="ש" GC="1.0"><Shape><Polygon POINTS="2330 1975 2328 2176 2397 2177 2399 1976"/></Shape></Glyph><Glyph ID="char_136" CONTENT="מ" GC="1.0"><Shape><Polygon POINTS="2276 1974 2274 2175 2328 2176 2330 1975"/></Shape></Glyph><Glyph ID="char_137" CONTENT="ו" GC="1.0"><Shape><Polygon POINTS="2235 1974 2233 2175 2274 2175 2276 1974"/></Shape></Glyph><Glyph ID="char_138" CONTENT="א" GC="1.0"><Shape><Polygon POINTS="2180 1973 2178 2174 2233 2175 2235 1974"/></Shape></Glyph><Glyph ID="char_139" CONTENT="ל" GC="1.0"><Shape><Polygon POINTS="2132 1970 2120 2171 2178 2174 2180 1973"/></Shape></Glyph><Glyph ID="char_140" CONTENT=" " GC="1.0"><Shape><Polygon POINTS="2023 1964 2011 2165 2120 2171 2132 1970"/></Shape></Glyph></String>
          </TextLine>

          
        </TextBlock>
        

        
      </PrintSpace>
    </Page>
  </Layout>
</alto>