<?xml version='1.0' encoding='UTF-8'?>
<alto xmlns:xsi="http://www.w3.org/2001/XMLSchema-instance" xmlns="http://www.loc.gov/standards/alto/ns-v4#" xsi:schemaLocation="http://www.loc.gov/standards/alto/ns-v4# http://www.loc.gov/standards/alto/v4/alto-4-2.xsd">
  <Description>
    <MeasurementUnit>pixel</MeasurementUnit>
    <sourceImageInformation>
      <fileName>183-Fg001-R-C01-R01-D20112011-T143423-LR924_012_F.jpg</fileName>
      
    </sourceImageInformation>
  </Description>
  
  <Tags>
    <OtherTag ID="BT1443" LABEL="Parchment_or_papyrus" DESCRIPTION="block type Parchment_or_papyrus"/><OtherTag ID="BT2" LABEL="Main" DESCRIPTION="block type Main"/>
    
  </Tags>
  
  <Layout>
    <Page WIDTH="3608" HEIGHT="2706" PHYSICAL_IMG_NR="6" ID="eSc_dummypage_">
      <PrintSpace HPOS="0" VPOS="0" WIDTH="3608" HEIGHT="2706">
        
        <TextBlock HPOS="313.0" VPOS="1380.0" WIDTH="2499.0" HEIGHT="803.0" ID="eSc_textblock_fcd52dc6" TAGREFS="BT2">
          <Shape><Polygon POINTS="372 1380 313 2047 962 2183 2731 1713 2812 1530"/></Shape>
          
          
          <TextLine ID="eSc_line_1785416" BASELINE="451 1490 480 1481 525 1481 678 1492 870 1510 1174 1546 1540 1573 1794 1601 1864 1603 2027 1616 2162 1621 2291 1632 2676 1637" HPOS="419.0" VPOS="1374.0" WIDTH="2258.0" HEIGHT="333.0">
            <Shape><Polygon POINTS="419 1388 448 1379 525 1374 685 1386 879 1404 1186 1440 1547 1467 1805 1495 1867 1496 2035 1510 2165 1514 2300 1526 2677 1530 2675 1707 2284 1702 2159 1691 2021 1686 1861 1673 1786 1671 1534 1643 1165 1616 863 1580 672 1562 525 1551 500 1548 471 1557"/></Shape>
	    <String CONTENT=" וכל פרי תנובה וכל וכל עץ נעים נחמד להשכיל הלוא גן נ " HPOS="419.0" VPOS="1374.0" WIDTH="2258.0" HEIGHT="333.0"><Glyph ID="char_0" CONTENT=" " GC="1.0"><Shape><Polygon POINTS="2594 1529 2592 1706 2651 1707 2653 1530"/></Shape></Glyph><Glyph ID="char_1" CONTENT="ו" GC="1.0"><Shape><Polygon POINTS="2559 1529 2557 1705 2592 1706 2594 1529"/></Shape></Glyph><Glyph ID="char_2" CONTENT="כ" GC="1.0"><Shape><Polygon POINTS="2523 1528 2521 1705 2557 1705 2559 1529"/></Shape></Glyph><Glyph ID="char_3" CONTENT="ל" GC="1.0"><Shape><Polygon POINTS="2488 1528 2486 1705 2521 1705 2523 1528"/></Shape></Glyph><Glyph ID="char_4" CONTENT=" " GC="1.0"><Shape><Polygon POINTS="2441 1527 2439 1704 2486 1705 2488 1528"/></Shape></Glyph><Glyph ID="char_5" CONTENT="פ" GC="1.0"><Shape><Polygon POINTS="2393 1527 2391 1703 2439 1704 2441 1527"/></Shape></Glyph><Glyph ID="char_6" CONTENT="ר" GC="1.0"><Shape><Polygon POINTS="2346 1526 2344 1703 2391 1703 2393 1527"/></Shape></Glyph><Glyph ID="char_7" CONTENT="י" GC="1.0"><Shape><Polygon POINTS="2322 1526 2320 1702 2344 1703 2346 1526"/></Shape></Glyph><Glyph ID="char_8" CONTENT=" " GC="1.0"><Shape><Polygon POINTS="2295 1526 2280 1702 2320 1702 2322 1526"/></Shape></Glyph><Glyph ID="char_9" CONTENT="ת" GC="1.0"><Shape><Polygon POINTS="2248 1521 2233 1698 2280 1702 2295 1526"/></Shape></Glyph><Glyph ID="char_10" CONTENT="נ" GC="1.0"><Shape><Polygon POINTS="2200 1517 2185 1693 2233 1698 2248 1521"/></Shape></Glyph><Glyph ID="char_11" CONTENT="ו" GC="1.0"><Shape><Polygon POINTS="2160 1514 2154 1691 2185 1693 2200 1517"/></Shape></Glyph><Glyph ID="char_12" CONTENT="ב" GC="1.0"><Shape><Polygon POINTS="2113 1512 2107 1689 2154 1691 2160 1514"/></Shape></Glyph><Glyph ID="char_13" CONTENT="ה" GC="1.0"><Shape><Polygon POINTS="2065 1511 2059 1687 2107 1689 2113 1512"/></Shape></Glyph><Glyph ID="char_14" CONTENT=" " GC="1.0"><Shape><Polygon POINTS="2042 1510 2036 1687 2059 1687 2065 1511"/></Shape></Glyph><Glyph ID="char_15" CONTENT="ו" GC="1.0"><Shape><Polygon POINTS="2035 1510 2021 1686 2036 1687 2042 1510"/></Shape></Glyph><Glyph ID="char_16" CONTENT="כ" GC="1.0"><Shape><Polygon POINTS="2023 1509 2009 1685 2021 1686 2035 1510"/></Shape></Glyph><Glyph ID="char_17" CONTENT="ל" GC="1.0"><Shape><Polygon POINTS="2011 1508 1997 1684 2009 1685 2023 1509"/></Shape></Glyph><Glyph ID="char_18" CONTENT=" " GC="1.0"><Shape><Polygon POINTS="1988 1506 1974 1682 1997 1684 2011 1508"/></Shape></Glyph><Glyph ID="char_19" CONTENT="ו" GC="1.0"><Shape><Polygon POINTS="1952 1503 1938 1679 1974 1682 1988 1506"/></Shape></Glyph><Glyph ID="char_20" CONTENT="כ" GC="1.0"><Shape><Polygon POINTS="1905 1499 1891 1675 1938 1679 1952 1503"/></Shape></Glyph><Glyph ID="char_21" CONTENT="ל" GC="1.0"><Shape><Polygon POINTS="1864 1496 1859 1673 1891 1675 1905 1499"/></Shape></Glyph><Glyph ID="char_22" CONTENT=" " GC="1.0"><Shape><Polygon POINTS="1841 1496 1836 1672 1859 1673 1864 1496"/></Shape></Glyph><Glyph ID="char_23" CONTENT="ע" GC="1.0"><Shape><Polygon POINTS="1801 1495 1782 1671 1836 1672 1841 1496"/></Shape></Glyph><Glyph ID="char_24" CONTENT="ץ" GC="1.0"><Shape><Polygon POINTS="1755 1490 1735 1665 1782 1671 1801 1495"/></Shape></Glyph><Glyph ID="char_25" CONTENT=" " GC="1.0"><Shape><Polygon POINTS="1720 1486 1701 1662 1735 1665 1755 1490"/></Shape></Glyph><Glyph ID="char_26" CONTENT="נ" GC="1.0"><Shape><Polygon POINTS="1684 1482 1665 1658 1701 1662 1720 1486"/></Shape></Glyph><Glyph ID="char_27" CONTENT="ע" GC="1.0"><Shape><Polygon POINTS="1637 1477 1618 1652 1665 1658 1684 1482"/></Shape></Glyph><Glyph ID="char_28" CONTENT="י" GC="1.0"><Shape><Polygon POINTS="1579 1470 1559 1646 1618 1652 1637 1477"/></Shape></Glyph><Glyph ID="char_29" CONTENT="ם" GC="1.0"><Shape><Polygon POINTS="1528 1466 1515 1642 1559 1646 1579 1470"/></Shape></Glyph><Glyph ID="char_30" CONTENT=" " GC="1.0"><Shape><Polygon POINTS="1480 1462 1467 1638 1515 1642 1528 1466"/></Shape></Glyph><Glyph ID="char_31" CONTENT="נ" GC="1.0"><Shape><Polygon POINTS="1433 1459 1420 1635 1467 1638 1480 1462"/></Shape></Glyph><Glyph ID="char_32" CONTENT="ח" GC="1.0"><Shape><Polygon POINTS="1375 1454 1362 1630 1420 1635 1433 1459"/></Shape></Glyph><Glyph ID="char_33" CONTENT="מ" GC="1.0"><Shape><Polygon POINTS="1316 1450 1303 1626 1362 1630 1375 1454"/></Shape></Glyph><Glyph ID="char_34" CONTENT="ד" GC="1.0"><Shape><Polygon POINTS="1269 1446 1256 1623 1303 1626 1316 1450"/></Shape></Glyph><Glyph ID="char_35" CONTENT=" " GC="1.0"><Shape><Polygon POINTS="1233 1444 1220 1620 1256 1623 1269 1446"/></Shape></Glyph><Glyph ID="char_36" CONTENT="ל" GC="1.0"><Shape><Polygon POINTS="1179 1439 1158 1615 1220 1620 1233 1444"/></Shape></Glyph><Glyph ID="char_37" CONTENT="ה" GC="1.0"><Shape><Polygon POINTS="1132 1434 1111 1610 1158 1615 1179 1439"/></Shape></Glyph><Glyph ID="char_38" CONTENT="ש" GC="1.0"><Shape><Polygon POINTS="1062 1425 1041 1601 1111 1610 1132 1434"/></Shape></Glyph><Glyph ID="char_39" CONTENT="כ" GC="1.0"><Shape><Polygon POINTS="991 1417 970 1593 1041 1601 1062 1425"/></Shape></Glyph><Glyph ID="char_40" CONTENT="י" GC="1.0"><Shape><Polygon POINTS="955 1413 935 1589 970 1593 991 1417"/></Shape></Glyph><Glyph ID="char_41" CONTENT="ל" GC="1.0"><Shape><Polygon POINTS="897 1406 876 1582 935 1589 955 1413"/></Shape></Glyph><Glyph ID="char_42" CONTENT=" " GC="1.0"><Shape><Polygon POINTS="836 1400 819 1576 876 1582 897 1406"/></Shape></Glyph><Glyph ID="char_43" CONTENT="ה" GC="1.0"><Shape><Polygon POINTS="777 1395 760 1570 819 1576 836 1400"/></Shape></Glyph><Glyph ID="char_44" CONTENT="ל" GC="1.0"><Shape><Polygon POINTS="742 1391 725 1567 760 1570 777 1395"/></Shape></Glyph><Glyph ID="char_45" CONTENT="ו" GC="1.0"><Shape><Polygon POINTS="694 1387 678 1563 725 1567 742 1391"/></Shape></Glyph><Glyph ID="char_46" CONTENT="א" GC="1.0"><Shape><Polygon POINTS="645 1383 632 1559 678 1563 694 1387"/></Shape></Glyph><Glyph ID="char_47" CONTENT=" " GC="1.0"><Shape><Polygon POINTS="610 1380 597 1556 632 1559 645 1383"/></Shape></Glyph><Glyph ID="char_48" CONTENT="ג" GC="1.0"><Shape><Polygon POINTS="574 1378 562 1554 597 1556 610 1380"/></Shape></Glyph><Glyph ID="char_49" CONTENT="ן" GC="1.0"><Shape><Polygon POINTS="551 1376 539 1552 562 1554 574 1378"/></Shape></Glyph><Glyph ID="char_50" CONTENT=" " GC="1.0"><Shape><Polygon POINTS="508 1375 508 1549 539 1552 551 1376"/></Shape></Glyph><Glyph ID="char_51" CONTENT="נ" GC="1.0"><Shape><Polygon POINTS="442 1381 493 1550 508 1549 508 1375"/></Shape></Glyph><Glyph ID="char_52" CONTENT=" " GC="1.0"><Shape><Polygon POINTS="450 1490 472 1483"/></Shape></Glyph></String>
          </TextLine>

          
          
          <TextLine ID="eSc_line_1785421" BASELINE="403 1616 493 1625 588 1628 651 1648 798 1664 1066 1684 1364 1722 1643 1740 1831 1747 1860 1752 1997 1752 2002 1747 2121 1767 2221 1772 2379 1772" HPOS="395.0" VPOS="1510.0" WIDTH="2498.27" HEIGHT="332.0">
            <Shape><Polygon POINTS="413 1510 503 1519 591 1521 683 1546 809 1558 1073 1578 1377 1616 1649 1634 1834 1640 1878 1647 1926 1671 2893.27 1629.94 2138 1662 2226 1665 2379 1665 2379 1842 2217 1842 2109 1836 2052 1797 1997 1822 1847 1821 1828 1817 1638 1810 1355 1792 1060 1754 790 1734 629 1715 585 1698 485 1695 395 1686"/></Shape>
	    <String CONTENT=" ל שכיל מ ה ובו המשילכה לעבדו ולשמרו " HPOS="395.0" VPOS="1510.0" WIDTH="2498.27" HEIGHT="332.0"><Glyph ID="char_53" CONTENT=" " GC="1.0"><Shape><Polygon POINTS="2326 1654 2326 1842 2353 1842 2353 1652"/></Shape></Glyph><Glyph ID="char_54" CONTENT="ל" GC="1.0"><Shape><Polygon POINTS="2298 1655 2298 1842 2326 1842 2326 1654"/></Shape></Glyph><Glyph ID="char_55" CONTENT=" " GC="1.0"><Shape><Polygon POINTS="2270 1656 2270 1842 2298 1842 2298 1655"/></Shape></Glyph><Glyph ID="char_56" CONTENT="ש" GC="1.0"><Shape><Polygon POINTS="2243 1657 2243 1842 2270 1842 2270 1656"/></Shape></Glyph><Glyph ID="char_57" CONTENT="כ" GC="1.0"><Shape><Polygon POINTS="2193 1659 2184 1840 2243 1842 2243 1657"/></Shape></Glyph><Glyph ID="char_58" CONTENT="י" GC="1.0"><Shape><Polygon POINTS="2166 1661 2157 1839 2184 1840 2193 1659"/></Shape></Glyph><Glyph ID="char_59" CONTENT="ל" GC="1.0"><Shape><Polygon POINTS="2122 1662 2094 1826 2157 1839 2166 1661"/></Shape></Glyph><Glyph ID="char_60" CONTENT=" " GC="1.0"><Shape><Polygon POINTS="2094 1664 2070 1809 2094 1826 2122 1662"/></Shape></Glyph><Glyph ID="char_61" CONTENT="מ" GC="1.0"><Shape><Polygon POINTS="1909 1663 2046 1800 2070 1809 2094 1664"/></Shape></Glyph><Glyph ID="char_62" CONTENT=" " GC="1.0"><Shape><Polygon POINTS="1887 1652 1887 1821 2046 1800 1909 1663"/></Shape></Glyph><Glyph ID="char_63" CONTENT="ה" GC="1.0"><Shape><Polygon POINTS="1851 1643 1821 1817 1887 1821 1887 1652"/></Shape></Glyph><Glyph ID="char_64" CONTENT=" " GC="1.0"><Shape><Polygon POINTS="1782 1638 1775 1815 1821 1817 1851 1643"/></Shape></Glyph><Glyph ID="char_65" CONTENT="ו" GC="1.0"><Shape><Polygon POINTS="1754 1637 1747 1814 1775 1815 1782 1638"/></Shape></Glyph><Glyph ID="char_66" CONTENT="ב" GC="1.0"><Shape><Polygon POINTS="1699 1636 1692 1812 1747 1814 1754 1637"/></Shape></Glyph><Glyph ID="char_67" CONTENT="ו" GC="1.0"><Shape><Polygon POINTS="1671 1635 1664 1811 1692 1812 1699 1636"/></Shape></Glyph><Glyph ID="char_68" CONTENT=" " GC="1.0"><Shape><Polygon POINTS="1646 1634 1634 1810 1664 1811 1671 1635"/></Shape></Glyph><Glyph ID="char_69" CONTENT="ה" GC="1.0"><Shape><Polygon POINTS="1591 1630 1579 1806 1634 1810 1646 1634"/></Shape></Glyph><Glyph ID="char_70" CONTENT="מ" GC="1.0"><Shape><Polygon POINTS="1536 1627 1524 1803 1579 1806 1591 1630"/></Shape></Glyph><Glyph ID="char_71" CONTENT="ש" GC="1.0"><Shape><Polygon POINTS="1453 1621 1442 1798 1524 1803 1536 1627"/></Shape></Glyph><Glyph ID="char_72" CONTENT="י" GC="1.0"><Shape><Polygon POINTS="1397 1617 1386 1794 1442 1798 1453 1621"/></Shape></Glyph><Glyph ID="char_73" CONTENT="ל" GC="1.0"><Shape><Polygon POINTS="1377 1616 1354 1792 1386 1794 1397 1617"/></Shape></Glyph><Glyph ID="char_74" CONTENT="כ" GC="1.0"><Shape><Polygon POINTS="1321 1609 1299 1785 1354 1792 1377 1616"/></Shape></Glyph><Glyph ID="char_75" CONTENT="ה" GC="1.0"><Shape><Polygon POINTS="1267 1602 1244 1778 1299 1785 1321 1609"/></Shape></Glyph><Glyph ID="char_76" CONTENT=" " GC="1.0"><Shape><Polygon POINTS="1239 1599 1216 1774 1244 1778 1267 1602"/></Shape></Glyph><Glyph ID="char_77" CONTENT="ל" GC="1.0"><Shape><Polygon POINTS="1184 1592 1162 1767 1216 1774 1239 1599"/></Shape></Glyph><Glyph ID="char_78" CONTENT="ע" GC="1.0"><Shape><Polygon POINTS="1157 1588 1134 1764 1162 1767 1184 1592"/></Shape></Glyph><Glyph ID="char_79" CONTENT="ב" GC="1.0"><Shape><Polygon POINTS="1102 1582 1080 1757 1134 1764 1157 1588"/></Shape></Glyph><Glyph ID="char_80" CONTENT="ד" GC="1.0"><Shape><Polygon POINTS="1042 1576 1029 1752 1080 1757 1102 1582"/></Shape></Glyph><Glyph ID="char_81" CONTENT="ו" GC="1.0"><Shape><Polygon POINTS="986 1571 973 1748 1029 1752 1042 1576"/></Shape></Glyph><Glyph ID="char_82" CONTENT=" " GC="1.0"><Shape><Polygon POINTS="959 1569 946 1746 973 1748 986 1571"/></Shape></Glyph><Glyph ID="char_83" CONTENT="ו" GC="1.0"><Shape><Polygon POINTS="931 1567 918 1743 946 1746 959 1569"/></Shape></Glyph><Glyph ID="char_84" CONTENT="ל" GC="1.0"><Shape><Polygon POINTS="876 1563 863 1739 918 1743 931 1567"/></Shape></Glyph><Glyph ID="char_85" CONTENT="ש" GC="1.0"><Shape><Polygon POINTS="821 1559 808 1735 863 1739 876 1563"/></Shape></Glyph><Glyph ID="char_86" CONTENT="מ" GC="1.0"><Shape><Polygon POINTS="769 1554 750 1729 808 1735 821 1559"/></Shape></Glyph><Glyph ID="char_87" CONTENT="ר" GC="1.0"><Shape><Polygon POINTS="714 1549 695 1723 750 1729 769 1554"/></Shape></Glyph><Glyph ID="char_88" CONTENT="ו" GC="1.0"><Shape><Polygon POINTS="681 1545 627 1714 695 1723 714 1549"/></Shape></Glyph><Glyph ID="char_89" CONTENT=" " GC="1.0"><Shape><Polygon POINTS="497 1518 478 1694 627 1714 681 1545"/></Shape></Glyph></String>
          </TextLine>

          
          
          <TextLine ID="eSc_line_1785419" BASELINE="405 1774 617 1790 902 1828 1071 1842 1382 1889 1619 1900 1822 1896" HPOS="399.0" VPOS="1668.0" WIDTH="1424.0" HEIGHT="302.0">
            <Shape><Polygon POINTS="412 1668 624 1684 916 1722 1079 1736 1397 1783 1623 1793 1819 1789 1823 1966 1615 1970 1371 1959 1065 1912 892 1898 611 1860 399 1844"/></Shape>
	    <String CONTENT=" קוץ ו דר תצמיח לכה וכוחה לא תתן לכה " HPOS="399.0" VPOS="1668.0" WIDTH="1424.0" HEIGHT="302.0"><Glyph ID="char_90" CONTENT=" " GC="1.0"><Shape><Polygon POINTS="1818 1789 1822 1966 1822 1966 1818 1789"/></Shape></Glyph><Glyph ID="char_91" CONTENT="ק" GC="1.0"><Shape><Polygon POINTS="1807 1789 1811 1966 1822 1966 1818 1789"/></Shape></Glyph><Glyph ID="char_92" CONTENT="ו" GC="1.0"><Shape><Polygon POINTS="1795 1789 1799 1966 1811 1966 1807 1789"/></Shape></Glyph><Glyph ID="char_93" CONTENT="ץ" GC="1.0"><Shape><Polygon POINTS="1783 1790 1787 1967 1799 1966 1795 1789"/></Shape></Glyph><Glyph ID="char_94" CONTENT=" " GC="1.0"><Shape><Polygon POINTS="1772 1790 1776 1967 1787 1967 1783 1790"/></Shape></Glyph><Glyph ID="char_95" CONTENT="ו" GC="1.0"><Shape><Polygon POINTS="1760 1790 1764 1967 1776 1967 1772 1790"/></Shape></Glyph><Glyph ID="char_96" CONTENT=" " GC="1.0"><Shape><Polygon POINTS="1736 1791 1740 1968 1764 1967 1760 1790"/></Shape></Glyph><Glyph ID="char_97" CONTENT="ד" GC="1.0"><Shape><Polygon POINTS="1688 1792 1692 1969 1740 1968 1736 1791"/></Shape></Glyph><Glyph ID="char_98" CONTENT="ר" GC="1.0"><Shape><Polygon POINTS="1641 1793 1645 1969 1692 1969 1688 1792"/></Shape></Glyph><Glyph ID="char_99" CONTENT=" " GC="1.0"><Shape><Polygon POINTS="1612 1793 1604 1970 1645 1969 1641 1793"/></Shape></Glyph><Glyph ID="char_100" CONTENT="ת" GC="1.0"><Shape><Polygon POINTS="1553 1790 1545 1967 1604 1970 1612 1793"/></Shape></Glyph><Glyph ID="char_101" CONTENT="צ" GC="1.0"><Shape><Polygon POINTS="1483 1787 1474 1964 1545 1967 1553 1790"/></Shape></Glyph><Glyph ID="char_102" CONTENT="מ" GC="1.0"><Shape><Polygon POINTS="1435 1785 1426 1961 1474 1964 1483 1787"/></Shape></Glyph><Glyph ID="char_103" CONTENT="י" GC="1.0"><Shape><Polygon POINTS="1387 1781 1360 1957 1426 1961 1435 1785"/></Shape></Glyph><Glyph ID="char_104" CONTENT="ח" GC="1.0"><Shape><Polygon POINTS="1351 1776 1325 1952 1360 1957 1387 1781"/></Shape></Glyph><Glyph ID="char_105" CONTENT=" " GC="1.0"><Shape><Polygon POINTS="1327 1773 1301 1948 1325 1952 1351 1776"/></Shape></Glyph><Glyph ID="char_106" CONTENT="ל" GC="1.0"><Shape><Polygon POINTS="1293 1768 1266 1943 1301 1948 1327 1773"/></Shape></Glyph><Glyph ID="char_107" CONTENT="כ" GC="1.0"><Shape><Polygon POINTS="1245 1761 1219 1936 1266 1943 1293 1768"/></Shape></Glyph><Glyph ID="char_108" CONTENT="ה" GC="1.0"><Shape><Polygon POINTS="1187 1752 1161 1927 1219 1936 1245 1761"/></Shape></Glyph><Glyph ID="char_109" CONTENT=" " GC="1.0"><Shape><Polygon POINTS="1151 1747 1125 1921 1161 1927 1187 1752"/></Shape></Glyph><Glyph ID="char_110" CONTENT="ו" GC="1.0"><Shape><Polygon POINTS="1105 1740 1079 1914 1125 1921 1151 1747"/></Shape></Glyph><Glyph ID="char_111" CONTENT="כ" GC="1.0"><Shape><Polygon POINTS="1062 1735 1047 1911 1079 1914 1105 1740"/></Shape></Glyph><Glyph ID="char_112" CONTENT="ו" GC="1.0"><Shape><Polygon POINTS="1015 1731 1001 1907 1047 1911 1062 1735"/></Shape></Glyph><Glyph ID="char_113" CONTENT="ח" GC="1.0"><Shape><Polygon POINTS="955 1725 941 1902 1001 1907 1015 1731"/></Shape></Glyph><Glyph ID="char_114" CONTENT="ה" GC="1.0"><Shape><Polygon POINTS="921 1722 906 1899 941 1902 955 1725"/></Shape></Glyph><Glyph ID="char_115" CONTENT=" " GC="1.0"><Shape><Polygon POINTS="890 1719 867 1895 906 1899 921 1722"/></Shape></Glyph><Glyph ID="char_116" CONTENT="ל" GC="1.0"><Shape><Polygon POINTS="844 1713 820 1888 867 1895 890 1719"/></Shape></Glyph><Glyph ID="char_117" CONTENT="א" GC="1.0"><Shape><Polygon POINTS="796 1706 773 1882 820 1888 844 1713"/></Shape></Glyph><Glyph ID="char_118" CONTENT=" " GC="1.0"><Shape><Polygon POINTS="760 1702 737 1877 773 1882 796 1706"/></Shape></Glyph><Glyph ID="char_119" CONTENT="ת" GC="1.0"><Shape><Polygon POINTS="714 1696 690 1871 737 1877 760 1702"/></Shape></Glyph><Glyph ID="char_120" CONTENT="ת" GC="1.0"><Shape><Polygon POINTS="666 1689 643 1864 690 1871 714 1696"/></Shape></Glyph><Glyph ID="char_121" CONTENT="ן" GC="1.0"><Shape><Polygon POINTS="631 1685 608 1860 643 1864 666 1689"/></Shape></Glyph><Glyph ID="char_122" CONTENT=" " GC="1.0"><Shape><Polygon POINTS="614 1683 600 1859 608 1860 631 1685"/></Shape></Glyph><Glyph ID="char_123" CONTENT="ל" GC="1.0"><Shape><Polygon POINTS="578 1681 564 1856 600 1859 614 1683"/></Shape></Glyph><Glyph ID="char_124" CONTENT="כ" GC="1.0"><Shape><Polygon POINTS="531 1677 517 1853 564 1856 578 1681"/></Shape></Glyph><Glyph ID="char_125" CONTENT="ה" GC="1.0"><Shape><Polygon POINTS="483 1673 469 1849 517 1853 531 1677"/></Shape></Glyph><Glyph ID="char_126" CONTENT=" " GC="1.0"><Shape><Polygon POINTS="424 1669 410 1845 469 1849 483 1673"/></Shape></Glyph></String>
          </TextLine>

          
          
          <TextLine ID="eSc_line_1786229" BASELINE="578 2048 899 2081" HPOS="570.0" VPOS="1942.0" WIDTH="339.0" HEIGHT="209.0">
            <Shape><Polygon POINTS="588 1942 909 1975 891 2151 570 2118"/></Shape>
	    <String CONTENT=" במועלכה " HPOS="570.0" VPOS="1942.0" WIDTH="339.0" HEIGHT="209.0"><Glyph ID="char_127" CONTENT=" " GC="1.0"><Shape><Polygon POINTS="660 1949 641 2125 772 2139 791 1963"/></Shape></Glyph><Glyph ID="char_128" CONTENT="ב" GC="1.0"><Shape><Polygon POINTS="648 1948 629 2124 641 2125 660 1949"/></Shape></Glyph><Glyph ID="char_129" CONTENT="מ" GC="1.0"><Shape><Polygon POINTS="636 1947 617 2123 629 2124 648 1948"/></Shape></Glyph><Glyph ID="char_130" CONTENT="ו" GC="1.0"><Shape><Polygon POINTS="624 1946 605 2122 617 2123 636 1947"/></Shape></Glyph><Glyph ID="char_131" CONTENT="ע" GC="1.0"><Shape><Polygon POINTS="612 1944 593 2120 605 2122 624 1946"/></Shape></Glyph><Glyph ID="char_132" CONTENT="ל" GC="1.0"><Shape><Polygon POINTS="600 1943 581 2119 593 2120 612 1944"/></Shape></Glyph><Glyph ID="char_133" CONTENT="כ" GC="1.0"><Shape><Polygon POINTS="577 2047 588 2048"/></Shape></Glyph><Glyph ID="char_134" CONTENT="ה" GC="1.0"><Shape><Polygon POINTS="577 2047 577 2047"/></Shape></Glyph><Glyph ID="char_135" CONTENT=" " GC="1.0"><Shape><Polygon POINTS="577 2047 577 2047"/></Shape></Glyph></String>
          </TextLine>

          
        </TextBlock>
        

        
      </PrintSpace>
    </Page>
  </Layout>
</alto>