<?xml version='1.0' encoding='UTF-8'?>
<alto xmlns:xsi="http://www.w3.org/2001/XMLSchema-instance" xmlns="http://www.loc.gov/standards/alto/ns-v4#" xsi:schemaLocation="http://www.loc.gov/standards/alto/ns-v4# http://www.loc.gov/standards/alto/v4/alto-4-2.xsd">
  <Description>
    <MeasurementUnit>pixel</MeasurementUnit>
    <sourceImageInformation>
      <fileName>223-Fg003-R-C01-R01-D06112011-T150334-LR924_012_F.jpg</fileName>
      
    </sourceImageInformation>
  </Description>
  
  <Tags>
    <OtherTag ID="BT1443" LABEL="Parchment_or_papyrus" DESCRIPTION="block type Parchment_or_papyrus"/><OtherTag ID="BT2" LABEL="Main" DESCRIPTION="block type Main"/>
    
  </Tags>
  
  <Layout>
    <Page WIDTH="3608" HEIGHT="2706" PHYSICAL_IMG_NR="120" ID="eSc_dummypage_">
      <PrintSpace HPOS="0" VPOS="0" WIDTH="3608" HEIGHT="2706">
        
        <TextBlock HPOS="499.0" VPOS="681.0" WIDTH="2160.0" HEIGHT="1344.0" ID="eSc_textblock_512ca3fd" TAGREFS="BT2">
          <Shape><Polygon POINTS="499 681 521 1651 687 1634 1332 1930 2616 2025 2659 902"/></Shape>
          
          
          <TextLine ID="eSc_line_1785498" BASELINE="1053 818 1120 816 1235 820 1754 850" HPOS="1050.0" VPOS="723.0" WIDTH="709.0" HEIGHT="188.0">
            <Shape><Polygon POINTS="1050 725 1117 723 1238 727 1759 757 1750 911 1232 881 1121 877 1054 879"/></Shape>
	    <String CONTENT=" לרעה מתוך בני הא " HPOS="1050.0" VPOS="723.0" WIDTH="709.0" HEIGHT="188.0"><Glyph ID="char_0" CONTENT=" " GC="1.0"><Shape><Polygon POINTS="1715 754 1707 908 1738 910 1746 756"/></Shape></Glyph><Glyph ID="char_1" CONTENT="ל" GC="1.0"><Shape><Polygon POINTS="1705 754 1697 908 1707 908 1715 754"/></Shape></Glyph><Glyph ID="char_2" CONTENT="ר" GC="1.0"><Shape><Polygon POINTS="1685 753 1676 907 1697 908 1705 754"/></Shape></Glyph><Glyph ID="char_3" CONTENT="ע" GC="1.0"><Shape><Polygon POINTS="1632 750 1623 904 1676 907 1685 753"/></Shape></Glyph><Glyph ID="char_4" CONTENT="ה" GC="1.0"><Shape><Polygon POINTS="1590 747 1581 901 1623 904 1632 750"/></Shape></Glyph><Glyph ID="char_5" CONTENT=" " GC="1.0"><Shape><Polygon POINTS="1549 745 1540 899 1581 901 1590 747"/></Shape></Glyph><Glyph ID="char_6" CONTENT="מ" GC="1.0"><Shape><Polygon POINTS="1496 742 1487 896 1540 899 1549 745"/></Shape></Glyph><Glyph ID="char_7" CONTENT="ת" GC="1.0"><Shape><Polygon POINTS="1444 739 1435 893 1487 896 1496 742"/></Shape></Glyph><Glyph ID="char_8" CONTENT="ו" GC="1.0"><Shape><Polygon POINTS="1402 736 1393 890 1435 893 1444 739"/></Shape></Glyph><Glyph ID="char_9" CONTENT="ך" GC="1.0"><Shape><Polygon POINTS="1360 734 1351 888 1393 890 1402 736"/></Shape></Glyph><Glyph ID="char_10" CONTENT=" " GC="1.0"><Shape><Polygon POINTS="1308 731 1299 885 1351 888 1360 734"/></Shape></Glyph><Glyph ID="char_11" CONTENT="ב" GC="1.0"><Shape><Polygon POINTS="1266 729 1257 882 1299 885 1308 731"/></Shape></Glyph><Glyph ID="char_12" CONTENT="נ" GC="1.0"><Shape><Polygon POINTS="1223 727 1218 880 1257 882 1266 729"/></Shape></Glyph><Glyph ID="char_13" CONTENT="י" GC="1.0"><Shape><Polygon POINTS="1191 725 1186 879 1218 880 1223 727"/></Shape></Glyph><Glyph ID="char_14" CONTENT=" " GC="1.0"><Shape><Polygon POINTS="1149 724 1144 878 1186 879 1191 725"/></Shape></Glyph><Glyph ID="char_15" CONTENT="ה" GC="1.0"><Shape><Polygon POINTS="1091 724 1096 878 1144 878 1149 724"/></Shape></Glyph><Glyph ID="char_16" CONTENT="א" GC="1.0"><Shape><Polygon POINTS="1060 725 1065 879 1096 878 1091 724"/></Shape></Glyph><Glyph ID="char_17" CONTENT=" " GC="1.0"><Shape><Polygon POINTS="1052 818 1062 817"/></Shape></Glyph></String>
          </TextLine>

          
          
          <TextLine ID="eSc_line_1785499" BASELINE="940 967 1156 967 1522 983 1698 980 1813 987 2106 987" HPOS="940.0" VPOS="874.0" WIDTH="1166.0" HEIGHT="175.0">
            <Shape><Polygon POINTS="940 874 1156 874 1526 890 1696 887 1818 894 2106 894 2106 1049 1809 1048 1699 1041 1519 1044 1156 1029 940 1029"/></Shape>
	    <String CONTENT=" ור אתה מלכי רשע בכול מח " HPOS="940.0" VPOS="874.0" WIDTH="1166.0" HEIGHT="175.0"><Glyph ID="char_18" CONTENT=" " GC="1.0"><Shape><Polygon POINTS="2031 894 2031 1049 2083 1049 2083 894"/></Shape></Glyph><Glyph ID="char_19" CONTENT="ו" GC="1.0"><Shape><Polygon POINTS="1990 894 1990 1049 2031 1049 2031 894"/></Shape></Glyph><Glyph ID="char_20" CONTENT="ר" GC="1.0"><Shape><Polygon POINTS="1938 894 1938 1048 1990 1049 1990 894"/></Shape></Glyph><Glyph ID="char_21" CONTENT=" " GC="1.0"><Shape><Polygon POINTS="1906 894 1906 1048 1938 1048 1938 894"/></Shape></Glyph><Glyph ID="char_22" CONTENT="א" GC="1.0"><Shape><Polygon POINTS="1854 894 1854 1048 1906 1048 1906 894"/></Shape></Glyph><Glyph ID="char_23" CONTENT="ת" GC="1.0"><Shape><Polygon POINTS="1798 893 1789 1047 1854 1048 1854 894"/></Shape></Glyph><Glyph ID="char_24" CONTENT="ה" GC="1.0"><Shape><Polygon POINTS="1746 890 1737 1043 1789 1047 1798 893"/></Shape></Glyph><Glyph ID="char_25" CONTENT=" " GC="1.0"><Shape><Polygon POINTS="1704 887 1695 1041 1737 1043 1746 890"/></Shape></Glyph><Glyph ID="char_26" CONTENT="מ" GC="1.0"><Shape><Polygon POINTS="1645 888 1648 1042 1695 1041 1704 887"/></Shape></Glyph><Glyph ID="char_27" CONTENT="ל" GC="1.0"><Shape><Polygon POINTS="1604 889 1607 1043 1648 1042 1645 888"/></Shape></Glyph><Glyph ID="char_28" CONTENT="כ" GC="1.0"><Shape><Polygon POINTS="1573 889 1576 1043 1607 1043 1604 889"/></Shape></Glyph><Glyph ID="char_29" CONTENT="י" GC="1.0"><Shape><Polygon POINTS="1541 890 1544 1044 1576 1043 1573 889"/></Shape></Glyph><Glyph ID="char_30" CONTENT=" " GC="1.0"><Shape><Polygon POINTS="1506 889 1499 1043 1544 1044 1541 890"/></Shape></Glyph><Glyph ID="char_31" CONTENT="ר" GC="1.0"><Shape><Polygon POINTS="1454 887 1447 1041 1499 1043 1506 889"/></Shape></Glyph><Glyph ID="char_32" CONTENT="ש" GC="1.0"><Shape><Polygon POINTS="1391 884 1384 1038 1447 1041 1454 887"/></Shape></Glyph><Glyph ID="char_33" CONTENT="ע" GC="1.0"><Shape><Polygon POINTS="1339 882 1332 1036 1384 1038 1391 884"/></Shape></Glyph><Glyph ID="char_34" CONTENT=" " GC="1.0"><Shape><Polygon POINTS="1287 880 1280 1034 1332 1036 1339 882"/></Shape></Glyph><Glyph ID="char_35" CONTENT="ב" GC="1.0"><Shape><Polygon POINTS="1235 877 1228 1032 1280 1034 1287 880"/></Shape></Glyph><Glyph ID="char_36" CONTENT="כ" GC="1.0"><Shape><Polygon POINTS="1194 876 1187 1030 1228 1032 1235 877"/></Shape></Glyph><Glyph ID="char_37" CONTENT="ו" GC="1.0"><Shape><Polygon POINTS="1162 874 1155 1029 1187 1030 1194 876"/></Shape></Glyph><Glyph ID="char_38" CONTENT="ל" GC="1.0"><Shape><Polygon POINTS="1117 874 1117 1029 1155 1029 1162 874"/></Shape></Glyph><Glyph ID="char_39" CONTENT=" " GC="1.0"><Shape><Polygon POINTS="1075 874 1075 1029 1117 1029 1117 874"/></Shape></Glyph><Glyph ID="char_40" CONTENT="מ" GC="1.0"><Shape><Polygon POINTS="1023 874 1023 1029 1075 1029 1075 874"/></Shape></Glyph><Glyph ID="char_41" CONTENT="ח" GC="1.0"><Shape><Polygon POINTS="982 874 982 1029 1023 1029 1023 874"/></Shape></Glyph><Glyph ID="char_42" CONTENT=" " GC="1.0"><Shape><Polygon POINTS="940 874 940 1029 982 1029 982 874"/></Shape></Glyph></String>
          </TextLine>

          
          
          <TextLine ID="eSc_line_1785500" BASELINE="606 1116 737 1111 883 1120 992 1122 1165 1136 1357 1141 1474 1138 1713 1150 1939 1147 2130 1154 2286 1154 2516 1143" HPOS="602.0" VPOS="1018.0" WIDTH="1916.0" HEIGHT="198.0">
            <Shape><Polygon POINTS="602 1023 733 1018 888 1027 993 1029 1172 1043 1359 1048 1471 1045 1717 1057 1937 1054 2133 1061 2286 1061 2511 1050 2518 1204 2286 1216 2127 1215 1939 1208 1709 1211 1475 1199 1355 1202 1159 1197 990 1183 879 1181 739 1172 608 1177"/></Shape>
	    <String CONTENT="אל לזעוה ביד נוקמי נקם לוא יחונכה אל קוראכ " HPOS="602.0" VPOS="1018.0" WIDTH="1916.0" HEIGHT="198.0"><Glyph ID="char_43" CONTENT="א" GC="1.0"><Shape><Polygon POINTS="2428 1054 2435 1208 2487 1206 2480 1052"/></Shape></Glyph><Glyph ID="char_44" CONTENT="ל" GC="1.0"><Shape><Polygon POINTS="2418 1055 2425 1209 2435 1208 2428 1054"/></Shape></Glyph><Glyph ID="char_45" CONTENT=" " GC="1.0"><Shape><Polygon POINTS="2387 1056 2394 1210 2425 1209 2418 1055"/></Shape></Glyph><Glyph ID="char_46" CONTENT="ל" GC="1.0"><Shape><Polygon POINTS="2356 1058 2363 1212 2394 1210 2387 1056"/></Shape></Glyph><Glyph ID="char_47" CONTENT="ז" GC="1.0"><Shape><Polygon POINTS="2325 1059 2332 1214 2363 1212 2356 1058"/></Shape></Glyph><Glyph ID="char_48" CONTENT="ע" GC="1.0"><Shape><Polygon POINTS="2284 1061 2291 1216 2332 1214 2325 1059"/></Shape></Glyph><Glyph ID="char_49" CONTENT="ו" GC="1.0"><Shape><Polygon POINTS="2236 1061 2236 1216 2291 1216 2284 1061"/></Shape></Glyph><Glyph ID="char_50" CONTENT="ה" GC="1.0"><Shape><Polygon POINTS="2184 1061 2184 1215 2236 1216 2236 1061"/></Shape></Glyph><Glyph ID="char_51" CONTENT=" " GC="1.0"><Shape><Polygon POINTS="2143 1061 2143 1215 2184 1215 2184 1061"/></Shape></Glyph><Glyph ID="char_52" CONTENT="ב" GC="1.0"><Shape><Polygon POINTS="2095 1060 2089 1214 2143 1215 2143 1061"/></Shape></Glyph><Glyph ID="char_53" CONTENT="י" GC="1.0"><Shape><Polygon POINTS="2044 1058 2038 1212 2089 1214 2095 1060"/></Shape></Glyph><Glyph ID="char_54" CONTENT="ד" GC="1.0"><Shape><Polygon POINTS="2002 1056 1996 1210 2038 1212 2044 1058"/></Shape></Glyph><Glyph ID="char_55" CONTENT=" " GC="1.0"><Shape><Polygon POINTS="1982 1056 1976 1209 1996 1210 2002 1056"/></Shape></Glyph><Glyph ID="char_56" CONTENT="נ" GC="1.0"><Shape><Polygon POINTS="1951 1055 1945 1208 1976 1209 1982 1056"/></Shape></Glyph><Glyph ID="char_57" CONTENT="ו" GC="1.0"><Shape><Polygon POINTS="1894 1055 1896 1209 1945 1208 1951 1055"/></Shape></Glyph><Glyph ID="char_58" CONTENT="ק" GC="1.0"><Shape><Polygon POINTS="1832 1055 1834 1209 1896 1209 1894 1055"/></Shape></Glyph><Glyph ID="char_59" CONTENT="מ" GC="1.0"><Shape><Polygon POINTS="1791 1056 1793 1210 1834 1209 1832 1055"/></Shape></Glyph><Glyph ID="char_60" CONTENT="י" GC="1.0"><Shape><Polygon POINTS="1749 1057 1751 1210 1793 1210 1791 1056"/></Shape></Glyph><Glyph ID="char_61" CONTENT=" " GC="1.0"><Shape><Polygon POINTS="1729 1057 1731 1211 1751 1210 1749 1057"/></Shape></Glyph><Glyph ID="char_62" CONTENT="נ" GC="1.0"><Shape><Polygon POINTS="1693 1056 1686 1210 1731 1211 1729 1057"/></Shape></Glyph><Glyph ID="char_63" CONTENT="ק" GC="1.0"><Shape><Polygon POINTS="1631 1053 1624 1207 1686 1210 1693 1056"/></Shape></Glyph><Glyph ID="char_64" CONTENT="ם" GC="1.0"><Shape><Polygon POINTS="1580 1050 1573 1204 1624 1207 1631 1053"/></Shape></Glyph><Glyph ID="char_65" CONTENT=" " GC="1.0"><Shape><Polygon POINTS="1539 1048 1531 1202 1573 1204 1580 1050"/></Shape></Glyph><Glyph ID="char_66" CONTENT="ל" GC="1.0"><Shape><Polygon POINTS="1498 1046 1490 1200 1531 1202 1539 1048"/></Shape></Glyph><Glyph ID="char_67" CONTENT="ו" GC="1.0"><Shape><Polygon POINTS="1460 1045 1464 1199 1490 1200 1498 1046"/></Shape></Glyph><Glyph ID="char_68" CONTENT="א" GC="1.0"><Shape><Polygon POINTS="1418 1046 1422 1200 1464 1199 1460 1045"/></Shape></Glyph><Glyph ID="char_69" CONTENT=" " GC="1.0"><Shape><Polygon POINTS="1367 1048 1371 1202 1422 1200 1418 1046"/></Shape></Glyph><Glyph ID="char_70" CONTENT="י" GC="1.0"><Shape><Polygon POINTS="1319 1047 1315 1201 1371 1202 1367 1048"/></Shape></Glyph><Glyph ID="char_71" CONTENT="ח" GC="1.0"><Shape><Polygon POINTS="1278 1046 1274 1200 1315 1201 1319 1047"/></Shape></Glyph><Glyph ID="char_72" CONTENT="ו" GC="1.0"><Shape><Polygon POINTS="1247 1045 1243 1199 1274 1200 1278 1046"/></Shape></Glyph><Glyph ID="char_73" CONTENT="נ" GC="1.0"><Shape><Polygon POINTS="1205 1044 1201 1198 1243 1199 1247 1045"/></Shape></Glyph><Glyph ID="char_74" CONTENT="כ" GC="1.0"><Shape><Polygon POINTS="1160 1042 1147 1196 1201 1198 1205 1044"/></Shape></Glyph><Glyph ID="char_75" CONTENT="ה" GC="1.0"><Shape><Polygon POINTS="1118 1039 1105 1193 1147 1196 1160 1042"/></Shape></Glyph><Glyph ID="char_76" CONTENT=" " GC="1.0"><Shape><Polygon POINTS="1087 1036 1074 1190 1105 1193 1118 1039"/></Shape></Glyph><Glyph ID="char_77" CONTENT="א" GC="1.0"><Shape><Polygon POINTS="1036 1032 1024 1186 1074 1190 1087 1036"/></Shape></Glyph><Glyph ID="char_78" CONTENT="ל" GC="1.0"><Shape><Polygon POINTS="978 1029 975 1183 1024 1186 1036 1032"/></Shape></Glyph><Glyph ID="char_79" CONTENT=" " GC="1.0"><Shape><Polygon POINTS="906 1027 904 1181 975 1183 978 1029"/></Shape></Glyph><Glyph ID="char_80" CONTENT="ק" GC="1.0"><Shape><Polygon POINTS="837 1024 828 1178 904 1181 906 1027"/></Shape></Glyph><Glyph ID="char_81" CONTENT="ו" GC="1.0"><Shape><Polygon POINTS="787 1021 777 1174 828 1178 837 1024"/></Shape></Glyph><Glyph ID="char_82" CONTENT="ר" GC="1.0"><Shape><Polygon POINTS="725 1018 731 1172 777 1174 787 1021"/></Shape></Glyph><Glyph ID="char_83" CONTENT="א" GC="1.0"><Shape><Polygon POINTS="673 1020 679 1174 731 1172 725 1018"/></Shape></Glyph><Glyph ID="char_84" CONTENT="כ" GC="1.0"><Shape><Polygon POINTS="632 1022 638 1176 679 1174 673 1020"/></Shape></Glyph><Glyph ID="char_85" CONTENT=" " GC="1.0"><Shape><Polygon POINTS="605 1116 635 1114"/></Shape></Glyph></String>
          </TextLine>

          
          
          <TextLine ID="eSc_line_1785501" BASELINE="579 1228 649 1249 757 1265 1174 1294 1330 1296 1504 1292 1628 1298 1853 1303 2460 1301 2518 1305 2570 1314" HPOS="561.0" VPOS="1138.0" WIDTH="2024.0" HEIGHT="237.0">
            <Shape><Polygon POINTS="605 1138 675 1159 770 1173 1180 1201 1331 1203 1501 1199 1632 1205 1855 1210 2459 1208 2524 1212 2585 1222 2559 1375 2513 1366 2460 1362 1851 1364 1625 1359 1505 1353 1329 1357 1169 1355 747 1326 631 1308 561 1287"/></Shape>
	    <String CONTENT="לכה לזעמה ולוא יהיה לכה שלו בפי כול אוחזי אב " HPOS="561.0" VPOS="1138.0" WIDTH="2024.0" HEIGHT="237.0"><Glyph ID="char_86" CONTENT="ל" GC="1.0"><Shape><Polygon POINTS="2493 1210 2482 1364 2527 1369 2554 1217"/></Shape></Glyph><Glyph ID="char_87" CONTENT="כ" GC="1.0"><Shape><Polygon POINTS="2445 1208 2445 1362 2482 1364 2493 1210"/></Shape></Glyph><Glyph ID="char_88" CONTENT="ה" GC="1.0"><Shape><Polygon POINTS="2414 1208 2414 1362 2445 1362 2445 1208"/></Shape></Glyph><Glyph ID="char_89" CONTENT=" " GC="1.0"><Shape><Polygon POINTS="2372 1208 2372 1362 2414 1362 2414 1208"/></Shape></Glyph><Glyph ID="char_90" CONTENT="ל" GC="1.0"><Shape><Polygon POINTS="2331 1208 2331 1362 2372 1362 2372 1208"/></Shape></Glyph><Glyph ID="char_91" CONTENT="ז" GC="1.0"><Shape><Polygon POINTS="2300 1209 2300 1363 2331 1362 2331 1208"/></Shape></Glyph><Glyph ID="char_92" CONTENT="ע" GC="1.0"><Shape><Polygon POINTS="2259 1209 2259 1363 2300 1363 2300 1209"/></Shape></Glyph><Glyph ID="char_93" CONTENT="מ" GC="1.0"><Shape><Polygon POINTS="2196 1209 2196 1363 2259 1363 2259 1209"/></Shape></Glyph><Glyph ID="char_94" CONTENT="ה" GC="1.0"><Shape><Polygon POINTS="2145 1209 2145 1363 2196 1363 2196 1209"/></Shape></Glyph><Glyph ID="char_95" CONTENT=" " GC="1.0"><Shape><Polygon POINTS="2103 1209 2103 1363 2145 1363 2145 1209"/></Shape></Glyph><Glyph ID="char_96" CONTENT="ו" GC="1.0"><Shape><Polygon POINTS="2062 1209 2062 1363 2103 1363 2103 1209"/></Shape></Glyph><Glyph ID="char_97" CONTENT="ל" GC="1.0"><Shape><Polygon POINTS="2031 1209 2031 1363 2062 1363 2062 1209"/></Shape></Glyph><Glyph ID="char_98" CONTENT="ו" GC="1.0"><Shape><Polygon POINTS="1990 1210 1990 1364 2031 1363 2031 1209"/></Shape></Glyph><Glyph ID="char_99" CONTENT="א" GC="1.0"><Shape><Polygon POINTS="1948 1210 1948 1364 1990 1364 1990 1210"/></Shape></Glyph><Glyph ID="char_100" CONTENT=" " GC="1.0"><Shape><Polygon POINTS="1907 1210 1907 1364 1948 1364 1948 1210"/></Shape></Glyph><Glyph ID="char_101" CONTENT="י" GC="1.0"><Shape><Polygon POINTS="1855 1210 1855 1364 1907 1364 1907 1210"/></Shape></Glyph><Glyph ID="char_102" CONTENT="ה" GC="1.0"><Shape><Polygon POINTS="1805 1209 1802 1363 1855 1364 1855 1210"/></Shape></Glyph><Glyph ID="char_103" CONTENT="י" GC="1.0"><Shape><Polygon POINTS="1754 1208 1751 1362 1802 1363 1805 1209"/></Shape></Glyph><Glyph ID="char_104" CONTENT="ה" GC="1.0"><Shape><Polygon POINTS="1702 1207 1699 1361 1751 1362 1754 1208"/></Shape></Glyph><Glyph ID="char_105" CONTENT=" " GC="1.0"><Shape><Polygon POINTS="1681 1206 1678 1360 1699 1361 1702 1207"/></Shape></Glyph><Glyph ID="char_106" CONTENT="ל" GC="1.0"><Shape><Polygon POINTS="1650 1205 1647 1359 1678 1360 1681 1206"/></Shape></Glyph><Glyph ID="char_107" CONTENT="כ" GC="1.0"><Shape><Polygon POINTS="1612 1204 1604 1358 1647 1359 1650 1205"/></Shape></Glyph><Glyph ID="char_108" CONTENT="ה" GC="1.0"><Shape><Polygon POINTS="1560 1202 1552 1355 1604 1358 1612 1204"/></Shape></Glyph><Glyph ID="char_109" CONTENT=" " GC="1.0"><Shape><Polygon POINTS="1519 1200 1511 1353 1552 1355 1560 1202"/></Shape></Glyph><Glyph ID="char_110" CONTENT="ש" GC="1.0"><Shape><Polygon POINTS="1450 1200 1454 1354 1511 1353 1519 1200"/></Shape></Glyph><Glyph ID="char_111" CONTENT="ל" GC="1.0"><Shape><Polygon POINTS="1398 1201 1402 1355 1454 1354 1450 1200"/></Shape></Glyph><Glyph ID="char_112" CONTENT="ו" GC="1.0"><Shape><Polygon POINTS="1336 1203 1340 1357 1402 1355 1398 1201"/></Shape></Glyph><Glyph ID="char_113" CONTENT=" " GC="1.0"><Shape><Polygon POINTS="1267 1202 1265 1356 1340 1357 1336 1203"/></Shape></Glyph><Glyph ID="char_114" CONTENT="ב" GC="1.0"><Shape><Polygon POINTS="1205 1201 1203 1355 1265 1356 1267 1202"/></Shape></Glyph><Glyph ID="char_115" CONTENT="פ" GC="1.0"><Shape><Polygon POINTS="1169 1200 1158 1354 1203 1355 1205 1201"/></Shape></Glyph><Glyph ID="char_116" CONTENT="י" GC="1.0"><Shape><Polygon POINTS="1138 1198 1127 1352 1158 1354 1169 1200"/></Shape></Glyph><Glyph ID="char_117" CONTENT=" " GC="1.0"><Shape><Polygon POINTS="1096 1195 1085 1349 1127 1352 1138 1198"/></Shape></Glyph><Glyph ID="char_118" CONTENT="כ" GC="1.0"><Shape><Polygon POINTS="1055 1192 1045 1346 1085 1349 1096 1195"/></Shape></Glyph><Glyph ID="char_119" CONTENT="ו" GC="1.0"><Shape><Polygon POINTS="1014 1190 1004 1344 1045 1346 1055 1192"/></Shape></Glyph><Glyph ID="char_120" CONTENT="ל" GC="1.0"><Shape><Polygon POINTS="972 1187 962 1341 1004 1344 1014 1190"/></Shape></Glyph><Glyph ID="char_121" CONTENT=" " GC="1.0"><Shape><Polygon POINTS="932 1184 921 1338 962 1341 972 1187"/></Shape></Glyph><Glyph ID="char_122" CONTENT="א" GC="1.0"><Shape><Polygon POINTS="880 1180 869 1334 921 1338 932 1184"/></Shape></Glyph><Glyph ID="char_123" CONTENT="ו" GC="1.0"><Shape><Polygon POINTS="828 1177 817 1331 869 1334 880 1180"/></Shape></Glyph><Glyph ID="char_124" CONTENT="ח" GC="1.0"><Shape><Polygon POINTS="787 1174 776 1328 817 1331 828 1177"/></Shape></Glyph><Glyph ID="char_125" CONTENT="ז" GC="1.0"><Shape><Polygon POINTS="753 1171 731 1323 776 1328 787 1174"/></Shape></Glyph><Glyph ID="char_126" CONTENT="י" GC="1.0"><Shape><Polygon POINTS="712 1164 689 1317 731 1323 753 1171"/></Shape></Glyph><Glyph ID="char_127" CONTENT=" " GC="1.0"><Shape><Polygon POINTS="674 1159 629 1307 689 1317 712 1164"/></Shape></Glyph><Glyph ID="char_128" CONTENT="א" GC="1.0"><Shape><Polygon POINTS="635 1147 589 1295 629 1307 674 1159"/></Shape></Glyph><Glyph ID="char_129" CONTENT="ב" GC="1.0"><Shape><Polygon POINTS="578 1227 607 1236"/></Shape></Glyph><Glyph ID="char_130" CONTENT=" " GC="1.0"><Shape><Polygon POINTS="578 1227 578 1227"/></Shape></Glyph></String>
          </TextLine>

          
          
          <TextLine ID="eSc_line_1785502" BASELINE="554 1425 714 1434 969 1461 1152 1472 1567 1472 1725 1479 1995 1479 2171 1483 2379 1474 2487 1474 2557 1465" HPOS="550.0" VPOS="1332.0" WIDTH="2014.0" HEIGHT="212.0">
            <Shape><Polygon POINTS="559 1332 719 1341 978 1368 1157 1379 1567 1379 1729 1386 1995 1386 2173 1390 2374 1381 2487 1381 2545 1372 2564 1526 2487 1536 2381 1535 2169 1544 1995 1541 1722 1540 1567 1534 1148 1533 962 1522 710 1495 550 1486"/></Shape>
	    <String CONTENT="לאין שרית וזעום אתה לאין פליטה וארורים עו " HPOS="550.0" VPOS="1332.0" WIDTH="2014.0" HEIGHT="212.0"><Glyph ID="char_131" CONTENT="ל" GC="1.0"><Shape><Polygon POINTS="2483 1381 2502 1534 2543 1529 2523 1375"/></Shape></Glyph><Glyph ID="char_132" CONTENT="א" GC="1.0"><Shape><Polygon POINTS="2443 1381 2443 1536 2502 1534 2483 1381"/></Shape></Glyph><Glyph ID="char_133" CONTENT="י" GC="1.0"><Shape><Polygon POINTS="2402 1381 2402 1535 2443 1536 2443 1381"/></Shape></Glyph><Glyph ID="char_134" CONTENT="ן" GC="1.0"><Shape><Polygon POINTS="2381 1381 2381 1535 2402 1535 2402 1381"/></Shape></Glyph><Glyph ID="char_135" CONTENT=" " GC="1.0"><Shape><Polygon POINTS="2346 1382 2352 1536 2381 1535 2381 1381"/></Shape></Glyph><Glyph ID="char_136" CONTENT="ש" GC="1.0"><Shape><Polygon POINTS="2284 1385 2290 1539 2352 1536 2346 1382"/></Shape></Glyph><Glyph ID="char_137" CONTENT="ר" GC="1.0"><Shape><Polygon POINTS="2212 1388 2218 1542 2290 1539 2284 1385"/></Shape></Glyph><Glyph ID="char_138" CONTENT="י" GC="1.0"><Shape><Polygon POINTS="2181 1390 2187 1543 2218 1542 2212 1388"/></Shape></Glyph><Glyph ID="char_139" CONTENT="ת" GC="1.0"><Shape><Polygon POINTS="2135 1389 2131 1543 2187 1543 2181 1390"/></Shape></Glyph><Glyph ID="char_140" CONTENT=" " GC="1.0"><Shape><Polygon POINTS="2073 1388 2069 1542 2131 1543 2135 1389"/></Shape></Glyph><Glyph ID="char_141" CONTENT="ו" GC="1.0"><Shape><Polygon POINTS="2032 1387 2028 1542 2069 1542 2073 1388"/></Shape></Glyph><Glyph ID="char_142" CONTENT="ז" GC="1.0"><Shape><Polygon POINTS="2001 1386 1997 1541 2028 1542 2032 1387"/></Shape></Glyph><Glyph ID="char_143" CONTENT="ע" GC="1.0"><Shape><Polygon POINTS="1957 1386 1957 1541 1997 1541 2001 1386"/></Shape></Glyph><Glyph ID="char_144" CONTENT="ו" GC="1.0"><Shape><Polygon POINTS="1906 1386 1906 1541 1957 1541 1957 1386"/></Shape></Glyph><Glyph ID="char_145" CONTENT="ם" GC="1.0"><Shape><Polygon POINTS="1864 1386 1864 1541 1906 1541 1906 1386"/></Shape></Glyph><Glyph ID="char_146" CONTENT=" " GC="1.0"><Shape><Polygon POINTS="1823 1386 1823 1540 1864 1541 1864 1386"/></Shape></Glyph><Glyph ID="char_147" CONTENT="א" GC="1.0"><Shape><Polygon POINTS="1771 1386 1771 1540 1823 1540 1823 1386"/></Shape></Glyph><Glyph ID="char_148" CONTENT="ת" GC="1.0"><Shape><Polygon POINTS="1703 1385 1696 1539 1771 1540 1771 1386"/></Shape></Glyph><Glyph ID="char_149" CONTENT="ה" GC="1.0"><Shape><Polygon POINTS="1651 1383 1644 1537 1696 1539 1703 1385"/></Shape></Glyph><Glyph ID="char_150" CONTENT=" " GC="1.0"><Shape><Polygon POINTS="1620 1381 1613 1536 1644 1537 1651 1383"/></Shape></Glyph><Glyph ID="char_151" CONTENT="ל" GC="1.0"><Shape><Polygon POINTS="1589 1380 1582 1535 1613 1536 1620 1381"/></Shape></Glyph><Glyph ID="char_152" CONTENT="א" GC="1.0"><Shape><Polygon POINTS="1544 1379 1544 1534 1582 1535 1589 1380"/></Shape></Glyph><Glyph ID="char_153" CONTENT="י" GC="1.0"><Shape><Polygon POINTS="1502 1379 1502 1534 1544 1534 1544 1379"/></Shape></Glyph><Glyph ID="char_154" CONTENT="ן" GC="1.0"><Shape><Polygon POINTS="1482 1379 1482 1534 1502 1534 1502 1379"/></Shape></Glyph><Glyph ID="char_155" CONTENT=" " GC="1.0"><Shape><Polygon POINTS="1440 1379 1440 1534 1482 1534 1482 1379"/></Shape></Glyph><Glyph ID="char_156" CONTENT="פ" GC="1.0"><Shape><Polygon POINTS="1399 1379 1399 1534 1440 1534 1440 1379"/></Shape></Glyph><Glyph ID="char_157" CONTENT="ל" GC="1.0"><Shape><Polygon POINTS="1347 1379 1347 1533 1399 1534 1399 1379"/></Shape></Glyph><Glyph ID="char_158" CONTENT="י" GC="1.0"><Shape><Polygon POINTS="1306 1379 1306 1533 1347 1533 1347 1379"/></Shape></Glyph><Glyph ID="char_159" CONTENT="ט" GC="1.0"><Shape><Polygon POINTS="1254 1379 1254 1533 1306 1533 1306 1379"/></Shape></Glyph><Glyph ID="char_160" CONTENT="ה" GC="1.0"><Shape><Polygon POINTS="1192 1379 1192 1533 1254 1533 1254 1379"/></Shape></Glyph><Glyph ID="char_161" CONTENT=" " GC="1.0"><Shape><Polygon POINTS="1146 1378 1136 1532 1192 1533 1192 1379"/></Shape></Glyph><Glyph ID="char_162" CONTENT="ו" GC="1.0"><Shape><Polygon POINTS="1105 1376 1095 1530 1136 1532 1146 1378"/></Shape></Glyph><Glyph ID="char_163" CONTENT="א" GC="1.0"><Shape><Polygon POINTS="1053 1373 1043 1527 1095 1530 1105 1376"/></Shape></Glyph><Glyph ID="char_164" CONTENT="ר" GC="1.0"><Shape><Polygon POINTS="1002 1369 993 1524 1043 1527 1053 1373"/></Shape></Glyph><Glyph ID="char_165" CONTENT="ו" GC="1.0"><Shape><Polygon POINTS="954 1366 938 1519 993 1524 1002 1369"/></Shape></Glyph><Glyph ID="char_166" CONTENT="ר" GC="1.0"><Shape><Polygon POINTS="903 1360 886 1514 938 1519 954 1366"/></Shape></Glyph><Glyph ID="char_167" CONTENT="י" GC="1.0"><Shape><Polygon POINTS="852 1355 836 1508 886 1514 903 1360"/></Shape></Glyph><Glyph ID="char_168" CONTENT="ם" GC="1.0"><Shape><Polygon POINTS="810 1350 794 1504 836 1508 852 1355"/></Shape></Glyph><Glyph ID="char_169" CONTENT=" " GC="1.0"><Shape><Polygon POINTS="769 1346 753 1500 794 1504 810 1350"/></Shape></Glyph><Glyph ID="char_170" CONTENT="ע" GC="1.0"><Shape><Polygon POINTS="713 1341 704 1495 753 1500 769 1346"/></Shape></Glyph><Glyph ID="char_171" CONTENT="ו" GC="1.0"><Shape><Polygon POINTS="662 1338 652 1492 704 1495 713 1341"/></Shape></Glyph><Glyph ID="char_172" CONTENT=" " GC="1.0"><Shape><Polygon POINTS="580 1333 570 1487 652 1492 662 1338"/></Shape></Glyph></String>
          </TextLine>

          
          
          <TextLine ID="eSc_line_1785503" BASELINE="820 1589 895 1603 1003 1610 1262 1607 1513 1616 1754 1616 1837 1623 1948 1639 2099 1648 2437 1650" HPOS="808.0" VPOS="1497.0" WIDTH="1629.0" HEIGHT="214.0">
            <Shape><Polygon POINTS="837 1497 912 1511 1009 1517 1260 1514 1516 1523 1754 1523 1844 1530 1961 1546 2104 1555 2437 1557 2436 1711 2095 1709 1939 1700 1831 1684 1754 1678 1510 1677 1262 1668 998 1671 883 1663 808 1649"/></Shape>
	    <String CONTENT=" ימי מתכה בלבבמה לזום על ברית אל " HPOS="808.0" VPOS="1497.0" WIDTH="1629.0" HEIGHT="214.0"><Glyph ID="char_173" CONTENT=" " GC="1.0"><Shape><Polygon POINTS="2363 1557 2362 1711 2414 1711 2415 1557"/></Shape></Glyph><Glyph ID="char_174" CONTENT="י" GC="1.0"><Shape><Polygon POINTS="2311 1556 2310 1710 2362 1711 2363 1557"/></Shape></Glyph><Glyph ID="char_175" CONTENT="מ" GC="1.0"><Shape><Polygon POINTS="2259 1556 2258 1710 2310 1710 2311 1556"/></Shape></Glyph><Glyph ID="char_176" CONTENT="י" GC="1.0"><Shape><Polygon POINTS="2218 1556 2217 1710 2258 1710 2259 1556"/></Shape></Glyph><Glyph ID="char_177" CONTENT=" " GC="1.0"><Shape><Polygon POINTS="2145 1555 2144 1709 2217 1710 2218 1556"/></Shape></Glyph><Glyph ID="char_178" CONTENT="מ" GC="1.0"><Shape><Polygon POINTS="2057 1552 2048 1706 2144 1709 2145 1555"/></Shape></Glyph><Glyph ID="char_179" CONTENT="ת" GC="1.0"><Shape><Polygon POINTS="2015 1549 2006 1704 2048 1706 2057 1552"/></Shape></Glyph><Glyph ID="char_180" CONTENT="כ" GC="1.0"><Shape><Polygon POINTS="1963 1546 1954 1701 2006 1704 2015 1549"/></Shape></Glyph><Glyph ID="char_181" CONTENT="ה" GC="1.0"><Shape><Polygon POINTS="1910 1539 1887 1692 1954 1701 1963 1546"/></Shape></Glyph><Glyph ID="char_182" CONTENT=" " GC="1.0"><Shape><Polygon POINTS="1858 1532 1836 1685 1887 1692 1910 1539"/></Shape></Glyph><Glyph ID="char_183" CONTENT="ב" GC="1.0"><Shape><Polygon POINTS="1812 1527 1799 1681 1836 1685 1858 1532"/></Shape></Glyph><Glyph ID="char_184" CONTENT="ל" GC="1.0"><Shape><Polygon POINTS="1770 1524 1757 1678 1799 1681 1812 1527"/></Shape></Glyph><Glyph ID="char_185" CONTENT="ב" GC="1.0"><Shape><Polygon POINTS="1710 1523 1710 1678 1757 1678 1770 1524"/></Shape></Glyph><Glyph ID="char_186" CONTENT="ב" GC="1.0"><Shape><Polygon POINTS="1669 1523 1669 1678 1710 1678 1710 1523"/></Shape></Glyph><Glyph ID="char_187" CONTENT="מ" GC="1.0"><Shape><Polygon POINTS="1617 1523 1617 1677 1669 1678 1669 1523"/></Shape></Glyph><Glyph ID="char_188" CONTENT="ה" GC="1.0"><Shape><Polygon POINTS="1565 1523 1565 1677 1617 1677 1617 1523"/></Shape></Glyph><Glyph ID="char_189" CONTENT=" " GC="1.0"><Shape><Polygon POINTS="1513 1523 1513 1677 1565 1677 1565 1523"/></Shape></Glyph><Glyph ID="char_190" CONTENT="ל" GC="1.0"><Shape><Polygon POINTS="1474 1522 1469 1676 1513 1677 1513 1523"/></Shape></Glyph><Glyph ID="char_191" CONTENT="ז" GC="1.0"><Shape><Polygon POINTS="1444 1520 1438 1674 1469 1676 1474 1522"/></Shape></Glyph><Glyph ID="char_192" CONTENT="ו" GC="1.0"><Shape><Polygon POINTS="1392 1519 1386 1673 1438 1674 1444 1520"/></Shape></Glyph><Glyph ID="char_193" CONTENT="ם" GC="1.0"><Shape><Polygon POINTS="1351 1517 1345 1671 1386 1673 1392 1519"/></Shape></Glyph><Glyph ID="char_194" CONTENT=" " GC="1.0"><Shape><Polygon POINTS="1319 1516 1313 1670 1345 1671 1351 1517"/></Shape></Glyph><Glyph ID="char_195" CONTENT="ע" GC="1.0"><Shape><Polygon POINTS="1268 1514 1262 1668 1313 1670 1319 1516"/></Shape></Glyph><Glyph ID="char_196" CONTENT="ל" GC="1.0"><Shape><Polygon POINTS="1211 1515 1213 1669 1262 1668 1268 1514"/></Shape></Glyph><Glyph ID="char_197" CONTENT=" " GC="1.0"><Shape><Polygon POINTS="1169 1515 1171 1669 1213 1669 1211 1515"/></Shape></Glyph><Glyph ID="char_198" CONTENT="ב" GC="1.0"><Shape><Polygon POINTS="1107 1516 1109 1670 1171 1669 1169 1515"/></Shape></Glyph><Glyph ID="char_199" CONTENT="ר" GC="1.0"><Shape><Polygon POINTS="1045 1517 1047 1670 1109 1670 1107 1516"/></Shape></Glyph><Glyph ID="char_200" CONTENT="י" GC="1.0"><Shape><Polygon POINTS="1003 1517 1005 1671 1047 1670 1045 1517"/></Shape></Glyph><Glyph ID="char_201" CONTENT="ת" GC="1.0"><Shape><Polygon POINTS="968 1514 958 1668 1005 1671 1003 1517"/></Shape></Glyph><Glyph ID="char_202" CONTENT=" " GC="1.0"><Shape><Polygon POINTS="918 1511 908 1665 958 1668 968 1514"/></Shape></Glyph><Glyph ID="char_203" CONTENT="א" GC="1.0"><Shape><Polygon POINTS="888 1507 858 1658 908 1665 918 1511"/></Shape></Glyph><Glyph ID="char_204" CONTENT="ל" GC="1.0"><Shape><Polygon POINTS="878 1505 848 1657 858 1658 888 1507"/></Shape></Glyph><Glyph ID="char_205" CONTENT=" " GC="1.0"><Shape><Polygon POINTS="847 1499 817 1651 848 1657 878 1505"/></Shape></Glyph></String>
          </TextLine>

          
          
          <TextLine ID="eSc_line_1785505" BASELINE="1032 1763 1111 1761 1276 1770 1402 1781 1585 1779 1707 1785 1698 1783 1801 1790 2043 1792 2444 1810" HPOS="1029.0" VPOS="1668.0" WIDTH="1419.0" HEIGHT="205.0">
            <Shape><Polygon POINTS="1029 1670 1108 1668 1281 1677 1410 1688 1583 1686 1711 1692 1677 1873 1807 1697 2043 1699 2448 1717 2441 1871 2042 1853 1796 1851 1711 1722 1703 1846 1585 1840 1396 1842 1272 1831 1112 1822 1033 1824"/></Shape>
	    <String CONTENT=" י כול חוזי אמ ל המוא ל וא " HPOS="1029.0" VPOS="1668.0" WIDTH="1419.0" HEIGHT="205.0"><Glyph ID="char_206" CONTENT=" " GC="1.0"><Shape><Polygon POINTS="2393 1715 2387 1869 2418 1870 2424 1716"/></Shape></Glyph><Glyph ID="char_207" CONTENT="י" GC="1.0"><Shape><Polygon POINTS="2361 1713 2355 1867 2387 1869 2393 1715"/></Shape></Glyph><Glyph ID="char_208" CONTENT=" " GC="1.0"><Shape><Polygon POINTS="2321 1711 2314 1865 2355 1867 2361 1713"/></Shape></Glyph><Glyph ID="char_209" CONTENT="כ" GC="1.0"><Shape><Polygon POINTS="2280 1710 2273 1863 2314 1865 2321 1711"/></Shape></Glyph><Glyph ID="char_210" CONTENT="ו" GC="1.0"><Shape><Polygon POINTS="2238 1708 2231 1862 2273 1863 2280 1710"/></Shape></Glyph><Glyph ID="char_211" CONTENT="ל" GC="1.0"><Shape><Polygon POINTS="2197 1706 2190 1860 2231 1862 2238 1708"/></Shape></Glyph><Glyph ID="char_212" CONTENT=" " GC="1.0"><Shape><Polygon POINTS="2155 1704 2148 1858 2190 1860 2197 1706"/></Shape></Glyph><Glyph ID="char_213" CONTENT="ח" GC="1.0"><Shape><Polygon POINTS="2114 1702 2107 1856 2148 1858 2155 1704"/></Shape></Glyph><Glyph ID="char_214" CONTENT="ו" GC="1.0"><Shape><Polygon POINTS="2083 1701 2076 1855 2107 1856 2114 1702"/></Shape></Glyph><Glyph ID="char_215" CONTENT="ז" GC="1.0"><Shape><Polygon POINTS="2037 1699 2036 1853 2076 1855 2083 1701"/></Shape></Glyph><Glyph ID="char_216" CONTENT="י" GC="1.0"><Shape><Polygon POINTS="2006 1699 2005 1853 2036 1853 2037 1699"/></Shape></Glyph><Glyph ID="char_217" CONTENT=" " GC="1.0"><Shape><Polygon POINTS="1965 1698 1964 1852 2005 1853 2006 1699"/></Shape></Glyph><Glyph ID="char_218" CONTENT="א" GC="1.0"><Shape><Polygon POINTS="1923 1698 1922 1852 1964 1852 1965 1698"/></Shape></Glyph><Glyph ID="char_219" CONTENT="מ" GC="1.0"><Shape><Polygon POINTS="1794 1715 1786 1835 1922 1852 1923 1698"/></Shape></Glyph><Glyph ID="char_220" CONTENT=" " GC="1.0"><Shape><Polygon POINTS="1646 1689 1638 1843 1786 1835 1794 1715"/></Shape></Glyph><Glyph ID="char_221" CONTENT="ל" GC="1.0"><Shape><Polygon POINTS="1578 1686 1580 1840 1638 1843 1646 1689"/></Shape></Glyph><Glyph ID="char_222" CONTENT=" " GC="1.0"><Shape><Polygon POINTS="1526 1687 1528 1841 1580 1840 1578 1686"/></Shape></Glyph><Glyph ID="char_223" CONTENT="ה" GC="1.0"><Shape><Polygon POINTS="1474 1687 1476 1841 1528 1841 1526 1687"/></Shape></Glyph><Glyph ID="char_224" CONTENT="מ" GC="1.0"><Shape><Polygon POINTS="1423 1688 1425 1842 1476 1841 1474 1687"/></Shape></Glyph><Glyph ID="char_225" CONTENT="ו" GC="1.0"><Shape><Polygon POINTS="1390 1686 1377 1840 1425 1842 1423 1688"/></Shape></Glyph><Glyph ID="char_226" CONTENT="א" GC="1.0"><Shape><Polygon POINTS="1288 1678 1274 1831 1377 1840 1390 1686"/></Shape></Glyph><Glyph ID="char_227" CONTENT=" " GC="1.0"><Shape><Polygon POINTS="1202 1673 1194 1827 1274 1831 1288 1678"/></Shape></Glyph><Glyph ID="char_228" CONTENT="ל" GC="1.0"><Shape><Polygon POINTS="1191 1672 1183 1826 1194 1827 1202 1673"/></Shape></Glyph><Glyph ID="char_229" CONTENT=" " GC="1.0"><Shape><Polygon POINTS="1181 1672 1173 1825 1183 1826 1191 1672"/></Shape></Glyph><Glyph ID="char_230" CONTENT="ו" GC="1.0"><Shape><Polygon POINTS="1150 1670 1142 1824 1173 1825 1181 1672"/></Shape></Glyph><Glyph ID="char_231" CONTENT="א" GC="1.0"><Shape><Polygon POINTS="1119 1669 1111 1822 1142 1824 1150 1670"/></Shape></Glyph><Glyph ID="char_232" CONTENT=" " GC="1.0"><Shape><Polygon POINTS="1050 1669 1054 1823 1111 1822 1119 1669"/></Shape></Glyph></String>
          </TextLine>

          
        </TextBlock>
        

        
      </PrintSpace>
    </Page>
  </Layout>
</alto>