<?xml version='1.0' encoding='UTF-8'?>
<alto xmlns:xsi="http://www.w3.org/2001/XMLSchema-instance" xmlns="http://www.loc.gov/standards/alto/ns-v4#" xsi:schemaLocation="http://www.loc.gov/standards/alto/ns-v4# http://www.loc.gov/standards/alto/v4/alto-4-2.xsd">
  <Description>
    <MeasurementUnit>pixel</MeasurementUnit>
    <sourceImageInformation>
      <fileName>350-Fg002-R-C01-R01-D07112011-T092742-LR924_012_F.jpg</fileName>
      
    </sourceImageInformation>
  </Description>
  
  <Tags>
    <OtherTag ID="BT1443" LABEL="Parchment_or_papyrus" DESCRIPTION="block type Parchment_or_papyrus"/><OtherTag ID="BT2" LABEL="Main" DESCRIPTION="block type Main"/>
    
  </Tags>
  
  <Layout>
    <Page WIDTH="3608" HEIGHT="2706" PHYSICAL_IMG_NR="38" ID="eSc_dummypage_">
      <PrintSpace HPOS="0" VPOS="0" WIDTH="3608" HEIGHT="2706">
        
        <TextBlock HPOS="1361.0" VPOS="638.0" WIDTH="1134.0" HEIGHT="1392.0" ID="eSc_textblock_db028747" TAGREFS="BT2">
          <Shape><Polygon POINTS="1361 638 1361 2030 2495 2030 2495 638"/></Shape>
          
          
          <TextLine ID="eSc_line_1785709" BASELINE="1353 775 1481 782 1641 796 1806 820 2074 845 2345 863 2487 868 2534 863" HPOS="1350.0" VPOS="698.0" WIDTH="1189.0" HEIGHT="220.0">
            <Shape><Polygon POINTS="1357 698 1485 705 1647 720 1816 744 2081 769 2350 786 2489 791 2525 787 2539 913 2485 918 2341 913 2069 895 1798 870 1636 846 1478 832 1350 825"/></Shape>
	    <String CONTENT="הזר אשר ישגו ולא יעשו את " HPOS="1350.0" VPOS="698.0" WIDTH="1189.0" HEIGHT="220.0"><Glyph ID="char_0" CONTENT="ה" GC="1.0"><Shape><Polygon POINTS="2355 786 2351 913 2455 917 2459 790"/></Shape></Glyph><Glyph ID="char_1" CONTENT="ז" GC="1.0"><Shape><Polygon POINTS="2315 784 2306 911 2351 913 2355 786"/></Shape></Glyph><Glyph ID="char_2" CONTENT="ר" GC="1.0"><Shape><Polygon POINTS="2212 777 2204 904 2306 911 2315 784"/></Shape></Glyph><Glyph ID="char_3" CONTENT=" " GC="1.0"><Shape><Polygon POINTS="2109 771 2101 897 2204 904 2212 777"/></Shape></Glyph><Glyph ID="char_4" CONTENT="א" GC="1.0"><Shape><Polygon POINTS="2060 767 2049 893 2101 897 2109 771"/></Shape></Glyph><Glyph ID="char_5" CONTENT="ש" GC="1.0"><Shape><Polygon POINTS="2018 763 2006 889 2049 893 2060 767"/></Shape></Glyph><Glyph ID="char_6" CONTENT="ר" GC="1.0"><Shape><Polygon POINTS="1992 761 1980 887 2006 889 2018 763"/></Shape></Glyph><Glyph ID="char_7" CONTENT=" " GC="1.0"><Shape><Polygon POINTS="1966 758 1954 884 1980 887 1992 761"/></Shape></Glyph><Glyph ID="char_8" CONTENT="י" GC="1.0"><Shape><Polygon POINTS="1940 756 1928 882 1954 884 1966 758"/></Shape></Glyph><Glyph ID="char_9" CONTENT="ש" GC="1.0"><Shape><Polygon POINTS="1923 754 1911 880 1928 882 1940 756"/></Shape></Glyph><Glyph ID="char_10" CONTENT="ג" GC="1.0"><Shape><Polygon POINTS="1897 752 1885 878 1911 880 1923 754"/></Shape></Glyph><Glyph ID="char_11" CONTENT="ו" GC="1.0"><Shape><Polygon POINTS="1854 748 1843 874 1885 878 1897 752"/></Shape></Glyph><Glyph ID="char_12" CONTENT=" " GC="1.0"><Shape><Polygon POINTS="1816 744 1798 870 1843 874 1854 748"/></Shape></Glyph><Glyph ID="char_13" CONTENT="ו" GC="1.0"><Shape><Polygon POINTS="1791 740 1772 866 1798 870 1816 744"/></Shape></Glyph><Glyph ID="char_14" CONTENT="ל" GC="1.0"><Shape><Polygon POINTS="1756 735 1738 861 1772 866 1791 740"/></Shape></Glyph><Glyph ID="char_15" CONTENT="א" GC="1.0"><Shape><Polygon POINTS="1697 727 1678 852 1738 861 1756 735"/></Shape></Glyph><Glyph ID="char_16" CONTENT=" " GC="1.0"><Shape><Polygon POINTS="1642 720 1631 846 1678 852 1697 727"/></Shape></Glyph><Glyph ID="char_17" CONTENT="י" GC="1.0"><Shape><Polygon POINTS="1624 718 1613 844 1631 846 1642 720"/></Shape></Glyph><Glyph ID="char_18" CONTENT="ע" GC="1.0"><Shape><Polygon POINTS="1607 716 1596 842 1613 844 1624 718"/></Shape></Glyph><Glyph ID="char_19" CONTENT="ש" GC="1.0"><Shape><Polygon POINTS="1582 714 1571 840 1596 842 1607 716"/></Shape></Glyph><Glyph ID="char_20" CONTENT="ו" GC="1.0"><Shape><Polygon POINTS="1539 710 1528 836 1571 840 1582 714"/></Shape></Glyph><Glyph ID="char_21" CONTENT=" " GC="1.0"><Shape><Polygon POINTS="1513 708 1502 834 1528 836 1539 710"/></Shape></Glyph><Glyph ID="char_22" CONTENT="א" GC="1.0"><Shape><Polygon POINTS="1469 704 1461 831 1502 834 1513 708"/></Shape></Glyph><Glyph ID="char_23" CONTENT="ת" GC="1.0"><Shape><Polygon POINTS="1426 702 1418 829 1461 831 1469 704"/></Shape></Glyph><Glyph ID="char_24" CONTENT=" " GC="1.0"><Shape><Polygon POINTS="1374 699 1366 826 1418 829 1426 702"/></Shape></Glyph></String>
          </TextLine>

          
          
          <TextLine ID="eSc_line_1785710" BASELINE="1380 911 1483 911 1731 931 1806 931 1986 944 2022 940 2106 962 2304 976 2480 978" HPOS="1380.0" VPOS="834.0" WIDTH="1100.0" HEIGHT="194.0">
            <Shape><Polygon POINTS="1380 834 1483 834 1737 855 1806 854 1991 867 2013 864 2125 888 2309 899 2480 901 2479 1028 2300 1026 2093 1011 2027 990 1982 994 1806 981 1726 981 1483 961 1380 961"/></Shape>
	    <String CONTENT="כי יעברו ליום ומחדש לחד " HPOS="1380.0" VPOS="834.0" WIDTH="1100.0" HEIGHT="194.0"><Glyph ID="char_25" CONTENT="כ" GC="1.0"><Shape><Polygon POINTS="2387 900 2386 1027 2446 1028 2447 901"/></Shape></Glyph><Glyph ID="char_26" CONTENT="י" GC="1.0"><Shape><Polygon POINTS="2370 900 2369 1027 2386 1027 2387 900"/></Shape></Glyph><Glyph ID="char_27" CONTENT=" " GC="1.0"><Shape><Polygon POINTS="2344 899 2343 1026 2369 1027 2370 900"/></Shape></Glyph><Glyph ID="char_28" CONTENT="י" GC="1.0"><Shape><Polygon POINTS="2318 899 2317 1026 2343 1026 2344 899"/></Shape></Glyph><Glyph ID="char_29" CONTENT="ע" GC="1.0"><Shape><Polygon POINTS="2280 897 2271 1024 2317 1026 2318 899"/></Shape></Glyph><Glyph ID="char_30" CONTENT="ב" GC="1.0"><Shape><Polygon POINTS="2238 895 2229 1021 2271 1024 2280 897"/></Shape></Glyph><Glyph ID="char_31" CONTENT="ר" GC="1.0"><Shape><Polygon POINTS="2123 888 2091 1010 2229 1021 2238 895"/></Shape></Glyph><Glyph ID="char_32" CONTENT="ו" GC="1.0"><Shape><Polygon POINTS="1984 867 1975 993 2091 1010 2123 888"/></Shape></Glyph><Glyph ID="char_33" CONTENT=" " GC="1.0"><Shape><Polygon POINTS="1958 865 1949 992 1975 993 1984 867"/></Shape></Glyph><Glyph ID="char_34" CONTENT="ל" GC="1.0"><Shape><Polygon POINTS="1924 862 1915 989 1949 992 1958 865"/></Shape></Glyph><Glyph ID="char_35" CONTENT="י" GC="1.0"><Shape><Polygon POINTS="1873 859 1863 985 1915 989 1924 862"/></Shape></Glyph><Glyph ID="char_36" CONTENT="ו" GC="1.0"><Shape><Polygon POINTS="1822 855 1813 981 1863 985 1873 859"/></Shape></Glyph><Glyph ID="char_37" CONTENT="ם" GC="1.0"><Shape><Polygon POINTS="1782 854 1782 981 1813 981 1822 855"/></Shape></Glyph><Glyph ID="char_38" CONTENT=" " GC="1.0"><Shape><Polygon POINTS="1764 855 1764 981 1782 981 1782 854"/></Shape></Glyph><Glyph ID="char_39" CONTENT="ו" GC="1.0"><Shape><Polygon POINTS="1747 855 1747 981 1764 981 1764 855"/></Shape></Glyph><Glyph ID="char_40" CONTENT="מ" GC="1.0"><Shape><Polygon POINTS="1719 854 1709 980 1747 981 1747 855"/></Shape></Glyph><Glyph ID="char_41" CONTENT="ח" GC="1.0"><Shape><Polygon POINTS="1677 850 1666 976 1709 980 1719 854"/></Shape></Glyph><Glyph ID="char_42" CONTENT="ד" GC="1.0"><Shape><Polygon POINTS="1643 847 1632 973 1666 976 1677 850"/></Shape></Glyph><Glyph ID="char_43" CONTENT="ש" GC="1.0"><Shape><Polygon POINTS="1609 844 1599 971 1632 973 1643 847"/></Shape></Glyph><Glyph ID="char_44" CONTENT=" " GC="1.0"><Shape><Polygon POINTS="1566 841 1556 967 1599 971 1609 844"/></Shape></Glyph><Glyph ID="char_45" CONTENT="ל" GC="1.0"><Shape><Polygon POINTS="1523 837 1513 963 1556 967 1566 841"/></Shape></Glyph><Glyph ID="char_46" CONTENT="ח" GC="1.0"><Shape><Polygon POINTS="1474 834 1474 961 1513 963 1523 837"/></Shape></Glyph><Glyph ID="char_47" CONTENT="ד" GC="1.0"><Shape><Polygon POINTS="1440 834 1440 961 1474 961 1474 834"/></Shape></Glyph><Glyph ID="char_48" CONTENT=" " GC="1.0"><Shape><Polygon POINTS="1389 834 1389 961 1440 961 1440 834"/></Shape></Glyph></String>
          </TextLine>

          
          
          <TextLine ID="eSc_line_1785712" BASELINE="1641 1050 1686 1059 1844 1064 1905 1071 2020 1091 2074 1095 2207 1098 2455 1111" HPOS="1631.0" VPOS="975.0" WIDTH="827.0" HEIGHT="186.0">
            <Shape><Polygon POINTS="1655 975 1700 984 1846 987 1913 995 2033 1015 2079 1019 2208 1021 2458 1034 2452 1161 2205 1148 2070 1145 2011 1141 1899 1121 1842 1114 1676 1108 1631 1099"/></Shape>
	    <String CONTENT="או ו כל אש ברית " HPOS="1631.0" VPOS="975.0" WIDTH="827.0" HEIGHT="186.0"><Glyph ID="char_49" CONTENT="א" GC="1.0"><Shape><Polygon POINTS="2380 1030 2374 1157 2426 1160 2432 1033"/></Shape></Glyph><Glyph ID="char_50" CONTENT="ו" GC="1.0"><Shape><Polygon POINTS="2337 1028 2331 1155 2374 1157 2380 1030"/></Shape></Glyph><Glyph ID="char_51" CONTENT=" " GC="1.0"><Shape><Polygon POINTS="2303 1026 2297 1153 2331 1155 2337 1028"/></Shape></Glyph><Glyph ID="char_52" CONTENT="ו" GC="1.0"><Shape><Polygon POINTS="2286 1025 2280 1152 2297 1153 2303 1026"/></Shape></Glyph><Glyph ID="char_53" CONTENT=" " GC="1.0"><Shape><Polygon POINTS="2260 1024 2254 1151 2280 1152 2286 1025"/></Shape></Glyph><Glyph ID="char_54" CONTENT="כ" GC="1.0"><Shape><Polygon POINTS="2235 1022 2228 1149 2254 1151 2260 1024"/></Shape></Glyph><Glyph ID="char_55" CONTENT="ל" GC="1.0"><Shape><Polygon POINTS="2198 1021 2195 1148 2228 1149 2235 1022"/></Shape></Glyph><Glyph ID="char_56" CONTENT=" " GC="1.0"><Shape><Polygon POINTS="2163 1020 2160 1147 2195 1148 2198 1021"/></Shape></Glyph><Glyph ID="char_57" CONTENT="א" GC="1.0"><Shape><Polygon POINTS="2120 1020 2117 1146 2160 1147 2163 1020"/></Shape></Glyph><Glyph ID="char_58" CONTENT="ש" GC="1.0"><Shape><Polygon POINTS="2055 1017 2046 1143 2117 1146 2120 1020"/></Shape></Glyph><Glyph ID="char_59" CONTENT=" " GC="1.0"><Shape><Polygon POINTS="2003 1010 1981 1136 2046 1143 2055 1017"/></Shape></Glyph><Glyph ID="char_60" CONTENT="ב" GC="1.0"><Shape><Polygon POINTS="1970 1004 1948 1130 1981 1136 2003 1010"/></Shape></Glyph><Glyph ID="char_61" CONTENT="ר" GC="1.0"><Shape><Polygon POINTS="1935 999 1914 1124 1948 1130 1970 1004"/></Shape></Glyph><Glyph ID="char_62" CONTENT="י" GC="1.0"><Shape><Polygon POINTS="1897 993 1883 1119 1914 1124 1935 999"/></Shape></Glyph><Glyph ID="char_63" CONTENT="ת" GC="1.0"><Shape><Polygon POINTS="1822 987 1818 1113 1883 1119 1897 993"/></Shape></Glyph><Glyph ID="char_64" CONTENT=" " GC="1.0"><Shape><Polygon POINTS="1701 984 1697 1109 1818 1113 1822 987"/></Shape></Glyph></String>
          </TextLine>

          
          
          <TextLine ID="eSc_line_1785713" BASELINE="1729 1159 1772 1174 1824 1183 2004 1197 2137 1215 2478 1231" HPOS="1712.0" VPOS="1087.0" WIDTH="769.0" HEIGHT="194.0">
            <Shape><Polygon POINTS="1754 1087 1797 1102 1836 1107 2009 1121 2147 1139 2481 1154 2475 1281 2130 1265 2000 1247 1815 1233 1755 1221 1712 1206"/></Shape>
	    <String CONTENT="ו רים את בשרו ירקו " HPOS="1712.0" VPOS="1087.0" WIDTH="769.0" HEIGHT="194.0"><Glyph ID="char_65" CONTENT="ו" GC="1.0"><Shape><Polygon POINTS="2378 1149 2372 1276 2432 1279 2438 1152"/></Shape></Glyph><Glyph ID="char_66" CONTENT=" " GC="1.0"><Shape><Polygon POINTS="2328 1147 2322 1274 2372 1276 2378 1149"/></Shape></Glyph><Glyph ID="char_67" CONTENT="ר" GC="1.0"><Shape><Polygon POINTS="2268 1144 2262 1271 2322 1274 2328 1147"/></Shape></Glyph><Glyph ID="char_68" CONTENT="י" GC="1.0"><Shape><Polygon POINTS="2234 1143 2228 1270 2262 1271 2268 1144"/></Shape></Glyph><Glyph ID="char_69" CONTENT="ם" GC="1.0"><Shape><Polygon POINTS="2209 1142 2203 1268 2228 1270 2234 1143"/></Shape></Glyph><Glyph ID="char_70" CONTENT=" " GC="1.0"><Shape><Polygon POINTS="2150 1139 2144 1266 2203 1268 2209 1142"/></Shape></Glyph><Glyph ID="char_71" CONTENT="א" GC="1.0"><Shape><Polygon POINTS="2073 1129 2056 1255 2144 1266 2150 1139"/></Shape></Glyph><Glyph ID="char_72" CONTENT="ת" GC="1.0"><Shape><Polygon POINTS="2039 1125 2022 1250 2056 1255 2073 1129"/></Shape></Glyph><Glyph ID="char_73" CONTENT=" " GC="1.0"><Shape><Polygon POINTS="2001 1120 1991 1246 2022 1250 2039 1125"/></Shape></Glyph><Glyph ID="char_74" CONTENT="ב" GC="1.0"><Shape><Polygon POINTS="1959 1117 1949 1243 1991 1246 2001 1120"/></Shape></Glyph><Glyph ID="char_75" CONTENT="ש" GC="1.0"><Shape><Polygon POINTS="1916 1113 1906 1240 1949 1243 1959 1117"/></Shape></Glyph><Glyph ID="char_76" CONTENT="ר" GC="1.0"><Shape><Polygon POINTS="1874 1110 1864 1237 1906 1240 1916 1113"/></Shape></Glyph><Glyph ID="char_77" CONTENT="ו" GC="1.0"><Shape><Polygon POINTS="1832 1107 1822 1234 1864 1237 1874 1110"/></Shape></Glyph><Glyph ID="char_78" CONTENT=" " GC="1.0"><Shape><Polygon POINTS="1806 1103 1784 1227 1822 1234 1832 1107"/></Shape></Glyph><Glyph ID="char_79" CONTENT="י" GC="1.0"><Shape><Polygon POINTS="1789 1099 1768 1224 1784 1227 1806 1103"/></Shape></Glyph><Glyph ID="char_80" CONTENT="ר" GC="1.0"><Shape><Polygon POINTS="1777 1095 1734 1214 1768 1224 1789 1099"/></Shape></Glyph><Glyph ID="char_81" CONTENT="ק" GC="1.0"><Shape><Polygon POINTS="1761 1090 1718 1208 1734 1214 1777 1095"/></Shape></Glyph><Glyph ID="char_82" CONTENT="ו" GC="1.0"><Shape><Polygon POINTS="1728 1158 1735 1160"/></Shape></Glyph><Glyph ID="char_83" CONTENT=" " GC="1.0"><Shape><Polygon POINTS="1728 1158 1728 1158"/></Shape></Glyph></String>
          </TextLine>

          
          
          <TextLine ID="eSc_line_1785714" BASELINE="1643 1265 1713 1285 1799 1298 1885 1307 2056 1334 2135 1343 2487 1359" HPOS="1629.0" VPOS="1191.0" WIDTH="861.0" HEIGHT="218.0">
            <Shape><Polygon POINTS="1663 1191 1733 1211 1810 1222 1892 1231 2067 1258 2143 1267 2490 1282 2484 1409 2129 1393 2048 1384 1879 1357 1791 1348 1699 1333 1629 1313"/></Shape>
	    <String CONTENT=" י צף והכלבים אוכלים " HPOS="1629.0" VPOS="1191.0" WIDTH="861.0" HEIGHT="218.0"><Glyph ID="char_84" CONTENT=" " GC="1.0"><Shape><Polygon POINTS="2412 1279 2406 1405 2466 1408 2472 1281"/></Shape></Glyph><Glyph ID="char_85" CONTENT="י" GC="1.0"><Shape><Polygon POINTS="2378 1277 2372 1404 2406 1405 2412 1279"/></Shape></Glyph><Glyph ID="char_86" CONTENT=" " GC="1.0"><Shape><Polygon POINTS="2336 1275 2330 1402 2372 1404 2378 1277"/></Shape></Glyph><Glyph ID="char_87" CONTENT="צ" GC="1.0"><Shape><Polygon POINTS="2285 1273 2279 1400 2330 1402 2336 1275"/></Shape></Glyph><Glyph ID="char_88" CONTENT="ף" GC="1.0"><Shape><Polygon POINTS="2242 1271 2236 1398 2279 1400 2285 1273"/></Shape></Glyph><Glyph ID="char_89" CONTENT=" " GC="1.0"><Shape><Polygon POINTS="2217 1270 2212 1397 2236 1398 2242 1271"/></Shape></Glyph><Glyph ID="char_90" CONTENT="ו" GC="1.0"><Shape><Polygon POINTS="2183 1269 2178 1395 2212 1397 2217 1270"/></Shape></Glyph><Glyph ID="char_91" CONTENT="ה" GC="1.0"><Shape><Polygon POINTS="2140 1267 2135 1393 2178 1395 2183 1269"/></Shape></Glyph><Glyph ID="char_92" CONTENT="כ" GC="1.0"><Shape><Polygon POINTS="2095 1261 2080 1388 2135 1393 2140 1267"/></Shape></Glyph><Glyph ID="char_93" CONTENT="ל" GC="1.0"><Shape><Polygon POINTS="2039 1254 2019 1379 2080 1388 2095 1261"/></Shape></Glyph><Glyph ID="char_94" CONTENT="ב" GC="1.0"><Shape><Polygon POINTS="2005 1248 1985 1374 2019 1379 2039 1254"/></Shape></Glyph><Glyph ID="char_95" CONTENT="י" GC="1.0"><Shape><Polygon POINTS="1972 1243 1952 1369 1985 1374 2005 1248"/></Shape></Glyph><Glyph ID="char_96" CONTENT="ם" GC="1.0"><Shape><Polygon POINTS="1930 1237 1910 1362 1952 1369 1972 1243"/></Shape></Glyph><Glyph ID="char_97" CONTENT=" " GC="1.0"><Shape><Polygon POINTS="1884 1230 1870 1356 1910 1362 1930 1237"/></Shape></Glyph><Glyph ID="char_98" CONTENT="א" GC="1.0"><Shape><Polygon POINTS="1850 1226 1836 1353 1870 1356 1884 1230"/></Shape></Glyph><Glyph ID="char_99" CONTENT="ו" GC="1.0"><Shape><Polygon POINTS="1816 1223 1803 1349 1836 1353 1850 1226"/></Shape></Glyph><Glyph ID="char_100" CONTENT="כ" GC="1.0"><Shape><Polygon POINTS="1786 1219 1767 1344 1803 1349 1816 1223"/></Shape></Glyph><Glyph ID="char_101" CONTENT="ל" GC="1.0"><Shape><Polygon POINTS="1769 1216 1750 1341 1767 1344 1786 1219"/></Shape></Glyph><Glyph ID="char_102" CONTENT="י" GC="1.0"><Shape><Polygon POINTS="1761 1215 1742 1340 1750 1341 1769 1216"/></Shape></Glyph><Glyph ID="char_103" CONTENT="ם" GC="1.0"><Shape><Polygon POINTS="1744 1213 1725 1337 1742 1340 1761 1215"/></Shape></Glyph><Glyph ID="char_104" CONTENT=" " GC="1.0"><Shape><Polygon POINTS="1696 1200 1660 1322 1725 1337 1744 1213"/></Shape></Glyph></String>
          </TextLine>

          
          
          <TextLine ID="eSc_line_1785715" BASELINE="1578 1380 1623 1380 1738 1400 2011 1465 2088 1463 2309 1488 2471 1492" HPOS="1578.0" VPOS="1303.0" WIDTH="894.0" HEIGHT="239.0">
            <Shape><Polygon POINTS="1578 1303 1623 1303 1751 1324 2028 1390 2086 1386 2317 1412 2472 1415 2469 1542 2303 1538 2089 1513 1999 1514 1729 1450 1623 1430 1578 1430"/></Shape>
	    <String CONTENT="להוציאו מחצר ם והי " HPOS="1578.0" VPOS="1303.0" WIDTH="894.0" HEIGHT="239.0"><Glyph ID="char_105" CONTENT="ל" GC="1.0"><Shape><Polygon POINTS="2395 1414 2392 1540 2444 1541 2447 1415"/></Shape></Glyph><Glyph ID="char_106" CONTENT="ה" GC="1.0"><Shape><Polygon POINTS="2352 1413 2349 1539 2392 1540 2395 1414"/></Shape></Glyph><Glyph ID="char_107" CONTENT="ו" GC="1.0"><Shape><Polygon POINTS="2318 1412 2315 1538 2349 1539 2352 1413"/></Shape></Glyph><Glyph ID="char_108" CONTENT="צ" GC="1.0"><Shape><Polygon POINTS="2291 1409 2277 1535 2315 1538 2318 1412"/></Shape></Glyph><Glyph ID="char_109" CONTENT="י" GC="1.0"><Shape><Polygon POINTS="2256 1405 2242 1531 2277 1535 2291 1409"/></Shape></Glyph><Glyph ID="char_110" CONTENT="א" GC="1.0"><Shape><Polygon POINTS="2222 1401 2208 1527 2242 1531 2256 1405"/></Shape></Glyph><Glyph ID="char_111" CONTENT="ו" GC="1.0"><Shape><Polygon POINTS="2188 1397 2173 1523 2208 1527 2222 1401"/></Shape></Glyph><Glyph ID="char_112" CONTENT=" " GC="1.0"><Shape><Polygon POINTS="2162 1395 2148 1520 2173 1523 2188 1397"/></Shape></Glyph><Glyph ID="char_113" CONTENT="מ" GC="1.0"><Shape><Polygon POINTS="2066 1387 2069 1513 2148 1520 2162 1395"/></Shape></Glyph><Glyph ID="char_114" CONTENT="ח" GC="1.0"><Shape><Polygon POINTS="2009 1385 1980 1509 2069 1513 2066 1387"/></Shape></Glyph><Glyph ID="char_115" CONTENT="צ" GC="1.0"><Shape><Polygon POINTS="1975 1377 1945 1501 1980 1509 2009 1385"/></Shape></Glyph><Glyph ID="char_116" CONTENT="ר" GC="1.0"><Shape><Polygon POINTS="1925 1366 1896 1490 1945 1501 1975 1377"/></Shape></Glyph><Glyph ID="char_117" CONTENT=" " GC="1.0"><Shape><Polygon POINTS="1875 1353 1845 1478 1896 1490 1925 1366"/></Shape></Glyph><Glyph ID="char_118" CONTENT="ם" GC="1.0"><Shape><Polygon POINTS="1833 1344 1803 1468 1845 1478 1875 1353"/></Shape></Glyph><Glyph ID="char_119" CONTENT=" " GC="1.0"><Shape><Polygon POINTS="1766 1328 1736 1452 1803 1468 1833 1344"/></Shape></Glyph><Glyph ID="char_120" CONTENT="ו" GC="1.0"><Shape><Polygon POINTS="1685 1313 1664 1438 1736 1452 1766 1328"/></Shape></Glyph><Glyph ID="char_121" CONTENT="ה" GC="1.0"><Shape><Polygon POINTS="1643 1306 1621 1430 1664 1438 1685 1313"/></Shape></Glyph><Glyph ID="char_122" CONTENT="י" GC="1.0"><Shape><Polygon POINTS="1595 1303 1595 1430 1621 1430 1643 1306"/></Shape></Glyph><Glyph ID="char_123" CONTENT=" " GC="1.0"><Shape><Polygon POINTS="1578 1303 1578 1430 1595 1430 1595 1303"/></Shape></Glyph></String>
          </TextLine>

          
          
          <TextLine ID="eSc_line_1785718" BASELINE="1553 1540 1594 1537 1684 1549 1779 1571 1840 1580 1869 1583 2079 1571 2162 1578 2275 1596 2446 1612" HPOS="1547.0" VPOS="1461.0" WIDTH="906.0" HEIGHT="201.0">
            <Shape><Polygon POINTS="1547 1464 1588 1461 1694 1473 1796 1496 1851 1504 1876 1507 2074 1494 2168 1502 2286 1520 2453 1536 2441 1662 2267 1646 2157 1628 2081 1621 1863 1633 1832 1630 1767 1620 1677 1599 1597 1587 1556 1590"/></Shape>
	    <String CONTENT="על י אשר יע דו בם " HPOS="1547.0" VPOS="1461.0" WIDTH="906.0" HEIGHT="201.0"><Glyph ID="char_124" CONTENT="ע" GC="1.0"><Shape><Polygon POINTS="2393 1530 2382 1657 2423 1660 2435 1534"/></Shape></Glyph><Glyph ID="char_125" CONTENT="ל" GC="1.0"><Shape><Polygon POINTS="2359 1527 2348 1653 2382 1657 2393 1530"/></Shape></Glyph><Glyph ID="char_126" CONTENT=" " GC="1.0"><Shape><Polygon POINTS="2343 1525 2331 1652 2348 1653 2359 1527"/></Shape></Glyph><Glyph ID="char_127" CONTENT="י" GC="1.0"><Shape><Polygon POINTS="2246 1514 2226 1639 2331 1652 2343 1525"/></Shape></Glyph><Glyph ID="char_128" CONTENT=" " GC="1.0"><Shape><Polygon POINTS="2131 1499 2120 1625 2226 1639 2246 1514"/></Shape></Glyph><Glyph ID="char_129" CONTENT="א" GC="1.0"><Shape><Polygon POINTS="2069 1494 2076 1621 2120 1625 2131 1499"/></Shape></Glyph><Glyph ID="char_130" CONTENT="ש" GC="1.0"><Shape><Polygon POINTS="2027 1497 2034 1624 2076 1621 2069 1494"/></Shape></Glyph><Glyph ID="char_131" CONTENT="ר" GC="1.0"><Shape><Polygon POINTS="1993 1499 2000 1625 2034 1624 2027 1497"/></Shape></Glyph><Glyph ID="char_132" CONTENT=" " GC="1.0"><Shape><Polygon POINTS="1968 1501 1975 1627 2000 1625 1993 1499"/></Shape></Glyph><Glyph ID="char_133" CONTENT="י" GC="1.0"><Shape><Polygon POINTS="1951 1502 1958 1628 1975 1627 1968 1501"/></Shape></Glyph><Glyph ID="char_134" CONTENT="ע" GC="1.0"><Shape><Polygon POINTS="1900 1505 1908 1631 1958 1628 1951 1502"/></Shape></Glyph><Glyph ID="char_135" CONTENT=" " GC="1.0"><Shape><Polygon POINTS="1848 1504 1830 1630 1908 1631 1900 1505"/></Shape></Glyph><Glyph ID="char_136" CONTENT="ד" GC="1.0"><Shape><Polygon POINTS="1806 1497 1787 1623 1830 1630 1848 1504"/></Shape></Glyph><Glyph ID="char_137" CONTENT="ו" GC="1.0"><Shape><Polygon POINTS="1778 1492 1750 1616 1787 1623 1806 1497"/></Shape></Glyph><Glyph ID="char_138" CONTENT=" " GC="1.0"><Shape><Polygon POINTS="1754 1487 1725 1610 1750 1616 1778 1492"/></Shape></Glyph><Glyph ID="char_139" CONTENT="ב" GC="1.0"><Shape><Polygon POINTS="1721 1479 1692 1603 1725 1610 1754 1487"/></Shape></Glyph><Glyph ID="char_140" CONTENT="ם" GC="1.0"><Shape><Polygon POINTS="1663 1470 1647 1594 1692 1603 1721 1479"/></Shape></Glyph><Glyph ID="char_141" CONTENT=" " GC="1.0"><Shape><Polygon POINTS="1580 1462 1589 1588 1647 1594 1663 1470"/></Shape></Glyph></String>
          </TextLine>

          
          
          <TextLine ID="eSc_line_1785719" BASELINE="1580 1688 1661 1693 1747 1709 1776 1711 1837 1711 1961 1700 2151 1702 2164 1711 2336 1725 2475 1729" HPOS="1576.0" VPOS="1611.0" WIDTH="901.0" HEIGHT="168.0">
            <Shape><Polygon POINTS="1584 1611 1665 1616 1760 1634 1781 1634 1837 1634 1954 1624 2151 1625 2207 1648 2342 1649 2477 1652 2473 1779 2331 1775 2135 1752 2150 1752 1965 1750 1837 1761 1772 1761 1737 1758 1657 1743 1576 1738"/></Shape>
	    <String CONTENT="הר ש ויצהר " HPOS="1576.0" VPOS="1611.0" WIDTH="901.0" HEIGHT="168.0"><Glyph ID="char_142" CONTENT="ה" GC="1.0"><Shape><Polygon POINTS="2181 1637 2171 1756 2396 1777 2400 1650"/></Shape></Glyph><Glyph ID="char_143" CONTENT="ר" GC="1.0"><Shape><Polygon POINTS="2024 1624 2022 1751 2171 1756 2181 1637"/></Shape></Glyph><Glyph ID="char_144" CONTENT=" " GC="1.0"><Shape><Polygon POINTS="1973 1624 1971 1750 2022 1751 2024 1624"/></Shape></Glyph><Glyph ID="char_145" CONTENT="ש" GC="1.0"><Shape><Polygon POINTS="1870 1631 1881 1757 1971 1750 1973 1624"/></Shape></Glyph><Glyph ID="char_146" CONTENT=" " GC="1.0"><Shape><Polygon POINTS="1800 1634 1800 1761 1881 1757 1870 1631"/></Shape></Glyph><Glyph ID="char_147" CONTENT="ו" GC="1.0"><Shape><Polygon POINTS="1792 1634 1792 1761 1800 1761 1800 1634"/></Shape></Glyph><Glyph ID="char_148" CONTENT="י" GC="1.0"><Shape><Polygon POINTS="1780 1634 1771 1761 1792 1761 1792 1634"/></Shape></Glyph><Glyph ID="char_149" CONTENT="צ" GC="1.0"><Shape><Polygon POINTS="1738 1630 1715 1754 1771 1761 1780 1634"/></Shape></Glyph><Glyph ID="char_150" CONTENT="ה" GC="1.0"><Shape><Polygon POINTS="1687 1620 1663 1744 1715 1754 1738 1630"/></Shape></Glyph><Glyph ID="char_151" CONTENT="ר" GC="1.0"><Shape><Polygon POINTS="1644 1615 1635 1742 1663 1744 1687 1620"/></Shape></Glyph><Glyph ID="char_152" CONTENT=" " GC="1.0"><Shape><Polygon POINTS="1594 1612 1584 1739 1635 1742 1644 1615"/></Shape></Glyph></String>
          </TextLine>

          
          
          <TextLine ID="eSc_line_1785721" BASELINE="1885 1840 2004 1824 2112 1824 2155 1853 2227 1862 2480 1862" HPOS="1874.0" VPOS="1747.0" WIDTH="606.0" HEIGHT="165.0">
            <Shape><Polygon POINTS="1874 1764 1993 1748 2112 1747 2197 1789 2236 1786 2480 1785 2480 1912 2220 1912 2126 1895 2112 1874 2010 1874 1891 1890"/></Shape>
	    <String CONTENT="ל " HPOS="1874.0" VPOS="1747.0" WIDTH="606.0" HEIGHT="165.0"><Glyph ID="char_153" CONTENT="ל" GC="1.0"><Shape><Polygon POINTS="2182 1782 2167 1902 2360 1912 2360 1785"/></Shape></Glyph><Glyph ID="char_154" CONTENT=" " GC="1.0"><Shape><Polygon POINTS="1975 1750 1992 1876 2167 1902 2182 1782"/></Shape></Glyph></String>
          </TextLine>

          
        </TextBlock>
        

        
      </PrintSpace>
    </Page>
  </Layout>
</alto>