<?xml version='1.0' encoding='UTF-8'?>
<alto xmlns:xsi="http://www.w3.org/2001/XMLSchema-instance" xmlns="http://www.loc.gov/standards/alto/ns-v4#" xsi:schemaLocation="http://www.loc.gov/standards/alto/ns-v4# http://www.loc.gov/standards/alto/v4/alto-4-2.xsd">
  <Description>
    <MeasurementUnit>pixel</MeasurementUnit>
    <sourceImageInformation>
      <fileName>407-Fg004-R-C01-R01-D13092011-T113607-LR924_012_F.jpg</fileName>
      
    </sourceImageInformation>
  </Description>
  
  <Tags>
    <OtherTag ID="BT1443" LABEL="Parchment_or_papyrus" DESCRIPTION="block type Parchment_or_papyrus"/><OtherTag ID="BT2" LABEL="Main" DESCRIPTION="block type Main"/>
    
  </Tags>
  
  <Layout>
    <Page WIDTH="3608" HEIGHT="2706" PHYSICAL_IMG_NR="368" ID="eSc_dummypage_">
      <PrintSpace HPOS="0" VPOS="0" WIDTH="3608" HEIGHT="2706">
        
        <TextBlock HPOS="1248.0" VPOS="853.0" WIDTH="1268.0" HEIGHT="1054.0" ID="eSc_textblock_1370d16b" TAGREFS="BT2">
          <Shape><Polygon POINTS="1248 853 1248 1907 2516 1907 2516 853"/></Shape>
          
          
          <TextLine ID="eSc_line_1785818" BASELINE="2002 980 2198 989 2241 985" HPOS="1998.0" VPOS="873.0" WIDTH="249.0" HEIGHT="187.0">
            <Shape><Polygon POINTS="2006 873 2202 882 2231 878 2247 1055 2194 1060 1998 1051"/></Shape>
	    <String CONTENT=" " HPOS="1998.0" VPOS="873.0" WIDTH="249.0" HEIGHT="187.0"><Glyph ID="char_0" CONTENT=" " GC="1.0"><Shape><Polygon POINTS="2066 876 2057 1054 2211 1058 2195 882"/></Shape></Glyph></String>
          </TextLine>

          
          
          <TextLine ID="eSc_line_1785819" BASELINE="1301 1150 1781 1145 2029 1156 2342 1159 2439 1168" HPOS="1299.0" VPOS="1038.0" WIDTH="1149.0" HEIGHT="200.0">
            <Shape><Polygon POINTS="1299 1043 1779 1038 2033 1049 2343 1052 2448 1061 2432 1238 2341 1230 2025 1227 1781 1216 1301 1221"/></Shape>
	    <String CONTENT=" כול משלוחות מ " HPOS="1299.0" VPOS="1038.0" WIDTH="1149.0" HEIGHT="200.0"><Glyph ID="char_1" CONTENT=" " GC="1.0"><Shape><Polygon POINTS="2412 1058 2396 1235 2431 1238 2447 1061"/></Shape></Glyph><Glyph ID="char_2" CONTENT="כ" GC="1.0"><Shape><Polygon POINTS="2365 1054 2348 1231 2396 1235 2412 1058"/></Shape></Glyph><Glyph ID="char_3" CONTENT="ו" GC="1.0"><Shape><Polygon POINTS="2308 1052 2306 1230 2348 1231 2365 1054"/></Shape></Glyph><Glyph ID="char_4" CONTENT="ל" GC="1.0"><Shape><Polygon POINTS="2260 1051 2258 1229 2306 1230 2308 1052"/></Shape></Glyph><Glyph ID="char_5" CONTENT=" " GC="1.0"><Shape><Polygon POINTS="2200 1051 2198 1229 2258 1229 2260 1051"/></Shape></Glyph><Glyph ID="char_6" CONTENT="מ" GC="1.0"><Shape><Polygon POINTS="2140 1050 2138 1228 2198 1229 2200 1051"/></Shape></Glyph><Glyph ID="char_7" CONTENT="ש" GC="1.0"><Shape><Polygon POINTS="2068 1049 2066 1227 2138 1228 2140 1050"/></Shape></Glyph><Glyph ID="char_8" CONTENT="ל" GC="1.0"><Shape><Polygon POINTS="2000 1048 1992 1225 2066 1227 2068 1049"/></Shape></Glyph><Glyph ID="char_9" CONTENT="ו" GC="1.0"><Shape><Polygon POINTS="1952 1045 1944 1223 1992 1225 2000 1048"/></Shape></Glyph><Glyph ID="char_10" CONTENT="ח" GC="1.0"><Shape><Polygon POINTS="1880 1042 1872 1220 1944 1223 1952 1045"/></Shape></Glyph><Glyph ID="char_11" CONTENT="ו" GC="1.0"><Shape><Polygon POINTS="1821 1040 1813 1217 1872 1220 1880 1042"/></Shape></Glyph><Glyph ID="char_12" CONTENT="ת" GC="1.0"><Shape><Polygon POINTS="1695 1039 1697 1217 1813 1217 1821 1040"/></Shape></Glyph><Glyph ID="char_13" CONTENT=" " GC="1.0"><Shape><Polygon POINTS="1551 1040 1553 1218 1697 1217 1695 1039"/></Shape></Glyph><Glyph ID="char_14" CONTENT="מ" GC="1.0"><Shape><Polygon POINTS="1431 1042 1433 1220 1553 1218 1551 1040"/></Shape></Glyph><Glyph ID="char_15" CONTENT=" " GC="1.0"><Shape><Polygon POINTS="1311 1043 1313 1221 1433 1220 1431 1042"/></Shape></Glyph></String>
          </TextLine>

          
          
          <TextLine ID="eSc_line_1785820" BASELINE="1301 1303 1659 1316 1869 1328 1952 1328 2137 1319 2218 1321 2354 1312 2444 1314" HPOS="1298.0" VPOS="1196.0" WIDTH="1148.0" HEIGHT="203.0">
            <Shape><Polygon POINTS="1304 1196 1662 1209 1875 1221 1952 1221 2131 1212 2220 1214 2346 1205 2446 1207 2442 1385 2358 1383 2216 1392 2140 1390 1952 1399 1864 1399 1656 1387 1298 1374"/></Shape>
	    <String CONTENT=" וכלת במוסדי עפר " HPOS="1298.0" VPOS="1196.0" WIDTH="1148.0" HEIGHT="203.0"><Glyph ID="char_16" CONTENT=" " GC="1.0"><Shape><Polygon POINTS="2409 1206 2405 1384 2440 1385 2444 1207"/></Shape></Glyph><Glyph ID="char_17" CONTENT="ו" GC="1.0"><Shape><Polygon POINTS="2340 1205 2352 1383 2405 1384 2409 1206"/></Shape></Glyph><Glyph ID="char_18" CONTENT="כ" GC="1.0"><Shape><Polygon POINTS="2291 1209 2303 1387 2352 1383 2340 1205"/></Shape></Glyph><Glyph ID="char_19" CONTENT="ל" GC="1.0"><Shape><Polygon POINTS="2219 1214 2231 1391 2303 1387 2291 1209"/></Shape></Glyph><Glyph ID="char_20" CONTENT="ת" GC="1.0"><Shape><Polygon POINTS="2169 1213 2164 1391 2231 1391 2219 1214"/></Shape></Glyph><Glyph ID="char_21" CONTENT=" " GC="1.0"><Shape><Polygon POINTS="2101 1214 2110 1391 2164 1391 2169 1213"/></Shape></Glyph><Glyph ID="char_22" CONTENT="ב" GC="1.0"><Shape><Polygon POINTS="2029 1217 2038 1395 2110 1391 2101 1214"/></Shape></Glyph><Glyph ID="char_23" CONTENT="מ" GC="1.0"><Shape><Polygon POINTS="1956 1221 1965 1398 2038 1395 2029 1217"/></Shape></Glyph><Glyph ID="char_24" CONTENT="ו" GC="1.0"><Shape><Polygon POINTS="1901 1221 1901 1399 1965 1398 1956 1221"/></Shape></Glyph><Glyph ID="char_25" CONTENT="ס" GC="1.0"><Shape><Polygon POINTS="1824 1218 1813 1396 1901 1399 1901 1221"/></Shape></Glyph><Glyph ID="char_26" CONTENT="ד" GC="1.0"><Shape><Polygon POINTS="1728 1213 1718 1391 1813 1396 1824 1218"/></Shape></Glyph><Glyph ID="char_27" CONTENT="י" GC="1.0"><Shape><Polygon POINTS="1653 1209 1646 1387 1718 1391 1728 1213"/></Shape></Glyph><Glyph ID="char_28" CONTENT=" " GC="1.0"><Shape><Polygon POINTS="1593 1206 1586 1384 1646 1387 1653 1209"/></Shape></Glyph><Glyph ID="char_29" CONTENT="ע" GC="1.0"><Shape><Polygon POINTS="1509 1203 1502 1381 1586 1384 1593 1206"/></Shape></Glyph><Glyph ID="char_30" CONTENT="פ" GC="1.0"><Shape><Polygon POINTS="1413 1200 1406 1378 1502 1381 1509 1203"/></Shape></Glyph><Glyph ID="char_31" CONTENT="ר" GC="1.0"><Shape><Polygon POINTS="1352 1198 1345 1376 1406 1378 1413 1200"/></Shape></Glyph><Glyph ID="char_32" CONTENT=" " GC="1.0"><Shape><Polygon POINTS="1300 1302 1347 1303"/></Shape></Glyph></String>
          </TextLine>

          
          
          <TextLine ID="eSc_line_1785824" BASELINE="1334 1492 1472 1499 1871 1537 2349 1528" HPOS="1330.0" VPOS="1385.0" WIDTH="1020.0" HEIGHT="222.0">
            <Shape><Polygon POINTS="1339 1385 1477 1392 1881 1430 2346 1421 2350 1599 1864 1607 1468 1570 1330 1563"/></Shape>
	    <String CONTENT=" וך אתה אלוהי אל " HPOS="1330.0" VPOS="1385.0" WIDTH="1020.0" HEIGHT="222.0"><Glyph ID="char_33" CONTENT=" " GC="1.0"><Shape><Polygon POINTS="2298 1422 2301 1600 2337 1599 2334 1421"/></Shape></Glyph><Glyph ID="char_34" CONTENT="ו" GC="1.0"><Shape><Polygon POINTS="2262 1423 2265 1600 2301 1600 2298 1422"/></Shape></Glyph><Glyph ID="char_35" CONTENT="ך" GC="1.0"><Shape><Polygon POINTS="2202 1424 2205 1601 2265 1600 2262 1423"/></Shape></Glyph><Glyph ID="char_36" CONTENT=" " GC="1.0"><Shape><Polygon POINTS="2155 1425 2158 1602 2205 1601 2202 1424"/></Shape></Glyph><Glyph ID="char_37" CONTENT="א" GC="1.0"><Shape><Polygon POINTS="2071 1426 2074 1604 2158 1602 2155 1425"/></Shape></Glyph><Glyph ID="char_38" CONTENT="ת" GC="1.0"><Shape><Polygon POINTS="1975 1428 1978 1605 2074 1604 2071 1426"/></Shape></Glyph><Glyph ID="char_39" CONTENT="ה" GC="1.0"><Shape><Polygon POINTS="1891 1430 1894 1607 1978 1605 1975 1428"/></Shape></Glyph><Glyph ID="char_40" CONTENT=" " GC="1.0"><Shape><Polygon POINTS="1832 1425 1816 1602 1894 1607 1891 1430"/></Shape></Glyph><Glyph ID="char_41" CONTENT="א" GC="1.0"><Shape><Polygon POINTS="1761 1419 1744 1596 1816 1602 1832 1425"/></Shape></Glyph><Glyph ID="char_42" CONTENT="ל" GC="1.0"><Shape><Polygon POINTS="1701 1413 1684 1590 1744 1596 1761 1419"/></Shape></Glyph><Glyph ID="char_43" CONTENT="ו" GC="1.0"><Shape><Polygon POINTS="1641 1407 1624 1585 1684 1590 1701 1413"/></Shape></Glyph><Glyph ID="char_44" CONTENT="ה" GC="1.0"><Shape><Polygon POINTS="1570 1401 1553 1578 1624 1585 1641 1407"/></Shape></Glyph><Glyph ID="char_45" CONTENT="י" GC="1.0"><Shape><Polygon POINTS="1522 1396 1505 1573 1553 1578 1570 1401"/></Shape></Glyph><Glyph ID="char_46" CONTENT=" " GC="1.0"><Shape><Polygon POINTS="1459 1391 1449 1569 1505 1573 1522 1396"/></Shape></Glyph><Glyph ID="char_47" CONTENT="א" GC="1.0"><Shape><Polygon POINTS="1387 1387 1377 1565 1449 1569 1459 1391"/></Shape></Glyph><Glyph ID="char_48" CONTENT="ל" GC="1.0"><Shape><Polygon POINTS="1333 1491 1380 1493"/></Shape></Glyph><Glyph ID="char_49" CONTENT=" " GC="1.0"><Shape><Polygon POINTS="1333 1491 1333 1491"/></Shape></Glyph></String>
          </TextLine>

          
          
          <TextLine ID="eSc_line_1785822" BASELINE="1373 1684 1549 1700 1770 1702 2002 1711 2130 1720 2295 1713" HPOS="1366.0" VPOS="1577.0" WIDTH="932.0" HEIGHT="214.0">
            <Shape><Polygon POINTS="1382 1577 1558 1593 1770 1595 2006 1604 2137 1613 2290 1606 2298 1784 2125 1791 1999 1782 1769 1773 1542 1770 1366 1754"/></Shape>
	    <String CONTENT=" תיהם ופוקח א " HPOS="1366.0" VPOS="1577.0" WIDTH="932.0" HEIGHT="214.0"><Glyph ID="char_50" CONTENT=" " GC="1.0"><Shape><Polygon POINTS="2254 1608 2262 1785 2286 1785 2278 1607"/></Shape></Glyph><Glyph ID="char_51" CONTENT="ת" GC="1.0"><Shape><Polygon POINTS="2218 1609 2226 1787 2262 1785 2254 1608"/></Shape></Glyph><Glyph ID="char_52" CONTENT="י" GC="1.0"><Shape><Polygon POINTS="2146 1613 2154 1790 2226 1787 2218 1609"/></Shape></Glyph><Glyph ID="char_53" CONTENT="ה" GC="1.0"><Shape><Polygon POINTS="2050 1607 2038 1785 2154 1790 2146 1613"/></Shape></Glyph><Glyph ID="char_54" CONTENT="ם" GC="1.0"><Shape><Polygon POINTS="1963 1602 1956 1780 2038 1785 2050 1607"/></Shape></Glyph><Glyph ID="char_55" CONTENT=" " GC="1.0"><Shape><Polygon POINTS="1891 1600 1884 1778 1956 1780 1963 1602"/></Shape></Glyph><Glyph ID="char_56" CONTENT="ו" GC="1.0"><Shape><Polygon POINTS="1831 1597 1824 1775 1884 1778 1891 1600"/></Shape></Glyph><Glyph ID="char_57" CONTENT="פ" GC="1.0"><Shape><Polygon POINTS="1768 1595 1767 1773 1824 1775 1831 1597"/></Shape></Glyph><Glyph ID="char_58" CONTENT="ו" GC="1.0"><Shape><Polygon POINTS="1708 1594 1707 1772 1767 1773 1768 1595"/></Shape></Glyph><Glyph ID="char_59" CONTENT="ק" GC="1.0"><Shape><Polygon POINTS="1624 1594 1623 1771 1707 1772 1708 1594"/></Shape></Glyph><Glyph ID="char_60" CONTENT="ח" GC="1.0"><Shape><Polygon POINTS="1564 1593 1563 1770 1623 1771 1624 1594"/></Shape></Glyph><Glyph ID="char_61" CONTENT=" " GC="1.0"><Shape><Polygon POINTS="1526 1590 1509 1767 1563 1770 1564 1593"/></Shape></Glyph><Glyph ID="char_62" CONTENT="א" GC="1.0"><Shape><Polygon POINTS="1490 1587 1473 1764 1509 1767 1526 1590"/></Shape></Glyph><Glyph ID="char_63" CONTENT=" " GC="1.0"><Shape><Polygon POINTS="1418 1580 1401 1757 1473 1764 1490 1587"/></Shape></Glyph></String>
          </TextLine>

          
          
          <TextLine ID="eSc_line_1785823" BASELINE="1526 1862 1844 1858" HPOS="1524.0" VPOS="1751.0" WIDTH="320.0" HEIGHT="182.0">
            <Shape><Polygon POINTS="1524 1755 1842 1751 1844 1929 1526 1933"/></Shape>
	    <String CONTENT=" " HPOS="1524.0" VPOS="1751.0" WIDTH="320.0" HEIGHT="182.0"><Glyph ID="char_64" CONTENT=" " GC="1.0"><Shape><Polygon POINTS="1598 1754 1600 1932 1783 1930 1781 1752"/></Shape></Glyph></String>
          </TextLine>

          
        </TextBlock>
        

        
      </PrintSpace>
    </Page>
  </Layout>
</alto>