<?xml version='1.0' encoding='UTF-8'?>
<alto xmlns:xsi="http://www.w3.org/2001/XMLSchema-instance" xmlns="http://www.loc.gov/standards/alto/ns-v4#" xsi:schemaLocation="http://www.loc.gov/standards/alto/ns-v4# http://www.loc.gov/standards/alto/v4/alto-4-2.xsd">
  <Description>
    <MeasurementUnit>pixel</MeasurementUnit>
    <sourceImageInformation>
      <fileName>409-Fg001-R-C01-R01-D02112011-T122644-LR924_012_F.jpg</fileName>
      
    </sourceImageInformation>
  </Description>
  
  <Tags>
    <OtherTag ID="BT1443" LABEL="Parchment_or_papyrus" DESCRIPTION="block type Parchment_or_papyrus"/><OtherTag ID="BT2" LABEL="Main" DESCRIPTION="block type Main"/>
    
  </Tags>
  
  <Layout>
    <Page WIDTH="3608" HEIGHT="2706" PHYSICAL_IMG_NR="142" ID="eSc_dummypage_">
      <PrintSpace HPOS="0" VPOS="0" WIDTH="3608" HEIGHT="2706">
        
        <TextBlock HPOS="85.0" VPOS="918.0" WIDTH="2999.0" HEIGHT="1757.0" ID="eSc_textblock_a6e988a3" TAGREFS="BT2">
          <Shape><Polygon POINTS="85 1020 85 2675 3084 2650 3062 918"/></Shape>
          
          
          <TextLine ID="eSc_line_1785857" BASELINE="263 1138 290 1141 484 1136 816 1118 868 1118 989 1104 1075 1100 1332 1095 1668 1068 2270 1032 2466 1014" HPOS="254.0" VPOS="904.0" WIDTH="2218.0" HEIGHT="309.0">
            <Shape><Polygon POINTS="275 1028 302 1031 481 1026 810 1008 868 1008 976 994 1069 990 1329 985 1659 958 2263 922 2455 904 2472 1086 2274 1105 1673 1140 1333 1168 1078 1173 997 1176 868 1191 819 1191 485 1209 281 1213 254 1210"/></Shape>
	    <String CONTENT="א בכול בשר ומשפט נקמות לכלות רשעה ול " HPOS="254.0" VPOS="904.0" WIDTH="2218.0" HEIGHT="309.0"><Glyph ID="char_0" CONTENT="א" GC="1.0"><Shape><Polygon POINTS="2417 908 2434 1090 2470 1086 2453 904"/></Shape></Glyph><Glyph ID="char_1" CONTENT=" " GC="1.0"><Shape><Polygon POINTS="2380 911 2397 1093 2434 1090 2417 908"/></Shape></Glyph><Glyph ID="char_2" CONTENT="ב" GC="1.0"><Shape><Polygon POINTS="2332 916 2348 1098 2397 1093 2380 911"/></Shape></Glyph><Glyph ID="char_3" CONTENT="כ" GC="1.0"><Shape><Polygon POINTS="2282 920 2299 1103 2348 1098 2332 916"/></Shape></Glyph><Glyph ID="char_4" CONTENT="ו" GC="1.0"><Shape><Polygon POINTS="2237 924 2247 1107 2299 1103 2282 920"/></Shape></Glyph><Glyph ID="char_5" CONTENT="ל" GC="1.0"><Shape><Polygon POINTS="2200 926 2211 1109 2247 1107 2237 924"/></Shape></Glyph><Glyph ID="char_6" CONTENT=" " GC="1.0"><Shape><Polygon POINTS="2138 929 2149 1112 2211 1109 2200 926"/></Shape></Glyph><Glyph ID="char_7" CONTENT="ב" GC="1.0"><Shape><Polygon POINTS="2089 932 2100 1115 2149 1112 2138 929"/></Shape></Glyph><Glyph ID="char_8" CONTENT="ש" GC="1.0"><Shape><Polygon POINTS="2003 938 2014 1120 2100 1115 2089 932"/></Shape></Glyph><Glyph ID="char_9" CONTENT="ר" GC="1.0"><Shape><Polygon POINTS="1867 946 1878 1128 2014 1120 2003 938"/></Shape></Glyph><Glyph ID="char_10" CONTENT=" " GC="1.0"><Shape><Polygon POINTS="1781 951 1792 1133 1878 1128 1867 946"/></Shape></Glyph><Glyph ID="char_11" CONTENT="ו" GC="1.0"><Shape><Polygon POINTS="1756 952 1767 1135 1792 1133 1781 951"/></Shape></Glyph><Glyph ID="char_12" CONTENT="מ" GC="1.0"><Shape><Polygon POINTS="1732 954 1743 1136 1767 1135 1756 952"/></Shape></Glyph><Glyph ID="char_13" CONTENT="ש" GC="1.0"><Shape><Polygon POINTS="1683 957 1693 1139 1743 1136 1732 954"/></Shape></Glyph><Glyph ID="char_14" CONTENT="פ" GC="1.0"><Shape><Polygon POINTS="1606 962 1621 1144 1693 1139 1683 957"/></Shape></Glyph><Glyph ID="char_15" CONTENT="ט" GC="1.0"><Shape><Polygon POINTS="1546 967 1560 1149 1621 1144 1606 962"/></Shape></Glyph><Glyph ID="char_16" CONTENT=" " GC="1.0"><Shape><Polygon POINTS="1484 972 1499 1154 1560 1149 1546 967"/></Shape></Glyph><Glyph ID="char_17" CONTENT="נ" GC="1.0"><Shape><Polygon POINTS="1435 976 1450 1158 1499 1154 1484 972"/></Shape></Glyph><Glyph ID="char_18" CONTENT="ק" GC="1.0"><Shape><Polygon POINTS="1361 982 1376 1164 1450 1158 1435 976"/></Shape></Glyph><Glyph ID="char_19" CONTENT="מ" GC="1.0"><Shape><Polygon POINTS="1306 985 1310 1168 1376 1164 1361 982"/></Shape></Glyph><Glyph ID="char_20" CONTENT="ו" GC="1.0"><Shape><Polygon POINTS="1232 987 1236 1170 1310 1168 1306 985"/></Shape></Glyph><Glyph ID="char_21" CONTENT="ת" GC="1.0"><Shape><Polygon POINTS="1170 988 1174 1171 1236 1170 1232 987"/></Shape></Glyph><Glyph ID="char_22" CONTENT=" " GC="1.0"><Shape><Polygon POINTS="1133 989 1137 1172 1174 1171 1170 988"/></Shape></Glyph><Glyph ID="char_23" CONTENT="ל" GC="1.0"><Shape><Polygon POINTS="1084 990 1088 1173 1137 1172 1133 989"/></Shape></Glyph><Glyph ID="char_24" CONTENT="כ" GC="1.0"><Shape><Polygon POINTS="1019 992 1028 1175 1088 1173 1084 990"/></Shape></Glyph><Glyph ID="char_25" CONTENT="ל" GC="1.0"><Shape><Polygon POINTS="951 997 972 1179 1028 1175 1019 992"/></Shape></Glyph><Glyph ID="char_26" CONTENT="ו" GC="1.0"><Shape><Polygon POINTS="914 1002 935 1183 972 1179 951 997"/></Shape></Glyph><Glyph ID="char_27" CONTENT="ת" GC="1.0"><Shape><Polygon POINTS="877 1007 898 1187 935 1183 914 1002"/></Shape></Glyph><Glyph ID="char_28" CONTENT=" " GC="1.0"><Shape><Polygon POINTS="828 1008 828 1191 898 1187 877 1007"/></Shape></Glyph><Glyph ID="char_29" CONTENT="ר" GC="1.0"><Shape><Polygon POINTS="761 1011 771 1194 828 1191 828 1008"/></Shape></Glyph><Glyph ID="char_30" CONTENT="ש" GC="1.0"><Shape><Polygon POINTS="674 1015 684 1198 771 1194 761 1011"/></Shape></Glyph><Glyph ID="char_31" CONTENT="ע" GC="1.0"><Shape><Polygon POINTS="564 1021 573 1204 684 1198 674 1015"/></Shape></Glyph><Glyph ID="char_32" CONTENT="ה" GC="1.0"><Shape><Polygon POINTS="481 1026 486 1209 573 1204 564 1021"/></Shape></Glyph><Glyph ID="char_33" CONTENT=" " GC="1.0"><Shape><Polygon POINTS="419 1028 424 1210 486 1209 481 1026"/></Shape></Glyph><Glyph ID="char_34" CONTENT="ו" GC="1.0"><Shape><Polygon POINTS="370 1029 375 1211 424 1210 419 1028"/></Shape></Glyph><Glyph ID="char_35" CONTENT="ל" GC="1.0"><Shape><Polygon POINTS="321 1030 326 1212 375 1211 370 1029"/></Shape></Glyph><Glyph ID="char_36" CONTENT=" " GC="1.0"><Shape><Polygon POINTS="262 1137 323 1140"/></Shape></Glyph></String>
          </TextLine>

          
          
          <TextLine ID="eSc_line_1785858" BASELINE="171 1343 381 1359 538 1339 690 1337 771 1330 881 1328 1174 1301 1260 1301 1605 1280 1966 1237 2223 1222 2363 1199 2446 1177 2581 1152 2685 1141 2924 1122" HPOS="165.0" VPOS="1012.0" WIDTH="2764.0" HEIGHT="419.0">
            <Shape><Polygon POINTS="179 1233 389 1249 524 1230 688 1227 761 1220 879 1218 1163 1191 1260 1191 1598 1170 1953 1127 2216 1112 2345 1090 2417 1070 2561 1044 2673 1031 2915 1012 2929 1194 2692 1213 2594 1223 2464 1247 2374 1271 2227 1295 1974 1309 1609 1353 1260 1374 1180 1373 882 1401 777 1402 690 1410 547 1411 375 1431 165 1415"/></Shape>
	    <String CONTENT="אפי אלוה ם במזוקקי שבע ים ובקדושים יק " HPOS="165.0" VPOS="1012.0" WIDTH="2764.0" HEIGHT="419.0"><Glyph ID="char_37" CONTENT="א" GC="1.0"><Shape><Polygon POINTS="2816 1020 2831 1202 2904 1196 2890 1014"/></Shape></Glyph><Glyph ID="char_38" CONTENT="פ" GC="1.0"><Shape><Polygon POINTS="2755 1025 2770 1207 2831 1202 2816 1020"/></Shape></Glyph><Glyph ID="char_39" CONTENT="י" GC="1.0"><Shape><Polygon POINTS="2706 1028 2721 1211 2770 1207 2755 1025"/></Shape></Glyph><Glyph ID="char_40" CONTENT=" " GC="1.0"><Shape><Polygon POINTS="2655 1033 2674 1215 2721 1211 2706 1028"/></Shape></Glyph><Glyph ID="char_41" CONTENT="א" GC="1.0"><Shape><Polygon POINTS="2618 1037 2637 1219 2674 1215 2655 1033"/></Shape></Glyph><Glyph ID="char_42" CONTENT="ל" GC="1.0"><Shape><Polygon POINTS="2523 1051 2557 1230 2637 1219 2618 1037"/></Shape></Glyph><Glyph ID="char_43" CONTENT="ו" GC="1.0"><Shape><Polygon POINTS="2427 1068 2460 1248 2557 1230 2523 1051"/></Shape></Glyph><Glyph ID="char_44" CONTENT="ה" GC="1.0"><Shape><Polygon POINTS="2371 1083 2418 1259 2460 1248 2427 1068"/></Shape></Glyph><Glyph ID="char_45" CONTENT=" " GC="1.0"><Shape><Polygon POINTS="2285 1100 2315 1281 2418 1259 2371 1083"/></Shape></Glyph><Glyph ID="char_46" CONTENT="ם" GC="1.0"><Shape><Polygon POINTS="2211 1112 2222 1295 2315 1281 2285 1100"/></Shape></Glyph><Glyph ID="char_47" CONTENT=" " GC="1.0"><Shape><Polygon POINTS="2163 1115 2173 1298 2222 1295 2211 1112"/></Shape></Glyph><Glyph ID="char_48" CONTENT="ב" GC="1.0"><Shape><Polygon POINTS="2089 1119 2099 1302 2173 1298 2163 1115"/></Shape></Glyph><Glyph ID="char_49" CONTENT="מ" GC="1.0"><Shape><Polygon POINTS="2040 1122 2050 1305 2099 1302 2089 1119"/></Shape></Glyph><Glyph ID="char_50" CONTENT="ז" GC="1.0"><Shape><Polygon POINTS="1991 1125 2001 1307 2050 1305 2040 1122"/></Shape></Glyph><Glyph ID="char_51" CONTENT="ו" GC="1.0"><Shape><Polygon POINTS="1934 1129 1956 1311 2001 1307 1991 1125"/></Shape></Glyph><Glyph ID="char_52" CONTENT="ק" GC="1.0"><Shape><Polygon POINTS="1849 1140 1871 1321 1956 1311 1934 1129"/></Shape></Glyph><Glyph ID="char_53" CONTENT="ק" GC="1.0"><Shape><Polygon POINTS="1775 1149 1797 1330 1871 1321 1849 1140"/></Shape></Glyph><Glyph ID="char_54" CONTENT="י" GC="1.0"><Shape><Polygon POINTS="1727 1154 1748 1336 1797 1330 1775 1149"/></Shape></Glyph><Glyph ID="char_55" CONTENT=" " GC="1.0"><Shape><Polygon POINTS="1666 1162 1688 1343 1748 1336 1727 1154"/></Shape></Glyph><Glyph ID="char_56" CONTENT="ש" GC="1.0"><Shape><Polygon POINTS="1593 1170 1614 1352 1688 1343 1666 1162"/></Shape></Glyph><Glyph ID="char_57" CONTENT="ב" GC="1.0"><Shape><Polygon POINTS="1513 1175 1524 1358 1614 1352 1593 1170"/></Shape></Glyph><Glyph ID="char_58" CONTENT="ע" GC="1.0"><Shape><Polygon POINTS="1439 1180 1451 1363 1524 1358 1513 1175"/></Shape></Glyph><Glyph ID="char_59" CONTENT=" " GC="1.0"><Shape><Polygon POINTS="1366 1184 1377 1367 1451 1363 1439 1180"/></Shape></Glyph><Glyph ID="char_60" CONTENT="י" GC="1.0"><Shape><Polygon POINTS="1292 1189 1303 1371 1377 1367 1366 1184"/></Shape></Glyph><Glyph ID="char_61" CONTENT="ם" GC="1.0"><Shape><Polygon POINTS="1224 1191 1224 1374 1303 1371 1292 1189"/></Shape></Glyph><Glyph ID="char_62" CONTENT=" " GC="1.0"><Shape><Polygon POINTS="1141 1193 1158 1375 1224 1374 1224 1191"/></Shape></Glyph><Glyph ID="char_63" CONTENT="ו" GC="1.0"><Shape><Polygon POINTS="1080 1199 1096 1381 1158 1375 1141 1193"/></Shape></Glyph><Glyph ID="char_64" CONTENT="ב" GC="1.0"><Shape><Polygon POINTS="994 1207 1011 1389 1096 1381 1080 1199"/></Shape></Glyph><Glyph ID="char_65" CONTENT="ק" GC="1.0"><Shape><Polygon POINTS="896 1216 912 1398 1011 1389 994 1207"/></Shape></Glyph><Glyph ID="char_66" CONTENT="ד" GC="1.0"><Shape><Polygon POINTS="831 1219 834 1401 912 1398 896 1216"/></Shape></Glyph><Glyph ID="char_67" CONTENT="ו" GC="1.0"><Shape><Polygon POINTS="761 1220 777 1402 834 1401 831 1219"/></Shape></Glyph><Glyph ID="char_68" CONTENT="ש" GC="1.0"><Shape><Polygon POINTS="684 1227 686 1410 777 1402 761 1220"/></Shape></Glyph><Glyph ID="char_69" CONTENT="י" GC="1.0"><Shape><Polygon POINTS="610 1228 612 1411 686 1410 684 1227"/></Shape></Glyph><Glyph ID="char_70" CONTENT="ם" GC="1.0"><Shape><Polygon POINTS="523 1230 546 1411 612 1411 610 1228"/></Shape></Glyph><Glyph ID="char_71" CONTENT=" " GC="1.0"><Shape><Polygon POINTS="450 1240 473 1420 546 1411 523 1230"/></Shape></Glyph><Glyph ID="char_72" CONTENT="י" GC="1.0"><Shape><Polygon POINTS="387 1249 373 1431 473 1420 450 1240"/></Shape></Glyph><Glyph ID="char_73" CONTENT="ק" GC="1.0"><Shape><Polygon POINTS="313 1243 299 1425 373 1431 387 1249"/></Shape></Glyph><Glyph ID="char_74" CONTENT=" " GC="1.0"><Shape><Polygon POINTS="216 1236 201 1418 299 1425 313 1243"/></Shape></Glyph></String>
          </TextLine>

          
          
          <TextLine ID="eSc_line_1785873" BASELINE="290 1542 453 1549 435 1553 595 1544 983 1524 1199 1510 1312 1508 1470 1495 1524 1495 1641 1486 1797 1454 1905 1436 2054 1420 2151 1418 2291 1395 2363 1375 2448 1364 2735 1350 2951 1332" HPOS="286.0" VPOS="1222.0" WIDTH="2671.0" HEIGHT="438.0">
            <Shape><Polygon POINTS="294 1432 457 1439 458 1660 588 1434 977 1414 1191 1400 1310 1398 1460 1385 1524 1385 1632 1376 1774 1346 1886 1327 2042 1310 2148 1308 2273 1286 2333 1269 2433 1255 2729 1240 2941 1222 2957 1404 2738 1423 2457 1436 2382 1445 2302 1467 2152 1491 2061 1492 1917 1508 1811 1525 1646 1558 1524 1568 1476 1567 1313 1581 1203 1583 986 1597 599 1617 615.056 1629.13 449 1622 286 1615"/></Shape>
	    <String CONTENT="אלוהים לו למקדש עולמים וטהרה בנברים וה ו" HPOS="286.0" VPOS="1222.0" WIDTH="2671.0" HEIGHT="438.0"><Glyph ID="char_75" CONTENT="א" GC="1.0"><Shape><Polygon POINTS="2825 1232 2841 1414 2917 1407 2902 1225"/></Shape></Glyph><Glyph ID="char_76" CONTENT="ל" GC="1.0"><Shape><Polygon POINTS="2761 1237 2776 1420 2841 1414 2825 1232"/></Shape></Glyph><Glyph ID="char_77" CONTENT="ו" GC="1.0"><Shape><Polygon POINTS="2713 1241 2722 1424 2776 1420 2761 1237"/></Shape></Glyph><Glyph ID="char_78" CONTENT="ה" GC="1.0"><Shape><Polygon POINTS="2649 1244 2658 1427 2722 1424 2713 1241"/></Shape></Glyph><Glyph ID="char_79" CONTENT="י" GC="1.0"><Shape><Polygon POINTS="2584 1247 2593 1430 2658 1427 2649 1244"/></Shape></Glyph><Glyph ID="char_80" CONTENT="ם" GC="1.0"><Shape><Polygon POINTS="2507 1251 2516 1433 2593 1430 2584 1247"/></Shape></Glyph><Glyph ID="char_81" CONTENT=" " GC="1.0"><Shape><Polygon POINTS="2433 1255 2457 1436 2516 1433 2507 1251"/></Shape></Glyph><Glyph ID="char_82" CONTENT="ל" GC="1.0"><Shape><Polygon POINTS="2383 1262 2406 1442 2457 1436 2433 1255"/></Shape></Glyph><Glyph ID="char_83" CONTENT="ו" GC="1.0"><Shape><Polygon POINTS="2316 1274 2365 1450 2406 1442 2383 1262"/></Shape></Glyph><Glyph ID="char_84" CONTENT=" " GC="1.0"><Shape><Polygon POINTS="2279 1284 2327 1460 2365 1450 2316 1274"/></Shape></Glyph><Glyph ID="char_85" CONTENT="ל" GC="1.0"><Shape><Polygon POINTS="2240 1292 2270 1472 2327 1460 2279 1284"/></Shape></Glyph><Glyph ID="char_86" CONTENT="מ" GC="1.0"><Shape><Polygon POINTS="2176 1303 2206 1482 2270 1472 2240 1292"/></Shape></Glyph><Glyph ID="char_87" CONTENT="ק" GC="1.0"><Shape><Polygon POINTS="2115 1309 2119 1491 2206 1482 2176 1303"/></Shape></Glyph><Glyph ID="char_88" CONTENT="ד" GC="1.0"><Shape><Polygon POINTS="2028 1312 2047 1494 2119 1491 2115 1309"/></Shape></Glyph><Glyph ID="char_89" CONTENT="ש" GC="1.0"><Shape><Polygon POINTS="1951 1320 1971 1502 2047 1494 2028 1312"/></Shape></Glyph><Glyph ID="char_90" CONTENT=" " GC="1.0"><Shape><Polygon POINTS="1880 1328 1911 1509 1971 1502 1951 1320"/></Shape></Glyph><Glyph ID="char_91" CONTENT="ע" GC="1.0"><Shape><Polygon POINTS="1842 1334 1872 1515 1911 1509 1880 1328"/></Shape></Glyph><Glyph ID="char_92" CONTENT="ו" GC="1.0"><Shape><Polygon POINTS="1804 1341 1835 1521 1872 1515 1842 1334"/></Shape></Glyph><Glyph ID="char_93" CONTENT="ל" GC="1.0"><Shape><Polygon POINTS="1762 1349 1799 1527 1835 1521 1804 1341"/></Shape></Glyph><Glyph ID="char_94" CONTENT="מ" GC="1.0"><Shape><Polygon POINTS="1686 1365 1722 1543 1799 1527 1762 1349"/></Shape></Glyph><Glyph ID="char_95" CONTENT="י" GC="1.0"><Shape><Polygon POINTS="1623 1377 1660 1555 1722 1543 1686 1365"/></Shape></Glyph><Glyph ID="char_96" CONTENT="ם" GC="1.0"><Shape><Polygon POINTS="1572 1381 1586 1563 1660 1555 1623 1377"/></Shape></Glyph><Glyph ID="char_97" CONTENT=" " GC="1.0"><Shape><Polygon POINTS="1521 1385 1535 1567 1586 1563 1572 1381"/></Shape></Glyph><Glyph ID="char_98" CONTENT="ו" GC="1.0"><Shape><Polygon POINTS="1456 1385 1471 1567 1535 1567 1521 1385"/></Shape></Glyph><Glyph ID="char_99" CONTENT="ט" GC="1.0"><Shape><Polygon POINTS="1366 1393 1381 1575 1471 1567 1456 1385"/></Shape></Glyph><Glyph ID="char_100" CONTENT="ה" GC="1.0"><Shape><Polygon POINTS="1295 1398 1298 1581 1381 1575 1366 1393"/></Shape></Glyph><Glyph ID="char_101" CONTENT="ר" GC="1.0"><Shape><Polygon POINTS="1218 1400 1221 1583 1298 1581 1295 1398"/></Shape></Glyph><Glyph ID="char_102" CONTENT="ה" GC="1.0"><Shape><Polygon POINTS="1135 1404 1147 1587 1221 1583 1218 1400"/></Shape></Glyph><Glyph ID="char_103" CONTENT=" " GC="1.0"><Shape><Polygon POINTS="1058 1409 1070 1592 1147 1587 1135 1404"/></Shape></Glyph><Glyph ID="char_104" CONTENT="ב" GC="1.0"><Shape><Polygon POINTS="980 1414 992 1597 1070 1592 1058 1409"/></Shape></Glyph><Glyph ID="char_105" CONTENT="נ" GC="1.0"><Shape><Polygon POINTS="931 1416 940 1599 992 1597 980 1414"/></Shape></Glyph><Glyph ID="char_106" CONTENT="ב" GC="1.0"><Shape><Polygon POINTS="879 1419 888 1602 940 1599 931 1416"/></Shape></Glyph><Glyph ID="char_107" CONTENT="ר" GC="1.0"><Shape><Polygon POINTS="801 1423 811 1606 888 1602 879 1419"/></Shape></Glyph><Glyph ID="char_108" CONTENT="י" GC="1.0"><Shape><Polygon POINTS="724 1427 734 1610 811 1606 801 1423"/></Shape></Glyph><Glyph ID="char_109" CONTENT="ם" GC="1.0"><Shape><Polygon POINTS="646 1431 656 1614 734 1610 724 1427"/></Shape></Glyph><Glyph ID="char_110" CONTENT=" " GC="1.0"><Shape><Polygon POINTS="571 1464 580 1628 656 1614 646 1431"/></Shape></Glyph><Glyph ID="char_111" CONTENT="ו" GC="1.0"><Shape><Polygon POINTS="510 1548 575 1545"/></Shape></Glyph><Glyph ID="char_112" CONTENT="ה" GC="1.0"><Shape><Polygon POINTS="449 1549 510 1548"/></Shape></Glyph><Glyph ID="char_113" CONTENT=" " GC="1.0"><Shape><Polygon POINTS="372 1435 363 1618 424 1438 458 1588"/></Shape></Glyph><Glyph ID="char_114" CONTENT="ו" GC="1.0"><Shape><Polygon POINTS="307 1433 298 1616 363 1618 372 1435"/></Shape></Glyph></String>
          </TextLine>

          
          
          <TextLine ID="eSc_line_1785860" BASELINE="347 1731 444 1736 604 1725 798 1725 971 1709 1217 1700 1332 1691 1549 1661 1634 1657 1840 1630 1993 1614 2090 1592 2171 1578 2286 1578 2462 1535 2604 1535 2832 1517 2947 1501" HPOS="343.0" VPOS="1392.0" WIDTH="2614.0" HEIGHT="417.0">
            <Shape><Polygon POINTS="352 1621 449 1626 596 1615 798 1615 960 1599 1212 1590 1323 1581 1533 1552 1628 1547 1825 1521 1981 1504 2065 1484 2152 1469 2286 1468 2435 1428 2604 1425 2823 1407 2931 1392 2957 1573 2837 1589 2604 1608 2479 1606 2286 1651 2183 1650 2106 1663 2000 1686 1849 1702 1637 1730 1559 1733 1337 1763 1219 1773 977 1781 798 1798 609 1798 440 1809 343 1804"/></Shape>
	    <String CONTENT="כוהנים ם צדקו צבאו ומשרתים מלאכי כבודו" HPOS="343.0" VPOS="1392.0" WIDTH="2614.0" HEIGHT="417.0"><Glyph ID="char_115" CONTENT="כ" GC="1.0"><Shape><Polygon POINTS="2845 1404 2871 1585 2931 1576 2906 1395"/></Shape></Glyph><Glyph ID="char_116" CONTENT="ו" GC="1.0"><Shape><Polygon POINTS="2791 1410 2806 1592 2871 1585 2845 1404"/></Shape></Glyph><Glyph ID="char_117" CONTENT="ה" GC="1.0"><Shape><Polygon POINTS="2730 1415 2744 1597 2806 1592 2791 1410"/></Shape></Glyph><Glyph ID="char_118" CONTENT="נ" GC="1.0"><Shape><Polygon POINTS="2693 1418 2707 1600 2744 1597 2730 1415"/></Shape></Glyph><Glyph ID="char_119" CONTENT="י" GC="1.0"><Shape><Polygon POINTS="2620 1424 2634 1606 2707 1600 2693 1418"/></Shape></Glyph><Glyph ID="char_120" CONTENT="ם" GC="1.0"><Shape><Polygon POINTS="2555 1426 2555 1607 2634 1606 2620 1424"/></Shape></Glyph><Glyph ID="char_121" CONTENT=" " GC="1.0"><Shape><Polygon POINTS="2418 1433 2461 1610 2555 1607 2555 1426"/></Shape></Glyph><Glyph ID="char_122" CONTENT="ם" GC="1.0"><Shape><Polygon POINTS="2323 1458 2366 1632 2461 1610 2418 1433"/></Shape></Glyph><Glyph ID="char_123" CONTENT=" " GC="1.0"><Shape><Polygon POINTS="2265 1468 2265 1651 2366 1632 2323 1458"/></Shape></Glyph><Glyph ID="char_124" CONTENT="צ" GC="1.0"><Shape><Polygon POINTS="2179 1469 2179 1651 2265 1651 2265 1468"/></Shape></Glyph><Glyph ID="char_125" CONTENT="ד" GC="1.0"><Shape><Polygon POINTS="2075 1482 2106 1663 2179 1651 2179 1469"/></Shape></Glyph><Glyph ID="char_126" CONTENT="ק" GC="1.0"><Shape><Polygon POINTS="1986 1503 2026 1680 2106 1663 2075 1482"/></Shape></Glyph><Glyph ID="char_127" CONTENT="ו" GC="1.0"><Shape><Polygon POINTS="1950 1507 1969 1689 2026 1680 1986 1503"/></Shape></Glyph><Glyph ID="char_128" CONTENT=" " GC="1.0"><Shape><Polygon POINTS="1901 1513 1920 1694 1969 1689 1950 1507"/></Shape></Glyph><Glyph ID="char_129" CONTENT="צ" GC="1.0"><Shape><Polygon POINTS="1825 1521 1849 1702 1920 1694 1901 1513"/></Shape></Glyph><Glyph ID="char_130" CONTENT="ב" GC="1.0"><Shape><Polygon POINTS="1752 1531 1775 1712 1849 1702 1825 1521"/></Shape></Glyph><Glyph ID="char_131" CONTENT="א" GC="1.0"><Shape><Polygon POINTS="1691 1539 1715 1720 1775 1712 1752 1531"/></Shape></Glyph><Glyph ID="char_132" CONTENT="ו" GC="1.0"><Shape><Polygon POINTS="1643 1545 1666 1726 1715 1720 1691 1539"/></Shape></Glyph><Glyph ID="char_133" CONTENT=" " GC="1.0"><Shape><Polygon POINTS="1615 1548 1623 1731 1666 1726 1643 1545"/></Shape></Glyph><Glyph ID="char_134" CONTENT="ו" GC="1.0"><Shape><Polygon POINTS="1578 1550 1586 1732 1623 1731 1615 1548"/></Shape></Glyph><Glyph ID="char_135" CONTENT="מ" GC="1.0"><Shape><Polygon POINTS="1506 1556 1531 1737 1586 1732 1578 1550"/></Shape></Glyph><Glyph ID="char_136" CONTENT="ש" GC="1.0"><Shape><Polygon POINTS="1421 1567 1446 1748 1531 1737 1506 1556"/></Shape></Glyph><Glyph ID="char_137" CONTENT="ר" GC="1.0"><Shape><Polygon POINTS="1336 1579 1361 1760 1446 1748 1421 1567"/></Shape></Glyph><Glyph ID="char_138" CONTENT="ת" GC="1.0"><Shape><Polygon POINTS="1270 1585 1284 1767 1361 1760 1336 1579"/></Shape></Glyph><Glyph ID="char_139" CONTENT="י" GC="1.0"><Shape><Polygon POINTS="1213 1590 1219 1773 1284 1767 1270 1585"/></Shape></Glyph><Glyph ID="char_140" CONTENT="ם" GC="1.0"><Shape><Polygon POINTS="1140 1593 1146 1775 1219 1773 1213 1590"/></Shape></Glyph><Glyph ID="char_141" CONTENT=" " GC="1.0"><Shape><Polygon POINTS="1078 1595 1084 1777 1146 1775 1140 1593"/></Shape></Glyph><Glyph ID="char_142" CONTENT="מ" GC="1.0"><Shape><Polygon POINTS="1004 1597 1010 1780 1084 1777 1078 1595"/></Shape></Glyph><Glyph ID="char_143" CONTENT="ל" GC="1.0"><Shape><Polygon POINTS="937 1601 953 1783 1010 1780 1004 1597"/></Shape></Glyph><Glyph ID="char_144" CONTENT="א" GC="1.0"><Shape><Polygon POINTS="863 1609 880 1790 953 1783 937 1601"/></Shape></Glyph><Glyph ID="char_145" CONTENT="כ" GC="1.0"><Shape><Polygon POINTS="802 1615 819 1796 880 1790 863 1609"/></Shape></Glyph><Glyph ID="char_146" CONTENT="י" GC="1.0"><Shape><Polygon POINTS="750 1615 750 1798 819 1796 802 1615"/></Shape></Glyph><Glyph ID="char_147" CONTENT=" " GC="1.0"><Shape><Polygon POINTS="689 1615 689 1798 750 1798 750 1615"/></Shape></Glyph><Glyph ID="char_148" CONTENT="כ" GC="1.0"><Shape><Polygon POINTS="628 1615 628 1798 689 1798 689 1615"/></Shape></Glyph><Glyph ID="char_149" CONTENT="ב" GC="1.0"><Shape><Polygon POINTS="559 1618 572 1800 628 1798 628 1615"/></Shape></Glyph><Glyph ID="char_150" CONTENT="ו" GC="1.0"><Shape><Polygon POINTS="498 1622 511 1804 572 1800 559 1618"/></Shape></Glyph><Glyph ID="char_151" CONTENT="ד" GC="1.0"><Shape><Polygon POINTS="439 1625 427 1808 511 1804 498 1622"/></Shape></Glyph><Glyph ID="char_152" CONTENT="ו" GC="1.0"><Shape><Polygon POINTS="365 1622 353 1805 427 1808 439 1625"/></Shape></Glyph></String>
          </TextLine>

          
          
          <TextLine ID="eSc_line_1785864" BASELINE="1693 1810 1765 1819 1828 1817 2024 1790 2135 1785 2209 1772 2306 1765 2336 1727 2439 1716 2487 1716 2678 1698 2877 1698 2924 1702 2969 1716" HPOS="1683.0" VPOS="1588.0" WIDTH="1318.0" HEIGHT="303.0">
            <Shape><Polygon POINTS="1706 1701 1778 1710 1824 1707 2009 1681 2130 1675 2190 1663 2298 1655 2249 1658 2427 1606 2487 1606 2667 1588 2877 1588 2933 1592 3001 1611 2947 1785 2917 1774 2877 1771 2684 1770 2487 1789 2446 1788 2393 1772 2311 1838 2221 1844 2138 1858 2033 1862 1830 1890 1755 1891 1683 1882"/></Shape>
	    <String CONTENT="יהללוהו ב פלא נוראות " HPOS="1683.0" VPOS="1588.0" WIDTH="1318.0" HEIGHT="303.0"><Glyph ID="char_153" CONTENT="י" GC="1.0"><Shape><Polygon POINTS="2847 1588 2847 1771 2911 1774 2965 1601"/></Shape></Glyph><Glyph ID="char_154" CONTENT="ה" GC="1.0"><Shape><Polygon POINTS="2786 1588 2786 1771 2847 1771 2847 1588"/></Shape></Glyph><Glyph ID="char_155" CONTENT="ל" GC="1.0"><Shape><Polygon POINTS="2724 1588 2724 1770 2786 1771 2786 1588"/></Shape></Glyph><Glyph ID="char_156" CONTENT="ל" GC="1.0"><Shape><Polygon POINTS="2665 1588 2682 1770 2724 1770 2724 1588"/></Shape></Glyph><Glyph ID="char_157" CONTENT="ו" GC="1.0"><Shape><Polygon POINTS="2616 1593 2633 1775 2682 1770 2665 1588"/></Shape></Glyph><Glyph ID="char_158" CONTENT="ה" GC="1.0"><Shape><Polygon POINTS="2555 1599 2572 1781 2633 1775 2616 1593"/></Shape></Glyph><Glyph ID="char_159" CONTENT="ו" GC="1.0"><Shape><Polygon POINTS="2507 1604 2524 1785 2572 1781 2555 1599"/></Shape></Glyph><Glyph ID="char_160" CONTENT=" " GC="1.0"><Shape><Polygon POINTS="2419 1608 2438 1786 2524 1785 2507 1604"/></Shape></Glyph><Glyph ID="char_161" CONTENT="ב" GC="1.0"><Shape><Polygon POINTS="2244 1659 2390 1774 2438 1786 2419 1608"/></Shape></Glyph><Glyph ID="char_162" CONTENT=" " GC="1.0"><Shape><Polygon POINTS="2294 1655 2307 1838 2390 1774 2244 1659"/></Shape></Glyph><Glyph ID="char_163" CONTENT="פ" GC="1.0"><Shape><Polygon POINTS="2270 1657 2283 1840 2307 1838 2294 1655"/></Shape></Glyph><Glyph ID="char_164" CONTENT="ל" GC="1.0"><Shape><Polygon POINTS="2233 1660 2246 1842 2283 1840 2270 1657"/></Shape></Glyph><Glyph ID="char_165" CONTENT="א" GC="1.0"><Shape><Polygon POINTS="2173 1666 2205 1847 2246 1842 2233 1660"/></Shape></Glyph><Glyph ID="char_166" CONTENT=" " GC="1.0"><Shape><Polygon POINTS="2126 1675 2135 1858 2205 1847 2173 1666"/></Shape></Glyph><Glyph ID="char_167" CONTENT="נ" GC="1.0"><Shape><Polygon POINTS="2053 1679 2062 1861 2135 1858 2126 1675"/></Shape></Glyph><Glyph ID="char_168" CONTENT="ו" GC="1.0"><Shape><Polygon POINTS="1982 1685 2007 1866 2062 1861 2053 1679"/></Shape></Glyph><Glyph ID="char_169" CONTENT="ר" GC="1.0"><Shape><Polygon POINTS="1897 1697 1921 1877 2007 1866 1982 1685"/></Shape></Glyph><Glyph ID="char_170" CONTENT="א" GC="1.0"><Shape><Polygon POINTS="1823 1707 1848 1888 1921 1877 1897 1697"/></Shape></Glyph><Glyph ID="char_171" CONTENT="ו" GC="1.0"><Shape><Polygon POINTS="1762 1708 1768 1891 1848 1888 1823 1707"/></Shape></Glyph><Glyph ID="char_172" CONTENT="ת" GC="1.0"><Shape><Polygon POINTS="1732 1704 1707 1885 1768 1891 1762 1708"/></Shape></Glyph><Glyph ID="char_173" CONTENT=" " GC="1.0"><Shape><Polygon POINTS="1692 1809 1716 1812"/></Shape></Glyph></String>
          </TextLine>

          
          
          <TextLine ID="eSc_line_1785863" BASELINE="466 2083 617 2090 841 2076 931 2079 1062 2070 1170 2070 1280 2061 1454 2027 1524 2018 1761 1977 2306 1930 2471 1873 2629 1869 2978 1873" HPOS="462.0" VPOS="1759.0" WIDTH="2517.0" HEIGHT="404.0">
            <Shape><Polygon POINTS="471 1973 622 1980 834 1966 934 1969 1054 1960 1170 1960 1271 1951 1432 1919 1509 1909 1742 1868 2296 1820 2435 1769 2626 1759 2979 1763 2977 1946 2630 1942 2494 1942 2312 2002 1773 2049 1533 2090 1468 2098 1285 2133 1170 2143 1067 2143 928 2152 845 2149 613 2163 462 2156"/></Shape>
	    <String CONTENT="ואני מירא אל בקצי דורותי לרומם שם דב " HPOS="462.0" VPOS="1759.0" WIDTH="2517.0" HEIGHT="404.0"><Glyph ID="char_174" CONTENT="ו" GC="1.0"><Shape><Polygon POINTS="2881 1762 2879 1945 2952 1946 2954 1763"/></Shape></Glyph><Glyph ID="char_175" CONTENT="א" GC="1.0"><Shape><Polygon POINTS="2819 1761 2817 1944 2879 1945 2881 1762"/></Shape></Glyph><Glyph ID="char_176" CONTENT="נ" GC="1.0"><Shape><Polygon POINTS="2758 1760 2756 1943 2817 1944 2819 1761"/></Shape></Glyph><Glyph ID="char_177" CONTENT="י" GC="1.0"><Shape><Polygon POINTS="2708 1760 2706 1943 2756 1943 2758 1760"/></Shape></Glyph><Glyph ID="char_178" CONTENT=" " GC="1.0"><Shape><Polygon POINTS="2659 1759 2657 1942 2706 1943 2708 1760"/></Shape></Glyph><Glyph ID="char_179" CONTENT="מ" GC="1.0"><Shape><Polygon POINTS="2594 1761 2598 1942 2657 1942 2659 1759"/></Shape></Glyph><Glyph ID="char_180" CONTENT="י" GC="1.0"><Shape><Polygon POINTS="2520 1765 2524 1942 2598 1942 2594 1761"/></Shape></Glyph><Glyph ID="char_181" CONTENT="ר" GC="1.0"><Shape><Polygon POINTS="2403 1781 2462 1953 2524 1942 2520 1765"/></Shape></Glyph><Glyph ID="char_182" CONTENT="א" GC="1.0"><Shape><Polygon POINTS="2311 1815 2369 1983 2462 1953 2403 1781"/></Shape></Glyph><Glyph ID="char_183" CONTENT=" " GC="1.0"><Shape><Polygon POINTS="2265 1823 2281 2005 2369 1983 2311 1815"/></Shape></Glyph><Glyph ID="char_184" CONTENT="א" GC="1.0"><Shape><Polygon POINTS="2203 1828 2219 2010 2281 2005 2265 1823"/></Shape></Glyph><Glyph ID="char_185" CONTENT="ל" GC="1.0"><Shape><Polygon POINTS="2130 1834 2146 2016 2219 2010 2203 1828"/></Shape></Glyph><Glyph ID="char_186" CONTENT=" " GC="1.0"><Shape><Polygon POINTS="2069 1840 2084 2022 2146 2016 2130 1834"/></Shape></Glyph><Glyph ID="char_187" CONTENT="ב" GC="1.0"><Shape><Polygon POINTS="1983 1847 1999 2029 2084 2022 2069 1840"/></Shape></Glyph><Glyph ID="char_188" CONTENT="ק" GC="1.0"><Shape><Polygon POINTS="1885 1856 1901 2038 1999 2029 1983 1847"/></Shape></Glyph><Glyph ID="char_189" CONTENT="צ" GC="1.0"><Shape><Polygon POINTS="1800 1863 1815 2045 1901 2038 1885 1856"/></Shape></Glyph><Glyph ID="char_190" CONTENT="י" GC="1.0"><Shape><Polygon POINTS="1763 1866 1778 2049 1815 2045 1800 1863"/></Shape></Glyph><Glyph ID="char_191" CONTENT=" " GC="1.0"><Shape><Polygon POINTS="1704 1875 1735 2055 1778 2049 1763 1866"/></Shape></Glyph><Glyph ID="char_192" CONTENT="ד" GC="1.0"><Shape><Polygon POINTS="1644 1885 1675 2066 1735 2055 1704 1875"/></Shape></Glyph><Glyph ID="char_193" CONTENT="ו" GC="1.0"><Shape><Polygon POINTS="1584 1896 1615 2076 1675 2066 1644 1885"/></Shape></Glyph><Glyph ID="char_194" CONTENT="ר" GC="1.0"><Shape><Polygon POINTS="1523 1907 1554 2086 1615 2076 1584 1896"/></Shape></Glyph><Glyph ID="char_195" CONTENT="ו" GC="1.0"><Shape><Polygon POINTS="1442 1918 1466 2098 1554 2086 1523 1907"/></Shape></Glyph><Glyph ID="char_196" CONTENT="ת" GC="1.0"><Shape><Polygon POINTS="1375 1930 1410 2109 1466 2098 1442 1918"/></Shape></Glyph><Glyph ID="char_197" CONTENT="י" GC="1.0"><Shape><Polygon POINTS="1351 1935 1386 2114 1410 2109 1375 1930"/></Shape></Glyph><Glyph ID="char_198" CONTENT=" " GC="1.0"><Shape><Polygon POINTS="1290 1947 1325 2125 1386 2114 1351 1935"/></Shape></Glyph><Glyph ID="char_199" CONTENT="ל" GC="1.0"><Shape><Polygon POINTS="1242 1954 1257 2135 1325 2125 1290 1947"/></Shape></Glyph><Glyph ID="char_200" CONTENT="ר" GC="1.0"><Shape><Polygon POINTS="1193 1958 1208 2140 1257 2135 1242 1954"/></Shape></Glyph><Glyph ID="char_201" CONTENT="ו" GC="1.0"><Shape><Polygon POINTS="1128 1960 1128 2143 1208 2140 1193 1958"/></Shape></Glyph><Glyph ID="char_202" CONTENT="מ" GC="1.0"><Shape><Polygon POINTS="1034 1961 1047 2144 1128 2143 1128 1960"/></Shape></Glyph><Glyph ID="char_203" CONTENT="ם" GC="1.0"><Shape><Polygon POINTS="961 1967 973 2149 1047 2144 1034 1961"/></Shape></Glyph><Glyph ID="char_204" CONTENT=" " GC="1.0"><Shape><Polygon POINTS="911 1968 905 2151 973 2149 961 1967"/></Shape></Glyph><Glyph ID="char_205" CONTENT="ש" GC="1.0"><Shape><Polygon POINTS="802 1968 813 2151 905 2151 911 1968"/></Shape></Glyph><Glyph ID="char_206" CONTENT="ם" GC="1.0"><Shape><Polygon POINTS="716 1974 727 2156 813 2151 802 1968"/></Shape></Glyph><Glyph ID="char_207" CONTENT=" " GC="1.0"><Shape><Polygon POINTS="642 1979 653 2161 727 2156 716 1974"/></Shape></Glyph><Glyph ID="char_208" CONTENT="ד" GC="1.0"><Shape><Polygon POINTS="582 1978 572 2161 653 2161 642 1979"/></Shape></Glyph><Glyph ID="char_209" CONTENT="ב" GC="1.0"><Shape><Polygon POINTS="520 1975 510 2158 572 2161 582 1978"/></Shape></Glyph><Glyph ID="char_210" CONTENT=" " GC="1.0"><Shape><Polygon POINTS="465 2082 513 2084"/></Shape></Glyph></String>
          </TextLine>

          
          
          <TextLine ID="eSc_line_1785872" BASELINE="590 2255 723 2261 834 2261 992 2250 1053 2250 1785 2176 2297 2121 2363 2121 2378 2041 2446 2043 2543 2043 2708 2034 2830 2031 2972 2040" HPOS="586.0" VPOS="1921.0" WIDTH="2392.0" HEIGHT="413.0">
            <Shape><Polygon POINTS="594 2145 727 2151 834 2151 984 2140 1053 2140 1773 2066 2285 2011 2270 2020 2288.52 2011 2449 1933 2543 1933 2702 1924 2827 1921 2978 1930 2967 2113 2831 2104 2711 2107 2543 2116 2443 2116 2449 2054 2363 2194 2304 2193 1792 2248 1053 2323 997 2323 834 2334 719 2334 586 2328"/></Shape>
	    <String CONTENT="בגבורתו כ רוחי ממזרים להכניעם מירא " HPOS="586.0" VPOS="1921.0" WIDTH="2392.0" HEIGHT="413.0"><Glyph ID="char_211" CONTENT="ב" GC="1.0"><Shape><Polygon POINTS="2867 1923 2855 2106 2929 2111 2941 1928"/></Shape></Glyph><Glyph ID="char_212" CONTENT="ג" GC="1.0"><Shape><Polygon POINTS="2796 1922 2801 2105 2855 2106 2867 1923"/></Shape></Glyph><Glyph ID="char_213" CONTENT="ב" GC="1.0"><Shape><Polygon POINTS="2722 1924 2727 2107 2801 2105 2796 1922"/></Shape></Glyph><Glyph ID="char_214" CONTENT="ו" GC="1.0"><Shape><Polygon POINTS="2658 1926 2668 2109 2727 2107 2722 1924"/></Shape></Glyph><Glyph ID="char_215" CONTENT="ר" GC="1.0"><Shape><Polygon POINTS="2584 1931 2594 2113 2668 2109 2658 1926"/></Shape></Glyph><Glyph ID="char_216" CONTENT="ת" GC="1.0"><Shape><Polygon POINTS="2529 1933 2529 2116 2594 2113 2584 1931"/></Shape></Glyph><Glyph ID="char_217" CONTENT="ו" GC="1.0"><Shape><Polygon POINTS="2480 1933 2480 2116 2529 2116 2529 1933"/></Shape></Glyph><Glyph ID="char_218" CONTENT=" " GC="1.0"><Shape><Polygon POINTS="2434 1940 2430 2085 2480 2116 2480 1933"/></Shape></Glyph><Glyph ID="char_219" CONTENT="כ" GC="1.0"><Shape><Polygon POINTS="2085 2032 2530 2116 2430 2085 2434 1940"/></Shape></Glyph><Glyph ID="char_220" CONTENT=" " GC="1.0"><Shape><Polygon POINTS="2313 1999 2313 2193 2530 2116 2085 2032"/></Shape></Glyph><Glyph ID="char_221" CONTENT="ר" GC="1.0"><Shape><Polygon POINTS="2240 2016 2260 2198 2313 2193 2313 1999"/></Shape></Glyph><Glyph ID="char_222" CONTENT="ו" GC="1.0"><Shape><Polygon POINTS="2180 2022 2199 2204 2260 2198 2240 2016"/></Shape></Glyph><Glyph ID="char_223" CONTENT="ח" GC="1.0"><Shape><Polygon POINTS="2106 2030 2126 2212 2199 2204 2180 2022"/></Shape></Glyph><Glyph ID="char_224" CONTENT="י" GC="1.0"><Shape><Polygon POINTS="2045 2037 2065 2219 2126 2212 2106 2030"/></Shape></Glyph><Glyph ID="char_225" CONTENT=" " GC="1.0"><Shape><Polygon POINTS="1984 2043 2003 2225 2065 2219 2045 2037"/></Shape></Glyph><Glyph ID="char_226" CONTENT="מ" GC="1.0"><Shape><Polygon POINTS="1911 2051 1931 2233 2003 2225 1984 2043"/></Shape></Glyph><Glyph ID="char_227" CONTENT="מ" GC="1.0"><Shape><Polygon POINTS="1838 2059 1857 2241 1931 2233 1911 2051"/></Shape></Glyph><Glyph ID="char_228" CONTENT="ז" GC="1.0"><Shape><Polygon POINTS="1776 2066 1795 2248 1857 2241 1838 2059"/></Shape></Glyph><Glyph ID="char_229" CONTENT="ר" GC="1.0"><Shape><Polygon POINTS="1716 2072 1734 2254 1795 2248 1776 2066"/></Shape></Glyph><Glyph ID="char_230" CONTENT="י" GC="1.0"><Shape><Polygon POINTS="1642 2079 1661 2261 1734 2254 1716 2072"/></Shape></Glyph><Glyph ID="char_231" CONTENT="ם" GC="1.0"><Shape><Polygon POINTS="1557 2088 1575 2270 1661 2261 1642 2079"/></Shape></Glyph><Glyph ID="char_232" CONTENT=" " GC="1.0"><Shape><Polygon POINTS="1508 2093 1526 2275 1575 2270 1557 2088"/></Shape></Glyph><Glyph ID="char_233" CONTENT="ל" GC="1.0"><Shape><Polygon POINTS="1459 2098 1478 2280 1526 2275 1508 2093"/></Shape></Glyph><Glyph ID="char_234" CONTENT="ה" GC="1.0"><Shape><Polygon POINTS="1410 2103 1429 2285 1478 2280 1459 2098"/></Shape></Glyph><Glyph ID="char_235" CONTENT="כ" GC="1.0"><Shape><Polygon POINTS="1350 2109 1368 2291 1429 2285 1410 2103"/></Shape></Glyph><Glyph ID="char_236" CONTENT="נ" GC="1.0"><Shape><Polygon POINTS="1301 2115 1319 2296 1368 2291 1350 2109"/></Shape></Glyph><Glyph ID="char_237" CONTENT="י" GC="1.0"><Shape><Polygon POINTS="1239 2121 1258 2302 1319 2296 1301 2115"/></Shape></Glyph><Glyph ID="char_238" CONTENT="ע" GC="1.0"><Shape><Polygon POINTS="1130 2132 1148 2313 1258 2302 1239 2121"/></Shape></Glyph><Glyph ID="char_239" CONTENT="ם" GC="1.0"><Shape><Polygon POINTS="1044 2140 1063 2322 1148 2313 1130 2132"/></Shape></Glyph><Glyph ID="char_240" CONTENT=" " GC="1.0"><Shape><Polygon POINTS="993 2140 993 2323 1063 2322 1044 2140"/></Shape></Glyph><Glyph ID="char_241" CONTENT="מ" GC="1.0"><Shape><Polygon POINTS="900 2146 913 2329 993 2323 993 2140"/></Shape></Glyph><Glyph ID="char_242" CONTENT="י" GC="1.0"><Shape><Polygon POINTS="822 2151 822 2334 913 2329 900 2146"/></Shape></Glyph><Glyph ID="char_243" CONTENT="ר" GC="1.0"><Shape><Polygon POINTS="749 2151 749 2334 822 2334 822 2151"/></Shape></Glyph><Glyph ID="char_244" CONTENT="א" GC="1.0"><Shape><Polygon POINTS="706 2150 696 2333 749 2334 749 2151"/></Shape></Glyph><Glyph ID="char_245" CONTENT=" " GC="1.0"><Shape><Polygon POINTS="620 2146 610 2329 696 2333 706 2150"/></Shape></Glyph></String>
          </TextLine>

          
          
          <TextLine ID="eSc_line_1785862" BASELINE="1028 2444 1156 2437 1337 2437 1540 2424 2597 2225 2778 2221 2899 2209" HPOS="1022.0" VPOS="2099.0" WIDTH="1884.0" HEIGHT="418.0">
            <Shape><Polygon POINTS="1022 2334 1150 2327 1337 2327 1532 2314 2576 2117 2775 2111 2888 2099 2906 2281 2779 2294 2610 2296 1544 2497 1337 2510 1159 2510 1031 2517"/></Shape>
	    <String CONTENT=" עדי ץ ממשלתם " HPOS="1022.0" VPOS="2099.0" WIDTH="1884.0" HEIGHT="418.0"><Glyph ID="char_246" CONTENT=" " GC="1.0"><Shape><Polygon POINTS="2827 2106 2845 2287 2880 2284 2862 2102"/></Shape></Glyph><Glyph ID="char_247" CONTENT="ע" GC="1.0"><Shape><Polygon POINTS="2773 2111 2777 2294 2845 2287 2827 2106"/></Shape></Glyph><Glyph ID="char_248" CONTENT="ד" GC="1.0"><Shape><Polygon POINTS="2700 2113 2704 2295 2777 2294 2773 2111"/></Shape></Glyph><Glyph ID="char_249" CONTENT="י" GC="1.0"><Shape><Polygon POINTS="2282 2173 2315 2352 2704 2295 2700 2113"/></Shape></Glyph><Glyph ID="char_250" CONTENT=" " GC="1.0"><Shape><Polygon POINTS="1678 2286 1712 2465 2315 2352 2282 2173"/></Shape></Glyph><Glyph ID="char_251" CONTENT="ץ" GC="1.0"><Shape><Polygon POINTS="1413 2322 1424 2505 1712 2465 1678 2286"/></Shape></Glyph><Glyph ID="char_252" CONTENT=" " GC="1.0"><Shape><Polygon POINTS="1352 2326 1363 2508 1424 2505 1413 2322"/></Shape></Glyph><Glyph ID="char_253" CONTENT="מ" GC="1.0"><Shape><Polygon POINTS="1322 2327 1322 2510 1363 2508 1352 2326"/></Shape></Glyph><Glyph ID="char_254" CONTENT="מ" GC="1.0"><Shape><Polygon POINTS="1248 2327 1248 2510 1322 2510 1322 2327"/></Shape></Glyph><Glyph ID="char_255" CONTENT="ש" GC="1.0"><Shape><Polygon POINTS="1119 2329 1129 2512 1248 2510 1248 2327"/></Shape></Glyph><Glyph ID="char_256" CONTENT="ל" GC="1.0"><Shape><Polygon POINTS="1070 2331 1080 2514 1129 2512 1119 2329"/></Shape></Glyph><Glyph ID="char_257" CONTENT="ת" GC="1.0"><Shape><Polygon POINTS="1058 2332 1068 2515 1080 2514 1070 2331"/></Shape></Glyph><Glyph ID="char_258" CONTENT="ם" GC="1.0"><Shape><Polygon POINTS="1046 2333 1056 2516 1068 2515 1058 2332"/></Shape></Glyph><Glyph ID="char_259" CONTENT=" " GC="1.0"><Shape><Polygon POINTS="1027 2444 1051 2442"/></Shape></Glyph></String>
          </TextLine>

          
          
          <TextLine ID="eSc_line_1785856" BASELINE="1068 2593 1192 2597 1339 2609 1531 2582" HPOS="1065.0" VPOS="2473.0" WIDTH="476.0" HEIGHT="208.0">
            <Shape><Polygon POINTS="1071 2483 1195 2487 1347 2499 1515 2473 1541 2654 1333 2681 1189 2670 1065 2666"/></Shape>
	    <String CONTENT=" " HPOS="1065.0" VPOS="2473.0" WIDTH="476.0" HEIGHT="208.0"><Glyph ID="char_260" CONTENT=" " GC="1.0"><Shape><Polygon POINTS="1214 2488 1199 2671 1463 2664 1438 2485"/></Shape></Glyph></String>
          </TextLine>

          
        </TextBlock>
        

        
      </PrintSpace>
    </Page>
  </Layout>
</alto>