<?xml version='1.0' encoding='UTF-8'?>
<alto xmlns:xsi="http://www.w3.org/2001/XMLSchema-instance" xmlns="http://www.loc.gov/standards/alto/ns-v4#" xsi:schemaLocation="http://www.loc.gov/standards/alto/ns-v4# http://www.loc.gov/standards/alto/v4/alto-4-2.xsd">
  <Description>
    <MeasurementUnit>pixel</MeasurementUnit>
    <sourceImageInformation>
      <fileName>414-Fg003-R-C01-R01-D17012012-T134743-LR924_012_F.jpg</fileName>
      
    </sourceImageInformation>
  </Description>
  
  <Tags>
    <OtherTag ID="BT1443" LABEL="Parchment_or_papyrus" DESCRIPTION="block type Parchment_or_papyrus"/><OtherTag ID="BT2" LABEL="Main" DESCRIPTION="block type Main"/>
    
  </Tags>
  
  <Layout>
    <Page WIDTH="3608" HEIGHT="2706" PHYSICAL_IMG_NR="90" ID="eSc_dummypage_">
      <PrintSpace HPOS="0" VPOS="0" WIDTH="3608" HEIGHT="2706">
        
        <TextBlock HPOS="1552.0" VPOS="934.0" WIDTH="1016.0" HEIGHT="736.0" ID="eSc_textblock_2a6f3527" TAGREFS="BT2">
          <Shape><Polygon POINTS="1552 934 1552 1670 2568 1670 2568 934"/></Shape>
          
          
          <TextLine ID="eSc_line_1785844" BASELINE="1743 1109 1948 1138 2029 1141 2421 1201 2488 1194" HPOS="1733.0" VPOS="1011.0" WIDTH="761.0" HEIGHT="254.0">
            <Shape><Polygon POINTS="1756 1011 1961 1040 2032 1042 2435 1103 2477 1096 2494 1259 2411 1265 2026 1206 1938 1202 1733 1173"/></Shape>
	    <String CONTENT=" י הכ ה גדול" HPOS="1733.0" VPOS="1011.0" WIDTH="761.0" HEIGHT="254.0"><Glyph ID="char_0" CONTENT=" " GC="1.0"><Shape><Polygon POINTS="2415 1100 2391 1262 2461 1261 2444 1102"/></Shape></Glyph><Glyph ID="char_1" CONTENT="י" GC="1.0"><Shape><Polygon POINTS="2383 1095 2358 1257 2391 1262 2415 1100"/></Shape></Glyph><Glyph ID="char_2" CONTENT=" " GC="1.0"><Shape><Polygon POINTS="2350 1090 2325 1252 2358 1257 2383 1095"/></Shape></Glyph><Glyph ID="char_3" CONTENT="ה" GC="1.0"><Shape><Polygon POINTS="2297 1082 2272 1244 2325 1252 2350 1090"/></Shape></Glyph><Glyph ID="char_4" CONTENT="כ" GC="1.0"><Shape><Polygon POINTS="2242 1074 2218 1235 2272 1244 2297 1082"/></Shape></Glyph><Glyph ID="char_5" CONTENT=" " GC="1.0"><Shape><Polygon POINTS="2156 1061 2132 1222 2218 1235 2242 1074"/></Shape></Glyph><Glyph ID="char_6" CONTENT="ה" GC="1.0"><Shape><Polygon POINTS="2070 1048 2046 1209 2132 1222 2156 1061"/></Shape></Glyph><Glyph ID="char_7" CONTENT=" " GC="1.0"><Shape><Polygon POINTS="1994 1041 1988 1204 2046 1209 2070 1048"/></Shape></Glyph><Glyph ID="char_8" CONTENT="ג" GC="1.0"><Shape><Polygon POINTS="1928 1035 1905 1197 1988 1204 1994 1041"/></Shape></Glyph><Glyph ID="char_9" CONTENT="ד" GC="1.0"><Shape><Polygon POINTS="1864 1026 1840 1188 1905 1197 1928 1035"/></Shape></Glyph><Glyph ID="char_10" CONTENT="ו" GC="1.0"><Shape><Polygon POINTS="1811 1019 1787 1181 1840 1188 1864 1026"/></Shape></Glyph><Glyph ID="char_11" CONTENT="ל" GC="1.0"><Shape><Polygon POINTS="1742 1108 1796 1115"/></Shape></Glyph></String>
          </TextLine>

          
          
          <TextLine ID="eSc_line_1785846" BASELINE="1583 1215 1639 1242 1790 1314 2284 1339 2370 1346 2471 1362 2541 1380" HPOS="1554.0" VPOS="1126.0" WIDTH="1011.0" HEIGHT="317.0">
            <Shape><Polygon POINTS="1625 1126 1681 1153 1832 1225 2288 1240 2377 1247 2486 1264 2565 1284 2524 1443 2460 1426 2364 1411 2280 1404 1761 1373 1610 1301 1554 1274"/></Shape>
	    <String CONTENT=" ים פני אלוהים" HPOS="1554.0" VPOS="1126.0" WIDTH="1011.0" HEIGHT="317.0"><Glyph ID="char_12" CONTENT=" " GC="1.0"><Shape><Polygon POINTS="2479 1263 2453 1425 2511 1440 2552 1281"/></Shape></Glyph><Glyph ID="char_13" CONTENT="י" GC="1.0"><Shape><Polygon POINTS="2423 1254 2398 1416 2453 1425 2479 1263"/></Shape></Glyph><Glyph ID="char_14" CONTENT="ם" GC="1.0"><Shape><Polygon POINTS="2361 1246 2348 1410 2398 1416 2423 1254"/></Shape></Glyph><Glyph ID="char_15" CONTENT=" " GC="1.0"><Shape><Polygon POINTS="2307 1241 2293 1405 2348 1410 2361 1246"/></Shape></Glyph><Glyph ID="char_16" CONTENT="פ" GC="1.0"><Shape><Polygon POINTS="2260 1239 2251 1402 2293 1405 2307 1241"/></Shape></Glyph><Glyph ID="char_17" CONTENT="נ" GC="1.0"><Shape><Polygon POINTS="2216 1238 2207 1400 2251 1402 2260 1239"/></Shape></Glyph><Glyph ID="char_18" CONTENT="י" GC="1.0"><Shape><Polygon POINTS="2171 1236 2162 1397 2207 1400 2216 1238"/></Shape></Glyph><Glyph ID="char_19" CONTENT=" " GC="1.0"><Shape><Polygon POINTS="2116 1234 2108 1394 2162 1397 2171 1236"/></Shape></Glyph><Glyph ID="char_20" CONTENT="א" GC="1.0"><Shape><Polygon POINTS="2050 1232 2042 1390 2108 1394 2116 1234"/></Shape></Glyph><Glyph ID="char_21" CONTENT="ל" GC="1.0"><Shape><Polygon POINTS="2006 1231 1998 1387 2042 1390 2050 1232"/></Shape></Glyph><Glyph ID="char_22" CONTENT="ו" GC="1.0"><Shape><Polygon POINTS="1940 1229 1932 1383 1998 1387 2006 1231"/></Shape></Glyph><Glyph ID="char_23" CONTENT="ה" GC="1.0"><Shape><Polygon POINTS="1862 1226 1854 1379 1932 1383 1940 1229"/></Shape></Glyph><Glyph ID="char_24" CONTENT="י" GC="1.0"><Shape><Polygon POINTS="1804 1211 1733 1360 1854 1379 1862 1226"/></Shape></Glyph><Glyph ID="char_25" CONTENT="ם" GC="1.0"><Shape><Polygon POINTS="1684 1154 1613 1302 1733 1360 1804 1211"/></Shape></Glyph></String>
          </TextLine>

          
          
          <TextLine ID="eSc_line_1785848" BASELINE="1567 1425 1637 1438 1819 1452 1955 1470 2043 1486 2243 1501" HPOS="1555.0" VPOS="1328.0" WIDTH="695.0" HEIGHT="238.0">
            <Shape><Polygon POINTS="1584 1328 1654 1341 1826 1353 1967 1372 2060 1389 2250 1402 2238 1566 2031 1550 1946 1535 1813 1517 1625 1502 1555 1489"/></Shape>
	    <String CONTENT=" ים מיסוד " HPOS="1555.0" VPOS="1328.0" WIDTH="695.0" HEIGHT="238.0"><Glyph ID="char_26" CONTENT=" " GC="1.0"><Shape><Polygon POINTS="2205 1399 2193 1563 2226 1565 2238 1401"/></Shape></Glyph><Glyph ID="char_27" CONTENT="י" GC="1.0"><Shape><Polygon POINTS="2151 1395 2138 1558 2193 1563 2205 1399"/></Shape></Glyph><Glyph ID="char_28" CONTENT="ם" GC="1.0"><Shape><Polygon POINTS="2107 1392 2094 1555 2138 1558 2151 1395"/></Shape></Glyph><Glyph ID="char_29" CONTENT=" " GC="1.0"><Shape><Polygon POINTS="2063 1389 2051 1552 2094 1555 2107 1392"/></Shape></Glyph><Glyph ID="char_30" CONTENT="מ" GC="1.0"><Shape><Polygon POINTS="2019 1381 1989 1543 2051 1552 2063 1389"/></Shape></Glyph><Glyph ID="char_31" CONTENT="י" GC="1.0"><Shape><Polygon POINTS="1938 1368 1917 1531 1989 1543 2019 1381"/></Shape></Glyph><Glyph ID="char_32" CONTENT="ס" GC="1.0"><Shape><Polygon POINTS="1852 1356 1830 1519 1917 1531 1938 1368"/></Shape></Glyph><Glyph ID="char_33" CONTENT="ו" GC="1.0"><Shape><Polygon POINTS="1781 1350 1768 1513 1830 1519 1852 1356"/></Shape></Glyph><Glyph ID="char_34" CONTENT="ד" GC="1.0"><Shape><Polygon POINTS="1737 1347 1724 1510 1768 1513 1781 1350"/></Shape></Glyph><Glyph ID="char_35" CONTENT=" " GC="1.0"><Shape><Polygon POINTS="1639 1338 1607 1499 1724 1510 1737 1347"/></Shape></Glyph></String>
          </TextLine>

          
          
          <TextLine ID="eSc_line_1785849" BASELINE="1688 1612 1763 1612 1788 1616 1855 1610" HPOS="1688.0" VPOS="1511.0" WIDTH="172.0" HEIGHT="169.0">
            <Shape><Polygon POINTS="1688 1513 1763 1513 1803 1518 1846 1511 1860 1675 1777 1680 1763 1677 1688 1677"/></Shape>
	    <String CONTENT=" " HPOS="1688.0" VPOS="1511.0" WIDTH="172.0" HEIGHT="169.0"><Glyph ID="char_36" CONTENT=" " GC="1.0"><Shape><Polygon POINTS="1688 1513 1688 1677 1794 1679 1780 1515"/></Shape></Glyph></String>
          </TextLine>

          
        </TextBlock>
        

        
      </PrintSpace>
    </Page>
  </Layout>
</alto>