<?xml version='1.0' encoding='UTF-8'?>
<alto xmlns:xsi="http://www.w3.org/2001/XMLSchema-instance" xmlns="http://www.loc.gov/standards/alto/ns-v4#" xsi:schemaLocation="http://www.loc.gov/standards/alto/ns-v4# http://www.loc.gov/standards/alto/v4/alto-4-2.xsd">
  <Description>
    <MeasurementUnit>pixel</MeasurementUnit>
    <sourceImageInformation>
      <fileName>473-Fg002-R-C01-R01-D02112011-T143341-LR924_012_F.jpg</fileName>
      
    </sourceImageInformation>
  </Description>
  
  <Tags>
    <OtherTag ID="BT1443" LABEL="Parchment_or_papyrus" DESCRIPTION="block type Parchment_or_papyrus"/><OtherTag ID="BT2" LABEL="Main" DESCRIPTION="block type Main"/>
    
  </Tags>
  
  <Layout>
    <Page WIDTH="3608" HEIGHT="2706" PHYSICAL_IMG_NR="334" ID="eSc_dummypage_">
      <PrintSpace HPOS="0" VPOS="0" WIDTH="3608" HEIGHT="2706">
        
        <TextBlock HPOS="1146.0" VPOS="477.0" WIDTH="1456.0" HEIGHT="1795.0" ID="eSc_textblock_705017fa" TAGREFS="BT2">
          <Shape><Polygon POINTS="1146 477 1146 2272 2602 2272 2602 477"/></Shape>
          
          
          <TextLine ID="eSc_line_1785887" BASELINE="1247 593 1305 593 1490 608 1571 620 1634 633" HPOS="1247.0" VPOS="497.0" WIDTH="406.0" HEIGHT="198.0">
            <Shape><Polygon POINTS="1247 497 1305 497 1497 512 1584 525 1653 539 1621 695 1561 682 1484 671 1305 656 1247 656"/></Shape>
	    <String CONTENT=" שחק " HPOS="1247.0" VPOS="497.0" WIDTH="406.0" HEIGHT="198.0"><Glyph ID="char_0" CONTENT=" " GC="1.0"><Shape><Polygon POINTS="1492 512 1479 671 1560 682 1584 525"/></Shape></Glyph><Glyph ID="char_1" CONTENT="ש" GC="1.0"><Shape><Polygon POINTS="1438 507 1425 666 1479 671 1492 512"/></Shape></Glyph><Glyph ID="char_2" CONTENT="ח" GC="1.0"><Shape><Polygon POINTS="1374 502 1361 661 1425 666 1438 507"/></Shape></Glyph><Glyph ID="char_3" CONTENT="ק" GC="1.0"><Shape><Polygon POINTS="1301 497 1301 656 1361 661 1374 502"/></Shape></Glyph><Glyph ID="char_4" CONTENT=" " GC="1.0"><Shape><Polygon POINTS="1247 497 1247 656 1301 656 1301 497"/></Shape></Glyph></String>
          </TextLine>

          
          
          <TextLine ID="eSc_line_1785888" BASELINE="1222 771 1287 768 1571 786 1785 789 1946 798 2203 805" HPOS="1217.0" VPOS="672.0" WIDTH="988.0" HEIGHT="196.0">
            <Shape><Polygon POINTS="1217 675 1282 672 1577 690 1786 693 1951 702 2205 709 2201 868 1942 861 1784 852 1566 849 1289 831 1224 834"/></Shape>
	    <String CONTENT=" אדם ויל להמה גבור " HPOS="1217.0" VPOS="672.0" WIDTH="988.0" HEIGHT="196.0"><Glyph ID="char_5" CONTENT=" " GC="1.0"><Shape><Polygon POINTS="2109 706 2104 865 2168 867 2173 708"/></Shape></Glyph><Glyph ID="char_6" CONTENT="א" GC="1.0"><Shape><Polygon POINTS="2066 705 2061 864 2104 865 2109 706"/></Shape></Glyph><Glyph ID="char_7" CONTENT="ד" GC="1.0"><Shape><Polygon POINTS="2002 703 1997 862 2061 864 2066 705"/></Shape></Glyph><Glyph ID="char_8" CONTENT="ם" GC="1.0"><Shape><Polygon POINTS="1949 702 1944 861 1997 862 2002 703"/></Shape></Glyph><Glyph ID="char_9" CONTENT=" " GC="1.0"><Shape><Polygon POINTS="1920 700 1911 859 1944 861 1949 702"/></Shape></Glyph><Glyph ID="char_10" CONTENT="ו" GC="1.0"><Shape><Polygon POINTS="1877 698 1868 857 1911 859 1920 700"/></Shape></Glyph><Glyph ID="char_11" CONTENT="י" GC="1.0"><Shape><Polygon POINTS="1845 696 1836 855 1868 857 1877 698"/></Shape></Glyph><Glyph ID="char_12" CONTENT="ל" GC="1.0"><Shape><Polygon POINTS="1756 693 1753 852 1836 855 1845 696"/></Shape></Glyph><Glyph ID="char_13" CONTENT=" " GC="1.0"><Shape><Polygon POINTS="1670 691 1667 850 1753 852 1756 693"/></Shape></Glyph><Glyph ID="char_14" CONTENT="ל" GC="1.0"><Shape><Polygon POINTS="1628 691 1625 850 1667 850 1670 691"/></Shape></Glyph><Glyph ID="char_15" CONTENT="ה" GC="1.0"><Shape><Polygon POINTS="1574 690 1571 849 1625 850 1628 691"/></Shape></Glyph><Glyph ID="char_16" CONTENT="מ" GC="1.0"><Shape><Polygon POINTS="1526 687 1515 846 1571 849 1574 690"/></Shape></Glyph><Glyph ID="char_17" CONTENT="ה" GC="1.0"><Shape><Polygon POINTS="1473 684 1463 842 1515 846 1526 687"/></Shape></Glyph><Glyph ID="char_18" CONTENT=" " GC="1.0"><Shape><Polygon POINTS="1430 681 1420 839 1463 842 1473 684"/></Shape></Glyph><Glyph ID="char_19" CONTENT="ג" GC="1.0"><Shape><Polygon POINTS="1376 678 1366 836 1420 839 1430 681"/></Shape></Glyph><Glyph ID="char_20" CONTENT="ב" GC="1.0"><Shape><Polygon POINTS="1323 674 1313 833 1366 836 1376 678"/></Shape></Glyph><Glyph ID="char_21" CONTENT="ו" GC="1.0"><Shape><Polygon POINTS="1270 673 1277 832 1313 833 1323 674"/></Shape></Glyph><Glyph ID="char_22" CONTENT="ר" GC="1.0"><Shape><Polygon POINTS="1238 674 1245 833 1277 832 1270 673"/></Shape></Glyph><Glyph ID="char_23" CONTENT=" " GC="1.0"><Shape><Polygon POINTS="1221 771 1241 770"/></Shape></Glyph></String>
          </TextLine>

          
          
          <TextLine ID="eSc_line_1785889" BASELINE="1159 933 1515 938 1869 949 2376 989" HPOS="1158.0" VPOS="837.0" WIDTH="1225.0" HEIGHT="215.0">
            <Shape><Polygon POINTS="1160 837 1516 842 1871 853 2383 893 2370 1052 1867 1012 1514 1001 1158 996"/></Shape>
	    <String CONTENT=" ת ישראל בשבעים השביע ל " HPOS="1158.0" VPOS="837.0" WIDTH="1225.0" HEIGHT="215.0"><Glyph ID="char_24" CONTENT=" " GC="1.0"><Shape><Polygon POINTS="2318 888 2305 1047 2348 1050 2361 891"/></Shape></Glyph><Glyph ID="char_25" CONTENT="ת" GC="1.0"><Shape><Polygon POINTS="2286 885 2274 1044 2305 1047 2318 888"/></Shape></Glyph><Glyph ID="char_26" CONTENT=" " GC="1.0"><Shape><Polygon POINTS="2254 883 2242 1042 2274 1044 2286 885"/></Shape></Glyph><Glyph ID="char_27" CONTENT="י" GC="1.0"><Shape><Polygon POINTS="2222 880 2210 1039 2242 1042 2254 883"/></Shape></Glyph><Glyph ID="char_28" CONTENT="ש" GC="1.0"><Shape><Polygon POINTS="2147 875 2135 1033 2210 1039 2222 880"/></Shape></Glyph><Glyph ID="char_29" CONTENT="ר" GC="1.0"><Shape><Polygon POINTS="2073 869 2060 1027 2135 1033 2147 875"/></Shape></Glyph><Glyph ID="char_30" CONTENT="א" GC="1.0"><Shape><Polygon POINTS="2020 865 2007 1023 2060 1027 2073 869"/></Shape></Glyph><Glyph ID="char_31" CONTENT="ל" GC="1.0"><Shape><Polygon POINTS="1988 862 1975 1021 2007 1023 2020 865"/></Shape></Glyph><Glyph ID="char_32" CONTENT=" " GC="1.0"><Shape><Polygon POINTS="1945 859 1933 1017 1975 1021 1988 862"/></Shape></Glyph><Glyph ID="char_33" CONTENT="ב" GC="1.0"><Shape><Polygon POINTS="1892 855 1880 1013 1933 1017 1945 859"/></Shape></Glyph><Glyph ID="char_34" CONTENT="ש" GC="1.0"><Shape><Polygon POINTS="1823 852 1818 1010 1880 1013 1892 855"/></Shape></Glyph><Glyph ID="char_35" CONTENT="ב" GC="1.0"><Shape><Polygon POINTS="1749 849 1744 1008 1818 1010 1823 852"/></Shape></Glyph><Glyph ID="char_36" CONTENT="ע" GC="1.0"><Shape><Polygon POINTS="1695 848 1690 1006 1744 1008 1749 849"/></Shape></Glyph><Glyph ID="char_37" CONTENT="י" GC="1.0"><Shape><Polygon POINTS="1642 846 1637 1005 1690 1006 1695 848"/></Shape></Glyph><Glyph ID="char_38" CONTENT="ם" GC="1.0"><Shape><Polygon POINTS="1588 844 1583 1003 1637 1005 1642 846"/></Shape></Glyph><Glyph ID="char_39" CONTENT=" " GC="1.0"><Shape><Polygon POINTS="1546 843 1541 1002 1583 1003 1588 844"/></Shape></Glyph><Glyph ID="char_40" CONTENT="ה" GC="1.0"><Shape><Polygon POINTS="1491 842 1488 1001 1541 1002 1546 843"/></Shape></Glyph><Glyph ID="char_41" CONTENT="ש" GC="1.0"><Shape><Polygon POINTS="1416 841 1413 1000 1488 1001 1491 842"/></Shape></Glyph><Glyph ID="char_42" CONTENT="ב" GC="1.0"><Shape><Polygon POINTS="1352 840 1349 999 1413 1000 1416 841"/></Shape></Glyph><Glyph ID="char_43" CONTENT="י" GC="1.0"><Shape><Polygon POINTS="1310 839 1307 998 1349 999 1352 840"/></Shape></Glyph><Glyph ID="char_44" CONTENT="ע" GC="1.0"><Shape><Polygon POINTS="1267 838 1264 997 1307 998 1310 839"/></Shape></Glyph><Glyph ID="char_45" CONTENT=" " GC="1.0"><Shape><Polygon POINTS="1213 838 1210 997 1264 997 1267 838"/></Shape></Glyph><Glyph ID="char_46" CONTENT="ל" GC="1.0"><Shape><Polygon POINTS="1181 837 1178 996 1210 997 1213 838"/></Shape></Glyph><Glyph ID="char_47" CONTENT=" " GC="1.0"><Shape><Polygon POINTS="1158 932 1178 932"/></Shape></Glyph></String>
          </TextLine>

          
          
          <TextLine ID="eSc_line_1785890" BASELINE="1233 1098 1346 1095 1506 1107 1858 1116 2207 1134 2306 1145 2417 1136" HPOS="1230.0" VPOS="999.0" WIDTH="1192.0" HEIGHT="209.0">
            <Shape><Polygon POINTS="1230 1002 1343 999 1513 1011 1860 1020 2211 1038 2316 1050 2409 1040 2422 1199 2298 1208 2203 1197 1856 1179 1501 1170 1347 1158 1234 1161"/></Shape>
	    <String CONTENT="אוהבי עולה ומנחילי אשמה " HPOS="1230.0" VPOS="999.0" WIDTH="1192.0" HEIGHT="209.0"><Glyph ID="char_48" CONTENT="א" GC="1.0"><Shape><Polygon POINTS="2305 1049 2317 1207 2382 1202 2369 1044"/></Shape></Glyph><Glyph ID="char_49" CONTENT="ו" GC="1.0"><Shape><Polygon POINTS="2270 1045 2253 1203 2317 1207 2305 1049"/></Shape></Glyph><Glyph ID="char_50" CONTENT="ה" GC="1.0"><Shape><Polygon POINTS="2211 1038 2203 1197 2253 1203 2270 1045"/></Shape></Glyph><Glyph ID="char_51" CONTENT="ב" GC="1.0"><Shape><Polygon POINTS="2168 1036 2160 1195 2203 1197 2211 1038"/></Shape></Glyph><Glyph ID="char_52" CONTENT="י" GC="1.0"><Shape><Polygon POINTS="2136 1034 2128 1193 2160 1195 2168 1036"/></Shape></Glyph><Glyph ID="char_53" CONTENT=" " GC="1.0"><Shape><Polygon POINTS="2115 1033 2107 1192 2128 1193 2136 1034"/></Shape></Glyph><Glyph ID="char_54" CONTENT="ע" GC="1.0"><Shape><Polygon POINTS="2061 1030 2053 1189 2107 1192 2115 1033"/></Shape></Glyph><Glyph ID="char_55" CONTENT="ו" GC="1.0"><Shape><Polygon POINTS="2008 1028 2000 1186 2053 1189 2061 1030"/></Shape></Glyph><Glyph ID="char_56" CONTENT="ל" GC="1.0"><Shape><Polygon POINTS="1954 1025 1946 1184 2000 1186 2008 1028"/></Shape></Glyph><Glyph ID="char_57" CONTENT="ה" GC="1.0"><Shape><Polygon POINTS="1901 1022 1893 1181 1946 1184 1954 1025"/></Shape></Glyph><Glyph ID="char_58" CONTENT=" " GC="1.0"><Shape><Polygon POINTS="1868 1020 1860 1179 1893 1181 1901 1022"/></Shape></Glyph><Glyph ID="char_59" CONTENT="ו" GC="1.0"><Shape><Polygon POINTS="1823 1019 1819 1178 1860 1179 1868 1020"/></Shape></Glyph><Glyph ID="char_60" CONTENT="מ" GC="1.0"><Shape><Polygon POINTS="1781 1018 1777 1177 1819 1178 1823 1019"/></Shape></Glyph><Glyph ID="char_61" CONTENT="נ" GC="1.0"><Shape><Polygon POINTS="1738 1017 1734 1176 1777 1177 1781 1018"/></Shape></Glyph><Glyph ID="char_62" CONTENT="ח" GC="1.0"><Shape><Polygon POINTS="1695 1016 1691 1175 1734 1176 1738 1017"/></Shape></Glyph><Glyph ID="char_63" CONTENT="י" GC="1.0"><Shape><Polygon POINTS="1652 1015 1648 1174 1691 1175 1695 1016"/></Shape></Glyph><Glyph ID="char_64" CONTENT="ל" GC="1.0"><Shape><Polygon POINTS="1609 1013 1605 1173 1648 1174 1652 1015"/></Shape></Glyph><Glyph ID="char_65" CONTENT="י" GC="1.0"><Shape><Polygon POINTS="1577 1013 1573 1172 1605 1173 1609 1013"/></Shape></Glyph><Glyph ID="char_66" CONTENT=" " GC="1.0"><Shape><Polygon POINTS="1545 1012 1541 1171 1573 1172 1577 1013"/></Shape></Glyph><Glyph ID="char_67" CONTENT="א" GC="1.0"><Shape><Polygon POINTS="1496 1010 1484 1169 1541 1171 1545 1012"/></Shape></Glyph><Glyph ID="char_68" CONTENT="ש" GC="1.0"><Shape><Polygon POINTS="1421 1005 1409 1163 1484 1169 1496 1010"/></Shape></Glyph><Glyph ID="char_69" CONTENT="מ" GC="1.0"><Shape><Polygon POINTS="1336 999 1341 1158 1409 1163 1421 1005"/></Shape></Glyph><Glyph ID="char_70" CONTENT="ה" GC="1.0"><Shape><Polygon POINTS="1293 1000 1298 1159 1341 1158 1336 999"/></Shape></Glyph><Glyph ID="char_71" CONTENT=" " GC="1.0"><Shape><Polygon POINTS="1240 1002 1245 1161 1298 1159 1293 1000"/></Shape></Glyph></String>
          </TextLine>

          
          
          <TextLine ID="eSc_line_1785891" BASELINE="1447 1265 1673 1276 1819 1274 2167 1292 2433 1294" HPOS="1443.0" VPOS="1169.0" WIDTH="990.0" HEIGHT="188.0">
            <Shape><Polygon POINTS="1451 1169 1677 1180 1817 1178 2171 1196 2433 1198 2432 1357 2163 1355 1819 1337 1669 1339 1443 1328"/></Shape>
	    <String CONTENT="לעיני כול יודעיו " HPOS="1443.0" VPOS="1169.0" WIDTH="990.0" HEIGHT="188.0"><Glyph ID="char_72" CONTENT="ל" GC="1.0"><Shape><Polygon POINTS="2358 1197 2357 1356 2410 1357 2411 1198"/></Shape></Glyph><Glyph ID="char_73" CONTENT="ע" GC="1.0"><Shape><Polygon POINTS="2304 1197 2303 1356 2357 1356 2358 1197"/></Shape></Glyph><Glyph ID="char_74" CONTENT="י" GC="1.0"><Shape><Polygon POINTS="2240 1197 2239 1356 2303 1356 2304 1197"/></Shape></Glyph><Glyph ID="char_75" CONTENT="נ" GC="1.0"><Shape><Polygon POINTS="2208 1196 2207 1355 2239 1356 2240 1197"/></Shape></Glyph><Glyph ID="char_76" CONTENT="י" GC="1.0"><Shape><Polygon POINTS="2197 1196 2196 1355 2207 1355 2208 1196"/></Shape></Glyph><Glyph ID="char_77" CONTENT=" " GC="1.0"><Shape><Polygon POINTS="2158 1195 2150 1354 2196 1355 2197 1196"/></Shape></Glyph><Glyph ID="char_78" CONTENT="כ" GC="1.0"><Shape><Polygon POINTS="2115 1193 2107 1352 2150 1354 2158 1195"/></Shape></Glyph><Glyph ID="char_79" CONTENT="ו" GC="1.0"><Shape><Polygon POINTS="2083 1192 2075 1350 2107 1352 2115 1193"/></Shape></Glyph><Glyph ID="char_80" CONTENT="ל" GC="1.0"><Shape><Polygon POINTS="2051 1190 2043 1349 2075 1350 2083 1192"/></Shape></Glyph><Glyph ID="char_81" CONTENT=" " GC="1.0"><Shape><Polygon POINTS="2019 1188 2011 1347 2043 1349 2051 1190"/></Shape></Glyph><Glyph ID="char_82" CONTENT="י" GC="1.0"><Shape><Polygon POINTS="1976 1186 1968 1345 2011 1347 2019 1188"/></Shape></Glyph><Glyph ID="char_83" CONTENT="ו" GC="1.0"><Shape><Polygon POINTS="1944 1184 1936 1343 1968 1345 1976 1186"/></Shape></Glyph><Glyph ID="char_84" CONTENT="ד" GC="1.0"><Shape><Polygon POINTS="1891 1182 1882 1340 1936 1343 1944 1184"/></Shape></Glyph><Glyph ID="char_85" CONTENT="ע" GC="1.0"><Shape><Polygon POINTS="1837 1179 1828 1337 1882 1340 1891 1182"/></Shape></Glyph><Glyph ID="char_86" CONTENT="י" GC="1.0"><Shape><Polygon POINTS="1777 1179 1780 1338 1828 1337 1837 1179"/></Shape></Glyph><Glyph ID="char_87" CONTENT="ו" GC="1.0"><Shape><Polygon POINTS="1734 1179 1737 1338 1780 1338 1777 1179"/></Shape></Glyph><Glyph ID="char_88" CONTENT=" " GC="1.0"><Shape><Polygon POINTS="1569 1175 1560 1334 1737 1338 1734 1179"/></Shape></Glyph></String>
          </TextLine>

          
          
          <TextLine ID="eSc_line_1785892" BASELINE="1720 1463 2297 1483 2370 1483 2437 1477" HPOS="1717.0" VPOS="1367.0" WIDTH="725.0" HEIGHT="179.0">
            <Shape><Polygon POINTS="1723 1367 2300 1387 2370 1387 2428 1381 2442 1540 2370 1546 2294 1546 1717 1526"/></Shape>
	    <String CONTENT="ולטובו אין חק " HPOS="1717.0" VPOS="1367.0" WIDTH="725.0" HEIGHT="179.0"><Glyph ID="char_89" CONTENT="ו" GC="1.0"><Shape><Polygon POINTS="2351 1387 2351 1546 2420 1542 2406 1383"/></Shape></Glyph><Glyph ID="char_90" CONTENT="ל" GC="1.0"><Shape><Polygon POINTS="2308 1387 2308 1546 2351 1546 2351 1387"/></Shape></Glyph><Glyph ID="char_91" CONTENT="ט" GC="1.0"><Shape><Polygon POINTS="2247 1385 2241 1544 2308 1546 2308 1387"/></Shape></Glyph><Glyph ID="char_92" CONTENT="ו" GC="1.0"><Shape><Polygon POINTS="2193 1383 2187 1542 2241 1544 2247 1385"/></Shape></Glyph><Glyph ID="char_93" CONTENT="ב" GC="1.0"><Shape><Polygon POINTS="2151 1382 2145 1541 2187 1542 2193 1383"/></Shape></Glyph><Glyph ID="char_94" CONTENT="ו" GC="1.0"><Shape><Polygon POINTS="2118 1381 2112 1540 2145 1541 2151 1382"/></Shape></Glyph><Glyph ID="char_95" CONTENT=" " GC="1.0"><Shape><Polygon POINTS="2086 1380 2080 1539 2112 1540 2118 1381"/></Shape></Glyph><Glyph ID="char_96" CONTENT="א" GC="1.0"><Shape><Polygon POINTS="2044 1378 2038 1537 2080 1539 2086 1380"/></Shape></Glyph><Glyph ID="char_97" CONTENT="י" GC="1.0"><Shape><Polygon POINTS="2001 1377 1996 1536 2038 1537 2044 1378"/></Shape></Glyph><Glyph ID="char_98" CONTENT="ן" GC="1.0"><Shape><Polygon POINTS="1969 1376 1964 1535 1996 1536 2001 1377"/></Shape></Glyph><Glyph ID="char_99" CONTENT=" " GC="1.0"><Shape><Polygon POINTS="1926 1374 1921 1533 1964 1535 1969 1376"/></Shape></Glyph><Glyph ID="char_100" CONTENT="ח" GC="1.0"><Shape><Polygon POINTS="1861 1372 1856 1531 1921 1533 1926 1374"/></Shape></Glyph><Glyph ID="char_101" CONTENT="ק" GC="1.0"><Shape><Polygon POINTS="1797 1370 1792 1529 1856 1531 1861 1372"/></Shape></Glyph><Glyph ID="char_102" CONTENT=" " GC="1.0"><Shape><Polygon POINTS="1733 1367 1728 1526 1792 1529 1797 1370"/></Shape></Glyph></String>
          </TextLine>

          
          
          <TextLine ID="eSc_line_1785893" BASELINE="1763 1641 1919 1641 2020 1646 2376 1643 2446 1648" HPOS="1763.0" VPOS="1545.0" WIDTH="689.0" HEIGHT="166.0">
            <Shape><Polygon POINTS="1763 1545 1919 1545 2024 1550 2375 1547 2452 1552 2441 1711 2376 1706 2016 1709 1919 1704 1763 1704"/></Shape>
	    <String CONTENT="אלה נפלאי מד " HPOS="1763.0" VPOS="1545.0" WIDTH="689.0" HEIGHT="166.0"><Glyph ID="char_103" CONTENT="א" GC="1.0"><Shape><Polygon POINTS="2338 1547 2339 1706 2409 1709 2421 1550"/></Shape></Glyph><Glyph ID="char_104" CONTENT="ל" GC="1.0"><Shape><Polygon POINTS="2285 1548 2286 1707 2339 1706 2338 1547"/></Shape></Glyph><Glyph ID="char_105" CONTENT="ה" GC="1.0"><Shape><Polygon POINTS="2242 1548 2243 1707 2286 1707 2285 1548"/></Shape></Glyph><Glyph ID="char_106" CONTENT=" " GC="1.0"><Shape><Polygon POINTS="2210 1548 2211 1707 2243 1707 2242 1548"/></Shape></Glyph><Glyph ID="char_107" CONTENT="נ" GC="1.0"><Shape><Polygon POINTS="2178 1549 2179 1708 2211 1707 2210 1548"/></Shape></Glyph><Glyph ID="char_108" CONTENT="פ" GC="1.0"><Shape><Polygon POINTS="2136 1549 2137 1708 2179 1708 2178 1549"/></Shape></Glyph><Glyph ID="char_109" CONTENT="ל" GC="1.0"><Shape><Polygon POINTS="2082 1550 2083 1708 2137 1708 2136 1549"/></Shape></Glyph><Glyph ID="char_110" CONTENT="א" GC="1.0"><Shape><Polygon POINTS="2039 1550 2040 1709 2083 1708 2082 1550"/></Shape></Glyph><Glyph ID="char_111" CONTENT="י" GC="1.0"><Shape><Polygon POINTS="2013 1549 2005 1708 2040 1709 2039 1550"/></Shape></Glyph><Glyph ID="char_112" CONTENT=" " GC="1.0"><Shape><Polygon POINTS="1971 1547 1963 1706 2005 1708 2013 1549"/></Shape></Glyph><Glyph ID="char_113" CONTENT="מ" GC="1.0"><Shape><Polygon POINTS="1912 1545 1912 1704 1963 1706 1971 1547"/></Shape></Glyph><Glyph ID="char_114" CONTENT="ד" GC="1.0"><Shape><Polygon POINTS="1870 1545 1870 1704 1912 1704 1912 1545"/></Shape></Glyph><Glyph ID="char_115" CONTENT=" " GC="1.0"><Shape><Polygon POINTS="1795 1545 1795 1704 1870 1704 1870 1545"/></Shape></Glyph></String>
          </TextLine>

          
          
          <TextLine ID="eSc_line_1785894" BASELINE="1806 1817 2286 1810 2457 1797" HPOS="1804.0" VPOS="1701.0" WIDTH="657.0" HEIGHT="179.0">
            <Shape><Polygon POINTS="1804 1721 2284 1714 2449 1701 2461 1860 2286 1873 1806 1880"/></Shape>
	    <String CONTENT="תכנם באמתו ו" HPOS="1804.0" VPOS="1701.0" WIDTH="657.0" HEIGHT="179.0"><Glyph ID="char_116" CONTENT="ת" GC="1.0"><Shape><Polygon POINTS="2348 1709 2361 1867 2424 1863 2412 1704"/></Shape></Glyph><Glyph ID="char_117" CONTENT="כ" GC="1.0"><Shape><Polygon POINTS="2305 1712 2317 1871 2361 1867 2348 1709"/></Shape></Glyph><Glyph ID="char_118" CONTENT="נ" GC="1.0"><Shape><Polygon POINTS="2258 1714 2260 1873 2317 1871 2305 1712"/></Shape></Glyph><Glyph ID="char_119" CONTENT="ם" GC="1.0"><Shape><Polygon POINTS="2204 1715 2206 1874 2260 1873 2258 1714"/></Shape></Glyph><Glyph ID="char_120" CONTENT=" " GC="1.0"><Shape><Polygon POINTS="2150 1716 2152 1875 2206 1874 2204 1715"/></Shape></Glyph><Glyph ID="char_121" CONTENT="ב" GC="1.0"><Shape><Polygon POINTS="2106 1717 2108 1876 2152 1875 2150 1716"/></Shape></Glyph><Glyph ID="char_122" CONTENT="א" GC="1.0"><Shape><Polygon POINTS="2052 1717 2054 1876 2108 1876 2106 1717"/></Shape></Glyph><Glyph ID="char_123" CONTENT="מ" GC="1.0"><Shape><Polygon POINTS="1988 1718 1990 1877 2054 1876 2052 1717"/></Shape></Glyph><Glyph ID="char_124" CONTENT="ת" GC="1.0"><Shape><Polygon POINTS="1934 1719 1936 1878 1990 1877 1988 1718"/></Shape></Glyph><Glyph ID="char_125" CONTENT="ו" GC="1.0"><Shape><Polygon POINTS="1891 1720 1893 1879 1936 1878 1934 1719"/></Shape></Glyph><Glyph ID="char_126" CONTENT=" " GC="1.0"><Shape><Polygon POINTS="1858 1720 1860 1879 1893 1879 1891 1720"/></Shape></Glyph><Glyph ID="char_127" CONTENT="ו" GC="1.0"><Shape><Polygon POINTS="1815 1721 1817 1880 1860 1879 1858 1720"/></Shape></Glyph></String>
          </TextLine>

          
          
          <TextLine ID="eSc_line_1785895" BASELINE="1921 1955 2000 1959 2137 1950 2401 1950 2485 1941" HPOS="1917.0" VPOS="1846.0" WIDTH="574.0" HEIGHT="176.0">
            <Shape><Polygon POINTS="1925 1859 2004 1863 2130 1854 2401 1854 2474 1846 2491 2004 2401 2013 2141 2013 1996 2022 1917 2018"/></Shape>
	    <String CONTENT="בכול קצותם " HPOS="1917.0" VPOS="1846.0" WIDTH="574.0" HEIGHT="176.0"><Glyph ID="char_128" CONTENT="ב" GC="1.0"><Shape><Polygon POINTS="2387 1854 2387 2013 2458 2007 2441 1850"/></Shape></Glyph><Glyph ID="char_129" CONTENT="כ" GC="1.0"><Shape><Polygon POINTS="2344 1854 2344 2013 2387 2013 2387 1854"/></Shape></Glyph><Glyph ID="char_130" CONTENT="ו" GC="1.0"><Shape><Polygon POINTS="2300 1854 2300 2013 2344 2013 2344 1854"/></Shape></Glyph><Glyph ID="char_131" CONTENT="ל" GC="1.0"><Shape><Polygon POINTS="2268 1854 2268 2013 2300 2013 2300 1854"/></Shape></Glyph><Glyph ID="char_132" CONTENT=" " GC="1.0"><Shape><Polygon POINTS="2213 1854 2213 2013 2268 2013 2268 1854"/></Shape></Glyph><Glyph ID="char_133" CONTENT="ק" GC="1.0"><Shape><Polygon POINTS="2148 1854 2148 2013 2213 2013 2213 1854"/></Shape></Glyph><Glyph ID="char_134" CONTENT="צ" GC="1.0"><Shape><Polygon POINTS="2087 1857 2098 2016 2148 2013 2148 1854"/></Shape></Glyph><Glyph ID="char_135" CONTENT="ו" GC="1.0"><Shape><Polygon POINTS="2033 1861 2044 2019 2098 2016 2087 1857"/></Shape></Glyph><Glyph ID="char_136" CONTENT="ת" GC="1.0"><Shape><Polygon POINTS="1981 1862 1971 2021 2044 2019 2033 1861"/></Shape></Glyph><Glyph ID="char_137" CONTENT="ם" GC="1.0"><Shape><Polygon POINTS="1937 1860 1927 2019 1971 2021 1981 1862"/></Shape></Glyph><Glyph ID="char_138" CONTENT=" " GC="1.0"><Shape><Polygon POINTS="1920 1954 1930 1954"/></Shape></Glyph></String>
          </TextLine>

          
          
          <TextLine ID="eSc_line_1785896" BASELINE="2027 2083 2173 2088 2336 2079 2469 2074" HPOS="2024.0" VPOS="1978.0" WIDTH="447.0" HEIGHT="173.0">
            <Shape><Polygon POINTS="2030 1987 2176 1992 2330 1983 2465 1978 2471 2137 2339 2142 2170 2151 2024 2146"/></Shape>
	    <String CONTENT="בריאותיה " HPOS="2024.0" VPOS="1978.0" WIDTH="447.0" HEIGHT="173.0"><Glyph ID="char_139" CONTENT="ב" GC="1.0"><Shape><Polygon POINTS="2389 1981 2395 2140 2449 2138 2443 1979"/></Shape></Glyph><Glyph ID="char_140" CONTENT="ר" GC="1.0"><Shape><Polygon POINTS="2346 1982 2352 2142 2395 2140 2389 1981"/></Shape></Glyph><Glyph ID="char_141" CONTENT="י" GC="1.0"><Shape><Polygon POINTS="2290 1985 2299 2144 2352 2142 2346 1982"/></Shape></Glyph><Glyph ID="char_142" CONTENT="א" GC="1.0"><Shape><Polygon POINTS="2247 1988 2256 2146 2299 2144 2290 1985"/></Shape></Glyph><Glyph ID="char_143" CONTENT="ו" GC="1.0"><Shape><Polygon POINTS="2205 1990 2213 2149 2256 2146 2247 1988"/></Shape></Glyph><Glyph ID="char_144" CONTENT="ת" GC="1.0"><Shape><Polygon POINTS="2171 1992 2164 2151 2213 2149 2205 1990"/></Shape></Glyph><Glyph ID="char_145" CONTENT="י" GC="1.0"><Shape><Polygon POINTS="2117 1990 2110 2149 2164 2151 2171 1992"/></Shape></Glyph><Glyph ID="char_146" CONTENT="ה" GC="1.0"><Shape><Polygon POINTS="2073 1988 2066 2147 2110 2149 2117 1990"/></Shape></Glyph><Glyph ID="char_147" CONTENT=" " GC="1.0"><Shape><Polygon POINTS="2026 2082 2068 2083"/></Shape></Glyph></String>
          </TextLine>

          
        </TextBlock>
        

        
      </PrintSpace>
    </Page>
  </Layout>
</alto>