<?xml version='1.0' encoding='UTF-8'?>
<alto xmlns:xsi="http://www.w3.org/2001/XMLSchema-instance" xmlns="http://www.loc.gov/standards/alto/ns-v4#" xsi:schemaLocation="http://www.loc.gov/standards/alto/ns-v4# http://www.loc.gov/standards/alto/v4/alto-4-2.xsd">
  <Description>
    <MeasurementUnit>pixel</MeasurementUnit>
    <sourceImageInformation>
      <fileName>493-Fg004-R-C01-R01-D31102011-T095527-LR924_012_F.jpg</fileName>
      
    </sourceImageInformation>
  </Description>
  
  <Tags>
    <OtherTag ID="BT1443" LABEL="Parchment_or_papyrus" DESCRIPTION="block type Parchment_or_papyrus"/><OtherTag ID="BT2" LABEL="Main" DESCRIPTION="block type Main"/>
    
  </Tags>
  
  <Layout>
    <Page WIDTH="3608" HEIGHT="2706" PHYSICAL_IMG_NR="62" ID="eSc_dummypage_">
      <PrintSpace HPOS="0" VPOS="0" WIDTH="3608" HEIGHT="2706">
        
        <TextBlock HPOS="1530.0" VPOS="961.0" WIDTH="844.0" HEIGHT="725.0" ID="eSc_textblock_aefed595" TAGREFS="BT2">
          <Shape><Polygon POINTS="1530 961 1530 1686 2374 1686 2374 961"/></Shape>
          
          
          <TextLine ID="eSc_line_1785970" BASELINE="1598 1091 1743 1084 1867 1062 2345 1026" HPOS="1593.0" VPOS="924.0" WIDTH="757.0" HEIGHT="234.0">
            <Shape><Polygon POINTS="1593 989 1738 982 1849 962 2337 924 2350 1093 1878 1128 1746 1151 1601 1158"/></Shape>
	    <String CONTENT=" לים בממשלותם " HPOS="1593.0" VPOS="924.0" WIDTH="757.0" HEIGHT="234.0"><Glyph ID="char_0" CONTENT=" " GC="1.0"><Shape><Polygon POINTS="2291 928 2304 1096 2339 1094 2326 925"/></Shape></Glyph><Glyph ID="char_1" CONTENT="ל" GC="1.0"><Shape><Polygon POINTS="2257 930 2270 1099 2304 1096 2291 928"/></Shape></Glyph><Glyph ID="char_2" CONTENT="י" GC="1.0"><Shape><Polygon POINTS="2200 935 2213 1103 2270 1099 2257 930"/></Shape></Glyph><Glyph ID="char_3" CONTENT="ם" GC="1.0"><Shape><Polygon POINTS="2144 939 2157 1107 2213 1103 2200 935"/></Shape></Glyph><Glyph ID="char_4" CONTENT=" " GC="1.0"><Shape><Polygon POINTS="2088 943 2100 1112 2157 1107 2144 939"/></Shape></Glyph><Glyph ID="char_5" CONTENT="ב" GC="1.0"><Shape><Polygon POINTS="2031 948 2043 1116 2100 1112 2088 943"/></Shape></Glyph><Glyph ID="char_6" CONTENT="מ" GC="1.0"><Shape><Polygon POINTS="1974 952 1987 1120 2043 1116 2031 948"/></Shape></Glyph><Glyph ID="char_7" CONTENT="מ" GC="1.0"><Shape><Polygon POINTS="1928 956 1941 1123 1987 1120 1974 952"/></Shape></Glyph><Glyph ID="char_8" CONTENT="ש" GC="1.0"><Shape><Polygon POINTS="1860 961 1873 1129 1941 1123 1928 956"/></Shape></Glyph><Glyph ID="char_9" CONTENT="ל" GC="1.0"><Shape><Polygon POINTS="1794 972 1823 1138 1873 1129 1860 961"/></Shape></Glyph><Glyph ID="char_10" CONTENT="ו" GC="1.0"><Shape><Polygon POINTS="1750 980 1779 1145 1823 1138 1794 972"/></Shape></Glyph><Glyph ID="char_11" CONTENT="ת" GC="1.0"><Shape><Polygon POINTS="1706 984 1714 1153 1779 1145 1750 980"/></Shape></Glyph><Glyph ID="char_12" CONTENT="ם" GC="1.0"><Shape><Polygon POINTS="1649 986 1657 1155 1714 1153 1706 984"/></Shape></Glyph><Glyph ID="char_13" CONTENT=" " GC="1.0"><Shape><Polygon POINTS="1597 1091 1653 1088"/></Shape></Glyph></String>
          </TextLine>

          
          
          <TextLine ID="eSc_line_1785971" BASELINE="1569 1283 1752 1249 2351 1199" HPOS="1550.0" VPOS="1097.0" WIDTH="806.0" HEIGHT="252.0">
            <Shape><Polygon POINTS="1550 1183 1733 1149 2342 1097 2356 1266 1764 1315 1581 1349"/></Shape>
	    <String CONTENT=" בודתם היעצל כ " HPOS="1550.0" VPOS="1097.0" WIDTH="806.0" HEIGHT="252.0"><Glyph ID="char_14" CONTENT=" " GC="1.0"><Shape><Polygon POINTS="2284 1102 2299 1271 2332 1268 2318 1099"/></Shape></Glyph><Glyph ID="char_15" CONTENT="ב" GC="1.0"><Shape><Polygon POINTS="2251 1105 2265 1274 2299 1271 2284 1102"/></Shape></Glyph><Glyph ID="char_16" CONTENT="ו" GC="1.0"><Shape><Polygon POINTS="2205 1109 2219 1277 2265 1274 2251 1105"/></Shape></Glyph><Glyph ID="char_17" CONTENT="ד" GC="1.0"><Shape><Polygon POINTS="2148 1114 2162 1282 2219 1277 2205 1109"/></Shape></Glyph><Glyph ID="char_18" CONTENT="ת" GC="1.0"><Shape><Polygon POINTS="2091 1118 2105 1287 2162 1282 2148 1114"/></Shape></Glyph><Glyph ID="char_19" CONTENT="ם" GC="1.0"><Shape><Polygon POINTS="2011 1125 2026 1293 2105 1287 2091 1118"/></Shape></Glyph><Glyph ID="char_20" CONTENT=" " GC="1.0"><Shape><Polygon POINTS="1944 1131 1958 1299 2026 1293 2011 1125"/></Shape></Glyph><Glyph ID="char_21" CONTENT="ה" GC="1.0"><Shape><Polygon POINTS="1898 1135 1912 1303 1958 1299 1944 1131"/></Shape></Glyph><Glyph ID="char_22" CONTENT="י" GC="1.0"><Shape><Polygon POINTS="1853 1139 1867 1306 1912 1303 1898 1135"/></Shape></Glyph><Glyph ID="char_23" CONTENT="ע" GC="1.0"><Shape><Polygon POINTS="1796 1144 1810 1311 1867 1306 1853 1139"/></Shape></Glyph><Glyph ID="char_24" CONTENT="צ" GC="1.0"><Shape><Polygon POINTS="1718 1152 1748 1318 1810 1311 1796 1144"/></Shape></Glyph><Glyph ID="char_25" CONTENT="ל" GC="1.0"><Shape><Polygon POINTS="1673 1160 1704 1326 1748 1318 1718 1152"/></Shape></Glyph><Glyph ID="char_26" CONTENT=" " GC="1.0"><Shape><Polygon POINTS="1628 1168 1659 1335 1704 1326 1673 1160"/></Shape></Glyph><Glyph ID="char_27" CONTENT="כ" GC="1.0"><Shape><Polygon POINTS="1583 1177 1614 1343 1659 1335 1628 1168"/></Shape></Glyph><Glyph ID="char_28" CONTENT=" " GC="1.0"><Shape><Polygon POINTS="1568 1283 1601 1276"/></Shape></Glyph></String>
          </TextLine>

          
          
          <TextLine ID="eSc_line_1785972" BASELINE="1628 1420 2081 1373 2189 1366 2340 1368" HPOS="1617.0" VPOS="1264.0" WIDTH="724.0" HEIGHT="223.0">
            <Shape><Polygon POINTS="1617 1319 2070 1272 2182 1264 2341 1266 2339 1435 2193 1433 2087 1440 1634 1487"/></Shape>
	    <String CONTENT=" עה יתהלכו מעת ל " HPOS="1617.0" VPOS="1264.0" WIDTH="724.0" HEIGHT="223.0"><Glyph ID="char_29" CONTENT=" " GC="1.0"><Shape><Polygon POINTS="2296 1265 2293 1434 2327 1435 2330 1266"/></Shape></Glyph><Glyph ID="char_30" CONTENT="ע" GC="1.0"><Shape><Polygon POINTS="2250 1265 2247 1434 2293 1434 2296 1265"/></Shape></Glyph><Glyph ID="char_31" CONTENT="ה" GC="1.0"><Shape><Polygon POINTS="2174 1265 2185 1434 2247 1434 2250 1265"/></Shape></Glyph><Glyph ID="char_32" CONTENT=" " GC="1.0"><Shape><Polygon POINTS="2129 1268 2140 1437 2185 1434 2174 1265"/></Shape></Glyph><Glyph ID="char_33" CONTENT="י" GC="1.0"><Shape><Polygon POINTS="2083 1271 2094 1440 2140 1437 2129 1268"/></Shape></Glyph><Glyph ID="char_34" CONTENT="ת" GC="1.0"><Shape><Polygon POINTS="2011 1278 2029 1446 2094 1440 2083 1271"/></Shape></Glyph><Glyph ID="char_35" CONTENT="ה" GC="1.0"><Shape><Polygon POINTS="1967 1283 1984 1451 2029 1446 2011 1278"/></Shape></Glyph><Glyph ID="char_36" CONTENT="ל" GC="1.0"><Shape><Polygon POINTS="1933 1286 1950 1454 1984 1451 1967 1283"/></Shape></Glyph><Glyph ID="char_37" CONTENT="כ" GC="1.0"><Shape><Polygon POINTS="1887 1291 1904 1459 1950 1454 1933 1286"/></Shape></Glyph><Glyph ID="char_38" CONTENT="ו" GC="1.0"><Shape><Polygon POINTS="1853 1294 1871 1462 1904 1459 1887 1291"/></Shape></Glyph><Glyph ID="char_39" CONTENT=" " GC="1.0"><Shape><Polygon POINTS="1798 1300 1815 1468 1871 1462 1853 1294"/></Shape></Glyph><Glyph ID="char_40" CONTENT="מ" GC="1.0"><Shape><Polygon POINTS="1752 1305 1769 1473 1815 1468 1798 1300"/></Shape></Glyph><Glyph ID="char_41" CONTENT="ע" GC="1.0"><Shape><Polygon POINTS="1718 1309 1735 1476 1769 1473 1752 1305"/></Shape></Glyph><Glyph ID="char_42" CONTENT="ת" GC="1.0"><Shape><Polygon POINTS="1673 1313 1691 1481 1735 1476 1718 1309"/></Shape></Glyph><Glyph ID="char_43" CONTENT=" " GC="1.0"><Shape><Polygon POINTS="1650 1316 1668 1483 1691 1481 1673 1313"/></Shape></Glyph><Glyph ID="char_44" CONTENT="ל" GC="1.0"><Shape><Polygon POINTS="1639 1317 1657 1485 1668 1483 1650 1316"/></Shape></Glyph><Glyph ID="char_45" CONTENT=" " GC="1.0"><Shape><Polygon POINTS="1627 1420 1649 1417"/></Shape></Glyph></String>
          </TextLine>

          
          
          <TextLine ID="eSc_line_1785973" BASELINE="1887 1558 2180 1549 2367 1531" HPOS="1883.0" VPOS="1430.0" WIDTH="490.0" HEIGHT="195.0">
            <Shape><Polygon POINTS="1883 1456 2176 1447 2357 1430 2373 1598 2182 1616 1889 1625"/></Shape>
	    <String CONTENT=" ובכל צאצ " HPOS="1883.0" VPOS="1430.0" WIDTH="490.0" HEIGHT="195.0"><Glyph ID="char_46" CONTENT=" " GC="1.0"><Shape><Polygon POINTS="2300 1435 2316 1603 2361 1599 2344 1431"/></Shape></Glyph><Glyph ID="char_47" CONTENT="ו" GC="1.0"><Shape><Polygon POINTS="2265 1439 2281 1607 2316 1603 2300 1435"/></Shape></Glyph><Glyph ID="char_48" CONTENT="ב" GC="1.0"><Shape><Polygon POINTS="2219 1443 2235 1611 2281 1607 2265 1439"/></Shape></Glyph><Glyph ID="char_49" CONTENT="כ" GC="1.0"><Shape><Polygon POINTS="2174 1447 2190 1615 2235 1611 2219 1443"/></Shape></Glyph><Glyph ID="char_50" CONTENT="ל" GC="1.0"><Shape><Polygon POINTS="2158 1448 2163 1617 2190 1615 2174 1447"/></Shape></Glyph><Glyph ID="char_51" CONTENT=" " GC="1.0"><Shape><Polygon POINTS="2112 1449 2117 1618 2163 1617 2158 1448"/></Shape></Glyph><Glyph ID="char_52" CONTENT="צ" GC="1.0"><Shape><Polygon POINTS="2055 1451 2060 1620 2117 1618 2112 1449"/></Shape></Glyph><Glyph ID="char_53" CONTENT="א" GC="1.0"><Shape><Polygon POINTS="1998 1452 2003 1621 2060 1620 2055 1451"/></Shape></Glyph><Glyph ID="char_54" CONTENT="צ" GC="1.0"><Shape><Polygon POINTS="1952 1454 1957 1623 2003 1621 1998 1452"/></Shape></Glyph><Glyph ID="char_55" CONTENT=" " GC="1.0"><Shape><Polygon POINTS="1895 1456 1900 1625 1957 1623 1952 1454"/></Shape></Glyph></String>
          </TextLine>

          
        </TextBlock>
        

        
      </PrintSpace>
    </Page>
  </Layout>
</alto>