<?xml version='1.0' encoding='UTF-8'?>
<alto xmlns:xsi="http://www.w3.org/2001/XMLSchema-instance" xmlns="http://www.loc.gov/standards/alto/ns-v4#" xsi:schemaLocation="http://www.loc.gov/standards/alto/ns-v4# http://www.loc.gov/standards/alto/v4/alto-4-2.xsd">
  <Description>
    <MeasurementUnit>pixel</MeasurementUnit>
    <sourceImageInformation>
      <fileName>495-Fg005-R-C01-R01-D28112011-T120555-LR924_012_F.jpg</fileName>
      
    </sourceImageInformation>
  </Description>
  
  <Tags>
    <OtherTag ID="BT1443" LABEL="Parchment_or_papyrus" DESCRIPTION="block type Parchment_or_papyrus"/><OtherTag ID="BT2" LABEL="Main" DESCRIPTION="block type Main"/>
    
  </Tags>
  
  <Layout>
    <Page WIDTH="3608" HEIGHT="2706" PHYSICAL_IMG_NR="443" ID="eSc_dummypage_">
      <PrintSpace HPOS="0" VPOS="0" WIDTH="3608" HEIGHT="2706">
        
        <TextBlock HPOS="1027.0" VPOS="767.0" WIDTH="1650.0" HEIGHT="1172.0" ID="eSc_textblock_bdae4bd9" TAGREFS="BT2">
          <Shape><Polygon POINTS="2677 767 2677 1939 1027 1939 1027 767"/></Shape>
          
          
          <TextLine ID="eSc_line_1785978" BASELINE="1181 902 1337 895 1684 895" HPOS="1176.0" VPOS="799.0" WIDTH="508.0" HEIGHT="166.0">
            <Shape><Polygon POINTS="1176 806 1332 799 1684 799 1684 958 1339 958 1183 965"/></Shape>
	    <String CONTENT=" שו ואז תמ " HPOS="1176.0" VPOS="799.0" WIDTH="508.0" HEIGHT="166.0"><Glyph ID="char_0" CONTENT=" " GC="1.0"><Shape><Polygon POINTS="1613 799 1613 958 1656 958 1656 799"/></Shape></Glyph><Glyph ID="char_1" CONTENT="ש" GC="1.0"><Shape><Polygon POINTS="1580 799 1580 958 1613 958 1613 799"/></Shape></Glyph><Glyph ID="char_2" CONTENT="ו" GC="1.0"><Shape><Polygon POINTS="1537 799 1537 958 1580 958 1580 799"/></Shape></Glyph><Glyph ID="char_3" CONTENT=" " GC="1.0"><Shape><Polygon POINTS="1505 799 1505 958 1537 958 1537 799"/></Shape></Glyph><Glyph ID="char_4" CONTENT="ו" GC="1.0"><Shape><Polygon POINTS="1461 799 1461 958 1505 958 1505 799"/></Shape></Glyph><Glyph ID="char_5" CONTENT="א" GC="1.0"><Shape><Polygon POINTS="1407 799 1407 958 1461 958 1461 799"/></Shape></Glyph><Glyph ID="char_6" CONTENT="ז" GC="1.0"><Shape><Polygon POINTS="1375 799 1375 958 1407 958 1407 799"/></Shape></Glyph><Glyph ID="char_7" CONTENT=" " GC="1.0"><Shape><Polygon POINTS="1328 799 1335 958 1375 958 1375 799"/></Shape></Glyph><Glyph ID="char_8" CONTENT="ת" GC="1.0"><Shape><Polygon POINTS="1284 801 1291 960 1335 958 1328 799"/></Shape></Glyph><Glyph ID="char_9" CONTENT="מ" GC="1.0"><Shape><Polygon POINTS="1241 803 1248 962 1291 960 1284 801"/></Shape></Glyph><Glyph ID="char_10" CONTENT=" " GC="1.0"><Shape><Polygon POINTS="1187 806 1194 965 1248 962 1241 803"/></Shape></Glyph></String>
          </TextLine>

          
          
          <TextLine ID="eSc_line_1785979" BASELINE="1215 1064 1298 1068 1443 1057 1580 1057 1722 1048" HPOS="1211.0" VPOS="952.0" WIDTH="515.0" HEIGHT="179.0">
            <Shape><Polygon POINTS="1219 968 1302 972 1435 961 1580 961 1715 952 1726 1111 1580 1120 1447 1120 1294 1131 1211 1127"/></Shape>
	    <String CONTENT=" תה למעלה ו" HPOS="1211.0" VPOS="952.0" WIDTH="515.0" HEIGHT="179.0"><Glyph ID="char_11" CONTENT=" " GC="1.0"><Shape><Polygon POINTS="1639 957 1649 1116 1703 1112 1693 953"/></Shape></Glyph><Glyph ID="char_12" CONTENT="ת" GC="1.0"><Shape><Polygon POINTS="1596 960 1606 1118 1649 1116 1639 957"/></Shape></Glyph><Glyph ID="char_13" CONTENT="ה" GC="1.0"><Shape><Polygon POINTS="1570 961 1570 1120 1606 1118 1596 960"/></Shape></Glyph><Glyph ID="char_14" CONTENT=" " GC="1.0"><Shape><Polygon POINTS="1537 961 1537 1120 1570 1120 1570 961"/></Shape></Glyph><Glyph ID="char_15" CONTENT="ל" GC="1.0"><Shape><Polygon POINTS="1505 961 1505 1120 1537 1120 1537 961"/></Shape></Glyph><Glyph ID="char_16" CONTENT="מ" GC="1.0"><Shape><Polygon POINTS="1451 961 1451 1120 1505 1120 1505 961"/></Shape></Glyph><Glyph ID="char_17" CONTENT="ע" GC="1.0"><Shape><Polygon POINTS="1390 965 1402 1123 1451 1120 1451 961"/></Shape></Glyph><Glyph ID="char_18" CONTENT="ל" GC="1.0"><Shape><Polygon POINTS="1347 968 1359 1126 1402 1123 1390 965"/></Shape></Glyph><Glyph ID="char_19" CONTENT="ה" GC="1.0"><Shape><Polygon POINTS="1304 972 1316 1129 1359 1126 1347 968"/></Shape></Glyph><Glyph ID="char_20" CONTENT=" " GC="1.0"><Shape><Polygon POINTS="1274 971 1264 1130 1316 1129 1304 972"/></Shape></Glyph><Glyph ID="char_21" CONTENT="ו" GC="1.0"><Shape><Polygon POINTS="1231 969 1221 1127 1264 1130 1274 971"/></Shape></Glyph></String>
          </TextLine>

          
          
          <TextLine ID="eSc_line_1785980" BASELINE="1161 1242 1303 1228 1549 1217 1711 1210 1831 1215" HPOS="1151.0" VPOS="1114.0" WIDTH="683.0" HEIGHT="191.0">
            <Shape><Polygon POINTS="1151 1147 1293 1133 1544 1121 1706 1114 1834 1119 1828 1278 1713 1273 1551 1280 1309 1291 1167 1305"/></Shape>
	    <String CONTENT=" למחסורכה כי " HPOS="1151.0" VPOS="1114.0" WIDTH="683.0" HEIGHT="191.0"><Glyph ID="char_22" CONTENT=" " GC="1.0"><Shape><Polygon POINTS="1685 1115 1692 1274 1762 1275 1769 1116"/></Shape></Glyph><Glyph ID="char_23" CONTENT="ל" GC="1.0"><Shape><Polygon POINTS="1653 1116 1660 1275 1692 1274 1685 1115"/></Shape></Glyph><Glyph ID="char_24" CONTENT="מ" GC="1.0"><Shape><Polygon POINTS="1599 1119 1606 1278 1660 1275 1653 1116"/></Shape></Glyph><Glyph ID="char_25" CONTENT="ח" GC="1.0"><Shape><Polygon POINTS="1534 1121 1541 1280 1606 1278 1599 1119"/></Shape></Glyph><Glyph ID="char_26" CONTENT="ס" GC="1.0"><Shape><Polygon POINTS="1480 1124 1487 1283 1541 1280 1534 1121"/></Shape></Glyph><Glyph ID="char_27" CONTENT="ו" GC="1.0"><Shape><Polygon POINTS="1447 1126 1454 1284 1487 1283 1480 1124"/></Shape></Glyph><Glyph ID="char_28" CONTENT="ר" GC="1.0"><Shape><Polygon POINTS="1404 1128 1411 1286 1454 1284 1447 1126"/></Shape></Glyph><Glyph ID="char_29" CONTENT="כ" GC="1.0"><Shape><Polygon POINTS="1350 1130 1357 1289 1411 1286 1404 1128"/></Shape></Glyph><Glyph ID="char_30" CONTENT="ה" GC="1.0"><Shape><Polygon POINTS="1307 1132 1314 1291 1357 1289 1350 1130"/></Shape></Glyph><Glyph ID="char_31" CONTENT=" " GC="1.0"><Shape><Polygon POINTS="1269 1135 1285 1293 1314 1291 1307 1132"/></Shape></Glyph><Glyph ID="char_32" CONTENT="כ" GC="1.0"><Shape><Polygon POINTS="1226 1140 1242 1298 1285 1293 1269 1135"/></Shape></Glyph><Glyph ID="char_33" CONTENT="י" GC="1.0"><Shape><Polygon POINTS="1204 1142 1220 1300 1242 1298 1226 1140"/></Shape></Glyph><Glyph ID="char_34" CONTENT=" " GC="1.0"><Shape><Polygon POINTS="1162 1146 1177 1304 1220 1300 1204 1142"/></Shape></Glyph></String>
          </TextLine>

          
          
          <TextLine ID="eSc_line_1785981" BASELINE="1122 1411 1179 1411 1492 1386 1806 1377 1934 1377 2548 1398" HPOS="1122.0" VPOS="1281.0" WIDTH="1429.0" HEIGHT="193.0">
            <Shape><Polygon POINTS="1122 1315 1179 1315 1484 1290 1803 1281 1934 1281 2551 1302 2545 1461 1934 1440 1807 1440 1497 1449 1179 1474 1122 1474"/></Shape>
	    <String CONTENT=" וט י ם מסחורכה ופעולתכה בחפצי " HPOS="1122.0" VPOS="1281.0" WIDTH="1429.0" HEIGHT="193.0"><Glyph ID="char_35" CONTENT=" " GC="1.0"><Shape><Polygon POINTS="2516 1396 2547 1397"/></Shape></Glyph><Glyph ID="char_36" CONTENT="ו" GC="1.0"><Shape><Polygon POINTS="2477 1299 2471 1458 2514 1460 2520 1301"/></Shape></Glyph><Glyph ID="char_37" CONTENT="ט" GC="1.0"><Shape><Polygon POINTS="2455 1299 2449 1458 2471 1458 2477 1299"/></Shape></Glyph><Glyph ID="char_38" CONTENT=" " GC="1.0"><Shape><Polygon POINTS="2423 1298 2417 1457 2449 1458 2455 1299"/></Shape></Glyph><Glyph ID="char_39" CONTENT="י" GC="1.0"><Shape><Polygon POINTS="2391 1297 2385 1456 2417 1457 2423 1298"/></Shape></Glyph><Glyph ID="char_40" CONTENT=" " GC="1.0"><Shape><Polygon POINTS="2359 1295 2353 1454 2385 1456 2391 1297"/></Shape></Glyph><Glyph ID="char_41" CONTENT="ם" GC="1.0"><Shape><Polygon POINTS="2305 1294 2300 1453 2353 1454 2359 1295"/></Shape></Glyph><Glyph ID="char_42" CONTENT=" " GC="1.0"><Shape><Polygon POINTS="2241 1291 2236 1450 2300 1453 2305 1294"/></Shape></Glyph><Glyph ID="char_43" CONTENT="מ" GC="1.0"><Shape><Polygon POINTS="2187 1290 2182 1449 2236 1450 2241 1291"/></Shape></Glyph><Glyph ID="char_44" CONTENT="ס" GC="1.0"><Shape><Polygon POINTS="2122 1287 2117 1446 2182 1449 2187 1290"/></Shape></Glyph><Glyph ID="char_45" CONTENT="ח" GC="1.0"><Shape><Polygon POINTS="2080 1286 2075 1445 2117 1446 2122 1287"/></Shape></Glyph><Glyph ID="char_46" CONTENT="ו" GC="1.0"><Shape><Polygon POINTS="2037 1285 2032 1443 2075 1445 2080 1286"/></Shape></Glyph><Glyph ID="char_47" CONTENT="ר" GC="1.0"><Shape><Polygon POINTS="1983 1283 1978 1442 2032 1443 2037 1285"/></Shape></Glyph><Glyph ID="char_48" CONTENT="כ" GC="1.0"><Shape><Polygon POINTS="1926 1281 1926 1440 1978 1442 1983 1283"/></Shape></Glyph><Glyph ID="char_49" CONTENT="ה" GC="1.0"><Shape><Polygon POINTS="1873 1281 1873 1440 1926 1440 1926 1281"/></Shape></Glyph><Glyph ID="char_50" CONTENT=" " GC="1.0"><Shape><Polygon POINTS="1819 1281 1819 1440 1873 1440 1873 1281"/></Shape></Glyph><Glyph ID="char_51" CONTENT="ו" GC="1.0"><Shape><Polygon POINTS="1773 1282 1778 1441 1819 1440 1819 1281"/></Shape></Glyph><Glyph ID="char_52" CONTENT="פ" GC="1.0"><Shape><Polygon POINTS="1730 1283 1735 1442 1778 1441 1773 1282"/></Shape></Glyph><Glyph ID="char_53" CONTENT="ע" GC="1.0"><Shape><Polygon POINTS="1687 1284 1692 1443 1735 1442 1730 1283"/></Shape></Glyph><Glyph ID="char_54" CONTENT="ו" GC="1.0"><Shape><Polygon POINTS="1644 1285 1649 1445 1692 1443 1687 1284"/></Shape></Glyph><Glyph ID="char_55" CONTENT="ל" GC="1.0"><Shape><Polygon POINTS="1601 1287 1606 1446 1649 1445 1644 1285"/></Shape></Glyph><Glyph ID="char_56" CONTENT="ת" GC="1.0"><Shape><Polygon POINTS="1558 1288 1563 1447 1606 1446 1601 1287"/></Shape></Glyph><Glyph ID="char_57" CONTENT="כ" GC="1.0"><Shape><Polygon POINTS="1505 1289 1510 1449 1563 1447 1558 1288"/></Shape></Glyph><Glyph ID="char_58" CONTENT="ה" GC="1.0"><Shape><Polygon POINTS="1446 1293 1459 1452 1510 1449 1505 1289"/></Shape></Glyph><Glyph ID="char_59" CONTENT=" " GC="1.0"><Shape><Polygon POINTS="1393 1297 1405 1456 1459 1452 1446 1293"/></Shape></Glyph><Glyph ID="char_60" CONTENT="ב" GC="1.0"><Shape><Polygon POINTS="1340 1302 1352 1460 1405 1456 1393 1297"/></Shape></Glyph><Glyph ID="char_61" CONTENT="ח" GC="1.0"><Shape><Polygon POINTS="1297 1305 1310 1464 1352 1460 1340 1302"/></Shape></Glyph><Glyph ID="char_62" CONTENT="פ" GC="1.0"><Shape><Polygon POINTS="1243 1310 1256 1468 1310 1464 1297 1305"/></Shape></Glyph><Glyph ID="char_63" CONTENT="צ" GC="1.0"><Shape><Polygon POINTS="1189 1314 1202 1472 1256 1468 1243 1310"/></Shape></Glyph><Glyph ID="char_64" CONTENT="י" GC="1.0"><Shape><Polygon POINTS="1165 1315 1165 1474 1202 1472 1189 1314"/></Shape></Glyph><Glyph ID="char_65" CONTENT=" " GC="1.0"><Shape><Polygon POINTS="1133 1315 1133 1474 1165 1474 1165 1315"/></Shape></Glyph></String>
          </TextLine>

          
          
          <TextLine ID="eSc_line_1785982" BASELINE="1073 1542 1186 1551 1276 1540 1393 1531 1614 1515 1718 1513 2015 1513 2333 1519 2471 1517 2548 1522" HPOS="1067.0" VPOS="1417.0" WIDTH="1487.0" HEIGHT="197.0">
            <Shape><Polygon POINTS="1080 1446 1193 1455 1264 1445 1385 1435 1607 1419 1716 1417 2015 1417 2334 1423 2469 1421 2554 1426 2543 1585 2471 1580 2331 1582 2015 1576 1719 1576 1618 1578 1397 1594 1283 1603 1180 1614 1067 1605"/></Shape>
	    <String CONTENT=" שם עם כול צמחי אדמה כי כל ידרש " HPOS="1067.0" VPOS="1417.0" WIDTH="1487.0" HEIGHT="197.0"><Glyph ID="char_66" CONTENT=" " GC="1.0"><Shape><Polygon POINTS="2510 1423 2500 1582 2532 1584 2542 1425"/></Shape></Glyph><Glyph ID="char_67" CONTENT="ש" GC="1.0"><Shape><Polygon POINTS="2459 1421 2462 1580 2500 1582 2510 1423"/></Shape></Glyph><Glyph ID="char_68" CONTENT="ם" GC="1.0"><Shape><Polygon POINTS="2395 1422 2398 1581 2462 1580 2459 1421"/></Shape></Glyph><Glyph ID="char_69" CONTENT=" " GC="1.0"><Shape><Polygon POINTS="2352 1423 2355 1582 2398 1581 2395 1422"/></Shape></Glyph><Glyph ID="char_70" CONTENT="ע" GC="1.0"><Shape><Polygon POINTS="2303 1422 2300 1581 2355 1582 2352 1423"/></Shape></Glyph><Glyph ID="char_71" CONTENT="ם" GC="1.0"><Shape><Polygon POINTS="2249 1421 2246 1580 2300 1581 2303 1422"/></Shape></Glyph><Glyph ID="char_72" CONTENT=" " GC="1.0"><Shape><Polygon POINTS="2217 1421 2214 1580 2246 1580 2249 1421"/></Shape></Glyph><Glyph ID="char_73" CONTENT="כ" GC="1.0"><Shape><Polygon POINTS="2174 1420 2171 1579 2214 1580 2217 1421"/></Shape></Glyph><Glyph ID="char_74" CONTENT="ו" GC="1.0"><Shape><Polygon POINTS="2142 1419 2139 1578 2171 1579 2174 1420"/></Shape></Glyph><Glyph ID="char_75" CONTENT="ל" GC="1.0"><Shape><Polygon POINTS="2121 1419 2118 1578 2139 1578 2142 1419"/></Shape></Glyph><Glyph ID="char_76" CONTENT=" " GC="1.0"><Shape><Polygon POINTS="2078 1418 2075 1577 2118 1578 2121 1419"/></Shape></Glyph><Glyph ID="char_77" CONTENT="צ" GC="1.0"><Shape><Polygon POINTS="2025 1417 2022 1576 2075 1577 2078 1418"/></Shape></Glyph><Glyph ID="char_78" CONTENT="מ" GC="1.0"><Shape><Polygon POINTS="1969 1417 1969 1576 2022 1576 2025 1417"/></Shape></Glyph><Glyph ID="char_79" CONTENT="ח" GC="1.0"><Shape><Polygon POINTS="1916 1417 1916 1576 1969 1576 1969 1417"/></Shape></Glyph><Glyph ID="char_80" CONTENT="י" GC="1.0"><Shape><Polygon POINTS="1883 1417 1883 1576 1916 1576 1916 1417"/></Shape></Glyph><Glyph ID="char_81" CONTENT=" " GC="1.0"><Shape><Polygon POINTS="1841 1417 1841 1576 1883 1576 1883 1417"/></Shape></Glyph><Glyph ID="char_82" CONTENT="א" GC="1.0"><Shape><Polygon POINTS="1776 1417 1776 1576 1841 1576 1841 1417"/></Shape></Glyph><Glyph ID="char_83" CONTENT="ד" GC="1.0"><Shape><Polygon POINTS="1710 1417 1713 1576 1776 1576 1776 1417"/></Shape></Glyph><Glyph ID="char_84" CONTENT="מ" GC="1.0"><Shape><Polygon POINTS="1657 1418 1660 1577 1713 1576 1710 1417"/></Shape></Glyph><Glyph ID="char_85" CONTENT="ה" GC="1.0"><Shape><Polygon POINTS="1598 1420 1610 1579 1660 1577 1657 1418"/></Shape></Glyph><Glyph ID="char_86" CONTENT=" " GC="1.0"><Shape><Polygon POINTS="1555 1423 1567 1582 1610 1579 1598 1420"/></Shape></Glyph><Glyph ID="char_87" CONTENT="כ" GC="1.0"><Shape><Polygon POINTS="1513 1426 1525 1585 1567 1582 1555 1423"/></Shape></Glyph><Glyph ID="char_88" CONTENT="י" GC="1.0"><Shape><Polygon POINTS="1491 1427 1503 1586 1525 1585 1513 1426"/></Shape></Glyph><Glyph ID="char_89" CONTENT=" " GC="1.0"><Shape><Polygon POINTS="1459 1430 1471 1589 1503 1586 1491 1427"/></Shape></Glyph><Glyph ID="char_90" CONTENT="כ" GC="1.0"><Shape><Polygon POINTS="1417 1433 1428 1592 1471 1589 1459 1430"/></Shape></Glyph><Glyph ID="char_91" CONTENT="ל" GC="1.0"><Shape><Polygon POINTS="1352 1438 1364 1597 1428 1592 1417 1433"/></Shape></Glyph><Glyph ID="char_92" CONTENT=" " GC="1.0"><Shape><Polygon POINTS="1288 1443 1301 1602 1364 1597 1352 1438"/></Shape></Glyph><Glyph ID="char_93" CONTENT="י" GC="1.0"><Shape><Polygon POINTS="1241 1448 1261 1605 1301 1602 1288 1443"/></Shape></Glyph><Glyph ID="char_94" CONTENT="ד" GC="1.0"><Shape><Polygon POINTS="1188 1455 1207 1611 1261 1605 1241 1448"/></Shape></Glyph><Glyph ID="char_95" CONTENT="ר" GC="1.0"><Shape><Polygon POINTS="1155 1452 1141 1611 1207 1611 1188 1455"/></Shape></Glyph><Glyph ID="char_96" CONTENT="ש" GC="1.0"><Shape><Polygon POINTS="1123 1449 1109 1608 1141 1611 1155 1452"/></Shape></Glyph><Glyph ID="char_97" CONTENT=" " GC="1.0"><Shape><Polygon POINTS="1091 1447 1077 1606 1109 1608 1123 1449"/></Shape></Glyph></String>
          </TextLine>

          
          
          <TextLine ID="eSc_line_1785983" BASELINE="1497 1677 2482 1695" HPOS="1495.0" VPOS="1581.0" WIDTH="988.0" HEIGHT="177.0">
            <Shape><Polygon POINTS="1498 1581 2483 1599 2480 1758 1495 1740"/></Shape>
	    <String CONTENT=" ני עשב עם שר ש " HPOS="1495.0" VPOS="1581.0" WIDTH="988.0" HEIGHT="177.0"><Glyph ID="char_98" CONTENT=" " GC="1.0"><Shape><Polygon POINTS="2441 1598 2438 1757 2470 1758 2473 1599"/></Shape></Glyph><Glyph ID="char_99" CONTENT="נ" GC="1.0"><Shape><Polygon POINTS="2409 1598 2406 1757 2438 1757 2441 1598"/></Shape></Glyph><Glyph ID="char_100" CONTENT="י" GC="1.0"><Shape><Polygon POINTS="2377 1597 2374 1756 2406 1757 2409 1598"/></Shape></Glyph><Glyph ID="char_101" CONTENT=" " GC="1.0"><Shape><Polygon POINTS="2345 1596 2342 1755 2374 1756 2377 1597"/></Shape></Glyph><Glyph ID="char_102" CONTENT="ע" GC="1.0"><Shape><Polygon POINTS="2302 1596 2299 1755 2342 1755 2345 1596"/></Shape></Glyph><Glyph ID="char_103" CONTENT="ש" GC="1.0"><Shape><Polygon POINTS="2227 1594 2224 1753 2299 1755 2302 1596"/></Shape></Glyph><Glyph ID="char_104" CONTENT="ב" GC="1.0"><Shape><Polygon POINTS="2173 1593 2170 1752 2224 1753 2227 1594"/></Shape></Glyph><Glyph ID="char_105" CONTENT=" " GC="1.0"><Shape><Polygon POINTS="2130 1593 2127 1752 2170 1752 2173 1593"/></Shape></Glyph><Glyph ID="char_106" CONTENT="ע" GC="1.0"><Shape><Polygon POINTS="2077 1592 2074 1751 2127 1752 2130 1593"/></Shape></Glyph><Glyph ID="char_107" CONTENT="ם" GC="1.0"><Shape><Polygon POINTS="2023 1591 2020 1750 2074 1751 2077 1592"/></Shape></Glyph><Glyph ID="char_108" CONTENT=" " GC="1.0"><Shape><Polygon POINTS="1970 1590 1967 1749 2020 1750 2023 1591"/></Shape></Glyph><Glyph ID="char_109" CONTENT="ש" GC="1.0"><Shape><Polygon POINTS="1905 1588 1902 1747 1967 1749 1970 1590"/></Shape></Glyph><Glyph ID="char_110" CONTENT="ר" GC="1.0"><Shape><Polygon POINTS="1830 1587 1827 1746 1902 1747 1905 1588"/></Shape></Glyph><Glyph ID="char_111" CONTENT=" " GC="1.0"><Shape><Polygon POINTS="1723 1585 1720 1744 1827 1746 1830 1587"/></Shape></Glyph><Glyph ID="char_112" CONTENT="ש" GC="1.0"><Shape><Polygon POINTS="1627 1583 1624 1742 1720 1744 1723 1585"/></Shape></Glyph><Glyph ID="char_113" CONTENT=" " GC="1.0"><Shape><Polygon POINTS="1530 1582 1527 1741 1624 1742 1627 1583"/></Shape></Glyph></String>
          </TextLine>

          
          
          <TextLine ID="eSc_line_1785984" BASELINE="1828 1837 1896 1844 2372 1837" HPOS="1821.0" VPOS="1741.0" WIDTH="551.0" HEIGHT="166.0">
            <Shape><Polygon POINTS="1837 1742 1905 1749 2370 1741 2372 1900 1889 1907 1821 1900"/></Shape>
	    <String CONTENT=" כ נמה עם " HPOS="1821.0" VPOS="1741.0" WIDTH="551.0" HEIGHT="166.0"><Glyph ID="char_114" CONTENT=" " GC="1.0"><Shape><Polygon POINTS="2294 1742 2296 1901 2350 1900 2348 1741"/></Shape></Glyph><Glyph ID="char_115" CONTENT="כ" GC="1.0"><Shape><Polygon POINTS="2252 1743 2254 1902 2296 1901 2294 1742"/></Shape></Glyph><Glyph ID="char_116" CONTENT=" " GC="1.0"><Shape><Polygon POINTS="2209 1744 2211 1902 2254 1902 2252 1743"/></Shape></Glyph><Glyph ID="char_117" CONTENT="נ" GC="1.0"><Shape><Polygon POINTS="2177 1744 2179 1903 2211 1902 2209 1744"/></Shape></Glyph><Glyph ID="char_118" CONTENT="מ" GC="1.0"><Shape><Polygon POINTS="2124 1745 2126 1904 2179 1903 2177 1744"/></Shape></Glyph><Glyph ID="char_119" CONTENT="ה" GC="1.0"><Shape><Polygon POINTS="2081 1746 2083 1904 2126 1904 2124 1745"/></Shape></Glyph><Glyph ID="char_120" CONTENT=" " GC="1.0"><Shape><Polygon POINTS="2049 1747 2051 1905 2083 1904 2081 1746"/></Shape></Glyph><Glyph ID="char_121" CONTENT="ע" GC="1.0"><Shape><Polygon POINTS="1985 1748 1987 1906 2051 1905 2049 1747"/></Shape></Glyph><Glyph ID="char_122" CONTENT="ם" GC="1.0"><Shape><Polygon POINTS="1910 1749 1912 1907 1987 1906 1985 1748"/></Shape></Glyph><Glyph ID="char_123" CONTENT=" " GC="1.0"><Shape><Polygon POINTS="1849 1743 1831 1901 1912 1907 1910 1749"/></Shape></Glyph></String>
          </TextLine>

          
        </TextBlock>
        

        
      </PrintSpace>
    </Page>
  </Layout>
</alto>