<?xml version='1.0' encoding='UTF-8'?>
<alto xmlns:xsi="http://www.w3.org/2001/XMLSchema-instance" xmlns="http://www.loc.gov/standards/alto/ns-v4#" xsi:schemaLocation="http://www.loc.gov/standards/alto/ns-v4# http://www.loc.gov/standards/alto/v4/alto-4-2.xsd">
  <Description>
    <MeasurementUnit>pixel</MeasurementUnit>
    <sourceImageInformation>
      <fileName>498-Fg026-R-C01-R01-D14022012-T143428-LR924_012_F.jpg</fileName>
      
    </sourceImageInformation>
  </Description>
  
  <Tags>
    <OtherTag ID="BT1443" LABEL="Parchment_or_papyrus" DESCRIPTION="block type Parchment_or_papyrus"/><OtherTag ID="BT2" LABEL="Main" DESCRIPTION="block type Main"/>
    
  </Tags>
  
  <Layout>
    <Page WIDTH="3608" HEIGHT="2706" PHYSICAL_IMG_NR="222" ID="eSc_dummypage_">
      <PrintSpace HPOS="0" VPOS="0" WIDTH="3608" HEIGHT="2706">
        
        <TextBlock HPOS="1047.0" VPOS="869.0" WIDTH="1526.0" HEIGHT="925.0" ID="eSc_textblock_9770ae82" TAGREFS="BT2">
          <Shape><Polygon POINTS="1047 869 1047 1794 2573 1794 2573 869"/></Shape>
          
          
          <TextLine ID="eSc_line_1786037" BASELINE="1104 974 1168 978 2118 1000" HPOS="1099.0" VPOS="875.0" WIDTH="1021.0" HEIGHT="190.0">
            <Shape><Polygon POINTS="1110 875 1174 879 2120 901 2116 1065 1163 1043 1099 1039"/></Shape>
	    <String CONTENT=" מה ולוא פי " HPOS="1099.0" VPOS="875.0" WIDTH="1021.0" HEIGHT="190.0"><Glyph ID="char_0" CONTENT=" " GC="1.0"><Shape><Polygon POINTS="2010 898 2006 1062 2105 1065 2109 901"/></Shape></Glyph><Glyph ID="char_1" CONTENT="מ" GC="1.0"><Shape><Polygon POINTS="1888 896 1884 1060 2006 1062 2010 898"/></Shape></Glyph><Glyph ID="char_2" CONTENT="ה" GC="1.0"><Shape><Polygon POINTS="1822 894 1818 1058 1884 1060 1888 896"/></Shape></Glyph><Glyph ID="char_3" CONTENT=" " GC="1.0"><Shape><Polygon POINTS="1778 893 1774 1057 1818 1058 1822 894"/></Shape></Glyph><Glyph ID="char_4" CONTENT="ו" GC="1.0"><Shape><Polygon POINTS="1745 892 1741 1056 1774 1057 1778 893"/></Shape></Glyph><Glyph ID="char_5" CONTENT="ל" GC="1.0"><Shape><Polygon POINTS="1701 891 1697 1055 1741 1056 1745 892"/></Shape></Glyph><Glyph ID="char_6" CONTENT="ו" GC="1.0"><Shape><Polygon POINTS="1657 890 1653 1054 1697 1055 1701 891"/></Shape></Glyph><Glyph ID="char_7" CONTENT="א" GC="1.0"><Shape><Polygon POINTS="1436 885 1432 1049 1653 1054 1657 890"/></Shape></Glyph><Glyph ID="char_8" CONTENT=" " GC="1.0"><Shape><Polygon POINTS="1215 880 1211 1044 1432 1049 1436 885"/></Shape></Glyph><Glyph ID="char_9" CONTENT="פ" GC="1.0"><Shape><Polygon POINTS="1171 879 1167 1043 1211 1044 1215 880"/></Shape></Glyph><Glyph ID="char_10" CONTENT="י" GC="1.0"><Shape><Polygon POINTS="1132 876 1120 1040 1167 1043 1171 879"/></Shape></Glyph><Glyph ID="char_11" CONTENT=" " GC="1.0"><Shape><Polygon POINTS="1103 973 1124 974"/></Shape></Glyph></String>
          </TextLine>

          
          
          <TextLine ID="eSc_line_1786038" BASELINE="1073 1150 1508 1127 1743 1132 1979 1132 2123 1130 2171 1149 2267 1187" HPOS="1067.0" VPOS="1028.0" WIDTH="1236.0" HEIGHT="219.0">
            <Shape><Polygon POINTS="1067 1051 1502 1028 1745 1033 1979 1033 2121 1031 2207 1057 2303 1095 2242 1247 2146 1209 2123 1195 1979 1197 1741 1197 1511 1192 1076 1215"/></Shape>
	    <String CONTENT=" יאים ולהבין כו פ תיים " HPOS="1067.0" VPOS="1028.0" WIDTH="1236.0" HEIGHT="219.0"><Glyph ID="char_12" CONTENT=" " GC="1.0"><Shape><Polygon POINTS="2188 1051 2129 1199 2221 1239 2281 1086"/></Shape></Glyph><Glyph ID="char_13" CONTENT="י" GC="1.0"><Shape><Polygon POINTS="2065 1032 2067 1196 2129 1199 2188 1051"/></Shape></Glyph><Glyph ID="char_14" CONTENT="א" GC="1.0"><Shape><Polygon POINTS="2021 1032 2023 1196 2067 1196 2065 1032"/></Shape></Glyph><Glyph ID="char_15" CONTENT="י" GC="1.0"><Shape><Polygon POINTS="1966 1033 1966 1197 2023 1196 2021 1032"/></Shape></Glyph><Glyph ID="char_16" CONTENT="ם" GC="1.0"><Shape><Polygon POINTS="1922 1033 1922 1197 1966 1197 1966 1033"/></Shape></Glyph><Glyph ID="char_17" CONTENT=" " GC="1.0"><Shape><Polygon POINTS="1867 1033 1867 1197 1922 1197 1922 1033"/></Shape></Glyph><Glyph ID="char_18" CONTENT="ו" GC="1.0"><Shape><Polygon POINTS="1823 1033 1823 1197 1867 1197 1867 1033"/></Shape></Glyph><Glyph ID="char_19" CONTENT="ל" GC="1.0"><Shape><Polygon POINTS="1790 1033 1790 1197 1823 1197 1823 1033"/></Shape></Glyph><Glyph ID="char_20" CONTENT="ה" GC="1.0"><Shape><Polygon POINTS="1736 1033 1733 1197 1790 1197 1790 1033"/></Shape></Glyph><Glyph ID="char_21" CONTENT="ב" GC="1.0"><Shape><Polygon POINTS="1692 1032 1689 1196 1733 1197 1736 1033"/></Shape></Glyph><Glyph ID="char_22" CONTENT="י" GC="1.0"><Shape><Polygon POINTS="1648 1031 1645 1195 1689 1196 1692 1032"/></Shape></Glyph><Glyph ID="char_23" CONTENT="ן" GC="1.0"><Shape><Polygon POINTS="1615 1030 1612 1194 1645 1195 1648 1031"/></Shape></Glyph><Glyph ID="char_24" CONTENT=" " GC="1.0"><Shape><Polygon POINTS="1582 1030 1579 1193 1612 1194 1615 1030"/></Shape></Glyph><Glyph ID="char_25" CONTENT="כ" GC="1.0"><Shape><Polygon POINTS="1548 1029 1545 1193 1579 1193 1582 1030"/></Shape></Glyph><Glyph ID="char_26" CONTENT="ו" GC="1.0"><Shape><Polygon POINTS="1515 1028 1512 1192 1545 1193 1548 1029"/></Shape></Glyph><Glyph ID="char_27" CONTENT=" " GC="1.0"><Shape><Polygon POINTS="1442 1031 1451 1195 1512 1192 1515 1028"/></Shape></Glyph><Glyph ID="char_28" CONTENT="פ" GC="1.0"><Shape><Polygon POINTS="1376 1035 1385 1199 1451 1195 1442 1031"/></Shape></Glyph><Glyph ID="char_29" CONTENT=" " GC="1.0"><Shape><Polygon POINTS="1320 1038 1329 1202 1385 1199 1376 1035"/></Shape></Glyph><Glyph ID="char_30" CONTENT="ת" GC="1.0"><Shape><Polygon POINTS="1276 1040 1285 1204 1329 1202 1320 1038"/></Shape></Glyph><Glyph ID="char_31" CONTENT="י" GC="1.0"><Shape><Polygon POINTS="1233 1042 1241 1206 1285 1204 1276 1040"/></Shape></Glyph><Glyph ID="char_32" CONTENT="י" GC="1.0"><Shape><Polygon POINTS="1178 1045 1186 1209 1241 1206 1233 1042"/></Shape></Glyph><Glyph ID="char_33" CONTENT="ם" GC="1.0"><Shape><Polygon POINTS="1144 1047 1152 1211 1186 1209 1178 1045"/></Shape></Glyph><Glyph ID="char_34" CONTENT=" " GC="1.0"><Shape><Polygon POINTS="1089 1050 1097 1214 1152 1211 1144 1047"/></Shape></Glyph></String>
          </TextLine>

          
          
          <TextLine ID="eSc_line_1786039" BASELINE="1670 1287 1894 1283 2139 1294 2221 1305 2318 1337" HPOS="1668.0" VPOS="1184.0" WIDTH="680.0" HEIGHT="215.0">
            <Shape><Polygon POINTS="1668 1188 1892 1184 2143 1195 2234 1207 2348 1243 2297 1399 2212 1370 2136 1359 1895 1348 1671 1352"/></Shape>
	    <String CONTENT=" יף לקח למבינים " HPOS="1668.0" VPOS="1184.0" WIDTH="680.0" HEIGHT="215.0"><Glyph ID="char_35" CONTENT=" " GC="1.0"><Shape><Polygon POINTS="2347 1243 2295 1398 2295 1398 2347 1243"/></Shape></Glyph><Glyph ID="char_36" CONTENT="י" GC="1.0"><Shape><Polygon POINTS="2337 1240 2286 1395 2295 1398 2347 1243"/></Shape></Glyph><Glyph ID="char_37" CONTENT="ף" GC="1.0"><Shape><Polygon POINTS="2316 1233 2265 1388 2286 1395 2337 1240"/></Shape></Glyph><Glyph ID="char_38" CONTENT=" " GC="1.0"><Shape><Polygon POINTS="2294 1226 2243 1381 2265 1388 2316 1233"/></Shape></Glyph><Glyph ID="char_39" CONTENT="ל" GC="1.0"><Shape><Polygon POINTS="2252 1213 2201 1368 2243 1381 2294 1226"/></Shape></Glyph><Glyph ID="char_40" CONTENT="ק" GC="1.0"><Shape><Polygon POINTS="2170 1199 2148 1361 2201 1368 2252 1213"/></Shape></Glyph><Glyph ID="char_41" CONTENT="ח" GC="1.0"><Shape><Polygon POINTS="2116 1194 2109 1358 2148 1361 2170 1199"/></Shape></Glyph><Glyph ID="char_42" CONTENT=" " GC="1.0"><Shape><Polygon POINTS="2083 1192 2076 1356 2109 1358 2116 1194"/></Shape></Glyph><Glyph ID="char_43" CONTENT="ל" GC="1.0"><Shape><Polygon POINTS="2039 1190 2032 1354 2076 1356 2083 1192"/></Shape></Glyph><Glyph ID="char_44" CONTENT="מ" GC="1.0"><Shape><Polygon POINTS="1983 1188 1976 1352 2032 1354 2039 1190"/></Shape></Glyph><Glyph ID="char_45" CONTENT="ב" GC="1.0"><Shape><Polygon POINTS="1928 1186 1921 1349 1976 1352 1983 1188"/></Shape></Glyph><Glyph ID="char_46" CONTENT="י" GC="1.0"><Shape><Polygon POINTS="1878 1184 1881 1348 1921 1349 1928 1186"/></Shape></Glyph><Glyph ID="char_47" CONTENT="נ" GC="1.0"><Shape><Polygon POINTS="1833 1185 1836 1349 1881 1348 1878 1184"/></Shape></Glyph><Glyph ID="char_48" CONTENT="י" GC="1.0"><Shape><Polygon POINTS="1767 1186 1770 1350 1836 1349 1833 1185"/></Shape></Glyph><Glyph ID="char_49" CONTENT="ם" GC="1.0"><Shape><Polygon POINTS="1711 1187 1714 1351 1770 1350 1767 1186"/></Shape></Glyph><Glyph ID="char_50" CONTENT=" " GC="1.0"><Shape><Polygon POINTS="1669 1287 1712 1286"/></Shape></Glyph></String>
          </TextLine>

          
          
          <TextLine ID="eSc_line_1786040" BASELINE="1156 1468 1256 1468 1409 1461 1630 1465 1925 1465 2054 1472 2295 1499 2433 1501" HPOS="1156.0" VPOS="1362.0" WIDTH="1278.0" HEIGHT="204.0">
            <Shape><Polygon POINTS="1156 1369 1256 1369 1404 1362 1631 1366 1925 1366 2059 1373 2305 1401 2434 1402 2432 1566 2287 1564 2050 1537 1925 1530 1628 1530 1411 1526 1256 1533 1156 1533"/></Shape>
	    <String CONTENT=" נא ודעו משפטו ואז תבדילו ב " HPOS="1156.0" VPOS="1362.0" WIDTH="1278.0" HEIGHT="204.0"><Glyph ID="char_51" CONTENT=" " GC="1.0"><Shape><Polygon POINTS="2391 1402 2388 1565 2421 1566 2424 1402"/></Shape></Glyph><Glyph ID="char_52" CONTENT="נ" GC="1.0"><Shape><Polygon POINTS="2347 1401 2344 1565 2388 1565 2391 1402"/></Shape></Glyph><Glyph ID="char_53" CONTENT="א" GC="1.0"><Shape><Polygon POINTS="2303 1401 2300 1564 2344 1565 2347 1401"/></Shape></Glyph><Glyph ID="char_54" CONTENT=" " GC="1.0"><Shape><Polygon POINTS="2268 1397 2250 1560 2300 1564 2303 1401"/></Shape></Glyph><Glyph ID="char_55" CONTENT="ו" GC="1.0"><Shape><Polygon POINTS="2213 1390 2194 1553 2250 1560 2268 1397"/></Shape></Glyph><Glyph ID="char_56" CONTENT="ד" GC="1.0"><Shape><Polygon POINTS="2158 1384 2140 1547 2194 1553 2213 1390"/></Shape></Glyph><Glyph ID="char_57" CONTENT="ע" GC="1.0"><Shape><Polygon POINTS="2103 1378 2085 1541 2140 1547 2158 1384"/></Shape></Glyph><Glyph ID="char_58" CONTENT="ו" GC="1.0"><Shape><Polygon POINTS="2054 1373 2045 1537 2085 1541 2103 1378"/></Shape></Glyph><Glyph ID="char_59" CONTENT=" " GC="1.0"><Shape><Polygon POINTS="2010 1370 2001 1534 2045 1537 2054 1373"/></Shape></Glyph><Glyph ID="char_60" CONTENT="מ" GC="1.0"><Shape><Polygon POINTS="1955 1368 1946 1531 2001 1534 2010 1370"/></Shape></Glyph><Glyph ID="char_61" CONTENT="ש" GC="1.0"><Shape><Polygon POINTS="1884 1366 1884 1530 1946 1531 1955 1368"/></Shape></Glyph><Glyph ID="char_62" CONTENT="פ" GC="1.0"><Shape><Polygon POINTS="1829 1366 1829 1530 1884 1530 1884 1366"/></Shape></Glyph><Glyph ID="char_63" CONTENT="ט" GC="1.0"><Shape><Polygon POINTS="1773 1366 1773 1530 1829 1530 1829 1366"/></Shape></Glyph><Glyph ID="char_64" CONTENT="ו" GC="1.0"><Shape><Polygon POINTS="1729 1366 1729 1530 1773 1530 1773 1366"/></Shape></Glyph><Glyph ID="char_65" CONTENT=" " GC="1.0"><Shape><Polygon POINTS="1685 1366 1685 1530 1729 1530 1729 1366"/></Shape></Glyph><Glyph ID="char_66" CONTENT="ו" GC="1.0"><Shape><Polygon POINTS="1641 1366 1641 1530 1685 1530 1685 1366"/></Shape></Glyph><Glyph ID="char_67" CONTENT="א" GC="1.0"><Shape><Polygon POINTS="1599 1365 1596 1529 1641 1530 1641 1366"/></Shape></Glyph><Glyph ID="char_68" CONTENT="ז" GC="1.0"><Shape><Polygon POINTS="1566 1365 1563 1529 1596 1529 1599 1365"/></Shape></Glyph><Glyph ID="char_69" CONTENT=" " GC="1.0"><Shape><Polygon POINTS="1522 1364 1519 1528 1563 1529 1566 1365"/></Shape></Glyph><Glyph ID="char_70" CONTENT="ת" GC="1.0"><Shape><Polygon POINTS="1467 1363 1464 1527 1519 1528 1522 1364"/></Shape></Glyph><Glyph ID="char_71" CONTENT="ב" GC="1.0"><Shape><Polygon POINTS="1412 1362 1409 1526 1464 1527 1467 1363"/></Shape></Glyph><Glyph ID="char_72" CONTENT="ד" GC="1.0"><Shape><Polygon POINTS="1361 1364 1369 1528 1409 1526 1412 1362"/></Shape></Glyph><Glyph ID="char_73" CONTENT="י" GC="1.0"><Shape><Polygon POINTS="1327 1366 1335 1529 1369 1528 1361 1364"/></Shape></Glyph><Glyph ID="char_74" CONTENT="ל" GC="1.0"><Shape><Polygon POINTS="1316 1366 1324 1530 1335 1529 1327 1366"/></Shape></Glyph><Glyph ID="char_75" CONTENT="ו" GC="1.0"><Shape><Polygon POINTS="1272 1368 1280 1532 1324 1530 1316 1366"/></Shape></Glyph><Glyph ID="char_76" CONTENT=" " GC="1.0"><Shape><Polygon POINTS="1222 1369 1222 1533 1280 1532 1272 1368"/></Shape></Glyph><Glyph ID="char_77" CONTENT="ב" GC="1.0"><Shape><Polygon POINTS="1178 1369 1178 1533 1222 1533 1222 1369"/></Shape></Glyph><Glyph ID="char_78" CONTENT=" " GC="1.0"><Shape><Polygon POINTS="1156 1369 1156 1533 1178 1533 1178 1369"/></Shape></Glyph></String>
          </TextLine>

          
          
          <TextLine ID="eSc_line_1786041" BASELINE="1682 1603 1776 1610 1903 1625 1986 1630 2149 1650 2478 1668 2548 1664" HPOS="1677.0" VPOS="1504.0" WIDTH="874.0" HEIGHT="229.0">
            <Shape><Polygon POINTS="1689 1504 1783 1511 1914 1527 1991 1531 2160 1552 2483 1569 2542 1565 2551 1729 2474 1733 2141 1715 1982 1695 1895 1690 1771 1675 1677 1668"/></Shape>
	    <String CONTENT=" תתבוננו לדעת טוב " HPOS="1677.0" VPOS="1504.0" WIDTH="874.0" HEIGHT="229.0"><Glyph ID="char_79" CONTENT=" " GC="1.0"><Shape><Polygon POINTS="2475 1569 2485 1732 2529 1730 2519 1567"/></Shape></Glyph><Glyph ID="char_80" CONTENT="ת" GC="1.0"><Shape><Polygon POINTS="2431 1566 2422 1730 2485 1732 2475 1569"/></Shape></Glyph><Glyph ID="char_81" CONTENT="ת" GC="1.0"><Shape><Polygon POINTS="2376 1563 2368 1727 2422 1730 2431 1566"/></Shape></Glyph><Glyph ID="char_82" CONTENT="ב" GC="1.0"><Shape><Polygon POINTS="2322 1561 2313 1724 2368 1727 2376 1563"/></Shape></Glyph><Glyph ID="char_83" CONTENT="ו" GC="1.0"><Shape><Polygon POINTS="2289 1559 2280 1722 2313 1724 2322 1561"/></Shape></Glyph><Glyph ID="char_84" CONTENT="נ" GC="1.0"><Shape><Polygon POINTS="2256 1557 2247 1721 2280 1722 2289 1559"/></Shape></Glyph><Glyph ID="char_85" CONTENT="נ" GC="1.0"><Shape><Polygon POINTS="2212 1555 2203 1718 2247 1721 2256 1557"/></Shape></Glyph><Glyph ID="char_86" CONTENT="ו" GC="1.0"><Shape><Polygon POINTS="2179 1553 2170 1717 2203 1718 2212 1555"/></Shape></Glyph><Glyph ID="char_87" CONTENT=" " GC="1.0"><Shape><Polygon POINTS="2152 1551 2132 1714 2170 1717 2179 1553"/></Shape></Glyph><Glyph ID="char_88" CONTENT="ל" GC="1.0"><Shape><Polygon POINTS="2098 1544 2078 1707 2132 1714 2152 1551"/></Shape></Glyph><Glyph ID="char_89" CONTENT="ד" GC="1.0"><Shape><Polygon POINTS="2054 1539 2034 1702 2078 1707 2098 1544"/></Shape></Glyph><Glyph ID="char_90" CONTENT="ע" GC="1.0"><Shape><Polygon POINTS="1972 1530 1962 1694 2034 1702 2054 1539"/></Shape></Glyph><Glyph ID="char_91" CONTENT="ת" GC="1.0"><Shape><Polygon POINTS="1911 1527 1892 1690 1962 1694 1972 1530"/></Shape></Glyph><Glyph ID="char_92" CONTENT=" " GC="1.0"><Shape><Polygon POINTS="1857 1520 1838 1683 1892 1690 1911 1527"/></Shape></Glyph><Glyph ID="char_93" CONTENT="ט" GC="1.0"><Shape><Polygon POINTS="1802 1513 1783 1676 1838 1683 1857 1520"/></Shape></Glyph><Glyph ID="char_94" CONTENT="ו" GC="1.0"><Shape><Polygon POINTS="1755 1509 1741 1673 1783 1676 1802 1513"/></Shape></Glyph><Glyph ID="char_95" CONTENT="ב" GC="1.0"><Shape><Polygon POINTS="1711 1506 1697 1670 1741 1673 1755 1509"/></Shape></Glyph><Glyph ID="char_96" CONTENT=" " GC="1.0"><Shape><Polygon POINTS="1681 1602 1702 1603"/></Shape></Glyph></String>
          </TextLine>

          
        </TextBlock>
        

        
      </PrintSpace>
    </Page>
  </Layout>
</alto>