<?xml version='1.0' encoding='UTF-8'?>
<alto xmlns:xsi="http://www.w3.org/2001/XMLSchema-instance" xmlns="http://www.loc.gov/standards/alto/ns-v4#" xsi:schemaLocation="http://www.loc.gov/standards/alto/ns-v4# http://www.loc.gov/standards/alto/v4/alto-4-2.xsd">
  <Description>
    <MeasurementUnit>pixel</MeasurementUnit>
    <sourceImageInformation>
      <fileName>498-Fg023-R-C01-R01-D14022012-T141039-LR924_012_F.jpg</fileName>
      
    </sourceImageInformation>
  </Description>
  
  <Tags>
    <OtherTag ID="BT1443" LABEL="Parchment_or_papyrus" DESCRIPTION="block type Parchment_or_papyrus"/><OtherTag ID="BT2" LABEL="Main" DESCRIPTION="block type Main"/>
    
  </Tags>
  
  <Layout>
    <Page WIDTH="3608" HEIGHT="2706" PHYSICAL_IMG_NR="113" ID="eSc_dummypage_">
      <PrintSpace HPOS="0" VPOS="0" WIDTH="3608" HEIGHT="2706">
        
        <TextBlock HPOS="1127.0" VPOS="934.0" WIDTH="1317.0" HEIGHT="747.0" ID="eSc_textblock_a734b4a4" TAGREFS="BT2">
          <Shape><Polygon POINTS="1127 934 1127 1681 2444 1681 2444 934"/></Shape>
          
          
          <TextLine ID="eSc_line_1786031" BASELINE="1228 1048 1495 1028 1693 1028 1909 1037 2142 1037" HPOS="1221.0" VPOS="938.0" WIDTH="921.0" HEIGHT="169.0">
            <Shape><Polygon POINTS="1221 958 1488 938 1693 938 1912 947 2142 947 2142 1097 1906 1096 1693 1088 1499 1087 1232 1107"/></Shape>
	    <String CONTENT=" ב ב תו וד " HPOS="1221.0" VPOS="938.0" WIDTH="921.0" HEIGHT="169.0"><Glyph ID="char_0" CONTENT=" " GC="1.0"><Shape><Polygon POINTS="2060 947 2060 1097 2111 1097 2111 947"/></Shape></Glyph><Glyph ID="char_1" CONTENT="ב" GC="1.0"><Shape><Polygon POINTS="1904 947 1898 1096 2060 1097 2060 947"/></Shape></Glyph><Glyph ID="char_2" CONTENT=" " GC="1.0"><Shape><Polygon POINTS="1743 940 1737 1090 1898 1096 1904 947"/></Shape></Glyph><Glyph ID="char_3" CONTENT="ב" GC="1.0"><Shape><Polygon POINTS="1703 938 1697 1088 1737 1090 1743 940"/></Shape></Glyph><Glyph ID="char_4" CONTENT=" " GC="1.0"><Shape><Polygon POINTS="1638 938 1638 1088 1697 1088 1703 938"/></Shape></Glyph><Glyph ID="char_5" CONTENT="ת" GC="1.0"><Shape><Polygon POINTS="1588 938 1588 1087 1638 1088 1638 938"/></Shape></Glyph><Glyph ID="char_6" CONTENT="ו" GC="1.0"><Shape><Polygon POINTS="1558 938 1558 1087 1588 1087 1588 938"/></Shape></Glyph><Glyph ID="char_7" CONTENT=" " GC="1.0"><Shape><Polygon POINTS="1518 938 1518 1087 1558 1087 1558 938"/></Shape></Glyph><Glyph ID="char_8" CONTENT="ו" GC="1.0"><Shape><Polygon POINTS="1461 940 1472 1089 1518 1087 1518 938"/></Shape></Glyph><Glyph ID="char_9" CONTENT="ד" GC="1.0"><Shape><Polygon POINTS="1391 945 1402 1094 1472 1089 1461 940"/></Shape></Glyph><Glyph ID="char_10" CONTENT=" " GC="1.0"><Shape><Polygon POINTS="1280 954 1291 1103 1402 1094 1391 945"/></Shape></Glyph></String>
          </TextLine>

          
          
          <TextLine ID="eSc_line_1786032" BASELINE="1174 1197 1362 1201 1576 1210 1772 1213 1968 1206 2266 1215" HPOS="1172.0" VPOS="1107.0" WIDTH="1096.0" HEIGHT="167.0">
            <Shape><Polygon POINTS="1175 1107 1363 1111 1579 1120 1773 1123 1964 1116 2268 1125 2264 1274 1970 1265 1771 1272 1573 1269 1360 1260 1172 1256"/></Shape>
	    <String CONTENT=" עה רוחו ומזל שפתו א " HPOS="1172.0" VPOS="1107.0" WIDTH="1096.0" HEIGHT="167.0"><Glyph ID="char_11" CONTENT=" " GC="1.0"><Shape><Polygon POINTS="2178 1122 2174 1271 2234 1273 2238 1124"/></Shape></Glyph><Glyph ID="char_12" CONTENT="ע" GC="1.0"><Shape><Polygon POINTS="2118 1121 2114 1269 2174 1271 2178 1122"/></Shape></Glyph><Glyph ID="char_13" CONTENT="ה" GC="1.0"><Shape><Polygon POINTS="2057 1119 2053 1268 2114 1269 2118 1121"/></Shape></Glyph><Glyph ID="char_14" CONTENT=" " GC="1.0"><Shape><Polygon POINTS="2007 1117 2003 1266 2053 1268 2057 1119"/></Shape></Glyph><Glyph ID="char_15" CONTENT="ר" GC="1.0"><Shape><Polygon POINTS="1951 1116 1957 1265 2003 1266 2007 1117"/></Shape></Glyph><Glyph ID="char_16" CONTENT="ו" GC="1.0"><Shape><Polygon POINTS="1911 1118 1917 1267 1957 1265 1951 1116"/></Shape></Glyph><Glyph ID="char_17" CONTENT="ח" GC="1.0"><Shape><Polygon POINTS="1851 1120 1857 1269 1917 1267 1911 1118"/></Shape></Glyph><Glyph ID="char_18" CONTENT="ו" GC="1.0"><Shape><Polygon POINTS="1811 1122 1817 1270 1857 1269 1851 1120"/></Shape></Glyph><Glyph ID="char_19" CONTENT=" " GC="1.0"><Shape><Polygon POINTS="1772 1123 1777 1272 1817 1270 1811 1122"/></Shape></Glyph><Glyph ID="char_20" CONTENT="ו" GC="1.0"><Shape><Polygon POINTS="1726 1122 1724 1271 1777 1272 1772 1123"/></Shape></Glyph><Glyph ID="char_21" CONTENT="מ" GC="1.0"><Shape><Polygon POINTS="1675 1121 1673 1271 1724 1271 1726 1122"/></Shape></Glyph><Glyph ID="char_22" CONTENT="ז" GC="1.0"><Shape><Polygon POINTS="1635 1121 1633 1270 1673 1271 1675 1121"/></Shape></Glyph><Glyph ID="char_23" CONTENT="ל" GC="1.0"><Shape><Polygon POINTS="1595 1120 1593 1269 1633 1270 1635 1121"/></Shape></Glyph><Glyph ID="char_24" CONTENT=" " GC="1.0"><Shape><Polygon POINTS="1558 1119 1551 1268 1593 1269 1595 1120"/></Shape></Glyph><Glyph ID="char_25" CONTENT="ש" GC="1.0"><Shape><Polygon POINTS="1478 1116 1471 1265 1551 1268 1558 1119"/></Shape></Glyph><Glyph ID="char_26" CONTENT="פ" GC="1.0"><Shape><Polygon POINTS="1408 1113 1401 1262 1471 1265 1478 1116"/></Shape></Glyph><Glyph ID="char_27" CONTENT="ת" GC="1.0"><Shape><Polygon POINTS="1356 1111 1352 1260 1401 1262 1408 1113"/></Shape></Glyph><Glyph ID="char_28" CONTENT="ו" GC="1.0"><Shape><Polygon POINTS="1305 1110 1301 1259 1352 1260 1356 1111"/></Shape></Glyph><Glyph ID="char_29" CONTENT=" " GC="1.0"><Shape><Polygon POINTS="1245 1108 1241 1257 1301 1259 1305 1110"/></Shape></Glyph><Glyph ID="char_30" CONTENT="א" GC="1.0"><Shape><Polygon POINTS="1215 1108 1211 1257 1241 1257 1245 1108"/></Shape></Glyph><Glyph ID="char_31" CONTENT=" " GC="1.0"><Shape><Polygon POINTS="1173 1196 1212 1197"/></Shape></Glyph></String>
          </TextLine>

          
          
          <TextLine ID="eSc_line_1786033" BASELINE="1393 1364 1488 1364 1643 1373 1792 1373 1889 1368 2074 1375 2424 1371" HPOS="1393.0" VPOS="1274.0" WIDTH="1031.0" HEIGHT="160.0">
            <Shape><Polygon POINTS="1393 1274 1488 1274 1648 1283 1792 1283 1884 1278 2077 1285 2422 1281 2424 1430 2071 1434 1892 1427 1792 1433 1639 1432 1488 1424 1393 1424"/></Shape>
	    <String CONTENT=" להוכיח ושעים ולה " HPOS="1393.0" VPOS="1274.0" WIDTH="1031.0" HEIGHT="160.0"><Glyph ID="char_32" CONTENT=" " GC="1.0"><Shape><Polygon POINTS="2358 1282 2360 1431 2400 1430 2398 1281"/></Shape></Glyph><Glyph ID="char_33" CONTENT="ל" GC="1.0"><Shape><Polygon POINTS="2307 1282 2309 1431 2360 1431 2358 1282"/></Shape></Glyph><Glyph ID="char_34" CONTENT="ה" GC="1.0"><Shape><Polygon POINTS="2267 1283 2269 1432 2309 1431 2307 1282"/></Shape></Glyph><Glyph ID="char_35" CONTENT="ו" GC="1.0"><Shape><Polygon POINTS="2217 1283 2219 1432 2269 1432 2267 1283"/></Shape></Glyph><Glyph ID="char_36" CONTENT="כ" GC="1.0"><Shape><Polygon POINTS="2176 1284 2178 1433 2219 1432 2217 1283"/></Shape></Glyph><Glyph ID="char_37" CONTENT="י" GC="1.0"><Shape><Polygon POINTS="2126 1284 2128 1433 2178 1433 2176 1284"/></Shape></Glyph><Glyph ID="char_38" CONTENT="ח" GC="1.0"><Shape><Polygon POINTS="2071 1285 2065 1434 2128 1433 2126 1284"/></Shape></Glyph><Glyph ID="char_39" CONTENT=" " GC="1.0"><Shape><Polygon POINTS="1990 1282 1984 1431 2065 1434 2071 1285"/></Shape></Glyph><Glyph ID="char_40" CONTENT="ו" GC="1.0"><Shape><Polygon POINTS="1930 1280 1924 1428 1984 1431 1990 1282"/></Shape></Glyph><Glyph ID="char_41" CONTENT="ש" GC="1.0"><Shape><Polygon POINTS="1861 1279 1869 1428 1924 1428 1930 1280"/></Shape></Glyph><Glyph ID="char_42" CONTENT="ע" GC="1.0"><Shape><Polygon POINTS="1786 1283 1786 1433 1869 1428 1861 1279"/></Shape></Glyph><Glyph ID="char_43" CONTENT="י" GC="1.0"><Shape><Polygon POINTS="1725 1283 1725 1433 1786 1433 1786 1283"/></Shape></Glyph><Glyph ID="char_44" CONTENT="ם" GC="1.0"><Shape><Polygon POINTS="1665 1283 1665 1432 1725 1433 1725 1283"/></Shape></Glyph><Glyph ID="char_45" CONTENT=" " GC="1.0"><Shape><Polygon POINTS="1609 1281 1600 1430 1665 1432 1665 1283"/></Shape></Glyph><Glyph ID="char_46" CONTENT="ו" GC="1.0"><Shape><Polygon POINTS="1559 1278 1550 1427 1600 1430 1609 1281"/></Shape></Glyph><Glyph ID="char_47" CONTENT="ל" GC="1.0"><Shape><Polygon POINTS="1519 1276 1510 1425 1550 1427 1559 1278"/></Shape></Glyph><Glyph ID="char_48" CONTENT="ה" GC="1.0"><Shape><Polygon POINTS="1474 1274 1474 1424 1510 1425 1519 1276"/></Shape></Glyph><Glyph ID="char_49" CONTENT=" " GC="1.0"><Shape><Polygon POINTS="1413 1274 1413 1424 1474 1424 1474 1274"/></Shape></Glyph></String>
          </TextLine>

          
          
          <TextLine ID="eSc_line_1786035" BASELINE="1508 1540 1928 1540 2146 1549 2284 1549 2383 1540" HPOS="1508.0" VPOS="1450.0" WIDTH="880.0" HEIGHT="159.0">
            <Shape><Polygon POINTS="1508 1450 1928 1450 2149 1459 2284 1459 2374 1450 2388 1599 2284 1609 2143 1608 1928 1600 1508 1600"/></Shape>
	    <String CONTENT=" דעו י " HPOS="1508.0" VPOS="1450.0" WIDTH="880.0" HEIGHT="159.0"><Glyph ID="char_50" CONTENT=" " GC="1.0"><Shape><Polygon POINTS="2316 1456 2329 1605 2369 1601 2355 1452"/></Shape></Glyph><Glyph ID="char_51" CONTENT="ד" GC="1.0"><Shape><Polygon POINTS="2283 1459 2283 1609 2329 1605 2316 1456"/></Shape></Glyph><Glyph ID="char_52" CONTENT="ע" GC="1.0"><Shape><Polygon POINTS="2233 1459 2233 1609 2283 1609 2283 1459"/></Shape></Glyph><Glyph ID="char_53" CONTENT="ו" GC="1.0"><Shape><Polygon POINTS="2026 1454 2019 1603 2233 1609 2233 1459"/></Shape></Glyph><Glyph ID="char_54" CONTENT=" " GC="1.0"><Shape><Polygon POINTS="1800 1450 1800 1600 2019 1603 2026 1454"/></Shape></Glyph><Glyph ID="char_55" CONTENT="י" GC="1.0"><Shape><Polygon POINTS="1750 1450 1750 1600 1800 1600 1800 1450"/></Shape></Glyph><Glyph ID="char_56" CONTENT=" " GC="1.0"><Shape><Polygon POINTS="1609 1450 1609 1600 1750 1600 1750 1450"/></Shape></Glyph></String>
          </TextLine>

          
          
          <TextLine ID="eSc_line_1786276" BASELINE="2254 1635 2385 1635" HPOS="2254.0" VPOS="1545.0" WIDTH="131.0" HEIGHT="150.0">
            <Shape><Polygon POINTS="2254 1545 2385 1545 2385 1695 2254 1695"/></Shape>
	    <String CONTENT=" ל " HPOS="2254.0" VPOS="1545.0" WIDTH="131.0" HEIGHT="150.0"><Glyph ID="char_57" CONTENT=" " GC="1.0"><Shape><Polygon POINTS="2305 1545 2305 1695 2356 1695 2356 1545"/></Shape></Glyph><Glyph ID="char_58" CONTENT="ל" GC="1.0"><Shape><Polygon POINTS="2284 1545 2284 1695 2305 1695 2305 1545"/></Shape></Glyph><Glyph ID="char_59" CONTENT=" " GC="1.0"><Shape><Polygon POINTS="2254 1545 2254 1695 2284 1695 2284 1545"/></Shape></Glyph></String>
          </TextLine>

          
        </TextBlock>
        

        
        <TextBlock ID="eSc_dummyblock_">
          
          
          <TextLine ID="eSc_line_5bd720c5" BASELINE="1274 1050 1477 1037 2158 1053" HPOS="1274" VPOS="863" WIDTH="879" HEIGHT="264">
            <Shape><Polygon POINTS="1274 1050 1285 863 1330 868 1436 974 1454 976 1596 978 1693 962 1720 949 1747 962 1824 962 1835 971 1939 872 2124 874 2153 904 2151 1127 2126 1127 2103 1107 2072 1127 1968 1125 1905 1098 1871 1095 1855 1107 1828 1095 1767 1095 1740 1113 1688 1093 1641 1093 1601 1109 1592 1100 1528 1093 1501 1118 1447 1118 1422 1116 1391 1089 1373 1089 1334 1116 1276 1113"/></Shape>
	    <String CONTENT="" HPOS="1274" VPOS="863" WIDTH="879" HEIGHT="264"/>
          </TextLine>

          
          
          <TextLine ID="eSc_line_a3a7d7c4" BASELINE="1168 1190 2268 1217" HPOS="1168" VPOS="1116" WIDTH="1100" HEIGHT="194">
            <Shape><Polygon POINTS="1168 1190 1172 1150 1303 1154 1321 1138 1366 1145 1380 1132 1393 1143 1440 1116 1458 1129 1495 1118 1639 1120 1668 1136 1693 1129 1727 1152 1767 1154 1788 1141 1810 1150 1835 1127 1862 1127 1912 1145 1937 1170 1984 1170 1997 1159 2015 1172 2083 1172 2117 1150 2160 1170 2185 1150 2198 1154 2227 1136 2264 1168 2268 1217 2259 1310 2243 1310 2176 1258 2137 1258 2097 1292 2058 1305 2006 1305 1970 1278 1932 1303 1720 1298 1693 1294 1657 1262 1634 1265 1603 1244 1549 1244 1524 1256 1477 1244 1436 1274 1409 1260 1371 1260 1328 1237 1217 1235 1170 1256"/></Shape>
	    <String CONTENT="" HPOS="1168" VPOS="1116" WIDTH="1100" HEIGHT="194"/>
          </TextLine>

          
          
          <TextLine ID="eSc_line_2b8bd5ff" BASELINE="1364 1359 2112 1373 2426 1364" HPOS="1364" VPOS="1265" WIDTH="1062" HEIGHT="180">
            <Shape><Polygon POINTS="1364 1359 1368 1307 1391 1305 1425 1312 1470 1341 1517 1330 1537 1339 1551 1325 1576 1346 1650 1348 1673 1330 1722 1343 1756 1332 1804 1341 1833 1323 1909 1330 1937 1314 1955 1328 1975 1321 2018 1346 2040 1346 2139 1265 2225 1265 2360 1267 2421 1312 2426 1364 2419 1407 2397 1427 2360 1409 2320 1443 2279 1445 2239 1431 2212 1431 2200 1443 2162 1407 2137 1407 2124 1418 2112 1409 2085 1431 2054 1404 2009 1427 1968 1422 1946 1402 1907 1402 1871 1425 1813 1400 1804 1409 1790 1402 1729 1440 1686 1440 1646 1400 1612 1398 1567 1398 1537 1418 1492 1422 1477 1438 1366 1436"/></Shape>
	    <String CONTENT="" HPOS="1364" VPOS="1265" WIDTH="1062" HEIGHT="180"/>
          </TextLine>

          
          
          <TextLine ID="eSc_line_841a2ee3" BASELINE="1524 1542 2372 1542" HPOS="1524" VPOS="1506" WIDTH="848" HEIGHT="230">
            <Shape><Polygon POINTS="1524 1542 1528 1506 1634 1506 1661 1522 1700 1510 1747 1528 1785 1513 1831 1513 1840 1522 1860 1515 1878 1531 1921 1531 1934 1519 1966 1531 2031 1519 2070 1531 2099 1515 2117 1531 2173 1531 2182 1522 2198 1531 2218 1513 2257 1517 2277 1531 2306 1506 2340 1531 2367 1531 2372 1542 2360 1727 2333 1707 2273 1711 2264 1720 2232 1711 2218 1720 2164 1713 2117 1727 2072 1720 2011 1727 2002 1736 1943 1727 1907 1734 1801 1704 1788 1691 1770 1693 1691 1652 1528 1652"/></Shape>
	    <String CONTENT="" HPOS="1524" VPOS="1506" WIDTH="848" HEIGHT="230"/>
          </TextLine>

          
        </TextBlock>
        
      </PrintSpace>
    </Page>
  </Layout>
</alto>