<?xml version='1.0' encoding='UTF-8'?>
<alto xmlns:xsi="http://www.w3.org/2001/XMLSchema-instance" xmlns="http://www.loc.gov/standards/alto/ns-v4#" xsi:schemaLocation="http://www.loc.gov/standards/alto/ns-v4# http://www.loc.gov/standards/alto/v4/alto-4-2.xsd">
  <Description>
    <MeasurementUnit>pixel</MeasurementUnit>
    <sourceImageInformation>
      <fileName>500-Fg015-R-C01-R01-D13022012-T115200-LR924_012_F.jpg</fileName>
      
    </sourceImageInformation>
  </Description>
  
  <Tags>
    <OtherTag ID="BT1443" LABEL="Parchment_or_papyrus" DESCRIPTION="block type Parchment_or_papyrus"/><OtherTag ID="BT2" LABEL="Main" DESCRIPTION="block type Main"/>
    
  </Tags>
  
  <Layout>
    <Page WIDTH="3608" HEIGHT="2706" PHYSICAL_IMG_NR="75" ID="eSc_dummypage_">
      <PrintSpace HPOS="0" VPOS="0" WIDTH="3608" HEIGHT="2706">
        
        <TextBlock HPOS="1547.0" VPOS="719.0" WIDTH="704.0" HEIGHT="720.0" ID="eSc_textblock_599dd57a" TAGREFS="BT2">
          <Shape><Polygon POINTS="1547 719 1547 1439 2251 1439 2251 719"/></Shape>
          
          
          <TextLine ID="eSc_line_1786093" BASELINE="1785 811 2052 800" HPOS="1780.0" VPOS="699.0" WIDTH="274.0" HEIGHT="179.0">
            <Shape><Polygon POINTS="1780 710 2047 699 2054 867 1787 878"/></Shape>
	    <String CONTENT=" ם " HPOS="1780.0" VPOS="699.0" WIDTH="274.0" HEIGHT="179.0"><Glyph ID="char_0" CONTENT=" " GC="1.0"><Shape><Polygon POINTS="1920 704 1927 872 2008 869 2001 701"/></Shape></Glyph><Glyph ID="char_1" CONTENT="ם" GC="1.0"><Shape><Polygon POINTS="1873 706 1880 874 1927 872 1920 704"/></Shape></Glyph><Glyph ID="char_2" CONTENT=" " GC="1.0"><Shape><Polygon POINTS="1804 709 1811 877 1880 874 1873 706"/></Shape></Glyph></String>
          </TextLine>

          
          
          <TextLine ID="eSc_line_1786094" BASELINE="1686 985 1781 978 1869 976 2142 989" HPOS="1678.0" VPOS="875.0" WIDTH="468.0" HEIGHT="181.0">
            <Shape><Polygon POINTS="1678 884 1773 877 1866 875 2146 888 2138 1056 1870 1043 1785 1045 1690 1052"/></Shape>
	    <String CONTENT=" יכה ת " HPOS="1678.0" VPOS="875.0" WIDTH="468.0" HEIGHT="181.0"><Glyph ID="char_3" CONTENT=" " GC="1.0"><Shape><Polygon POINTS="2031 883 2023 1050 2091 1054 2099 886"/></Shape></Glyph><Glyph ID="char_4" CONTENT="י" GC="1.0"><Shape><Polygon POINTS="1985 881 1977 1048 2023 1050 2031 883"/></Shape></Glyph><Glyph ID="char_5" CONTENT="כ" GC="1.0"><Shape><Polygon POINTS="1940 878 1932 1046 1977 1048 1985 881"/></Shape></Glyph><Glyph ID="char_6" CONTENT="ה" GC="1.0"><Shape><Polygon POINTS="1884 876 1876 1043 1932 1046 1940 878"/></Shape></Glyph><Glyph ID="char_7" CONTENT=" " GC="1.0"><Shape><Polygon POINTS="1819 876 1823 1044 1876 1043 1884 876"/></Shape></Glyph><Glyph ID="char_8" CONTENT="ת" GC="1.0"><Shape><Polygon POINTS="1757 878 1770 1046 1823 1044 1819 876"/></Shape></Glyph><Glyph ID="char_9" CONTENT=" " GC="1.0"><Shape><Polygon POINTS="1690 883 1702 1051 1770 1046 1757 878"/></Shape></Glyph></String>
          </TextLine>

          
          
          <TextLine ID="eSc_line_1786095" BASELINE="1592 1107 1767 1120 1909 1122 2004 1129 2196 1122" HPOS="1587.0" VPOS="1006.0" WIDTH="611.0" HEIGHT="190.0">
            <Shape><Polygon POINTS="1599 1006 1774 1019 1910 1021 2011 1028 2192 1021 2198 1189 1999 1196 1908 1189 1762 1187 1587 1174"/></Shape>
	    <String CONTENT=" ה אל תעש סוד " HPOS="1587.0" VPOS="1006.0" WIDTH="611.0" HEIGHT="190.0"><Glyph ID="char_10" CONTENT=" " GC="1.0"><Shape><Polygon POINTS="2141 1023 2148 1191 2191 1189 2185 1021"/></Shape></Glyph><Glyph ID="char_11" CONTENT="ה" GC="1.0"><Shape><Polygon POINTS="2095 1025 2102 1192 2148 1191 2141 1023"/></Shape></Glyph><Glyph ID="char_12" CONTENT=" " GC="1.0"><Shape><Polygon POINTS="2061 1026 2068 1194 2102 1192 2095 1025"/></Shape></Glyph><Glyph ID="char_13" CONTENT="א" GC="1.0"><Shape><Polygon POINTS="2016 1028 2023 1195 2068 1194 2061 1026"/></Shape></Glyph><Glyph ID="char_14" CONTENT="ל" GC="1.0"><Shape><Polygon POINTS="1994 1027 1981 1195 2023 1195 2016 1028"/></Shape></Glyph><Glyph ID="char_15" CONTENT=" " GC="1.0"><Shape><Polygon POINTS="1949 1024 1936 1191 1981 1195 1994 1027"/></Shape></Glyph><Glyph ID="char_16" CONTENT="ת" GC="1.0"><Shape><Polygon POINTS="1898 1021 1895 1189 1936 1191 1949 1024"/></Shape></Glyph><Glyph ID="char_17" CONTENT="ע" GC="1.0"><Shape><Polygon POINTS="1841 1020 1838 1188 1895 1189 1898 1021"/></Shape></Glyph><Glyph ID="char_18" CONTENT="ש" GC="1.0"><Shape><Polygon POINTS="1773 1019 1770 1187 1838 1188 1841 1020"/></Shape></Glyph><Glyph ID="char_19" CONTENT=" " GC="1.0"><Shape><Polygon POINTS="1724 1015 1710 1183 1770 1187 1773 1019"/></Shape></Glyph><Glyph ID="char_20" CONTENT="ס" GC="1.0"><Shape><Polygon POINTS="1678 1012 1664 1180 1710 1183 1724 1015"/></Shape></Glyph><Glyph ID="char_21" CONTENT="ו" GC="1.0"><Shape><Polygon POINTS="1644 1009 1630 1177 1664 1180 1678 1012"/></Shape></Glyph><Glyph ID="char_22" CONTENT="ד" GC="1.0"><Shape><Polygon POINTS="1622 1008 1609 1176 1630 1177 1644 1009"/></Shape></Glyph><Glyph ID="char_23" CONTENT=" " GC="1.0"><Shape><Polygon POINTS="1591 1106 1613 1107"/></Shape></Glyph></String>
          </TextLine>

          
          
          <TextLine ID="eSc_line_1786096" BASELINE="1495 1296 1596 1301 2018 1287 2182 1294" HPOS="1491.0" VPOS="1186.0" WIDTH="695.0" HEIGHT="182.0">
            <Shape><Polygon POINTS="1499 1195 1600 1200 2014 1186 2186 1193 2179 1361 2020 1354 1592 1368 1491 1363"/></Shape>
	    <String CONTENT=" תדע שר ש " HPOS="1491.0" VPOS="1186.0" WIDTH="695.0" HEIGHT="182.0"><Glyph ID="char_24" CONTENT=" " GC="1.0"><Shape><Polygon POINTS="2107 1190 2100 1358 2156 1360 2163 1192"/></Shape></Glyph><Glyph ID="char_25" CONTENT="ת" GC="1.0"><Shape><Polygon POINTS="2062 1188 2055 1356 2100 1358 2107 1190"/></Shape></Glyph><Glyph ID="char_26" CONTENT="ד" GC="1.0"><Shape><Polygon POINTS="1998 1187 2004 1355 2055 1356 2062 1188"/></Shape></Glyph><Glyph ID="char_27" CONTENT="ע" GC="1.0"><Shape><Polygon POINTS="1941 1188 1947 1356 2004 1355 1998 1187"/></Shape></Glyph><Glyph ID="char_28" CONTENT=" " GC="1.0"><Shape><Polygon POINTS="1896 1190 1902 1358 1947 1356 1941 1188"/></Shape></Glyph><Glyph ID="char_29" CONTENT="ש" GC="1.0"><Shape><Polygon POINTS="1828 1192 1834 1360 1902 1358 1896 1190"/></Shape></Glyph><Glyph ID="char_30" CONTENT="ר" GC="1.0"><Shape><Polygon POINTS="1749 1195 1755 1363 1834 1360 1828 1192"/></Shape></Glyph><Glyph ID="char_31" CONTENT=" " GC="1.0"><Shape><Polygon POINTS="1659 1198 1665 1366 1755 1363 1749 1195"/></Shape></Glyph><Glyph ID="char_32" CONTENT="ש" GC="1.0"><Shape><Polygon POINTS="1590 1199 1580 1367 1665 1366 1659 1198"/></Shape></Glyph><Glyph ID="char_33" CONTENT=" " GC="1.0"><Shape><Polygon POINTS="1523 1196 1513 1364 1580 1367 1590 1199"/></Shape></Glyph></String>
          </TextLine>

          
        </TextBlock>
        

        
      </PrintSpace>
    </Page>
  </Layout>
</alto>