<?xml version='1.0' encoding='UTF-8'?>
<alto xmlns:xsi="http://www.w3.org/2001/XMLSchema-instance" xmlns="http://www.loc.gov/standards/alto/ns-v4#" xsi:schemaLocation="http://www.loc.gov/standards/alto/ns-v4# http://www.loc.gov/standards/alto/v4/alto-4-2.xsd">
  <Description>
    <MeasurementUnit>pixel</MeasurementUnit>
    <sourceImageInformation>
      <fileName>508-Fg001-R-C01-R01-D25092011-T142325-LR924_012_F.jpg</fileName>
      
    </sourceImageInformation>
  </Description>
  
  <Tags>
    <OtherTag ID="BT1443" LABEL="Parchment_or_papyrus" DESCRIPTION="block type Parchment_or_papyrus"/><OtherTag ID="BT2" LABEL="Main" DESCRIPTION="block type Main"/>
    
  </Tags>
  
  <Layout>
    <Page WIDTH="3608" HEIGHT="2706" PHYSICAL_IMG_NR="1" ID="eSc_dummypage_">
      <PrintSpace HPOS="0" VPOS="0" WIDTH="3608" HEIGHT="2706">
        
        <TextBlock HPOS="1302.0" VPOS="880.0" WIDTH="1440.0" HEIGHT="1273.0" ID="eSc_textblock_503241ff" TAGREFS="BT2">
          <Shape><Polygon POINTS="1302 880 1705 2094 2322 2153 2742 1041"/></Shape>
          
          
          <TextLine ID="eSc_line_1786103" BASELINE="1359 989 1988 1064 2708 1125" HPOS="1350" VPOS="915" WIDTH="1356" HEIGHT="268">
            <Shape><Polygon POINTS="1357 987 1350 1046 1373 1048 1373 1050 1398 1075 1398 1077 1400 1077 1402 1077 1404 1077 1407 1077 1438 1064 1504 1066 1560 1093 1562 1093 1564 1093 1567 1093 1625 1075 1628 1075 1643 1077 1686 1082 1713 1104 1716 1104 1718 1104 1720 1104 1851 1104 1898 1127 1900 1127 2286 1165 2288 1165 2394 1152 2401 1152 2532 1163 2536 1165 2561 1183 2563 1183 2566 1183 2568 1183 2699 1181 2706 1122 2706 1120 2706 1050 2631 1089 2521 1077 2453 1035 2451 1035 2448 1035 2446 1035 2444 1035 2358 1062 2282 1048 2261 1030 2261 1028 2259 1028 2257 1028 2255 1028 2182 1044 2054 1017 2052 1017 1950 1021 1817 1005 1779 967 1779 965 1776 965 1727 951 1725 951 1722 951 1673 947 1598 940 1596 940 1519 958 1474 926 1472 926 1470 926 1362 915 1357 987"/></Shape>
	    <String CONTENT=" רביעי פתחתה מאור גדול בממ " HPOS="1350" VPOS="915" WIDTH="1356" HEIGHT="268"><Glyph ID="char_0" CONTENT=" " GC="1.0"><Shape><Polygon POINTS="2675 1066 2665 1182 2697 1181 2706 1076"/></Shape></Glyph><Glyph ID="char_1" CONTENT="ר" GC="1.0"><Shape><Polygon POINTS="2629 1089 2621 1182 2665 1182 2675 1066"/></Shape></Glyph><Glyph ID="char_2" CONTENT="ב" GC="1.0"><Shape><Polygon POINTS="2586 1084 2578 1183 2621 1182 2629 1089"/></Shape></Glyph><Glyph ID="char_3" CONTENT="י" GC="1.0"><Shape><Polygon POINTS="2542 1079 2535 1164 2578 1183 2586 1084"/></Shape></Glyph><Glyph ID="char_4" CONTENT="ע" GC="1.0"><Shape><Polygon POINTS="2490 1058 2481 1159 2535 1164 2542 1079"/></Shape></Glyph><Glyph ID="char_5" CONTENT="י" GC="1.0"><Shape><Polygon POINTS="2436 1037 2426 1154 2481 1159 2490 1058"/></Shape></Glyph><Glyph ID="char_6" CONTENT=" " GC="1.0"><Shape><Polygon POINTS="2368 1059 2360 1156 2426 1154 2436 1037"/></Shape></Glyph><Glyph ID="char_7" CONTENT="פ" GC="1.0"><Shape><Polygon POINTS="2314 1054 2305 1163 2360 1156 2368 1059"/></Shape></Glyph><Glyph ID="char_8" CONTENT="ת" GC="1.0"><Shape><Polygon POINTS="2261 1030 2250 1161 2305 1163 2314 1054"/></Shape></Glyph><Glyph ID="char_9" CONTENT="ח" GC="1.0"><Shape><Polygon POINTS="2206 1039 2196 1156 2250 1161 2261 1030"/></Shape></Glyph><Glyph ID="char_10" CONTENT="ת" GC="1.0"><Shape><Polygon POINTS="2151 1038 2142 1151 2196 1156 2206 1039"/></Shape></Glyph><Glyph ID="char_11" CONTENT="ה" GC="1.0"><Shape><Polygon POINTS="2098 1026 2088 1146 2142 1151 2151 1038"/></Shape></Glyph><Glyph ID="char_12" CONTENT=" " GC="1.0"><Shape><Polygon POINTS="2065 1019 2055 1142 2088 1146 2098 1026"/></Shape></Glyph><Glyph ID="char_13" CONTENT="מ" GC="1.0"><Shape><Polygon POINTS="2010 1019 2000 1137 2055 1142 2065 1019"/></Shape></Glyph><Glyph ID="char_14" CONTENT="א" GC="1.0"><Shape><Polygon POINTS="1957 1021 1944 1131 2000 1137 2010 1019"/></Shape></Glyph><Glyph ID="char_15" CONTENT="ו" GC="1.0"><Shape><Polygon POINTS="1903 1015 1890 1123 1944 1131 1957 1021"/></Shape></Glyph><Glyph ID="char_16" CONTENT="ר" GC="1.0"><Shape><Polygon POINTS="1859 1010 1848 1104 1890 1123 1903 1015"/></Shape></Glyph><Glyph ID="char_17" CONTENT=" " GC="1.0"><Shape><Polygon POINTS="1816 1004 1804 1104 1848 1104 1859 1010"/></Shape></Glyph><Glyph ID="char_18" CONTENT="ג" GC="1.0"><Shape><Polygon POINTS="1766 962 1749 1104 1804 1104 1816 1004"/></Shape></Glyph><Glyph ID="char_19" CONTENT="ד" GC="1.0"><Shape><Polygon POINTS="1723 951 1705 1098 1749 1104 1766 962"/></Shape></Glyph><Glyph ID="char_20" CONTENT="ו" GC="1.0"><Shape><Polygon POINTS="1691 948 1675 1081 1705 1098 1723 951"/></Shape></Glyph><Glyph ID="char_21" CONTENT="ל" GC="1.0"><Shape><Polygon POINTS="1647 945 1632 1075 1675 1081 1691 948"/></Shape></Glyph><Glyph ID="char_22" CONTENT=" " GC="1.0"><Shape><Polygon POINTS="1592 941 1574 1091 1632 1075 1647 945"/></Shape></Glyph><Glyph ID="char_23" CONTENT="ב" GC="1.0"><Shape><Polygon POINTS="1525 957 1511 1070 1574 1091 1592 941"/></Shape></Glyph><Glyph ID="char_24" CONTENT="מ" GC="1.0"><Shape><Polygon POINTS="1473 926 1457 1065 1511 1070 1525 957"/></Shape></Glyph><Glyph ID="char_25" CONTENT="מ" GC="1.0"><Shape><Polygon POINTS="1409 920 1391 1068 1457 1065 1473 926"/></Shape></Glyph><Glyph ID="char_26" CONTENT=" " GC="1.0"><Shape><Polygon POINTS="1356 988 1399 993"/></Shape></Glyph></String>
          </TextLine>

          
          
          <TextLine ID="eSc_line_1786104" BASELINE="1409 1161 1513 1168 1652 1186 2029 1213 2200 1231 2300 1235 2464 1249 2566 1262 2660 1267" HPOS="1404.0" VPOS="1067.0" WIDTH="1260.0" HEIGHT="262.0">
            <Shape><Polygon POINTS="1415 1067 1519 1074 1664 1093 2035 1119 2209 1137 2303 1141 2471 1155 2577 1169 2664 1173 2656 1329 2558 1323 2458 1311 2297 1297 2193 1293 2024 1275 1643 1247 1508 1230 1404 1223"/></Shape>
	    <String CONTENT=" שעה וארבעים גורלות אור שב " HPOS="1404.0" VPOS="1067.0" WIDTH="1260.0" HEIGHT="262.0"><Glyph ID="char_27" CONTENT=" " GC="1.0"><Shape><Polygon POINTS="2633 1172 2625 1327 2646 1328 2654 1173"/></Shape></Glyph><Glyph ID="char_28" CONTENT="ש" GC="1.0"><Shape><Polygon POINTS="2601 1170 2593 1325 2625 1327 2633 1172"/></Shape></Glyph><Glyph ID="char_29" CONTENT="ע" GC="1.0"><Shape><Polygon POINTS="2566 1168 2546 1322 2593 1325 2601 1170"/></Shape></Glyph><Glyph ID="char_30" CONTENT="ה" GC="1.0"><Shape><Polygon POINTS="2505 1159 2485 1314 2546 1322 2566 1168"/></Shape></Glyph><Glyph ID="char_31" CONTENT=" " GC="1.0"><Shape><Polygon POINTS="2448 1153 2435 1309 2485 1314 2505 1159"/></Shape></Glyph><Glyph ID="char_32" CONTENT="ו" GC="1.0"><Shape><Polygon POINTS="2406 1150 2393 1305 2435 1309 2448 1153"/></Shape></Glyph><Glyph ID="char_33" CONTENT="א" GC="1.0"><Shape><Polygon POINTS="2354 1145 2341 1301 2393 1305 2406 1150"/></Shape></Glyph><Glyph ID="char_34" CONTENT="ר" GC="1.0"><Shape><Polygon POINTS="2313 1142 2299 1297 2341 1301 2354 1145"/></Shape></Glyph><Glyph ID="char_35" CONTENT="ב" GC="1.0"><Shape><Polygon POINTS="2266 1139 2260 1296 2299 1297 2313 1142"/></Shape></Glyph><Glyph ID="char_36" CONTENT="ע" GC="1.0"><Shape><Polygon POINTS="2224 1138 2218 1294 2260 1296 2266 1139"/></Shape></Glyph><Glyph ID="char_37" CONTENT="י" GC="1.0"><Shape><Polygon POINTS="2179 1134 2162 1290 2218 1294 2224 1138"/></Shape></Glyph><Glyph ID="char_38" CONTENT="ם" GC="1.0"><Shape><Polygon POINTS="2127 1129 2111 1284 2162 1290 2179 1134"/></Shape></Glyph><Glyph ID="char_39" CONTENT=" " GC="1.0"><Shape><Polygon POINTS="2085 1124 2069 1280 2111 1284 2127 1129"/></Shape></Glyph><Glyph ID="char_40" CONTENT="ג" GC="1.0"><Shape><Polygon POINTS="2043 1120 2027 1275 2069 1280 2085 1124"/></Shape></Glyph><Glyph ID="char_41" CONTENT="ו" GC="1.0"><Shape><Polygon POINTS="1988 1116 1977 1272 2027 1275 2043 1120"/></Shape></Glyph><Glyph ID="char_42" CONTENT="ר" GC="1.0"><Shape><Polygon POINTS="1947 1113 1935 1268 1977 1272 1988 1116"/></Shape></Glyph><Glyph ID="char_43" CONTENT="ל" GC="1.0"><Shape><Polygon POINTS="1905 1110 1893 1265 1935 1268 1947 1113"/></Shape></Glyph><Glyph ID="char_44" CONTENT="ו" GC="1.0"><Shape><Polygon POINTS="1874 1108 1863 1263 1893 1265 1905 1110"/></Shape></Glyph><Glyph ID="char_45" CONTENT="ת" GC="1.0"><Shape><Polygon POINTS="1821 1104 1810 1259 1863 1263 1874 1108"/></Shape></Glyph><Glyph ID="char_46" CONTENT=" " GC="1.0"><Shape><Polygon POINTS="1769 1100 1758 1255 1810 1259 1821 1104"/></Shape></Glyph><Glyph ID="char_47" CONTENT="א" GC="1.0"><Shape><Polygon POINTS="1706 1096 1695 1251 1758 1255 1769 1100"/></Shape></Glyph><Glyph ID="char_48" CONTENT="ו" GC="1.0"><Shape><Polygon POINTS="1660 1092 1640 1247 1695 1251 1706 1096"/></Shape></Glyph><Glyph ID="char_49" CONTENT="ר" GC="1.0"><Shape><Polygon POINTS="1628 1088 1608 1243 1640 1247 1660 1092"/></Shape></Glyph><Glyph ID="char_50" CONTENT=" " GC="1.0"><Shape><Polygon POINTS="1597 1084 1577 1239 1608 1243 1628 1088"/></Shape></Glyph><Glyph ID="char_51" CONTENT="ש" GC="1.0"><Shape><Polygon POINTS="1535 1076 1515 1231 1577 1239 1597 1084"/></Shape></Glyph><Glyph ID="char_52" CONTENT="ב" GC="1.0"><Shape><Polygon POINTS="1467 1070 1455 1226 1515 1231 1535 1076"/></Shape></Glyph><Glyph ID="char_53" CONTENT=" " GC="1.0"><Shape><Polygon POINTS="1408 1160 1459 1163"/></Shape></Glyph></String>
          </TextLine>

          
          
          <TextLine ID="eSc_line_1786105" BASELINE="1456 1321 1517 1321 1639 1334 1943 1355 2038 1364 2182 1384 2345 1398 2566 1411 2636 1407" HPOS="1456.0" VPOS="1227.0" WIDTH="1183.0" HEIGHT="246.0">
            <Shape><Polygon POINTS="1456 1227 1517 1227 1648 1240 1949 1261 2046 1270 2194 1291 2353 1304 2571 1317 2630 1313 2639 1469 2562 1473 2339 1460 2173 1445 2032 1426 1938 1417 1632 1396 1517 1383 1456 1383"/></Shape>
	    <String CONTENT=" רי לשלושת עולמי חושך שב " HPOS="1456.0" VPOS="1227.0" WIDTH="1183.0" HEIGHT="246.0"><Glyph ID="char_54" CONTENT=" " GC="1.0"><Shape><Polygon POINTS="2567 1317 2576 1472 2618 1470 2609 1314"/></Shape></Glyph><Glyph ID="char_55" CONTENT="ר" GC="1.0"><Shape><Polygon POINTS="2536 1315 2527 1471 2576 1472 2567 1317"/></Shape></Glyph><Glyph ID="char_56" CONTENT="י" GC="1.0"><Shape><Polygon POINTS="2484 1312 2475 1468 2527 1471 2536 1315"/></Shape></Glyph><Glyph ID="char_57" CONTENT=" " GC="1.0"><Shape><Polygon POINTS="2411 1307 2401 1464 2475 1468 2484 1312"/></Shape></Glyph><Glyph ID="char_58" CONTENT="ל" GC="1.0"><Shape><Polygon POINTS="2351 1304 2338 1460 2401 1464 2411 1307"/></Shape></Glyph><Glyph ID="char_59" CONTENT="ש" GC="1.0"><Shape><Polygon POINTS="2298 1300 2285 1455 2338 1460 2351 1304"/></Shape></Glyph><Glyph ID="char_60" CONTENT="ל" GC="1.0"><Shape><Polygon POINTS="2257 1296 2243 1451 2285 1455 2298 1300"/></Shape></Glyph><Glyph ID="char_61" CONTENT="ו" GC="1.0"><Shape><Polygon POINTS="2226 1294 2212 1449 2243 1451 2257 1296"/></Shape></Glyph><Glyph ID="char_62" CONTENT="ש" GC="1.0"><Shape><Polygon POINTS="2178 1289 2156 1443 2212 1449 2226 1294"/></Shape></Glyph><Glyph ID="char_63" CONTENT="ת" GC="1.0"><Shape><Polygon POINTS="2126 1281 2105 1436 2156 1443 2178 1289"/></Shape></Glyph><Glyph ID="char_64" CONTENT=" " GC="1.0"><Shape><Polygon POINTS="2096 1277 2074 1432 2105 1436 2126 1281"/></Shape></Glyph><Glyph ID="char_65" CONTENT="ע" GC="1.0"><Shape><Polygon POINTS="2039 1269 2024 1425 2074 1432 2096 1277"/></Shape></Glyph><Glyph ID="char_66" CONTENT="ו" GC="1.0"><Shape><Polygon POINTS="1987 1265 1973 1420 2024 1425 2039 1269"/></Shape></Glyph><Glyph ID="char_67" CONTENT="ל" GC="1.0"><Shape><Polygon POINTS="1943 1261 1932 1417 1973 1420 1987 1265"/></Shape></Glyph><Glyph ID="char_68" CONTENT="מ" GC="1.0"><Shape><Polygon POINTS="1912 1258 1901 1414 1932 1417 1943 1261"/></Shape></Glyph><Glyph ID="char_69" CONTENT="י" GC="1.0"><Shape><Polygon POINTS="1880 1256 1869 1412 1901 1414 1912 1258"/></Shape></Glyph><Glyph ID="char_70" CONTENT=" " GC="1.0"><Shape><Polygon POINTS="1849 1254 1839 1410 1869 1412 1880 1256"/></Shape></Glyph><Glyph ID="char_71" CONTENT="ח" GC="1.0"><Shape><Polygon POINTS="1817 1252 1807 1408 1839 1410 1849 1254"/></Shape></Glyph><Glyph ID="char_72" CONTENT="ו" GC="1.0"><Shape><Polygon POINTS="1786 1250 1776 1406 1807 1408 1817 1252"/></Shape></Glyph><Glyph ID="char_73" CONTENT="ש" GC="1.0"><Shape><Polygon POINTS="1724 1245 1713 1402 1776 1406 1786 1250"/></Shape></Glyph><Glyph ID="char_74" CONTENT="ך" GC="1.0"><Shape><Polygon POINTS="1672 1242 1661 1398 1713 1402 1724 1245"/></Shape></Glyph><Glyph ID="char_75" CONTENT=" " GC="1.0"><Shape><Polygon POINTS="1633 1239 1617 1394 1661 1398 1672 1242"/></Shape></Glyph><Glyph ID="char_76" CONTENT="ש" GC="1.0"><Shape><Polygon POINTS="1571 1232 1554 1387 1617 1394 1633 1239"/></Shape></Glyph><Glyph ID="char_77" CONTENT="ב" GC="1.0"><Shape><Polygon POINTS="1508 1227 1508 1383 1554 1387 1571 1232"/></Shape></Glyph><Glyph ID="char_78" CONTENT=" " GC="1.0"><Shape><Polygon POINTS="1466 1227 1466 1383 1508 1383 1508 1227"/></Shape></Glyph></String>
          </TextLine>

          
          
          <TextLine ID="eSc_line_1786106" BASELINE="1614 1517 1736 1513 2031 1535 2241 1544 2338 1540" HPOS="1610.0" VPOS="1419.0" WIDTH="730.0" HEIGHT="187.0">
            <Shape><Polygon POINTS="1610 1423 1732 1419 2037 1441 2245 1450 2334 1446 2340 1602 2238 1606 2026 1597 1738 1575 1616 1579"/></Shape>
	    <String CONTENT=" בכול ימי ממשלתו " HPOS="1610.0" VPOS="1419.0" WIDTH="730.0" HEIGHT="187.0"><Glyph ID="char_79" CONTENT=" " GC="1.0"><Shape><Polygon POINTS="2238 1450 2244 1606 2307 1603 2301 1447"/></Shape></Glyph><Glyph ID="char_80" CONTENT="ב" GC="1.0"><Shape><Polygon POINTS="2215 1449 2208 1605 2244 1606 2238 1450"/></Shape></Glyph><Glyph ID="char_81" CONTENT="כ" GC="1.0"><Shape><Polygon POINTS="2173 1447 2166 1603 2208 1605 2215 1449"/></Shape></Glyph><Glyph ID="char_82" CONTENT="ו" GC="1.0"><Shape><Polygon POINTS="2141 1446 2134 1602 2166 1603 2173 1447"/></Shape></Glyph><Glyph ID="char_83" CONTENT="ל" GC="1.0"><Shape><Polygon POINTS="2120 1445 2113 1601 2134 1602 2141 1446"/></Shape></Glyph><Glyph ID="char_84" CONTENT=" " GC="1.0"><Shape><Polygon POINTS="2089 1443 2082 1599 2113 1601 2120 1445"/></Shape></Glyph><Glyph ID="char_85" CONTENT="י" GC="1.0"><Shape><Polygon POINTS="2047 1441 2040 1598 2082 1599 2089 1443"/></Shape></Glyph><Glyph ID="char_86" CONTENT="מ" GC="1.0"><Shape><Polygon POINTS="2008 1439 1997 1595 2040 1598 2047 1441"/></Shape></Glyph><Glyph ID="char_87" CONTENT="י" GC="1.0"><Shape><Polygon POINTS="1987 1437 1976 1593 1997 1595 2008 1439"/></Shape></Glyph><Glyph ID="char_88" CONTENT=" " GC="1.0"><Shape><Polygon POINTS="1955 1435 1944 1591 1976 1593 1987 1437"/></Shape></Glyph><Glyph ID="char_89" CONTENT="מ" GC="1.0"><Shape><Polygon POINTS="1903 1431 1892 1587 1944 1591 1955 1435"/></Shape></Glyph><Glyph ID="char_90" CONTENT="מ" GC="1.0"><Shape><Polygon POINTS="1862 1428 1850 1584 1892 1587 1903 1431"/></Shape></Glyph><Glyph ID="char_91" CONTENT="ש" GC="1.0"><Shape><Polygon POINTS="1809 1425 1797 1580 1850 1584 1862 1428"/></Shape></Glyph><Glyph ID="char_92" CONTENT="ל" GC="1.0"><Shape><Polygon POINTS="1757 1421 1745 1576 1797 1580 1809 1425"/></Shape></Glyph><Glyph ID="char_93" CONTENT="ת" GC="1.0"><Shape><Polygon POINTS="1715 1420 1720 1576 1745 1576 1757 1421"/></Shape></Glyph><Glyph ID="char_94" CONTENT="ו" GC="1.0"><Shape><Polygon POINTS="1673 1421 1678 1577 1720 1576 1715 1420"/></Shape></Glyph><Glyph ID="char_95" CONTENT=" " GC="1.0"><Shape><Polygon POINTS="1621 1423 1626 1579 1678 1577 1673 1421"/></Shape></Glyph></String>
          </TextLine>

          
          
          <TextLine ID="eSc_line_1786107" BASELINE="1623 1661 1727 1666 1813 1682 1885 1688 2327 1718 2437 1729" HPOS="1620.0" VPOS="1567.0" WIDTH="826.0" HEIGHT="224.0">
            <Shape><Polygon POINTS="1627 1567 1731 1572 1830 1589 1892 1594 2333 1624 2446 1635 2430 1791 2322 1780 1879 1750 1801 1743 1724 1728 1620 1723"/></Shape>
	    <String CONTENT=" עולמים להאיר שב " HPOS="1620.0" VPOS="1567.0" WIDTH="826.0" HEIGHT="224.0"><Glyph ID="char_96" CONTENT=" " GC="1.0"><Shape><Polygon POINTS="2372 1628 2357 1784 2408 1789 2424 1633"/></Shape></Glyph><Glyph ID="char_97" CONTENT="ע" GC="1.0"><Shape><Polygon POINTS="2327 1624 2317 1780 2357 1784 2372 1628"/></Shape></Glyph><Glyph ID="char_98" CONTENT="ו" GC="1.0"><Shape><Polygon POINTS="2286 1621 2275 1777 2317 1780 2327 1624"/></Shape></Glyph><Glyph ID="char_99" CONTENT="ל" GC="1.0"><Shape><Polygon POINTS="2254 1619 2243 1775 2275 1777 2286 1621"/></Shape></Glyph><Glyph ID="char_100" CONTENT="מ" GC="1.0"><Shape><Polygon POINTS="2213 1616 2202 1772 2243 1775 2254 1619"/></Shape></Glyph><Glyph ID="char_101" CONTENT="י" GC="1.0"><Shape><Polygon POINTS="2160 1612 2149 1768 2202 1772 2213 1616"/></Shape></Glyph><Glyph ID="char_102" CONTENT="ם" GC="1.0"><Shape><Polygon POINTS="2108 1609 2097 1765 2149 1768 2160 1612"/></Shape></Glyph><Glyph ID="char_103" CONTENT=" " GC="1.0"><Shape><Polygon POINTS="2055 1605 2045 1761 2097 1765 2108 1609"/></Shape></Glyph><Glyph ID="char_104" CONTENT="ל" GC="1.0"><Shape><Polygon POINTS="2003 1602 1993 1758 2045 1761 2055 1605"/></Shape></Glyph><Glyph ID="char_105" CONTENT="ה" GC="1.0"><Shape><Polygon POINTS="1951 1598 1941 1754 1993 1758 2003 1602"/></Shape></Glyph><Glyph ID="char_106" CONTENT="א" GC="1.0"><Shape><Polygon POINTS="1909 1595 1899 1751 1941 1754 1951 1598"/></Shape></Glyph><Glyph ID="char_107" CONTENT="י" GC="1.0"><Shape><Polygon POINTS="1858 1591 1845 1747 1899 1751 1909 1595"/></Shape></Glyph><Glyph ID="char_108" CONTENT="ר" GC="1.0"><Shape><Polygon POINTS="1827 1588 1798 1742 1845 1747 1858 1591"/></Shape></Glyph><Glyph ID="char_109" CONTENT=" " GC="1.0"><Shape><Polygon POINTS="1774 1579 1746 1732 1798 1742 1827 1588"/></Shape></Glyph><Glyph ID="char_110" CONTENT="ש" GC="1.0"><Shape><Polygon POINTS="1700 1571 1691 1726 1746 1732 1774 1579"/></Shape></Glyph><Glyph ID="char_111" CONTENT="ב" GC="1.0"><Shape><Polygon POINTS="1648 1568 1639 1724 1691 1726 1700 1571"/></Shape></Glyph><Glyph ID="char_112" CONTENT=" " GC="1.0"><Shape><Polygon POINTS="1622 1660 1642 1661"/></Shape></Glyph></String>
          </TextLine>

          
          
          <TextLine ID="eSc_line_1786110" BASELINE="1679 1819 1720 1824 1950 1853 2151 1878 2252 1873" HPOS="1671.0" VPOS="1726.0" WIDTH="584.0" HEIGHT="213.0">
            <Shape><Polygon POINTS="1690 1726 1731 1731 1961 1760 2162 1785 2247 1779 2255 1935 2143 1939 1942 1914 1712 1885 1671 1880"/></Shape>
	    <String CONTENT=" ה ר " HPOS="1671.0" VPOS="1726.0" WIDTH="584.0" HEIGHT="213.0"><Glyph ID="char_113" CONTENT=" " GC="1.0"><Shape><Polygon POINTS="2184 1783 2191 1937 2233 1936 2225 1781"/></Shape></Glyph><Glyph ID="char_114" CONTENT="ה" GC="1.0"><Shape><Polygon POINTS="2147 1783 2128 1937 2191 1937 2184 1783"/></Shape></Glyph><Glyph ID="char_115" CONTENT=" " GC="1.0"><Shape><Polygon POINTS="2002 1765 1983 1919 2128 1937 2147 1783"/></Shape></Glyph><Glyph ID="char_116" CONTENT="ר" GC="1.0"><Shape><Polygon POINTS="1856 1747 1837 1901 1983 1919 2002 1765"/></Shape></Glyph><Glyph ID="char_117" CONTENT=" " GC="1.0"><Shape><Polygon POINTS="1752 1734 1733 1888 1837 1901 1856 1747"/></Shape></Glyph></String>
          </TextLine>

          
          
          <TextLine ID="eSc_line_1786109" BASELINE="1700 1968 1740 1984 1779 1988 1991 1995 2024 1991" HPOS="1676.0" VPOS="1881.0" WIDTH="355.0" HEIGHT="176.0">
            <Shape><Polygon POINTS="1734 1881 1774 1897 1788 1894 1994 1901 2012 1898 2031 2052 1988 2057 1772 2050 1716 2041 1676 2025"/></Shape>
	    <String CONTENT=" ה א " HPOS="1676.0" VPOS="1881.0" WIDTH="355.0" HEIGHT="176.0"><Glyph ID="char_118" CONTENT=" " GC="1.0"><Shape><Polygon POINTS="1952 1900 1947 2056 2010 2054 1991 1901"/></Shape></Glyph><Glyph ID="char_119" CONTENT="ה" GC="1.0"><Shape><Polygon POINTS="1899 1898 1894 2054 1947 2056 1952 1900"/></Shape></Glyph><Glyph ID="char_120" CONTENT=" " GC="1.0"><Shape><Polygon POINTS="1857 1896 1852 2053 1894 2054 1899 1898"/></Shape></Glyph><Glyph ID="char_121" CONTENT="א" GC="1.0"><Shape><Polygon POINTS="1783 1895 1778 2050 1852 2053 1857 1896"/></Shape></Glyph><Glyph ID="char_122" CONTENT=" " GC="1.0"><Shape><Polygon POINTS="1745 1885 1685 2029 1778 2050 1783 1895"/></Shape></Glyph></String>
          </TextLine>

          
        </TextBlock>
        

        
      </PrintSpace>
    </Page>
  </Layout>
</alto>