<?xml version='1.0' encoding='UTF-8'?>
<alto xmlns:xsi="http://www.w3.org/2001/XMLSchema-instance" xmlns="http://www.loc.gov/standards/alto/ns-v4#" xsi:schemaLocation="http://www.loc.gov/standards/alto/ns-v4# http://www.loc.gov/standards/alto/v4/alto-4-2.xsd">
  <Description>
    <MeasurementUnit>pixel</MeasurementUnit>
    <sourceImageInformation>
      <fileName>512-Fg008-R-C01-R01-D22022012-T141517-LR924_012_F.jpg</fileName>
      
    </sourceImageInformation>
  </Description>
  
  <Tags>
    <OtherTag ID="BT1443" LABEL="Parchment_or_papyrus" DESCRIPTION="block type Parchment_or_papyrus"/><OtherTag ID="BT2" LABEL="Main" DESCRIPTION="block type Main"/>
    
  </Tags>
  
  <Layout>
    <Page WIDTH="3608" HEIGHT="2706" PHYSICAL_IMG_NR="194" ID="eSc_dummypage_">
      <PrintSpace HPOS="0" VPOS="0" WIDTH="3608" HEIGHT="2706">
        
        <TextBlock HPOS="1520.0" VPOS="988.0" WIDTH="736.0" HEIGHT="618.0" ID="eSc_textblock_1d1b1155" TAGREFS="BT2">
          <Shape><Polygon POINTS="1568 988 1520 1606 2256 1606 2240 1101"/></Shape>
          
          
          <TextLine ID="eSc_line_1786112" BASELINE="1754 1104 1889 1102 1928 1104 2049 1122 2115 1122" HPOS="1752.0" VPOS="1009.0" WIDTH="363.0" HEIGHT="174.0">
            <Shape><Polygon POINTS="1752 1011 1887 1009 1932 1011 2062 1030 2115 1029 2115 1183 2039 1182 1924 1165 1889 1163 1754 1165"/></Shape>
	    <String CONTENT=" יאמץ לנ " HPOS="1752.0" VPOS="1009.0" WIDTH="363.0" HEIGHT="174.0"><Glyph ID="char_0" CONTENT=" " GC="1.0"><Shape><Polygon POINTS="2063 1030 2063 1182 2105 1183 2105 1029"/></Shape></Glyph><Glyph ID="char_1" CONTENT="י" GC="1.0"><Shape><Polygon POINTS="2045 1028 2023 1180 2063 1182 2063 1030"/></Shape></Glyph><Glyph ID="char_2" CONTENT="א" GC="1.0"><Shape><Polygon POINTS="1994 1020 1971 1172 2023 1180 2045 1028"/></Shape></Glyph><Glyph ID="char_3" CONTENT="מ" GC="1.0"><Shape><Polygon POINTS="1924 1011 1916 1165 1971 1172 1994 1020"/></Shape></Glyph><Glyph ID="char_4" CONTENT="ץ" GC="1.0"><Shape><Polygon POINTS="1876 1009 1878 1163 1916 1165 1924 1011"/></Shape></Glyph><Glyph ID="char_5" CONTENT=" " GC="1.0"><Shape><Polygon POINTS="1856 1009 1858 1163 1878 1163 1876 1009"/></Shape></Glyph><Glyph ID="char_6" CONTENT="ל" GC="1.0"><Shape><Polygon POINTS="1814 1010 1816 1164 1858 1163 1856 1009"/></Shape></Glyph><Glyph ID="char_7" CONTENT="נ" GC="1.0"><Shape><Polygon POINTS="1773 1011 1775 1165 1816 1164 1814 1010"/></Shape></Glyph><Glyph ID="char_8" CONTENT=" " GC="1.0"><Shape><Polygon POINTS="1753 1104 1773 1103"/></Shape></Glyph></String>
          </TextLine>

          
          
          <TextLine ID="eSc_line_1786113" BASELINE="1492 1219 1625 1233 1851 1269 2117 1292 2187 1292" HPOS="1485.0" VPOS="1127.0" WIDTH="702.0" HEIGHT="226.0">
            <Shape><Polygon POINTS="1501 1127 1634 1141 1865 1177 2124 1199 2187 1199 2187 1353 2111 1353 1841 1329 1618 1294 1485 1280"/></Shape>
	    <String CONTENT=" ריו לחזק לב " HPOS="1485.0" VPOS="1127.0" WIDTH="702.0" HEIGHT="226.0"><Glyph ID="char_9" CONTENT=" " GC="1.0"><Shape><Polygon POINTS="2123 1199 2123 1353 2165 1353 2165 1199"/></Shape></Glyph><Glyph ID="char_10" CONTENT="ר" GC="1.0"><Shape><Polygon POINTS="2089 1196 2076 1350 2123 1353 2123 1199"/></Shape></Glyph><Glyph ID="char_11" CONTENT="י" GC="1.0"><Shape><Polygon POINTS="2049 1193 2035 1346 2076 1350 2089 1196"/></Shape></Glyph><Glyph ID="char_12" CONTENT="ו" GC="1.0"><Shape><Polygon POINTS="2017 1190 2003 1343 2035 1346 2049 1193"/></Shape></Glyph><Glyph ID="char_13" CONTENT=" " GC="1.0"><Shape><Polygon POINTS="1986 1187 1973 1341 2003 1343 2017 1190"/></Shape></Glyph><Glyph ID="char_14" CONTENT="ל" GC="1.0"><Shape><Polygon POINTS="1944 1184 1931 1337 1973 1341 1986 1187"/></Shape></Glyph><Glyph ID="char_15" CONTENT="ח" GC="1.0"><Shape><Polygon POINTS="1902 1180 1889 1333 1931 1337 1944 1184"/></Shape></Glyph><Glyph ID="char_16" CONTENT="ז" GC="1.0"><Shape><Polygon POINTS="1871 1178 1858 1331 1889 1333 1902 1180"/></Shape></Glyph><Glyph ID="char_17" CONTENT="ק" GC="1.0"><Shape><Polygon POINTS="1847 1174 1823 1326 1858 1331 1871 1178"/></Shape></Glyph><Glyph ID="char_18" CONTENT=" " GC="1.0"><Shape><Polygon POINTS="1816 1169 1791 1321 1823 1326 1847 1174"/></Shape></Glyph><Glyph ID="char_19" CONTENT="ל" GC="1.0"><Shape><Polygon POINTS="1785 1165 1761 1316 1791 1321 1816 1169"/></Shape></Glyph><Glyph ID="char_20" CONTENT="ב" GC="1.0"><Shape><Polygon POINTS="1713 1153 1689 1305 1761 1316 1785 1165"/></Shape></Glyph><Glyph ID="char_21" CONTENT=" " GC="1.0"><Shape><Polygon POINTS="1574 1135 1557 1288 1689 1305 1713 1153"/></Shape></Glyph></String>
          </TextLine>

          
          
          <TextLine ID="eSc_line_1786114" BASELINE="1564 1407 1686 1418 1707 1427 1767 1427 2018 1456 2216 1445" HPOS="1558.0" VPOS="1314.0" WIDTH="661.0" HEIGHT="203.0">
            <Shape><Polygon POINTS="1572 1314 1694 1325 1743 1342 1767 1334 2028 1364 2210 1352 2219 1506 2010 1517 1767 1488 1682 1483 1680 1479 1558 1468"/></Shape>
	    <String CONTENT=" ל לות כל עבדי " HPOS="1558.0" VPOS="1314.0" WIDTH="661.0" HEIGHT="203.0"><Glyph ID="char_22" CONTENT=" " GC="1.0"><Shape><Polygon POINTS="2109 1359 2117 1511 2180 1508 2172 1355"/></Shape></Glyph><Glyph ID="char_23" CONTENT="ל" GC="1.0"><Shape><Polygon POINTS="2068 1361 2076 1514 2117 1511 2109 1359"/></Shape></Glyph><Glyph ID="char_24" CONTENT=" " GC="1.0"><Shape><Polygon POINTS="2026 1364 2034 1516 2076 1514 2068 1361"/></Shape></Glyph><Glyph ID="char_25" CONTENT="ל" GC="1.0"><Shape><Polygon POINTS="2010 1362 1992 1515 2034 1516 2026 1364"/></Shape></Glyph><Glyph ID="char_26" CONTENT="ו" GC="1.0"><Shape><Polygon POINTS="1968 1357 1950 1510 1992 1515 2010 1362"/></Shape></Glyph><Glyph ID="char_27" CONTENT="ת" GC="1.0"><Shape><Polygon POINTS="1937 1354 1919 1506 1950 1510 1968 1357"/></Shape></Glyph><Glyph ID="char_28" CONTENT=" " GC="1.0"><Shape><Polygon POINTS="1905 1350 1888 1502 1919 1506 1937 1354"/></Shape></Glyph><Glyph ID="char_29" CONTENT="כ" GC="1.0"><Shape><Polygon POINTS="1865 1345 1847 1498 1888 1502 1905 1350"/></Shape></Glyph><Glyph ID="char_30" CONTENT="ל" GC="1.0"><Shape><Polygon POINTS="1844 1343 1826 1495 1847 1498 1865 1345"/></Shape></Glyph><Glyph ID="char_31" CONTENT=" " GC="1.0"><Shape><Polygon POINTS="1812 1339 1794 1491 1826 1495 1844 1343"/></Shape></Glyph><Glyph ID="char_32" CONTENT="ע" GC="1.0"><Shape><Polygon POINTS="1750 1340 1750 1487 1794 1491 1812 1339"/></Shape></Glyph><Glyph ID="char_33" CONTENT="ב" GC="1.0"><Shape><Polygon POINTS="1733 1339 1674 1478 1750 1487 1750 1340"/></Shape></Glyph><Glyph ID="char_34" CONTENT="ד" GC="1.0"><Shape><Polygon POINTS="1667 1323 1652 1476 1674 1478 1733 1339"/></Shape></Glyph><Glyph ID="char_35" CONTENT="י" GC="1.0"><Shape><Polygon POINTS="1625 1319 1610 1473 1652 1476 1667 1323"/></Shape></Glyph><Glyph ID="char_36" CONTENT=" " GC="1.0"><Shape><Polygon POINTS="1583 1315 1568 1469 1610 1473 1625 1319"/></Shape></Glyph></String>
          </TextLine>

          
        </TextBlock>
        

        
      </PrintSpace>
    </Page>
  </Layout>
</alto>