<?xml version='1.0' encoding='UTF-8'?>
<alto xmlns:xsi="http://www.w3.org/2001/XMLSchema-instance" xmlns="http://www.loc.gov/standards/alto/ns-v4#" xsi:schemaLocation="http://www.loc.gov/standards/alto/ns-v4# http://www.loc.gov/standards/alto/v4/alto-4-2.xsd">
  <Description>
    <MeasurementUnit>pixel</MeasurementUnit>
    <sourceImageInformation>
      <fileName>512-Fg015-R-C01-R01-D22022012-T154051-LR924_012_F.jpg</fileName>
      
    </sourceImageInformation>
  </Description>
  
  <Tags>
    <OtherTag ID="BT1443" LABEL="Parchment_or_papyrus" DESCRIPTION="block type Parchment_or_papyrus"/><OtherTag ID="BT2" LABEL="Main" DESCRIPTION="block type Main"/>
    
  </Tags>
  
  <Layout>
    <Page WIDTH="3608" HEIGHT="2706" PHYSICAL_IMG_NR="288" ID="eSc_dummypage_">
      <PrintSpace HPOS="0" VPOS="0" WIDTH="3608" HEIGHT="2706">
        
        <TextBlock HPOS="1326.0" VPOS="945.0" WIDTH="1295.0" HEIGHT="870.0" ID="eSc_textblock_5edb249c" TAGREFS="BT2">
          <Shape><Polygon POINTS="1326 945 1326 1815 2621 1815 2621 945"/></Shape>
          
          
          <TextLine ID="eSc_line_1786117" BASELINE="1736 980 1774 969 1810 967 2164 1007 2282 1003" HPOS="1711.0" VPOS="877.0" WIDTH="573.0" HEIGHT="189.0">
            <Shape><Polygon POINTS="1711 894 1749 883 1805 877 2174 918 2278 913 2284 1062 2157 1066 1813 1026 1790 1026 1752 1037"/></Shape>
	    <String CONTENT=" תצ ושא " HPOS="1711.0" VPOS="877.0" WIDTH="573.0" HEIGHT="189.0"><Glyph ID="char_0" CONTENT=" " GC="1.0"><Shape><Polygon POINTS="2178 918 2183 1065 2253 1063 2248 914"/></Shape></Glyph><Glyph ID="char_1" CONTENT="ת" GC="1.0"><Shape><Polygon POINTS="2122 912 2105 1060 2183 1065 2178 918"/></Shape></Glyph><Glyph ID="char_2" CONTENT="צ" GC="1.0"><Shape><Polygon POINTS="2062 906 2045 1053 2105 1060 2122 912"/></Shape></Glyph><Glyph ID="char_3" CONTENT=" " GC="1.0"><Shape><Polygon POINTS="1972 896 1956 1043 2045 1053 2062 906"/></Shape></Glyph><Glyph ID="char_4" CONTENT="ו" GC="1.0"><Shape><Polygon POINTS="1903 888 1886 1035 1956 1043 1972 896"/></Shape></Glyph><Glyph ID="char_5" CONTENT="ש" GC="1.0"><Shape><Polygon POINTS="1853 882 1837 1029 1886 1035 1903 888"/></Shape></Glyph><Glyph ID="char_6" CONTENT="א" GC="1.0"><Shape><Polygon POINTS="1779 880 1787 1027 1837 1029 1853 882"/></Shape></Glyph><Glyph ID="char_7" CONTENT=" " GC="1.0"><Shape><Polygon POINTS="1735 980 1783 968"/></Shape></Glyph></String>
          </TextLine>

          
          
          <TextLine ID="eSc_line_1786120" BASELINE="1454 1080 1603 1091 1704 1107 1783 1111 1984 1147 2212 1156 2588 1186" HPOS="1449.0" VPOS="990.0" WIDTH="1146.0" HEIGHT="255.0">
            <Shape><Polygon POINTS="1460 990 1609 1001 1717 1018 1787 1021 1999 1059 2215 1066 2595 1096 2583 1245 2209 1215 1973 1205 1779 1170 1694 1165 1598 1150 1449 1139"/></Shape>
	    <String CONTENT=" טוח לאכול ולשתות ממנו ל " HPOS="1449.0" VPOS="990.0" WIDTH="1146.0" HEIGHT="255.0"><Glyph ID="char_8" CONTENT=" " GC="1.0"><Shape><Polygon POINTS="2553 1093 2541 1242 2571 1244 2583 1095"/></Shape></Glyph><Glyph ID="char_9" CONTENT="ט" GC="1.0"><Shape><Polygon POINTS="2512 1089 2500 1238 2541 1242 2553 1093"/></Shape></Glyph><Glyph ID="char_10" CONTENT="ו" GC="1.0"><Shape><Polygon POINTS="2462 1086 2450 1234 2500 1238 2512 1089"/></Shape></Glyph><Glyph ID="char_11" CONTENT="ח" GC="1.0"><Shape><Polygon POINTS="2422 1082 2410 1231 2450 1234 2462 1086"/></Shape></Glyph><Glyph ID="char_12" CONTENT=" " GC="1.0"><Shape><Polygon POINTS="2391 1080 2380 1229 2410 1231 2422 1082"/></Shape></Glyph><Glyph ID="char_13" CONTENT="ל" GC="1.0"><Shape><Polygon POINTS="2352 1077 2340 1225 2380 1229 2391 1080"/></Shape></Glyph><Glyph ID="char_14" CONTENT="א" GC="1.0"><Shape><Polygon POINTS="2302 1073 2290 1221 2340 1225 2352 1077"/></Shape></Glyph><Glyph ID="char_15" CONTENT="כ" GC="1.0"><Shape><Polygon POINTS="2251 1069 2239 1217 2290 1221 2302 1073"/></Shape></Glyph><Glyph ID="char_16" CONTENT="ו" GC="1.0"><Shape><Polygon POINTS="2207 1066 2201 1215 2239 1217 2251 1069"/></Shape></Glyph><Glyph ID="char_17" CONTENT="ל" GC="1.0"><Shape><Polygon POINTS="2177 1065 2171 1213 2201 1215 2207 1066"/></Shape></Glyph><Glyph ID="char_18" CONTENT=" " GC="1.0"><Shape><Polygon POINTS="2136 1063 2131 1212 2171 1213 2177 1065"/></Shape></Glyph><Glyph ID="char_19" CONTENT="ו" GC="1.0"><Shape><Polygon POINTS="2096 1062 2091 1210 2131 1212 2136 1063"/></Shape></Glyph><Glyph ID="char_20" CONTENT="ל" GC="1.0"><Shape><Polygon POINTS="2056 1061 2051 1208 2091 1210 2096 1062"/></Shape></Glyph><Glyph ID="char_21" CONTENT="ש" GC="1.0"><Shape><Polygon POINTS="1995 1058 1990 1206 2051 1208 2056 1061"/></Shape></Glyph><Glyph ID="char_22" CONTENT="ת" GC="1.0"><Shape><Polygon POINTS="1958 1052 1932 1198 1990 1206 1995 1058"/></Shape></Glyph><Glyph ID="char_23" CONTENT="ו" GC="1.0"><Shape><Polygon POINTS="1909 1043 1883 1189 1932 1198 1958 1052"/></Shape></Glyph><Glyph ID="char_24" CONTENT="ת" GC="1.0"><Shape><Polygon POINTS="1869 1036 1843 1181 1883 1189 1909 1043"/></Shape></Glyph><Glyph ID="char_25" CONTENT=" " GC="1.0"><Shape><Polygon POINTS="1839 1030 1813 1176 1843 1181 1869 1036"/></Shape></Glyph><Glyph ID="char_26" CONTENT="מ" GC="1.0"><Shape><Polygon POINTS="1779 1021 1771 1170 1813 1176 1839 1030"/></Shape></Glyph><Glyph ID="char_27" CONTENT="מ" GC="1.0"><Shape><Polygon POINTS="1738 1019 1730 1167 1771 1170 1779 1021"/></Shape></Glyph><Glyph ID="char_28" CONTENT="נ" GC="1.0"><Shape><Polygon POINTS="1707 1016 1684 1163 1730 1167 1738 1019"/></Shape></Glyph><Glyph ID="char_29" CONTENT="ו" GC="1.0"><Shape><Polygon POINTS="1678 1012 1655 1159 1684 1163 1707 1016"/></Shape></Glyph><Glyph ID="char_30" CONTENT=" " GC="1.0"><Shape><Polygon POINTS="1591 1000 1579 1149 1655 1159 1678 1012"/></Shape></Glyph><Glyph ID="char_31" CONTENT="ל" GC="1.0"><Shape><Polygon POINTS="1511 994 1499 1143 1579 1149 1591 1000"/></Shape></Glyph><Glyph ID="char_32" CONTENT=" " GC="1.0"><Shape><Polygon POINTS="1470 991 1458 1140 1499 1143 1511 994"/></Shape></Glyph></String>
          </TextLine>

          
          
          <TextLine ID="eSc_line_1786121" BASELINE="1389 1240 1452 1237 1664 1256 1772 1271 2036 1321 2311 1346 2428 1350 2597 1373" HPOS="1384.0" VPOS="1147.0" WIDTH="1225.0" HEIGHT="285.0">
            <Shape><Polygon POINTS="1384 1150 1447 1147 1671 1166 1784 1182 2052 1233 2319 1256 2431 1260 2609 1284 2588 1432 2425 1409 2305 1405 2024 1379 1763 1330 1658 1315 1454 1296 1391 1299"/></Shape>
	    <String CONTENT=" ר והיה חינם אל ישאב ממנו " HPOS="1384.0" VPOS="1147.0" WIDTH="1225.0" HEIGHT="285.0"><Glyph ID="char_33" CONTENT=" " GC="1.0"><Shape><Polygon POINTS="2509 1270 2489 1418 2559 1428 2579 1280"/></Shape></Glyph><Glyph ID="char_34" CONTENT="ר" GC="1.0"><Shape><Polygon POINTS="2469 1265 2449 1412 2489 1418 2509 1270"/></Shape></Glyph><Glyph ID="char_35" CONTENT=" " GC="1.0"><Shape><Polygon POINTS="2430 1260 2425 1409 2449 1412 2469 1265"/></Shape></Glyph><Glyph ID="char_36" CONTENT="ו" GC="1.0"><Shape><Polygon POINTS="2379 1258 2374 1407 2425 1409 2430 1260"/></Shape></Glyph><Glyph ID="char_37" CONTENT="ה" GC="1.0"><Shape><Polygon POINTS="2319 1256 2314 1405 2374 1407 2379 1258"/></Shape></Glyph><Glyph ID="char_38" CONTENT="י" GC="1.0"><Shape><Polygon POINTS="2275 1252 2261 1401 2314 1405 2319 1256"/></Shape></Glyph><Glyph ID="char_39" CONTENT="ה" GC="1.0"><Shape><Polygon POINTS="2224 1248 2210 1396 2261 1401 2275 1252"/></Shape></Glyph><Glyph ID="char_40" CONTENT=" " GC="1.0"><Shape><Polygon POINTS="2184 1244 2170 1393 2210 1396 2224 1248"/></Shape></Glyph><Glyph ID="char_41" CONTENT="ח" GC="1.0"><Shape><Polygon POINTS="2134 1240 2121 1388 2170 1393 2184 1244"/></Shape></Glyph><Glyph ID="char_42" CONTENT="י" GC="1.0"><Shape><Polygon POINTS="2094 1237 2081 1384 2121 1388 2134 1240"/></Shape></Glyph><Glyph ID="char_43" CONTENT="נ" GC="1.0"><Shape><Polygon POINTS="2052 1233 2024 1379 2081 1384 2094 1237"/></Shape></Glyph><Glyph ID="char_44" CONTENT="ם" GC="1.0"><Shape><Polygon POINTS="2013 1226 1985 1372 2024 1379 2052 1233"/></Shape></Glyph><Glyph ID="char_45" CONTENT=" " GC="1.0"><Shape><Polygon POINTS="1973 1218 1946 1364 1985 1372 2013 1226"/></Shape></Glyph><Glyph ID="char_46" CONTENT="א" GC="1.0"><Shape><Polygon POINTS="1913 1207 1886 1353 1946 1364 1973 1218"/></Shape></Glyph><Glyph ID="char_47" CONTENT="ל" GC="1.0"><Shape><Polygon POINTS="1884 1201 1856 1348 1886 1353 1913 1207"/></Shape></Glyph><Glyph ID="char_48" CONTENT=" " GC="1.0"><Shape><Polygon POINTS="1855 1195 1827 1342 1856 1348 1884 1201"/></Shape></Glyph><Glyph ID="char_49" CONTENT="י" GC="1.0"><Shape><Polygon POINTS="1815 1188 1787 1335 1827 1342 1855 1195"/></Shape></Glyph><Glyph ID="char_50" CONTENT="ש" GC="1.0"><Shape><Polygon POINTS="1751 1177 1730 1325 1787 1335 1815 1188"/></Shape></Glyph><Glyph ID="char_51" CONTENT="א" GC="1.0"><Shape><Polygon POINTS="1681 1167 1661 1315 1730 1325 1751 1177"/></Shape></Glyph><Glyph ID="char_52" CONTENT="ב" GC="1.0"><Shape><Polygon POINTS="1627 1162 1614 1311 1661 1315 1681 1167"/></Shape></Glyph><Glyph ID="char_53" CONTENT=" " GC="1.0"><Shape><Polygon POINTS="1596 1160 1583 1308 1614 1311 1627 1162"/></Shape></Glyph><Glyph ID="char_54" CONTENT="מ" GC="1.0"><Shape><Polygon POINTS="1547 1155 1533 1303 1583 1308 1596 1160"/></Shape></Glyph><Glyph ID="char_55" CONTENT="מ" GC="1.0"><Shape><Polygon POINTS="1507 1152 1494 1300 1533 1303 1547 1155"/></Shape></Glyph><Glyph ID="char_56" CONTENT="נ" GC="1.0"><Shape><Polygon POINTS="1477 1150 1464 1297 1494 1300 1507 1152"/></Shape></Glyph><Glyph ID="char_57" CONTENT="ו" GC="1.0"><Shape><Polygon POINTS="1467 1149 1454 1296 1464 1297 1477 1150"/></Shape></Glyph><Glyph ID="char_58" CONTENT=" " GC="1.0"><Shape><Polygon POINTS="1404 1149 1411 1298 1454 1296 1467 1149"/></Shape></Glyph></String>
          </TextLine>

          
          
          <TextLine ID="eSc_line_1786122" BASELINE="1468 1386 1772 1425 2288 1474 2367 1474 2426 1470 2485 1472 2550 1483" HPOS="1460.0" VPOS="1297.0" WIDTH="1104.0" HEIGHT="244.0">
            <Shape><Polygon POINTS="1479 1297 1783 1336 2296 1385 2367 1384 2419 1380 2488 1382 2564 1394 2540 1541 2482 1531 2430 1529 2367 1533 2282 1533 1764 1484 1460 1445"/></Shape>
	    <String CONTENT=" יא מלאכת היאה אל חל " HPOS="1460.0" VPOS="1297.0" WIDTH="1104.0" HEIGHT="244.0"><Glyph ID="char_59" CONTENT=" " GC="1.0"><Shape><Polygon POINTS="2504 1384 2479 1531 2519 1537 2544 1391"/></Shape></Glyph><Glyph ID="char_60" CONTENT="י" GC="1.0"><Shape><Polygon POINTS="2472 1382 2467 1530 2479 1531 2504 1384"/></Shape></Glyph><Glyph ID="char_61" CONTENT="א" GC="1.0"><Shape><Polygon POINTS="2442 1381 2437 1529 2467 1530 2472 1382"/></Shape></Glyph><Glyph ID="char_62" CONTENT=" " GC="1.0"><Shape><Polygon POINTS="2403 1381 2413 1530 2437 1529 2442 1381"/></Shape></Glyph><Glyph ID="char_63" CONTENT="מ" GC="1.0"><Shape><Polygon POINTS="2363 1384 2373 1533 2413 1530 2403 1381"/></Shape></Glyph><Glyph ID="char_64" CONTENT="ל" GC="1.0"><Shape><Polygon POINTS="2328 1385 2328 1533 2373 1533 2363 1384"/></Shape></Glyph><Glyph ID="char_65" CONTENT="א" GC="1.0"><Shape><Polygon POINTS="2287 1384 2273 1532 2328 1533 2328 1385"/></Shape></Glyph><Glyph ID="char_66" CONTENT="כ" GC="1.0"><Shape><Polygon POINTS="2227 1378 2213 1526 2273 1532 2287 1384"/></Shape></Glyph><Glyph ID="char_67" CONTENT="ת" GC="1.0"><Shape><Polygon POINTS="2186 1374 2172 1523 2213 1526 2227 1378"/></Shape></Glyph><Glyph ID="char_68" CONTENT=" " GC="1.0"><Shape><Polygon POINTS="2086 1365 2072 1513 2172 1523 2186 1374"/></Shape></Glyph><Glyph ID="char_69" CONTENT="ה" GC="1.0"><Shape><Polygon POINTS="1935 1351 1921 1499 2072 1513 2086 1365"/></Shape></Glyph><Glyph ID="char_70" CONTENT="י" GC="1.0"><Shape><Polygon POINTS="1856 1343 1841 1491 1921 1499 1935 1351"/></Shape></Glyph><Glyph ID="char_71" CONTENT="א" GC="1.0"><Shape><Polygon POINTS="1785 1336 1771 1485 1841 1491 1856 1343"/></Shape></Glyph><Glyph ID="char_72" CONTENT="ה" GC="1.0"><Shape><Polygon POINTS="1729 1329 1709 1477 1771 1485 1785 1336"/></Shape></Glyph><Glyph ID="char_73" CONTENT=" " GC="1.0"><Shape><Polygon POINTS="1679 1323 1660 1471 1709 1477 1729 1329"/></Shape></Glyph><Glyph ID="char_74" CONTENT="א" GC="1.0"><Shape><Polygon POINTS="1628 1316 1609 1464 1660 1471 1679 1323"/></Shape></Glyph><Glyph ID="char_75" CONTENT="ל" GC="1.0"><Shape><Polygon POINTS="1599 1312 1579 1460 1609 1464 1628 1316"/></Shape></Glyph><Glyph ID="char_76" CONTENT=" " GC="1.0"><Shape><Polygon POINTS="1539 1305 1520 1453 1579 1460 1599 1312"/></Shape></Glyph><Glyph ID="char_77" CONTENT="ח" GC="1.0"><Shape><Polygon POINTS="1467 1385 1527 1392"/></Shape></Glyph><Glyph ID="char_78" CONTENT="ל" GC="1.0"><Shape><Polygon POINTS="1467 1385 1467 1385"/></Shape></Glyph><Glyph ID="char_79" CONTENT=" " GC="1.0"><Shape><Polygon POINTS="1467 1385 1467 1385"/></Shape></Glyph></String>
          </TextLine>

          
          
          <TextLine ID="eSc_line_1786124" BASELINE="1472 1526 1632 1549 1722 1549 2162 1628 2329 1641 2478 1661" HPOS="1463.0" VPOS="1437.0" WIDTH="1026.0" HEIGHT="283.0">
            <Shape><Polygon POINTS="1484 1437 1644 1460 1722 1459 2177 1540 2335 1551 2489 1572 2470 1720 2324 1700 2151 1686 1722 1608 1623 1607 1463 1584"/></Shape>
	    <String CONTENT=" איש ב ל " HPOS="1463.0" VPOS="1437.0" WIDTH="1026.0" HEIGHT="283.0"><Glyph ID="char_80" CONTENT=" " GC="1.0"><Shape><Polygon POINTS="2460 1568 2440 1716 2468 1720 2488 1572"/></Shape></Glyph><Glyph ID="char_81" CONTENT="א" GC="1.0"><Shape><Polygon POINTS="2430 1564 2410 1712 2440 1716 2460 1568"/></Shape></Glyph><Glyph ID="char_82" CONTENT="י" GC="1.0"><Shape><Polygon POINTS="2390 1559 2370 1706 2410 1712 2430 1564"/></Shape></Glyph><Glyph ID="char_83" CONTENT="ש" GC="1.0"><Shape><Polygon POINTS="2351 1553 2331 1701 2370 1706 2390 1559"/></Shape></Glyph><Glyph ID="char_84" CONTENT=" " GC="1.0"><Shape><Polygon POINTS="2306 1549 2294 1698 2331 1701 2351 1553"/></Shape></Glyph><Glyph ID="char_85" CONTENT="ב" GC="1.0"><Shape><Polygon POINTS="2038 1515 2012 1661 2294 1698 2306 1549"/></Shape></Glyph><Glyph ID="char_86" CONTENT=" " GC="1.0"><Shape><Polygon POINTS="1668 1460 1668 1607 2012 1661 2038 1515"/></Shape></Glyph><Glyph ID="char_87" CONTENT="ל" GC="1.0"><Shape><Polygon POINTS="1573 1450 1551 1597 1668 1607 1668 1460"/></Shape></Glyph><Glyph ID="char_88" CONTENT=" " GC="1.0"><Shape><Polygon POINTS="1514 1441 1492 1588 1551 1597 1573 1450"/></Shape></Glyph></String>
          </TextLine>

          
        </TextBlock>
        

        
      </PrintSpace>
    </Page>
  </Layout>
</alto>