<?xml version='1.0' encoding='UTF-8'?>
<alto xmlns:xsi="http://www.w3.org/2001/XMLSchema-instance" xmlns="http://www.loc.gov/standards/alto/ns-v4#" xsi:schemaLocation="http://www.loc.gov/standards/alto/ns-v4# http://www.loc.gov/standards/alto/v4/alto-4-2.xsd">
  <Description>
    <MeasurementUnit>pixel</MeasurementUnit>
    <sourceImageInformation>
      <fileName>644-Fg005-R-C01-R01-D07112011-T134200-LR924_012_F.jpg</fileName>
      
    </sourceImageInformation>
  </Description>
  
  <Tags>
    <OtherTag ID="BT1443" LABEL="Parchment_or_papyrus" DESCRIPTION="block type Parchment_or_papyrus"/><OtherTag ID="BT2" LABEL="Main" DESCRIPTION="block type Main"/>
    
  </Tags>
  
  <Layout>
    <Page WIDTH="3608" HEIGHT="2706" PHYSICAL_IMG_NR="212" ID="eSc_dummypage_">
      <PrintSpace HPOS="0" VPOS="0" WIDTH="3608" HEIGHT="2706">
        
        <TextBlock HPOS="1316.0" VPOS="708.0" WIDTH="1112.0" HEIGHT="1097.0" ID="eSc_textblock_9726646a" TAGREFS="BT2">
          <Shape><Polygon POINTS="1316 708 1316 1805 2428 1805 2428 708"/></Shape>
          
          
          <TextLine ID="eSc_line_1786155" BASELINE="1614 807 1934 802" HPOS="1612.0" VPOS="712.0" WIDTH="322.0" HEIGHT="154.0">
            <Shape><Polygon POINTS="1612 717 1932 712 1934 861 1614 866"/></Shape>
	    <String CONTENT=" אלך וג " HPOS="1612.0" VPOS="712.0" WIDTH="322.0" HEIGHT="154.0"><Glyph ID="char_0" CONTENT=" " GC="1.0"><Shape><Polygon POINTS="1889 713 1891 862 1921 861 1919 712"/></Shape></Glyph><Glyph ID="char_1" CONTENT="א" GC="1.0"><Shape><Polygon POINTS="1868 713 1870 862 1891 862 1889 713"/></Shape></Glyph><Glyph ID="char_2" CONTENT="ל" GC="1.0"><Shape><Polygon POINTS="1817 714 1819 863 1870 862 1868 713"/></Shape></Glyph><Glyph ID="char_3" CONTENT="ך" GC="1.0"><Shape><Polygon POINTS="1776 714 1778 863 1819 863 1817 714"/></Shape></Glyph><Glyph ID="char_4" CONTENT=" " GC="1.0"><Shape><Polygon POINTS="1735 715 1737 864 1778 863 1776 714"/></Shape></Glyph><Glyph ID="char_5" CONTENT="ו" GC="1.0"><Shape><Polygon POINTS="1705 716 1707 865 1737 864 1735 715"/></Shape></Glyph><Glyph ID="char_6" CONTENT="ג" GC="1.0"><Shape><Polygon POINTS="1684 716 1686 865 1707 865 1705 716"/></Shape></Glyph><Glyph ID="char_7" CONTENT=" " GC="1.0"><Shape><Polygon POINTS="1633 717 1635 866 1686 865 1684 716"/></Shape></Glyph></String>
          </TextLine>

          
          
          <TextLine ID="eSc_line_1786156" BASELINE="1598 949 1948 949 2103 958" HPOS="1598.0" VPOS="859.0" WIDTH="510.0" HEIGHT="158.0">
            <Shape><Polygon POINTS="1598 859 1948 859 2108 868 2099 1017 1948 1009 1598 1009"/></Shape>
	    <String CONTENT="מ לתיו עד הב " HPOS="1598.0" VPOS="859.0" WIDTH="510.0" HEIGHT="158.0"><Glyph ID="char_8" CONTENT="מ" GC="1.0"><Shape><Polygon POINTS="2081 866 2072 1016 2091 1017 2100 868"/></Shape></Glyph><Glyph ID="char_9" CONTENT=" " GC="1.0"><Shape><Polygon POINTS="2040 864 2031 1013 2072 1016 2081 866"/></Shape></Glyph><Glyph ID="char_10" CONTENT="ל" GC="1.0"><Shape><Polygon POINTS="2020 863 2011 1012 2031 1013 2040 864"/></Shape></Glyph><Glyph ID="char_11" CONTENT="ת" GC="1.0"><Shape><Polygon POINTS="1989 861 1980 1011 2011 1012 2020 863"/></Shape></Glyph><Glyph ID="char_12" CONTENT="י" GC="1.0"><Shape><Polygon POINTS="1943 859 1943 1009 1980 1011 1989 861"/></Shape></Glyph><Glyph ID="char_13" CONTENT="ו" GC="1.0"><Shape><Polygon POINTS="1893 859 1893 1009 1943 1009 1943 859"/></Shape></Glyph><Glyph ID="char_14" CONTENT=" " GC="1.0"><Shape><Polygon POINTS="1852 859 1852 1009 1893 1009 1893 859"/></Shape></Glyph><Glyph ID="char_15" CONTENT="ע" GC="1.0"><Shape><Polygon POINTS="1801 859 1801 1009 1852 1009 1852 859"/></Shape></Glyph><Glyph ID="char_16" CONTENT="ד" GC="1.0"><Shape><Polygon POINTS="1771 859 1771 1009 1801 1009 1801 859"/></Shape></Glyph><Glyph ID="char_17" CONTENT=" " GC="1.0"><Shape><Polygon POINTS="1730 859 1730 1009 1771 1009 1771 859"/></Shape></Glyph><Glyph ID="char_18" CONTENT="ה" GC="1.0"><Shape><Polygon POINTS="1679 859 1679 1009 1730 1009 1730 859"/></Shape></Glyph><Glyph ID="char_19" CONTENT="ב" GC="1.0"><Shape><Polygon POINTS="1639 859 1639 1009 1679 1009 1679 859"/></Shape></Glyph><Glyph ID="char_20" CONTENT=" " GC="1.0"><Shape><Polygon POINTS="1598 859 1598 1009 1639 1009 1639 859"/></Shape></Glyph></String>
          </TextLine>

          
          
          <TextLine ID="eSc_line_1786157" BASELINE="1364 1107 1542 1113 1734 1109 2248 1127" HPOS="1361.0" VPOS="1017.0" WIDTH="890.0" HEIGHT="169.0">
            <Shape><Polygon POINTS="1367 1017 1545 1023 1732 1019 2251 1037 2245 1186 1735 1168 1539 1172 1361 1166"/></Shape>
	    <String CONTENT="יודע כי באה הגרן ויא " HPOS="1361.0" VPOS="1017.0" WIDTH="890.0" HEIGHT="169.0"><Glyph ID="char_21" CONTENT="י" GC="1.0"><Shape><Polygon POINTS="2168 1034 2162 1183 2212 1185 2218 1036"/></Shape></Glyph><Glyph ID="char_22" CONTENT="ו" GC="1.0"><Shape><Polygon POINTS="2128 1033 2123 1182 2162 1183 2168 1034"/></Shape></Glyph><Glyph ID="char_23" CONTENT="ד" GC="1.0"><Shape><Polygon POINTS="2088 1031 2083 1180 2123 1182 2128 1033"/></Shape></Glyph><Glyph ID="char_24" CONTENT="ע" GC="1.0"><Shape><Polygon POINTS="2048 1030 2043 1179 2083 1180 2088 1031"/></Shape></Glyph><Glyph ID="char_25" CONTENT=" " GC="1.0"><Shape><Polygon POINTS="2007 1029 2002 1177 2043 1179 2048 1030"/></Shape></Glyph><Glyph ID="char_26" CONTENT="כ" GC="1.0"><Shape><Polygon POINTS="1967 1027 1962 1176 2002 1177 2007 1029"/></Shape></Glyph><Glyph ID="char_27" CONTENT="י" GC="1.0"><Shape><Polygon POINTS="1937 1026 1932 1175 1962 1176 1967 1027"/></Shape></Glyph><Glyph ID="char_28" CONTENT=" " GC="1.0"><Shape><Polygon POINTS="1907 1025 1902 1174 1932 1175 1937 1026"/></Shape></Glyph><Glyph ID="char_29" CONTENT="ב" GC="1.0"><Shape><Polygon POINTS="1877 1024 1872 1173 1902 1174 1907 1025"/></Shape></Glyph><Glyph ID="char_30" CONTENT="א" GC="1.0"><Shape><Polygon POINTS="1817 1022 1812 1171 1872 1173 1877 1024"/></Shape></Glyph><Glyph ID="char_31" CONTENT="ה" GC="1.0"><Shape><Polygon POINTS="1767 1020 1762 1169 1812 1171 1817 1022"/></Shape></Glyph><Glyph ID="char_32" CONTENT=" " GC="1.0"><Shape><Polygon POINTS="1722 1019 1725 1168 1762 1169 1767 1020"/></Shape></Glyph><Glyph ID="char_33" CONTENT="ה" GC="1.0"><Shape><Polygon POINTS="1682 1020 1685 1169 1725 1168 1722 1019"/></Shape></Glyph><Glyph ID="char_34" CONTENT="ג" GC="1.0"><Shape><Polygon POINTS="1632 1021 1635 1170 1685 1169 1682 1020"/></Shape></Glyph><Glyph ID="char_35" CONTENT="ר" GC="1.0"><Shape><Polygon POINTS="1592 1022 1595 1171 1635 1170 1632 1021"/></Shape></Glyph><Glyph ID="char_36" CONTENT="ן" GC="1.0"><Shape><Polygon POINTS="1561 1023 1564 1171 1595 1171 1592 1022"/></Shape></Glyph><Glyph ID="char_37" CONTENT=" " GC="1.0"><Shape><Polygon POINTS="1526 1022 1521 1171 1564 1171 1561 1023"/></Shape></Glyph><Glyph ID="char_38" CONTENT="ו" GC="1.0"><Shape><Polygon POINTS="1496 1021 1491 1170 1521 1171 1526 1022"/></Shape></Glyph><Glyph ID="char_39" CONTENT="י" GC="1.0"><Shape><Polygon POINTS="1456 1020 1451 1169 1491 1170 1496 1021"/></Shape></Glyph><Glyph ID="char_40" CONTENT="א" GC="1.0"><Shape><Polygon POINTS="1416 1019 1411 1168 1451 1169 1456 1020"/></Shape></Glyph><Glyph ID="char_41" CONTENT=" " GC="1.0"><Shape><Polygon POINTS="1376 1017 1371 1166 1411 1168 1416 1019"/></Shape></Glyph></String>
          </TextLine>

          
          
          <TextLine ID="eSc_line_1786158" BASELINE="1375 1253 1894 1278 2052 1289 2241 1289" HPOS="1372.0" VPOS="1163.0" WIDTH="869.0" HEIGHT="186.0">
            <Shape><Polygon POINTS="1379 1163 1898 1188 2058 1199 2241 1199 2241 1349 2047 1348 1891 1337 1372 1312"/></Shape>
	    <String CONTENT="בה וימד שם שש שערי " HPOS="1372.0" VPOS="1163.0" WIDTH="869.0" HEIGHT="186.0"><Glyph ID="char_42" CONTENT="ב" GC="1.0"><Shape><Polygon POINTS="2139 1199 2139 1348 2210 1349 2210 1199"/></Shape></Glyph><Glyph ID="char_43" CONTENT="ה" GC="1.0"><Shape><Polygon POINTS="2089 1199 2089 1348 2139 1348 2139 1199"/></Shape></Glyph><Glyph ID="char_44" CONTENT=" " GC="1.0"><Shape><Polygon POINTS="2058 1199 2058 1348 2089 1348 2089 1199"/></Shape></Glyph><Glyph ID="char_45" CONTENT="ו" GC="1.0"><Shape><Polygon POINTS="2014 1196 2004 1345 2058 1348 2058 1199"/></Shape></Glyph><Glyph ID="char_46" CONTENT="י" GC="1.0"><Shape><Polygon POINTS="1974 1193 1964 1342 2004 1345 2014 1196"/></Shape></Glyph><Glyph ID="char_47" CONTENT="מ" GC="1.0"><Shape><Polygon POINTS="1924 1190 1913 1339 1964 1342 1974 1193"/></Shape></Glyph><Glyph ID="char_48" CONTENT="ד" GC="1.0"><Shape><Polygon POINTS="1892 1188 1884 1337 1913 1339 1924 1190"/></Shape></Glyph><Glyph ID="char_49" CONTENT=" " GC="1.0"><Shape><Polygon POINTS="1862 1186 1854 1335 1884 1337 1892 1188"/></Shape></Glyph><Glyph ID="char_50" CONTENT="ש" GC="1.0"><Shape><Polygon POINTS="1812 1184 1805 1333 1854 1335 1862 1186"/></Shape></Glyph><Glyph ID="char_51" CONTENT="ם" GC="1.0"><Shape><Polygon POINTS="1751 1181 1744 1330 1805 1333 1812 1184"/></Shape></Glyph><Glyph ID="char_52" CONTENT=" " GC="1.0"><Shape><Polygon POINTS="1701 1179 1694 1327 1744 1330 1751 1181"/></Shape></Glyph><Glyph ID="char_53" CONTENT="ש" GC="1.0"><Shape><Polygon POINTS="1640 1176 1633 1325 1694 1327 1701 1179"/></Shape></Glyph><Glyph ID="char_54" CONTENT="ש" GC="1.0"><Shape><Polygon POINTS="1580 1173 1573 1322 1633 1325 1640 1176"/></Shape></Glyph><Glyph ID="char_55" CONTENT=" " GC="1.0"><Shape><Polygon POINTS="1539 1171 1532 1320 1573 1322 1580 1173"/></Shape></Glyph><Glyph ID="char_56" CONTENT="ש" GC="1.0"><Shape><Polygon POINTS="1499 1169 1492 1318 1532 1320 1539 1171"/></Shape></Glyph><Glyph ID="char_57" CONTENT="ע" GC="1.0"><Shape><Polygon POINTS="1449 1166 1442 1315 1492 1318 1499 1169"/></Shape></Glyph><Glyph ID="char_58" CONTENT="ר" GC="1.0"><Shape><Polygon POINTS="1408 1164 1401 1313 1442 1315 1449 1166"/></Shape></Glyph><Glyph ID="char_59" CONTENT="י" GC="1.0"><Shape><Polygon POINTS="1388 1163 1381 1312 1401 1313 1408 1164"/></Shape></Glyph><Glyph ID="char_60" CONTENT=" " GC="1.0"><Shape><Polygon POINTS="1374 1252 1383 1252"/></Shape></Glyph></String>
          </TextLine>

          
          
          <TextLine ID="eSc_line_1786159" BASELINE="1346 1380 1477 1386 1494 1461 1797 1447 1891 1454 1991 1468 2072 1474 2171 1474" HPOS="1343.0" VPOS="1290.0" WIDTH="828.0" HEIGHT="244.0">
            <Shape><Polygon POINTS="1350 1290 1481 1296 1581 1441 1792 1357 1897 1364 2003 1378 2078 1384 2171 1384 2171 1534 2067 1533 1982 1527 1886 1513 1799 1506 1435 1474 1474 1445 1343 1439"/></Shape>
	    <String CONTENT=" תאמר מה את בתי ות " HPOS="1343.0" VPOS="1290.0" WIDTH="828.0" HEIGHT="244.0"><Glyph ID="char_61" CONTENT=" " GC="1.0"><Shape><Polygon POINTS="2098 1384 2098 1533 2149 1534 2149 1384"/></Shape></Glyph><Glyph ID="char_62" CONTENT="ת" GC="1.0"><Shape><Polygon POINTS="2065 1383 2054 1532 2098 1533 2098 1384"/></Shape></Glyph><Glyph ID="char_63" CONTENT="א" GC="1.0"><Shape><Polygon POINTS="2015 1379 2004 1529 2054 1532 2065 1383"/></Shape></Glyph><Glyph ID="char_64" CONTENT="מ" GC="1.0"><Shape><Polygon POINTS="1971 1374 1950 1522 2004 1529 2015 1379"/></Shape></Glyph><Glyph ID="char_65" CONTENT="ר" GC="1.0"><Shape><Polygon POINTS="1940 1370 1920 1518 1950 1522 1971 1374"/></Shape></Glyph><Glyph ID="char_66" CONTENT=" " GC="1.0"><Shape><Polygon POINTS="1895 1364 1884 1513 1920 1518 1940 1370"/></Shape></Glyph><Glyph ID="char_67" CONTENT="מ" GC="1.0"><Shape><Polygon POINTS="1835 1360 1824 1508 1884 1513 1895 1364"/></Shape></Glyph><Glyph ID="char_68" CONTENT="ה" GC="1.0"><Shape><Polygon POINTS="1774 1364 1780 1504 1824 1508 1835 1360"/></Shape></Glyph><Glyph ID="char_69" CONTENT=" " GC="1.0"><Shape><Polygon POINTS="1734 1380 1740 1501 1780 1504 1774 1364"/></Shape></Glyph><Glyph ID="char_70" CONTENT="א" GC="1.0"><Shape><Polygon POINTS="1685 1399 1690 1496 1740 1501 1734 1380"/></Shape></Glyph><Glyph ID="char_71" CONTENT="ת" GC="1.0"><Shape><Polygon POINTS="1635 1419 1638 1492 1690 1496 1685 1399"/></Shape></Glyph><Glyph ID="char_72" CONTENT=" " GC="1.0"><Shape><Polygon POINTS="1596 1435 1598 1488 1638 1492 1635 1419"/></Shape></Glyph><Glyph ID="char_73" CONTENT="ב" GC="1.0"><Shape><Polygon POINTS="1554 1402 1558 1485 1598 1488 1596 1435"/></Shape></Glyph><Glyph ID="char_74" CONTENT="ת" GC="1.0"><Shape><Polygon POINTS="1511 1340 1518 1481 1558 1485 1554 1402"/></Shape></Glyph><Glyph ID="char_75" CONTENT="י" GC="1.0"><Shape><Polygon POINTS="1552 1399 1368 1440 1518 1481 1511 1340"/></Shape></Glyph><Glyph ID="char_76" CONTENT=" " GC="1.0"><Shape><Polygon POINTS="1451 1295 1441 1475 1368 1440 1552 1399"/></Shape></Glyph><Glyph ID="char_77" CONTENT="ו" GC="1.0"><Shape><Polygon POINTS="1421 1293 1413 1442 1441 1475 1451 1295"/></Shape></Glyph><Glyph ID="char_78" CONTENT="ת" GC="1.0"><Shape><Polygon POINTS="1390 1292 1382 1441 1413 1442 1421 1293"/></Shape></Glyph><Glyph ID="char_79" CONTENT=" " GC="1.0"><Shape><Polygon POINTS="1345 1379 1384 1381"/></Shape></Glyph></String>
          </TextLine>

          
          
          <TextLine ID="eSc_line_1786161" BASELINE="1468 1551 1551 1558 1702 1580 2099 1619 2300 1607" HPOS="1462.0" VPOS="1461.0" WIDTH="841.0" HEIGHT="217.0">
            <Shape><Polygon POINTS="1475 1461 1558 1468 1714 1490 2107 1529 2294 1517 2303 1666 2093 1678 1693 1639 1545 1617 1462 1610"/></Shape>
	    <String CONTENT="שש שערים האלה נת " HPOS="1462.0" VPOS="1461.0" WIDTH="841.0" HEIGHT="217.0"><Glyph ID="char_80" CONTENT="ש" GC="1.0"><Shape><Polygon POINTS="2046 1523 2032 1672 2181 1673 2173 1525"/></Shape></Glyph><Glyph ID="char_81" CONTENT="ש" GC="1.0"><Shape><Polygon POINTS="1987 1517 1972 1666 2032 1672 2046 1523"/></Shape></Glyph><Glyph ID="char_82" CONTENT=" " GC="1.0"><Shape><Polygon POINTS="1906 1509 1891 1658 1972 1666 1987 1517"/></Shape></Glyph><Glyph ID="char_83" CONTENT="ש" GC="1.0"><Shape><Polygon POINTS="1866 1505 1851 1654 1891 1658 1906 1509"/></Shape></Glyph><Glyph ID="char_84" CONTENT="ע" GC="1.0"><Shape><Polygon POINTS="1815 1500 1801 1650 1851 1654 1866 1505"/></Shape></Glyph><Glyph ID="char_85" CONTENT="ר" GC="1.0"><Shape><Polygon POINTS="1776 1496 1761 1646 1801 1650 1815 1500"/></Shape></Glyph><Glyph ID="char_86" CONTENT="י" GC="1.0"><Shape><Polygon POINTS="1736 1492 1721 1642 1761 1646 1776 1496"/></Shape></Glyph><Glyph ID="char_87" CONTENT="ם" GC="1.0"><Shape><Polygon POINTS="1710 1489 1688 1638 1721 1642 1736 1492"/></Shape></Glyph><Glyph ID="char_88" CONTENT=" " GC="1.0"><Shape><Polygon POINTS="1670 1484 1648 1632 1688 1638 1710 1489"/></Shape></Glyph><Glyph ID="char_89" CONTENT="ה" GC="1.0"><Shape><Polygon POINTS="1630 1478 1608 1626 1648 1632 1670 1484"/></Shape></Glyph><Glyph ID="char_90" CONTENT="א" GC="1.0"><Shape><Polygon POINTS="1590 1473 1569 1621 1608 1626 1630 1478"/></Shape></Glyph><Glyph ID="char_91" CONTENT="ל" GC="1.0"><Shape><Polygon POINTS="1556 1468 1542 1617 1569 1621 1590 1473"/></Shape></Glyph><Glyph ID="char_92" CONTENT="ה" GC="1.0"><Shape><Polygon POINTS="1536 1466 1522 1615 1542 1617 1556 1468"/></Shape></Glyph><Glyph ID="char_93" CONTENT=" " GC="1.0"><Shape><Polygon POINTS="1525 1465 1511 1614 1522 1615 1536 1466"/></Shape></Glyph><Glyph ID="char_94" CONTENT="נ" GC="1.0"><Shape><Polygon POINTS="1505 1464 1491 1612 1511 1614 1525 1465"/></Shape></Glyph><Glyph ID="char_95" CONTENT="ת" GC="1.0"><Shape><Polygon POINTS="1485 1462 1471 1611 1491 1612 1505 1464"/></Shape></Glyph><Glyph ID="char_96" CONTENT=" " GC="1.0"><Shape><Polygon POINTS="1467 1550 1476 1550"/></Shape></Glyph></String>
          </TextLine>

          
          
          <TextLine ID="eSc_line_1786163" BASELINE="1470 1693 1619 1707 1736 1709" HPOS="1464.0" VPOS="1603.0" WIDTH="273.0" HEIGHT="165.0">
            <Shape><Polygon POINTS="1478 1603 1627 1617 1737 1619 1734 1768 1613 1766 1464 1752"/></Shape>
	    <String CONTENT=" שר תדעי " HPOS="1464.0" VPOS="1603.0" WIDTH="273.0" HEIGHT="165.0"><Glyph ID="char_97" CONTENT=" " GC="1.0"><Shape><Polygon POINTS="1655 1618 1652 1767 1713 1768 1716 1619"/></Shape></Glyph><Glyph ID="char_98" CONTENT="ש" GC="1.0"><Shape><Polygon POINTS="1611 1616 1596 1764 1652 1767 1655 1618"/></Shape></Glyph><Glyph ID="char_99" CONTENT="ר" GC="1.0"><Shape><Polygon POINTS="1570 1612 1556 1761 1596 1764 1611 1616"/></Shape></Glyph><Glyph ID="char_100" CONTENT=" " GC="1.0"><Shape><Polygon POINTS="1540 1609 1525 1758 1556 1761 1570 1612"/></Shape></Glyph><Glyph ID="char_101" CONTENT="ת" GC="1.0"><Shape><Polygon POINTS="1519 1607 1504 1756 1525 1758 1540 1609"/></Shape></Glyph><Glyph ID="char_102" CONTENT="ד" GC="1.0"><Shape><Polygon POINTS="1509 1606 1494 1755 1504 1756 1519 1607"/></Shape></Glyph><Glyph ID="char_103" CONTENT="ע" GC="1.0"><Shape><Polygon POINTS="1499 1605 1484 1754 1494 1755 1509 1606"/></Shape></Glyph><Glyph ID="char_104" CONTENT="י" GC="1.0"><Shape><Polygon POINTS="1489 1604 1474 1753 1484 1754 1499 1605"/></Shape></Glyph><Glyph ID="char_105" CONTENT=" " GC="1.0"><Shape><Polygon POINTS="1469 1692 1479 1693"/></Shape></Glyph></String>
          </TextLine>

          
        </TextBlock>
        

        
      </PrintSpace>
    </Page>
  </Layout>
</alto>