<?xml version='1.0' encoding='UTF-8'?>
<alto xmlns:xsi="http://www.w3.org/2001/XMLSchema-instance" xmlns="http://www.loc.gov/standards/alto/ns-v4#" xsi:schemaLocation="http://www.loc.gov/standards/alto/ns-v4# http://www.loc.gov/standards/alto/v4/alto-4-2.xsd">
  <Description>
    <MeasurementUnit>pixel</MeasurementUnit>
    <sourceImageInformation>
      <fileName>674-Fg002-R-C01-R01-D15012012-T122636-LR924_012_F.jpg</fileName>
      
    </sourceImageInformation>
  </Description>
  
  <Tags>
    <OtherTag ID="BT1443" LABEL="Parchment_or_papyrus" DESCRIPTION="block type Parchment_or_papyrus"/><OtherTag ID="BT2" LABEL="Main" DESCRIPTION="block type Main"/>
    
  </Tags>
  
  <Layout>
    <Page WIDTH="3608" HEIGHT="2706" PHYSICAL_IMG_NR="99" ID="eSc_dummypage_">
      <PrintSpace HPOS="0" VPOS="0" WIDTH="3608" HEIGHT="2706">
        
        <TextBlock HPOS="289.0" VPOS="526.0" WIDTH="2456.0" HEIGHT="1875.0" ID="eSc_textblock_19f3d182" TAGREFS="BT2">
          <Shape><Polygon POINTS="289 526 327 1095 1520 2401 2326 2401 2122 1509 2745 1439 2745 526"/></Shape>
          
          
          <TextLine ID="eSc_line_1786210" BASELINE="306 676 971 665 1127 658 1244 658 2577 690" HPOS="304.0" VPOS="586.0" WIDTH="2274.0" HEIGHT="151.0">
            <Shape><Polygon POINTS="304 604 969 593 1123 586 1244 586 2578 618 2575 737 1244 705 1129 705 971 712 306 723"/></Shape>
	    <String CONTENT="להלל כבודכה פלא באלי דעת ותשבוחות מלכותכה בקדושי " HPOS="304.0" VPOS="586.0" WIDTH="2274.0" HEIGHT="151.0"><Glyph ID="char_0" CONTENT="ל" GC="1.0"><Shape><Polygon POINTS="2460 615 2457 734 2521 736 2524 617"/></Shape></Glyph><Glyph ID="char_1" CONTENT="ה" GC="1.0"><Shape><Polygon POINTS="2412 614 2409 733 2457 734 2460 615"/></Shape></Glyph><Glyph ID="char_2" CONTENT="ל" GC="1.0"><Shape><Polygon POINTS="2372 613 2369 732 2409 733 2412 614"/></Shape></Glyph><Glyph ID="char_3" CONTENT="ל" GC="1.0"><Shape><Polygon POINTS="2340 612 2337 731 2369 732 2372 613"/></Shape></Glyph><Glyph ID="char_4" CONTENT=" " GC="1.0"><Shape><Polygon POINTS="2292 611 2289 730 2337 731 2340 612"/></Shape></Glyph><Glyph ID="char_5" CONTENT="כ" GC="1.0"><Shape><Polygon POINTS="2236 610 2233 729 2289 730 2292 611"/></Shape></Glyph><Glyph ID="char_6" CONTENT="ב" GC="1.0"><Shape><Polygon POINTS="2188 609 2185 728 2233 729 2236 610"/></Shape></Glyph><Glyph ID="char_7" CONTENT="ו" GC="1.0"><Shape><Polygon POINTS="2148 608 2145 727 2185 728 2188 609"/></Shape></Glyph><Glyph ID="char_8" CONTENT="ד" GC="1.0"><Shape><Polygon POINTS="2100 607 2097 726 2145 727 2148 608"/></Shape></Glyph><Glyph ID="char_9" CONTENT="כ" GC="1.0"><Shape><Polygon POINTS="2052 605 2049 724 2097 726 2100 607"/></Shape></Glyph><Glyph ID="char_10" CONTENT="ה" GC="1.0"><Shape><Polygon POINTS="2012 604 2009 723 2049 724 2052 605"/></Shape></Glyph><Glyph ID="char_11" CONTENT=" " GC="1.0"><Shape><Polygon POINTS="1963 603 1960 722 2009 723 2012 604"/></Shape></Glyph><Glyph ID="char_12" CONTENT="פ" GC="1.0"><Shape><Polygon POINTS="1915 602 1912 721 1960 722 1963 603"/></Shape></Glyph><Glyph ID="char_13" CONTENT="ל" GC="1.0"><Shape><Polygon POINTS="1867 601 1864 720 1912 721 1915 602"/></Shape></Glyph><Glyph ID="char_14" CONTENT="א" GC="1.0"><Shape><Polygon POINTS="1835 600 1832 719 1864 720 1867 601"/></Shape></Glyph><Glyph ID="char_15" CONTENT=" " GC="1.0"><Shape><Polygon POINTS="1795 599 1792 718 1832 719 1835 600"/></Shape></Glyph><Glyph ID="char_16" CONTENT="ב" GC="1.0"><Shape><Polygon POINTS="1747 598 1744 717 1792 718 1795 599"/></Shape></Glyph><Glyph ID="char_17" CONTENT="א" GC="1.0"><Shape><Polygon POINTS="1707 597 1704 716 1744 717 1747 598"/></Shape></Glyph><Glyph ID="char_18" CONTENT="ל" GC="1.0"><Shape><Polygon POINTS="1675 596 1673 715 1704 716 1707 597"/></Shape></Glyph><Glyph ID="char_19" CONTENT="י" GC="1.0"><Shape><Polygon POINTS="1643 596 1641 715 1673 715 1675 596"/></Shape></Glyph><Glyph ID="char_20" CONTENT=" " GC="1.0"><Shape><Polygon POINTS="1603 595 1601 714 1641 715 1643 596"/></Shape></Glyph><Glyph ID="char_21" CONTENT="ד" GC="1.0"><Shape><Polygon POINTS="1555 593 1553 712 1601 714 1603 595"/></Shape></Glyph><Glyph ID="char_22" CONTENT="ע" GC="1.0"><Shape><Polygon POINTS="1499 592 1497 711 1553 712 1555 593"/></Shape></Glyph><Glyph ID="char_23" CONTENT="ת" GC="1.0"><Shape><Polygon POINTS="1451 591 1449 710 1497 711 1499 592"/></Shape></Glyph><Glyph ID="char_24" CONTENT=" " GC="1.0"><Shape><Polygon POINTS="1411 590 1409 709 1449 710 1451 591"/></Shape></Glyph><Glyph ID="char_25" CONTENT="ו" GC="1.0"><Shape><Polygon POINTS="1363 589 1361 708 1409 709 1411 590"/></Shape></Glyph><Glyph ID="char_26" CONTENT="ת" GC="1.0"><Shape><Polygon POINTS="1331 588 1329 707 1361 708 1363 589"/></Shape></Glyph><Glyph ID="char_27" CONTENT="ש" GC="1.0"><Shape><Polygon POINTS="1275 587 1273 706 1329 707 1331 588"/></Shape></Glyph><Glyph ID="char_28" CONTENT="ב" GC="1.0"><Shape><Polygon POINTS="1210 586 1210 705 1273 706 1275 587"/></Shape></Glyph><Glyph ID="char_29" CONTENT="ו" GC="1.0"><Shape><Polygon POINTS="1170 586 1170 705 1210 705 1210 586"/></Shape></Glyph><Glyph ID="char_30" CONTENT="ח" GC="1.0"><Shape><Polygon POINTS="1119 586 1124 705 1170 705 1170 586"/></Shape></Glyph><Glyph ID="char_31" CONTENT="ו" GC="1.0"><Shape><Polygon POINTS="1079 588 1084 707 1124 705 1119 586"/></Shape></Glyph><Glyph ID="char_32" CONTENT="ת" GC="1.0"><Shape><Polygon POINTS="1039 590 1044 709 1084 707 1079 588"/></Shape></Glyph><Glyph ID="char_33" CONTENT=" " GC="1.0"><Shape><Polygon POINTS="1007 591 1012 710 1044 709 1039 590"/></Shape></Glyph><Glyph ID="char_34" CONTENT="מ" GC="1.0"><Shape><Polygon POINTS="961 593 963 712 1012 710 1007 591"/></Shape></Glyph><Glyph ID="char_35" CONTENT="ל" GC="1.0"><Shape><Polygon POINTS="929 594 931 713 963 712 961 593"/></Shape></Glyph><Glyph ID="char_36" CONTENT="כ" GC="1.0"><Shape><Polygon POINTS="897 594 899 713 931 713 929 594"/></Shape></Glyph><Glyph ID="char_37" CONTENT="ו" GC="1.0"><Shape><Polygon POINTS="856 595 858 714 899 713 897 594"/></Shape></Glyph><Glyph ID="char_38" CONTENT="ת" GC="1.0"><Shape><Polygon POINTS="816 596 818 715 858 714 856 595"/></Shape></Glyph><Glyph ID="char_39" CONTENT="כ" GC="1.0"><Shape><Polygon POINTS="768 596 770 715 818 715 816 596"/></Shape></Glyph><Glyph ID="char_40" CONTENT="ה" GC="1.0"><Shape><Polygon POINTS="720 597 722 716 770 715 768 596"/></Shape></Glyph><Glyph ID="char_41" CONTENT=" " GC="1.0"><Shape><Polygon POINTS="664 598 666 717 722 716 720 597"/></Shape></Glyph><Glyph ID="char_42" CONTENT="ב" GC="1.0"><Shape><Polygon POINTS="608 599 610 718 666 717 664 598"/></Shape></Glyph><Glyph ID="char_43" CONTENT="ק" GC="1.0"><Shape><Polygon POINTS="552 600 554 719 610 718 608 599"/></Shape></Glyph><Glyph ID="char_44" CONTENT="ד" GC="1.0"><Shape><Polygon POINTS="512 601 514 720 554 719 552 600"/></Shape></Glyph><Glyph ID="char_45" CONTENT="ו" GC="1.0"><Shape><Polygon POINTS="480 601 482 720 514 720 512 601"/></Shape></Glyph><Glyph ID="char_46" CONTENT="ש" GC="1.0"><Shape><Polygon POINTS="432 602 434 721 482 720 480 601"/></Shape></Glyph><Glyph ID="char_47" CONTENT="י" GC="1.0"><Shape><Polygon POINTS="392 603 394 722 434 721 432 602"/></Shape></Glyph><Glyph ID="char_48" CONTENT=" " GC="1.0"><Shape><Polygon POINTS="336 603 338 722 394 722 392 603"/></Shape></Glyph></String>
          </TextLine>

          
          
          <TextLine ID="eSc_line_1786211" BASELINE="399 809 615 805 1035 805 1116 800 1199 800 1253 796 1468 800 1522 796 1957 789 2185 802 2268 802 2455 811 2593 811" HPOS="397.0" VPOS="717.0" WIDTH="2196.0" HEIGHT="141.0">
            <Shape><Polygon POINTS="397 737 613 733 1035 733 1111 728 1199 728 1247 724 1469 728 1516 724 1955 717 2189 730 2268 730 2458 739 2593 739 2593 858 2452 858 2268 849 2182 849 1957 836 1525 843 1467 847 1256 843 1199 847 1118 847 1035 852 615 852 399 856"/></Shape>
	    <String CONTENT="המה נכבדים בכול מחני אלוהים ונוראים למוסדי אנשים " HPOS="397.0" VPOS="717.0" WIDTH="2196.0" HEIGHT="141.0"><Glyph ID="char_49" CONTENT="ה" GC="1.0"><Shape><Polygon POINTS="2497 739 2497 858 2561 858 2561 739"/></Shape></Glyph><Glyph ID="char_50" CONTENT="מ" GC="1.0"><Shape><Polygon POINTS="2436 738 2431 857 2497 858 2497 739"/></Shape></Glyph><Glyph ID="char_51" CONTENT="ה" GC="1.0"><Shape><Polygon POINTS="2380 735 2375 854 2431 857 2436 738"/></Shape></Glyph><Glyph ID="char_52" CONTENT=" " GC="1.0"><Shape><Polygon POINTS="2340 733 2335 852 2375 854 2380 735"/></Shape></Glyph><Glyph ID="char_53" CONTENT="נ" GC="1.0"><Shape><Polygon POINTS="2291 731 2286 850 2335 852 2340 733"/></Shape></Glyph><Glyph ID="char_54" CONTENT="כ" GC="1.0"><Shape><Polygon POINTS="2248 730 2248 849 2286 850 2291 731"/></Shape></Glyph><Glyph ID="char_55" CONTENT="ב" GC="1.0"><Shape><Polygon POINTS="2200 730 2200 849 2248 849 2248 730"/></Shape></Glyph><Glyph ID="char_56" CONTENT="ד" GC="1.0"><Shape><Polygon POINTS="2156 728 2149 847 2200 849 2200 730"/></Shape></Glyph><Glyph ID="char_57" CONTENT="י" GC="1.0"><Shape><Polygon POINTS="2116 726 2109 845 2149 847 2156 728"/></Shape></Glyph><Glyph ID="char_58" CONTENT="ם" GC="1.0"><Shape><Polygon POINTS="2084 724 2078 843 2109 845 2116 726"/></Shape></Glyph><Glyph ID="char_59" CONTENT=" " GC="1.0"><Shape><Polygon POINTS="2036 722 2030 840 2078 843 2084 724"/></Shape></Glyph><Glyph ID="char_60" CONTENT="ב" GC="1.0"><Shape><Polygon POINTS="1980 718 1974 837 2030 840 2036 722"/></Shape></Glyph><Glyph ID="char_61" CONTENT="כ" GC="1.0"><Shape><Polygon POINTS="1935 717 1937 836 1974 837 1980 718"/></Shape></Glyph><Glyph ID="char_62" CONTENT="ו" GC="1.0"><Shape><Polygon POINTS="1903 718 1905 837 1937 836 1935 717"/></Shape></Glyph><Glyph ID="char_63" CONTENT="ל" GC="1.0"><Shape><Polygon POINTS="1879 718 1881 837 1905 837 1903 718"/></Shape></Glyph><Glyph ID="char_64" CONTENT=" " GC="1.0"><Shape><Polygon POINTS="1839 719 1841 838 1881 837 1879 718"/></Shape></Glyph><Glyph ID="char_65" CONTENT="מ" GC="1.0"><Shape><Polygon POINTS="1783 720 1785 839 1841 838 1839 719"/></Shape></Glyph><Glyph ID="char_66" CONTENT="ח" GC="1.0"><Shape><Polygon POINTS="1734 721 1736 840 1785 839 1783 720"/></Shape></Glyph><Glyph ID="char_67" CONTENT="נ" GC="1.0"><Shape><Polygon POINTS="1702 721 1704 840 1736 840 1734 721"/></Shape></Glyph><Glyph ID="char_68" CONTENT="י" GC="1.0"><Shape><Polygon POINTS="1678 721 1680 840 1704 840 1702 721"/></Shape></Glyph><Glyph ID="char_69" CONTENT=" " GC="1.0"><Shape><Polygon POINTS="1646 722 1648 841 1680 840 1678 721"/></Shape></Glyph><Glyph ID="char_70" CONTENT="א" GC="1.0"><Shape><Polygon POINTS="1606 723 1608 842 1648 841 1646 722"/></Shape></Glyph><Glyph ID="char_71" CONTENT="ל" GC="1.0"><Shape><Polygon POINTS="1574 723 1576 842 1608 842 1606 723"/></Shape></Glyph><Glyph ID="char_72" CONTENT="ו" GC="1.0"><Shape><Polygon POINTS="1534 724 1536 843 1576 842 1574 723"/></Shape></Glyph><Glyph ID="char_73" CONTENT="ה" GC="1.0"><Shape><Polygon POINTS="1482 727 1491 845 1536 843 1534 724"/></Shape></Glyph><Glyph ID="char_74" CONTENT="י" GC="1.0"><Shape><Polygon POINTS="1441 727 1439 846 1491 845 1482 727"/></Shape></Glyph><Glyph ID="char_75" CONTENT="ם" GC="1.0"><Shape><Polygon POINTS="1393 727 1391 846 1439 846 1441 727"/></Shape></Glyph><Glyph ID="char_76" CONTENT=" " GC="1.0"><Shape><Polygon POINTS="1337 726 1335 844 1391 846 1393 727"/></Shape></Glyph><Glyph ID="char_77" CONTENT="ו" GC="1.0"><Shape><Polygon POINTS="1297 725 1295 844 1335 844 1337 726"/></Shape></Glyph><Glyph ID="char_78" CONTENT="נ" GC="1.0"><Shape><Polygon POINTS="1273 724 1271 843 1295 844 1297 725"/></Shape></Glyph><Glyph ID="char_79" CONTENT="ו" GC="1.0"><Shape><Polygon POINTS="1218 726 1227 845 1271 843 1273 724"/></Shape></Glyph><Glyph ID="char_80" CONTENT="ר" GC="1.0"><Shape><Polygon POINTS="1175 728 1175 847 1227 845 1218 726"/></Shape></Glyph><Glyph ID="char_81" CONTENT="א" GC="1.0"><Shape><Polygon POINTS="1127 728 1127 847 1175 847 1175 728"/></Shape></Glyph><Glyph ID="char_82" CONTENT="י" GC="1.0"><Shape><Polygon POINTS="1074 730 1082 849 1127 847 1127 728"/></Shape></Glyph><Glyph ID="char_83" CONTENT="ם" GC="1.0"><Shape><Polygon POINTS="1035 733 1042 852 1082 849 1074 730"/></Shape></Glyph><Glyph ID="char_84" CONTENT=" " GC="1.0"><Shape><Polygon POINTS="1007 733 1007 852 1042 852 1035 733"/></Shape></Glyph><Glyph ID="char_85" CONTENT="ל" GC="1.0"><Shape><Polygon POINTS="967 733 967 852 1007 852 1007 733"/></Shape></Glyph><Glyph ID="char_86" CONTENT="מ" GC="1.0"><Shape><Polygon POINTS="935 733 935 852 967 852 967 733"/></Shape></Glyph><Glyph ID="char_87" CONTENT="ו" GC="1.0"><Shape><Polygon POINTS="903 733 903 852 935 852 935 733"/></Shape></Glyph><Glyph ID="char_88" CONTENT="ס" GC="1.0"><Shape><Polygon POINTS="847 733 847 852 903 852 903 733"/></Shape></Glyph><Glyph ID="char_89" CONTENT="ד" GC="1.0"><Shape><Polygon POINTS="799 733 799 852 847 852 847 733"/></Shape></Glyph><Glyph ID="char_90" CONTENT="י" GC="1.0"><Shape><Polygon POINTS="767 733 767 852 799 852 799 733"/></Shape></Glyph><Glyph ID="char_91" CONTENT=" " GC="1.0"><Shape><Polygon POINTS="735 733 735 852 767 852 767 733"/></Shape></Glyph><Glyph ID="char_92" CONTENT="א" GC="1.0"><Shape><Polygon POINTS="687 733 687 852 735 852 735 733"/></Shape></Glyph><Glyph ID="char_93" CONTENT="נ" GC="1.0"><Shape><Polygon POINTS="646 733 646 852 687 852 687 733"/></Shape></Glyph><Glyph ID="char_94" CONTENT="ש" GC="1.0"><Shape><Polygon POINTS="597 733 599 852 646 852 646 733"/></Shape></Glyph><Glyph ID="char_95" CONTENT="י" GC="1.0"><Shape><Polygon POINTS="549 734 551 853 599 852 597 733"/></Shape></Glyph><Glyph ID="char_96" CONTENT="ם" GC="1.0"><Shape><Polygon POINTS="509 735 511 854 551 853 549 734"/></Shape></Glyph><Glyph ID="char_97" CONTENT=" " GC="1.0"><Shape><Polygon POINTS="437 736 439 855 511 854 509 735"/></Shape></Glyph></String>
          </TextLine>

          
          
          <TextLine ID="eSc_line_1786212" BASELINE="462 933 852 938 992 931 1366 931 1614 922 1761 922 2076 933 2338 933 2435 926 2548 929 2593 935" HPOS="461.0" VPOS="850.0" WIDTH="2141.0" HEIGHT="135.0">
            <Shape><Polygon POINTS="462 861 852 866 988 859 1366 859 1611 850 1761 850 2078 861 2338 861 2429 854 2549 857 2602 864 2586 982 2546 976 2438 973 2338 980 2074 980 1761 969 1615 969 1366 978 994 978 851 985 461 980"/></Shape>
	    <String CONTENT="מאלוהיםים ואנשים יספרו הוד מלכותו כדעתם ורוממ " HPOS="461.0" VPOS="850.0" WIDTH="2141.0" HEIGHT="135.0"><Glyph ID="char_98" CONTENT="מ" GC="1.0"><Shape><Polygon POINTS="2503 856 2500 975 2559 978 2574 860"/></Shape></Glyph><Glyph ID="char_99" CONTENT="א" GC="1.0"><Shape><Polygon POINTS="2455 855 2452 973 2500 975 2503 856"/></Shape></Glyph><Glyph ID="char_100" CONTENT="ל" GC="1.0"><Shape><Polygon POINTS="2408 856 2417 974 2452 973 2455 855"/></Shape></Glyph><Glyph ID="char_101" CONTENT="ו" GC="1.0"><Shape><Polygon POINTS="2368 859 2377 977 2417 974 2408 856"/></Shape></Glyph><Glyph ID="char_102" CONTENT="ה" GC="1.0"><Shape><Polygon POINTS="2325 861 2325 980 2377 977 2368 859"/></Shape></Glyph><Glyph ID="char_103" CONTENT="י" GC="1.0"><Shape><Polygon POINTS="2277 861 2277 980 2325 980 2325 861"/></Shape></Glyph><Glyph ID="char_104" CONTENT="ם" GC="1.0"><Shape><Polygon POINTS="2229 861 2229 980 2277 980 2277 861"/></Shape></Glyph><Glyph ID="char_105" CONTENT="י" GC="1.0"><Shape><Polygon POINTS="2181 861 2181 980 2229 980 2229 861"/></Shape></Glyph><Glyph ID="char_106" CONTENT="ם" GC="1.0"><Shape><Polygon POINTS="2133 861 2133 980 2181 980 2181 861"/></Shape></Glyph><Glyph ID="char_107" CONTENT=" " GC="1.0"><Shape><Polygon POINTS="2085 861 2085 980 2133 980 2133 861"/></Shape></Glyph><Glyph ID="char_108" CONTENT="ו" GC="1.0"><Shape><Polygon POINTS="2048 860 2044 979 2085 980 2085 861"/></Shape></Glyph><Glyph ID="char_109" CONTENT="א" GC="1.0"><Shape><Polygon POINTS="2008 859 2004 978 2044 979 2048 860"/></Shape></Glyph><Glyph ID="char_110" CONTENT="נ" GC="1.0"><Shape><Polygon POINTS="1976 857 1972 976 2004 978 2008 859"/></Shape></Glyph><Glyph ID="char_111" CONTENT="ש" GC="1.0"><Shape><Polygon POINTS="1920 856 1916 974 1972 976 1976 857"/></Shape></Glyph><Glyph ID="char_112" CONTENT="י" GC="1.0"><Shape><Polygon POINTS="1856 853 1852 972 1916 974 1920 856"/></Shape></Glyph><Glyph ID="char_113" CONTENT="ם" GC="1.0"><Shape><Polygon POINTS="1808 852 1804 971 1852 972 1856 853"/></Shape></Glyph><Glyph ID="char_114" CONTENT=" " GC="1.0"><Shape><Polygon POINTS="1768 850 1764 969 1804 971 1808 852"/></Shape></Glyph><Glyph ID="char_115" CONTENT="י" GC="1.0"><Shape><Polygon POINTS="1718 850 1718 969 1764 969 1768 850"/></Shape></Glyph><Glyph ID="char_116" CONTENT="ס" GC="1.0"><Shape><Polygon POINTS="1670 850 1670 969 1718 969 1718 850"/></Shape></Glyph><Glyph ID="char_117" CONTENT="פ" GC="1.0"><Shape><Polygon POINTS="1611 850 1615 969 1670 969 1670 850"/></Shape></Glyph><Glyph ID="char_118" CONTENT="ר" GC="1.0"><Shape><Polygon POINTS="1571 851 1575 970 1615 969 1611 850"/></Shape></Glyph><Glyph ID="char_119" CONTENT="ו" GC="1.0"><Shape><Polygon POINTS="1539 853 1543 972 1575 970 1571 851"/></Shape></Glyph><Glyph ID="char_120" CONTENT=" " GC="1.0"><Shape><Polygon POINTS="1490 854 1494 973 1543 972 1539 853"/></Shape></Glyph><Glyph ID="char_121" CONTENT="ה" GC="1.0"><Shape><Polygon POINTS="1434 856 1438 975 1494 973 1490 854"/></Shape></Glyph><Glyph ID="char_122" CONTENT="ו" GC="1.0"><Shape><Polygon POINTS="1386 858 1390 977 1438 975 1434 856"/></Shape></Glyph><Glyph ID="char_123" CONTENT="ד" GC="1.0"><Shape><Polygon POINTS="1357 859 1357 978 1390 977 1386 858"/></Shape></Glyph><Glyph ID="char_124" CONTENT=" " GC="1.0"><Shape><Polygon POINTS="1325 859 1325 978 1357 978 1357 859"/></Shape></Glyph><Glyph ID="char_125" CONTENT="מ" GC="1.0"><Shape><Polygon POINTS="1285 859 1285 978 1325 978 1325 859"/></Shape></Glyph><Glyph ID="char_126" CONTENT="ל" GC="1.0"><Shape><Polygon POINTS="1245 859 1245 978 1285 978 1285 859"/></Shape></Glyph><Glyph ID="char_127" CONTENT="כ" GC="1.0"><Shape><Polygon POINTS="1205 859 1205 978 1245 978 1245 859"/></Shape></Glyph><Glyph ID="char_128" CONTENT="ו" GC="1.0"><Shape><Polygon POINTS="1165 859 1165 978 1205 978 1205 859"/></Shape></Glyph><Glyph ID="char_129" CONTENT="ת" GC="1.0"><Shape><Polygon POINTS="1125 859 1125 978 1165 978 1165 859"/></Shape></Glyph><Glyph ID="char_130" CONTENT="ו" GC="1.0"><Shape><Polygon POINTS="1085 859 1085 978 1125 978 1125 859"/></Shape></Glyph><Glyph ID="char_131" CONTENT=" " GC="1.0"><Shape><Polygon POINTS="1045 859 1045 978 1085 978 1085 859"/></Shape></Glyph><Glyph ID="char_132" CONTENT="כ" GC="1.0"><Shape><Polygon POINTS="997 859 997 978 1045 978 1045 859"/></Shape></Glyph><Glyph ID="char_133" CONTENT="ד" GC="1.0"><Shape><Polygon POINTS="945 861 951 980 997 978 997 859"/></Shape></Glyph><Glyph ID="char_134" CONTENT="ע" GC="1.0"><Shape><Polygon POINTS="897 864 903 982 951 980 945 861"/></Shape></Glyph><Glyph ID="char_135" CONTENT="ת" GC="1.0"><Shape><Polygon POINTS="846 866 844 985 903 982 897 864"/></Shape></Glyph><Glyph ID="char_136" CONTENT="ם" GC="1.0"><Shape><Polygon POINTS="798 865 796 984 844 985 846 866"/></Shape></Glyph><Glyph ID="char_137" CONTENT=" " GC="1.0"><Shape><Polygon POINTS="758 865 756 984 796 984 798 865"/></Shape></Glyph><Glyph ID="char_138" CONTENT="ו" GC="1.0"><Shape><Polygon POINTS="702 864 700 983 756 984 758 865"/></Shape></Glyph><Glyph ID="char_139" CONTENT="ר" GC="1.0"><Shape><Polygon POINTS="654 863 652 982 700 983 702 864"/></Shape></Glyph><Glyph ID="char_140" CONTENT="ו" GC="1.0"><Shape><Polygon POINTS="614 863 612 982 652 982 654 863"/></Shape></Glyph><Glyph ID="char_141" CONTENT="מ" GC="1.0"><Shape><Polygon POINTS="566 862 564 981 612 982 614 863"/></Shape></Glyph><Glyph ID="char_142" CONTENT="מ" GC="1.0"><Shape><Polygon POINTS="510 862 508 981 564 981 566 862"/></Shape></Glyph><Glyph ID="char_143" CONTENT=" " GC="1.0"><Shape><Polygon POINTS="461 932 508 932"/></Shape></Glyph></String>
          </TextLine>

          
          
          <TextLine ID="eSc_line_1786213" BASELINE="746 1041 1208 1046 1531 1032 1682 1030 1907 1035 2097 1044 2539 1044 2611 1048" HPOS="745.0" VPOS="958.0" WIDTH="1869.0" HEIGHT="137.0">
            <Shape><Polygon POINTS="746 969 1208 974 1527 960 1681 958 1908 963 2100 972 2539 972 2614 976 2608 1095 2539 1091 2094 1091 1905 1082 1682 1077 1533 1079 1207 1093 745 1088"/></Shape>
	    <String CONTENT="שמי מלכותו ובכול מרומי רום תהלי פלא לפי כול " HPOS="745.0" VPOS="958.0" WIDTH="1869.0" HEIGHT="137.0"><Glyph ID="char_144" CONTENT="ש" GC="1.0"><Shape><Polygon POINTS="2510 972 2510 1091 2580 1093 2586 975"/></Shape></Glyph><Glyph ID="char_145" CONTENT="מ" GC="1.0"><Shape><Polygon POINTS="2445 972 2445 1091 2510 1091 2510 972"/></Shape></Glyph><Glyph ID="char_146" CONTENT="י" GC="1.0"><Shape><Polygon POINTS="2413 972 2413 1091 2445 1091 2445 972"/></Shape></Glyph><Glyph ID="char_147" CONTENT=" " GC="1.0"><Shape><Polygon POINTS="2365 972 2365 1091 2413 1091 2413 972"/></Shape></Glyph><Glyph ID="char_148" CONTENT="מ" GC="1.0"><Shape><Polygon POINTS="2309 972 2309 1091 2365 1091 2365 972"/></Shape></Glyph><Glyph ID="char_149" CONTENT="ל" GC="1.0"><Shape><Polygon POINTS="2261 972 2261 1091 2309 1091 2309 972"/></Shape></Glyph><Glyph ID="char_150" CONTENT="כ" GC="1.0"><Shape><Polygon POINTS="2221 972 2221 1091 2261 1091 2261 972"/></Shape></Glyph><Glyph ID="char_151" CONTENT="ו" GC="1.0"><Shape><Polygon POINTS="2181 972 2181 1091 2221 1091 2221 972"/></Shape></Glyph><Glyph ID="char_152" CONTENT="ת" GC="1.0"><Shape><Polygon POINTS="2140 972 2140 1091 2181 1091 2181 972"/></Shape></Glyph><Glyph ID="char_153" CONTENT="ו" GC="1.0"><Shape><Polygon POINTS="2108 972 2108 1091 2140 1091 2140 972"/></Shape></Glyph><Glyph ID="char_154" CONTENT=" " GC="1.0"><Shape><Polygon POINTS="2064 970 2058 1089 2108 1091 2108 972"/></Shape></Glyph><Glyph ID="char_155" CONTENT="ו" GC="1.0"><Shape><Polygon POINTS="2016 968 2010 1087 2058 1089 2064 970"/></Shape></Glyph><Glyph ID="char_156" CONTENT="ב" GC="1.0"><Shape><Polygon POINTS="1976 966 1970 1085 2010 1087 2016 968"/></Shape></Glyph><Glyph ID="char_157" CONTENT="כ" GC="1.0"><Shape><Polygon POINTS="1944 965 1938 1084 1970 1085 1976 966"/></Shape></Glyph><Glyph ID="char_158" CONTENT="ו" GC="1.0"><Shape><Polygon POINTS="1920 964 1914 1082 1938 1084 1944 965"/></Shape></Glyph><Glyph ID="char_159" CONTENT="ל" GC="1.0"><Shape><Polygon POINTS="1894 963 1892 1082 1914 1082 1920 964"/></Shape></Glyph><Glyph ID="char_160" CONTENT=" " GC="1.0"><Shape><Polygon POINTS="1862 962 1860 1081 1892 1082 1894 963"/></Shape></Glyph><Glyph ID="char_161" CONTENT="מ" GC="1.0"><Shape><Polygon POINTS="1805 961 1803 1080 1860 1081 1862 962"/></Shape></Glyph><Glyph ID="char_162" CONTENT="ר" GC="1.0"><Shape><Polygon POINTS="1757 960 1755 1079 1803 1080 1805 961"/></Shape></Glyph><Glyph ID="char_163" CONTENT="ו" GC="1.0"><Shape><Polygon POINTS="1717 959 1715 1078 1755 1079 1757 960"/></Shape></Glyph><Glyph ID="char_164" CONTENT="מ" GC="1.0"><Shape><Polygon POINTS="1667 958 1668 1077 1715 1078 1717 959"/></Shape></Glyph><Glyph ID="char_165" CONTENT="י" GC="1.0"><Shape><Polygon POINTS="1635 959 1636 1078 1668 1077 1667 958"/></Shape></Glyph><Glyph ID="char_166" CONTENT=" " GC="1.0"><Shape><Polygon POINTS="1595 959 1596 1078 1636 1078 1635 959"/></Shape></Glyph><Glyph ID="char_167" CONTENT="ר" GC="1.0"><Shape><Polygon POINTS="1555 960 1556 1079 1596 1078 1595 959"/></Shape></Glyph><Glyph ID="char_168" CONTENT="ו" GC="1.0"><Shape><Polygon POINTS="1504 961 1509 1080 1556 1079 1555 960"/></Shape></Glyph><Glyph ID="char_169" CONTENT="ם" GC="1.0"><Shape><Polygon POINTS="1464 963 1469 1082 1509 1080 1504 961"/></Shape></Glyph><Glyph ID="char_170" CONTENT=" " GC="1.0"><Shape><Polygon POINTS="1424 965 1429 1083 1469 1082 1464 963"/></Shape></Glyph><Glyph ID="char_171" CONTENT="ת" GC="1.0"><Shape><Polygon POINTS="1376 967 1381 1086 1429 1083 1424 965"/></Shape></Glyph><Glyph ID="char_172" CONTENT="ה" GC="1.0"><Shape><Polygon POINTS="1328 969 1333 1088 1381 1086 1376 967"/></Shape></Glyph><Glyph ID="char_173" CONTENT="ל" GC="1.0"><Shape><Polygon POINTS="1288 970 1293 1089 1333 1088 1328 969"/></Shape></Glyph><Glyph ID="char_174" CONTENT="י" GC="1.0"><Shape><Polygon POINTS="1248 972 1253 1091 1293 1089 1288 970"/></Shape></Glyph><Glyph ID="char_175" CONTENT=" " GC="1.0"><Shape><Polygon POINTS="1203 974 1201 1093 1253 1091 1248 972"/></Shape></Glyph><Glyph ID="char_176" CONTENT="פ" GC="1.0"><Shape><Polygon POINTS="1163 974 1161 1093 1201 1093 1203 974"/></Shape></Glyph><Glyph ID="char_177" CONTENT="ל" GC="1.0"><Shape><Polygon POINTS="1115 973 1113 1092 1161 1093 1163 974"/></Shape></Glyph><Glyph ID="char_178" CONTENT="א" GC="1.0"><Shape><Polygon POINTS="1059 972 1057 1091 1113 1092 1115 973"/></Shape></Glyph><Glyph ID="char_179" CONTENT=" " GC="1.0"><Shape><Polygon POINTS="1011 972 1009 1091 1057 1091 1059 972"/></Shape></Glyph><Glyph ID="char_180" CONTENT="ל" GC="1.0"><Shape><Polygon POINTS="979 972 977 1091 1009 1091 1011 972"/></Shape></Glyph><Glyph ID="char_181" CONTENT="פ" GC="1.0"><Shape><Polygon POINTS="947 971 945 1090 977 1091 979 972"/></Shape></Glyph><Glyph ID="char_182" CONTENT="י" GC="1.0"><Shape><Polygon POINTS="907 971 905 1090 945 1090 947 971"/></Shape></Glyph><Glyph ID="char_183" CONTENT=" " GC="1.0"><Shape><Polygon POINTS="874 970 872 1089 905 1090 907 971"/></Shape></Glyph><Glyph ID="char_184" CONTENT="כ" GC="1.0"><Shape><Polygon POINTS="842 970 840 1089 872 1089 874 970"/></Shape></Glyph><Glyph ID="char_185" CONTENT="ו" GC="1.0"><Shape><Polygon POINTS="810 970 808 1089 840 1089 842 970"/></Shape></Glyph><Glyph ID="char_186" CONTENT="ל" GC="1.0"><Shape><Polygon POINTS="778 969 776 1088 808 1089 810 970"/></Shape></Glyph><Glyph ID="char_187" CONTENT=" " GC="1.0"><Shape><Polygon POINTS="745 1040 776 1040"/></Shape></Glyph></String>
          </TextLine>

          
          
          <TextLine ID="eSc_line_1786225" BASELINE="793 1156 1030 1156 1350 1161 1522 1156 1916 1156 2020 1161 2302 1161 2455 1168 2536 1168 2615 1152" HPOS="793.0" VPOS="1082.0" WIDTH="1831.0" HEIGHT="133.0">
            <Shape><Polygon POINTS="793 1084 1030 1084 1351 1089 1519 1084 1916 1084 2023 1089 2302 1089 2458 1096 2536 1096 2600 1082 2624 1198 2536 1215 2452 1215 2302 1208 2017 1208 1916 1203 1523 1203 1349 1208 1030 1203 793 1203"/></Shape>
	    <String CONTENT="כבוד מלך אלוהים יספרו במעוני עומדם " HPOS="793.0" VPOS="1082.0" WIDTH="1831.0" HEIGHT="133.0"><Glyph ID="char_188" CONTENT="כ" GC="1.0"><Shape><Polygon POINTS="2529 1096 2529 1215 2593 1204 2570 1089"/></Shape></Glyph><Glyph ID="char_189" CONTENT="ב" GC="1.0"><Shape><Polygon POINTS="2481 1096 2481 1215 2529 1215 2529 1096"/></Shape></Glyph><Glyph ID="char_190" CONTENT="ו" GC="1.0"><Shape><Polygon POINTS="2436 1095 2430 1214 2481 1215 2481 1096"/></Shape></Glyph><Glyph ID="char_191" CONTENT="ד" GC="1.0"><Shape><Polygon POINTS="2396 1093 2391 1212 2430 1214 2436 1095"/></Shape></Glyph><Glyph ID="char_192" CONTENT=" " GC="1.0"><Shape><Polygon POINTS="2356 1091 2351 1210 2391 1212 2396 1093"/></Shape></Glyph><Glyph ID="char_193" CONTENT="מ" GC="1.0"><Shape><Polygon POINTS="2316 1090 2311 1208 2351 1210 2356 1091"/></Shape></Glyph><Glyph ID="char_194" CONTENT="ל" GC="1.0"><Shape><Polygon POINTS="2265 1089 2265 1208 2311 1208 2316 1090"/></Shape></Glyph><Glyph ID="char_195" CONTENT="ך" GC="1.0"><Shape><Polygon POINTS="2233 1089 2233 1208 2265 1208 2265 1089"/></Shape></Glyph><Glyph ID="char_196" CONTENT=" " GC="1.0"><Shape><Polygon POINTS="2209 1089 2209 1208 2233 1208 2233 1089"/></Shape></Glyph><Glyph ID="char_197" CONTENT="א" GC="1.0"><Shape><Polygon POINTS="2169 1089 2169 1208 2209 1208 2209 1089"/></Shape></Glyph><Glyph ID="char_198" CONTENT="ל" GC="1.0"><Shape><Polygon POINTS="2137 1089 2137 1208 2169 1208 2169 1089"/></Shape></Glyph><Glyph ID="char_199" CONTENT="ו" GC="1.0"><Shape><Polygon POINTS="2105 1089 2105 1208 2137 1208 2137 1089"/></Shape></Glyph><Glyph ID="char_200" CONTENT="ה" GC="1.0"><Shape><Polygon POINTS="2057 1089 2057 1208 2105 1208 2105 1089"/></Shape></Glyph><Glyph ID="char_201" CONTENT="י" GC="1.0"><Shape><Polygon POINTS="2020 1089 2015 1208 2057 1208 2057 1089"/></Shape></Glyph><Glyph ID="char_202" CONTENT="ם" GC="1.0"><Shape><Polygon POINTS="1980 1087 1975 1206 2015 1208 2020 1089"/></Shape></Glyph><Glyph ID="char_203" CONTENT=" " GC="1.0"><Shape><Polygon POINTS="1940 1085 1935 1204 1975 1206 1980 1087"/></Shape></Glyph><Glyph ID="char_204" CONTENT="י" GC="1.0"><Shape><Polygon POINTS="1897 1084 1897 1203 1935 1204 1940 1085"/></Shape></Glyph><Glyph ID="char_205" CONTENT="ס" GC="1.0"><Shape><Polygon POINTS="1849 1084 1849 1203 1897 1203 1897 1084"/></Shape></Glyph><Glyph ID="char_206" CONTENT="פ" GC="1.0"><Shape><Polygon POINTS="1809 1084 1809 1203 1849 1203 1849 1084"/></Shape></Glyph><Glyph ID="char_207" CONTENT="ר" GC="1.0"><Shape><Polygon POINTS="1769 1084 1769 1203 1809 1203 1809 1084"/></Shape></Glyph><Glyph ID="char_208" CONTENT="ו" GC="1.0"><Shape><Polygon POINTS="1721 1084 1721 1203 1769 1203 1769 1084"/></Shape></Glyph><Glyph ID="char_209" CONTENT=" " GC="1.0"><Shape><Polygon POINTS="1673 1084 1673 1203 1721 1203 1721 1084"/></Shape></Glyph><Glyph ID="char_210" CONTENT="ב" GC="1.0"><Shape><Polygon POINTS="1625 1084 1625 1203 1673 1203 1673 1084"/></Shape></Glyph><Glyph ID="char_211" CONTENT="מ" GC="1.0"><Shape><Polygon POINTS="1577 1084 1577 1203 1625 1203 1625 1084"/></Shape></Glyph><Glyph ID="char_212" CONTENT="ע" GC="1.0"><Shape><Polygon POINTS="1537 1084 1537 1203 1577 1203 1577 1084"/></Shape></Glyph><Glyph ID="char_213" CONTENT="ו" GC="1.0"><Shape><Polygon POINTS="1503 1084 1506 1203 1537 1203 1537 1084"/></Shape></Glyph><Glyph ID="char_214" CONTENT="נ" GC="1.0"><Shape><Polygon POINTS="1479 1085 1482 1204 1506 1203 1503 1084"/></Shape></Glyph><Glyph ID="char_215" CONTENT="י" GC="1.0"><Shape><Polygon POINTS="1455 1086 1458 1205 1482 1204 1479 1085"/></Shape></Glyph><Glyph ID="char_216" CONTENT=" " GC="1.0"><Shape><Polygon POINTS="1415 1087 1418 1206 1458 1205 1455 1086"/></Shape></Glyph><Glyph ID="char_217" CONTENT="ע" GC="1.0"><Shape><Polygon POINTS="1375 1088 1378 1207 1418 1206 1415 1087"/></Shape></Glyph><Glyph ID="char_218" CONTENT="ו" GC="1.0"><Shape><Polygon POINTS="1338 1089 1336 1208 1378 1207 1375 1088"/></Shape></Glyph><Glyph ID="char_219" CONTENT="מ" GC="1.0"><Shape><Polygon POINTS="1282 1088 1280 1207 1336 1208 1338 1089"/></Shape></Glyph><Glyph ID="char_220" CONTENT="ד" GC="1.0"><Shape><Polygon POINTS="1218 1087 1216 1206 1280 1207 1282 1088"/></Shape></Glyph><Glyph ID="char_221" CONTENT="ם" GC="1.0"><Shape><Polygon POINTS="1170 1086 1168 1205 1216 1206 1218 1087"/></Shape></Glyph><Glyph ID="char_222" CONTENT=" " GC="1.0"><Shape><Polygon POINTS="961 1084 961 1203 1168 1205 1170 1086"/></Shape></Glyph></String>
          </TextLine>

          
          
          <TextLine ID="eSc_line_1786215" BASELINE="832 1269 917 1265 1398 1267 1506 1262 1707 1262 1955 1256 2083 1262 2534 1265 2600 1274" HPOS="828.0" VPOS="1184.0" WIDTH="1781.0" HEIGHT="137.0">
            <Shape><Polygon POINTS="828 1197 913 1193 1398 1195 1502 1190 1707 1190 1953 1184 2086 1190 2534 1193 2609 1203 2593 1321 2533 1312 2080 1309 1956 1303 1707 1309 1508 1309 1397 1314 919 1312 834 1316"/></Shape>
	    <String CONTENT="מה נתחשב ם וכוהנתנו מה במעוניהם וק " HPOS="828.0" VPOS="1184.0" WIDTH="1781.0" HEIGHT="137.0"><Glyph ID="char_223" CONTENT="מ" GC="1.0"><Shape><Polygon POINTS="2495 1193 2494 1312 2568 1317 2584 1200"/></Shape></Glyph><Glyph ID="char_224" CONTENT="ה" GC="1.0"><Shape><Polygon POINTS="2431 1192 2430 1311 2494 1312 2495 1193"/></Shape></Glyph><Glyph ID="char_225" CONTENT=" " GC="1.0"><Shape><Polygon POINTS="2415 1192 2414 1311 2430 1311 2431 1192"/></Shape></Glyph><Glyph ID="char_226" CONTENT="נ" GC="1.0"><Shape><Polygon POINTS="2367 1192 2366 1311 2414 1311 2415 1192"/></Shape></Glyph><Glyph ID="char_227" CONTENT="ת" GC="1.0"><Shape><Polygon POINTS="2303 1191 2302 1310 2366 1311 2367 1192"/></Shape></Glyph><Glyph ID="char_228" CONTENT="ח" GC="1.0"><Shape><Polygon POINTS="2255 1191 2254 1310 2302 1310 2303 1191"/></Shape></Glyph><Glyph ID="char_229" CONTENT="ש" GC="1.0"><Shape><Polygon POINTS="2191 1191 2190 1310 2254 1310 2255 1191"/></Shape></Glyph><Glyph ID="char_230" CONTENT="ב" GC="1.0"><Shape><Polygon POINTS="2135 1190 2134 1309 2190 1310 2191 1191"/></Shape></Glyph><Glyph ID="char_231" CONTENT=" " GC="1.0"><Shape><Polygon POINTS="2026 1187 2020 1306 2134 1309 2135 1190"/></Shape></Glyph><Glyph ID="char_232" CONTENT="ם" GC="1.0"><Shape><Polygon POINTS="1917 1185 1920 1304 2020 1306 2026 1187"/></Shape></Glyph><Glyph ID="char_233" CONTENT=" " GC="1.0"><Shape><Polygon POINTS="1893 1185 1896 1304 1920 1304 1917 1185"/></Shape></Glyph><Glyph ID="char_234" CONTENT="ו" GC="1.0"><Shape><Polygon POINTS="1853 1186 1856 1305 1896 1304 1893 1185"/></Shape></Glyph><Glyph ID="char_235" CONTENT="כ" GC="1.0"><Shape><Polygon POINTS="1821 1187 1824 1306 1856 1305 1853 1186"/></Shape></Glyph><Glyph ID="char_236" CONTENT="ו" GC="1.0"><Shape><Polygon POINTS="1789 1188 1792 1307 1824 1306 1821 1187"/></Shape></Glyph><Glyph ID="char_237" CONTENT="ה" GC="1.0"><Shape><Polygon POINTS="1741 1189 1744 1308 1792 1307 1789 1188"/></Shape></Glyph><Glyph ID="char_238" CONTENT="נ" GC="1.0"><Shape><Polygon POINTS="1695 1190 1695 1309 1744 1308 1741 1189"/></Shape></Glyph><Glyph ID="char_239" CONTENT="ת" GC="1.0"><Shape><Polygon POINTS="1655 1190 1655 1309 1695 1309 1695 1190"/></Shape></Glyph><Glyph ID="char_240" CONTENT="נ" GC="1.0"><Shape><Polygon POINTS="1623 1190 1623 1309 1655 1309 1655 1190"/></Shape></Glyph><Glyph ID="char_241" CONTENT="ו" GC="1.0"><Shape><Polygon POINTS="1591 1190 1591 1309 1623 1309 1623 1190"/></Shape></Glyph><Glyph ID="char_242" CONTENT=" " GC="1.0"><Shape><Polygon POINTS="1551 1190 1551 1309 1591 1309 1591 1190"/></Shape></Glyph><Glyph ID="char_243" CONTENT="מ" GC="1.0"><Shape><Polygon POINTS="1499 1190 1505 1309 1551 1309 1551 1190"/></Shape></Glyph><Glyph ID="char_244" CONTENT="ה" GC="1.0"><Shape><Polygon POINTS="1444 1193 1449 1312 1505 1309 1499 1190"/></Shape></Glyph><Glyph ID="char_245" CONTENT=" " GC="1.0"><Shape><Polygon POINTS="1391 1195 1391 1314 1449 1312 1444 1193"/></Shape></Glyph><Glyph ID="char_246" CONTENT="ב" GC="1.0"><Shape><Polygon POINTS="1335 1195 1335 1314 1391 1314 1391 1195"/></Shape></Glyph><Glyph ID="char_247" CONTENT="מ" GC="1.0"><Shape><Polygon POINTS="1287 1195 1287 1314 1335 1314 1335 1195"/></Shape></Glyph><Glyph ID="char_248" CONTENT="ע" GC="1.0"><Shape><Polygon POINTS="1247 1194 1247 1313 1287 1314 1287 1195"/></Shape></Glyph><Glyph ID="char_249" CONTENT="ו" GC="1.0"><Shape><Polygon POINTS="1215 1194 1215 1313 1247 1313 1247 1194"/></Shape></Glyph><Glyph ID="char_250" CONTENT="נ" GC="1.0"><Shape><Polygon POINTS="1183 1194 1183 1313 1215 1313 1215 1194"/></Shape></Glyph><Glyph ID="char_251" CONTENT="י" GC="1.0"><Shape><Polygon POINTS="1143 1194 1143 1313 1183 1313 1183 1194"/></Shape></Glyph><Glyph ID="char_252" CONTENT="ה" GC="1.0"><Shape><Polygon POINTS="1087 1194 1087 1313 1143 1313 1143 1194"/></Shape></Glyph><Glyph ID="char_253" CONTENT="ם" GC="1.0"><Shape><Polygon POINTS="1023 1193 1023 1312 1087 1313 1087 1194"/></Shape></Glyph><Glyph ID="char_254" CONTENT=" " GC="1.0"><Shape><Polygon POINTS="975 1193 975 1312 1023 1312 1023 1193"/></Shape></Glyph><Glyph ID="char_255" CONTENT="ו" GC="1.0"><Shape><Polygon POINTS="919 1193 919 1312 975 1312 975 1193"/></Shape></Glyph><Glyph ID="char_256" CONTENT="ק" GC="1.0"><Shape><Polygon POINTS="860 1196 865 1315 919 1312 919 1193"/></Shape></Glyph><Glyph ID="char_257" CONTENT=" " GC="1.0"><Shape><Polygon POINTS="831 1269 862 1267"/></Shape></Glyph></String>
          </TextLine>

          
          
          <TextLine ID="eSc_line_1786216" BASELINE="872 1377 1062 1384 1147 1380 1727 1377 1871 1373 1961 1375 2135 1375 2288 1384 2597 1380" HPOS="870.0" VPOS="1301.0" WIDTH="1727.0" HEIGHT="130.0">
            <Shape><Polygon POINTS="874 1305 1064 1312 1143 1308 1726 1305 1869 1301 1962 1303 2135 1303 2292 1312 2596 1308 2597 1427 2285 1431 2135 1422 1959 1422 1872 1420 1727 1424 1149 1427 1060 1431 870 1424"/></Shape>
	    <String CONTENT=" וד הם תרומת לשון עפרנו בדעת א " HPOS="870.0" VPOS="1301.0" WIDTH="1727.0" HEIGHT="130.0"><Glyph ID="char_258" CONTENT=" " GC="1.0"><Shape><Polygon POINTS="2515 1309 2517 1428 2565 1427 2563 1308"/></Shape></Glyph><Glyph ID="char_259" CONTENT="ו" GC="1.0"><Shape><Polygon POINTS="2483 1309 2485 1428 2517 1428 2515 1309"/></Shape></Glyph><Glyph ID="char_260" CONTENT="ד" GC="1.0"><Shape><Polygon POINTS="2386 1311 2388 1430 2485 1428 2483 1309"/></Shape></Glyph><Glyph ID="char_261" CONTENT=" " GC="1.0"><Shape><Polygon POINTS="2280 1311 2273 1430 2388 1430 2386 1311"/></Shape></Glyph><Glyph ID="char_262" CONTENT="ה" GC="1.0"><Shape><Polygon POINTS="2107 1303 2107 1422 2273 1430 2280 1311"/></Shape></Glyph><Glyph ID="char_263" CONTENT="ם" GC="1.0"><Shape><Polygon POINTS="1971 1303 1971 1422 2107 1422 2107 1303"/></Shape></Glyph><Glyph ID="char_264" CONTENT=" " GC="1.0"><Shape><Polygon POINTS="1940 1303 1938 1422 1971 1422 1971 1303"/></Shape></Glyph><Glyph ID="char_265" CONTENT="ת" GC="1.0"><Shape><Polygon POINTS="1884 1301 1882 1420 1938 1422 1940 1303"/></Shape></Glyph><Glyph ID="char_266" CONTENT="ר" GC="1.0"><Shape><Polygon POINTS="1832 1302 1835 1421 1882 1420 1884 1301"/></Shape></Glyph><Glyph ID="char_267" CONTENT="ו" GC="1.0"><Shape><Polygon POINTS="1792 1303 1795 1422 1835 1421 1832 1302"/></Shape></Glyph><Glyph ID="char_268" CONTENT="מ" GC="1.0"><Shape><Polygon POINTS="1736 1305 1739 1424 1795 1422 1792 1303"/></Shape></Glyph><Glyph ID="char_269" CONTENT="ת" GC="1.0"><Shape><Polygon POINTS="1681 1305 1682 1424 1739 1424 1736 1305"/></Shape></Glyph><Glyph ID="char_270" CONTENT=" " GC="1.0"><Shape><Polygon POINTS="1633 1305 1634 1424 1682 1424 1681 1305"/></Shape></Glyph><Glyph ID="char_271" CONTENT="ל" GC="1.0"><Shape><Polygon POINTS="1593 1306 1594 1425 1634 1424 1633 1305"/></Shape></Glyph><Glyph ID="char_272" CONTENT="ש" GC="1.0"><Shape><Polygon POINTS="1536 1306 1537 1425 1594 1425 1593 1306"/></Shape></Glyph><Glyph ID="char_273" CONTENT="ו" GC="1.0"><Shape><Polygon POINTS="1488 1306 1489 1425 1537 1425 1536 1306"/></Shape></Glyph><Glyph ID="char_274" CONTENT="ן" GC="1.0"><Shape><Polygon POINTS="1464 1306 1465 1425 1489 1425 1488 1306"/></Shape></Glyph><Glyph ID="char_275" CONTENT=" " GC="1.0"><Shape><Polygon POINTS="1432 1307 1433 1426 1465 1425 1464 1306"/></Shape></Glyph><Glyph ID="char_276" CONTENT="ע" GC="1.0"><Shape><Polygon POINTS="1392 1307 1393 1426 1433 1426 1432 1307"/></Shape></Glyph><Glyph ID="char_277" CONTENT="פ" GC="1.0"><Shape><Polygon POINTS="1352 1307 1353 1426 1393 1426 1392 1307"/></Shape></Glyph><Glyph ID="char_278" CONTENT="ר" GC="1.0"><Shape><Polygon POINTS="1304 1307 1305 1426 1353 1426 1352 1307"/></Shape></Glyph><Glyph ID="char_279" CONTENT="נ" GC="1.0"><Shape><Polygon POINTS="1271 1307 1272 1426 1305 1426 1304 1307"/></Shape></Glyph><Glyph ID="char_280" CONTENT="ו" GC="1.0"><Shape><Polygon POINTS="1239 1308 1240 1427 1272 1426 1271 1307"/></Shape></Glyph><Glyph ID="char_281" CONTENT=" " GC="1.0"><Shape><Polygon POINTS="1191 1308 1192 1427 1240 1427 1239 1308"/></Shape></Glyph><Glyph ID="char_282" CONTENT="ב" GC="1.0"><Shape><Polygon POINTS="1140 1308 1146 1427 1192 1427 1191 1308"/></Shape></Glyph><Glyph ID="char_283" CONTENT="ד" GC="1.0"><Shape><Polygon POINTS="1092 1311 1098 1429 1146 1427 1140 1308"/></Shape></Glyph><Glyph ID="char_284" CONTENT="ע" GC="1.0"><Shape><Polygon POINTS="1043 1311 1038 1430 1098 1429 1092 1311"/></Shape></Glyph><Glyph ID="char_285" CONTENT="ת" GC="1.0"><Shape><Polygon POINTS="1002 1310 997 1429 1038 1430 1043 1311"/></Shape></Glyph><Glyph ID="char_286" CONTENT=" " GC="1.0"><Shape><Polygon POINTS="962 1308 957 1427 997 1429 1002 1310"/></Shape></Glyph><Glyph ID="char_287" CONTENT="א" GC="1.0"><Shape><Polygon POINTS="930 1307 925 1426 957 1427 962 1308"/></Shape></Glyph><Glyph ID="char_288" CONTENT=" " GC="1.0"><Shape><Polygon POINTS="882 1305 877 1424 925 1426 930 1307"/></Shape></Glyph></String>
          </TextLine>

          
          
          <TextLine ID="eSc_line_1786218" BASELINE="944 1513 1012 1508 1307 1510 1526 1504 1973 1504" HPOS="938.0" VPOS="1432.0" WIDTH="1035.0" HEIGHT="128.0">
            <Shape><Polygon POINTS="938 1441 1006 1436 1307 1438 1524 1432 1973 1432 1973 1551 1527 1551 1306 1557 1015 1555 947 1560"/></Shape>
	    <String CONTENT=" נתנו נרוממה לאלוהי דעת " HPOS="938.0" VPOS="1432.0" WIDTH="1035.0" HEIGHT="128.0"><Glyph ID="char_289" CONTENT=" " GC="1.0"><Shape><Polygon POINTS="1941 1432 1941 1551 1965 1551 1965 1432"/></Shape></Glyph><Glyph ID="char_290" CONTENT="נ" GC="1.0"><Shape><Polygon POINTS="1900 1432 1900 1551 1941 1551 1941 1432"/></Shape></Glyph><Glyph ID="char_291" CONTENT="ת" GC="1.0"><Shape><Polygon POINTS="1852 1432 1852 1551 1900 1551 1900 1432"/></Shape></Glyph><Glyph ID="char_292" CONTENT="נ" GC="1.0"><Shape><Polygon POINTS="1812 1432 1812 1551 1852 1551 1852 1432"/></Shape></Glyph><Glyph ID="char_293" CONTENT="ו" GC="1.0"><Shape><Polygon POINTS="1764 1432 1764 1551 1812 1551 1812 1432"/></Shape></Glyph><Glyph ID="char_294" CONTENT=" " GC="1.0"><Shape><Polygon POINTS="1707 1432 1707 1551 1764 1551 1764 1432"/></Shape></Glyph><Glyph ID="char_295" CONTENT="נ" GC="1.0"><Shape><Polygon POINTS="1659 1432 1659 1551 1707 1551 1707 1432"/></Shape></Glyph><Glyph ID="char_296" CONTENT="ר" GC="1.0"><Shape><Polygon POINTS="1611 1432 1611 1551 1659 1551 1659 1432"/></Shape></Glyph><Glyph ID="char_297" CONTENT="ו" GC="1.0"><Shape><Polygon POINTS="1571 1432 1571 1551 1611 1551 1611 1432"/></Shape></Glyph><Glyph ID="char_298" CONTENT="מ" GC="1.0"><Shape><Polygon POINTS="1520 1432 1523 1551 1571 1551 1571 1432"/></Shape></Glyph><Glyph ID="char_299" CONTENT="מ" GC="1.0"><Shape><Polygon POINTS="1464 1434 1467 1553 1523 1551 1520 1432"/></Shape></Glyph><Glyph ID="char_300" CONTENT="ה" GC="1.0"><Shape><Polygon POINTS="1416 1435 1419 1554 1467 1553 1464 1434"/></Shape></Glyph><Glyph ID="char_301" CONTENT=" " GC="1.0"><Shape><Polygon POINTS="1392 1436 1395 1555 1419 1554 1416 1435"/></Shape></Glyph><Glyph ID="char_302" CONTENT="ל" GC="1.0"><Shape><Polygon POINTS="1359 1437 1362 1555 1395 1555 1392 1436"/></Shape></Glyph><Glyph ID="char_303" CONTENT="א" GC="1.0"><Shape><Polygon POINTS="1327 1437 1330 1556 1362 1555 1359 1437"/></Shape></Glyph><Glyph ID="char_304" CONTENT="ל" GC="1.0"><Shape><Polygon POINTS="1297 1438 1296 1557 1330 1556 1327 1437"/></Shape></Glyph><Glyph ID="char_305" CONTENT="ו" GC="1.0"><Shape><Polygon POINTS="1265 1438 1264 1557 1296 1557 1297 1438"/></Shape></Glyph><Glyph ID="char_306" CONTENT="ה" GC="1.0"><Shape><Polygon POINTS="1217 1437 1216 1556 1264 1557 1265 1438"/></Shape></Glyph><Glyph ID="char_307" CONTENT="י" GC="1.0"><Shape><Polygon POINTS="1176 1437 1175 1556 1216 1556 1217 1437"/></Shape></Glyph><Glyph ID="char_308" CONTENT=" " GC="1.0"><Shape><Polygon POINTS="1144 1437 1143 1556 1175 1556 1176 1437"/></Shape></Glyph><Glyph ID="char_309" CONTENT="ד" GC="1.0"><Shape><Polygon POINTS="1088 1437 1087 1555 1143 1556 1144 1437"/></Shape></Glyph><Glyph ID="char_310" CONTENT="ע" GC="1.0"><Shape><Polygon POINTS="1040 1436 1039 1555 1087 1555 1088 1437"/></Shape></Glyph><Glyph ID="char_311" CONTENT="ת" GC="1.0"><Shape><Polygon POINTS="986 1437 994 1557 1039 1555 1040 1436"/></Shape></Glyph><Glyph ID="char_312" CONTENT=" " GC="1.0"><Shape><Polygon POINTS="946 1440 954 1559 994 1557 986 1437"/></Shape></Glyph></String>
          </TextLine>

          
          
          <TextLine ID="eSc_line_1786219" BASELINE="983 1632 1073 1637 1235 1628 1407 1628 1607 1621 1853 1623 1919 1628" HPOS="980.0" VPOS="1549.0" WIDTH="944.0" HEIGHT="135.0">
            <Shape><Polygon POINTS="986 1560 1076 1565 1231 1556 1407 1556 1604 1549 1853 1551 1924 1556 1915 1675 1852 1670 1608 1668 1407 1675 1237 1675 1070 1684 980 1679"/></Shape>
	    <String CONTENT=" ודש ובינתו מכול יד " HPOS="980.0" VPOS="1549.0" WIDTH="944.0" HEIGHT="135.0"><Glyph ID="char_313" CONTENT=" " GC="1.0"><Shape><Polygon POINTS="1894 1554 1885 1673 1901 1674 1910 1555"/></Shape></Glyph><Glyph ID="char_314" CONTENT="ו" GC="1.0"><Shape><Polygon POINTS="1849 1551 1848 1670 1885 1673 1894 1554"/></Shape></Glyph><Glyph ID="char_315" CONTENT="ד" GC="1.0"><Shape><Polygon POINTS="1793 1551 1792 1670 1848 1670 1849 1551"/></Shape></Glyph><Glyph ID="char_316" CONTENT="ש" GC="1.0"><Shape><Polygon POINTS="1720 1550 1719 1669 1792 1670 1793 1551"/></Shape></Glyph><Glyph ID="char_317" CONTENT=" " GC="1.0"><Shape><Polygon POINTS="1640 1549 1639 1668 1719 1669 1720 1550"/></Shape></Glyph><Glyph ID="char_318" CONTENT="ו" GC="1.0"><Shape><Polygon POINTS="1581 1550 1585 1669 1639 1668 1640 1549"/></Shape></Glyph><Glyph ID="char_319" CONTENT="ב" GC="1.0"><Shape><Polygon POINTS="1533 1552 1537 1670 1585 1669 1581 1550"/></Shape></Glyph><Glyph ID="char_320" CONTENT="י" GC="1.0"><Shape><Polygon POINTS="1501 1553 1505 1672 1537 1670 1533 1552"/></Shape></Glyph><Glyph ID="char_321" CONTENT="נ" GC="1.0"><Shape><Polygon POINTS="1461 1554 1465 1673 1505 1672 1501 1553"/></Shape></Glyph><Glyph ID="char_322" CONTENT="ת" GC="1.0"><Shape><Polygon POINTS="1420 1556 1424 1674 1465 1673 1461 1554"/></Shape></Glyph><Glyph ID="char_323" CONTENT="ו" GC="1.0"><Shape><Polygon POINTS="1391 1556 1391 1675 1424 1674 1420 1556"/></Shape></Glyph><Glyph ID="char_324" CONTENT=" " GC="1.0"><Shape><Polygon POINTS="1351 1556 1351 1675 1391 1675 1391 1556"/></Shape></Glyph><Glyph ID="char_325" CONTENT="מ" GC="1.0"><Shape><Polygon POINTS="1295 1556 1295 1675 1351 1675 1351 1556"/></Shape></Glyph><Glyph ID="char_326" CONTENT="כ" GC="1.0"><Shape><Polygon POINTS="1255 1556 1255 1675 1295 1675 1295 1556"/></Shape></Glyph><Glyph ID="char_327" CONTENT="ו" GC="1.0"><Shape><Polygon POINTS="1211 1557 1217 1676 1255 1675 1255 1556"/></Shape></Glyph><Glyph ID="char_328" CONTENT="ל" GC="1.0"><Shape><Polygon POINTS="1179 1559 1185 1678 1217 1676 1211 1557"/></Shape></Glyph><Glyph ID="char_329" CONTENT=" " GC="1.0"><Shape><Polygon POINTS="1139 1561 1145 1680 1185 1678 1179 1559"/></Shape></Glyph><Glyph ID="char_330" CONTENT="י" GC="1.0"><Shape><Polygon POINTS="1090 1564 1096 1683 1145 1680 1139 1561"/></Shape></Glyph><Glyph ID="char_331" CONTENT="ד" GC="1.0"><Shape><Polygon POINTS="1051 1564 1043 1682 1096 1683 1090 1564"/></Shape></Glyph><Glyph ID="char_332" CONTENT=" " GC="1.0"><Shape><Polygon POINTS="995 1560 987 1679 1043 1682 1051 1564"/></Shape></Glyph></String>
          </TextLine>

          
          
          <TextLine ID="eSc_line_1786220" BASELINE="1057 1747 1129 1754 1407 1749 1934 1729" HPOS="1052.0" VPOS="1657.0" WIDTH="883.0" HEIGHT="144.0">
            <Shape><Polygon POINTS="1063 1675 1135 1682 1405 1677 1931 1657 1935 1776 1407 1796 1124 1801 1052 1794"/></Shape>
	    <String CONTENT=" קודש קודש ראיש " HPOS="1052.0" VPOS="1657.0" WIDTH="883.0" HEIGHT="144.0"><Glyph ID="char_333" CONTENT=" " GC="1.0"><Shape><Polygon POINTS="1842 1660 1847 1779 1896 1777 1891 1659"/></Shape></Glyph><Glyph ID="char_334" CONTENT="ק" GC="1.0"><Shape><Polygon POINTS="1802 1662 1807 1781 1847 1779 1842 1660"/></Shape></Glyph><Glyph ID="char_335" CONTENT="ו" GC="1.0"><Shape><Polygon POINTS="1755 1664 1759 1783 1807 1781 1802 1662"/></Shape></Glyph><Glyph ID="char_336" CONTENT="ד" GC="1.0"><Shape><Polygon POINTS="1706 1666 1710 1785 1759 1783 1755 1664"/></Shape></Glyph><Glyph ID="char_337" CONTENT="ש" GC="1.0"><Shape><Polygon POINTS="1642 1668 1646 1787 1710 1785 1706 1666"/></Shape></Glyph><Glyph ID="char_338" CONTENT=" " GC="1.0"><Shape><Polygon POINTS="1561 1671 1565 1790 1646 1787 1642 1668"/></Shape></Glyph><Glyph ID="char_339" CONTENT="ק" GC="1.0"><Shape><Polygon POINTS="1505 1673 1509 1792 1565 1790 1561 1671"/></Shape></Glyph><Glyph ID="char_340" CONTENT="ו" GC="1.0"><Shape><Polygon POINTS="1464 1675 1468 1794 1509 1792 1505 1673"/></Shape></Glyph><Glyph ID="char_341" CONTENT="ד" GC="1.0"><Shape><Polygon POINTS="1416 1677 1420 1795 1468 1794 1464 1675"/></Shape></Glyph><Glyph ID="char_342" CONTENT="ש" GC="1.0"><Shape><Polygon POINTS="1361 1678 1363 1797 1420 1795 1416 1677"/></Shape></Glyph><Glyph ID="char_343" CONTENT=" " GC="1.0"><Shape><Polygon POINTS="1296 1679 1298 1798 1363 1797 1361 1678"/></Shape></Glyph><Glyph ID="char_344" CONTENT="ר" GC="1.0"><Shape><Polygon POINTS="1248 1680 1250 1799 1298 1798 1296 1679"/></Shape></Glyph><Glyph ID="char_345" CONTENT="א" GC="1.0"><Shape><Polygon POINTS="1199 1681 1201 1800 1250 1799 1248 1680"/></Shape></Glyph><Glyph ID="char_346" CONTENT="י" GC="1.0"><Shape><Polygon POINTS="1159 1682 1161 1800 1201 1800 1199 1681"/></Shape></Glyph><Glyph ID="char_347" CONTENT="ש" GC="1.0"><Shape><Polygon POINTS="1121 1681 1107 1799 1161 1800 1159 1682"/></Shape></Glyph><Glyph ID="char_348" CONTENT=" " GC="1.0"><Shape><Polygon POINTS="1072 1676 1059 1795 1107 1799 1121 1681"/></Shape></Glyph></String>
          </TextLine>

          
          
          <TextLine ID="eSc_line_1786222" BASELINE="1132 1867 1307 1862 1614 1862 1808 1849 1968 1851" HPOS="1129.0" VPOS="1777.0" WIDTH="839.0" HEIGHT="137.0">
            <Shape><Polygon POINTS="1129 1795 1304 1790 1614 1790 1803 1777 1968 1779 1967 1898 1811 1896 1614 1909 1308 1909 1133 1914"/></Shape>
	    <String CONTENT=" רו ל חוק " HPOS="1129.0" VPOS="1777.0" WIDTH="839.0" HEIGHT="137.0"><Glyph ID="char_349" CONTENT=" " GC="1.0"><Shape><Polygon POINTS="1923 1778 1922 1897 1953 1898 1954 1779"/></Shape></Glyph><Glyph ID="char_350" CONTENT="ר" GC="1.0"><Shape><Polygon POINTS="1883 1778 1882 1897 1922 1897 1923 1778"/></Shape></Glyph><Glyph ID="char_351" CONTENT="ו" GC="1.0"><Shape><Polygon POINTS="1851 1778 1850 1896 1882 1897 1883 1778"/></Shape></Glyph><Glyph ID="char_352" CONTENT=" " GC="1.0"><Shape><Polygon POINTS="1819 1777 1818 1896 1850 1896 1851 1778"/></Shape></Glyph><Glyph ID="char_353" CONTENT="ל" GC="1.0"><Shape><Polygon POINTS="1563 1790 1563 1909 1818 1896 1819 1777"/></Shape></Glyph><Glyph ID="char_354" CONTENT=" " GC="1.0"><Shape><Polygon POINTS="1305 1790 1308 1909 1563 1909 1563 1790"/></Shape></Glyph><Glyph ID="char_355" CONTENT="ח" GC="1.0"><Shape><Polygon POINTS="1265 1791 1268 1910 1308 1909 1305 1790"/></Shape></Glyph><Glyph ID="char_356" CONTENT="ו" GC="1.0"><Shape><Polygon POINTS="1225 1792 1228 1911 1268 1910 1265 1791"/></Shape></Glyph><Glyph ID="char_357" CONTENT="ק" GC="1.0"><Shape><Polygon POINTS="1177 1794 1180 1913 1228 1911 1225 1792"/></Shape></Glyph><Glyph ID="char_358" CONTENT=" " GC="1.0"><Shape><Polygon POINTS="1131 1867 1178 1865"/></Shape></Glyph></String>
          </TextLine>

          
          
          <TextLine ID="eSc_line_1786221" BASELINE="1770 1966 1995 1970" HPOS="1769.0" VPOS="1894.0" WIDTH="227.0" HEIGHT="123.0">
            <Shape><Polygon POINTS="1771 1894 1996 1898 1994 2017 1769 2013"/></Shape>
	    <String CONTENT=" ת כבו " HPOS="1769.0" VPOS="1894.0" WIDTH="227.0" HEIGHT="123.0"><Glyph ID="char_359" CONTENT=" " GC="1.0"><Shape><Polygon POINTS="1948 1897 1945 2016 1977 2017 1980 1898"/></Shape></Glyph><Glyph ID="char_360" CONTENT="ת" GC="1.0"><Shape><Polygon POINTS="1940 1897 1937 2016 1945 2016 1948 1897"/></Shape></Glyph><Glyph ID="char_361" CONTENT=" " GC="1.0"><Shape><Polygon POINTS="1916 1897 1913 2016 1937 2016 1940 1897"/></Shape></Glyph><Glyph ID="char_362" CONTENT="כ" GC="1.0"><Shape><Polygon POINTS="1875 1896 1872 2015 1913 2016 1916 1897"/></Shape></Glyph><Glyph ID="char_363" CONTENT="ב" GC="1.0"><Shape><Polygon POINTS="1827 1895 1824 2014 1872 2015 1875 1896"/></Shape></Glyph><Glyph ID="char_364" CONTENT="ו" GC="1.0"><Shape><Polygon POINTS="1803 1895 1800 2014 1824 2014 1827 1895"/></Shape></Glyph><Glyph ID="char_365" CONTENT=" " GC="1.0"><Shape><Polygon POINTS="1769 1965 1800 1965"/></Shape></Glyph></String>
          </TextLine>

          
          
          <TextLine ID="eSc_line_1786224" BASELINE="1876 2092 1921 2085 2079 2085" HPOS="1865.0" VPOS="2013.0" WIDTH="214.0" HEIGHT="126.0">
            <Shape><Polygon POINTS="1865 2021 1910 2014 2079 2013 2079 2132 1928 2132 1883 2139"/></Shape>
	    <String CONTENT=" תם " HPOS="1865.0" VPOS="2013.0" WIDTH="214.0" HEIGHT="126.0"><Glyph ID="char_366" CONTENT=" " GC="1.0"><Shape><Polygon POINTS="1979 2014 1979 2132 2044 2132 2044 2013"/></Shape></Glyph><Glyph ID="char_367" CONTENT="ת" GC="1.0"><Shape><Polygon POINTS="1931 2014 1931 2132 1979 2132 1979 2014"/></Shape></Glyph><Glyph ID="char_368" CONTENT="ם" GC="1.0"><Shape><Polygon POINTS="1896 2016 1914 2134 1931 2132 1931 2014"/></Shape></Glyph><Glyph ID="char_369" CONTENT=" " GC="1.0"><Shape><Polygon POINTS="1875 2092 1906 2087"/></Shape></Glyph></String>
          </TextLine>

          
          
          <TextLine ID="eSc_line_1786223" BASELINE="1970 2216 2124 2214" HPOS="1969.0" VPOS="2142.0" WIDTH="155.0" HEIGHT="121.0">
            <Shape><Polygon POINTS="1969 2144 2123 2142 2124 2261 1970 2263"/></Shape>
	    <String CONTENT=" תם " HPOS="1969.0" VPOS="2142.0" WIDTH="155.0" HEIGHT="121.0"><Glyph ID="char_370" CONTENT=" " GC="1.0"><Shape><Polygon POINTS="2106 2142 2108 2261 2124 2261 2122 2142"/></Shape></Glyph><Glyph ID="char_371" CONTENT="ת" GC="1.0"><Shape><Polygon POINTS="2074 2143 2076 2262 2108 2261 2106 2142"/></Shape></Glyph><Glyph ID="char_372" CONTENT="ם" GC="1.0"><Shape><Polygon POINTS="2017 2143 2019 2262 2076 2262 2074 2143"/></Shape></Glyph><Glyph ID="char_373" CONTENT=" " GC="1.0"><Shape><Polygon POINTS="1969 2216 2017 2215"/></Shape></Glyph></String>
          </TextLine>

          
        </TextBlock>
        

        
        <TextBlock ID="eSc_dummyblock_">
          
          
          <TextLine ID="eSc_line_5a4312ed" BASELINE="326 676 1353 660 2563 692" HPOS="326" VPOS="387" WIDTH="2237" HEIGHT="366">
            <Shape><Polygon POINTS="326 676 335 441 487 441 538 430 590 444 665 444 726 417 825 417 856 428 904 403 938 417 1035 392 1109 412 1181 390 1204 396 1217 387 1274 387 1531 390 1657 403 1725 392 1785 419 1844 396 1885 396 1982 455 2009 455 2045 432 2076 444 2133 419 2185 439 2306 417 2338 428 2419 428 2471 460 2557 460 2563 692 2554 741 2543 746 2514 735 2475 744 2426 721 2336 721 2277 753 2216 735 2126 753 1968 726 1919 735 1889 717 1788 714 1709 714 1675 726 1648 714 1573 714 1510 739 1438 712 1398 723 1330 712 1310 723 1274 710 1150 710 1122 723 1048 723 1021 737 971 717 931 741 762 741 732 728 710 737 667 730 649 739 570 739 541 726 518 732 502 721 457 737 333 732"/></Shape>
	    <String CONTENT="" HPOS="326" VPOS="387" WIDTH="2237" HEIGHT="366"/>
          </TextLine>

          
          
          <TextLine ID="eSc_line_9d12c86e" BASELINE="421 807 1997 789 2602 811" HPOS="421" VPOS="753" WIDTH="2181" HEIGHT="128">
            <Shape><Polygon POINTS="421 807 428 775 446 771 473 782 493 771 527 771 575 784 800 784 832 768 847 777 883 759 931 762 992 782 1141 759 1265 759 1316 773 1359 764 1382 773 1422 771 1443 757 1524 757 1564 771 1589 757 1619 757 1673 771 1713 768 1731 755 1779 755 1815 768 1858 766 1876 755 1997 755 2058 771 2083 757 2112 768 2171 753 2214 775 2412 766 2430 775 2593 773 2602 811 2590 834 2370 834 2300 865 2245 854 2185 868 2121 852 2103 856 2061 836 2018 836 1871 874 1722 874 1664 841 1639 854 1610 841 1567 845 1544 859 1497 856 1461 877 1389 877 1312 845 1287 854 1242 841 1224 852 1206 845 1163 854 1111 879 1021 879 992 861 956 872 915 856 865 872 838 863 814 877 766 861 746 870 694 856 651 881 520 881 451 843 428 843"/></Shape>
	    <String CONTENT="" HPOS="421" VPOS="753" WIDTH="2181" HEIGHT="128"/>
          </TextLine>

          
          
          <TextLine ID="eSc_line_1f668b14" BASELINE="455 935 1630 917 2588 929" HPOS="455" VPOS="877" WIDTH="2133" HEIGHT="142">
            <Shape><Polygon POINTS="455 935 462 906 602 906 653 892 712 906 744 886 798 906 838 904 863 890 922 904 989 904 1007 892 1084 904 1132 890 1177 904 1213 890 1253 899 1269 888 1348 904 1395 890 1422 897 1452 881 1513 899 1537 899 1558 886 1601 899 1655 881 1840 881 1878 902 1921 886 2004 892 2024 879 2088 899 2135 897 2164 879 2245 879 2270 895 2374 899 2412 879 2448 877 2475 895 2579 897 2588 929 2572 1010 2475 1007 2424 987 2406 996 2383 983 2252 1012 2106 1012 2043 989 1988 1007 1955 996 1914 1005 1896 998 1864 1014 1819 1005 1790 1014 1734 996 1499 996 1452 985 1332 987 1258 1010 1222 1005 1190 1014 1156 1001 1086 1014 1026 987 915 989 865 1019 723 1019 653 989 593 989 536 1019 496 1012 460 989"/></Shape>
	    <String CONTENT="" HPOS="455" VPOS="877" WIDTH="2133" HEIGHT="142"/>
          </TextLine>

          
          
          <TextLine ID="eSc_line_770c4d4d" BASELINE="753 1046 1222 1046 1736 1028 2045 1041 2536 1044 2609 1053" HPOS="753" VPOS="998" WIDTH="1856" HEIGHT="127">
            <Shape><Polygon POINTS="753 1046 759 1026 847 1028 868 1019 892 1028 1062 1028 1145 1005 1213 1023 1228 1017 1283 1028 1371 1026 1402 1003 1576 1003 1598 1012 1614 1003 1765 1003 1790 1014 1817 1005 1871 1019 1921 1001 2031 1017 2065 1005 2115 1014 2128 1007 2164 1023 2349 1023 2374 1012 2410 1023 2430 1010 2448 1019 2480 1005 2494 1014 2505 1005 2552 1014 2572 998 2602 1019 2609 1053 2602 1118 2543 1098 2480 1118 2415 1120 2291 1093 2266 1093 2239 1113 2207 1100 2169 1118 2124 1095 1986 1093 1932 1107 1873 1093 1819 1095 1797 1111 1698 1100 1648 1122 1632 1113 1616 1122 1569 1122 1555 1113 1544 1122 1454 1122 1391 1102 1371 1109 1350 1095 1321 1095 1278 1113 1262 1107 1224 1125 1174 1125 1098 1098 1007 1098 967 1116 924 1098 874 1125 757 1120"/></Shape>
	    <String CONTENT="" HPOS="753" VPOS="998" WIDTH="1856" HEIGHT="127"/>
          </TextLine>

          
          
          <TextLine ID="eSc_line_55da3e24" BASELINE="1109 1163 1858 1152 2620 1165" HPOS="1109" VPOS="1118" WIDTH="1511" HEIGHT="108">
            <Shape><Polygon POINTS="1109 1163 1113 1138 1172 1138 1186 1125 1208 1138 1328 1141 1445 1118 1499 1141 1542 1125 1560 1134 1607 1129 1619 1118 1763 1118 1804 1132 1844 1118 1903 1132 1919 1120 1952 1132 1961 1122 1991 1129 2002 1118 2031 1118 2063 1129 2076 1120 2092 1134 2110 1118 2178 1118 2273 1141 2309 1141 2324 1129 2399 1141 2412 1127 2446 1138 2473 1132 2489 1141 2615 1141 2620 1165 2613 1226 2590 1217 2530 1226 2498 1215 2469 1226 2397 1226 2358 1210 2329 1226 2311 1217 2243 1226 2189 1197 2090 1215 2074 1206 2052 1217 2036 1208 1993 1224 1952 1197 1891 1197 1876 1213 1822 1217 1783 1206 1711 1224 1679 1219 1652 1199 1623 1224 1562 1208 1535 1226 1477 1226 1452 1204 1398 1201 1364 1224 1294 1226 1274 1222 1244 1195 1113 1195"/></Shape>
	    <String CONTENT="" HPOS="1109" VPOS="1118" WIDTH="1511" HEIGHT="108"/>
          </TextLine>

          
          
          <TextLine ID="eSc_line_b7350f69" BASELINE="825 1271 1806 1258 2620 1269" HPOS="825" VPOS="1222" WIDTH="1795" HEIGHT="124">
            <Shape><Polygon POINTS="825 1271 829 1249 883 1249 911 1231 938 1242 1012 1226 1044 1247 1125 1235 1156 1249 1213 1249 1271 1233 1357 1244 1391 1233 1409 1247 1438 1249 1501 1226 1585 1242 1612 1224 1655 1233 1718 1222 1905 1222 1973 1247 2130 1247 2221 1222 2252 1235 2295 1222 2315 1233 2338 1222 2388 1222 2426 1247 2478 1222 2521 1222 2568 1247 2613 1244 2620 1269 2613 1296 2356 1296 2293 1343 2261 1343 2248 1332 2221 1343 2097 1343 2036 1298 2011 1316 1977 1314 1941 1296 1894 1301 1846 1330 1785 1312 1716 1334 1688 1319 1655 1328 1616 1323 1596 1310 1535 1330 1490 1328 1445 1301 1373 1310 1341 1332 1305 1330 1280 1341 1244 1339 1231 1328 1206 1339 1159 1328 1116 1346 992 1346 976 1334 958 1346 854 1346 829 1328"/></Shape>
	    <String CONTENT="" HPOS="825" VPOS="1222" WIDTH="1795" HEIGHT="124"/>
          </TextLine>

          
          
          <TextLine ID="eSc_line_36300a87" BASELINE="872 1384 1846 1375 2602 1382" HPOS="872" VPOS="1343" WIDTH="1730" HEIGHT="127">
            <Shape><Polygon POINTS="872 1384 886 1359 956 1348 978 1364 998 1350 1037 1368 1125 1346 1141 1357 1161 1350 1224 1368 1262 1350 1278 1362 1337 1348 1359 1362 1382 1350 1449 1362 1531 1346 1551 1359 1583 1353 1596 1364 1661 1368 1691 1346 1734 1364 1761 1346 1792 1355 1804 1343 1903 1343 1943 1366 1984 1359 2006 1343 2047 1366 2180 1366 2212 1343 2284 1343 2311 1366 2397 1366 2430 1350 2453 1366 2491 1366 2595 1343 2602 1382 2595 1411 2557 1411 2489 1463 2403 1411 2245 1411 2232 1422 2209 1411 2092 1411 2022 1468 1819 1461 1788 1470 1661 1452 1603 1416 1558 1449 1506 1470 1470 1465 1418 1431 1402 1436 1384 1425 1341 1440 1305 1422 1199 1470 1174 1461 1003 1470 974 1456 931 1463 877 1420"/></Shape>
	    <String CONTENT="" HPOS="872" VPOS="1343" WIDTH="1730" HEIGHT="127"/>
          </TextLine>

          
          
          <TextLine ID="eSc_line_20b1262d" BASELINE="938 1513 1986 1499" HPOS="938" VPOS="1463" WIDTH="1048" HEIGHT="126">
            <Shape><Polygon POINTS="938 1513 940 1470 1003 1470 1048 1497 1080 1497 1129 1479 1145 1495 1168 1495 1197 1472 1244 1495 1274 1481 1292 1492 1362 1490 1400 1468 1420 1481 1470 1472 1481 1481 1510 1463 1625 1463 1668 1486 1679 1474 1700 1474 1720 1488 1806 1488 1849 1468 1882 1486 1900 1474 1979 1486 1986 1499 1982 1549 1930 1578 1801 1580 1779 1560 1749 1555 1722 1569 1704 1553 1677 1573 1661 1560 1621 1560 1535 1583 1522 1571 1470 1580 1456 1569 1440 1580 1402 1555 1328 1569 1287 1562 1267 1576 1237 1558 1145 1558 1118 1562 1080 1589 1017 1580 962 1589 942 1569"/></Shape>
	    <String CONTENT="" HPOS="938" VPOS="1463" WIDTH="1048" HEIGHT="126"/>
          </TextLine>

          
          
          <TextLine ID="eSc_line_5701edb5" BASELINE="976 1637 1616 1619 1925 1621" HPOS="976" VPOS="1576" WIDTH="949" HEIGHT="135">
            <Shape><Polygon POINTS="976 1637 978 1580 1019 1580 1062 1596 1084 1583 1120 1589 1136 1578 1183 1576 1242 1576 1274 1601 1301 1585 1325 1605 1357 1612 1407 1610 1438 1596 1477 1610 1497 1594 1594 1603 1610 1587 1637 1605 1670 1605 1707 1585 1756 1596 1770 1583 1804 1583 1819 1596 1837 1585 1853 1598 1919 1598 1925 1621 1921 1668 1909 1679 1878 1688 1862 1675 1840 1695 1817 1688 1799 1698 1709 1664 1587 1666 1526 1702 1513 1693 1477 1707 1382 1709 1341 1698 1328 1709 1289 1711 1267 1711 1231 1691 1217 1700 1197 1684 1143 1684 1109 1707 1084 1691 1057 1702 1032 1677 980 1677"/></Shape>
	    <String CONTENT="" HPOS="976" VPOS="1576" WIDTH="949" HEIGHT="135"/>
          </TextLine>

          
          
          <TextLine ID="eSc_line_66fdbd91" BASELINE="1044 1749 1930 1727" HPOS="1044" VPOS="1700" WIDTH="886" HEIGHT="126">
            <Shape><Polygon POINTS="1044 1749 1046 1736 1071 1736 1089 1720 1206 1734 1217 1722 1247 1731 1267 1722 1371 1729 1407 1713 1445 1727 1454 1718 1497 1720 1510 1707 1549 1722 1659 1722 1686 1702 1749 1700 1837 1700 1882 1716 1894 1704 1930 1727 1928 1808 1867 1804 1858 1794 1824 1801 1792 1774 1761 1790 1686 1776 1661 1799 1639 1792 1619 1813 1587 1801 1573 1817 1486 1819 1465 1819 1445 1801 1427 1804 1407 1790 1368 1806 1332 1785 1298 1819 1215 1826 1152 1797 1125 1806 1111 1792 1048 1792"/></Shape>
	    <String CONTENT="" HPOS="1044" VPOS="1700" WIDTH="886" HEIGHT="126"/>
          </TextLine>

          
          
          <TextLine ID="eSc_line_a24c4b79" BASELINE="1111 1862 1973 1851" HPOS="1111" VPOS="1806" WIDTH="862" HEIGHT="126">
            <Shape><Polygon POINTS="1111 1862 1113 1815 1172 1849 1195 1851 1228 1824 1260 1835 1271 1824 1303 1828 1314 1819 1334 1835 1359 1828 1413 1844 1425 1833 1434 1842 1465 1831 1488 1837 1513 1817 1564 1842 1601 1837 1625 1846 1707 1844 1747 1808 1799 1806 1871 1806 1914 1842 1966 1842 1973 1851 1968 1864 1950 1864 1914 1900 1860 1914 1819 1900 1783 1923 1727 1867 1666 1867 1601 1919 1531 1896 1495 1871 1477 1882 1456 1876 1443 1889 1386 1871 1321 1878 1267 1932 1141 1932 1116 1907"/></Shape>
	    <String CONTENT="" HPOS="1111" VPOS="1806" WIDTH="862" HEIGHT="126"/>
          </TextLine>

          
          
          <TextLine ID="eSc_line_1678b4fe" BASELINE="1749 1961 1984 1968" HPOS="1749" VPOS="1919" WIDTH="235" HEIGHT="144">
            <Shape><Polygon POINTS="1749 1961 1752 1941 1790 1943 1806 1932 1826 1939 1842 1928 1914 1919 1961 1930 1979 1943 1984 1968 1975 2061 1950 2047 1909 2063 1876 2063 1817 2000 1752 1993"/></Shape>
	    <String CONTENT="" HPOS="1749" VPOS="1919" WIDTH="235" HEIGHT="144"/>
          </TextLine>

          
          
          <TextLine ID="eSc_line_f01a0a98" BASELINE="1876 2079 2090 2103" HPOS="1876" VPOS="2049" WIDTH="214" HEIGHT="127">
            <Shape><Polygon POINTS="1876 2079 1880 2067 1900 2070 1934 2052 1973 2058 2018 2049 2056 2088 2085 2090 2090 2103 2074 2176 2027 2155 1993 2169 1973 2158 1948 2167 1912 2117 1876 2115"/></Shape>
	    <String CONTENT="" HPOS="1876" VPOS="2049" WIDTH="214" HEIGHT="127"/>
          </TextLine>

          
          
          <TextLine ID="eSc_line_21cb723f" BASELINE="1957 2212 2173 2216" HPOS="1957" VPOS="2124" WIDTH="216" HEIGHT="232">
            <Shape><Polygon POINTS="1957 2212 1961 2164 2004 2167 2074 2124 2108 2126 2155 2169 2169 2169 2173 2216 2167 2295 2137 2295 2074 2356 2027 2354 1959 2293"/></Shape>
	    <String CONTENT="" HPOS="1957" VPOS="2124" WIDTH="216" HEIGHT="232"/>
          </TextLine>

          
        </TextBlock>
        
      </PrintSpace>
    </Page>
  </Layout>
</alto>