<?xml version='1.0' encoding='UTF-8'?>
<alto xmlns:xsi="http://www.w3.org/2001/XMLSchema-instance" xmlns="http://www.loc.gov/standards/alto/ns-v4#" xsi:schemaLocation="http://www.loc.gov/standards/alto/ns-v4# http://www.loc.gov/standards/alto/v4/alto-4-2.xsd">
  <Description>
    <MeasurementUnit>pixel</MeasurementUnit>
    <sourceImageInformation>
      <fileName>694-Fg001-R-C01-R01-D07112011-T103509-LR924_012_F.jpg</fileName>
      
    </sourceImageInformation>
  </Description>
  
  <Tags>
    <OtherTag ID="BT1443" LABEL="Parchment_or_papyrus" DESCRIPTION="block type Parchment_or_papyrus"/><OtherTag ID="BT2" LABEL="Main" DESCRIPTION="block type Main"/>
    
  </Tags>
  
  <Layout>
    <Page WIDTH="3608" HEIGHT="2706" PHYSICAL_IMG_NR="367" ID="eSc_dummypage_">
      <PrintSpace HPOS="0" VPOS="0" WIDTH="3608" HEIGHT="2706">
        
        <TextBlock HPOS="1549.0" VPOS="622.0" WIDTH="1064.0" HEIGHT="1209.0" ID="eSc_textblock_40a87462" TAGREFS="BT2">
          <Shape><Polygon POINTS="1549 622 1549 1831 2613 1831 2613 622"/></Shape>
          
          
          <TextLine ID="eSc_line_1786195" BASELINE="1661 748 1855 755 1849 753 2446 746" HPOS="1658.0" VPOS="640.0" WIDTH="788.0" HEIGHT="213.0">
            <Shape><Polygon POINTS="1664 642 1858 649 1815 853 2444 640 2446 816 1871 686 1852 825 1658 818"/></Shape>
	    <String CONTENT=" ת לו יקר בער " HPOS="1658.0" VPOS="640.0" WIDTH="788.0" HEIGHT="213.0"><Glyph ID="char_0" CONTENT=" " GC="1.0"><Shape><Polygon POINTS="2395 656 2397 805 2444 816 2442 641"/></Shape></Glyph><Glyph ID="char_1" CONTENT="ת" GC="1.0"><Shape><Polygon POINTS="2337 676 2338 792 2397 805 2395 656"/></Shape></Glyph><Glyph ID="char_2" CONTENT=" " GC="1.0"><Shape><Polygon POINTS="2301 688 2302 783 2338 792 2337 676"/></Shape></Glyph><Glyph ID="char_3" CONTENT="ל" GC="1.0"><Shape><Polygon POINTS="2242 708 2243 770 2302 783 2301 688"/></Shape></Glyph><Glyph ID="char_4" CONTENT="ו" GC="1.0"><Shape><Polygon POINTS="2194 725 2195 759 2243 770 2242 708"/></Shape></Glyph><Glyph ID="char_5" CONTENT=" " GC="1.0"><Shape><Polygon POINTS="2158 737 2159 751 2195 759 2194 725"/></Shape></Glyph><Glyph ID="char_6" CONTENT="י" GC="1.0"><Shape><Polygon POINTS="2099 738 2100 757 2159 751 2158 737"/></Shape></Glyph><Glyph ID="char_7" CONTENT="ק" GC="1.0"><Shape><Polygon POINTS="2028 722 2029 781 2100 757 2099 738"/></Shape></Glyph><Glyph ID="char_8" CONTENT="ר" GC="1.0"><Shape><Polygon POINTS="1980 711 1981 797 2029 781 2028 722"/></Shape></Glyph><Glyph ID="char_9" CONTENT=" " GC="1.0"><Shape><Polygon POINTS="1921 697 1922 817 1981 797 1980 711"/></Shape></Glyph><Glyph ID="char_10" CONTENT="ב" GC="1.0"><Shape><Polygon POINTS="1848 649 1851 841 1922 817 1921 697"/></Shape></Glyph><Glyph ID="char_11" CONTENT="ע" GC="1.0"><Shape><Polygon POINTS="1807 647 1800 823 1851 841 1848 649"/></Shape></Glyph><Glyph ID="char_12" CONTENT="ר" GC="1.0"><Shape><Polygon POINTS="1736 645 1729 821 1800 823 1807 647"/></Shape></Glyph><Glyph ID="char_13" CONTENT=" " GC="1.0"><Shape><Polygon POINTS="1660 747 1731 749"/></Shape></Glyph></String>
          </TextLine>

          
          
          <TextLine ID="eSc_line_1786196" BASELINE="1646 960 1695 953 1794 949 1964 951 2205 944 2370 929" HPOS="1631.0" VPOS="823.0" WIDTH="745.0" HEIGHT="206.0">
            <Shape><Polygon POINTS="1631 855 1680 848 1789 843 1965 845 2201 838 2360 823 2376 999 2207 1014 1963 1021 1796 1019 1704 1022 1655 1029"/></Shape>
	    <String CONTENT=" עה לשבט זה " HPOS="1631.0" VPOS="823.0" WIDTH="745.0" HEIGHT="206.0"><Glyph ID="char_14" CONTENT=" " GC="1.0"><Shape><Polygon POINTS="2265 832 2281 1007 2352 1001 2336 825"/></Shape></Glyph><Glyph ID="char_15" CONTENT="ע" GC="1.0"><Shape><Polygon POINTS="2188 838 2193 1014 2281 1007 2265 832"/></Shape></Glyph><Glyph ID="char_16" CONTENT="ה" GC="1.0"><Shape><Polygon POINTS="2117 840 2122 1016 2193 1014 2188 838"/></Shape></Glyph><Glyph ID="char_17" CONTENT=" " GC="1.0"><Shape><Polygon POINTS="2081 842 2086 1017 2122 1016 2117 840"/></Shape></Glyph><Glyph ID="char_18" CONTENT="ל" GC="1.0"><Shape><Polygon POINTS="2034 843 2039 1019 2086 1017 2081 842"/></Shape></Glyph><Glyph ID="char_19" CONTENT="ש" GC="1.0"><Shape><Polygon POINTS="1962 845 1967 1021 2039 1019 2034 843"/></Shape></Glyph><Glyph ID="char_20" CONTENT="ב" GC="1.0"><Shape><Polygon POINTS="1884 844 1882 1020 1967 1021 1962 845"/></Shape></Glyph><Glyph ID="char_21" CONTENT="ט" GC="1.0"><Shape><Polygon POINTS="1825 843 1823 1019 1882 1020 1884 844"/></Shape></Glyph><Glyph ID="char_22" CONTENT=" " GC="1.0"><Shape><Polygon POINTS="1783 843 1790 1019 1823 1019 1825 843"/></Shape></Glyph><Glyph ID="char_23" CONTENT="ז" GC="1.0"><Shape><Polygon POINTS="1735 845 1742 1021 1790 1019 1783 843"/></Shape></Glyph><Glyph ID="char_24" CONTENT="ה" GC="1.0"><Shape><Polygon POINTS="1666 850 1690 1024 1742 1021 1735 845"/></Shape></Glyph><Glyph ID="char_25" CONTENT=" " GC="1.0"><Shape><Polygon POINTS="1645 960 1680 955"/></Shape></Glyph></String>
          </TextLine>

          
          
          <TextLine ID="eSc_line_1786197" BASELINE="1506 1152 1729 1138 1792 1138 1939 1129 2273 1102 2455 1102 2527 1107 2566 1113" HPOS="1499.0" VPOS="996.0" WIDTH="1083.0" HEIGHT="226.0">
            <Shape><Polygon POINTS="1499 1046 1722 1032 1792 1032 1932 1023 2264 996 2455 996 2534 1001 2582 1008 2555 1182 2522 1177 2455 1172 2278 1172 1943 1199 1792 1208 1733 1208 1510 1222"/></Shape>
	    <String CONTENT=" ה שהוא ם בחוד " HPOS="1499.0" VPOS="996.0" WIDTH="1083.0" HEIGHT="226.0"><Glyph ID="char_26" CONTENT=" " GC="1.0"><Shape><Polygon POINTS="2520 1000 2508 1176 2538 1179 2565 1006"/></Shape></Glyph><Glyph ID="char_27" CONTENT="ה" GC="1.0"><Shape><Polygon POINTS="2474 997 2461 1172 2508 1176 2520 1000"/></Shape></Glyph><Glyph ID="char_28" CONTENT=" " GC="1.0"><Shape><Polygon POINTS="2430 996 2430 1172 2461 1172 2474 997"/></Shape></Glyph><Glyph ID="char_29" CONTENT="ש" GC="1.0"><Shape><Polygon POINTS="2371 996 2371 1172 2430 1172 2430 996"/></Shape></Glyph><Glyph ID="char_30" CONTENT="ה" GC="1.0"><Shape><Polygon POINTS="2299 996 2299 1172 2371 1172 2371 996"/></Shape></Glyph><Glyph ID="char_31" CONTENT="ו" GC="1.0"><Shape><Polygon POINTS="2244 998 2258 1174 2299 1172 2299 996"/></Shape></Glyph><Glyph ID="char_32" CONTENT="א" GC="1.0"><Shape><Polygon POINTS="2196 1002 2210 1177 2258 1174 2244 998"/></Shape></Glyph><Glyph ID="char_33" CONTENT=" " GC="1.0"><Shape><Polygon POINTS="2018 1016 2033 1192 2210 1177 2196 1002"/></Shape></Glyph><Glyph ID="char_34" CONTENT="ם" GC="1.0"><Shape><Polygon POINTS="1855 1028 1866 1204 2033 1192 2018 1016"/></Shape></Glyph><Glyph ID="char_35" CONTENT=" " GC="1.0"><Shape><Polygon POINTS="1807 1031 1818 1206 1866 1204 1855 1028"/></Shape></Glyph><Glyph ID="char_36" CONTENT="ב" GC="1.0"><Shape><Polygon POINTS="1755 1032 1755 1208 1818 1206 1807 1031"/></Shape></Glyph><Glyph ID="char_37" CONTENT="ח" GC="1.0"><Shape><Polygon POINTS="1676 1035 1687 1211 1755 1208 1755 1032"/></Shape></Glyph><Glyph ID="char_38" CONTENT="ו" GC="1.0"><Shape><Polygon POINTS="1629 1038 1640 1214 1687 1211 1676 1035"/></Shape></Glyph><Glyph ID="char_39" CONTENT="ד" GC="1.0"><Shape><Polygon POINTS="1581 1041 1592 1217 1640 1214 1629 1038"/></Shape></Glyph><Glyph ID="char_40" CONTENT=" " GC="1.0"><Shape><Polygon POINTS="1522 1045 1533 1221 1592 1217 1581 1041"/></Shape></Glyph></String>
          </TextLine>

          
          
          <TextLine ID="eSc_line_1786198" BASELINE="1533 1303 1641 1310 2207 1267 2331 1271 2545 1267" HPOS="1528.0" VPOS="1161.0" WIDTH="1018.0" HEIGHT="219.0">
            <Shape><Polygon POINTS="1539 1197 1647 1204 2199 1161 2334 1165 2543 1161 2546 1337 2328 1341 2212 1337 1636 1380 1528 1373"/></Shape>
	    <String CONTENT=" יסוד באה של ציון " HPOS="1528.0" VPOS="1161.0" WIDTH="1018.0" HEIGHT="219.0"><Glyph ID="char_41" CONTENT=" " GC="1.0"><Shape><Polygon POINTS="2506 1162 2509 1338 2544 1337 2541 1161"/></Shape></Glyph><Glyph ID="char_42" CONTENT="י" GC="1.0"><Shape><Polygon POINTS="2446 1163 2449 1339 2509 1338 2506 1162"/></Shape></Glyph><Glyph ID="char_43" CONTENT="ס" GC="1.0"><Shape><Polygon POINTS="2387 1164 2390 1340 2449 1339 2446 1163"/></Shape></Glyph><Glyph ID="char_44" CONTENT="ו" GC="1.0"><Shape><Polygon POINTS="2332 1165 2327 1341 2390 1340 2387 1164"/></Shape></Glyph><Glyph ID="char_45" CONTENT="ד" GC="1.0"><Shape><Polygon POINTS="2273 1163 2268 1339 2327 1341 2332 1165"/></Shape></Glyph><Glyph ID="char_46" CONTENT=" " GC="1.0"><Shape><Polygon POINTS="2237 1162 2232 1338 2268 1339 2273 1163"/></Shape></Glyph><Glyph ID="char_47" CONTENT="ב" GC="1.0"><Shape><Polygon POINTS="2166 1164 2179 1339 2232 1338 2237 1162"/></Shape></Glyph><Glyph ID="char_48" CONTENT="א" GC="1.0"><Shape><Polygon POINTS="2107 1168 2121 1344 2179 1339 2166 1164"/></Shape></Glyph><Glyph ID="char_49" CONTENT="ה" GC="1.0"><Shape><Polygon POINTS="2047 1173 2061 1348 2121 1344 2107 1168"/></Shape></Glyph><Glyph ID="char_50" CONTENT=" " GC="1.0"><Shape><Polygon POINTS="1964 1179 1977 1355 2061 1348 2047 1173"/></Shape></Glyph><Glyph ID="char_51" CONTENT="ש" GC="1.0"><Shape><Polygon POINTS="1869 1187 1882 1362 1977 1355 1964 1179"/></Shape></Glyph><Glyph ID="char_52" CONTENT="ל" GC="1.0"><Shape><Polygon POINTS="1809 1191 1822 1366 1882 1362 1869 1187"/></Shape></Glyph><Glyph ID="char_53" CONTENT=" " GC="1.0"><Shape><Polygon POINTS="1762 1195 1776 1370 1822 1366 1809 1191"/></Shape></Glyph><Glyph ID="char_54" CONTENT="צ" GC="1.0"><Shape><Polygon POINTS="1726 1198 1740 1372 1776 1370 1762 1195"/></Shape></Glyph><Glyph ID="char_55" CONTENT="י" GC="1.0"><Shape><Polygon POINTS="1679 1202 1692 1376 1740 1372 1726 1198"/></Shape></Glyph><Glyph ID="char_56" CONTENT="ו" GC="1.0"><Shape><Polygon POINTS="1643 1204 1656 1379 1692 1376 1679 1202"/></Shape></Glyph><Glyph ID="char_57" CONTENT="ן" GC="1.0"><Shape><Polygon POINTS="1636 1203 1623 1379 1656 1379 1643 1204"/></Shape></Glyph><Glyph ID="char_58" CONTENT=" " GC="1.0"><Shape><Polygon POINTS="1564 1199 1551 1374 1623 1379 1636 1203"/></Shape></Glyph></String>
          </TextLine>

          
          
          <TextLine ID="eSc_line_1786199" BASELINE="1603 1465 1700 1472 1952 1458 2149 1454 2236 1458" HPOS="1597.0" VPOS="1348.0" WIDTH="643.0" HEIGHT="194.0">
            <Shape><Polygon POINTS="1610 1359 1707 1366 1946 1352 2146 1348 2240 1352 2232 1528 2150 1524 1955 1528 1694 1542 1597 1535"/></Shape>
	    <String CONTENT=" להקביל א " HPOS="1597.0" VPOS="1348.0" WIDTH="643.0" HEIGHT="194.0"><Glyph ID="char_59" CONTENT=" " GC="1.0"><Shape><Polygon POINTS="2167 1349 2159 1524 2207 1527 2215 1351"/></Shape></Glyph><Glyph ID="char_60" CONTENT="ל" GC="1.0"><Shape><Polygon POINTS="2112 1349 2116 1525 2159 1524 2167 1349"/></Shape></Glyph><Glyph ID="char_61" CONTENT="ה" GC="1.0"><Shape><Polygon POINTS="2041 1350 2045 1526 2116 1525 2112 1349"/></Shape></Glyph><Glyph ID="char_62" CONTENT="ק" GC="1.0"><Shape><Polygon POINTS="1969 1352 1973 1528 2045 1526 2041 1350"/></Shape></Glyph><Glyph ID="char_63" CONTENT="ב" GC="1.0"><Shape><Polygon POINTS="1906 1354 1916 1530 1973 1528 1969 1352"/></Shape></Glyph><Glyph ID="char_64" CONTENT="י" GC="1.0"><Shape><Polygon POINTS="1859 1357 1868 1533 1916 1530 1906 1354"/></Shape></Glyph><Glyph ID="char_65" CONTENT="ל" GC="1.0"><Shape><Polygon POINTS="1811 1360 1820 1535 1868 1533 1859 1357"/></Shape></Glyph><Glyph ID="char_66" CONTENT=" " GC="1.0"><Shape><Polygon POINTS="1775 1362 1784 1537 1820 1535 1811 1360"/></Shape></Glyph><Glyph ID="char_67" CONTENT="א" GC="1.0"><Shape><Polygon POINTS="1704 1366 1714 1541 1784 1537 1775 1362"/></Shape></Glyph><Glyph ID="char_68" CONTENT=" " GC="1.0"><Shape><Polygon POINTS="1635 1361 1620 1537 1714 1541 1704 1366"/></Shape></Glyph></String>
          </TextLine>

          
          
          <TextLine ID="eSc_line_1786200" BASELINE="1605 1652 1747 1657 2002 1650 2200 1650 2259 1646 2320 1632" HPOS="1602.0" VPOS="1529.0" WIDTH="733.0" HEIGHT="198.0">
            <Shape><Polygon POINTS="1608 1546 1750 1551 1999 1544 2200 1544 2251 1540 2296 1529 2335 1700 2263 1716 2200 1720 2003 1720 1744 1727 1602 1722"/></Shape>
	    <String CONTENT=" ב הרקנוס מר " HPOS="1602.0" VPOS="1529.0" WIDTH="733.0" HEIGHT="198.0"><Glyph ID="char_69" CONTENT=" " GC="1.0"><Shape><Polygon POINTS="2249 1540 2288 1710 2323 1703 2284 1532"/></Shape></Glyph><Glyph ID="char_70" CONTENT="ב" GC="1.0"><Shape><Polygon POINTS="2218 1543 2229 1718 2288 1710 2249 1540"/></Shape></Glyph><Glyph ID="char_71" CONTENT=" " GC="1.0"><Shape><Polygon POINTS="2154 1544 2154 1720 2229 1718 2218 1543"/></Shape></Glyph><Glyph ID="char_72" CONTENT="ה" GC="1.0"><Shape><Polygon POINTS="2094 1544 2094 1720 2154 1720 2154 1544"/></Shape></Glyph><Glyph ID="char_73" CONTENT="ר" GC="1.0"><Shape><Polygon POINTS="2022 1544 2022 1720 2094 1720 2094 1544"/></Shape></Glyph><Glyph ID="char_74" CONTENT="ק" GC="1.0"><Shape><Polygon POINTS="1959 1545 1964 1721 2022 1720 2022 1544"/></Shape></Glyph><Glyph ID="char_75" CONTENT="נ" GC="1.0"><Shape><Polygon POINTS="1924 1546 1929 1722 1964 1721 1959 1545"/></Shape></Glyph><Glyph ID="char_76" CONTENT="ו" GC="1.0"><Shape><Polygon POINTS="1876 1547 1881 1723 1929 1722 1924 1546"/></Shape></Glyph><Glyph ID="char_77" CONTENT="ס" GC="1.0"><Shape><Polygon POINTS="1816 1549 1821 1725 1881 1723 1876 1547"/></Shape></Glyph><Glyph ID="char_78" CONTENT=" " GC="1.0"><Shape><Polygon POINTS="1768 1550 1773 1726 1821 1725 1816 1549"/></Shape></Glyph><Glyph ID="char_79" CONTENT="מ" GC="1.0"><Shape><Polygon POINTS="1716 1550 1709 1726 1773 1726 1768 1550"/></Shape></Glyph><Glyph ID="char_80" CONTENT="ר" GC="1.0"><Shape><Polygon POINTS="1656 1548 1649 1724 1709 1726 1716 1550"/></Shape></Glyph><Glyph ID="char_81" CONTENT=" " GC="1.0"><Shape><Polygon POINTS="1604 1651 1651 1653"/></Shape></Glyph></String>
          </TextLine>

          
          
          <TextLine ID="eSc_line_1786201" BASELINE="1880 1794 2065 1792 2232 1779" HPOS="1878.0" VPOS="1673.0" WIDTH="359.0" HEIGHT="191.0">
            <Shape><Polygon POINTS="1878 1688 2063 1686 2223 1673 2237 1849 2065 1862 1880 1864"/></Shape>
	    <String CONTENT=" ל ל " HPOS="1878.0" VPOS="1673.0" WIDTH="359.0" HEIGHT="191.0"><Glyph ID="char_82" CONTENT=" " GC="1.0"><Shape><Polygon POINTS="2198 1675 2212 1851 2235 1849 2221 1673"/></Shape></Glyph><Glyph ID="char_83" CONTENT="ל" GC="1.0"><Shape><Polygon POINTS="2187 1676 2201 1852 2212 1851 2198 1675"/></Shape></Glyph><Glyph ID="char_84" CONTENT=" " GC="1.0"><Shape><Polygon POINTS="2175 1677 2189 1853 2201 1852 2187 1676"/></Shape></Glyph><Glyph ID="char_85" CONTENT="ל" GC="1.0"><Shape><Polygon POINTS="2117 1682 2130 1857 2189 1853 2175 1677"/></Shape></Glyph><Glyph ID="char_86" CONTENT=" " GC="1.0"><Shape><Polygon POINTS="1960 1687 1962 1863 2130 1857 2117 1682"/></Shape></Glyph></String>
          </TextLine>

          
        </TextBlock>
        

        
      </PrintSpace>
    </Page>
  </Layout>
</alto>