<?xml version='1.0' encoding='UTF-8'?>
<alto xmlns:xsi="http://www.w3.org/2001/XMLSchema-instance" xmlns="http://www.loc.gov/standards/alto/ns-v4#" xsi:schemaLocation="http://www.loc.gov/standards/alto/ns-v4# http://www.loc.gov/standards/alto/v4/alto-4-2.xsd">
  <Description>
    <MeasurementUnit>pixel</MeasurementUnit>
    <sourceImageInformation>
      <fileName>811-Fg001-R-C02-R01-D08112011-T102829-LR924_012_F.jpg</fileName>
      
    </sourceImageInformation>
  </Description>
  
  <Tags>
    <OtherTag ID="BT1443" LABEL="Parchment_or_papyrus" DESCRIPTION="block type Parchment_or_papyrus"/><OtherTag ID="BT2" LABEL="Main" DESCRIPTION="block type Main"/>
    
  </Tags>
  
  <Layout>
    <Page WIDTH="3608" HEIGHT="2706" PHYSICAL_IMG_NR="201" ID="eSc_dummypage_">
      <PrintSpace HPOS="0" VPOS="0" WIDTH="3608" HEIGHT="2706">
        
        <TextBlock HPOS="1616.0" VPOS="845.0" WIDTH="1113.0" HEIGHT="1260.0" ID="eSc_textblock_876569de" TAGREFS="BT2">
          <Shape><Polygon POINTS="1627 845 1616 2105 2729 2105 2659 941"/></Shape>
          
          
          <TextLine ID="eSc_line_1786369" BASELINE="1894 998 1982 998 2036 994 2072 994 2119 1001" HPOS="1894.0" VPOS="910.0" WIDTH="237.0" HEIGHT="145.0">
            <Shape><Polygon POINTS="1894 914 1982 914 2029 910 2072 910 2131 918 2110 1055 2072 1049 2040 1049 1982 1053 1894 1053"/></Shape>
	    <String CONTENT=" " HPOS="1894.0" VPOS="910.0" WIDTH="237.0" HEIGHT="145.0"><Glyph ID="char_0" CONTENT=" " GC="1.0"><Shape><Polygon POINTS="1965 914 1965 1053 2082 1051 2102 914"/></Shape></Glyph></String>
          </TextLine>

          
          
          <TextLine ID="eSc_line_1786370" BASELINE="1702 1141 2083 1141 2243 1134" HPOS="1702.0" VPOS="1050.0" WIDTH="543.0" HEIGHT="146.0">
            <Shape><Polygon POINTS="1702 1057 2083 1057 2239 1050 2245 1189 2083 1196 1702 1196"/></Shape>
	    <String CONTENT=" בלהבת אש " HPOS="1702.0" VPOS="1050.0" WIDTH="543.0" HEIGHT="146.0"><Glyph ID="char_1" CONTENT=" " GC="1.0"><Shape><Polygon POINTS="2208 1051 2214 1190 2232 1190 2226 1051"/></Shape></Glyph><Glyph ID="char_2" CONTENT="ב" GC="1.0"><Shape><Polygon POINTS="2189 1052 2195 1191 2214 1190 2208 1051"/></Shape></Glyph><Glyph ID="char_3" CONTENT="ל" GC="1.0"><Shape><Polygon POINTS="2151 1054 2157 1193 2195 1191 2189 1052"/></Shape></Glyph><Glyph ID="char_4" CONTENT="ה" GC="1.0"><Shape><Polygon POINTS="2094 1056 2100 1195 2157 1193 2151 1054"/></Shape></Glyph><Glyph ID="char_5" CONTENT="ב" GC="1.0"><Shape><Polygon POINTS="2042 1057 2042 1196 2100 1195 2094 1056"/></Shape></Glyph><Glyph ID="char_6" CONTENT="ת" GC="1.0"><Shape><Polygon POINTS="1995 1057 1995 1196 2042 1196 2042 1057"/></Shape></Glyph><Glyph ID="char_7" CONTENT=" " GC="1.0"><Shape><Polygon POINTS="1957 1057 1957 1196 1995 1196 1995 1057"/></Shape></Glyph><Glyph ID="char_8" CONTENT="א" GC="1.0"><Shape><Polygon POINTS="1900 1057 1900 1196 1957 1196 1957 1057"/></Shape></Glyph><Glyph ID="char_9" CONTENT="ש" GC="1.0"><Shape><Polygon POINTS="1815 1057 1815 1196 1900 1196 1900 1057"/></Shape></Glyph><Glyph ID="char_10" CONTENT=" " GC="1.0"><Shape><Polygon POINTS="1721 1057 1721 1196 1815 1196 1815 1057"/></Shape></Glyph></String>
          </TextLine>

          
          
          <TextLine ID="eSc_line_1786371" BASELINE="1535 1276 2130 1280 2279 1276 2356 1283 2437 1283 2491 1274" HPOS="1534.0" VPOS="1191.0" WIDTH="966.0" HEIGHT="147.0">
            <Shape><Polygon POINTS="1535 1192 2130 1196 2276 1192 2363 1199 2437 1199 2477 1191 2500 1328 2437 1338 2350 1338 2280 1331 2129 1335 1534 1331"/></Shape>
	    <String CONTENT=" ליך לרדת מצרים ולהוצ " HPOS="1534.0" VPOS="1191.0" WIDTH="966.0" HEIGHT="147.0"><Glyph ID="char_11" CONTENT=" " GC="1.0"><Shape><Polygon POINTS="2431 1199 2431 1338 2476 1332 2453 1196"/></Shape></Glyph><Glyph ID="char_12" CONTENT="ל" GC="1.0"><Shape><Polygon POINTS="2412 1199 2412 1338 2431 1338 2431 1199"/></Shape></Glyph><Glyph ID="char_13" CONTENT="י" GC="1.0"><Shape><Polygon POINTS="2366 1199 2366 1338 2412 1338 2412 1199"/></Shape></Glyph><Glyph ID="char_14" CONTENT="ך" GC="1.0"><Shape><Polygon POINTS="2326 1196 2314 1334 2366 1338 2366 1199"/></Shape></Glyph><Glyph ID="char_15" CONTENT=" " GC="1.0"><Shape><Polygon POINTS="2298 1194 2286 1332 2314 1334 2326 1196"/></Shape></Glyph><Glyph ID="char_16" CONTENT="ל" GC="1.0"><Shape><Polygon POINTS="2251 1193 2254 1332 2286 1332 2298 1194"/></Shape></Glyph><Glyph ID="char_17" CONTENT="ר" GC="1.0"><Shape><Polygon POINTS="2214 1194 2217 1333 2254 1332 2251 1193"/></Shape></Glyph><Glyph ID="char_18" CONTENT="ד" GC="1.0"><Shape><Polygon POINTS="2167 1195 2170 1334 2217 1333 2214 1194"/></Shape></Glyph><Glyph ID="char_19" CONTENT="ת" GC="1.0"><Shape><Polygon POINTS="2114 1196 2113 1335 2170 1334 2167 1195"/></Shape></Glyph><Glyph ID="char_20" CONTENT=" " GC="1.0"><Shape><Polygon POINTS="2058 1196 2057 1335 2113 1335 2114 1196"/></Shape></Glyph><Glyph ID="char_21" CONTENT="מ" GC="1.0"><Shape><Polygon POINTS="2002 1195 2001 1334 2057 1335 2058 1196"/></Shape></Glyph><Glyph ID="char_22" CONTENT="צ" GC="1.0"><Shape><Polygon POINTS="1946 1195 1945 1334 2001 1334 2002 1195"/></Shape></Glyph><Glyph ID="char_23" CONTENT="ר" GC="1.0"><Shape><Polygon POINTS="1899 1194 1898 1333 1945 1334 1946 1195"/></Shape></Glyph><Glyph ID="char_24" CONTENT="י" GC="1.0"><Shape><Polygon POINTS="1853 1194 1852 1333 1898 1333 1899 1194"/></Shape></Glyph><Glyph ID="char_25" CONTENT="ם" GC="1.0"><Shape><Polygon POINTS="1797 1194 1796 1333 1852 1333 1853 1194"/></Shape></Glyph><Glyph ID="char_26" CONTENT=" " GC="1.0"><Shape><Polygon POINTS="1750 1193 1749 1332 1796 1333 1797 1194"/></Shape></Glyph><Glyph ID="char_27" CONTENT="ו" GC="1.0"><Shape><Polygon POINTS="1713 1193 1712 1332 1749 1332 1750 1193"/></Shape></Glyph><Glyph ID="char_28" CONTENT="ל" GC="1.0"><Shape><Polygon POINTS="1666 1193 1665 1332 1712 1332 1713 1193"/></Shape></Glyph><Glyph ID="char_29" CONTENT="ה" GC="1.0"><Shape><Polygon POINTS="1628 1193 1627 1332 1665 1332 1666 1193"/></Shape></Glyph><Glyph ID="char_30" CONTENT="ו" GC="1.0"><Shape><Polygon POINTS="1582 1192 1581 1331 1627 1332 1628 1193"/></Shape></Glyph><Glyph ID="char_31" CONTENT="צ" GC="1.0"><Shape><Polygon POINTS="1554 1192 1553 1331 1581 1331 1582 1192"/></Shape></Glyph><Glyph ID="char_32" CONTENT=" " GC="1.0"><Shape><Polygon POINTS="1534 1275 1552 1275"/></Shape></Glyph></String>
          </TextLine>

          
          
          <TextLine ID="eSc_line_1786372" BASELINE="1546 1400 1837 1400 2038 1407 2360 1400 2543 1407" HPOS="1546.0" VPOS="1316.0" WIDTH="1000.0" HEIGHT="146.0">
            <Shape><Polygon POINTS="1546 1316 1837 1316 2040 1323 2358 1316 2546 1323 2540 1462 2361 1455 2036 1462 1837 1455 1546 1455"/></Shape>
	    <String CONTENT=" האותות תתי לך ותשב " HPOS="1546.0" VPOS="1316.0" WIDTH="1000.0" HEIGHT="146.0"><Glyph ID="char_33" CONTENT=" " GC="1.0"><Shape><Polygon POINTS="2367 1316 2362 1455 2475 1459 2480 1321"/></Shape></Glyph><Glyph ID="char_34" CONTENT="ה" GC="1.0"><Shape><Polygon POINTS="2306 1317 2309 1456 2362 1455 2367 1316"/></Shape></Glyph><Glyph ID="char_35" CONTENT="א" GC="1.0"><Shape><Polygon POINTS="2268 1318 2271 1457 2309 1456 2306 1317"/></Shape></Glyph><Glyph ID="char_36" CONTENT="ו" GC="1.0"><Shape><Polygon POINTS="2231 1319 2234 1458 2271 1457 2268 1318"/></Shape></Glyph><Glyph ID="char_37" CONTENT="ת" GC="1.0"><Shape><Polygon POINTS="2193 1320 2196 1459 2234 1458 2231 1319"/></Shape></Glyph><Glyph ID="char_38" CONTENT="ו" GC="1.0"><Shape><Polygon POINTS="2174 1320 2177 1459 2196 1459 2193 1320"/></Shape></Glyph><Glyph ID="char_39" CONTENT="ת" GC="1.0"><Shape><Polygon POINTS="2165 1320 2168 1459 2177 1459 2174 1320"/></Shape></Glyph><Glyph ID="char_40" CONTENT=" " GC="1.0"><Shape><Polygon POINTS="2080 1322 2083 1461 2168 1459 2165 1320"/></Shape></Glyph><Glyph ID="char_41" CONTENT="ת" GC="1.0"><Shape><Polygon POINTS="1991 1321 1986 1460 2083 1461 2080 1322"/></Shape></Glyph><Glyph ID="char_42" CONTENT="ת" GC="1.0"><Shape><Polygon POINTS="1953 1320 1948 1459 1986 1460 1991 1321"/></Shape></Glyph><Glyph ID="char_43" CONTENT="י" GC="1.0"><Shape><Polygon POINTS="1916 1319 1911 1458 1948 1459 1953 1320"/></Shape></Glyph><Glyph ID="char_44" CONTENT=" " GC="1.0"><Shape><Polygon POINTS="1888 1318 1883 1457 1911 1458 1916 1319"/></Shape></Glyph><Glyph ID="char_45" CONTENT="ל" GC="1.0"><Shape><Polygon POINTS="1869 1317 1864 1456 1883 1457 1888 1318"/></Shape></Glyph><Glyph ID="char_46" CONTENT="ך" GC="1.0"><Shape><Polygon POINTS="1828 1316 1828 1455 1864 1456 1869 1317"/></Shape></Glyph><Glyph ID="char_47" CONTENT=" " GC="1.0"><Shape><Polygon POINTS="1772 1316 1772 1455 1828 1455 1828 1316"/></Shape></Glyph><Glyph ID="char_48" CONTENT="ו" GC="1.0"><Shape><Polygon POINTS="1744 1316 1744 1455 1772 1455 1772 1316"/></Shape></Glyph><Glyph ID="char_49" CONTENT="ת" GC="1.0"><Shape><Polygon POINTS="1706 1316 1706 1455 1744 1455 1744 1316"/></Shape></Glyph><Glyph ID="char_50" CONTENT="ש" GC="1.0"><Shape><Polygon POINTS="1659 1316 1659 1455 1706 1455 1706 1316"/></Shape></Glyph><Glyph ID="char_51" CONTENT="ב" GC="1.0"><Shape><Polygon POINTS="1612 1316 1612 1455 1659 1455 1659 1316"/></Shape></Glyph><Glyph ID="char_52" CONTENT=" " GC="1.0"><Shape><Polygon POINTS="1556 1316 1556 1455 1612 1455 1612 1316"/></Shape></Glyph></String>
          </TextLine>

          
          
          <TextLine ID="eSc_line_1786373" BASELINE="1587 1537 1747 1558 1817 1562 2176 1549 2525 1564 2660 1560" HPOS="1579.0" VPOS="1454.0" WIDTH="1082.0" HEIGHT="165.0">
            <Shape><Polygon POINTS="1597 1454 1757 1475 1821 1478 2172 1465 2528 1480 2657 1476 2661 1615 2522 1619 2178 1604 1813 1617 1739 1613 1579 1592"/></Shape>
	    <String CONTENT=" י שנים עשית ן השבו " HPOS="1579.0" VPOS="1454.0" WIDTH="1082.0" HEIGHT="165.0"><Glyph ID="char_53" CONTENT=" " GC="1.0"><Shape><Polygon POINTS="2606 1478 2610 1616 2647 1615 2643 1476"/></Shape></Glyph><Glyph ID="char_54" CONTENT="י" GC="1.0"><Shape><Polygon POINTS="2568 1479 2572 1618 2610 1616 2606 1478"/></Shape></Glyph><Glyph ID="char_55" CONTENT=" " GC="1.0"><Shape><Polygon POINTS="2518 1480 2512 1619 2572 1618 2568 1479"/></Shape></Glyph><Glyph ID="char_56" CONTENT="ש" GC="1.0"><Shape><Polygon POINTS="2471 1478 2466 1617 2512 1619 2518 1480"/></Shape></Glyph><Glyph ID="char_57" CONTENT="נ" GC="1.0"><Shape><Polygon POINTS="2425 1476 2419 1614 2466 1617 2471 1478"/></Shape></Glyph><Glyph ID="char_58" CONTENT="י" GC="1.0"><Shape><Polygon POINTS="2378 1474 2372 1612 2419 1614 2425 1476"/></Shape></Glyph><Glyph ID="char_59" CONTENT="ם" GC="1.0"><Shape><Polygon POINTS="2340 1472 2334 1611 2372 1612 2378 1474"/></Shape></Glyph><Glyph ID="char_60" CONTENT=" " GC="1.0"><Shape><Polygon POINTS="2293 1470 2287 1609 2334 1611 2340 1472"/></Shape></Glyph><Glyph ID="char_61" CONTENT="ע" GC="1.0"><Shape><Polygon POINTS="2246 1468 2240 1607 2287 1609 2293 1470"/></Shape></Glyph><Glyph ID="char_62" CONTENT="ש" GC="1.0"><Shape><Polygon POINTS="2190 1466 2184 1604 2240 1607 2246 1468"/></Shape></Glyph><Glyph ID="char_63" CONTENT="י" GC="1.0"><Shape><Polygon POINTS="2136 1466 2141 1605 2184 1604 2190 1466"/></Shape></Glyph><Glyph ID="char_64" CONTENT="ת" GC="1.0"><Shape><Polygon POINTS="2108 1467 2113 1606 2141 1605 2136 1466"/></Shape></Glyph><Glyph ID="char_65" CONTENT=" " GC="1.0"><Shape><Polygon POINTS="1976 1472 1981 1611 2113 1606 2108 1467"/></Shape></Glyph><Glyph ID="char_66" CONTENT="ן" GC="1.0"><Shape><Polygon POINTS="1854 1477 1859 1615 1981 1611 1976 1472"/></Shape></Glyph><Glyph ID="char_67" CONTENT=" " GC="1.0"><Shape><Polygon POINTS="1826 1478 1831 1616 1859 1615 1854 1477"/></Shape></Glyph><Glyph ID="char_68" CONTENT="ה" GC="1.0"><Shape><Polygon POINTS="1787 1476 1779 1615 1831 1616 1826 1478"/></Shape></Glyph><Glyph ID="char_69" CONTENT="ש" GC="1.0"><Shape><Polygon POINTS="1737 1472 1718 1610 1779 1615 1787 1476"/></Shape></Glyph><Glyph ID="char_70" CONTENT="ב" GC="1.0"><Shape><Polygon POINTS="1690 1466 1672 1604 1718 1610 1737 1472"/></Shape></Glyph><Glyph ID="char_71" CONTENT="ו" GC="1.0"><Shape><Polygon POINTS="1654 1461 1635 1599 1672 1604 1690 1466"/></Shape></Glyph><Glyph ID="char_72" CONTENT=" " GC="1.0"><Shape><Polygon POINTS="1607 1455 1588 1593 1635 1599 1654 1461"/></Shape></Glyph></String>
          </TextLine>

          
          
          <TextLine ID="eSc_line_1786374" BASELINE="1580 1679 1688 1691 1788 1688 2031 1700 2126 1698 2230 1688 2527 1688" HPOS="1573.0" VPOS="1596.0" WIDTH="954.0" HEIGHT="159.0">
            <Shape><Polygon POINTS="1589 1596 1697 1608 1785 1604 2035 1616 2124 1614 2222 1604 2527 1604 2527 1743 2235 1743 2127 1753 2028 1755 1789 1743 1681 1746 1573 1734"/></Shape>
	    <String CONTENT=" היובל הזה כי קדש הוא " HPOS="1573.0" VPOS="1596.0" WIDTH="954.0" HEIGHT="159.0"><Glyph ID="char_73" CONTENT=" " GC="1.0"><Shape><Polygon POINTS="2479 1604 2479 1743 2516 1743 2516 1604"/></Shape></Glyph><Glyph ID="char_74" CONTENT="ה" GC="1.0"><Shape><Polygon POINTS="2423 1604 2423 1743 2479 1743 2479 1604"/></Shape></Glyph><Glyph ID="char_75" CONTENT="י" GC="1.0"><Shape><Polygon POINTS="2385 1604 2385 1743 2423 1743 2423 1604"/></Shape></Glyph><Glyph ID="char_76" CONTENT="ו" GC="1.0"><Shape><Polygon POINTS="2338 1604 2338 1743 2385 1743 2385 1604"/></Shape></Glyph><Glyph ID="char_77" CONTENT="ב" GC="1.0"><Shape><Polygon POINTS="2291 1604 2291 1743 2338 1743 2338 1604"/></Shape></Glyph><Glyph ID="char_78" CONTENT="ל" GC="1.0"><Shape><Polygon POINTS="2263 1604 2263 1743 2291 1743 2291 1604"/></Shape></Glyph><Glyph ID="char_79" CONTENT=" " GC="1.0"><Shape><Polygon POINTS="2217 1604 2231 1743 2263 1743 2263 1604"/></Shape></Glyph><Glyph ID="char_80" CONTENT="ה" GC="1.0"><Shape><Polygon POINTS="2171 1609 2184 1748 2231 1743 2217 1604"/></Shape></Glyph><Glyph ID="char_81" CONTENT="ז" GC="1.0"><Shape><Polygon POINTS="2134 1613 2147 1751 2184 1748 2171 1609"/></Shape></Glyph><Glyph ID="char_82" CONTENT="ה" GC="1.0"><Shape><Polygon POINTS="2102 1614 2105 1753 2147 1751 2134 1613"/></Shape></Glyph><Glyph ID="char_83" CONTENT=" " GC="1.0"><Shape><Polygon POINTS="2065 1615 2068 1754 2105 1753 2102 1614"/></Shape></Glyph><Glyph ID="char_84" CONTENT="כ" GC="1.0"><Shape><Polygon POINTS="2014 1615 2007 1754 2068 1754 2065 1615"/></Shape></Glyph><Glyph ID="char_85" CONTENT="י" GC="1.0"><Shape><Polygon POINTS="1986 1614 1979 1753 2007 1754 2014 1615"/></Shape></Glyph><Glyph ID="char_86" CONTENT=" " GC="1.0"><Shape><Polygon POINTS="1948 1612 1941 1751 1979 1753 1986 1614"/></Shape></Glyph><Glyph ID="char_87" CONTENT="ק" GC="1.0"><Shape><Polygon POINTS="1883 1609 1876 1747 1941 1751 1948 1612"/></Shape></Glyph><Glyph ID="char_88" CONTENT="ד" GC="1.0"><Shape><Polygon POINTS="1826 1606 1819 1745 1876 1747 1883 1609"/></Shape></Glyph><Glyph ID="char_89" CONTENT="ש" GC="1.0"><Shape><Polygon POINTS="1764 1605 1768 1744 1819 1745 1826 1606"/></Shape></Glyph><Glyph ID="char_90" CONTENT=" " GC="1.0"><Shape><Polygon POINTS="1708 1608 1712 1745 1768 1744 1764 1605"/></Shape></Glyph><Glyph ID="char_91" CONTENT="ה" GC="1.0"><Shape><Polygon POINTS="1673 1605 1657 1743 1712 1745 1708 1608"/></Shape></Glyph><Glyph ID="char_92" CONTENT="ו" GC="1.0"><Shape><Polygon POINTS="1635 1601 1619 1739 1657 1743 1673 1605"/></Shape></Glyph><Glyph ID="char_93" CONTENT="א" GC="1.0"><Shape><Polygon POINTS="1617 1599 1600 1737 1619 1739 1635 1601"/></Shape></Glyph><Glyph ID="char_94" CONTENT=" " GC="1.0"><Shape><Polygon POINTS="1579 1678 1606 1681"/></Shape></Glyph></String>
          </TextLine>

          
          
          <TextLine ID="eSc_line_1786375" BASELINE="1623 1817 1754 1815 1941 1828 2097 1835 2133 1835 2236 1826 2336 1824 2523 1828" HPOS="1621.0" VPOS="1731.0" WIDTH="903.0" HEIGHT="159.0">
            <Shape><Polygon POINTS="1621 1733 1752 1731 1946 1744 2100 1751 2133 1751 2228 1742 2334 1740 2524 1744 2521 1883 2337 1879 2240 1881 2133 1890 2094 1890 1937 1883 1754 1870 1623 1872"/></Shape>
	    <String CONTENT=" כי קוד ל עולמים " HPOS="1621.0" VPOS="1731.0" WIDTH="903.0" HEIGHT="159.0"><Glyph ID="char_95" CONTENT=" " GC="1.0"><Shape><Polygon POINTS="2477 1743 2474 1882 2502 1883 2505 1744"/></Shape></Glyph><Glyph ID="char_96" CONTENT="כ" GC="1.0"><Shape><Polygon POINTS="2458 1743 2455 1882 2474 1882 2477 1743"/></Shape></Glyph><Glyph ID="char_97" CONTENT="י" GC="1.0"><Shape><Polygon POINTS="2421 1742 2418 1881 2455 1882 2458 1743"/></Shape></Glyph><Glyph ID="char_98" CONTENT=" " GC="1.0"><Shape><Polygon POINTS="2383 1741 2380 1880 2418 1881 2421 1742"/></Shape></Glyph><Glyph ID="char_99" CONTENT="ק" GC="1.0"><Shape><Polygon POINTS="2346 1740 2343 1879 2380 1880 2383 1741"/></Shape></Glyph><Glyph ID="char_100" CONTENT="ו" GC="1.0"><Shape><Polygon POINTS="2295 1741 2298 1880 2343 1879 2346 1740"/></Shape></Glyph><Glyph ID="char_101" CONTENT="ד" GC="1.0"><Shape><Polygon POINTS="2248 1742 2251 1881 2298 1880 2295 1741"/></Shape></Glyph><Glyph ID="char_102" CONTENT=" " GC="1.0"><Shape><Polygon POINTS="2205 1744 2217 1883 2251 1881 2248 1742"/></Shape></Glyph><Glyph ID="char_103" CONTENT="ל" GC="1.0"><Shape><Polygon POINTS="2066 1749 2060 1888 2217 1883 2205 1744"/></Shape></Glyph><Glyph ID="char_104" CONTENT=" " GC="1.0"><Shape><Polygon POINTS="1918 1742 1909 1881 2060 1888 2066 1749"/></Shape></Glyph><Glyph ID="char_105" CONTENT="ע" GC="1.0"><Shape><Polygon POINTS="1881 1740 1871 1878 1909 1881 1918 1742"/></Shape></Glyph><Glyph ID="char_106" CONTENT="ו" GC="1.0"><Shape><Polygon POINTS="1844 1737 1834 1876 1871 1878 1881 1740"/></Shape></Glyph><Glyph ID="char_107" CONTENT="ל" GC="1.0"><Shape><Polygon POINTS="1816 1735 1806 1874 1834 1876 1844 1737"/></Shape></Glyph><Glyph ID="char_108" CONTENT="מ" GC="1.0"><Shape><Polygon POINTS="1778 1733 1768 1871 1806 1874 1816 1735"/></Shape></Glyph><Glyph ID="char_109" CONTENT="י" GC="1.0"><Shape><Polygon POINTS="1724 1731 1726 1870 1768 1871 1778 1733"/></Shape></Glyph><Glyph ID="char_110" CONTENT="ם" GC="1.0"><Shape><Polygon POINTS="1677 1732 1679 1871 1726 1870 1724 1731"/></Shape></Glyph><Glyph ID="char_111" CONTENT=" " GC="1.0"><Shape><Polygon POINTS="1622 1817 1677 1816"/></Shape></Glyph></String>
          </TextLine>

          
          
          <TextLine ID="eSc_line_1786376" BASELINE="1592 1966 1709 1950 1752 1957 2370 1997 2512 2002 2669 1979" HPOS="1580.0" VPOS="1867.0" WIDTH="1097.0" HEIGHT="190.0">
            <Shape><Polygon POINTS="1580 1883 1697 1867 1765 1874 2375 1913 2514 1918 2656 1896 2677 2034 2510 2057 2366 2052 1743 2011 1716 2005 1599 2021"/></Shape>
	    <String CONTENT=" " HPOS="1580.0" VPOS="1867.0" WIDTH="1097.0" HEIGHT="190.0"><Glyph ID="char_112" CONTENT=" " GC="1.0"><Shape><Polygon POINTS="1961 1887 1952 2025 2508 2057 2513 1918"/></Shape></Glyph></String>
          </TextLine>

          
        </TextBlock>
        

        
      </PrintSpace>
    </Page>
  </Layout>
</alto>