<?xml version='1.0' encoding='UTF-8'?>
<alto xmlns:xsi="http://www.w3.org/2001/XMLSchema-instance" xmlns="http://www.loc.gov/standards/alto/ns-v4#" xsi:schemaLocation="http://www.loc.gov/standards/alto/ns-v4# http://www.loc.gov/standards/alto/v4/alto-4-2.xsd">
  <Description>
    <MeasurementUnit>pixel</MeasurementUnit>
    <sourceImageInformation>
      <fileName>811-Fg007-R-C01-R01-D08112011-T112535-LR924_012_F.jpg</fileName>
      
    </sourceImageInformation>
  </Description>
  
  <Tags>
    <OtherTag ID="BT1443" LABEL="Parchment_or_papyrus" DESCRIPTION="block type Parchment_or_papyrus"/><OtherTag ID="BT2" LABEL="Main" DESCRIPTION="block type Main"/>
    
  </Tags>
  
  <Layout>
    <Page WIDTH="3608" HEIGHT="2706" PHYSICAL_IMG_NR="239" ID="eSc_dummypage_">
      <PrintSpace HPOS="0" VPOS="0" WIDTH="3608" HEIGHT="2706">
        
        <TextBlock HPOS="1208.0" VPOS="972.0" WIDTH="994.0" HEIGHT="1236.0" ID="eSc_textblock_bad8f3f3" TAGREFS="BT2">
          <Shape><Polygon POINTS="1208 972 1208 2208 2202 2208 2202 972"/></Shape>
          
          
          <TextLine ID="eSc_line_1786393" BASELINE="1210 1080 1558 1107 2151 1122" HPOS="1205.0" VPOS="991.0" WIDTH="948.0" HEIGHT="190.0">
            <Shape><Polygon POINTS="1216 991 1564 1018 2153 1033 2149 1181 1553 1166 1205 1139"/></Shape>
	    <String CONTENT="נמצא אברהם נאמן ל ל " HPOS="1205.0" VPOS="991.0" WIDTH="948.0" HEIGHT="190.0"><Glyph ID="char_0" CONTENT="נ" GC="1.0"><Shape><Polygon POINTS="2082 1031 2078 1179 2128 1180 2132 1032"/></Shape></Glyph><Glyph ID="char_1" CONTENT="מ" GC="1.0"><Shape><Polygon POINTS="2032 1030 2028 1178 2078 1179 2082 1031"/></Shape></Glyph><Glyph ID="char_2" CONTENT="צ" GC="1.0"><Shape><Polygon POINTS="1972 1028 1968 1176 2028 1178 2032 1030"/></Shape></Glyph><Glyph ID="char_3" CONTENT="א" GC="1.0"><Shape><Polygon POINTS="1921 1027 1917 1175 1968 1176 1972 1028"/></Shape></Glyph><Glyph ID="char_4" CONTENT=" " GC="1.0"><Shape><Polygon POINTS="1871 1026 1867 1174 1917 1175 1921 1027"/></Shape></Glyph><Glyph ID="char_5" CONTENT="א" GC="1.0"><Shape><Polygon POINTS="1821 1025 1817 1173 1867 1174 1871 1026"/></Shape></Glyph><Glyph ID="char_6" CONTENT="ב" GC="1.0"><Shape><Polygon POINTS="1771 1023 1767 1171 1817 1173 1821 1025"/></Shape></Glyph><Glyph ID="char_7" CONTENT="ר" GC="1.0"><Shape><Polygon POINTS="1721 1022 1717 1170 1767 1171 1771 1023"/></Shape></Glyph><Glyph ID="char_8" CONTENT="ה" GC="1.0"><Shape><Polygon POINTS="1661 1020 1657 1169 1717 1170 1721 1022"/></Shape></Glyph><Glyph ID="char_9" CONTENT="ם" GC="1.0"><Shape><Polygon POINTS="1611 1019 1607 1167 1657 1169 1661 1020"/></Shape></Glyph><Glyph ID="char_10" CONTENT=" " GC="1.0"><Shape><Polygon POINTS="1571 1018 1567 1166 1607 1167 1611 1019"/></Shape></Glyph><Glyph ID="char_11" CONTENT="נ" GC="1.0"><Shape><Polygon POINTS="1536 1016 1524 1164 1567 1166 1571 1018"/></Shape></Glyph><Glyph ID="char_12" CONTENT="א" GC="1.0"><Shape><Polygon POINTS="1476 1011 1464 1159 1524 1164 1536 1016"/></Shape></Glyph><Glyph ID="char_13" CONTENT="מ" GC="1.0"><Shape><Polygon POINTS="1426 1007 1415 1155 1464 1159 1476 1011"/></Shape></Glyph><Glyph ID="char_14" CONTENT="ן" GC="1.0"><Shape><Polygon POINTS="1405 1006 1394 1154 1415 1155 1426 1007"/></Shape></Glyph><Glyph ID="char_15" CONTENT=" " GC="1.0"><Shape><Polygon POINTS="1386 1004 1374 1152 1394 1154 1405 1006"/></Shape></Glyph><Glyph ID="char_16" CONTENT="ל" GC="1.0"><Shape><Polygon POINTS="1376 1003 1364 1151 1374 1152 1386 1004"/></Shape></Glyph><Glyph ID="char_17" CONTENT=" " GC="1.0"><Shape><Polygon POINTS="1366 1003 1354 1151 1364 1151 1376 1003"/></Shape></Glyph><Glyph ID="char_18" CONTENT="ל" GC="1.0"><Shape><Polygon POINTS="1316 999 1304 1147 1354 1151 1366 1003"/></Shape></Glyph><Glyph ID="char_19" CONTENT=" " GC="1.0"><Shape><Polygon POINTS="1236 993 1224 1140 1304 1147 1316 999"/></Shape></Glyph></String>
          </TextLine>

          
          
          <TextLine ID="eSc_line_1786394" BASELINE="1380 1251 1468 1267 1603 1265 2040 1283 2151 1283" HPOS="1369.0" VPOS="1163.0" WIDTH="782.0" HEIGHT="179.0">
            <Shape><Polygon POINTS="1395 1163 1483 1179 1601 1176 2043 1194 2151 1194 2151 1342 2037 1342 1603 1324 1457 1325 1369 1309"/></Shape>
	    <String CONTENT="לרצון ויברך יהוה " HPOS="1369.0" VPOS="1163.0" WIDTH="782.0" HEIGHT="179.0"><Glyph ID="char_20" CONTENT="ל" GC="1.0"><Shape><Polygon POINTS="2090 1194 2090 1342 2130 1342 2130 1194"/></Shape></Glyph><Glyph ID="char_21" CONTENT="ר" GC="1.0"><Shape><Polygon POINTS="2043 1194 2037 1342 2090 1342 2090 1194"/></Shape></Glyph><Glyph ID="char_22" CONTENT="צ" GC="1.0"><Shape><Polygon POINTS="2003 1192 1997 1340 2037 1342 2043 1194"/></Shape></Glyph><Glyph ID="char_23" CONTENT="ו" GC="1.0"><Shape><Polygon POINTS="1973 1191 1967 1339 1997 1340 2003 1192"/></Shape></Glyph><Glyph ID="char_24" CONTENT="ן" GC="1.0"><Shape><Polygon POINTS="1943 1190 1937 1338 1967 1339 1973 1191"/></Shape></Glyph><Glyph ID="char_25" CONTENT=" " GC="1.0"><Shape><Polygon POINTS="1893 1188 1887 1336 1937 1338 1943 1190"/></Shape></Glyph><Glyph ID="char_26" CONTENT="ו" GC="1.0"><Shape><Polygon POINTS="1853 1186 1847 1334 1887 1336 1893 1188"/></Shape></Glyph><Glyph ID="char_27" CONTENT="י" GC="1.0"><Shape><Polygon POINTS="1803 1184 1797 1332 1847 1334 1853 1186"/></Shape></Glyph><Glyph ID="char_28" CONTENT="ב" GC="1.0"><Shape><Polygon POINTS="1752 1182 1746 1330 1797 1332 1803 1184"/></Shape></Glyph><Glyph ID="char_29" CONTENT="ר" GC="1.0"><Shape><Polygon POINTS="1712 1181 1706 1328 1746 1330 1752 1182"/></Shape></Glyph><Glyph ID="char_30" CONTENT="ך" GC="1.0"><Shape><Polygon POINTS="1662 1178 1656 1326 1706 1328 1712 1181"/></Shape></Glyph><Glyph ID="char_31" CONTENT=" " GC="1.0"><Shape><Polygon POINTS="1622 1177 1616 1325 1656 1326 1662 1178"/></Shape></Glyph><Glyph ID="char_32" CONTENT="י" GC="1.0"><Shape><Polygon POINTS="1567 1177 1569 1324 1616 1325 1622 1177"/></Shape></Glyph><Glyph ID="char_33" CONTENT="ה" GC="1.0"><Shape><Polygon POINTS="1517 1178 1519 1325 1569 1324 1567 1177"/></Shape></Glyph><Glyph ID="char_34" CONTENT="ו" GC="1.0"><Shape><Polygon POINTS="1484 1179 1456 1325 1519 1325 1517 1178"/></Shape></Glyph><Glyph ID="char_35" CONTENT="ה" GC="1.0"><Shape><Polygon POINTS="1455 1174 1427 1320 1456 1325 1484 1179"/></Shape></Glyph><Glyph ID="char_36" CONTENT=" " GC="1.0"><Shape><Polygon POINTS="1415 1167 1387 1312 1427 1320 1455 1174"/></Shape></Glyph></String>
          </TextLine>

          
          
          <TextLine ID="eSc_line_1786395" BASELINE="1445 1418 1659 1429 2108 1434 2149 1440" HPOS="1441.0" VPOS="1329.0" WIDTH="720.0" HEIGHT="169.0">
            <Shape><Polygon POINTS="1449 1329 1663 1340 2108 1345 2161 1352 2140 1498 2107 1493 1655 1488 1441 1477"/></Shape>
	    <String CONTENT="חיו ויולד את י " HPOS="1441.0" VPOS="1329.0" WIDTH="720.0" HEIGHT="169.0"><Glyph ID="char_37" CONTENT="ח" GC="1.0"><Shape><Polygon POINTS="2069 1345 2067 1493 2120 1495 2141 1349"/></Shape></Glyph><Glyph ID="char_38" CONTENT="י" GC="1.0"><Shape><Polygon POINTS="2029 1344 2027 1492 2067 1493 2069 1345"/></Shape></Glyph><Glyph ID="char_39" CONTENT="ו" GC="1.0"><Shape><Polygon POINTS="1938 1343 1936 1491 2027 1492 2029 1344"/></Shape></Glyph><Glyph ID="char_40" CONTENT=" " GC="1.0"><Shape><Polygon POINTS="1858 1342 1856 1490 1936 1491 1938 1343"/></Shape></Glyph><Glyph ID="char_41" CONTENT="ו" GC="1.0"><Shape><Polygon POINTS="1818 1342 1816 1490 1856 1490 1858 1342"/></Shape></Glyph><Glyph ID="char_42" CONTENT="י" GC="1.0"><Shape><Polygon POINTS="1777 1341 1775 1489 1816 1490 1818 1342"/></Shape></Glyph><Glyph ID="char_43" CONTENT="ו" GC="1.0"><Shape><Polygon POINTS="1747 1341 1745 1489 1775 1489 1777 1341"/></Shape></Glyph><Glyph ID="char_44" CONTENT="ל" GC="1.0"><Shape><Polygon POINTS="1707 1340 1705 1489 1745 1489 1747 1341"/></Shape></Glyph><Glyph ID="char_45" CONTENT="ד" GC="1.0"><Shape><Polygon POINTS="1677 1340 1675 1488 1705 1489 1707 1340"/></Shape></Glyph><Glyph ID="char_46" CONTENT=" " GC="1.0"><Shape><Polygon POINTS="1651 1339 1642 1487 1675 1488 1677 1340"/></Shape></Glyph><Glyph ID="char_47" CONTENT="א" GC="1.0"><Shape><Polygon POINTS="1600 1337 1591 1485 1642 1487 1651 1339"/></Shape></Glyph><Glyph ID="char_48" CONTENT="ת" GC="1.0"><Shape><Polygon POINTS="1540 1334 1532 1482 1591 1485 1600 1337"/></Shape></Glyph><Glyph ID="char_49" CONTENT=" " GC="1.0"><Shape><Polygon POINTS="1500 1332 1492 1480 1532 1482 1540 1334"/></Shape></Glyph><Glyph ID="char_50" CONTENT="י" GC="1.0"><Shape><Polygon POINTS="1469 1330 1461 1478 1492 1480 1500 1332"/></Shape></Glyph><Glyph ID="char_51" CONTENT=" " GC="1.0"><Shape><Polygon POINTS="1444 1417 1463 1418"/></Shape></Glyph></String>
          </TextLine>

          
          
          <TextLine ID="eSc_line_1786396" BASELINE="1578 1558 2015 1583 2097 1580 2164 1567" HPOS="1574.0" VPOS="1469.0" WIDTH="601.0" HEIGHT="173.0">
            <Shape><Polygon POINTS="1583 1469 2020 1494 2093 1491 2147 1479 2175 1625 2099 1639 2011 1642 1574 1617"/></Shape>
	    <String CONTENT="לוי דור של " HPOS="1574.0" VPOS="1469.0" WIDTH="601.0" HEIGHT="173.0"><Glyph ID="char_52" CONTENT="ל" GC="1.0"><Shape><Polygon POINTS="2072 1492 2077 1640 2146 1630 2118 1486"/></Shape></Glyph><Glyph ID="char_53" CONTENT="ו" GC="1.0"><Shape><Polygon POINTS="2042 1493 2047 1641 2077 1640 2072 1492"/></Shape></Glyph><Glyph ID="char_54" CONTENT="י" GC="1.0"><Shape><Polygon POINTS="2011 1493 2002 1641 2047 1641 2042 1493"/></Shape></Glyph><Glyph ID="char_55" CONTENT=" " GC="1.0"><Shape><Polygon POINTS="1961 1491 1952 1639 2002 1641 2011 1493"/></Shape></Glyph><Glyph ID="char_56" CONTENT="ד" GC="1.0"><Shape><Polygon POINTS="1911 1488 1902 1636 1952 1639 1961 1491"/></Shape></Glyph><Glyph ID="char_57" CONTENT="ו" GC="1.0"><Shape><Polygon POINTS="1862 1485 1853 1633 1902 1636 1911 1488"/></Shape></Glyph><Glyph ID="char_58" CONTENT="ר" GC="1.0"><Shape><Polygon POINTS="1822 1483 1813 1631 1853 1633 1862 1485"/></Shape></Glyph><Glyph ID="char_59" CONTENT=" " GC="1.0"><Shape><Polygon POINTS="1782 1480 1773 1628 1813 1631 1822 1483"/></Shape></Glyph><Glyph ID="char_60" CONTENT="ש" GC="1.0"><Shape><Polygon POINTS="1722 1477 1713 1625 1773 1628 1782 1480"/></Shape></Glyph><Glyph ID="char_61" CONTENT="ל" GC="1.0"><Shape><Polygon POINTS="1672 1474 1663 1622 1713 1625 1722 1477"/></Shape></Glyph><Glyph ID="char_62" CONTENT=" " GC="1.0"><Shape><Polygon POINTS="1612 1471 1603 1619 1663 1622 1672 1474"/></Shape></Glyph></String>
          </TextLine>

          
          
          <TextLine ID="eSc_line_1786397" BASELINE="1350 1720 1472 1720 1603 1727 1743 1725 2142 1736" HPOS="1350.0" VPOS="1631.0" WIDTH="794.0" HEIGHT="164.0">
            <Shape><Polygon POINTS="1350 1631 1472 1631 1607 1638 1741 1636 2144 1647 2140 1795 1743 1784 1599 1786 1472 1779 1350 1779"/></Shape>
	    <String CONTENT="אברהם ישחק ויע " HPOS="1350.0" VPOS="1631.0" WIDTH="794.0" HEIGHT="164.0"><Glyph ID="char_63" CONTENT="א" GC="1.0"><Shape><Polygon POINTS="2050 1644 2046 1792 2116 1794 2120 1646"/></Shape></Glyph><Glyph ID="char_64" CONTENT="ב" GC="1.0"><Shape><Polygon POINTS="1990 1643 1986 1791 2046 1792 2050 1644"/></Shape></Glyph><Glyph ID="char_65" CONTENT="ר" GC="1.0"><Shape><Polygon POINTS="1921 1641 1917 1789 1986 1791 1990 1643"/></Shape></Glyph><Glyph ID="char_66" CONTENT="ה" GC="1.0"><Shape><Polygon POINTS="1861 1639 1857 1787 1917 1789 1921 1641"/></Shape></Glyph><Glyph ID="char_67" CONTENT="ם" GC="1.0"><Shape><Polygon POINTS="1801 1638 1797 1786 1857 1787 1861 1639"/></Shape></Glyph><Glyph ID="char_68" CONTENT=" " GC="1.0"><Shape><Polygon POINTS="1738 1636 1740 1784 1797 1786 1801 1638"/></Shape></Glyph><Glyph ID="char_69" CONTENT="י" GC="1.0"><Shape><Polygon POINTS="1688 1637 1690 1785 1740 1784 1738 1636"/></Shape></Glyph><Glyph ID="char_70" CONTENT="ש" GC="1.0"><Shape><Polygon POINTS="1638 1638 1640 1785 1690 1785 1688 1637"/></Shape></Glyph><Glyph ID="char_71" CONTENT="ח" GC="1.0"><Shape><Polygon POINTS="1584 1637 1576 1785 1640 1785 1638 1638"/></Shape></Glyph><Glyph ID="char_72" CONTENT="ק" GC="1.0"><Shape><Polygon POINTS="1525 1634 1517 1781 1576 1785 1584 1637"/></Shape></Glyph><Glyph ID="char_73" CONTENT=" " GC="1.0"><Shape><Polygon POINTS="1460 1631 1460 1779 1517 1781 1525 1634"/></Shape></Glyph><Glyph ID="char_74" CONTENT="ו" GC="1.0"><Shape><Polygon POINTS="1420 1631 1420 1779 1460 1779 1460 1631"/></Shape></Glyph><Glyph ID="char_75" CONTENT="י" GC="1.0"><Shape><Polygon POINTS="1390 1631 1390 1779 1420 1779 1420 1631"/></Shape></Glyph><Glyph ID="char_76" CONTENT="ע" GC="1.0"><Shape><Polygon POINTS="1360 1631 1360 1779 1390 1779 1390 1631"/></Shape></Glyph><Glyph ID="char_77" CONTENT=" " GC="1.0"><Shape><Polygon POINTS="1350 1631 1350 1779 1360 1779 1360 1631"/></Shape></Glyph></String>
          </TextLine>

          
          
          <TextLine ID="eSc_line_1786398" BASELINE="1366 1882 1461 1869 2094 1869 2164 1873" HPOS="1353.0" VPOS="1780.0" WIDTH="816.0" HEIGHT="160.0">
            <Shape><Polygon POINTS="1353 1794 1448 1781 2094 1780 2169 1784 2160 1932 2094 1928 1469 1927 1374 1940"/></Shape>
	    <String CONTENT="ומלאכי הקדש מ " HPOS="1353.0" VPOS="1780.0" WIDTH="816.0" HEIGHT="160.0"><Glyph ID="char_78" CONTENT="ו" GC="1.0"><Shape><Polygon POINTS="2042 1780 2042 1928 2119 1929 2127 1782"/></Shape></Glyph><Glyph ID="char_79" CONTENT="מ" GC="1.0"><Shape><Polygon POINTS="1992 1780 1992 1928 2042 1928 2042 1780"/></Shape></Glyph><Glyph ID="char_80" CONTENT="ל" GC="1.0"><Shape><Polygon POINTS="1952 1780 1952 1928 1992 1928 1992 1780"/></Shape></Glyph><Glyph ID="char_81" CONTENT="א" GC="1.0"><Shape><Polygon POINTS="1913 1780 1913 1928 1952 1928 1952 1780"/></Shape></Glyph><Glyph ID="char_82" CONTENT="כ" GC="1.0"><Shape><Polygon POINTS="1863 1780 1863 1928 1913 1928 1913 1780"/></Shape></Glyph><Glyph ID="char_83" CONTENT="י" GC="1.0"><Shape><Polygon POINTS="1823 1780 1823 1928 1863 1928 1863 1780"/></Shape></Glyph><Glyph ID="char_84" CONTENT=" " GC="1.0"><Shape><Polygon POINTS="1783 1780 1783 1928 1823 1928 1823 1780"/></Shape></Glyph><Glyph ID="char_85" CONTENT="ה" GC="1.0"><Shape><Polygon POINTS="1723 1781 1723 1927 1783 1928 1783 1780"/></Shape></Glyph><Glyph ID="char_86" CONTENT="ק" GC="1.0"><Shape><Polygon POINTS="1663 1781 1663 1927 1723 1927 1723 1781"/></Shape></Glyph><Glyph ID="char_87" CONTENT="ד" GC="1.0"><Shape><Polygon POINTS="1593 1781 1593 1927 1663 1927 1663 1781"/></Shape></Glyph><Glyph ID="char_88" CONTENT="ש" GC="1.0"><Shape><Polygon POINTS="1534 1781 1534 1927 1593 1927 1593 1781"/></Shape></Glyph><Glyph ID="char_89" CONTENT=" " GC="1.0"><Shape><Polygon POINTS="1474 1781 1474 1927 1534 1927 1534 1781"/></Shape></Glyph><Glyph ID="char_90" CONTENT="מ" GC="1.0"><Shape><Polygon POINTS="1403 1787 1422 1933 1474 1927 1474 1781"/></Shape></Glyph><Glyph ID="char_91" CONTENT=" " GC="1.0"><Shape><Polygon POINTS="1365 1882 1414 1875"/></Shape></Glyph></String>
          </TextLine>

          
          
          <TextLine ID="eSc_line_1786400" BASELINE="1404 2009 1454 2000 1515 1995 1979 1995 2054 2000 2115 2018" HPOS="1388.0" VPOS="1906.0" WIDTH="752.0" HEIGHT="168.0">
            <Shape><Polygon POINTS="1388 1921 1438 1912 1507 1906 1979 1906 2059 1911 2140 1932 2098 2074 2050 2059 1979 2054 1519 2054 1464 2058 1414 2067"/></Shape>
	    <String CONTENT="אל שר צום ש " HPOS="1388.0" VPOS="1906.0" WIDTH="752.0" HEIGHT="168.0"><Glyph ID="char_92" CONTENT="א" GC="1.0"><Shape><Polygon POINTS="2101 1922 2060 2062 2088 2071 2130 1929"/></Shape></Glyph><Glyph ID="char_93" CONTENT="ל" GC="1.0"><Shape><Polygon POINTS="2090 1919 2049 2059 2060 2062 2101 1922"/></Shape></Glyph><Glyph ID="char_94" CONTENT=" " GC="1.0"><Shape><Polygon POINTS="2032 1909 2022 2057 2049 2059 2090 1919"/></Shape></Glyph><Glyph ID="char_95" CONTENT="ש" GC="1.0"><Shape><Polygon POINTS="1976 1906 1976 2054 2022 2057 2032 1909"/></Shape></Glyph><Glyph ID="char_96" CONTENT="ר" GC="1.0"><Shape><Polygon POINTS="1875 1906 1875 2054 1976 2054 1976 1906"/></Shape></Glyph><Glyph ID="char_97" CONTENT=" " GC="1.0"><Shape><Polygon POINTS="1785 1906 1785 2054 1875 2054 1875 1906"/></Shape></Glyph><Glyph ID="char_98" CONTENT="צ" GC="1.0"><Shape><Polygon POINTS="1734 1906 1734 2054 1785 2054 1785 1906"/></Shape></Glyph><Glyph ID="char_99" CONTENT="ו" GC="1.0"><Shape><Polygon POINTS="1674 1906 1674 2054 1734 2054 1734 1906"/></Shape></Glyph><Glyph ID="char_100" CONTENT="ם" GC="1.0"><Shape><Polygon POINTS="1624 1906 1624 2054 1674 2054 1674 1906"/></Shape></Glyph><Glyph ID="char_101" CONTENT=" " GC="1.0"><Shape><Polygon POINTS="1573 1906 1573 2054 1624 2054 1624 1906"/></Shape></Glyph><Glyph ID="char_102" CONTENT="ש" GC="1.0"><Shape><Polygon POINTS="1486 1908 1498 2056 1573 2054 1573 1906"/></Shape></Glyph><Glyph ID="char_103" CONTENT=" " GC="1.0"><Shape><Polygon POINTS="1397 1919 1423 2065 1498 2056 1486 1908"/></Shape></Glyph></String>
          </TextLine>

          
          
          <TextLine ID="eSc_line_1786399" BASELINE="1492 2119 1806 2124 2085 2137" HPOS="1491.0" VPOS="2030.0" WIDTH="598.0" HEIGHT="166.0">
            <Shape><Polygon POINTS="1493 2030 1807 2035 2089 2048 2082 2196 1805 2183 1491 2178"/></Shape>
	    <String CONTENT=" שר " HPOS="1491.0" VPOS="2030.0" WIDTH="598.0" HEIGHT="166.0"><Glyph ID="char_104" CONTENT=" " GC="1.0"><Shape><Polygon POINTS="1795 2035 1792 2183 1951 2190 1958 2042"/></Shape></Glyph><Glyph ID="char_105" CONTENT="ש" GC="1.0"><Shape><Polygon POINTS="1725 2034 1722 2182 1792 2183 1795 2035"/></Shape></Glyph><Glyph ID="char_106" CONTENT="ר" GC="1.0"><Shape><Polygon POINTS="1664 2033 1661 2181 1722 2182 1725 2034"/></Shape></Glyph><Glyph ID="char_107" CONTENT=" " GC="1.0"><Shape><Polygon POINTS="1564 2031 1561 2179 1661 2181 1664 2033"/></Shape></Glyph></String>
          </TextLine>

          
        </TextBlock>
        

        
      </PrintSpace>
    </Page>
  </Layout>
</alto>