<?xml version='1.0' encoding='UTF-8'?>
<alto xmlns:xsi="http://www.w3.org/2001/XMLSchema-instance" xmlns="http://www.loc.gov/standards/alto/ns-v4#" xsi:schemaLocation="http://www.loc.gov/standards/alto/ns-v4# http://www.loc.gov/standards/alto/v4/alto-4-2.xsd">
  <Description>
    <MeasurementUnit>pixel</MeasurementUnit>
    <sourceImageInformation>
      <fileName>P1072-Fg001-R-C01-R01-D22072013-T123342-LR924_012.jpg</fileName>
      
    </sourceImageInformation>
  </Description>
  
  <Tags>
    <OtherTag ID="BT1443" LABEL="Parchment_or_papyrus" DESCRIPTION="block type Parchment_or_papyrus"/><OtherTag ID="BT2" LABEL="Main" DESCRIPTION="block type Main"/>
    
  </Tags>
  
  <Layout>
    <Page WIDTH="3608" HEIGHT="2706" PHYSICAL_IMG_NR="92" ID="eSc_dummypage_">
      <PrintSpace HPOS="0" VPOS="0" WIDTH="3608" HEIGHT="2706">
        
        <TextBlock HPOS="714.0" VPOS="440.0" WIDTH="2122.0" HEIGHT="1854.0" ID="eSc_textblock_8ab77b0e" TAGREFS="BT2">
          <Shape><Polygon POINTS="714 440 714 2294 2836 2294 2836 1031 1390 875 1353 442"/></Shape>
          
          
          <TextLine ID="eSc_line_1791173" BASELINE="1030 566 1064 581 1138 577 1192 581 1242 577" HPOS="1001.0" VPOS="470.0" WIDTH="246.0" HEIGHT="180.0">
            <Shape><Polygon POINTS="1072 470 1106 485 1132 472 1199 476 1233 472 1247 646 1186 650 1141 646 1035 644 1001 629"/></Shape>
	    <String CONTENT=" א " HPOS="1001.0" VPOS="470.0" WIDTH="246.0" HEIGHT="180.0"><Glyph ID="char_0" CONTENT=" " GC="1.0"><Shape><Polygon POINTS="1116 480 1125 646 1199 649 1185 475"/></Shape></Glyph><Glyph ID="char_1" CONTENT="א" GC="1.0"><Shape><Polygon POINTS="1068 479 1077 645 1125 646 1116 480"/></Shape></Glyph><Glyph ID="char_2" CONTENT=" " GC="1.0"><Shape><Polygon POINTS="1073 471 1008 614 1077 645 1068 479"/></Shape></Glyph></String>
          </TextLine>

          
          
          <TextLine ID="eSc_line_1791174" BASELINE="847 748 1039 753 1256 762" HPOS="845.0" VPOS="643.0" WIDTH="415.0" HEIGHT="188.0">
            <Shape><Polygon POINTS="849 643 1041 648 1260 657 1253 831 1037 822 845 817"/></Shape>
	    <String CONTENT=" לא חי פר " HPOS="845.0" VPOS="643.0" WIDTH="415.0" HEIGHT="188.0"><Glyph ID="char_3" CONTENT=" " GC="1.0"><Shape><Polygon POINTS="1190 654 1183 828 1230 830 1237 656"/></Shape></Glyph><Glyph ID="char_4" CONTENT="ל" GC="1.0"><Shape><Polygon POINTS="1155 653 1148 827 1183 828 1190 654"/></Shape></Glyph><Glyph ID="char_5" CONTENT="א" GC="1.0"><Shape><Polygon POINTS="1108 651 1101 825 1148 827 1155 653"/></Shape></Glyph><Glyph ID="char_6" CONTENT=" " GC="1.0"><Shape><Polygon POINTS="1073 649 1066 823 1101 825 1108 651"/></Shape></Glyph><Glyph ID="char_7" CONTENT="ח" GC="1.0"><Shape><Polygon POINTS="1036 648 1031 822 1066 823 1073 649"/></Shape></Glyph><Glyph ID="char_8" CONTENT="י" GC="1.0"><Shape><Polygon POINTS="990 647 985 821 1031 822 1036 648"/></Shape></Glyph><Glyph ID="char_9" CONTENT=" " GC="1.0"><Shape><Polygon POINTS="943 645 938 819 985 821 990 647"/></Shape></Glyph><Glyph ID="char_10" CONTENT="פ" GC="1.0"><Shape><Polygon POINTS="908 645 903 819 938 819 943 645"/></Shape></Glyph><Glyph ID="char_11" CONTENT="ר" GC="1.0"><Shape><Polygon POINTS="872 644 867 818 903 819 908 645"/></Shape></Glyph><Glyph ID="char_12" CONTENT=" " GC="1.0"><Shape><Polygon POINTS="846 747 868 747"/></Shape></Glyph></String>
          </TextLine>

          
          
          <TextLine ID="eSc_line_1791175" BASELINE="793 924 1174 949 1909 985 2229 1007 2543 1022" HPOS="788.0" VPOS="819.0" WIDTH="1759.0" HEIGHT="272.0">
            <Shape><Polygon POINTS="799 819 1180 844 1914 880 2236 902 2547 917 2539 1091 2224 1076 1905 1054 1169 1018 788 993"/></Shape>
	    <String CONTENT=" א מ מים ויאמר " HPOS="788.0" VPOS="819.0" WIDTH="1759.0" HEIGHT="272.0"><Glyph ID="char_13" CONTENT=" " GC="1.0"><Shape><Polygon POINTS="2059 890 2047 1064 2340 1082 2348 907"/></Shape></Glyph><Glyph ID="char_14" CONTENT="א" GC="1.0"><Shape><Polygon POINTS="1942 882 1930 1056 2047 1064 2059 890"/></Shape></Glyph><Glyph ID="char_15" CONTENT=" " GC="1.0"><Shape><Polygon POINTS="1882 878 1874 1052 1930 1056 1942 882"/></Shape></Glyph><Glyph ID="char_16" CONTENT="מ" GC="1.0"><Shape><Polygon POINTS="1637 866 1628 1040 1874 1052 1882 878"/></Shape></Glyph><Glyph ID="char_17" CONTENT=" " GC="1.0"><Shape><Polygon POINTS="1334 852 1326 1026 1628 1040 1637 866"/></Shape></Glyph><Glyph ID="char_18" CONTENT="מ" GC="1.0"><Shape><Polygon POINTS="1252 848 1244 1022 1326 1026 1334 852"/></Shape></Glyph><Glyph ID="char_19" CONTENT="י" GC="1.0"><Shape><Polygon POINTS="1193 845 1185 1019 1244 1022 1252 848"/></Shape></Glyph><Glyph ID="char_20" CONTENT="ם" GC="1.0"><Shape><Polygon POINTS="1137 841 1126 1015 1185 1019 1193 845"/></Shape></Glyph><Glyph ID="char_21" CONTENT=" " GC="1.0"><Shape><Polygon POINTS="1102 839 1091 1013 1126 1015 1137 841"/></Shape></Glyph><Glyph ID="char_22" CONTENT="ו" GC="1.0"><Shape><Polygon POINTS="1068 837 1056 1011 1091 1013 1102 839"/></Shape></Glyph><Glyph ID="char_23" CONTENT="י" GC="1.0"><Shape><Polygon POINTS="1021 834 1009 1007 1056 1011 1068 837"/></Shape></Glyph><Glyph ID="char_24" CONTENT="א" GC="1.0"><Shape><Polygon POINTS="963 830 951 1004 1009 1007 1021 834"/></Shape></Glyph><Glyph ID="char_25" CONTENT="מ" GC="1.0"><Shape><Polygon POINTS="904 826 892 1000 951 1004 963 830"/></Shape></Glyph><Glyph ID="char_26" CONTENT="ר" GC="1.0"><Shape><Polygon POINTS="857 823 845 997 892 1000 904 826"/></Shape></Glyph><Glyph ID="char_27" CONTENT=" " GC="1.0"><Shape><Polygon POINTS="792 923 849 926"/></Shape></Glyph></String>
          </TextLine>

          
          
          <TextLine ID="eSc_line_1791178" BASELINE="886 1071 1003 1091 1120 1102 1596 1159 1855 1159 2018 1174 2372 1199 2518 1204 2802 1219" HPOS="874.0" VPOS="968.0" WIDTH="1933.0" HEIGHT="320.0">
            <Shape><Polygon POINTS="903 968 1020 988 1129 998 1608 1055 1855 1054 2027 1070 2379 1094 2521 1099 2807 1114 2798 1288 2515 1273 2367 1268 2011 1243 1855 1228 1587 1228 1113 1171 991 1159 874 1139"/></Shape>
	    <String CONTENT="ביו ה ליש ת עשו ו להם אני י " HPOS="874.0" VPOS="968.0" WIDTH="1933.0" HEIGHT="320.0"><Glyph ID="char_28" CONTENT="ב" GC="1.0"><Shape><Polygon POINTS="2701 1108 2692 1282 2763 1286 2772 1112"/></Shape></Glyph><Glyph ID="char_29" CONTENT="י" GC="1.0"><Shape><Polygon POINTS="2654 1106 2645 1280 2692 1282 2701 1108"/></Shape></Glyph><Glyph ID="char_30" CONTENT="ו" GC="1.0"><Shape><Polygon POINTS="2607 1104 2598 1277 2645 1280 2654 1106"/></Shape></Glyph><Glyph ID="char_31" CONTENT=" " GC="1.0"><Shape><Polygon POINTS="2549 1100 2540 1274 2598 1277 2607 1104"/></Shape></Glyph><Glyph ID="char_32" CONTENT="ה" GC="1.0"><Shape><Polygon POINTS="2441 1096 2435 1270 2540 1274 2549 1100"/></Shape></Glyph><Glyph ID="char_33" CONTENT=" " GC="1.0"><Shape><Polygon POINTS="2363 1093 2351 1267 2435 1270 2441 1096"/></Shape></Glyph><Glyph ID="char_34" CONTENT="ל" GC="1.0"><Shape><Polygon POINTS="2328 1091 2316 1264 2351 1267 2363 1093"/></Shape></Glyph><Glyph ID="char_35" CONTENT="י" GC="1.0"><Shape><Polygon POINTS="2293 1088 2281 1262 2316 1264 2328 1091"/></Shape></Glyph><Glyph ID="char_36" CONTENT="ש" GC="1.0"><Shape><Polygon POINTS="2188 1081 2175 1255 2281 1262 2293 1088"/></Shape></Glyph><Glyph ID="char_37" CONTENT=" " GC="1.0"><Shape><Polygon POINTS="2059 1072 2047 1245 2175 1255 2188 1081"/></Shape></Glyph><Glyph ID="char_38" CONTENT="ת" GC="1.0"><Shape><Polygon POINTS="2002 1068 1986 1241 2047 1245 2059 1072"/></Shape></Glyph><Glyph ID="char_39" CONTENT=" " GC="1.0"><Shape><Polygon POINTS="1967 1064 1951 1237 1986 1241 2002 1068"/></Shape></Glyph><Glyph ID="char_40" CONTENT="ע" GC="1.0"><Shape><Polygon POINTS="1921 1060 1905 1233 1951 1237 1967 1064"/></Shape></Glyph><Glyph ID="char_41" CONTENT="ש" GC="1.0"><Shape><Polygon POINTS="1853 1054 1853 1228 1905 1233 1921 1060"/></Shape></Glyph><Glyph ID="char_42" CONTENT="ו" GC="1.0"><Shape><Polygon POINTS="1794 1054 1794 1228 1853 1228 1853 1054"/></Shape></Glyph><Glyph ID="char_43" CONTENT=" " GC="1.0"><Shape><Polygon POINTS="1759 1054 1759 1228 1794 1228 1794 1054"/></Shape></Glyph><Glyph ID="char_44" CONTENT="ו" GC="1.0"><Shape><Polygon POINTS="1584 1052 1563 1225 1759 1228 1759 1054"/></Shape></Glyph><Glyph ID="char_45" CONTENT=" " GC="1.0"><Shape><Polygon POINTS="1351 1024 1331 1197 1563 1225 1584 1052"/></Shape></Glyph><Glyph ID="char_46" CONTENT="ל" GC="1.0"><Shape><Polygon POINTS="1258 1013 1237 1186 1331 1197 1351 1024"/></Shape></Glyph><Glyph ID="char_47" CONTENT="ה" GC="1.0"><Shape><Polygon POINTS="1200 1006 1179 1179 1237 1186 1258 1013"/></Shape></Glyph><Glyph ID="char_48" CONTENT="ם" GC="1.0"><Shape><Polygon POINTS="1153 1001 1132 1173 1179 1179 1200 1006"/></Shape></Glyph><Glyph ID="char_49" CONTENT=" " GC="1.0"><Shape><Polygon POINTS="1093 995 1076 1167 1132 1173 1153 1001"/></Shape></Glyph><Glyph ID="char_50" CONTENT="א" GC="1.0"><Shape><Polygon POINTS="1046 990 1030 1163 1076 1167 1093 995"/></Shape></Glyph><Glyph ID="char_51" CONTENT="נ" GC="1.0"><Shape><Polygon POINTS="1018 988 988 1159 1030 1163 1046 990"/></Shape></Glyph><Glyph ID="char_52" CONTENT="י" GC="1.0"><Shape><Polygon POINTS="996 984 965 1155 988 1159 1018 988"/></Shape></Glyph><Glyph ID="char_53" CONTENT=" " GC="1.0"><Shape><Polygon POINTS="973 980 943 1151 965 1155 996 984"/></Shape></Glyph><Glyph ID="char_54" CONTENT="י" GC="1.0"><Shape><Polygon POINTS="949 976 919 1147 943 1151 973 980"/></Shape></Glyph><Glyph ID="char_55" CONTENT=" " GC="1.0"><Shape><Polygon POINTS="885 1070 931 1078"/></Shape></Glyph></String>
          </TextLine>

          
          
          <TextLine ID="eSc_line_1791186" BASELINE="958 1265 1245 1292 2180 1355 2406 1366 2631 1364 2699 1368" HPOS="951.0" VPOS="1161.0" WIDTH="1754.0" HEIGHT="276.0">
            <Shape><Polygon POINTS="967 1161 1254 1188 2187 1250 2411 1261 2630 1259 2705 1263 2694 1437 2631 1433 2402 1435 2175 1424 1238 1361 951 1334"/></Shape>
	    <String CONTENT="א אחיכם ה חד יאסר ם ואת ל " HPOS="951.0" VPOS="1161.0" WIDTH="1754.0" HEIGHT="276.0"><Glyph ID="char_56" CONTENT="א" GC="1.0"><Shape><Polygon POINTS="2568 1260 2570 1434 2647 1434 2657 1260"/></Shape></Glyph><Glyph ID="char_57" CONTENT=" " GC="1.0"><Shape><Polygon POINTS="2510 1260 2512 1434 2570 1434 2568 1260"/></Shape></Glyph><Glyph ID="char_58" CONTENT="א" GC="1.0"><Shape><Polygon POINTS="2416 1261 2418 1435 2512 1434 2510 1260"/></Shape></Glyph><Glyph ID="char_59" CONTENT="ח" GC="1.0"><Shape><Polygon POINTS="2352 1258 2344 1432 2418 1435 2416 1261"/></Shape></Glyph><Glyph ID="char_60" CONTENT="י" GC="1.0"><Shape><Polygon POINTS="2316 1256 2308 1430 2344 1432 2352 1258"/></Shape></Glyph><Glyph ID="char_61" CONTENT="כ" GC="1.0"><Shape><Polygon POINTS="2282 1255 2273 1429 2308 1430 2316 1256"/></Shape></Glyph><Glyph ID="char_62" CONTENT="ם" GC="1.0"><Shape><Polygon POINTS="2271 1254 2262 1428 2273 1429 2282 1255"/></Shape></Glyph><Glyph ID="char_63" CONTENT=" " GC="1.0"><Shape><Polygon POINTS="2224 1252 2215 1426 2262 1428 2271 1254"/></Shape></Glyph><Glyph ID="char_64" CONTENT="ה" GC="1.0"><Shape><Polygon POINTS="2179 1249 2167 1423 2215 1426 2224 1252"/></Shape></Glyph><Glyph ID="char_65" CONTENT=" " GC="1.0"><Shape><Polygon POINTS="2109 1245 2097 1419 2167 1423 2179 1249"/></Shape></Glyph><Glyph ID="char_66" CONTENT="ח" GC="1.0"><Shape><Polygon POINTS="2038 1240 2026 1414 2097 1419 2109 1245"/></Shape></Glyph><Glyph ID="char_67" CONTENT="ד" GC="1.0"><Shape><Polygon POINTS="1992 1237 1980 1411 2026 1414 2038 1240"/></Shape></Glyph><Glyph ID="char_68" CONTENT=" " GC="1.0"><Shape><Polygon POINTS="1956 1235 1944 1408 1980 1411 1992 1237"/></Shape></Glyph><Glyph ID="char_69" CONTENT="י" GC="1.0"><Shape><Polygon POINTS="1910 1232 1898 1405 1944 1408 1956 1235"/></Shape></Glyph><Glyph ID="char_70" CONTENT="א" GC="1.0"><Shape><Polygon POINTS="1851 1228 1840 1401 1898 1405 1910 1232"/></Shape></Glyph><Glyph ID="char_71" CONTENT="ס" GC="1.0"><Shape><Polygon POINTS="1793 1224 1782 1398 1840 1401 1851 1228"/></Shape></Glyph><Glyph ID="char_72" CONTENT="ר" GC="1.0"><Shape><Polygon POINTS="1747 1221 1735 1394 1782 1398 1793 1224"/></Shape></Glyph><Glyph ID="char_73" CONTENT=" " GC="1.0"><Shape><Polygon POINTS="1723 1219 1711 1393 1735 1394 1747 1221"/></Shape></Glyph><Glyph ID="char_74" CONTENT="ם" GC="1.0"><Shape><Polygon POINTS="1688 1217 1676 1390 1711 1393 1723 1219"/></Shape></Glyph><Glyph ID="char_75" CONTENT=" " GC="1.0"><Shape><Polygon POINTS="1395 1197 1384 1371 1676 1390 1688 1217"/></Shape></Glyph><Glyph ID="char_76" CONTENT="ו" GC="1.0"><Shape><Polygon POINTS="1118 1175 1102 1348 1384 1371 1395 1197"/></Shape></Glyph><Glyph ID="char_77" CONTENT="א" GC="1.0"><Shape><Polygon POINTS="1083 1172 1067 1345 1102 1348 1118 1175"/></Shape></Glyph><Glyph ID="char_78" CONTENT="ת" GC="1.0"><Shape><Polygon POINTS="1037 1168 1020 1340 1067 1345 1083 1172"/></Shape></Glyph><Glyph ID="char_79" CONTENT=" " GC="1.0"><Shape><Polygon POINTS="1002 1164 985 1337 1020 1340 1037 1168"/></Shape></Glyph><Glyph ID="char_80" CONTENT="ל" GC="1.0"><Shape><Polygon POINTS="957 1264 991 1267"/></Shape></Glyph><Glyph ID="char_81" CONTENT=" " GC="1.0"><Shape><Polygon POINTS="957 1264 957 1264"/></Shape></Glyph></String>
          </TextLine>

          
          
          <TextLine ID="eSc_line_1791177" BASELINE="829 1411 971 1434 1235 1461 1292 1465 1695 1486 1934 1506 2024 1510 2424 1522 2667 1517" HPOS="817.0" VPOS="1307.0" WIDTH="1851.0" HEIGHT="284.0">
            <Shape><Polygon POINTS="845 1307 987 1330 1245 1357 1299 1360 1700 1381 1942 1401 2028 1405 2427 1417 2664 1412 2668 1586 2421 1591 2020 1579 1928 1575 1691 1555 1287 1534 1227 1530 959 1502 817 1479"/></Shape>
	    <String CONTENT=" ן בת ם ו אחיכם ב אלי ויאמ " HPOS="817.0" VPOS="1307.0" WIDTH="1851.0" HEIGHT="284.0"><Glyph ID="char_82" CONTENT=" " GC="1.0"><Shape><Polygon POINTS="2523 1415 2526 1589 2620 1587 2617 1413"/></Shape></Glyph><Glyph ID="char_83" CONTENT="ן" GC="1.0"><Shape><Polygon POINTS="2476 1416 2479 1590 2526 1589 2523 1415"/></Shape></Glyph><Glyph ID="char_84" CONTENT=" " GC="1.0"><Shape><Polygon POINTS="2441 1417 2444 1591 2479 1590 2476 1416"/></Shape></Glyph><Glyph ID="char_85" CONTENT="ב" GC="1.0"><Shape><Polygon POINTS="2387 1416 2382 1590 2444 1591 2441 1417"/></Shape></Glyph><Glyph ID="char_86" CONTENT="ת" GC="1.0"><Shape><Polygon POINTS="2293 1413 2288 1587 2382 1590 2387 1416"/></Shape></Glyph><Glyph ID="char_87" CONTENT=" " GC="1.0"><Shape><Polygon POINTS="2176 1409 2171 1584 2288 1587 2293 1413"/></Shape></Glyph><Glyph ID="char_88" CONTENT="ם" GC="1.0"><Shape><Polygon POINTS="2094 1407 2089 1581 2171 1584 2176 1409"/></Shape></Glyph><Glyph ID="char_89" CONTENT=" " GC="1.0"><Shape><Polygon POINTS="2070 1406 2065 1580 2089 1581 2094 1407"/></Shape></Glyph><Glyph ID="char_90" CONTENT="ו" GC="1.0"><Shape><Polygon POINTS="2035 1405 2030 1579 2065 1580 2070 1406"/></Shape></Glyph><Glyph ID="char_91" CONTENT=" " GC="1.0"><Shape><Polygon POINTS="2002 1404 1994 1578 2030 1579 2035 1405"/></Shape></Glyph><Glyph ID="char_92" CONTENT="א" GC="1.0"><Shape><Polygon POINTS="1943 1401 1935 1575 1994 1578 2002 1404"/></Shape></Glyph><Glyph ID="char_93" CONTENT="ח" GC="1.0"><Shape><Polygon POINTS="1900 1398 1885 1571 1935 1575 1943 1401"/></Shape></Glyph><Glyph ID="char_94" CONTENT="י" GC="1.0"><Shape><Polygon POINTS="1853 1394 1839 1567 1885 1571 1900 1398"/></Shape></Glyph><Glyph ID="char_95" CONTENT="כ" GC="1.0"><Shape><Polygon POINTS="1806 1390 1792 1564 1839 1567 1853 1394"/></Shape></Glyph><Glyph ID="char_96" CONTENT="ם" GC="1.0"><Shape><Polygon POINTS="1605 1376 1595 1550 1792 1564 1806 1390"/></Shape></Glyph><Glyph ID="char_97" CONTENT=" " GC="1.0"><Shape><Polygon POINTS="1429 1367 1420 1541 1595 1550 1605 1376"/></Shape></Glyph><Glyph ID="char_98" CONTENT="ב" GC="1.0"><Shape><Polygon POINTS="1335 1362 1326 1536 1420 1541 1429 1367"/></Shape></Glyph><Glyph ID="char_99" CONTENT=" " GC="1.0"><Shape><Polygon POINTS="1234 1356 1217 1529 1326 1536 1335 1362"/></Shape></Glyph><Glyph ID="char_100" CONTENT="א" GC="1.0"><Shape><Polygon POINTS="1188 1351 1170 1524 1217 1529 1234 1356"/></Shape></Glyph><Glyph ID="char_101" CONTENT="ל" GC="1.0"><Shape><Polygon POINTS="1141 1346 1123 1519 1170 1524 1188 1351"/></Shape></Glyph><Glyph ID="char_102" CONTENT="י" GC="1.0"><Shape><Polygon POINTS="1094 1341 1076 1514 1123 1519 1141 1346"/></Shape></Glyph><Glyph ID="char_103" CONTENT=" " GC="1.0"><Shape><Polygon POINTS="1059 1338 1042 1511 1076 1514 1094 1341"/></Shape></Glyph><Glyph ID="char_104" CONTENT="ו" GC="1.0"><Shape><Polygon POINTS="1024 1334 1007 1507 1042 1511 1059 1338"/></Shape></Glyph><Glyph ID="char_105" CONTENT="י" GC="1.0"><Shape><Polygon POINTS="973 1328 944 1500 1007 1507 1024 1334"/></Shape></Glyph><Glyph ID="char_106" CONTENT="א" GC="1.0"><Shape><Polygon POINTS="915 1318 887 1490 944 1500 973 1328"/></Shape></Glyph><Glyph ID="char_107" CONTENT="מ" GC="1.0"><Shape><Polygon POINTS="869 1311 840 1483 887 1490 915 1318"/></Shape></Glyph><Glyph ID="char_108" CONTENT=" " GC="1.0"><Shape><Polygon POINTS="828 1410 851 1413"/></Shape></Glyph></String>
          </TextLine>

          
          
          <TextLine ID="eSc_line_1791188" BASELINE="755 1592 820 1587 881 1598 1350 1650 1438 1652 1560 1661 1964 1673 2428 1702 2563 1718 2744 1720" HPOS="746.0" VPOS="1482.0" WIDTH="1999.0" HEIGHT="307.0">
            <Shape><Polygon POINTS="746 1487 811 1482 899 1495 1361 1546 1440 1547 1567 1556 1967 1568 2434 1597 2575 1614 2745 1615 2743 1789 2554 1787 2423 1771 1961 1742 1554 1730 1436 1721 1342 1719 868 1666 825 1656 760 1661"/></Shape>
	    <String CONTENT=" תמו ויעש כן ויאמרו ש א אחיו א ל אש " HPOS="746.0" VPOS="1482.0" WIDTH="1999.0" HEIGHT="307.0"><Glyph ID="char_109" CONTENT=" " GC="1.0"><Shape><Polygon POINTS="2546 1611 2526 1784 2650 1788 2652 1614"/></Shape></Glyph><Glyph ID="char_110" CONTENT="ת" GC="1.0"><Shape><Polygon POINTS="2499 1605 2479 1778 2526 1784 2546 1611"/></Shape></Glyph><Glyph ID="char_111" CONTENT="מ" GC="1.0"><Shape><Polygon POINTS="2454 1599 2433 1772 2479 1778 2499 1605"/></Shape></Glyph><Glyph ID="char_112" CONTENT="ו" GC="1.0"><Shape><Polygon POINTS="2389 1594 2378 1768 2433 1772 2454 1599"/></Shape></Glyph><Glyph ID="char_113" CONTENT=" " GC="1.0"><Shape><Polygon POINTS="2342 1591 2331 1765 2378 1768 2389 1594"/></Shape></Glyph><Glyph ID="char_114" CONTENT="ו" GC="1.0"><Shape><Polygon POINTS="2296 1588 2285 1762 2331 1765 2342 1591"/></Shape></Glyph><Glyph ID="char_115" CONTENT="י" GC="1.0"><Shape><Polygon POINTS="2261 1586 2251 1760 2285 1762 2296 1588"/></Shape></Glyph><Glyph ID="char_116" CONTENT="ע" GC="1.0"><Shape><Polygon POINTS="2203 1583 2192 1756 2251 1760 2261 1586"/></Shape></Glyph><Glyph ID="char_117" CONTENT="ש" GC="1.0"><Shape><Polygon POINTS="2157 1580 2146 1754 2192 1756 2203 1583"/></Shape></Glyph><Glyph ID="char_118" CONTENT=" " GC="1.0"><Shape><Polygon POINTS="2098 1576 2087 1750 2146 1754 2157 1580"/></Shape></Glyph><Glyph ID="char_119" CONTENT="כ" GC="1.0"><Shape><Polygon POINTS="2052 1573 2041 1747 2087 1750 2098 1576"/></Shape></Glyph><Glyph ID="char_120" CONTENT="ן" GC="1.0"><Shape><Polygon POINTS="2028 1572 2017 1746 2041 1747 2052 1573"/></Shape></Glyph><Glyph ID="char_121" CONTENT=" " GC="1.0"><Shape><Polygon POINTS="1993 1570 1982 1743 2017 1746 2028 1572"/></Shape></Glyph><Glyph ID="char_122" CONTENT="ו" GC="1.0"><Shape><Polygon POINTS="1955 1568 1949 1742 1982 1743 1993 1570"/></Shape></Glyph><Glyph ID="char_123" CONTENT="י" GC="1.0"><Shape><Polygon POINTS="1909 1566 1903 1740 1949 1742 1955 1568"/></Shape></Glyph><Glyph ID="char_124" CONTENT="א" GC="1.0"><Shape><Polygon POINTS="1850 1564 1844 1739 1903 1740 1909 1566"/></Shape></Glyph><Glyph ID="char_125" CONTENT="מ" GC="1.0"><Shape><Polygon POINTS="1792 1563 1786 1737 1844 1739 1850 1564"/></Shape></Glyph><Glyph ID="char_126" CONTENT="ר" GC="1.0"><Shape><Polygon POINTS="1757 1562 1751 1736 1786 1737 1792 1563"/></Shape></Glyph><Glyph ID="char_127" CONTENT="ו" GC="1.0"><Shape><Polygon POINTS="1652 1559 1647 1733 1751 1736 1757 1562"/></Shape></Glyph><Glyph ID="char_128" CONTENT=" " GC="1.0"><Shape><Polygon POINTS="1551 1555 1539 1729 1647 1733 1652 1559"/></Shape></Glyph><Glyph ID="char_129" CONTENT="ש" GC="1.0"><Shape><Polygon POINTS="1516 1552 1504 1726 1539 1729 1551 1555"/></Shape></Glyph><Glyph ID="char_130" CONTENT=" " GC="1.0"><Shape><Polygon POINTS="1470 1549 1457 1723 1504 1726 1516 1552"/></Shape></Glyph><Glyph ID="char_131" CONTENT="א" GC="1.0"><Shape><Polygon POINTS="1371 1546 1367 1720 1457 1723 1470 1549"/></Shape></Glyph><Glyph ID="char_132" CONTENT=" " GC="1.0"><Shape><Polygon POINTS="1299 1539 1280 1712 1367 1720 1371 1546"/></Shape></Glyph><Glyph ID="char_133" CONTENT="א" GC="1.0"><Shape><Polygon POINTS="1264 1535 1245 1708 1280 1712 1299 1539"/></Shape></Glyph><Glyph ID="char_134" CONTENT="ח" GC="1.0"><Shape><Polygon POINTS="1217 1530 1198 1703 1245 1708 1264 1535"/></Shape></Glyph><Glyph ID="char_135" CONTENT="י" GC="1.0"><Shape><Polygon POINTS="1183 1526 1163 1699 1198 1703 1217 1530"/></Shape></Glyph><Glyph ID="char_136" CONTENT="ו" GC="1.0"><Shape><Polygon POINTS="1148 1522 1129 1695 1163 1699 1183 1526"/></Shape></Glyph><Glyph ID="char_137" CONTENT=" " GC="1.0"><Shape><Polygon POINTS="1102 1517 1083 1690 1129 1695 1148 1522"/></Shape></Glyph><Glyph ID="char_138" CONTENT="א" GC="1.0"><Shape><Polygon POINTS="1043 1511 1024 1683 1083 1690 1102 1517"/></Shape></Glyph><Glyph ID="char_139" CONTENT=" " GC="1.0"><Shape><Polygon POINTS="974 1503 955 1676 1024 1683 1043 1511"/></Shape></Glyph><Glyph ID="char_140" CONTENT="ל" GC="1.0"><Shape><Polygon POINTS="916 1497 897 1669 955 1676 974 1503"/></Shape></Glyph><Glyph ID="char_141" CONTENT=" " GC="1.0"><Shape><Polygon POINTS="899 1495 869 1666 897 1669 916 1497"/></Shape></Glyph><Glyph ID="char_142" CONTENT="א" GC="1.0"><Shape><Polygon POINTS="854 1488 824 1656 869 1666 899 1495"/></Shape></Glyph><Glyph ID="char_143" CONTENT="ש" GC="1.0"><Shape><Polygon POINTS="793 1483 806 1657 824 1656 854 1488"/></Shape></Glyph><Glyph ID="char_144" CONTENT=" " GC="1.0"><Shape><Polygon POINTS="758 1486 771 1660 806 1657 793 1483"/></Shape></Glyph></String>
          </TextLine>

          
          
          <TextLine ID="eSc_line_1791189" BASELINE="710 1731 748 1754 1010 1813 1093 1810 1145 1815 1325 1819 1702 1824 1986 1840 2311 1846 2496 1860 2685 1860 2751 1864" HPOS="673.0" VPOS="1641.0" WIDTH="2084.0" HEIGHT="292.0">
            <Shape><Polygon POINTS="764 1641 802 1664 1032 1711 1089 1705 1154 1711 1327 1714 1703 1719 1991 1735 2312 1741 2503 1755 2685 1755 2757 1759 2746 1933 2685 1929 2490 1929 2309 1915 1982 1909 1701 1893 1323 1888 1138 1884 1095 1879 994 1880 711 1813 673 1790"/></Shape>
	    <String CONTENT="אנחנו ל אחינו אשר רא צרת ו בהת לי " HPOS="673.0" VPOS="1641.0" WIDTH="2084.0" HEIGHT="292.0"><Glyph ID="char_145" CONTENT="א" GC="1.0"><Shape><Polygon POINTS="2645 1755 2645 1929 2711 1931 2722 1757"/></Shape></Glyph><Glyph ID="char_146" CONTENT="נ" GC="1.0"><Shape><Polygon POINTS="2598 1755 2598 1929 2645 1929 2645 1755"/></Shape></Glyph><Glyph ID="char_147" CONTENT="ח" GC="1.0"><Shape><Polygon POINTS="2551 1755 2551 1929 2598 1929 2598 1755"/></Shape></Glyph><Glyph ID="char_148" CONTENT="נ" GC="1.0"><Shape><Polygon POINTS="2516 1755 2516 1929 2551 1929 2551 1755"/></Shape></Glyph><Glyph ID="char_149" CONTENT="ו" GC="1.0"><Shape><Polygon POINTS="2501 1755 2488 1929 2516 1929 2516 1755"/></Shape></Glyph><Glyph ID="char_150" CONTENT=" " GC="1.0"><Shape><Polygon POINTS="2454 1751 2441 1925 2488 1929 2501 1755"/></Shape></Glyph><Glyph ID="char_151" CONTENT="ל" GC="1.0"><Shape><Polygon POINTS="2385 1746 2371 1920 2441 1925 2454 1751"/></Shape></Glyph><Glyph ID="char_152" CONTENT=" " GC="1.0"><Shape><Polygon POINTS="2327 1742 2314 1915 2371 1920 2385 1746"/></Shape></Glyph><Glyph ID="char_153" CONTENT="א" GC="1.0"><Shape><Polygon POINTS="2274 1740 2271 1914 2314 1915 2327 1742"/></Shape></Glyph><Glyph ID="char_154" CONTENT="ח" GC="1.0"><Shape><Polygon POINTS="2227 1739 2224 1913 2271 1914 2274 1740"/></Shape></Glyph><Glyph ID="char_155" CONTENT="י" GC="1.0"><Shape><Polygon POINTS="2204 1739 2201 1913 2224 1913 2227 1739"/></Shape></Glyph><Glyph ID="char_156" CONTENT="נ" GC="1.0"><Shape><Polygon POINTS="2146 1738 2143 1912 2201 1913 2204 1739"/></Shape></Glyph><Glyph ID="char_157" CONTENT="ו" GC="1.0"><Shape><Polygon POINTS="2110 1737 2107 1911 2143 1912 2146 1738"/></Shape></Glyph><Glyph ID="char_158" CONTENT=" " GC="1.0"><Shape><Polygon POINTS="2064 1736 2061 1910 2107 1911 2110 1737"/></Shape></Glyph><Glyph ID="char_159" CONTENT="א" GC="1.0"><Shape><Polygon POINTS="2005 1735 2002 1909 2061 1910 2064 1736"/></Shape></Glyph><Glyph ID="char_160" CONTENT="ש" GC="1.0"><Shape><Polygon POINTS="1939 1732 1929 1906 2002 1909 2005 1735"/></Shape></Glyph><Glyph ID="char_161" CONTENT="ר" GC="1.0"><Shape><Polygon POINTS="1881 1729 1871 1903 1929 1906 1939 1732"/></Shape></Glyph><Glyph ID="char_162" CONTENT=" " GC="1.0"><Shape><Polygon POINTS="1846 1727 1836 1901 1871 1903 1881 1729"/></Shape></Glyph><Glyph ID="char_163" CONTENT="ר" GC="1.0"><Shape><Polygon POINTS="1799 1724 1789 1898 1836 1901 1846 1727"/></Shape></Glyph><Glyph ID="char_164" CONTENT="א" GC="1.0"><Shape><Polygon POINTS="1717 1720 1707 1893 1789 1898 1799 1724"/></Shape></Glyph><Glyph ID="char_165" CONTENT=" " GC="1.0"><Shape><Polygon POINTS="1608 1718 1605 1892 1707 1893 1717 1720"/></Shape></Glyph><Glyph ID="char_166" CONTENT="צ" GC="1.0"><Shape><Polygon POINTS="1550 1717 1547 1891 1605 1892 1608 1718"/></Shape></Glyph><Glyph ID="char_167" CONTENT="ר" GC="1.0"><Shape><Polygon POINTS="1503 1716 1500 1890 1547 1891 1550 1717"/></Shape></Glyph><Glyph ID="char_168" CONTENT="ת" GC="1.0"><Shape><Polygon POINTS="1398 1715 1395 1889 1500 1890 1503 1716"/></Shape></Glyph><Glyph ID="char_169" CONTENT=" " GC="1.0"><Shape><Polygon POINTS="1282 1713 1278 1887 1395 1889 1398 1715"/></Shape></Glyph><Glyph ID="char_170" CONTENT="ו" GC="1.0"><Shape><Polygon POINTS="1235 1712 1231 1886 1278 1887 1282 1713"/></Shape></Glyph><Glyph ID="char_171" CONTENT=" " GC="1.0"><Shape><Polygon POINTS="1200 1712 1196 1885 1231 1886 1235 1712"/></Shape></Glyph><Glyph ID="char_172" CONTENT="ב" GC="1.0"><Shape><Polygon POINTS="1149 1711 1133 1883 1196 1885 1200 1712"/></Shape></Glyph><Glyph ID="char_173" CONTENT="ה" GC="1.0"><Shape><Polygon POINTS="1078 1706 1084 1879 1133 1883 1149 1711"/></Shape></Glyph><Glyph ID="char_174" CONTENT="ת" GC="1.0"><Shape><Polygon POINTS="1019 1708 1025 1880 1084 1879 1078 1706"/></Shape></Glyph><Glyph ID="char_175" CONTENT=" " GC="1.0"><Shape><Polygon POINTS="896 1683 859 1848 1025 1880 1019 1708"/></Shape></Glyph><Glyph ID="char_176" CONTENT="ל" GC="1.0"><Shape><Polygon POINTS="794 1659 702 1808 859 1848 896 1683"/></Shape></Glyph><Glyph ID="char_177" CONTENT="י" GC="1.0"><Shape><Polygon POINTS="709 1730 738 1748"/></Shape></Glyph><Glyph ID="char_178" CONTENT=" " GC="1.0"><Shape><Polygon POINTS="709 1730 709 1730"/></Shape></Glyph></String>
          </TextLine>

          
          
          <TextLine ID="eSc_line_1791184" BASELINE="724 1916 1064 1955 1177 1970 1303 1979 1531 1986 1657 1986 1831 1997 2248 2011 2466 2011 2755 2018" HPOS="716.0" VPOS="1812.0" WIDTH="2041.0" HEIGHT="275.0">
            <Shape><Polygon POINTS="735 1812 1075 1851 1190 1866 1310 1874 1534 1881 1657 1881 1837 1892 2251 1906 2466 1906 2757 1913 2753 2087 2466 2080 2245 2080 1826 2066 1657 2055 1528 2055 1298 2048 1167 2038 1056 2024 716 1985"/></Shape>
	    <String CONTENT="על כ ב ה אל נו הצרה ת ו אתם רא " HPOS="716.0" VPOS="1812.0" WIDTH="2041.0" HEIGHT="275.0"><Glyph ID="char_179" CONTENT="ע" GC="1.0"><Shape><Polygon POINTS="2651 1910 2647 2084 2729 2086 2733 1912"/></Shape></Glyph><Glyph ID="char_180" CONTENT="ל" GC="1.0"><Shape><Polygon POINTS="2592 1909 2588 2083 2647 2084 2651 1910"/></Shape></Glyph><Glyph ID="char_181" CONTENT=" " GC="1.0"><Shape><Polygon POINTS="2569 1908 2565 2082 2588 2083 2592 1909"/></Shape></Glyph><Glyph ID="char_182" CONTENT="כ" GC="1.0"><Shape><Polygon POINTS="2534 1908 2530 2082 2565 2082 2569 1908"/></Shape></Glyph><Glyph ID="char_183" CONTENT=" " GC="1.0"><Shape><Polygon POINTS="2499 1907 2495 2081 2530 2082 2534 1908"/></Shape></Glyph><Glyph ID="char_184" CONTENT="ב" GC="1.0"><Shape><Polygon POINTS="2438 1906 2438 2080 2495 2081 2499 1907"/></Shape></Glyph><Glyph ID="char_185" CONTENT=" " GC="1.0"><Shape><Polygon POINTS="2368 1906 2368 2080 2438 2080 2438 1906"/></Shape></Glyph><Glyph ID="char_186" CONTENT="ה" GC="1.0"><Shape><Polygon POINTS="2310 1906 2310 2080 2368 2080 2368 1906"/></Shape></Glyph><Glyph ID="char_187" CONTENT=" " GC="1.0"><Shape><Polygon POINTS="2263 1906 2263 2080 2310 2080 2310 1906"/></Shape></Glyph><Glyph ID="char_188" CONTENT="א" GC="1.0"><Shape><Polygon POINTS="2219 1905 2213 2079 2263 2080 2263 1906"/></Shape></Glyph><Glyph ID="char_189" CONTENT="ל" GC="1.0"><Shape><Polygon POINTS="2161 1903 2155 2077 2213 2079 2219 1905"/></Shape></Glyph><Glyph ID="char_190" CONTENT=" " GC="1.0"><Shape><Polygon POINTS="2125 1902 2119 2076 2155 2077 2161 1903"/></Shape></Glyph><Glyph ID="char_191" CONTENT="נ" GC="1.0"><Shape><Polygon POINTS="2090 1901 2084 2075 2119 2076 2125 1902"/></Shape></Glyph><Glyph ID="char_192" CONTENT="ו" GC="1.0"><Shape><Polygon POINTS="2055 1899 2049 2073 2084 2075 2090 1901"/></Shape></Glyph><Glyph ID="char_193" CONTENT=" " GC="1.0"><Shape><Polygon POINTS="2008 1898 2002 2072 2049 2073 2055 1899"/></Shape></Glyph><Glyph ID="char_194" CONTENT="ה" GC="1.0"><Shape><Polygon POINTS="1950 1896 1945 2070 2002 2072 2008 1898"/></Shape></Glyph><Glyph ID="char_195" CONTENT="צ" GC="1.0"><Shape><Polygon POINTS="1903 1894 1898 2068 1945 2070 1950 1896"/></Shape></Glyph><Glyph ID="char_196" CONTENT="ר" GC="1.0"><Shape><Polygon POINTS="1845 1892 1840 2066 1898 2068 1903 1894"/></Shape></Glyph><Glyph ID="char_197" CONTENT="ה" GC="1.0"><Shape><Polygon POINTS="1732 1886 1721 2059 1840 2066 1845 1892"/></Shape></Glyph><Glyph ID="char_198" CONTENT=" " GC="1.0"><Shape><Polygon POINTS="1608 1881 1608 2055 1721 2059 1732 1886"/></Shape></Glyph><Glyph ID="char_199" CONTENT="ת" GC="1.0"><Shape><Polygon POINTS="1549 1881 1549 2055 1608 2055 1608 1881"/></Shape></Glyph><Glyph ID="char_200" CONTENT=" " GC="1.0"><Shape><Polygon POINTS="1517 1880 1512 2055 1549 2055 1549 1881"/></Shape></Glyph><Glyph ID="char_201" CONTENT="ו" GC="1.0"><Shape><Polygon POINTS="1425 1878 1419 2052 1512 2055 1517 1880"/></Shape></Glyph><Glyph ID="char_202" CONTENT=" " GC="1.0"><Shape><Polygon POINTS="1308 1874 1302 2048 1419 2052 1425 1878"/></Shape></Glyph><Glyph ID="char_203" CONTENT="א" GC="1.0"><Shape><Polygon POINTS="1242 1869 1230 2043 1302 2048 1308 1874"/></Shape></Glyph><Glyph ID="char_204" CONTENT="ת" GC="1.0"><Shape><Polygon POINTS="1178 1864 1155 2036 1230 2043 1242 1869"/></Shape></Glyph><Glyph ID="char_205" CONTENT="ם" GC="1.0"><Shape><Polygon POINTS="1132 1858 1109 2031 1155 2036 1178 1864"/></Shape></Glyph><Glyph ID="char_206" CONTENT=" " GC="1.0"><Shape><Polygon POINTS="1085 1852 1062 2025 1109 2031 1132 1858"/></Shape></Glyph><Glyph ID="char_207" CONTENT="ר" GC="1.0"><Shape><Polygon POINTS="1037 1847 1017 2020 1062 2025 1085 1852"/></Shape></Glyph><Glyph ID="char_208" CONTENT="א" GC="1.0"><Shape><Polygon POINTS="979 1840 959 2013 1017 2020 1037 1847"/></Shape></Glyph><Glyph ID="char_209" CONTENT=" " GC="1.0"><Shape><Polygon POINTS="828 1823 808 1996 959 2013 979 1840"/></Shape></Glyph></String>
          </TextLine>

          
          
          <TextLine ID="eSc_line_1791187" BASELINE="1102 2139 1341 2151 2306 2185 2417 2185 2557 2173" HPOS="1098.0" VPOS="2034.0" WIDTH="1464.0" HEIGHT="220.0">
            <Shape><Polygon POINTS="1107 2034 1346 2046 2309 2080 2417 2080 2548 2068 2562 2242 2417 2254 2303 2254 1337 2220 1098 2208"/></Shape>
	    <String CONTENT=" אליכם ל ת ו בי " HPOS="1098.0" VPOS="2034.0" WIDTH="1464.0" HEIGHT="220.0"><Glyph ID="char_210" CONTENT=" " GC="1.0"><Shape><Polygon POINTS="2392 2080 2392 2254 2504 2247 2489 2073"/></Shape></Glyph><Glyph ID="char_211" CONTENT="א" GC="1.0"><Shape><Polygon POINTS="2345 2080 2345 2254 2392 2254 2392 2080"/></Shape></Glyph><Glyph ID="char_212" CONTENT="ל" GC="1.0"><Shape><Polygon POINTS="2302 2080 2296 2254 2345 2254 2345 2080"/></Shape></Glyph><Glyph ID="char_213" CONTENT="י" GC="1.0"><Shape><Polygon POINTS="2255 2078 2249 2252 2296 2254 2302 2080"/></Shape></Glyph><Glyph ID="char_214" CONTENT="כ" GC="1.0"><Shape><Polygon POINTS="2197 2076 2191 2250 2249 2252 2255 2078"/></Shape></Glyph><Glyph ID="char_215" CONTENT="ם" GC="1.0"><Shape><Polygon POINTS="2138 2074 2132 2248 2191 2250 2197 2076"/></Shape></Glyph><Glyph ID="char_216" CONTENT=" " GC="1.0"><Shape><Polygon POINTS="2079 2072 2073 2246 2132 2248 2138 2074"/></Shape></Glyph><Glyph ID="char_217" CONTENT="ל" GC="1.0"><Shape><Polygon POINTS="1950 2067 1944 2241 2073 2246 2079 2072"/></Shape></Glyph><Glyph ID="char_218" CONTENT=" " GC="1.0"><Shape><Polygon POINTS="1844 2064 1838 2238 1944 2241 1950 2067"/></Shape></Glyph><Glyph ID="char_219" CONTENT="ת" GC="1.0"><Shape><Polygon POINTS="1774 2061 1768 2235 1838 2238 1844 2064"/></Shape></Glyph><Glyph ID="char_220" CONTENT=" " GC="1.0"><Shape><Polygon POINTS="1562 2054 1556 2228 1768 2235 1774 2061"/></Shape></Glyph><Glyph ID="char_221" CONTENT="ו" GC="1.0"><Shape><Polygon POINTS="1386 2047 1380 2222 1556 2228 1562 2054"/></Shape></Glyph><Glyph ID="char_222" CONTENT=" " GC="1.0"><Shape><Polygon POINTS="1341 2046 1332 2220 1380 2222 1386 2047"/></Shape></Glyph><Glyph ID="char_223" CONTENT="ב" GC="1.0"><Shape><Polygon POINTS="1294 2043 1285 2217 1332 2220 1341 2046"/></Shape></Glyph><Glyph ID="char_224" CONTENT="י" GC="1.0"><Shape><Polygon POINTS="1213 2039 1203 2213 1285 2217 1294 2043"/></Shape></Glyph><Glyph ID="char_225" CONTENT=" " GC="1.0"><Shape><Polygon POINTS="1119 2035 1109 2209 1203 2213 1213 2039"/></Shape></Glyph></String>
          </TextLine>

          
        </TextBlock>
        

        
        <TextBlock ID="eSc_dummyblock_">
          
          
          <TextLine ID="eSc_line_7ce29bf5" BASELINE="1030 575 1249 575" HPOS="1030" VPOS="493" WIDTH="214" HEIGHT="140">
            <Shape><Polygon POINTS="1030 575 1035 507 1059 493 1095 493 1134 516 1190 516 1206 500 1244 516 1244 633 1213 633 1181 613 1159 615 1136 633 1093 633 1059 611 1035 611"/></Shape>
	    <String CONTENT="" HPOS="1030" VPOS="493" WIDTH="214" HEIGHT="140"/>
          </TextLine>

          
          
          <TextLine ID="eSc_line_9a984895" BASELINE="836 746 1258 762" HPOS="836" VPOS="631" WIDTH="422" HEIGHT="201">
            <Shape><Polygon POINTS="836 746 841 669 886 671 933 631 960 656 994 647 1041 674 1062 665 1100 681 1141 649 1168 658 1204 638 1258 640 1249 829 1231 832 1208 818 1183 829 1136 816 1118 823 1100 811 1048 820 1017 802 969 802 924 820 836 818"/></Shape>
	    <String CONTENT="" HPOS="836" VPOS="631" WIDTH="422" HEIGHT="201"/>
          </TextLine>

          
          
          <TextLine ID="eSc_line_fbacd129" BASELINE="789 920 2550 1021" HPOS="789" VPOS="868" WIDTH="1761" HEIGHT="209">
            <Shape><Polygon POINTS="789 920 796 868 816 868 998 879 1050 897 1091 883 1125 902 1150 892 1165 904 1204 892 1215 902 1228 892 1285 895 1343 917 1359 908 1422 947 1445 949 1465 938 1488 951 1560 956 2072 985 2146 967 2218 976 2241 967 2257 974 2293 953 2345 956 2435 965 2487 1007 2539 1010 2550 1021 2541 1050 2525 1059 2507 1057 2462 1077 2446 1066 2426 1077 2392 1077 2273 1071 2205 1026 2189 1032 2144 1005 2079 996 1592 969 1555 976 1528 965 1454 974 1425 962 1359 996 1314 978 1274 978 1217 1010 983 996 942 983 908 992 865 958 825 976 789 976"/></Shape>
	    <String CONTENT="" HPOS="789" VPOS="868" WIDTH="1761" HEIGHT="209"/>
          </TextLine>

          
          
          <TextLine ID="eSc_line_c1086d50" BASELINE="881 1071 1546 1152 1779 1154 2209 1188 2802 1215" HPOS="881" VPOS="1014" WIDTH="1921" HEIGHT="278">
            <Shape><Polygon POINTS="881 1071 892 1028 944 1014 974 1032 998 1030 1023 1048 1050 1037 1077 1053 1125 1037 1235 1059 1280 1053 1307 1037 1382 1044 1483 1109 1648 1122 1749 1071 1817 1109 1835 1109 1867 1136 1900 1120 1937 1118 1955 1134 2002 1138 2038 1154 2194 1168 2295 1132 2304 1138 2333 1127 2390 1138 2428 1120 2448 1129 2469 1122 2733 1145 2771 1172 2796 1172 2802 1215 2791 1283 2764 1280 2742 1292 2710 1274 2692 1283 2658 1260 2622 1267 2570 1233 2550 1231 2370 1217 2318 1240 2288 1226 2200 1240 2164 1213 2146 1217 2106 1197 2034 1233 1975 1235 1885 1195 1813 1208 1783 1197 1756 1201 1738 1186 1702 1199 1670 1174 1650 1183 1601 1154 1537 1156 1438 1141 1350 1179 1321 1181 1289 1163 1267 1172 1231 1163 1210 1174 949 1152 906 1118 883 1113"/></Shape>
	    <String CONTENT="" HPOS="881" VPOS="1014" WIDTH="1921" HEIGHT="278"/>
          </TextLine>

          
          
          <TextLine ID="eSc_line_cd90b414" BASELINE="953 1262 2101 1350 2699 1366" HPOS="953" VPOS="1219" WIDTH="1746" HEIGHT="224">
            <Shape><Polygon POINTS="953 1262 960 1219 989 1219 1021 1222 1050 1237 1109 1231 1161 1247 1215 1235 1287 1253 1312 1242 1366 1244 1398 1249 1445 1280 1490 1274 1510 1285 1531 1276 1542 1287 1571 1289 1648 1294 1670 1285 1698 1294 1774 1271 1815 1294 1860 1278 1889 1280 1934 1312 1968 1301 1993 1312 2045 1305 2085 1323 2187 1330 2216 1316 2284 1330 2304 1321 2331 1339 2426 1346 2473 1334 2509 1348 2575 1325 2629 1328 2687 1350 2699 1366 2690 1407 2660 1407 2629 1427 2588 1409 2543 1422 2521 1407 2455 1443 2257 1429 2209 1413 2171 1422 2144 1400 2110 1402 2090 1418 1943 1409 1900 1398 1867 1375 1840 1384 1831 1375 1781 1393 1761 1375 1711 1375 1632 1337 1519 1339 1483 1328 1341 1319 1298 1346 1258 1312 1190 1307 1156 1330 1134 1332 1095 1332 1075 1319 987 1334 956 1323"/></Shape>
	    <String CONTENT="" HPOS="953" VPOS="1219" WIDTH="1746" HEIGHT="224"/>
          </TextLine>

          
          
          <TextLine ID="eSc_line_93647b36" BASELINE="825 1411 1240 1461 1641 1479 1896 1504 2370 1519 2669 1510" HPOS="825" VPOS="1371" WIDTH="1844" HEIGHT="232">
            <Shape><Polygon POINTS="825 1411 834 1371 854 1382 888 1373 920 1384 956 1380 1001 1402 1048 1402 1073 1391 1190 1418 1271 1395 1492 1407 1558 1449 1716 1458 1781 1452 1840 1465 1855 1454 1889 1463 1932 1463 1943 1454 2009 1470 2052 1461 2097 1479 2151 1461 2191 1470 2209 1486 2291 1490 2349 1465 2383 1490 2394 1486 2415 1497 2487 1470 2514 1488 2593 1468 2660 1470 2669 1510 2658 1603 2627 1603 2568 1587 2550 1598 2419 1592 2347 1544 2295 1540 2137 1533 2090 1560 2074 1553 2018 1564 1997 1553 1977 1567 1925 1564 1882 1546 1849 1560 1727 1553 1634 1504 1553 1504 1506 1535 1479 1535 1452 1517 1395 1524 1359 1510 1314 1519 1262 1492 1213 1515 1183 1490 1159 1497 1059 1472 1010 1481 985 1470 958 1486 908 1470 856 1504 825 1504"/></Shape>
	    <String CONTENT="" HPOS="825" VPOS="1371" WIDTH="1844" HEIGHT="232"/>
          </TextLine>

          
          
          <TextLine ID="eSc_line_594744b6" BASELINE="748 1583 1332 1648 1968 1670 2358 1695 2545 1718 2744 1713" HPOS="748" VPOS="1540" WIDTH="1996" HEIGHT="259">
            <Shape><Polygon POINTS="748 1583 757 1540 780 1540 931 1551 983 1592 1046 1596 1154 1603 1170 1594 1192 1605 1213 1592 1249 1607 1278 1594 1294 1603 1334 1589 1377 1612 1411 1603 1434 1619 1537 1596 1594 1632 1675 1637 1734 1619 1752 1634 1804 1625 1833 1637 1858 1630 1921 1655 1948 1641 2000 1637 2024 1652 2081 1634 2117 1652 2182 1639 2250 1670 2286 1664 2318 1643 2415 1650 2455 1657 2550 1698 2696 1707 2737 1688 2744 1713 2730 1799 2706 1799 2676 1797 2604 1761 2471 1756 2439 1767 2372 1745 2288 1740 2252 1749 2236 1738 2205 1754 2137 1740 2115 1749 2061 1731 1986 1740 1937 1716 1905 1734 1869 1718 1792 1725 1761 1711 1628 1720 1567 1693 1504 1716 1472 1716 1305 1704 1269 1688 1251 1700 1210 1698 1152 1675 1075 1682 998 1652 841 1673 786 1639 766 1637 748 1648"/></Shape>
	    <String CONTENT="" HPOS="748" VPOS="1540" WIDTH="1996" HEIGHT="259"/>
          </TextLine>

          
          
          <TextLine ID="eSc_line_20cd7362" BASELINE="710 1734 838 1774 1023 1810 1673 1819 2757 1864" HPOS="710" VPOS="1734" WIDTH="2047" HEIGHT="200">
            <Shape><Polygon POINTS="710 1734 856 1736 920 1767 965 1761 1014 1770 1059 1745 1080 1745 1136 1747 1172 1767 1249 1781 1280 1770 1307 1783 1359 1783 1404 1767 1497 1767 1535 1790 1693 1799 1738 1783 1770 1799 1813 1781 1846 1792 1887 1788 1905 1799 1946 1797 1968 1783 2022 1783 2047 1797 2079 1785 2115 1806 2167 1790 2198 1808 2282 1806 2311 1819 2379 1808 2419 1828 2579 1835 2658 1817 2676 1831 2701 1822 2751 1835 2757 1864 2746 1934 2712 1934 2656 1919 2624 1930 2500 1925 2464 1905 2451 1914 2415 1891 2365 1882 2286 1880 2218 1914 2144 1912 2090 1909 2004 1869 1824 1898 1754 1858 1594 1853 1537 1876 1477 1878 1449 1869 1411 1878 1398 1869 1380 1873 1357 1855 1321 1869 1310 1862 1258 1871 1224 1858 1201 1869 1145 1851 1091 1860 1046 1846 1023 1828 978 1826 920 1824 904 1833 856 1822 775 1855 712 1853"/></Shape>
	    <String CONTENT="" HPOS="710" VPOS="1734" WIDTH="2047" HEIGHT="200"/>
          </TextLine>

          
          
          <TextLine ID="eSc_line_97e3a95d" BASELINE="726 1909 1219 1973 2124 2006 2751 2015" HPOS="726" VPOS="1903" WIDTH="2025" HEIGHT="171">
            <Shape><Polygon POINTS="726 1909 789 1903 811 1912 825 1903 922 1934 960 1937 1039 1916 1084 1937 1143 1921 1204 1943 1258 1950 1316 1937 1355 1955 1637 1968 1677 1968 1731 1946 1745 1952 1790 1941 1833 1950 1851 1941 1941 1961 2006 1948 2169 1955 2205 1970 2232 1966 2279 1993 2370 1966 2415 1975 2437 1968 2462 1979 2480 1970 2530 1982 2552 1973 2606 1975 2665 1982 2706 2000 2744 1993 2751 2015 2742 2063 2656 2067 2627 2058 2595 2074 2566 2056 2473 2067 2435 2063 2408 2047 2322 2045 2255 2072 2207 2049 2126 2061 2112 2052 2090 2061 2043 2038 1993 2067 1950 2054 1932 2063 1873 2063 1824 2038 1792 2043 1756 2020 1738 2029 1679 2013 1639 2013 1564 2038 1510 2009 1436 2002 1377 2011 1328 2036 1294 2036 1256 2034 1237 2020 1222 2031 1113 2027 1077 2004 989 1995 953 2011 933 2002 904 2018 764 2011 728 1988"/></Shape>
	    <String CONTENT="" HPOS="726" VPOS="1903" WIDTH="2025" HEIGHT="171"/>
          </TextLine>

          
          
          <TextLine ID="eSc_line_69aee89b" BASELINE="1102 2137 2191 2180 2554 2173" HPOS="1102" VPOS="2099" WIDTH="1452" HEIGHT="180">
            <Shape><Polygon POINTS="1102 2137 1104 2128 1179 2099 1210 2099 1312 2103 1323 2112 1343 2103 1375 2108 1427 2135 1445 2121 1492 2121 1515 2139 1569 2117 1619 2126 1630 2119 1643 2130 1682 2117 1729 2149 1952 2158 2061 2158 2074 2146 2106 2162 2137 2139 2162 2137 2200 2155 2216 2144 2248 2153 2275 2144 2329 2164 2388 2142 2437 2155 2482 2142 2541 2167 2550 2162 2554 2173 2548 2214 2444 2212 2376 2270 2313 2279 2270 2264 2248 2277 2151 2275 2063 2198 1882 2191 1794 2189 1761 2214 1740 2209 1695 2243 1619 2257 1596 2243 1571 2245 1551 2232 1506 2225 1438 2236 1332 2225 1301 2236 1260 2232 1247 2243 1197 2241 1186 2230 1168 2239 1102 2239"/></Shape>
	    <String CONTENT="" HPOS="1102" VPOS="2099" WIDTH="1452" HEIGHT="180"/>
          </TextLine>

          
        </TextBlock>
        
      </PrintSpace>
    </Page>
  </Layout>
</alto>