<?xml version='1.0' encoding='UTF-8'?>
<alto xmlns:xsi="http://www.w3.org/2001/XMLSchema-instance" xmlns="http://www.loc.gov/standards/alto/ns-v4#" xsi:schemaLocation="http://www.loc.gov/standards/alto/ns-v4# http://www.loc.gov/standards/alto/v4/alto-4-2.xsd">
  <Description>
    <MeasurementUnit>pixel</MeasurementUnit>
    <sourceImageInformation>
      <fileName>P1079-Fg001-R-C01-R01-D29072013-T124003-LR924_012.jpg</fileName>
      
    </sourceImageInformation>
  </Description>
  
  <Tags>
    <OtherTag ID="BT1443" LABEL="Parchment_or_papyrus" DESCRIPTION="block type Parchment_or_papyrus"/><OtherTag ID="BT2" LABEL="Main" DESCRIPTION="block type Main"/>
    
  </Tags>
  
  <Layout>
    <Page WIDTH="3608" HEIGHT="2706" PHYSICAL_IMG_NR="365" ID="eSc_dummypage_">
      <PrintSpace HPOS="0" VPOS="0" WIDTH="3608" HEIGHT="2706">
        
        <TextBlock HPOS="1022.0" VPOS="1133.0" WIDTH="1725.0" HEIGHT="1075.0" ID="eSc_textblock_92d1678e" TAGREFS="BT2">
          <Shape><Polygon POINTS="1022 1133 1022 2208 2747 2208 2747 1133"/></Shape>
          
          
          <TextLine ID="eSc_line_1791204" BASELINE="1310 1251 1217 1249 2512 1231 2627 1222" HPOS="1214.0" VPOS="1115.0" WIDTH="1418.0" HEIGHT="242.0">
            <Shape><Polygon POINTS="1307 1357 1214 1355 2510 1124 2618 1115 2632 1292 2512 1302 1218 1177 1311 1179"/></Shape>
	    <String CONTENT=" על המזבח סביב והקריב מזבח השלמים " HPOS="1214.0" VPOS="1115.0" WIDTH="1418.0" HEIGHT="242.0"><Glyph ID="char_0" CONTENT=" " GC="1.0"><Shape><Polygon POINTS="2594 1117 2608 1294 2631 1292 2617 1115"/></Shape></Glyph><Glyph ID="char_1" CONTENT="ע" GC="1.0"><Shape><Polygon POINTS="2582 1118 2596 1295 2608 1294 2594 1117"/></Shape></Glyph><Glyph ID="char_2" CONTENT="ל" GC="1.0"><Shape><Polygon POINTS="2546 1121 2560 1298 2596 1295 2582 1118"/></Shape></Glyph><Glyph ID="char_3" CONTENT=" " GC="1.0"><Shape><Polygon POINTS="2511 1124 2525 1301 2560 1298 2546 1121"/></Shape></Glyph><Glyph ID="char_4" CONTENT="ה" GC="1.0"><Shape><Polygon POINTS="2482 1129 2485 1299 2525 1301 2511 1124"/></Shape></Glyph><Glyph ID="char_5" CONTENT="מ" GC="1.0"><Shape><Polygon POINTS="2435 1137 2437 1295 2485 1299 2482 1129"/></Shape></Glyph><Glyph ID="char_6" CONTENT="ז" GC="1.0"><Shape><Polygon POINTS="2399 1144 2401 1291 2437 1295 2435 1137"/></Shape></Glyph><Glyph ID="char_7" CONTENT="ב" GC="1.0"><Shape><Polygon POINTS="2363 1150 2365 1288 2401 1291 2399 1144"/></Shape></Glyph><Glyph ID="char_8" CONTENT="ח" GC="1.0"><Shape><Polygon POINTS="2328 1156 2330 1284 2365 1288 2363 1150"/></Shape></Glyph><Glyph ID="char_9" CONTENT=" " GC="1.0"><Shape><Polygon POINTS="2292 1163 2294 1281 2330 1284 2328 1156"/></Shape></Glyph><Glyph ID="char_10" CONTENT="ס" GC="1.0"><Shape><Polygon POINTS="2244 1171 2245 1276 2294 1281 2292 1163"/></Shape></Glyph><Glyph ID="char_11" CONTENT="ב" GC="1.0"><Shape><Polygon POINTS="2197 1180 2198 1272 2245 1276 2244 1171"/></Shape></Glyph><Glyph ID="char_12" CONTENT="י" GC="1.0"><Shape><Polygon POINTS="2161 1186 2162 1268 2198 1272 2197 1180"/></Shape></Glyph><Glyph ID="char_13" CONTENT="ב" GC="1.0"><Shape><Polygon POINTS="2137 1190 2138 1266 2162 1268 2161 1186"/></Shape></Glyph><Glyph ID="char_14" CONTENT=" " GC="1.0"><Shape><Polygon POINTS="2101 1197 2102 1262 2138 1266 2137 1190"/></Shape></Glyph><Glyph ID="char_15" CONTENT="ו" GC="1.0"><Shape><Polygon POINTS="2053 1205 2054 1258 2102 1262 2101 1197"/></Shape></Glyph><Glyph ID="char_16" CONTENT="ה" GC="1.0"><Shape><Polygon POINTS="2007 1214 2007 1253 2054 1258 2053 1205"/></Shape></Glyph><Glyph ID="char_17" CONTENT="ק" GC="1.0"><Shape><Polygon POINTS="1971 1220 1971 1250 2007 1253 2007 1214"/></Shape></Glyph><Glyph ID="char_18" CONTENT="ר" GC="1.0"><Shape><Polygon POINTS="1947 1224 1947 1247 1971 1250 1971 1220"/></Shape></Glyph><Glyph ID="char_19" CONTENT="י" GC="1.0"><Shape><Polygon POINTS="1911 1231 1911 1244 1947 1247 1947 1224"/></Shape></Glyph><Glyph ID="char_20" CONTENT="ב" GC="1.0"><Shape><Polygon POINTS="1840 1237 1840 1243 1911 1244 1911 1231"/></Shape></Glyph><Glyph ID="char_21" CONTENT=" " GC="1.0"><Shape><Polygon POINTS="1768 1230 1768 1256 1840 1243 1840 1237"/></Shape></Glyph><Glyph ID="char_22" CONTENT="מ" GC="1.0"><Shape><Polygon POINTS="1720 1225 1720 1265 1768 1256 1768 1230"/></Shape></Glyph><Glyph ID="char_23" CONTENT="ז" GC="1.0"><Shape><Polygon POINTS="1685 1222 1685 1271 1720 1265 1720 1225"/></Shape></Glyph><Glyph ID="char_24" CONTENT="ב" GC="1.0"><Shape><Polygon POINTS="1637 1217 1637 1280 1685 1271 1685 1222"/></Shape></Glyph><Glyph ID="char_25" CONTENT="ח" GC="1.0"><Shape><Polygon POINTS="1601 1214 1602 1286 1637 1280 1637 1217"/></Shape></Glyph><Glyph ID="char_26" CONTENT=" " GC="1.0"><Shape><Polygon POINTS="1564 1210 1566 1292 1602 1286 1601 1214"/></Shape></Glyph><Glyph ID="char_27" CONTENT="ה" GC="1.0"><Shape><Polygon POINTS="1517 1206 1519 1301 1566 1292 1564 1210"/></Shape></Glyph><Glyph ID="char_28" CONTENT="ש" GC="1.0"><Shape><Polygon POINTS="1457 1200 1459 1311 1519 1301 1517 1206"/></Shape></Glyph><Glyph ID="char_29" CONTENT="ל" GC="1.0"><Shape><Polygon POINTS="1409 1195 1411 1320 1459 1311 1457 1200"/></Shape></Glyph><Glyph ID="char_30" CONTENT="מ" GC="1.0"><Shape><Polygon POINTS="1362 1191 1364 1328 1411 1320 1409 1195"/></Shape></Glyph><Glyph ID="char_31" CONTENT="י" GC="1.0"><Shape><Polygon POINTS="1326 1187 1328 1335 1364 1328 1362 1191"/></Shape></Glyph><Glyph ID="char_32" CONTENT="ם" GC="1.0"><Shape><Polygon POINTS="1290 1184 1292 1357 1328 1335 1326 1187"/></Shape></Glyph><Glyph ID="char_33" CONTENT=" " GC="1.0"><Shape><Polygon POINTS="1248 1356 1252 1180 1292 1357 1290 1184"/></Shape></Glyph></String>
          </TextLine>

          
          
          <TextLine ID="eSc_line_1791205" BASELINE="1285 1440 1368 1447 1718 1445 1817 1449 1966 1449 2119 1445 2291 1447 2466 1440 2611 1440" HPOS="1279.0" VPOS="1333.0" WIDTH="1332.0" HEIGHT="187.0">
            <Shape><Polygon POINTS="1293 1333 1376 1340 1717 1338 1821 1342 1966 1342 2116 1338 2292 1340 2461 1333 2611 1333 2611 1511 2468 1511 2290 1518 2120 1516 1966 1520 1814 1520 1718 1516 1362 1517 1279 1510"/></Shape>
	    <String CONTENT=" עצה יסירנה וא חלב המכסה את " HPOS="1279.0" VPOS="1333.0" WIDTH="1332.0" HEIGHT="187.0"><Glyph ID="char_34" CONTENT=" " GC="1.0"><Shape><Polygon POINTS="2526 1333 2526 1511 2586 1511 2586 1333"/></Shape></Glyph><Glyph ID="char_35" CONTENT="ע" GC="1.0"><Shape><Polygon POINTS="2478 1333 2478 1511 2526 1511 2526 1333"/></Shape></Glyph><Glyph ID="char_36" CONTENT="צ" GC="1.0"><Shape><Polygon POINTS="2439 1334 2446 1512 2478 1511 2478 1333"/></Shape></Glyph><Glyph ID="char_37" CONTENT="ה" GC="1.0"><Shape><Polygon POINTS="2391 1336 2398 1514 2446 1512 2439 1334"/></Shape></Glyph><Glyph ID="char_38" CONTENT=" " GC="1.0"><Shape><Polygon POINTS="2355 1337 2362 1515 2398 1514 2391 1336"/></Shape></Glyph><Glyph ID="char_39" CONTENT="י" GC="1.0"><Shape><Polygon POINTS="2319 1339 2326 1517 2362 1515 2355 1337"/></Shape></Glyph><Glyph ID="char_40" CONTENT="ס" GC="1.0"><Shape><Polygon POINTS="2277 1340 2275 1518 2326 1517 2319 1339"/></Shape></Glyph><Glyph ID="char_41" CONTENT="י" GC="1.0"><Shape><Polygon POINTS="2229 1339 2227 1517 2275 1518 2277 1340"/></Shape></Glyph><Glyph ID="char_42" CONTENT="ר" GC="1.0"><Shape><Polygon POINTS="2194 1339 2192 1517 2227 1517 2229 1339"/></Shape></Glyph><Glyph ID="char_43" CONTENT="נ" GC="1.0"><Shape><Polygon POINTS="2158 1338 2156 1516 2192 1517 2194 1339"/></Shape></Glyph><Glyph ID="char_44" CONTENT="ה" GC="1.0"><Shape><Polygon POINTS="2122 1338 2120 1516 2156 1516 2158 1338"/></Shape></Glyph><Glyph ID="char_45" CONTENT=" " GC="1.0"><Shape><Polygon POINTS="2082 1339 2086 1517 2120 1516 2122 1338"/></Shape></Glyph><Glyph ID="char_46" CONTENT="ו" GC="1.0"><Shape><Polygon POINTS="2046 1340 2050 1518 2086 1517 2082 1339"/></Shape></Glyph><Glyph ID="char_47" CONTENT="א" GC="1.0"><Shape><Polygon POINTS="1953 1342 1953 1520 2050 1518 2046 1340"/></Shape></Glyph><Glyph ID="char_48" CONTENT=" " GC="1.0"><Shape><Polygon POINTS="1870 1342 1870 1520 1953 1520 1953 1342"/></Shape></Glyph><Glyph ID="char_49" CONTENT="ח" GC="1.0"><Shape><Polygon POINTS="1834 1342 1834 1520 1870 1520 1870 1342"/></Shape></Glyph><Glyph ID="char_50" CONTENT="ל" GC="1.0"><Shape><Polygon POINTS="1802 1341 1795 1519 1834 1520 1834 1342"/></Shape></Glyph><Glyph ID="char_51" CONTENT="ב" GC="1.0"><Shape><Polygon POINTS="1766 1340 1759 1518 1795 1519 1802 1341"/></Shape></Glyph><Glyph ID="char_52" CONTENT=" " GC="1.0"><Shape><Polygon POINTS="1730 1338 1723 1516 1759 1518 1766 1340"/></Shape></Glyph><Glyph ID="char_53" CONTENT="ה" GC="1.0"><Shape><Polygon POINTS="1678 1338 1679 1516 1723 1516 1730 1338"/></Shape></Glyph><Glyph ID="char_54" CONTENT="מ" GC="1.0"><Shape><Polygon POINTS="1630 1339 1631 1516 1679 1516 1678 1338"/></Shape></Glyph><Glyph ID="char_55" CONTENT="כ" GC="1.0"><Shape><Polygon POINTS="1570 1339 1571 1516 1631 1516 1630 1339"/></Shape></Glyph><Glyph ID="char_56" CONTENT="ס" GC="1.0"><Shape><Polygon POINTS="1510 1339 1511 1517 1571 1516 1570 1339"/></Shape></Glyph><Glyph ID="char_57" CONTENT="ה" GC="1.0"><Shape><Polygon POINTS="1474 1339 1475 1517 1511 1517 1510 1339"/></Shape></Glyph><Glyph ID="char_58" CONTENT=" " GC="1.0"><Shape><Polygon POINTS="1438 1340 1439 1517 1475 1517 1474 1339"/></Shape></Glyph><Glyph ID="char_59" CONTENT="א" GC="1.0"><Shape><Polygon POINTS="1391 1340 1392 1517 1439 1517 1438 1340"/></Shape></Glyph><Glyph ID="char_60" CONTENT="ת" GC="1.0"><Shape><Polygon POINTS="1354 1338 1337 1515 1392 1517 1391 1340"/></Shape></Glyph><Glyph ID="char_61" CONTENT=" " GC="1.0"><Shape><Polygon POINTS="1284 1439 1343 1444"/></Shape></Glyph></String>
          </TextLine>

          
          
          <TextLine ID="eSc_line_1791206" BASELINE="1256 1587 1452 1598 1619 1601 1828 1610 1997 1610 2137 1605 2309 1605 2360 1601 2500 1601" HPOS="1252.0" VPOS="1480.0" WIDTH="1248.0" HEIGHT="201.0">
            <Shape><Polygon POINTS="1261 1480 1457 1491 1620 1494 1832 1503 1997 1503 2133 1498 2309 1498 2351 1494 2500 1494 2500 1672 2365 1671 2309 1676 2139 1676 1997 1681 1824 1681 1617 1672 1448 1669 1252 1658"/></Shape>
	    <String CONTENT=" הכליות ואת הח ב אשר עליהן אשר " HPOS="1252.0" VPOS="1480.0" WIDTH="1248.0" HEIGHT="201.0"><Glyph ID="char_62" CONTENT=" " GC="1.0"><Shape><Polygon POINTS="2439 1494 2439 1672 2487 1672 2487 1494"/></Shape></Glyph><Glyph ID="char_63" CONTENT="ה" GC="1.0"><Shape><Polygon POINTS="2403 1494 2403 1671 2439 1672 2439 1494"/></Shape></Glyph><Glyph ID="char_64" CONTENT="כ" GC="1.0"><Shape><Polygon POINTS="2367 1494 2367 1671 2403 1671 2403 1494"/></Shape></Glyph><Glyph ID="char_65" CONTENT="ל" GC="1.0"><Shape><Polygon POINTS="2323 1497 2337 1674 2367 1671 2367 1494"/></Shape></Glyph><Glyph ID="char_66" CONTENT="י" GC="1.0"><Shape><Polygon POINTS="2307 1498 2307 1676 2337 1674 2323 1497"/></Shape></Glyph><Glyph ID="char_67" CONTENT="ו" GC="1.0"><Shape><Polygon POINTS="2272 1498 2272 1676 2307 1676 2307 1498"/></Shape></Glyph><Glyph ID="char_68" CONTENT="ת" GC="1.0"><Shape><Polygon POINTS="2236 1498 2236 1676 2272 1676 2272 1498"/></Shape></Glyph><Glyph ID="char_69" CONTENT=" " GC="1.0"><Shape><Polygon POINTS="2200 1498 2200 1676 2236 1676 2236 1498"/></Shape></Glyph><Glyph ID="char_70" CONTENT="ו" GC="1.0"><Shape><Polygon POINTS="2164 1498 2164 1676 2200 1676 2200 1498"/></Shape></Glyph><Glyph ID="char_71" CONTENT="א" GC="1.0"><Shape><Polygon POINTS="2113 1499 2119 1677 2164 1676 2164 1498"/></Shape></Glyph><Glyph ID="char_72" CONTENT="ת" GC="1.0"><Shape><Polygon POINTS="2077 1500 2083 1678 2119 1677 2113 1499"/></Shape></Glyph><Glyph ID="char_73" CONTENT=" " GC="1.0"><Shape><Polygon POINTS="2041 1501 2047 1679 2083 1678 2077 1500"/></Shape></Glyph><Glyph ID="char_74" CONTENT="ה" GC="1.0"><Shape><Polygon POINTS="1984 1503 1984 1681 2047 1679 2041 1501"/></Shape></Glyph><Glyph ID="char_75" CONTENT="ח" GC="1.0"><Shape><Polygon POINTS="1936 1503 1936 1681 1984 1681 1984 1503"/></Shape></Glyph><Glyph ID="char_76" CONTENT=" " GC="1.0"><Shape><Polygon POINTS="1900 1503 1900 1681 1936 1681 1936 1503"/></Shape></Glyph><Glyph ID="char_77" CONTENT="ב" GC="1.0"><Shape><Polygon POINTS="1865 1503 1865 1681 1900 1681 1900 1503"/></Shape></Glyph><Glyph ID="char_78" CONTENT=" " GC="1.0"><Shape><Polygon POINTS="1829 1503 1829 1681 1865 1681 1865 1503"/></Shape></Glyph><Glyph ID="char_79" CONTENT="א" GC="1.0"><Shape><Polygon POINTS="1798 1502 1790 1680 1829 1681 1829 1503"/></Shape></Glyph><Glyph ID="char_80" CONTENT="ש" GC="1.0"><Shape><Polygon POINTS="1738 1499 1730 1677 1790 1680 1798 1502"/></Shape></Glyph><Glyph ID="char_81" CONTENT="ר" GC="1.0"><Shape><Polygon POINTS="1702 1497 1694 1675 1730 1677 1738 1499"/></Shape></Glyph><Glyph ID="char_82" CONTENT=" " GC="1.0"><Shape><Polygon POINTS="1666 1496 1659 1674 1694 1675 1702 1497"/></Shape></Glyph><Glyph ID="char_83" CONTENT="ע" GC="1.0"><Shape><Polygon POINTS="1630 1494 1623 1672 1659 1674 1666 1496"/></Shape></Glyph><Glyph ID="char_84" CONTENT="ל" GC="1.0"><Shape><Polygon POINTS="1580 1493 1576 1671 1623 1672 1630 1494"/></Shape></Glyph><Glyph ID="char_85" CONTENT="י" GC="1.0"><Shape><Polygon POINTS="1544 1493 1540 1671 1576 1671 1580 1493"/></Shape></Glyph><Glyph ID="char_86" CONTENT="ה" GC="1.0"><Shape><Polygon POINTS="1496 1492 1492 1670 1540 1671 1544 1493"/></Shape></Glyph><Glyph ID="char_87" CONTENT="ן" GC="1.0"><Shape><Polygon POINTS="1473 1491 1469 1669 1492 1670 1496 1492"/></Shape></Glyph><Glyph ID="char_88" CONTENT=" " GC="1.0"><Shape><Polygon POINTS="1441 1490 1430 1668 1469 1669 1473 1491"/></Shape></Glyph><Glyph ID="char_89" CONTENT="א" GC="1.0"><Shape><Polygon POINTS="1405 1488 1394 1666 1430 1668 1441 1490"/></Shape></Glyph><Glyph ID="char_90" CONTENT="ש" GC="1.0"><Shape><Polygon POINTS="1345 1485 1334 1663 1394 1666 1405 1488"/></Shape></Glyph><Glyph ID="char_91" CONTENT="ר" GC="1.0"><Shape><Polygon POINTS="1297 1482 1287 1660 1334 1663 1345 1485"/></Shape></Glyph><Glyph ID="char_92" CONTENT=" " GC="1.0"><Shape><Polygon POINTS="1255 1586 1290 1588"/></Shape></Glyph></String>
          </TextLine>

          
          
          <TextLine ID="eSc_line_1791207" BASELINE="1183 1756 1510 1779 1937 1794 2110 1790 2259 1779" HPOS="1178.0" VPOS="1649.0" WIDTH="1086.0" HEIGHT="216.0">
            <Shape><Polygon POINTS="1190 1649 1517 1672 1940 1687 2107 1683 2251 1672 2264 1850 2111 1861 1934 1865 1505 1850 1178 1827"/></Shape>
	    <String CONTENT=" ה וה יר הכהן המזבחה ל " HPOS="1178.0" VPOS="1649.0" WIDTH="1086.0" HEIGHT="216.0"><Glyph ID="char_93" CONTENT=" " GC="1.0"><Shape><Polygon POINTS="2179 1678 2192 1855 2252 1851 2239 1673"/></Shape></Glyph><Glyph ID="char_94" CONTENT="ה" GC="1.0"><Shape><Polygon POINTS="2131 1681 2144 1859 2192 1855 2179 1678"/></Shape></Glyph><Glyph ID="char_95" CONTENT=" " GC="1.0"><Shape><Polygon POINTS="2100 1683 2104 1861 2144 1859 2131 1681"/></Shape></Glyph><Glyph ID="char_96" CONTENT="ו" GC="1.0"><Shape><Polygon POINTS="2064 1684 2068 1862 2104 1861 2100 1683"/></Shape></Glyph><Glyph ID="char_97" CONTENT="ה" GC="1.0"><Shape><Polygon POINTS="1992 1686 1996 1864 2068 1862 2064 1684"/></Shape></Glyph><Glyph ID="char_98" CONTENT=" " GC="1.0"><Shape><Polygon POINTS="1940 1687 1933 1865 1996 1864 1992 1686"/></Shape></Glyph><Glyph ID="char_99" CONTENT="י" GC="1.0"><Shape><Polygon POINTS="1892 1685 1885 1863 1933 1865 1940 1687"/></Shape></Glyph><Glyph ID="char_100" CONTENT="ר" GC="1.0"><Shape><Polygon POINTS="1844 1684 1837 1862 1885 1863 1892 1685"/></Shape></Glyph><Glyph ID="char_101" CONTENT=" " GC="1.0"><Shape><Polygon POINTS="1808 1682 1801 1860 1837 1862 1844 1684"/></Shape></Glyph><Glyph ID="char_102" CONTENT="ה" GC="1.0"><Shape><Polygon POINTS="1760 1681 1753 1859 1801 1860 1808 1682"/></Shape></Glyph><Glyph ID="char_103" CONTENT="כ" GC="1.0"><Shape><Polygon POINTS="1712 1679 1706 1857 1753 1859 1760 1681"/></Shape></Glyph><Glyph ID="char_104" CONTENT="ה" GC="1.0"><Shape><Polygon POINTS="1664 1677 1658 1855 1706 1857 1712 1679"/></Shape></Glyph><Glyph ID="char_105" CONTENT="ן" GC="1.0"><Shape><Polygon POINTS="1640 1676 1634 1854 1658 1855 1664 1677"/></Shape></Glyph><Glyph ID="char_106" CONTENT=" " GC="1.0"><Shape><Polygon POINTS="1592 1675 1586 1853 1634 1854 1640 1676"/></Shape></Glyph><Glyph ID="char_107" CONTENT="ה" GC="1.0"><Shape><Polygon POINTS="1532 1673 1526 1851 1586 1853 1592 1675"/></Shape></Glyph><Glyph ID="char_108" CONTENT="מ" GC="1.0"><Shape><Polygon POINTS="1488 1670 1475 1848 1526 1851 1532 1673"/></Shape></Glyph><Glyph ID="char_109" CONTENT="ז" GC="1.0"><Shape><Polygon POINTS="1453 1668 1440 1845 1475 1848 1488 1670"/></Shape></Glyph><Glyph ID="char_110" CONTENT="ב" GC="1.0"><Shape><Polygon POINTS="1417 1665 1404 1843 1440 1845 1453 1668"/></Shape></Glyph><Glyph ID="char_111" CONTENT="ח" GC="1.0"><Shape><Polygon POINTS="1357 1661 1344 1839 1404 1843 1417 1665"/></Shape></Glyph><Glyph ID="char_112" CONTENT="ה" GC="1.0"><Shape><Polygon POINTS="1309 1657 1296 1835 1344 1839 1357 1661"/></Shape></Glyph><Glyph ID="char_113" CONTENT=" " GC="1.0"><Shape><Polygon POINTS="1274 1655 1261 1833 1296 1835 1309 1657"/></Shape></Glyph><Glyph ID="char_114" CONTENT="ל" GC="1.0"><Shape><Polygon POINTS="1226 1652 1213 1829 1261 1833 1274 1655"/></Shape></Glyph><Glyph ID="char_115" CONTENT=" " GC="1.0"><Shape><Polygon POINTS="1182 1755 1217 1757"/></Shape></Glyph></String>
          </TextLine>

          
          
          <TextLine ID="eSc_line_1791208" BASELINE="1190 1909 1373 1925 1567 1932 1774 1950 1842 1950 1873 1948 1919 1937" HPOS="1183.0" VPOS="1802.0" WIDTH="752.0" HEIGHT="219.0">
            <Shape><Polygon POINTS="1199 1802 1382 1818 1570 1825 1783 1843 1842 1843 1866 1841 1894 1833 1935 2006 1877 2019 1842 2021 1767 2020 1564 2003 1366 1995 1183 1979"/></Shape>
	    <String CONTENT=" י יהוה וסמך את " HPOS="1183.0" VPOS="1802.0" WIDTH="752.0" HEIGHT="219.0"><Glyph ID="char_116" CONTENT=" " GC="1.0"><Shape><Polygon POINTS="1840 1843 1852 2020 1911 2011 1870 1840"/></Shape></Glyph><Glyph ID="char_117" CONTENT="י" GC="1.0"><Shape><Polygon POINTS="1823 1843 1823 2021 1852 2020 1840 1843"/></Shape></Glyph><Glyph ID="char_118" CONTENT=" " GC="1.0"><Shape><Polygon POINTS="1799 1843 1799 2020 1823 2021 1823 1843"/></Shape></Glyph><Glyph ID="char_119" CONTENT="י" GC="1.0"><Shape><Polygon POINTS="1761 1841 1745 2018 1799 2020 1799 1843"/></Shape></Glyph><Glyph ID="char_120" CONTENT="ה" GC="1.0"><Shape><Polygon POINTS="1713 1837 1697 2014 1745 2018 1761 1841"/></Shape></Glyph><Glyph ID="char_121" CONTENT="ו" GC="1.0"><Shape><Polygon POINTS="1665 1833 1650 2010 1697 2014 1713 1837"/></Shape></Glyph><Glyph ID="char_122" CONTENT="ה" GC="1.0"><Shape><Polygon POINTS="1617 1829 1602 2006 1650 2010 1665 1833"/></Shape></Glyph><Glyph ID="char_123" CONTENT=" " GC="1.0"><Shape><Polygon POINTS="1581 1826 1566 2003 1602 2006 1617 1829"/></Shape></Glyph><Glyph ID="char_124" CONTENT="ו" GC="1.0"><Shape><Polygon POINTS="1528 1823 1522 2001 1566 2003 1581 1826"/></Shape></Glyph><Glyph ID="char_125" CONTENT="ס" GC="1.0"><Shape><Polygon POINTS="1468 1821 1462 1999 1522 2001 1528 1823"/></Shape></Glyph><Glyph ID="char_126" CONTENT="מ" GC="1.0"><Shape><Polygon POINTS="1408 1819 1402 1996 1462 1999 1468 1821"/></Shape></Glyph><Glyph ID="char_127" CONTENT="ך" GC="1.0"><Shape><Polygon POINTS="1378 1818 1362 1995 1402 1996 1408 1819"/></Shape></Glyph><Glyph ID="char_128" CONTENT=" " GC="1.0"><Shape><Polygon POINTS="1342 1815 1326 1991 1362 1995 1378 1818"/></Shape></Glyph><Glyph ID="char_129" CONTENT="א" GC="1.0"><Shape><Polygon POINTS="1294 1810 1278 1987 1326 1991 1342 1815"/></Shape></Glyph><Glyph ID="char_130" CONTENT="ת" GC="1.0"><Shape><Polygon POINTS="1247 1806 1230 1983 1278 1987 1294 1810"/></Shape></Glyph><Glyph ID="char_131" CONTENT=" " GC="1.0"><Shape><Polygon POINTS="1189 1908 1236 1912"/></Shape></Glyph></String>
          </TextLine>

          
          
          <TextLine ID="eSc_line_1791209" BASELINE="1075 2070 1125 2070 1447 2097 1537 2099" HPOS="1075.0" VPOS="1963.0" WIDTH="464.0" HEIGHT="207.0">
            <Shape><Polygon POINTS="1075 1963 1125 1963 1455 1990 1539 1992 1535 2170 1441 2167 1125 2141 1075 2141"/></Shape>
	    <String CONTENT=" ח סביב " HPOS="1075.0" VPOS="1963.0" WIDTH="464.0" HEIGHT="207.0"><Glyph ID="char_132" CONTENT=" " GC="1.0"><Shape><Polygon POINTS="1466 1990 1462 2168 1510 2169 1514 1991"/></Shape></Glyph><Glyph ID="char_133" CONTENT="ח" GC="1.0"><Shape><Polygon POINTS="1424 1987 1409 2164 1462 2168 1466 1990"/></Shape></Glyph><Glyph ID="char_134" CONTENT=" " GC="1.0"><Shape><Polygon POINTS="1387 1984 1372 2161 1409 2164 1424 1987"/></Shape></Glyph><Glyph ID="char_135" CONTENT="ס" GC="1.0"><Shape><Polygon POINTS="1327 1980 1312 2156 1372 2161 1387 1984"/></Shape></Glyph><Glyph ID="char_136" CONTENT="ב" GC="1.0"><Shape><Polygon POINTS="1278 1976 1264 2152 1312 2156 1327 1980"/></Shape></Glyph><Glyph ID="char_137" CONTENT="י" GC="1.0"><Shape><Polygon POINTS="1243 1973 1228 2149 1264 2152 1278 1976"/></Shape></Glyph><Glyph ID="char_138" CONTENT="ב" GC="1.0"><Shape><Polygon POINTS="1206 1970 1191 2146 1228 2149 1243 1973"/></Shape></Glyph><Glyph ID="char_139" CONTENT=" " GC="1.0"><Shape><Polygon POINTS="1112 1963 1112 2141 1191 2146 1206 1970"/></Shape></Glyph></String>
          </TextLine>

          
        </TextBlock>
        

        
      </PrintSpace>
    </Page>
  </Layout>
</alto>