<?xml version='1.0' encoding='UTF-8'?>
<alto xmlns:xsi="http://www.w3.org/2001/XMLSchema-instance" xmlns="http://www.loc.gov/standards/alto/ns-v4#" xsi:schemaLocation="http://www.loc.gov/standards/alto/ns-v4# http://www.loc.gov/standards/alto/v4/alto-4-2.xsd">
  <Description>
    <MeasurementUnit>pixel</MeasurementUnit>
    <sourceImageInformation>
      <fileName>P1091-Fg016-R-C01-R01-D10022013-T102642-LR924_012.jpg</fileName>
      
    </sourceImageInformation>
  </Description>
  
  <Tags>
    <OtherTag ID="BT1443" LABEL="Parchment_or_papyrus" DESCRIPTION="block type Parchment_or_papyrus"/><OtherTag ID="BT2" LABEL="Main" DESCRIPTION="block type Main"/>
    
  </Tags>
  
  <Layout>
    <Page WIDTH="3608" HEIGHT="2706" PHYSICAL_IMG_NR="247" ID="eSc_dummypage_">
      <PrintSpace HPOS="0" VPOS="0" WIDTH="3608" HEIGHT="2706">
        
        <TextBlock HPOS="1412.0" VPOS="1133.0" WIDTH="865.0" HEIGHT="672.0" ID="eSc_textblock_8bfed82a" TAGREFS="BT2">
          <Shape><Polygon POINTS="1412 1133 1412 1805 2277 1805 2277 1133"/></Shape>
          
          
          <TextLine ID="eSc_line_1791223" BASELINE="1418 1242 1666 1262 1711 1274 1736 1274 1916 1339 1977 1332 2006 1334 2045 1346" HPOS="1412.0" VPOS="1147.0" WIDTH="660.0" HEIGHT="259.0">
            <Shape><Polygon POINTS="1425 1147 1673 1167 1735 1182 1736 1179 1948 1249 1966 1237 2012 1239 2072 1255 2026 1406 2001 1397 1984 1394 1894 1398 1736 1337 1694 1335 1660 1324 1412 1304"/></Shape>
	    <String CONTENT=" בחמתו ואמרו " HPOS="1412.0" VPOS="1147.0" WIDTH="660.0" HEIGHT="259.0"><Glyph ID="char_0" CONTENT=" " GC="1.0"><Shape><Polygon POINTS="2010 1239 1999 1397 2015 1402 2061 1252"/></Shape></Glyph><Glyph ID="char_1" CONTENT="ב" GC="1.0"><Shape><Polygon POINTS="1952 1246 1969 1395 1999 1397 2010 1239"/></Shape></Glyph><Glyph ID="char_2" CONTENT="ח" GC="1.0"><Shape><Polygon POINTS="1942 1247 1888 1396 1969 1395 1952 1246"/></Shape></Glyph><Glyph ID="char_3" CONTENT="מ" GC="1.0"><Shape><Polygon POINTS="1882 1227 1829 1373 1888 1396 1942 1247"/></Shape></Glyph><Glyph ID="char_4" CONTENT="ת" GC="1.0"><Shape><Polygon POINTS="1832 1211 1780 1354 1829 1373 1882 1227"/></Shape></Glyph><Glyph ID="char_5" CONTENT="ו" GC="1.0"><Shape><Polygon POINTS="1801 1201 1750 1342 1780 1354 1832 1211"/></Shape></Glyph><Glyph ID="char_6" CONTENT=" " GC="1.0"><Shape><Polygon POINTS="1731 1181 1731 1337 1750 1342 1801 1201"/></Shape></Glyph><Glyph ID="char_7" CONTENT="ו" GC="1.0"><Shape><Polygon POINTS="1714 1177 1673 1328 1731 1337 1731 1181"/></Shape></Glyph><Glyph ID="char_8" CONTENT="א" GC="1.0"><Shape><Polygon POINTS="1645 1165 1632 1322 1673 1328 1714 1177"/></Shape></Glyph><Glyph ID="char_9" CONTENT="מ" GC="1.0"><Shape><Polygon POINTS="1593 1161 1580 1318 1632 1322 1645 1165"/></Shape></Glyph><Glyph ID="char_10" CONTENT="ר" GC="1.0"><Shape><Polygon POINTS="1551 1157 1537 1314 1580 1318 1593 1161"/></Shape></Glyph><Glyph ID="char_11" CONTENT="ו" GC="1.0"><Shape><Polygon POINTS="1509 1154 1495 1311 1537 1314 1551 1157"/></Shape></Glyph><Glyph ID="char_12" CONTENT=" " GC="1.0"><Shape><Polygon POINTS="1446 1149 1433 1306 1495 1311 1509 1154"/></Shape></Glyph></String>
          </TextLine>

          
          
          <TextLine ID="eSc_line_1791225" BASELINE="1506 1427 1853 1454 2027 1488 2216 1546" HPOS="1501.0" VPOS="1332.0" WIDTH="742.0" HEIGHT="274.0">
            <Shape><Polygon POINTS="1513 1332 1860 1359 2045 1394 2243 1455 2197 1606 2014 1550 1848 1517 1501 1490"/></Shape>
	    <String CONTENT=" אמרו על אשר עזבו " HPOS="1501.0" VPOS="1332.0" WIDTH="742.0" HEIGHT="274.0"><Glyph ID="char_13" CONTENT=" " GC="1.0"><Shape><Polygon POINTS="2212 1446 2166 1596 2186 1603 2232 1452"/></Shape></Glyph><Glyph ID="char_14" CONTENT="א" GC="1.0"><Shape><Polygon POINTS="2182 1436 2135 1587 2166 1596 2212 1446"/></Shape></Glyph><Glyph ID="char_15" CONTENT="מ" GC="1.0"><Shape><Polygon POINTS="2131 1420 2085 1572 2135 1587 2182 1436"/></Shape></Glyph><Glyph ID="char_16" CONTENT="ר" GC="1.0"><Shape><Polygon POINTS="2090 1408 2043 1559 2085 1572 2131 1420"/></Shape></Glyph><Glyph ID="char_17" CONTENT="ו" GC="1.0"><Shape><Polygon POINTS="2070 1402 2023 1553 2043 1559 2090 1408"/></Shape></Glyph><Glyph ID="char_18" CONTENT=" " GC="1.0"><Shape><Polygon POINTS="2040 1393 2010 1549 2023 1553 2070 1402"/></Shape></Glyph><Glyph ID="char_19" CONTENT="ע" GC="1.0"><Shape><Polygon POINTS="1998 1385 1967 1541 2010 1549 2040 1393"/></Shape></Glyph><Glyph ID="char_20" CONTENT="ל" GC="1.0"><Shape><Polygon POINTS="1957 1377 1926 1533 1967 1541 1998 1385"/></Shape></Glyph><Glyph ID="char_21" CONTENT=" " GC="1.0"><Shape><Polygon POINTS="1904 1367 1874 1522 1926 1533 1957 1377"/></Shape></Glyph><Glyph ID="char_22" CONTENT="א" GC="1.0"><Shape><Polygon POINTS="1831 1357 1818 1515 1874 1522 1904 1367"/></Shape></Glyph><Glyph ID="char_23" CONTENT="ש" GC="1.0"><Shape><Polygon POINTS="1767 1352 1754 1510 1818 1515 1831 1357"/></Shape></Glyph><Glyph ID="char_24" CONTENT="ר" GC="1.0"><Shape><Polygon POINTS="1714 1348 1701 1506 1754 1510 1767 1352"/></Shape></Glyph><Glyph ID="char_25" CONTENT=" " GC="1.0"><Shape><Polygon POINTS="1693 1346 1680 1504 1701 1506 1714 1348"/></Shape></Glyph><Glyph ID="char_26" CONTENT="ע" GC="1.0"><Shape><Polygon POINTS="1650 1343 1637 1501 1680 1504 1693 1346"/></Shape></Glyph><Glyph ID="char_27" CONTENT="ז" GC="1.0"><Shape><Polygon POINTS="1608 1339 1596 1497 1637 1501 1650 1343"/></Shape></Glyph><Glyph ID="char_28" CONTENT="ב" GC="1.0"><Shape><Polygon POINTS="1565 1336 1553 1494 1596 1497 1608 1339"/></Shape></Glyph><Glyph ID="char_29" CONTENT="ו" GC="1.0"><Shape><Polygon POINTS="1534 1334 1521 1492 1553 1494 1565 1336"/></Shape></Glyph><Glyph ID="char_30" CONTENT=" " GC="1.0"><Shape><Polygon POINTS="1505 1426 1525 1427"/></Shape></Glyph></String>
          </TextLine>

          
          
          <TextLine ID="eSc_line_1791227" BASELINE="1514 1608 1761 1628 2011 1646 2139 1675" HPOS="1508.0" VPOS="1513.0" WIDTH="651.0" HEIGHT="223.0">
            <Shape><Polygon POINTS="1521 1513 1768 1533 2017 1551 2159 1582 2125 1736 2006 1709 1755 1690 1508 1670"/></Shape>
	    <String CONTENT=" מארץ מצרים ל " HPOS="1508.0" VPOS="1513.0" WIDTH="651.0" HEIGHT="223.0"><Glyph ID="char_31" CONTENT=" " GC="1.0"><Shape><Polygon POINTS="2138 1577 2103 1731 2123 1736 2158 1582"/></Shape></Glyph><Glyph ID="char_32" CONTENT="מ" GC="1.0"><Shape><Polygon POINTS="2128 1575 2093 1729 2103 1731 2138 1577"/></Shape></Glyph><Glyph ID="char_33" CONTENT="א" GC="1.0"><Shape><Polygon POINTS="2106 1571 2072 1724 2093 1729 2128 1575"/></Shape></Glyph><Glyph ID="char_34" CONTENT="ר" GC="1.0"><Shape><Polygon POINTS="2065 1562 2031 1715 2072 1724 2106 1571"/></Shape></Glyph><Glyph ID="char_35" CONTENT="ץ" GC="1.0"><Shape><Polygon POINTS="2009 1550 1998 1708 2031 1715 2065 1562"/></Shape></Glyph><Glyph ID="char_36" CONTENT=" " GC="1.0"><Shape><Polygon POINTS="1977 1548 1966 1706 1998 1708 2009 1550"/></Shape></Glyph><Glyph ID="char_37" CONTENT="מ" GC="1.0"><Shape><Polygon POINTS="1945 1546 1934 1704 1966 1706 1977 1548"/></Shape></Glyph><Glyph ID="char_38" CONTENT="צ" GC="1.0"><Shape><Polygon POINTS="1903 1543 1891 1700 1934 1704 1945 1546"/></Shape></Glyph><Glyph ID="char_39" CONTENT="ר" GC="1.0"><Shape><Polygon POINTS="1861 1540 1849 1697 1891 1700 1903 1543"/></Shape></Glyph><Glyph ID="char_40" CONTENT="י" GC="1.0"><Shape><Polygon POINTS="1818 1537 1806 1694 1849 1697 1861 1540"/></Shape></Glyph><Glyph ID="char_41" CONTENT="ם" GC="1.0"><Shape><Polygon POINTS="1775 1534 1764 1691 1806 1694 1818 1537"/></Shape></Glyph><Glyph ID="char_42" CONTENT=" " GC="1.0"><Shape><Polygon POINTS="1734 1530 1721 1687 1764 1691 1775 1534"/></Shape></Glyph><Glyph ID="char_43" CONTENT="ל" GC="1.0"><Shape><Polygon POINTS="1649 1523 1635 1680 1721 1687 1734 1530"/></Shape></Glyph><Glyph ID="char_44" CONTENT=" " GC="1.0"><Shape><Polygon POINTS="1543 1515 1530 1672 1635 1680 1649 1523"/></Shape></Glyph></String>
          </TextLine>

          
          
          <TextLine ID="eSc_line_1793614" BASELINE="1738 1770 1990 1794" HPOS="1732.0" VPOS="1675.0" WIDTH="266.0" HEIGHT="181.0">
            <Shape><Polygon POINTS="1746 1675 1998 1699 1984 1856 1732 1832"/></Shape>
	    <String CONTENT=" ל " HPOS="1732.0" VPOS="1675.0" WIDTH="266.0" HEIGHT="181.0"><Glyph ID="char_45" CONTENT=" " GC="1.0"><Shape><Polygon POINTS="1884 1688 1868 1845 1942 1852 1957 1695"/></Shape></Glyph><Glyph ID="char_46" CONTENT="ל" GC="1.0"><Shape><Polygon POINTS="1831 1683 1815 1840 1868 1845 1884 1688"/></Shape></Glyph><Glyph ID="char_47" CONTENT=" " GC="1.0"><Shape><Polygon POINTS="1767 1677 1752 1834 1815 1840 1831 1683"/></Shape></Glyph></String>
          </TextLine>

          
        </TextBlock>
        

        
      </PrintSpace>
    </Page>
  </Layout>
</alto>