<?xml version='1.0' encoding='UTF-8'?>
<alto xmlns:xsi="http://www.w3.org/2001/XMLSchema-instance" xmlns="http://www.loc.gov/standards/alto/ns-v4#" xsi:schemaLocation="http://www.loc.gov/standards/alto/ns-v4# http://www.loc.gov/standards/alto/v4/alto-4-2.xsd">
  <Description>
    <MeasurementUnit>pixel</MeasurementUnit>
    <sourceImageInformation>
      <fileName>P1098-Fg007-R-C01-R01-D07022013-T092647-LR924_012.jpg</fileName>
      
    </sourceImageInformation>
  </Description>
  
  <Tags>
    <OtherTag ID="BT1443" LABEL="Parchment_or_papyrus" DESCRIPTION="block type Parchment_or_papyrus"/><OtherTag ID="BT2" LABEL="Main" DESCRIPTION="block type Main"/>
    
  </Tags>
  
  <Layout>
    <Page WIDTH="3608" HEIGHT="2706" PHYSICAL_IMG_NR="131" ID="eSc_dummypage_">
      <PrintSpace HPOS="0" VPOS="0" WIDTH="3608" HEIGHT="2706">
        
        <TextBlock HPOS="1573.0" VPOS="1058.0" WIDTH="678.0" HEIGHT="655.0" ID="eSc_textblock_8fdeca90" TAGREFS="BT2">
          <Shape><Polygon POINTS="1573 1058 1573 1713 2251 1713 2251 1058"/></Shape>
          
          
          <TextLine ID="eSc_line_1793610" BASELINE="1885 1149 2019 1149" HPOS="1885.0" VPOS="1084.0" WIDTH="134.0" HEIGHT="107.0">
            <Shape><Polygon POINTS="1885 1084 2019 1084 2019 1191 1885 1191"/></Shape>
	    <String CONTENT=" " HPOS="1885.0" VPOS="1084.0" WIDTH="134.0" HEIGHT="107.0"><Glyph ID="char_0" CONTENT=" " GC="1.0"><Shape><Polygon POINTS="1930 1084 1930 1191 2005 1191 2005 1084"/></Shape></Glyph></String>
          </TextLine>

          
          
          <TextLine ID="eSc_line_1791234" BASELINE="1666 1244 1975 1256 2036 1251" HPOS="1664.0" VPOS="1179.0" WIDTH="375.0" HEIGHT="119.0">
            <Shape><Polygon POINTS="1668 1179 1977 1191 2030 1187 2039 1293 1973 1298 1664 1286"/></Shape>
	    <String CONTENT=" כי תל " HPOS="1664.0" VPOS="1179.0" WIDTH="375.0" HEIGHT="119.0"><Glyph ID="char_1" CONTENT=" " GC="1.0"><Shape><Polygon POINTS="1985 1190 1994 1296 2031 1294 2022 1188"/></Shape></Glyph><Glyph ID="char_2" CONTENT="כ" GC="1.0"><Shape><Polygon POINTS="1957 1190 1953 1297 1994 1296 1985 1190"/></Shape></Glyph><Glyph ID="char_3" CONTENT="י" GC="1.0"><Shape><Polygon POINTS="1928 1189 1924 1296 1953 1297 1957 1190"/></Shape></Glyph><Glyph ID="char_4" CONTENT=" " GC="1.0"><Shape><Polygon POINTS="1900 1188 1895 1295 1924 1296 1928 1189"/></Shape></Glyph><Glyph ID="char_5" CONTENT="ת" GC="1.0"><Shape><Polygon POINTS="1857 1186 1852 1293 1895 1295 1900 1188"/></Shape></Glyph><Glyph ID="char_6" CONTENT="ל" GC="1.0"><Shape><Polygon POINTS="1799 1184 1794 1291 1852 1293 1857 1186"/></Shape></Glyph><Glyph ID="char_7" CONTENT=" " GC="1.0"><Shape><Polygon POINTS="1704 1180 1699 1287 1794 1291 1799 1184"/></Shape></Glyph></String>
          </TextLine>

          
          
          <TextLine ID="eSc_line_1791235" BASELINE="1632 1375 1824 1366 2027 1364 2110 1357 2198 1359" HPOS="1628.0" VPOS="1293.0" WIDTH="571.0" HEIGHT="124.0">
            <Shape><Polygon POINTS="1628 1310 1820 1301 2026 1299 2104 1293 2199 1294 2197 1401 2113 1399 2027 1406 1826 1408 1634 1417"/></Shape>
	    <String CONTENT=" קום מן רץ " HPOS="1628.0" VPOS="1293.0" WIDTH="571.0" HEIGHT="124.0"><Glyph ID="char_8" CONTENT=" " GC="1.0"><Shape><Polygon POINTS="2141 1293 2139 1400 2182 1401 2184 1294"/></Shape></Glyph><Glyph ID="char_9" CONTENT="ק" GC="1.0"><Shape><Polygon POINTS="2090 1294 2099 1400 2139 1400 2141 1293"/></Shape></Glyph><Glyph ID="char_10" CONTENT="ו" GC="1.0"><Shape><Polygon POINTS="2054 1297 2063 1403 2099 1400 2090 1294"/></Shape></Glyph><Glyph ID="char_11" CONTENT="ם" GC="1.0"><Shape><Polygon POINTS="2015 1299 2016 1406 2063 1403 2054 1297"/></Shape></Glyph><Glyph ID="char_12" CONTENT=" " GC="1.0"><Shape><Polygon POINTS="1979 1299 1980 1406 2016 1406 2015 1299"/></Shape></Glyph><Glyph ID="char_13" CONTENT="מ" GC="1.0"><Shape><Polygon POINTS="1928 1300 1929 1407 1980 1406 1979 1299"/></Shape></Glyph><Glyph ID="char_14" CONTENT="ן" GC="1.0"><Shape><Polygon POINTS="1899 1300 1900 1407 1929 1407 1928 1300"/></Shape></Glyph><Glyph ID="char_15" CONTENT=" " GC="1.0"><Shape><Polygon POINTS="1817 1301 1822 1408 1900 1407 1899 1300"/></Shape></Glyph><Glyph ID="char_16" CONTENT="ר" GC="1.0"><Shape><Polygon POINTS="1723 1306 1728 1413 1822 1408 1817 1301"/></Shape></Glyph><Glyph ID="char_17" CONTENT="ץ" GC="1.0"><Shape><Polygon POINTS="1672 1308 1677 1415 1728 1413 1723 1306"/></Shape></Glyph><Glyph ID="char_18" CONTENT=" " GC="1.0"><Shape><Polygon POINTS="1631 1375 1674 1372"/></Shape></Glyph></String>
          </TextLine>

          
          
          <TextLine ID="eSc_line_1791236" BASELINE="1573 1504 1675 1486 1790 1474 2061 1479 2162 1477 2214 1470" HPOS="1561.0" VPOS="1406.0" WIDTH="658.0" HEIGHT="140.0">
            <Shape><Polygon POINTS="1561 1440 1663 1422 1783 1410 2062 1414 2160 1412 2205 1406 2219 1512 2162 1519 2060 1521 1794 1516 1682 1528 1580 1546"/></Shape>
	    <String CONTENT=" קח קמח תלוש ו " HPOS="1561.0" VPOS="1406.0" WIDTH="658.0" HEIGHT="140.0"><Glyph ID="char_19" CONTENT=" " GC="1.0"><Shape><Polygon POINTS="2140 1412 2143 1519 2197 1515 2183 1409"/></Shape></Glyph><Glyph ID="char_20" CONTENT="ק" GC="1.0"><Shape><Polygon POINTS="2082 1414 2085 1521 2143 1519 2140 1412"/></Shape></Glyph><Glyph ID="char_21" CONTENT="ח" GC="1.0"><Shape><Polygon POINTS="2041 1414 2039 1521 2085 1521 2082 1414"/></Shape></Glyph><Glyph ID="char_22" CONTENT=" " GC="1.0"><Shape><Polygon POINTS="2005 1413 2003 1520 2039 1521 2041 1414"/></Shape></Glyph><Glyph ID="char_23" CONTENT="ק" GC="1.0"><Shape><Polygon POINTS="1947 1412 1945 1519 2003 1520 2005 1413"/></Shape></Glyph><Glyph ID="char_24" CONTENT="מ" GC="1.0"><Shape><Polygon POINTS="1889 1412 1887 1518 1945 1519 1947 1412"/></Shape></Glyph><Glyph ID="char_25" CONTENT="ח" GC="1.0"><Shape><Polygon POINTS="1846 1411 1844 1517 1887 1518 1889 1412"/></Shape></Glyph><Glyph ID="char_26" CONTENT=" " GC="1.0"><Shape><Polygon POINTS="1803 1410 1801 1516 1844 1517 1846 1411"/></Shape></Glyph><Glyph ID="char_27" CONTENT="ת" GC="1.0"><Shape><Polygon POINTS="1751 1413 1762 1519 1801 1516 1803 1410"/></Shape></Glyph><Glyph ID="char_28" CONTENT="ל" GC="1.0"><Shape><Polygon POINTS="1715 1417 1727 1523 1762 1519 1751 1413"/></Shape></Glyph><Glyph ID="char_29" CONTENT="ו" GC="1.0"><Shape><Polygon POINTS="1694 1419 1705 1526 1727 1523 1715 1417"/></Shape></Glyph><Glyph ID="char_30" CONTENT="ש" GC="1.0"><Shape><Polygon POINTS="1640 1426 1658 1532 1705 1526 1694 1419"/></Shape></Glyph><Glyph ID="char_31" CONTENT=" " GC="1.0"><Shape><Polygon POINTS="1596 1434 1615 1540 1658 1532 1640 1426"/></Shape></Glyph><Glyph ID="char_32" CONTENT="ו" GC="1.0"><Shape><Polygon POINTS="1576 1437 1594 1544 1615 1540 1596 1434"/></Shape></Glyph><Glyph ID="char_33" CONTENT=" " GC="1.0"><Shape><Polygon POINTS="1572 1504 1586 1501"/></Shape></Glyph></String>
          </TextLine>

          
          
          <TextLine ID="eSc_line_1791237" BASELINE="1551 1598 1894 1580 2006 1583" HPOS="1547.0" VPOS="1515.0" WIDTH="460.0" HEIGHT="125.0">
            <Shape><Polygon POINTS="1547 1533 1890 1515 2007 1518 2004 1625 1896 1622 1553 1640"/></Shape>
	    <String CONTENT=" ילכו הלילה ה " HPOS="1547.0" VPOS="1515.0" WIDTH="460.0" HEIGHT="125.0"><Glyph ID="char_34" CONTENT=" " GC="1.0"><Shape><Polygon POINTS="1963 1517 1960 1624 1989 1625 1992 1518"/></Shape></Glyph><Glyph ID="char_35" CONTENT="י" GC="1.0"><Shape><Polygon POINTS="1934 1516 1931 1623 1960 1624 1963 1517"/></Shape></Glyph><Glyph ID="char_36" CONTENT="ל" GC="1.0"><Shape><Polygon POINTS="1905 1515 1902 1622 1931 1623 1934 1516"/></Shape></Glyph><Glyph ID="char_37" CONTENT="כ" GC="1.0"><Shape><Polygon POINTS="1871 1516 1877 1623 1902 1622 1905 1515"/></Shape></Glyph><Glyph ID="char_38" CONTENT="ו" GC="1.0"><Shape><Polygon POINTS="1849 1517 1855 1624 1877 1623 1871 1516"/></Shape></Glyph><Glyph ID="char_39" CONTENT=" " GC="1.0"><Shape><Polygon POINTS="1820 1519 1826 1626 1855 1624 1849 1517"/></Shape></Glyph><Glyph ID="char_40" CONTENT="ה" GC="1.0"><Shape><Polygon POINTS="1784 1521 1790 1628 1826 1626 1820 1519"/></Shape></Glyph><Glyph ID="char_41" CONTENT="ל" GC="1.0"><Shape><Polygon POINTS="1748 1522 1754 1629 1790 1628 1784 1521"/></Shape></Glyph><Glyph ID="char_42" CONTENT="י" GC="1.0"><Shape><Polygon POINTS="1719 1524 1725 1631 1754 1629 1748 1522"/></Shape></Glyph><Glyph ID="char_43" CONTENT="ל" GC="1.0"><Shape><Polygon POINTS="1683 1526 1689 1633 1725 1631 1719 1524"/></Shape></Glyph><Glyph ID="char_44" CONTENT="ה" GC="1.0"><Shape><Polygon POINTS="1647 1528 1653 1635 1689 1633 1683 1526"/></Shape></Glyph><Glyph ID="char_45" CONTENT=" " GC="1.0"><Shape><Polygon POINTS="1619 1529 1624 1636 1653 1635 1647 1528"/></Shape></Glyph><Glyph ID="char_46" CONTENT="ה" GC="1.0"><Shape><Polygon POINTS="1583 1531 1588 1638 1624 1636 1619 1529"/></Shape></Glyph><Glyph ID="char_47" CONTENT=" " GC="1.0"><Shape><Polygon POINTS="1550 1598 1585 1596"/></Shape></Glyph></String>
          </TextLine>

          
        </TextBlock>
        

        
      </PrintSpace>
    </Page>
  </Layout>
</alto>