<?xml version='1.0' encoding='UTF-8'?>
<alto xmlns:xsi="http://www.w3.org/2001/XMLSchema-instance" xmlns="http://www.loc.gov/standards/alto/ns-v4#" xsi:schemaLocation="http://www.loc.gov/standards/alto/ns-v4# http://www.loc.gov/standards/alto/v4/alto-4-2.xsd">
  <Description>
    <MeasurementUnit>pixel</MeasurementUnit>
    <sourceImageInformation>
      <fileName>P1099-Fg005-R-C01-R01-D07082013-T102324-LR924_012.jpg</fileName>
      
    </sourceImageInformation>
  </Description>
  
  <Tags>
    <OtherTag ID="BT1443" LABEL="Parchment_or_papyrus" DESCRIPTION="block type Parchment_or_papyrus"/><OtherTag ID="BT2" LABEL="Main" DESCRIPTION="block type Main"/>
    
  </Tags>
  
  <Layout>
    <Page WIDTH="3608" HEIGHT="2706" PHYSICAL_IMG_NR="352" ID="eSc_dummypage_">
      <PrintSpace HPOS="0" VPOS="0" WIDTH="3608" HEIGHT="2706">
        
        <TextBlock HPOS="1635.0" VPOS="1197.0" WIDTH="752.0" HEIGHT="935.0" ID="eSc_textblock_a36454e9" TAGREFS="BT2">
          <Shape><Polygon POINTS="1635 1197 1635 2132 2387 2132 2387 1197"/></Shape>
          
          
          <TextLine ID="eSc_line_1791263" BASELINE="1752 1307 1835 1301 1938 1313 2059 1330 2245 1348" HPOS="1746.0" VPOS="1220.0" WIDTH="506.0" HEIGHT="181.0">
            <Shape><Polygon POINTS="1746 1226 1829 1220 1947 1232 2070 1249 2252 1267 2239 1401 2051 1383 1931 1366 1838 1354 1755 1360"/></Shape>
	    <String CONTENT=" י א ר ו " HPOS="1746.0" VPOS="1220.0" WIDTH="506.0" HEIGHT="181.0"><Glyph ID="char_0" CONTENT=" " GC="1.0"><Shape><Polygon POINTS="2144 1256 2131 1391 2203 1398 2216 1263"/></Shape></Glyph><Glyph ID="char_1" CONTENT="י" GC="1.0"><Shape><Polygon POINTS="2109 1253 2096 1387 2131 1391 2144 1256"/></Shape></Glyph><Glyph ID="char_2" CONTENT=" " GC="1.0"><Shape><Polygon POINTS="2073 1249 2060 1384 2096 1387 2109 1253"/></Shape></Glyph><Glyph ID="char_3" CONTENT="א" GC="1.0"><Shape><Polygon POINTS="2023 1242 2004 1376 2060 1384 2073 1249"/></Shape></Glyph><Glyph ID="char_4" CONTENT=" " GC="1.0"><Shape><Polygon POINTS="1950 1232 1932 1366 2004 1376 2023 1242"/></Shape></Glyph><Glyph ID="char_5" CONTENT="ר" GC="1.0"><Shape><Polygon POINTS="1895 1227 1879 1359 1932 1366 1950 1232"/></Shape></Glyph><Glyph ID="char_6" CONTENT=" " GC="1.0"><Shape><Polygon POINTS="1850 1222 1835 1354 1879 1359 1895 1227"/></Shape></Glyph><Glyph ID="char_7" CONTENT="ו" GC="1.0"><Shape><Polygon POINTS="1808 1222 1818 1355 1835 1354 1850 1222"/></Shape></Glyph><Glyph ID="char_8" CONTENT=" " GC="1.0"><Shape><Polygon POINTS="1763 1225 1773 1359 1818 1355 1808 1222"/></Shape></Glyph></String>
          </TextLine>

          
          
          <TextLine ID="eSc_line_1791264" BASELINE="1720 1425 1831 1429 2052 1449 2189 1470 2273 1477 2313 1472" HPOS="1718.0" VPOS="1344.0" WIDTH="601.0" HEIGHT="186.0">
            <Shape><Polygon POINTS="1722 1344 1833 1348 2059 1368 2201 1389 2279 1396 2302 1391 2319 1525 2268 1530 2180 1523 2047 1502 1829 1482 1718 1478"/></Shape>
	    <String CONTENT=" חת ויקרא א " HPOS="1718.0" VPOS="1344.0" WIDTH="601.0" HEIGHT="186.0"><Glyph ID="char_9" CONTENT=" " GC="1.0"><Shape><Polygon POINTS="2247 1393 2236 1527 2300 1527 2284 1395"/></Shape></Glyph><Glyph ID="char_10" CONTENT="ח" GC="1.0"><Shape><Polygon POINTS="2190 1387 2169 1521 2236 1527 2247 1393"/></Shape></Glyph><Glyph ID="char_11" CONTENT="ת" GC="1.0"><Shape><Polygon POINTS="2144 1381 2124 1514 2169 1521 2190 1387"/></Shape></Glyph><Glyph ID="char_12" CONTENT=" " GC="1.0"><Shape><Polygon POINTS="2109 1375 2088 1509 2124 1514 2144 1381"/></Shape></Glyph><Glyph ID="char_13" CONTENT="ו" GC="1.0"><Shape><Polygon POINTS="2073 1370 2053 1503 2088 1509 2109 1375"/></Shape></Glyph><Glyph ID="char_14" CONTENT="י" GC="1.0"><Shape><Polygon POINTS="2032 1366 2020 1500 2053 1503 2073 1370"/></Shape></Glyph><Glyph ID="char_15" CONTENT="ק" GC="1.0"><Shape><Polygon POINTS="1970 1360 1958 1494 2020 1500 2032 1366"/></Shape></Glyph><Glyph ID="char_16" CONTENT="ר" GC="1.0"><Shape><Polygon POINTS="1907 1355 1895 1488 1958 1494 1970 1360"/></Shape></Glyph><Glyph ID="char_17" CONTENT="א" GC="1.0"><Shape><Polygon POINTS="1871 1351 1859 1485 1895 1488 1907 1355"/></Shape></Glyph><Glyph ID="char_18" CONTENT=" " GC="1.0"><Shape><Polygon POINTS="1822 1348 1816 1482 1859 1485 1871 1351"/></Shape></Glyph><Glyph ID="char_19" CONTENT="א" GC="1.0"><Shape><Polygon POINTS="1768 1346 1762 1480 1816 1482 1822 1348"/></Shape></Glyph><Glyph ID="char_20" CONTENT=" " GC="1.0"><Shape><Polygon POINTS="1719 1424 1763 1426"/></Shape></Glyph></String>
          </TextLine>

          
          
          <TextLine ID="eSc_line_1791265" BASELINE="1738 1562 1788 1562 1846 1569 2121 1612 2324 1623" HPOS="1738.0" VPOS="1481.0" WIDTH="590.0" HEIGHT="195.0">
            <Shape><Polygon POINTS="1738 1481 1788 1481 1855 1488 2133 1531 2328 1542 2321 1676 2112 1665 1839 1622 1788 1616 1738 1616"/></Shape>
	    <String CONTENT="הלוא ידעתה כי " HPOS="1738.0" VPOS="1481.0" WIDTH="590.0" HEIGHT="195.0"><Glyph ID="char_21" CONTENT="ה" GC="1.0"><Shape><Polygon POINTS="2292 1540 2285 1674 2312 1676 2319 1542"/></Shape></Glyph><Glyph ID="char_22" CONTENT="ל" GC="1.0"><Shape><Polygon POINTS="2264 1538 2257 1673 2285 1674 2292 1540"/></Shape></Glyph><Glyph ID="char_23" CONTENT="ו" GC="1.0"><Shape><Polygon POINTS="2211 1535 2203 1670 2257 1673 2264 1538"/></Shape></Glyph><Glyph ID="char_24" CONTENT="א" GC="1.0"><Shape><Polygon POINTS="2166 1533 2158 1667 2203 1670 2211 1535"/></Shape></Glyph><Glyph ID="char_25" CONTENT=" " GC="1.0"><Shape><Polygon POINTS="2138 1531 2130 1666 2158 1667 2166 1533"/></Shape></Glyph><Glyph ID="char_26" CONTENT="י" GC="1.0"><Shape><Polygon POINTS="2119 1529 2098 1663 2130 1666 2138 1531"/></Shape></Glyph><Glyph ID="char_27" CONTENT="ד" GC="1.0"><Shape><Polygon POINTS="2075 1522 2054 1656 2098 1663 2119 1529"/></Shape></Glyph><Glyph ID="char_28" CONTENT="ע" GC="1.0"><Shape><Polygon POINTS="2029 1515 2008 1649 2054 1656 2075 1522"/></Shape></Glyph><Glyph ID="char_29" CONTENT="ת" GC="1.0"><Shape><Polygon POINTS="1976 1507 1955 1640 2008 1649 2029 1515"/></Shape></Glyph><Glyph ID="char_30" CONTENT="ה" GC="1.0"><Shape><Polygon POINTS="1940 1501 1919 1635 1955 1640 1976 1507"/></Shape></Glyph><Glyph ID="char_31" CONTENT=" " GC="1.0"><Shape><Polygon POINTS="1904 1496 1883 1629 1919 1635 1940 1501"/></Shape></Glyph><Glyph ID="char_32" CONTENT="כ" GC="1.0"><Shape><Polygon POINTS="1868 1490 1847 1623 1883 1629 1904 1496"/></Shape></Glyph><Glyph ID="char_33" CONTENT="י" GC="1.0"><Shape><Polygon POINTS="1829 1485 1813 1619 1847 1623 1868 1490"/></Shape></Glyph><Glyph ID="char_34" CONTENT=" " GC="1.0"><Shape><Polygon POINTS="1756 1481 1756 1616 1813 1619 1829 1485"/></Shape></Glyph></String>
          </TextLine>

          
          
          <TextLine ID="eSc_line_1791266" BASELINE="1630 1783 1684 1781 1842 1752 1928 1743 1995 1740 2288 1767" HPOS="1627.0" VPOS="1659.0" WIDTH="668.0" HEIGHT="177.0">
            <Shape><Polygon POINTS="1627 1702 1681 1700 1827 1672 1919 1662 1991 1659 2295 1686 2283 1820 1997 1793 1933 1796 1851 1805 1685 1834 1631 1836"/></Shape>
	    <String CONTENT="לעם לשוב מאח " HPOS="1627.0" VPOS="1659.0" WIDTH="668.0" HEIGHT="177.0"><Glyph ID="char_35" CONTENT="ל" GC="1.0"><Shape><Polygon POINTS="2231 1680 2219 1814 2274 1819 2286 1685"/></Shape></Glyph><Glyph ID="char_36" CONTENT="ע" GC="1.0"><Shape><Polygon POINTS="2169 1675 2156 1808 2219 1814 2231 1680"/></Shape></Glyph><Glyph ID="char_37" CONTENT="ם" GC="1.0"><Shape><Polygon POINTS="2123 1671 2110 1804 2156 1808 2169 1675"/></Shape></Glyph><Glyph ID="char_38" CONTENT=" " GC="1.0"><Shape><Polygon POINTS="2096 1668 2084 1801 2110 1804 2123 1671"/></Shape></Glyph><Glyph ID="char_39" CONTENT="ל" GC="1.0"><Shape><Polygon POINTS="2060 1665 2048 1798 2084 1801 2096 1668"/></Shape></Glyph><Glyph ID="char_40" CONTENT="ש" GC="1.0"><Shape><Polygon POINTS="1967 1660 1973 1794 2048 1798 2060 1665"/></Shape></Glyph><Glyph ID="char_41" CONTENT="ו" GC="1.0"><Shape><Polygon POINTS="1881 1666 1895 1800 1973 1794 1967 1660"/></Shape></Glyph><Glyph ID="char_42" CONTENT="ב" GC="1.0"><Shape><Polygon POINTS="1845 1670 1859 1804 1895 1800 1881 1666"/></Shape></Glyph><Glyph ID="char_43" CONTENT=" " GC="1.0"><Shape><Polygon POINTS="1803 1677 1827 1809 1859 1804 1845 1670"/></Shape></Glyph><Glyph ID="char_44" CONTENT="מ" GC="1.0"><Shape><Polygon POINTS="1758 1685 1782 1817 1827 1809 1803 1677"/></Shape></Glyph><Glyph ID="char_45" CONTENT="א" GC="1.0"><Shape><Polygon POINTS="1714 1694 1738 1825 1782 1817 1758 1685"/></Shape></Glyph><Glyph ID="char_46" CONTENT="ח" GC="1.0"><Shape><Polygon POINTS="1662 1701 1667 1835 1738 1825 1714 1694"/></Shape></Glyph><Glyph ID="char_47" CONTENT=" " GC="1.0"><Shape><Polygon POINTS="1629 1783 1664 1781"/></Shape></Glyph></String>
          </TextLine>

          
          
          <TextLine ID="eSc_line_1791268" BASELINE="1743 1900 1937 1894 2054 1898 2164 1912 2245 1916" HPOS="1740.0" VPOS="1813.0" WIDTH="508.0" HEIGHT="156.0">
            <Shape><Polygon POINTS="1740 1819 1934 1813 2056 1817 2174 1831 2248 1835 2242 1969 2157 1965 2052 1951 1938 1947 1744 1953"/></Shape>
	    <String CONTENT=" רת כי אז מן " HPOS="1740.0" VPOS="1813.0" WIDTH="508.0" HEIGHT="156.0"><Glyph ID="char_48" CONTENT=" " GC="1.0"><Shape><Polygon POINTS="2184 1832 2177 1966 2222 1968 2229 1834"/></Shape></Glyph><Glyph ID="char_49" CONTENT="ר" GC="1.0"><Shape><Polygon POINTS="2144 1827 2127 1961 2177 1966 2184 1832"/></Shape></Glyph><Glyph ID="char_50" CONTENT="ת" GC="1.0"><Shape><Polygon POINTS="2109 1823 2092 1956 2127 1961 2144 1827"/></Shape></Glyph><Glyph ID="char_51" CONTENT=" " GC="1.0"><Shape><Polygon POINTS="2072 1819 2055 1951 2092 1956 2109 1823"/></Shape></Glyph><Glyph ID="char_52" CONTENT="כ" GC="1.0"><Shape><Polygon POINTS="2028 1816 2023 1950 2055 1951 2072 1819"/></Shape></Glyph><Glyph ID="char_53" CONTENT="י" GC="1.0"><Shape><Polygon POINTS="1992 1815 1987 1949 2023 1950 2028 1816"/></Shape></Glyph><Glyph ID="char_54" CONTENT=" " GC="1.0"><Shape><Polygon POINTS="1955 1814 1950 1947 1987 1949 1992 1815"/></Shape></Glyph><Glyph ID="char_55" CONTENT="א" GC="1.0"><Shape><Polygon POINTS="1913 1814 1918 1948 1950 1947 1955 1814"/></Shape></Glyph><Glyph ID="char_56" CONTENT="ז" GC="1.0"><Shape><Polygon POINTS="1885 1815 1890 1948 1918 1948 1913 1814"/></Shape></Glyph><Glyph ID="char_57" CONTENT=" " GC="1.0"><Shape><Polygon POINTS="1858 1815 1863 1949 1890 1948 1885 1815"/></Shape></Glyph><Glyph ID="char_58" CONTENT="מ" GC="1.0"><Shape><Polygon POINTS="1812 1817 1817 1951 1863 1949 1858 1815"/></Shape></Glyph><Glyph ID="char_59" CONTENT="ן" GC="1.0"><Shape><Polygon POINTS="1785 1818 1790 1952 1817 1951 1812 1817"/></Shape></Glyph><Glyph ID="char_60" CONTENT=" " GC="1.0"><Shape><Polygon POINTS="1749 1819 1753 1953 1790 1952 1785 1818"/></Shape></Glyph></String>
          </TextLine>

          
          
          <TextLine ID="eSc_line_1793609" BASELINE="1846 2013 2022 2011" HPOS="1845.0" VPOS="1930.0" WIDTH="177.0" HEIGHT="136.0">
            <Shape><Polygon POINTS="1845 1932 2021 1930 2022 2064 1846 2066"/></Shape>
	    <String CONTENT=" " HPOS="1845.0" VPOS="1930.0" WIDTH="177.0" HEIGHT="136.0"><Glyph ID="char_61" CONTENT=" " GC="1.0"><Shape><Polygon POINTS="1882 1932 1884 2066 1986 2064 1984 1930"/></Shape></Glyph></String>
          </TextLine>

          
        </TextBlock>
        

        
      </PrintSpace>
    </Page>
  </Layout>
</alto>