<?xml version='1.0' encoding='UTF-8'?>
<alto xmlns:xsi="http://www.w3.org/2001/XMLSchema-instance" xmlns="http://www.loc.gov/standards/alto/ns-v4#" xsi:schemaLocation="http://www.loc.gov/standards/alto/ns-v4# http://www.loc.gov/standards/alto/v4/alto-4-2.xsd">
  <Description>
    <MeasurementUnit>pixel</MeasurementUnit>
    <sourceImageInformation>
      <fileName>P1108-Fg006-R-C01-R01-D28112012-T115447-LR924 _012.jpg</fileName>
      
    </sourceImageInformation>
  </Description>
  
  <Tags>
    <OtherTag ID="BT1443" LABEL="Parchment_or_papyrus" DESCRIPTION="block type Parchment_or_papyrus"/><OtherTag ID="BT2" LABEL="Main" DESCRIPTION="block type Main"/>
    
  </Tags>
  
  <Layout>
    <Page WIDTH="2706" HEIGHT="3608" PHYSICAL_IMG_NR="71" ID="eSc_dummypage_">
      <PrintSpace HPOS="0" VPOS="0" WIDTH="2706" HEIGHT="3608">
        
        <TextBlock HPOS="522.0" VPOS="766.0" WIDTH="1093.0" HEIGHT="2246.0" ID="eSc_textblock_8503bdca" TAGREFS="BT2">
          <Shape><Polygon POINTS="1615 766 1574 2983 1219 3012 1162 2476 522 1889 832 1235"/></Shape>
          
          
          <TextLine ID="eSc_line_1774224" BASELINE="1405 900 1572 897" HPOS="1403.0" VPOS="811.0" WIDTH="170.0" HEIGHT="145.0">
            <Shape><Polygon POINTS="1403 814 1570 811 1573 953 1406 956"/></Shape>
	    <String CONTENT="מ " HPOS="1403.0" VPOS="811.0" WIDTH="170.0" HEIGHT="145.0"><Glyph ID="char_0" CONTENT="מ" GC="1.0"><Shape><Polygon POINTS="1471 813 1474 955 1533 954 1530 812"/></Shape></Glyph><Glyph ID="char_1" CONTENT=" " GC="1.0"><Shape><Polygon POINTS="1422 814 1425 956 1474 955 1471 813"/></Shape></Glyph></String>
          </TextLine>

          
          
          <TextLine ID="eSc_line_1774075" BASELINE="1274 1037 1500 1034 1554 1046" HPOS="1272.0" VPOS="948.0" WIDTH="300.0" HEIGHT="153.0">
            <Shape><Polygon POINTS="1272 951 1498 948 1572 962 1541 1101 1500 1090 1274 1093"/></Shape>
	    <String CONTENT="עגלו " HPOS="1272.0" VPOS="948.0" WIDTH="300.0" HEIGHT="153.0"><Glyph ID="char_2" CONTENT="ע" GC="1.0"><Shape><Polygon POINTS="1475 948 1477 1090 1521 1096 1552 958"/></Shape></Glyph><Glyph ID="char_3" CONTENT="ג" GC="1.0"><Shape><Polygon POINTS="1417 949 1419 1091 1477 1090 1475 948"/></Shape></Glyph><Glyph ID="char_4" CONTENT="ל" GC="1.0"><Shape><Polygon POINTS="1388 949 1390 1091 1419 1091 1417 949"/></Shape></Glyph><Glyph ID="char_5" CONTENT="ו" GC="1.0"><Shape><Polygon POINTS="1369 950 1371 1092 1390 1091 1388 949"/></Shape></Glyph><Glyph ID="char_6" CONTENT=" " GC="1.0"><Shape><Polygon POINTS="1301 951 1303 1093 1371 1092 1369 950"/></Shape></Glyph></String>
          </TextLine>

          
          
          <TextLine ID="eSc_line_1774076" BASELINE="956 1184 1578 1178" HPOS="955.0" VPOS="1092.0" WIDTH="623.0" HEIGHT="148.0">
            <Shape><Polygon POINTS="955 1098 1577 1092 1578 1234 956 1240"/></Shape>
	    <String CONTENT="אמה וחצי " HPOS="955.0" VPOS="1092.0" WIDTH="623.0" HEIGHT="148.0"><Glyph ID="char_7" CONTENT="א" GC="1.0"><Shape><Polygon POINTS="1462 1093 1464 1235 1541 1234 1539 1092"/></Shape></Glyph><Glyph ID="char_8" CONTENT="מ" GC="1.0"><Shape><Polygon POINTS="1395 1094 1397 1236 1464 1235 1462 1093"/></Shape></Glyph><Glyph ID="char_9" CONTENT="ה" GC="1.0"><Shape><Polygon POINTS="1337 1094 1339 1236 1397 1236 1395 1094"/></Shape></Glyph><Glyph ID="char_10" CONTENT=" " GC="1.0"><Shape><Polygon POINTS="1242 1095 1244 1237 1339 1236 1337 1094"/></Shape></Glyph><Glyph ID="char_11" CONTENT="ו" GC="1.0"><Shape><Polygon POINTS="1146 1096 1148 1238 1244 1237 1242 1095"/></Shape></Glyph><Glyph ID="char_12" CONTENT="ח" GC="1.0"><Shape><Polygon POINTS="1098 1097 1100 1239 1148 1238 1146 1096"/></Shape></Glyph><Glyph ID="char_13" CONTENT="צ" GC="1.0"><Shape><Polygon POINTS="1050 1097 1052 1239 1100 1239 1098 1097"/></Shape></Glyph><Glyph ID="char_14" CONTENT="י" GC="1.0"><Shape><Polygon POINTS="1021 1097 1023 1239 1052 1239 1050 1097"/></Shape></Glyph><Glyph ID="char_15" CONTENT=" " GC="1.0"><Shape><Polygon POINTS="973 1098 975 1240 1023 1239 1021 1097"/></Shape></Glyph></String>
          </TextLine>

          
          
          <TextLine ID="eSc_line_1774081" BASELINE="868 1353 971 1343 1253 1343 1419 1334 1551 1334" HPOS="859.0" VPOS="1248.0" WIDTH="692.0" HEIGHT="161.0">
            <Shape><Polygon POINTS="859 1268 962 1258 1253 1257 1414 1248 1551 1248 1551 1390 1422 1390 1253 1399 976 1399 873 1409"/></Shape>
	    <String CONTENT="וחשקיהם וחש " HPOS="859.0" VPOS="1248.0" WIDTH="692.0" HEIGHT="161.0"><Glyph ID="char_16" CONTENT="ו" GC="1.0"><Shape><Polygon POINTS="1473 1248 1473 1390 1531 1390 1531 1248"/></Shape></Glyph><Glyph ID="char_17" CONTENT="ח" GC="1.0"><Shape><Polygon POINTS="1401 1249 1408 1391 1473 1390 1473 1248"/></Shape></Glyph><Glyph ID="char_18" CONTENT="ש" GC="1.0"><Shape><Polygon POINTS="1324 1253 1331 1395 1408 1391 1401 1249"/></Shape></Glyph><Glyph ID="char_19" CONTENT="ק" GC="1.0"><Shape><Polygon POINTS="1267 1256 1275 1398 1331 1395 1324 1253"/></Shape></Glyph><Glyph ID="char_20" CONTENT="י" GC="1.0"><Shape><Polygon POINTS="1223 1257 1223 1399 1275 1398 1267 1256"/></Shape></Glyph><Glyph ID="char_21" CONTENT="ה" GC="1.0"><Shape><Polygon POINTS="1156 1257 1156 1399 1223 1399 1223 1257"/></Shape></Glyph><Glyph ID="char_22" CONTENT="ם" GC="1.0"><Shape><Polygon POINTS="1108 1257 1108 1399 1156 1399 1156 1257"/></Shape></Glyph><Glyph ID="char_23" CONTENT=" " GC="1.0"><Shape><Polygon POINTS="1069 1258 1069 1399 1108 1399 1108 1257"/></Shape></Glyph><Glyph ID="char_24" CONTENT="ו" GC="1.0"><Shape><Polygon POINTS="1021 1258 1021 1399 1069 1399 1069 1258"/></Shape></Glyph><Glyph ID="char_25" CONTENT="ח" GC="1.0"><Shape><Polygon POINTS="945 1260 959 1401 1021 1399 1021 1258"/></Shape></Glyph><Glyph ID="char_26" CONTENT="ש" GC="1.0"><Shape><Polygon POINTS="878 1266 891 1407 959 1401 945 1260"/></Shape></Glyph><Glyph ID="char_27" CONTENT=" " GC="1.0"><Shape><Polygon POINTS="867 1353 885 1351"/></Shape></Glyph></String>
          </TextLine>

          
          
          <TextLine ID="eSc_line_1774082" BASELINE="709 1479 1013 1500 1316 1500 1488 1491 1554 1493" HPOS="705.0" VPOS="1394.0" WIDTH="851.0" HEIGHT="162.0">
            <Shape><Polygon POINTS="714 1394 1018 1415 1316 1414 1483 1405 1556 1407 1552 1549 1490 1547 1316 1556 1009 1556 705 1535"/></Shape>
	    <String CONTENT="מן המכונה תפיה וב " HPOS="705.0" VPOS="1394.0" WIDTH="851.0" HEIGHT="162.0"><Glyph ID="char_28" CONTENT="מ" GC="1.0"><Shape><Polygon POINTS="1462 1406 1469 1548 1522 1548 1527 1406"/></Shape></Glyph><Glyph ID="char_29" CONTENT="ן" GC="1.0"><Shape><Polygon POINTS="1424 1408 1431 1550 1469 1548 1462 1406"/></Shape></Glyph><Glyph ID="char_30" CONTENT=" " GC="1.0"><Shape><Polygon POINTS="1385 1410 1392 1552 1431 1550 1424 1408"/></Shape></Glyph><Glyph ID="char_31" CONTENT="ה" GC="1.0"><Shape><Polygon POINTS="1337 1413 1344 1555 1392 1552 1385 1410"/></Shape></Glyph><Glyph ID="char_32" CONTENT="מ" GC="1.0"><Shape><Polygon POINTS="1284 1414 1284 1556 1344 1555 1337 1413"/></Shape></Glyph><Glyph ID="char_33" CONTENT="כ" GC="1.0"><Shape><Polygon POINTS="1245 1414 1245 1556 1284 1556 1284 1414"/></Shape></Glyph><Glyph ID="char_34" CONTENT="ו" GC="1.0"><Shape><Polygon POINTS="1216 1414 1216 1556 1245 1556 1245 1414"/></Shape></Glyph><Glyph ID="char_35" CONTENT="נ" GC="1.0"><Shape><Polygon POINTS="1168 1414 1168 1556 1216 1556 1216 1414"/></Shape></Glyph><Glyph ID="char_36" CONTENT="ה" GC="1.0"><Shape><Polygon POINTS="1130 1415 1130 1556 1168 1556 1168 1414"/></Shape></Glyph><Glyph ID="char_37" CONTENT=" " GC="1.0"><Shape><Polygon POINTS="1063 1415 1063 1556 1130 1556 1130 1415"/></Shape></Glyph><Glyph ID="char_38" CONTENT="ת" GC="1.0"><Shape><Polygon POINTS="1011 1415 1001 1555 1063 1556 1063 1415"/></Shape></Glyph><Glyph ID="char_39" CONTENT="פ" GC="1.0"><Shape><Polygon POINTS="963 1411 953 1552 1001 1555 1011 1415"/></Shape></Glyph><Glyph ID="char_40" CONTENT="י" GC="1.0"><Shape><Polygon POINTS="916 1408 905 1549 953 1552 963 1411"/></Shape></Glyph><Glyph ID="char_41" CONTENT="ה" GC="1.0"><Shape><Polygon POINTS="878 1405 868 1546 905 1549 916 1408"/></Shape></Glyph><Glyph ID="char_42" CONTENT=" " GC="1.0"><Shape><Polygon POINTS="839 1403 829 1544 868 1546 878 1405"/></Shape></Glyph><Glyph ID="char_43" CONTENT="ו" GC="1.0"><Shape><Polygon POINTS="801 1400 791 1541 829 1544 839 1403"/></Shape></Glyph><Glyph ID="char_44" CONTENT="ב" GC="1.0"><Shape><Polygon POINTS="762 1397 752 1538 791 1541 801 1400"/></Shape></Glyph><Glyph ID="char_45" CONTENT=" " GC="1.0"><Shape><Polygon POINTS="724 1395 714 1536 752 1538 762 1397"/></Shape></Glyph></String>
          </TextLine>

          
          
          <TextLine ID="eSc_line_1774083" BASELINE="676 1656 926 1656 1100 1647 1575 1640" HPOS="676.0" VPOS="1554.0" WIDTH="899.0" HEIGHT="158.0">
            <Shape><Polygon POINTS="676 1570 926 1570 1095 1561 1573 1554 1575 1696 1102 1703 926 1712 676 1712"/></Shape>
	    <String CONTENT=" דתיה ומסגרתיה ממ " HPOS="676.0" VPOS="1554.0" WIDTH="899.0" HEIGHT="158.0"><Glyph ID="char_46" CONTENT=" " GC="1.0"><Shape><Polygon POINTS="1496 1555 1499 1697 1547 1696 1544 1554"/></Shape></Glyph><Glyph ID="char_47" CONTENT="ד" GC="1.0"><Shape><Polygon POINTS="1449 1556 1452 1698 1499 1697 1496 1555"/></Shape></Glyph><Glyph ID="char_48" CONTENT="ת" GC="1.0"><Shape><Polygon POINTS="1401 1557 1404 1699 1452 1698 1449 1556"/></Shape></Glyph><Glyph ID="char_49" CONTENT="י" GC="1.0"><Shape><Polygon POINTS="1363 1557 1366 1699 1404 1699 1401 1557"/></Shape></Glyph><Glyph ID="char_50" CONTENT="ה" GC="1.0"><Shape><Polygon POINTS="1324 1558 1327 1700 1366 1699 1363 1557"/></Shape></Glyph><Glyph ID="char_51" CONTENT=" " GC="1.0"><Shape><Polygon POINTS="1296 1558 1299 1700 1327 1700 1324 1558"/></Shape></Glyph><Glyph ID="char_52" CONTENT="ו" GC="1.0"><Shape><Polygon POINTS="1248 1559 1251 1701 1299 1700 1296 1558"/></Shape></Glyph><Glyph ID="char_53" CONTENT="מ" GC="1.0"><Shape><Polygon POINTS="1181 1560 1184 1702 1251 1701 1248 1559"/></Shape></Glyph><Glyph ID="char_54" CONTENT="ס" GC="1.0"><Shape><Polygon POINTS="1114 1561 1117 1703 1184 1702 1181 1560"/></Shape></Glyph><Glyph ID="char_55" CONTENT="ג" GC="1.0"><Shape><Polygon POINTS="1054 1563 1062 1705 1117 1703 1114 1561"/></Shape></Glyph><Glyph ID="char_56" CONTENT="ר" GC="1.0"><Shape><Polygon POINTS="996 1566 1004 1708 1062 1705 1054 1563"/></Shape></Glyph><Glyph ID="char_57" CONTENT="ת" GC="1.0"><Shape><Polygon POINTS="940 1569 947 1711 1004 1708 996 1566"/></Shape></Glyph><Glyph ID="char_58" CONTENT="י" GC="1.0"><Shape><Polygon POINTS="896 1570 896 1712 947 1711 940 1569"/></Shape></Glyph><Glyph ID="char_59" CONTENT="ה" GC="1.0"><Shape><Polygon POINTS="848 1570 848 1712 896 1712 896 1570"/></Shape></Glyph><Glyph ID="char_60" CONTENT=" " GC="1.0"><Shape><Polygon POINTS="800 1570 800 1712 848 1712 848 1570"/></Shape></Glyph><Glyph ID="char_61" CONTENT="מ" GC="1.0"><Shape><Polygon POINTS="743 1570 743 1712 800 1712 800 1570"/></Shape></Glyph><Glyph ID="char_62" CONTENT="מ" GC="1.0"><Shape><Polygon POINTS="695 1570 695 1712 743 1712 743 1570"/></Shape></Glyph><Glyph ID="char_63" CONTENT=" " GC="1.0"><Shape><Polygon POINTS="676 1570 676 1712 695 1712 695 1570"/></Shape></Glyph></String>
          </TextLine>

          
          
          <TextLine ID="eSc_line_1774070" BASELINE="607 1791 727 1797 892 1791 1548 1785" HPOS="604.0" VPOS="1699.0" WIDTH="944.0" HEIGHT="154.0">
            <Shape><Polygon POINTS="611 1705 731 1711 888 1705 1547 1699 1548 1841 894 1847 724 1853 604 1847"/></Shape>
	    <String CONTENT="אריות ותמרות ממער א " HPOS="604.0" VPOS="1699.0" WIDTH="944.0" HEIGHT="154.0"><Glyph ID="char_64" CONTENT="א" GC="1.0"><Shape><Polygon POINTS="1459 1700 1460 1842 1528 1841 1527 1699"/></Shape></Glyph><Glyph ID="char_65" CONTENT="ר" GC="1.0"><Shape><Polygon POINTS="1402 1700 1403 1842 1460 1842 1459 1700"/></Shape></Glyph><Glyph ID="char_66" CONTENT="י" GC="1.0"><Shape><Polygon POINTS="1363 1701 1364 1843 1403 1842 1402 1700"/></Shape></Glyph><Glyph ID="char_67" CONTENT="ו" GC="1.0"><Shape><Polygon POINTS="1325 1701 1326 1843 1364 1843 1363 1701"/></Shape></Glyph><Glyph ID="char_68" CONTENT="ת" GC="1.0"><Shape><Polygon POINTS="1277 1701 1278 1843 1326 1843 1325 1701"/></Shape></Glyph><Glyph ID="char_69" CONTENT=" " GC="1.0"><Shape><Polygon POINTS="1248 1702 1249 1844 1278 1843 1277 1701"/></Shape></Glyph><Glyph ID="char_70" CONTENT="ו" GC="1.0"><Shape><Polygon POINTS="1200 1702 1201 1844 1249 1844 1248 1702"/></Shape></Glyph><Glyph ID="char_71" CONTENT="ת" GC="1.0"><Shape><Polygon POINTS="1133 1703 1134 1845 1201 1844 1200 1702"/></Shape></Glyph><Glyph ID="char_72" CONTENT="מ" GC="1.0"><Shape><Polygon POINTS="1075 1703 1076 1845 1134 1845 1133 1703"/></Shape></Glyph><Glyph ID="char_73" CONTENT="ר" GC="1.0"><Shape><Polygon POINTS="1028 1704 1029 1846 1076 1845 1075 1703"/></Shape></Glyph><Glyph ID="char_74" CONTENT="ו" GC="1.0"><Shape><Polygon POINTS="980 1704 981 1846 1029 1846 1028 1704"/></Shape></Glyph><Glyph ID="char_75" CONTENT="ת" GC="1.0"><Shape><Polygon POINTS="941 1705 942 1847 981 1846 980 1704"/></Shape></Glyph><Glyph ID="char_76" CONTENT=" " GC="1.0"><Shape><Polygon POINTS="893 1705 894 1847 942 1847 941 1705"/></Shape></Glyph><Glyph ID="char_77" CONTENT="מ" GC="1.0"><Shape><Polygon POINTS="843 1707 848 1849 894 1847 893 1705"/></Shape></Glyph><Glyph ID="char_78" CONTENT="מ" GC="1.0"><Shape><Polygon POINTS="786 1709 791 1851 848 1849 843 1707"/></Shape></Glyph><Glyph ID="char_79" CONTENT="ע" GC="1.0"><Shape><Polygon POINTS="728 1711 733 1853 791 1851 786 1709"/></Shape></Glyph><Glyph ID="char_80" CONTENT="ר" GC="1.0"><Shape><Polygon POINTS="688 1709 680 1851 733 1853 728 1711"/></Shape></Glyph><Glyph ID="char_81" CONTENT=" " GC="1.0"><Shape><Polygon POINTS="659 1707 651 1849 680 1851 688 1709"/></Shape></Glyph><Glyph ID="char_82" CONTENT="א" GC="1.0"><Shape><Polygon POINTS="630 1706 622 1848 651 1849 659 1707"/></Shape></Glyph><Glyph ID="char_83" CONTENT=" " GC="1.0"><Shape><Polygon POINTS="606 1790 624 1791"/></Shape></Glyph></String>
          </TextLine>

          
          
          <TextLine ID="eSc_line_1774071" BASELINE="556 1933 691 1927 1169 1936 1380 1927 1554 1930" HPOS="552.0" VPOS="1841.0" WIDTH="1003.0" HEIGHT="151.0">
            <Shape><Polygon POINTS="552 1847 687 1841 1170 1850 1376 1841 1555 1844 1553 1986 1382 1983 1167 1992 693 1983 558 1989"/></Shape>
	    <String CONTENT="מדה אחת וקצב אחד לכלה " HPOS="552.0" VPOS="1841.0" WIDTH="1003.0" HEIGHT="151.0"><Glyph ID="char_84" CONTENT="מ" GC="1.0"><Shape><Polygon POINTS="1468 1843 1466 1984 1524 1985 1526 1844"/></Shape></Glyph><Glyph ID="char_85" CONTENT="ד" GC="1.0"><Shape><Polygon POINTS="1401 1841 1399 1983 1466 1984 1468 1843"/></Shape></Glyph><Glyph ID="char_86" CONTENT="ה" GC="1.0"><Shape><Polygon POINTS="1348 1842 1354 1984 1399 1983 1401 1841"/></Shape></Glyph><Glyph ID="char_87" CONTENT=" " GC="1.0"><Shape><Polygon POINTS="1310 1844 1316 1986 1354 1984 1348 1842"/></Shape></Glyph><Glyph ID="char_88" CONTENT="א" GC="1.0"><Shape><Polygon POINTS="1262 1846 1268 1988 1316 1986 1310 1844"/></Shape></Glyph><Glyph ID="char_89" CONTENT="ח" GC="1.0"><Shape><Polygon POINTS="1214 1848 1220 1990 1268 1988 1262 1846"/></Shape></Glyph><Glyph ID="char_90" CONTENT="ת" GC="1.0"><Shape><Polygon POINTS="1166 1850 1172 1992 1220 1990 1214 1848"/></Shape></Glyph><Glyph ID="char_91" CONTENT=" " GC="1.0"><Shape><Polygon POINTS="1142 1849 1140 1991 1172 1992 1166 1850"/></Shape></Glyph><Glyph ID="char_92" CONTENT="ו" GC="1.0"><Shape><Polygon POINTS="1094 1849 1092 1991 1140 1991 1142 1849"/></Shape></Glyph><Glyph ID="char_93" CONTENT="ק" GC="1.0"><Shape><Polygon POINTS="1036 1848 1034 1989 1092 1991 1094 1849"/></Shape></Glyph><Glyph ID="char_94" CONTENT="צ" GC="1.0"><Shape><Polygon POINTS="979 1846 977 1988 1034 1989 1036 1848"/></Shape></Glyph><Glyph ID="char_95" CONTENT="ב" GC="1.0"><Shape><Polygon POINTS="940 1846 938 1988 977 1988 979 1846"/></Shape></Glyph><Glyph ID="char_96" CONTENT=" " GC="1.0"><Shape><Polygon POINTS="902 1845 900 1987 938 1988 940 1846"/></Shape></Glyph><Glyph ID="char_97" CONTENT="א" GC="1.0"><Shape><Polygon POINTS="854 1844 852 1986 900 1987 902 1845"/></Shape></Glyph><Glyph ID="char_98" CONTENT="ח" GC="1.0"><Shape><Polygon POINTS="806 1843 804 1985 852 1986 854 1844"/></Shape></Glyph><Glyph ID="char_99" CONTENT="ד" GC="1.0"><Shape><Polygon POINTS="767 1842 765 1984 804 1985 806 1843"/></Shape></Glyph><Glyph ID="char_100" CONTENT=" " GC="1.0"><Shape><Polygon POINTS="739 1842 737 1984 765 1984 767 1842"/></Shape></Glyph><Glyph ID="char_101" CONTENT="ל" GC="1.0"><Shape><Polygon POINTS="710 1841 708 1983 737 1984 739 1842"/></Shape></Glyph><Glyph ID="char_102" CONTENT="כ" GC="1.0"><Shape><Polygon POINTS="666 1842 672 1984 708 1983 710 1841"/></Shape></Glyph><Glyph ID="char_103" CONTENT="ל" GC="1.0"><Shape><Polygon POINTS="628 1844 634 1986 672 1984 666 1842"/></Shape></Glyph><Glyph ID="char_104" CONTENT="ה" GC="1.0"><Shape><Polygon POINTS="599 1845 605 1987 634 1986 628 1844"/></Shape></Glyph><Glyph ID="char_105" CONTENT=" " GC="1.0"><Shape><Polygon POINTS="561 1847 567 1989 605 1987 599 1845"/></Shape></Glyph></String>
          </TextLine>

          
          
          <TextLine ID="eSc_line_1774072" BASELINE="664 2050 1193 2068 1593 2056" HPOS="662.0" VPOS="1964.0" WIDTH="932.0" HEIGHT="160.0">
            <Shape><Polygon POINTS="666 1964 1195 1982 1590 1970 1594 2112 1191 2124 662 2106"/></Shape>
	    <String CONTENT="יכיל הכיור האחד ארב " HPOS="662.0" VPOS="1964.0" WIDTH="932.0" HEIGHT="160.0"><Glyph ID="char_106" CONTENT="י" GC="1.0"><Shape><Polygon POINTS="1494 1973 1498 2115 1556 2113 1552 1971"/></Shape></Glyph><Glyph ID="char_107" CONTENT="כ" GC="1.0"><Shape><Polygon POINTS="1465 1974 1469 2116 1498 2115 1494 1973"/></Shape></Glyph><Glyph ID="char_108" CONTENT="י" GC="1.0"><Shape><Polygon POINTS="1427 1975 1431 2117 1469 2116 1465 1974"/></Shape></Glyph><Glyph ID="char_109" CONTENT="ל" GC="1.0"><Shape><Polygon POINTS="1379 1976 1383 2118 1431 2117 1427 1975"/></Shape></Glyph><Glyph ID="char_110" CONTENT=" " GC="1.0"><Shape><Polygon POINTS="1341 1978 1345 2119 1383 2118 1379 1976"/></Shape></Glyph><Glyph ID="char_111" CONTENT="ה" GC="1.0"><Shape><Polygon POINTS="1293 1979 1297 2121 1345 2119 1341 1978"/></Shape></Glyph><Glyph ID="char_112" CONTENT="כ" GC="1.0"><Shape><Polygon POINTS="1254 1980 1258 2122 1297 2121 1293 1979"/></Shape></Glyph><Glyph ID="char_113" CONTENT="י" GC="1.0"><Shape><Polygon POINTS="1226 1981 1230 2123 1258 2122 1254 1980"/></Shape></Glyph><Glyph ID="char_114" CONTENT="ו" GC="1.0"><Shape><Polygon POINTS="1184 1982 1179 2124 1230 2123 1226 1981"/></Shape></Glyph><Glyph ID="char_115" CONTENT="ר" GC="1.0"><Shape><Polygon POINTS="1145 1980 1140 2122 1179 2124 1184 1982"/></Shape></Glyph><Glyph ID="char_116" CONTENT=" " GC="1.0"><Shape><Polygon POINTS="1107 1979 1102 2121 1140 2122 1145 1980"/></Shape></Glyph><Glyph ID="char_117" CONTENT="ה" GC="1.0"><Shape><Polygon POINTS="1069 1978 1064 2120 1102 2121 1107 1979"/></Shape></Glyph><Glyph ID="char_118" CONTENT="א" GC="1.0"><Shape><Polygon POINTS="1011 1976 1006 2118 1064 2120 1069 1978"/></Shape></Glyph><Glyph ID="char_119" CONTENT="ח" GC="1.0"><Shape><Polygon POINTS="954 1974 949 2116 1006 2118 1011 1976"/></Shape></Glyph><Glyph ID="char_120" CONTENT="ד" GC="1.0"><Shape><Polygon POINTS="906 1972 901 2114 949 2116 954 1974"/></Shape></Glyph><Glyph ID="char_121" CONTENT=" " GC="1.0"><Shape><Polygon POINTS="839 1970 834 2112 901 2114 906 1972"/></Shape></Glyph><Glyph ID="char_122" CONTENT="א" GC="1.0"><Shape><Polygon POINTS="781 1968 776 2110 834 2112 839 1970"/></Shape></Glyph><Glyph ID="char_123" CONTENT="ר" GC="1.0"><Shape><Polygon POINTS="743 1967 738 2109 776 2110 781 1968"/></Shape></Glyph><Glyph ID="char_124" CONTENT="ב" GC="1.0"><Shape><Polygon POINTS="714 1966 709 2108 738 2109 743 1967"/></Shape></Glyph><Glyph ID="char_125" CONTENT=" " GC="1.0"><Shape><Polygon POINTS="676 1964 671 2106 709 2108 714 1966"/></Shape></Glyph></String>
          </TextLine>

          
          
          <TextLine ID="eSc_line_1774074" BASELINE="868 2173 1001 2182 1310 2182 1467 2176 1572 2182" HPOS="864.0" VPOS="2087.0" WIDTH="712.0" HEIGHT="151.0">
            <Shape><Polygon POINTS="873 2087 1006 2096 1310 2096 1463 2090 1576 2096 1568 2238 1469 2232 1310 2238 997 2238 864 2229"/></Shape>
	    <String CONTENT="המכונות ויתן א " HPOS="864.0" VPOS="2087.0" WIDTH="712.0" HEIGHT="151.0"><Glyph ID="char_126" CONTENT="ה" GC="1.0"><Shape><Polygon POINTS="1488 2091 1480 2233 1538 2236 1546 2094"/></Shape></Glyph><Glyph ID="char_127" CONTENT="מ" GC="1.0"><Shape><Polygon POINTS="1422 2092 1428 2234 1480 2233 1488 2091"/></Shape></Glyph><Glyph ID="char_128" CONTENT="כ" GC="1.0"><Shape><Polygon POINTS="1374 2093 1380 2235 1428 2234 1422 2092"/></Shape></Glyph><Glyph ID="char_129" CONTENT="ו" GC="1.0"><Shape><Polygon POINTS="1345 2095 1351 2236 1380 2235 1374 2093"/></Shape></Glyph><Glyph ID="char_130" CONTENT="נ" GC="1.0"><Shape><Polygon POINTS="1316 2096 1322 2238 1351 2236 1345 2095"/></Shape></Glyph><Glyph ID="char_131" CONTENT="ו" GC="1.0"><Shape><Polygon POINTS="1272 2096 1272 2238 1322 2238 1316 2096"/></Shape></Glyph><Glyph ID="char_132" CONTENT="ת" GC="1.0"><Shape><Polygon POINTS="1185 2096 1185 2238 1272 2238 1272 2096"/></Shape></Glyph><Glyph ID="char_133" CONTENT=" " GC="1.0"><Shape><Polygon POINTS="1099 2096 1099 2238 1185 2238 1185 2096"/></Shape></Glyph><Glyph ID="char_134" CONTENT="ו" GC="1.0"><Shape><Polygon POINTS="1070 2096 1070 2238 1099 2238 1099 2096"/></Shape></Glyph><Glyph ID="char_135" CONTENT="י" GC="1.0"><Shape><Polygon POINTS="1021 2096 1021 2238 1070 2238 1070 2096"/></Shape></Glyph><Glyph ID="char_136" CONTENT="ת" GC="1.0"><Shape><Polygon POINTS="989 2095 978 2237 1021 2238 1021 2096"/></Shape></Glyph><Glyph ID="char_137" CONTENT="ן" GC="1.0"><Shape><Polygon POINTS="950 2092 940 2234 978 2237 989 2095"/></Shape></Glyph><Glyph ID="char_138" CONTENT=" " GC="1.0"><Shape><Polygon POINTS="931 2091 921 2233 940 2234 950 2092"/></Shape></Glyph><Glyph ID="char_139" CONTENT="א" GC="1.0"><Shape><Polygon POINTS="912 2090 902 2232 921 2233 931 2091"/></Shape></Glyph><Glyph ID="char_140" CONTENT=" " GC="1.0"><Shape><Polygon POINTS="883 2088 873 2230 902 2232 912 2090"/></Shape></Glyph></String>
          </TextLine>

          
          
          <TextLine ID="eSc_line_1774073" BASELINE="986 2306 1124 2312 1295 2306 1488 2306 1584 2297" HPOS="983.0" VPOS="2212.0" WIDTH="606.0" HEIGHT="156.0">
            <Shape><Polygon POINTS="989 2220 1127 2226 1292 2220 1488 2220 1576 2212 1589 2353 1488 2362 1296 2362 1121 2368 983 2362"/></Shape>
	    <String CONTENT="משמאלו ואת " HPOS="983.0" VPOS="2212.0" WIDTH="606.0" HEIGHT="156.0"><Glyph ID="char_141" CONTENT="מ" GC="1.0"><Shape><Polygon POINTS="1468 2220 1468 2362 1550 2357 1536 2216"/></Shape></Glyph><Glyph ID="char_142" CONTENT="ש" GC="1.0"><Shape><Polygon POINTS="1391 2220 1391 2362 1468 2362 1468 2220"/></Shape></Glyph><Glyph ID="char_143" CONTENT="מ" GC="1.0"><Shape><Polygon POINTS="1313 2220 1313 2362 1391 2362 1391 2220"/></Shape></Glyph><Glyph ID="char_144" CONTENT="א" GC="1.0"><Shape><Polygon POINTS="1253 2221 1258 2363 1313 2362 1313 2220"/></Shape></Glyph><Glyph ID="char_145" CONTENT="ל" GC="1.0"><Shape><Polygon POINTS="1214 2223 1219 2365 1258 2363 1253 2221"/></Shape></Glyph><Glyph ID="char_146" CONTENT="ו" GC="1.0"><Shape><Polygon POINTS="1185 2224 1190 2366 1219 2365 1214 2223"/></Shape></Glyph><Glyph ID="char_147" CONTENT=" " GC="1.0"><Shape><Polygon POINTS="1156 2225 1161 2367 1190 2366 1185 2224"/></Shape></Glyph><Glyph ID="char_148" CONTENT="ו" GC="1.0"><Shape><Polygon POINTS="1115 2225 1108 2367 1161 2367 1156 2225"/></Shape></Glyph><Glyph ID="char_149" CONTENT="א" GC="1.0"><Shape><Polygon POINTS="1057 2223 1050 2365 1108 2367 1115 2225"/></Shape></Glyph><Glyph ID="char_150" CONTENT="ת" GC="1.0"><Shape><Polygon POINTS="1009 2221 1002 2363 1050 2365 1057 2223"/></Shape></Glyph><Glyph ID="char_151" CONTENT=" " GC="1.0"><Shape><Polygon POINTS="985 2305 1004 2306"/></Shape></Glyph></String>
          </TextLine>

          
          
          <TextLine ID="eSc_line_1774080" BASELINE="1205 2447 1416 2438 1575 2447" HPOS="1201.0" VPOS="2352.0" WIDTH="378.0" HEIGHT="151.0">
            <Shape><Polygon POINTS="1201 2361 1412 2352 1579 2361 1571 2503 1418 2494 1207 2503"/></Shape>
	    <String CONTENT="את הסיר " HPOS="1201.0" VPOS="2352.0" WIDTH="378.0" HEIGHT="151.0"><Glyph ID="char_152" CONTENT="א" GC="1.0"><Shape><Polygon POINTS="1491 2356 1483 2498 1541 2501 1549 2359"/></Shape></Glyph><Glyph ID="char_153" CONTENT="ת" GC="1.0"><Shape><Polygon POINTS="1443 2354 1435 2495 1483 2498 1491 2356"/></Shape></Glyph><Glyph ID="char_154" CONTENT=" " GC="1.0"><Shape><Polygon POINTS="1385 2353 1391 2495 1435 2495 1443 2354"/></Shape></Glyph><Glyph ID="char_155" CONTENT="ה" GC="1.0"><Shape><Polygon POINTS="1336 2355 1342 2497 1391 2495 1385 2353"/></Shape></Glyph><Glyph ID="char_156" CONTENT="ס" GC="1.0"><Shape><Polygon POINTS="1278 2358 1284 2500 1342 2497 1336 2355"/></Shape></Glyph><Glyph ID="char_157" CONTENT="י" GC="1.0"><Shape><Polygon POINTS="1229 2360 1235 2502 1284 2500 1278 2358"/></Shape></Glyph><Glyph ID="char_158" CONTENT="ר" GC="1.0"><Shape><Polygon POINTS="1204 2447 1232 2445"/></Shape></Glyph><Glyph ID="char_159" CONTENT=" " GC="1.0"><Shape><Polygon POINTS="1204 2447 1204 2447"/></Shape></Glyph></String>
          </TextLine>

          
          
          <TextLine ID="eSc_line_1774079" BASELINE="1241 2585 1292 2576 1368 2573 1566 2594" HPOS="1226.0" VPOS="2487.0" WIDTH="348.0" HEIGHT="163.0">
            <Shape><Polygon POINTS="1226 2501 1277 2492 1364 2487 1574 2509 1560 2650 1370 2629 1301 2631 1250 2640"/></Shape>
	    <String CONTENT="עשה ל " HPOS="1226.0" VPOS="2487.0" WIDTH="348.0" HEIGHT="163.0"><Glyph ID="char_160" CONTENT="ע" GC="1.0"><Shape><Polygon POINTS="1488 2500 1473 2640 1530 2647 1545 2506"/></Shape></Glyph><Glyph ID="char_161" CONTENT="ש" GC="1.0"><Shape><Polygon POINTS="1412 2492 1397 2632 1473 2640 1488 2500"/></Shape></Glyph><Glyph ID="char_162" CONTENT="ה" GC="1.0"><Shape><Polygon POINTS="1332 2489 1337 2630 1397 2632 1412 2492"/></Shape></Glyph><Glyph ID="char_163" CONTENT=" " GC="1.0"><Shape><Polygon POINTS="1303 2491 1308 2631 1337 2630 1332 2489"/></Shape></Glyph><Glyph ID="char_164" CONTENT="ל" GC="1.0"><Shape><Polygon POINTS="1264 2494 1288 2633 1308 2631 1303 2491"/></Shape></Glyph><Glyph ID="char_165" CONTENT=" " GC="1.0"><Shape><Polygon POINTS="1240 2585 1278 2578"/></Shape></Glyph></String>
          </TextLine>

          
          
          <TextLine ID="eSc_line_1774077" BASELINE="1238 2730 1455 2736 1578 2748" HPOS="1236.0" VPOS="2644.0" WIDTH="350.0" HEIGHT="160.0">
            <Shape><Polygon POINTS="1240 2644 1457 2650 1586 2663 1572 2804 1453 2792 1236 2786"/></Shape>
	    <String CONTENT="והשבכ " HPOS="1236.0" VPOS="2644.0" WIDTH="350.0" HEIGHT="160.0"><Glyph ID="char_166" CONTENT="ו" GC="1.0"><Shape><Polygon POINTS="1508 2655 1494 2796 1552 2802 1566 2661"/></Shape></Glyph><Glyph ID="char_167" CONTENT="ה" GC="1.0"><Shape><Polygon POINTS="1425 2649 1420 2791 1494 2796 1508 2655"/></Shape></Glyph><Glyph ID="char_168" CONTENT="ש" GC="1.0"><Shape><Polygon POINTS="1347 2647 1342 2789 1420 2791 1425 2649"/></Shape></Glyph><Glyph ID="char_169" CONTENT="ב" GC="1.0"><Shape><Polygon POINTS="1299 2646 1294 2788 1342 2789 1347 2647"/></Shape></Glyph><Glyph ID="char_170" CONTENT="כ" GC="1.0"><Shape><Polygon POINTS="1270 2645 1265 2787 1294 2788 1299 2646"/></Shape></Glyph><Glyph ID="char_171" CONTENT=" " GC="1.0"><Shape><Polygon POINTS="1237 2729 1266 2729"/></Shape></Glyph></String>
          </TextLine>

          
          
          <TextLine ID="eSc_line_1774078" BASELINE="1214 2877 1476 2892 1509 2886 1566 2886" HPOS="1210.0" VPOS="2791.0" WIDTH="356.0" HEIGHT="157.0">
            <Shape><Polygon POINTS="1218 2791 1480 2806 1493 2802 1566 2800 1566 2942 1519 2941 1472 2948 1210 2933"/></Shape>
	    <String CONTENT="ואת הר " HPOS="1210.0" VPOS="2791.0" WIDTH="356.0" HEIGHT="157.0"><Glyph ID="char_172" CONTENT="ו" GC="1.0"><Shape><Polygon POINTS="1483 2805 1508 2943 1546 2942 1546 2801"/></Shape></Glyph><Glyph ID="char_173" CONTENT="א" GC="1.0"><Shape><Polygon POINTS="1457 2805 1448 2947 1508 2943 1483 2805"/></Shape></Glyph><Glyph ID="char_174" CONTENT="ת" GC="1.0"><Shape><Polygon POINTS="1418 2802 1409 2944 1448 2947 1457 2805"/></Shape></Glyph><Glyph ID="char_175" CONTENT=" " GC="1.0"><Shape><Polygon POINTS="1380 2800 1371 2942 1409 2944 1418 2802"/></Shape></Glyph><Glyph ID="char_176" CONTENT="ה" GC="1.0"><Shape><Polygon POINTS="1323 2797 1314 2939 1371 2942 1380 2800"/></Shape></Glyph><Glyph ID="char_177" CONTENT="ר" GC="1.0"><Shape><Polygon POINTS="1275 2794 1266 2936 1314 2939 1323 2797"/></Shape></Glyph><Glyph ID="char_178" CONTENT=" " GC="1.0"><Shape><Polygon POINTS="1228 2792 1220 2934 1266 2936 1275 2794"/></Shape></Glyph></String>
          </TextLine>

          
        </TextBlock>
        

        
      </PrintSpace>
    </Page>
  </Layout>
</alto>