<?xml version='1.0' encoding='UTF-8'?>
<alto xmlns:xsi="http://www.w3.org/2001/XMLSchema-instance" xmlns="http://www.loc.gov/standards/alto/ns-v4#" xsi:schemaLocation="http://www.loc.gov/standards/alto/ns-v4# http://www.loc.gov/standards/alto/v4/alto-4-2.xsd">
  <Description>
    <MeasurementUnit>pixel</MeasurementUnit>
    <sourceImageInformation>
      <fileName>P1109-Fg016-R-C01-R01-D01072013-T084539-LR924_012.jpg</fileName>
      
    </sourceImageInformation>
  </Description>
  
  <Tags>
    <OtherTag ID="BT1443" LABEL="Parchment_or_papyrus" DESCRIPTION="block type Parchment_or_papyrus"/><OtherTag ID="BT2" LABEL="Main" DESCRIPTION="block type Main"/>
    
  </Tags>
  
  <Layout>
    <Page WIDTH="3608" HEIGHT="2706" PHYSICAL_IMG_NR="165" ID="eSc_dummypage_">
      <PrintSpace HPOS="0" VPOS="0" WIDTH="3608" HEIGHT="2706">
        
        <TextBlock HPOS="1375.0" VPOS="714.0" WIDTH="1386.0" HEIGHT="1424.0" ID="eSc_textblock_7372262f" TAGREFS="BT2">
          <Shape><Polygon POINTS="1375 714 1375 2138 2761 2138 2761 714"/></Shape>
          
          
          <TextLine ID="eSc_line_1791282" BASELINE="1619 818 1794 826 1982 811" HPOS="1615.0" VPOS="706.0" WIDTH="372.0" HEIGHT="189.0">
            <Shape><Polygon POINTS="1623 713 1798 721 1973 706 1987 880 1790 895 1615 887"/></Shape>
	    <String CONTENT=" תקם כ " HPOS="1615.0" VPOS="706.0" WIDTH="372.0" HEIGHT="189.0"><Glyph ID="char_0" CONTENT=" " GC="1.0"><Shape><Polygon POINTS="1867 715 1881 888 1952 883 1938 709"/></Shape></Glyph><Glyph ID="char_1" CONTENT="ת" GC="1.0"><Shape><Polygon POINTS="1820 719 1834 892 1881 888 1867 715"/></Shape></Glyph><Glyph ID="char_2" CONTENT="ק" GC="1.0"><Shape><Polygon POINTS="1764 719 1755 893 1834 892 1820 719"/></Shape></Glyph><Glyph ID="char_3" CONTENT="ם" GC="1.0"><Shape><Polygon POINTS="1694 716 1685 890 1755 893 1764 719"/></Shape></Glyph><Glyph ID="char_4" CONTENT=" " GC="1.0"><Shape><Polygon POINTS="1658 715 1649 889 1685 890 1694 716"/></Shape></Glyph><Glyph ID="char_5" CONTENT="כ" GC="1.0"><Shape><Polygon POINTS="1618 817 1652 818"/></Shape></Glyph><Glyph ID="char_6" CONTENT=" " GC="1.0"><Shape><Polygon POINTS="1618 817 1618 817"/></Shape></Glyph></String>
          </TextLine>

          
          
          <TextLine ID="eSc_line_1791283" BASELINE="1619 958 2171 958" HPOS="1619.0" VPOS="853.0" WIDTH="552.0" HEIGHT="174.0">
            <Shape><Polygon POINTS="1619 853 2171 853 2171 1027 1619 1027"/></Shape>
	    <String CONTENT=" ץ שב כל ה " HPOS="1619.0" VPOS="853.0" WIDTH="552.0" HEIGHT="174.0"><Glyph ID="char_7" CONTENT=" " GC="1.0"><Shape><Polygon POINTS="2042 853 2042 1027 2113 1027 2113 853"/></Shape></Glyph><Glyph ID="char_8" CONTENT="ץ" GC="1.0"><Shape><Polygon POINTS="2031 853 2031 1027 2042 1027 2042 853"/></Shape></Glyph><Glyph ID="char_9" CONTENT=" " GC="1.0"><Shape><Polygon POINTS="2019 853 2019 1027 2031 1027 2031 853"/></Shape></Glyph><Glyph ID="char_10" CONTENT="ש" GC="1.0"><Shape><Polygon POINTS="2007 853 2007 1027 2019 1027 2019 853"/></Shape></Glyph><Glyph ID="char_11" CONTENT="ב" GC="1.0"><Shape><Polygon POINTS="1995 853 1995 1027 2007 1027 2007 853"/></Shape></Glyph><Glyph ID="char_12" CONTENT=" " GC="1.0"><Shape><Polygon POINTS="1972 853 1972 1027 1995 1027 1995 853"/></Shape></Glyph><Glyph ID="char_13" CONTENT="כ" GC="1.0"><Shape><Polygon POINTS="1913 853 1913 1027 1972 1027 1972 853"/></Shape></Glyph><Glyph ID="char_14" CONTENT="ל" GC="1.0"><Shape><Polygon POINTS="1854 853 1854 1027 1913 1027 1913 853"/></Shape></Glyph><Glyph ID="char_15" CONTENT=" " GC="1.0"><Shape><Polygon POINTS="1807 853 1807 1027 1854 1027 1854 853"/></Shape></Glyph><Glyph ID="char_16" CONTENT="ה" GC="1.0"><Shape><Polygon POINTS="1737 853 1737 1027 1807 1027 1807 853"/></Shape></Glyph><Glyph ID="char_17" CONTENT=" " GC="1.0"><Shape><Polygon POINTS="1643 853 1643 1027 1737 1027 1737 853"/></Shape></Glyph></String>
          </TextLine>

          
          
          <TextLine ID="eSc_line_1791284" BASELINE="1643 1161 1761 1168 1907 1159 2446 1141 2588 1132 2669 1132" HPOS="1638.0" VPOS="1027.0" WIDTH="1031.0" HEIGHT="210.0">
            <Shape><Polygon POINTS="1649 1056 1767 1063 1900 1054 2442 1036 2581 1027 2669 1027 2669 1201 2592 1201 2448 1210 1911 1228 1756 1237 1638 1230"/></Shape>
	    <String CONTENT=" י יאמרו לוא יראכה יה " HPOS="1638.0" VPOS="1027.0" WIDTH="1031.0" HEIGHT="210.0"><Glyph ID="char_18" CONTENT=" " GC="1.0"><Shape><Polygon POINTS="2634 1027 2634 1201 2657 1201 2657 1027"/></Shape></Glyph><Glyph ID="char_19" CONTENT="י" GC="1.0"><Shape><Polygon POINTS="2622 1027 2622 1201 2634 1201 2634 1027"/></Shape></Glyph><Glyph ID="char_20" CONTENT=" " GC="1.0"><Shape><Polygon POINTS="2599 1027 2599 1201 2622 1201 2622 1027"/></Shape></Glyph><Glyph ID="char_21" CONTENT="י" GC="1.0"><Shape><Polygon POINTS="2545 1029 2556 1203 2599 1201 2599 1027"/></Shape></Glyph><Glyph ID="char_22" CONTENT="א" GC="1.0"><Shape><Polygon POINTS="2475 1034 2486 1208 2556 1203 2545 1029"/></Shape></Glyph><Glyph ID="char_23" CONTENT="מ" GC="1.0"><Shape><Polygon POINTS="2421 1037 2426 1211 2486 1208 2475 1034"/></Shape></Glyph><Glyph ID="char_24" CONTENT="ר" GC="1.0"><Shape><Polygon POINTS="2374 1038 2379 1212 2426 1211 2421 1037"/></Shape></Glyph><Glyph ID="char_25" CONTENT="ו" GC="1.0"><Shape><Polygon POINTS="2339 1039 2345 1213 2379 1212 2374 1038"/></Shape></Glyph><Glyph ID="char_26" CONTENT=" " GC="1.0"><Shape><Polygon POINTS="2304 1041 2310 1215 2345 1213 2339 1039"/></Shape></Glyph><Glyph ID="char_27" CONTENT="ל" GC="1.0"><Shape><Polygon POINTS="2257 1042 2263 1216 2310 1215 2304 1041"/></Shape></Glyph><Glyph ID="char_28" CONTENT="ו" GC="1.0"><Shape><Polygon POINTS="2210 1044 2216 1218 2263 1216 2257 1042"/></Shape></Glyph><Glyph ID="char_29" CONTENT="א" GC="1.0"><Shape><Polygon POINTS="2152 1046 2158 1220 2216 1218 2210 1044"/></Shape></Glyph><Glyph ID="char_30" CONTENT=" " GC="1.0"><Shape><Polygon POINTS="2105 1047 2111 1221 2158 1220 2152 1046"/></Shape></Glyph><Glyph ID="char_31" CONTENT="י" GC="1.0"><Shape><Polygon POINTS="2059 1049 2065 1223 2111 1221 2105 1047"/></Shape></Glyph><Glyph ID="char_32" CONTENT="ר" GC="1.0"><Shape><Polygon POINTS="2012 1050 2018 1224 2065 1223 2059 1049"/></Shape></Glyph><Glyph ID="char_33" CONTENT="א" GC="1.0"><Shape><Polygon POINTS="1965 1052 1971 1226 2018 1224 2012 1050"/></Shape></Glyph><Glyph ID="char_34" CONTENT="כ" GC="1.0"><Shape><Polygon POINTS="1907 1054 1913 1228 1971 1226 1965 1052"/></Shape></Glyph><Glyph ID="char_35" CONTENT="ה" GC="1.0"><Shape><Polygon POINTS="1845 1058 1856 1231 1913 1228 1907 1054"/></Shape></Glyph><Glyph ID="char_36" CONTENT=" " GC="1.0"><Shape><Polygon POINTS="1787 1062 1798 1235 1856 1231 1845 1058"/></Shape></Glyph><Glyph ID="char_37" CONTENT="י" GC="1.0"><Shape><Polygon POINTS="1742 1062 1730 1235 1798 1235 1787 1062"/></Shape></Glyph><Glyph ID="char_38" CONTENT="ה" GC="1.0"><Shape><Polygon POINTS="1696 1059 1684 1233 1730 1235 1742 1062"/></Shape></Glyph><Glyph ID="char_39" CONTENT=" " GC="1.0"><Shape><Polygon POINTS="1642 1160 1688 1163"/></Shape></Glyph></String>
          </TextLine>

          
          
          <TextLine ID="eSc_line_1791285" BASELINE="1553 1353 1623 1343 1731 1337 1979 1339 2248 1334 2566 1319" HPOS="1538.0" VPOS="1214.0" WIDTH="1031.0" HEIGHT="207.0">
            <Shape><Polygon POINTS="1538 1249 1608 1239 1725 1232 1979 1234 2246 1229 2561 1214 2569 1388 2249 1403 1978 1408 1734 1406 1632 1411 1562 1421"/></Shape>
	    <String CONTENT=" חרה את הסוסים ובא ץ " HPOS="1538.0" VPOS="1214.0" WIDTH="1031.0" HEIGHT="207.0"><Glyph ID="char_40" CONTENT=" " GC="1.0"><Shape><Polygon POINTS="2491 1217 2499 1391 2557 1389 2549 1215"/></Shape></Glyph><Glyph ID="char_41" CONTENT="ח" GC="1.0"><Shape><Polygon POINTS="2421 1221 2429 1395 2499 1391 2491 1217"/></Shape></Glyph><Glyph ID="char_42" CONTENT="ר" GC="1.0"><Shape><Polygon POINTS="2351 1224 2359 1398 2429 1395 2421 1221"/></Shape></Glyph><Glyph ID="char_43" CONTENT="ה" GC="1.0"><Shape><Polygon POINTS="2304 1226 2312 1400 2359 1398 2351 1224"/></Shape></Glyph><Glyph ID="char_44" CONTENT=" " GC="1.0"><Shape><Polygon POINTS="2258 1228 2266 1402 2312 1400 2304 1226"/></Shape></Glyph><Glyph ID="char_45" CONTENT="א" GC="1.0"><Shape><Polygon POINTS="2191 1230 2194 1404 2266 1402 2258 1228"/></Shape></Glyph><Glyph ID="char_46" CONTENT="ת" GC="1.0"><Shape><Polygon POINTS="2132 1231 2135 1405 2194 1404 2191 1230"/></Shape></Glyph><Glyph ID="char_47" CONTENT=" " GC="1.0"><Shape><Polygon POINTS="2086 1232 2089 1406 2135 1405 2132 1231"/></Shape></Glyph><Glyph ID="char_48" CONTENT="ה" GC="1.0"><Shape><Polygon POINTS="2027 1233 2030 1407 2089 1406 2086 1232"/></Shape></Glyph><Glyph ID="char_49" CONTENT="ס" GC="1.0"><Shape><Polygon POINTS="1972 1234 1971 1408 2030 1407 2027 1233"/></Shape></Glyph><Glyph ID="char_50" CONTENT="ו" GC="1.0"><Shape><Polygon POINTS="1902 1233 1901 1407 1971 1408 1972 1234"/></Shape></Glyph><Glyph ID="char_51" CONTENT="ס" GC="1.0"><Shape><Polygon POINTS="1855 1233 1854 1407 1901 1407 1902 1233"/></Shape></Glyph><Glyph ID="char_52" CONTENT="י" GC="1.0"><Shape><Polygon POINTS="1797 1233 1796 1407 1854 1407 1855 1233"/></Shape></Glyph><Glyph ID="char_53" CONTENT="ם" GC="1.0"><Shape><Polygon POINTS="1739 1232 1738 1406 1796 1407 1797 1233"/></Shape></Glyph><Glyph ID="char_54" CONTENT=" " GC="1.0"><Shape><Polygon POINTS="1697 1234 1707 1407 1738 1406 1739 1232"/></Shape></Glyph><Glyph ID="char_55" CONTENT="ו" GC="1.0"><Shape><Polygon POINTS="1662 1236 1672 1409 1707 1407 1697 1234"/></Shape></Glyph><Glyph ID="char_56" CONTENT="ב" GC="1.0"><Shape><Polygon POINTS="1638 1237 1648 1410 1672 1409 1662 1236"/></Shape></Glyph><Glyph ID="char_57" CONTENT="א" GC="1.0"><Shape><Polygon POINTS="1595 1241 1619 1413 1648 1410 1638 1237"/></Shape></Glyph><Glyph ID="char_58" CONTENT=" " GC="1.0"><Shape><Polygon POINTS="1572 1244 1596 1416 1619 1413 1595 1241"/></Shape></Glyph><Glyph ID="char_59" CONTENT="ץ" GC="1.0"><Shape><Polygon POINTS="1549 1247 1573 1419 1596 1416 1572 1244"/></Shape></Glyph><Glyph ID="char_60" CONTENT=" " GC="1.0"><Shape><Polygon POINTS="1552 1353 1563 1351"/></Shape></Glyph></String>
          </TextLine>

          
          
          <TextLine ID="eSc_line_1791286" BASELINE="1289 1533 1431 1544 1515 1544 1801 1531 1891 1531 2094 1510 2234 1513" HPOS="1283.0" VPOS="1406.0" WIDTH="953.0" HEIGHT="207.0">
            <Shape><Polygon POINTS="1297 1428 1439 1439 1515 1439 1796 1426 1891 1426 2083 1406 2236 1408 2232 1582 2101 1579 1891 1600 1804 1600 1515 1613 1425 1613 1283 1602"/></Shape>
	    <String CONTENT=" יך ובית אביך גם " HPOS="1283.0" VPOS="1406.0" WIDTH="953.0" HEIGHT="207.0"><Glyph ID="char_61" CONTENT=" " GC="1.0"><Shape><Polygon POINTS="2188 1407 2185 1581 2220 1582 2223 1408"/></Shape></Glyph><Glyph ID="char_62" CONTENT="י" GC="1.0"><Shape><Polygon POINTS="2141 1407 2138 1580 2185 1581 2188 1407"/></Shape></Glyph><Glyph ID="char_63" CONTENT="ך" GC="1.0"><Shape><Polygon POINTS="2082 1406 2100 1579 2138 1580 2141 1407"/></Shape></Glyph><Glyph ID="char_64" CONTENT=" " GC="1.0"><Shape><Polygon POINTS="2048 1410 2065 1583 2100 1579 2082 1406"/></Shape></Glyph><Glyph ID="char_65" CONTENT="ו" GC="1.0"><Shape><Polygon POINTS="2013 1413 2031 1586 2065 1583 2048 1410"/></Shape></Glyph><Glyph ID="char_66" CONTENT="ב" GC="1.0"><Shape><Polygon POINTS="1966 1418 1984 1591 2031 1586 2013 1413"/></Shape></Glyph><Glyph ID="char_67" CONTENT="י" GC="1.0"><Shape><Polygon POINTS="1907 1424 1925 1597 1984 1591 1966 1418"/></Shape></Glyph><Glyph ID="char_68" CONTENT="ת" GC="1.0"><Shape><Polygon POINTS="1860 1426 1860 1600 1925 1597 1907 1424"/></Shape></Glyph><Glyph ID="char_69" CONTENT=" " GC="1.0"><Shape><Polygon POINTS="1825 1426 1825 1600 1860 1600 1860 1426"/></Shape></Glyph><Glyph ID="char_70" CONTENT="א" GC="1.0"><Shape><Polygon POINTS="1761 1428 1769 1602 1825 1600 1825 1426"/></Shape></Glyph><Glyph ID="char_71" CONTENT="ב" GC="1.0"><Shape><Polygon POINTS="1692 1431 1699 1605 1769 1602 1761 1428"/></Shape></Glyph><Glyph ID="char_72" CONTENT="י" GC="1.0"><Shape><Polygon POINTS="1645 1433 1652 1607 1699 1605 1692 1431"/></Shape></Glyph><Glyph ID="char_73" CONTENT="ך" GC="1.0"><Shape><Polygon POINTS="1610 1435 1618 1608 1652 1607 1645 1433"/></Shape></Glyph><Glyph ID="char_74" CONTENT=" " GC="1.0"><Shape><Polygon POINTS="1564 1437 1572 1610 1618 1608 1610 1435"/></Shape></Glyph><Glyph ID="char_75" CONTENT="ג" GC="1.0"><Shape><Polygon POINTS="1509 1439 1509 1613 1572 1610 1564 1437"/></Shape></Glyph><Glyph ID="char_76" CONTENT="ם" GC="1.0"><Shape><Polygon POINTS="1439 1439 1439 1613 1509 1613 1509 1439"/></Shape></Glyph><Glyph ID="char_77" CONTENT=" " GC="1.0"><Shape><Polygon POINTS="1344 1432 1329 1606 1439 1613 1439 1439"/></Shape></Glyph></String>
          </TextLine>

          
          
          <TextLine ID="eSc_line_1791287" BASELINE="1488 1709 1785 1718 2018 1707 2212 1709" HPOS="1485.0" VPOS="1602.0" WIDTH="728.0" HEIGHT="185.0">
            <Shape><Polygon POINTS="1491 1604 1788 1613 2013 1602 2213 1604 2211 1778 2021 1776 1782 1787 1485 1778"/></Shape>
	    <String CONTENT=" ם כי ידברו אלי " HPOS="1485.0" VPOS="1602.0" WIDTH="728.0" HEIGHT="185.0"><Glyph ID="char_78" CONTENT=" " GC="1.0"><Shape><Polygon POINTS="2154 1603 2152 1777 2199 1778 2201 1604"/></Shape></Glyph><Glyph ID="char_79" CONTENT="ם" GC="1.0"><Shape><Polygon POINTS="2119 1603 2117 1777 2152 1777 2154 1603"/></Shape></Glyph><Glyph ID="char_80" CONTENT=" " GC="1.0"><Shape><Polygon POINTS="2073 1603 2071 1777 2117 1777 2119 1603"/></Shape></Glyph><Glyph ID="char_81" CONTENT="כ" GC="1.0"><Shape><Polygon POINTS="2026 1602 2024 1776 2071 1777 2073 1603"/></Shape></Glyph><Glyph ID="char_82" CONTENT="י" GC="1.0"><Shape><Polygon POINTS="1973 1604 1981 1778 2024 1776 2026 1602"/></Shape></Glyph><Glyph ID="char_83" CONTENT=" " GC="1.0"><Shape><Polygon POINTS="1938 1606 1946 1779 1981 1778 1973 1604"/></Shape></Glyph><Glyph ID="char_84" CONTENT="י" GC="1.0"><Shape><Polygon POINTS="1880 1609 1888 1782 1946 1779 1938 1606"/></Shape></Glyph><Glyph ID="char_85" CONTENT="ד" GC="1.0"><Shape><Polygon POINTS="1833 1611 1841 1784 1888 1782 1880 1609"/></Shape></Glyph><Glyph ID="char_86" CONTENT="ב" GC="1.0"><Shape><Polygon POINTS="1782 1613 1777 1787 1841 1784 1833 1611"/></Shape></Glyph><Glyph ID="char_87" CONTENT="ר" GC="1.0"><Shape><Polygon POINTS="1724 1611 1719 1785 1777 1787 1782 1613"/></Shape></Glyph><Glyph ID="char_88" CONTENT="ו" GC="1.0"><Shape><Polygon POINTS="1689 1610 1684 1784 1719 1785 1724 1611"/></Shape></Glyph><Glyph ID="char_89" CONTENT=" " GC="1.0"><Shape><Polygon POINTS="1642 1609 1637 1783 1684 1784 1689 1610"/></Shape></Glyph><Glyph ID="char_90" CONTENT="א" GC="1.0"><Shape><Polygon POINTS="1595 1607 1590 1781 1637 1783 1642 1609"/></Shape></Glyph><Glyph ID="char_91" CONTENT="ל" GC="1.0"><Shape><Polygon POINTS="1549 1606 1544 1780 1590 1781 1595 1607"/></Shape></Glyph><Glyph ID="char_92" CONTENT="י" GC="1.0"><Shape><Polygon POINTS="1525 1605 1520 1779 1544 1780 1549 1606"/></Shape></Glyph><Glyph ID="char_93" CONTENT=" " GC="1.0"><Shape><Polygon POINTS="1487 1708 1521 1709"/></Shape></Glyph></String>
          </TextLine>

          
          
          <TextLine ID="eSc_line_1791288" BASELINE="1528 1894 1569 1909 1788 1898" HPOS="1504.0" VPOS="1793.0" WIDTH="287.0" HEIGHT="181.0">
            <Shape><Polygon POINTS="1563 1795 1604 1810 1782 1793 1791 1967 1545 1974 1504 1959"/></Shape>
	    <String CONTENT=" ת נפ " HPOS="1504.0" VPOS="1793.0" WIDTH="287.0" HEIGHT="181.0"><Glyph ID="char_94" CONTENT=" " GC="1.0"><Shape><Polygon POINTS="1722 1799 1730 1969 1778 1967 1770 1794"/></Shape></Glyph><Glyph ID="char_95" CONTENT="ת" GC="1.0"><Shape><Polygon POINTS="1674 1803 1682 1970 1730 1969 1722 1799"/></Shape></Glyph><Glyph ID="char_96" CONTENT=" " GC="1.0"><Shape><Polygon POINTS="1627 1808 1635 1971 1682 1970 1674 1803"/></Shape></Glyph><Glyph ID="char_97" CONTENT="נ" GC="1.0"><Shape><Polygon POINTS="1591 1805 1599 1972 1635 1971 1627 1808"/></Shape></Glyph><Glyph ID="char_98" CONTENT="פ" GC="1.0"><Shape><Polygon POINTS="1587 1804 1525 1967 1599 1972 1591 1805"/></Shape></Glyph><Glyph ID="char_99" CONTENT=" " GC="1.0"><Shape><Polygon POINTS="1527 1893 1549 1901"/></Shape></Glyph></String>
          </TextLine>

          
        </TextBlock>
        

        
      </PrintSpace>
    </Page>
  </Layout>
</alto>