<?xml version='1.0' encoding='UTF-8'?>
<alto xmlns:xsi="http://www.w3.org/2001/XMLSchema-instance" xmlns="http://www.loc.gov/standards/alto/ns-v4#" xsi:schemaLocation="http://www.loc.gov/standards/alto/ns-v4# http://www.loc.gov/standards/alto/v4/alto-4-2.xsd">
  <Description>
    <MeasurementUnit>pixel</MeasurementUnit>
    <sourceImageInformation>
      <fileName>P1116-Fg001-R-C01-R01-D07082013-T153730-LR924_012.jpg</fileName>
      
    </sourceImageInformation>
  </Description>
  
  <Tags>
    <OtherTag ID="BT1443" LABEL="Parchment_or_papyrus" DESCRIPTION="block type Parchment_or_papyrus"/><OtherTag ID="BT2" LABEL="Main" DESCRIPTION="block type Main"/>
    
  </Tags>
  
  <Layout>
    <Page WIDTH="3608" HEIGHT="2706" PHYSICAL_IMG_NR="37" ID="eSc_dummypage_">
      <PrintSpace HPOS="0" VPOS="0" WIDTH="3608" HEIGHT="2706">
        
        <TextBlock HPOS="1183.0" VPOS="859.0" WIDTH="1365.0" HEIGHT="935.0" ID="eSc_textblock_f4902830" TAGREFS="BT2">
          <Shape><Polygon POINTS="1183 859 1183 1794 2548 1794 2548 859"/></Shape>
          
          
          <TextLine ID="eSc_line_1793239" BASELINE="1217 961 1575 978 1901 985 2354 985 2436 978" HPOS="1214.0" VPOS="877.0" WIDTH="1226.0" HEIGHT="163.0">
            <Shape><Polygon POINTS="1220 877 1578 894 1902 901 2354 901 2428 894 2440 1033 2354 1040 1899 1040 1572 1033 1214 1016"/></Shape>
	    <String CONTENT=" כי יפקד מ " HPOS="1214.0" VPOS="877.0" WIDTH="1226.0" HEIGHT="163.0"><Glyph ID="char_0" CONTENT=" " GC="1.0"><Shape><Polygon POINTS="1658 896 1655 1035 2106 1040 2106 901"/></Shape></Glyph><Glyph ID="char_1" CONTENT="כ" GC="1.0"><Shape><Polygon POINTS="1520 891 1513 1030 1655 1035 1658 896"/></Shape></Glyph><Glyph ID="char_2" CONTENT="י" GC="1.0"><Shape><Polygon POINTS="1483 889 1476 1028 1513 1030 1520 891"/></Shape></Glyph><Glyph ID="char_3" CONTENT=" " GC="1.0"><Shape><Polygon POINTS="1455 888 1448 1027 1476 1028 1483 889"/></Shape></Glyph><Glyph ID="char_4" CONTENT="י" GC="1.0"><Shape><Polygon POINTS="1427 887 1420 1026 1448 1027 1455 888"/></Shape></Glyph><Glyph ID="char_5" CONTENT="פ" GC="1.0"><Shape><Polygon POINTS="1389 885 1382 1024 1420 1026 1427 887"/></Shape></Glyph><Glyph ID="char_6" CONTENT="ק" GC="1.0"><Shape><Polygon POINTS="1342 883 1335 1022 1382 1024 1389 885"/></Shape></Glyph><Glyph ID="char_7" CONTENT="ד" GC="1.0"><Shape><Polygon POINTS="1305 881 1298 1020 1335 1022 1342 883"/></Shape></Glyph><Glyph ID="char_8" CONTENT=" " GC="1.0"><Shape><Polygon POINTS="1267 879 1260 1018 1298 1020 1305 881"/></Shape></Glyph><Glyph ID="char_9" CONTENT="מ" GC="1.0"><Shape><Polygon POINTS="1248 878 1241 1017 1260 1018 1267 879"/></Shape></Glyph><Glyph ID="char_10" CONTENT=" " GC="1.0"><Shape><Polygon POINTS="1216 960 1243 961"/></Shape></Glyph></String>
          </TextLine>

          
          
          <TextLine ID="eSc_line_1791298" BASELINE="1235 1107 1305 1113 1364 1113 1508 1104 1889 1095 2083 1086 2268 1073 2442 1071" HPOS="1230.0" VPOS="987.0" WIDTH="1212.0" HEIGHT="181.0">
            <Shape><Polygon POINTS="1242 1023 1312 1029 1364 1029 1502 1020 1887 1011 2079 1002 2262 989 2441 987 2442 1126 2271 1128 2085 1141 1890 1150 1511 1159 1364 1168 1300 1168 1230 1162"/></Shape>
	    <String CONTENT="הלא עשני בבטן עשהו ויכננו ב חם " HPOS="1230.0" VPOS="987.0" WIDTH="1212.0" HEIGHT="181.0"><Glyph ID="char_11" CONTENT="ה" GC="1.0"><Shape><Polygon POINTS="2347 988 2348 1127 2414 1126 2413 987"/></Shape></Glyph><Glyph ID="char_12" CONTENT="ל" GC="1.0"><Shape><Polygon POINTS="2291 989 2292 1128 2348 1127 2347 988"/></Shape></Glyph><Glyph ID="char_13" CONTENT="א" GC="1.0"><Shape><Polygon POINTS="2249 990 2258 1129 2292 1128 2291 989"/></Shape></Glyph><Glyph ID="char_14" CONTENT=" " GC="1.0"><Shape><Polygon POINTS="2211 993 2221 1132 2258 1129 2249 990"/></Shape></Glyph><Glyph ID="char_15" CONTENT="ע" GC="1.0"><Shape><Polygon POINTS="2174 995 2184 1134 2221 1132 2211 993"/></Shape></Glyph><Glyph ID="char_16" CONTENT="ש" GC="1.0"><Shape><Polygon POINTS="2127 999 2137 1137 2184 1134 2174 995"/></Shape></Glyph><Glyph ID="char_17" CONTENT="נ" GC="1.0"><Shape><Polygon POINTS="2089 1001 2099 1140 2137 1137 2127 999"/></Shape></Glyph><Glyph ID="char_18" CONTENT="י" GC="1.0"><Shape><Polygon POINTS="2054 1003 2061 1142 2099 1140 2089 1001"/></Shape></Glyph><Glyph ID="char_19" CONTENT=" " GC="1.0"><Shape><Polygon POINTS="2026 1004 2033 1143 2061 1142 2054 1003"/></Shape></Glyph><Glyph ID="char_20" CONTENT="ב" GC="1.0"><Shape><Polygon POINTS="1988 1006 1995 1145 2033 1143 2026 1004"/></Shape></Glyph><Glyph ID="char_21" CONTENT="ב" GC="1.0"><Shape><Polygon POINTS="1932 1009 1939 1148 1995 1145 1988 1006"/></Shape></Glyph><Glyph ID="char_22" CONTENT="ט" GC="1.0"><Shape><Polygon POINTS="1885 1011 1892 1150 1939 1148 1932 1009"/></Shape></Glyph><Glyph ID="char_23" CONTENT="ן" GC="1.0"><Shape><Polygon POINTS="1868 1011 1872 1150 1892 1150 1885 1011"/></Shape></Glyph><Glyph ID="char_24" CONTENT=" " GC="1.0"><Shape><Polygon POINTS="1840 1012 1844 1151 1872 1150 1868 1011"/></Shape></Glyph><Glyph ID="char_25" CONTENT="ע" GC="1.0"><Shape><Polygon POINTS="1812 1013 1816 1152 1844 1151 1840 1012"/></Shape></Glyph><Glyph ID="char_26" CONTENT="ש" GC="1.0"><Shape><Polygon POINTS="1756 1014 1760 1153 1816 1152 1812 1013"/></Shape></Glyph><Glyph ID="char_27" CONTENT="ה" GC="1.0"><Shape><Polygon POINTS="1681 1016 1685 1155 1760 1153 1756 1014"/></Shape></Glyph><Glyph ID="char_28" CONTENT="ו" GC="1.0"><Shape><Polygon POINTS="1643 1017 1647 1156 1685 1155 1681 1016"/></Shape></Glyph><Glyph ID="char_29" CONTENT=" " GC="1.0"><Shape><Polygon POINTS="1615 1017 1619 1156 1647 1156 1643 1017"/></Shape></Glyph><Glyph ID="char_30" CONTENT="ו" GC="1.0"><Shape><Polygon POINTS="1578 1018 1582 1157 1619 1156 1615 1017"/></Shape></Glyph><Glyph ID="char_31" CONTENT="י" GC="1.0"><Shape><Polygon POINTS="1540 1019 1544 1158 1582 1157 1578 1018"/></Shape></Glyph><Glyph ID="char_32" CONTENT="כ" GC="1.0"><Shape><Polygon POINTS="1500 1020 1509 1159 1544 1158 1540 1019"/></Shape></Glyph><Glyph ID="char_33" CONTENT="נ" GC="1.0"><Shape><Polygon POINTS="1481 1021 1490 1160 1509 1159 1500 1020"/></Shape></Glyph><Glyph ID="char_34" CONTENT="נ" GC="1.0"><Shape><Polygon POINTS="1453 1023 1462 1162 1490 1160 1481 1021"/></Shape></Glyph><Glyph ID="char_35" CONTENT="ו" GC="1.0"><Shape><Polygon POINTS="1415 1026 1424 1164 1462 1162 1453 1023"/></Shape></Glyph><Glyph ID="char_36" CONTENT=" " GC="1.0"><Shape><Polygon POINTS="1378 1028 1387 1167 1424 1164 1415 1026"/></Shape></Glyph><Glyph ID="char_37" CONTENT="ב" GC="1.0"><Shape><Polygon POINTS="1347 1029 1347 1168 1387 1167 1378 1028"/></Shape></Glyph><Glyph ID="char_38" CONTENT=" " GC="1.0"><Shape><Polygon POINTS="1318 1029 1318 1168 1347 1168 1347 1029"/></Shape></Glyph><Glyph ID="char_39" CONTENT="ח" GC="1.0"><Shape><Polygon POINTS="1298 1028 1284 1167 1318 1168 1318 1029"/></Shape></Glyph><Glyph ID="char_40" CONTENT="ם" GC="1.0"><Shape><Polygon POINTS="1280 1026 1266 1165 1284 1167 1298 1028"/></Shape></Glyph><Glyph ID="char_41" CONTENT=" " GC="1.0"><Shape><Polygon POINTS="1251 1024 1237 1163 1266 1165 1280 1026"/></Shape></Glyph></String>
          </TextLine>

          
          
          <TextLine ID="eSc_line_1791299" BASELINE="1269 1260 1463 1256 1542 1258 1754 1249 2002 1247 2309 1228 2457 1224" HPOS="1267.0" VPOS="1140.0" WIDTH="1191.0" HEIGHT="175.0">
            <Shape><Polygon POINTS="1267 1176 1461 1172 1544 1174 1750 1165 2001 1163 2303 1144 2454 1140 2458 1279 2312 1283 2002 1302 1756 1304 1540 1313 1464 1311 1270 1315"/></Shape>
	    <String CONTENT="אם אמנע מ ץ דלים ועיני אל " HPOS="1267.0" VPOS="1140.0" WIDTH="1191.0" HEIGHT="175.0"><Glyph ID="char_42" CONTENT="א" GC="1.0"><Shape><Polygon POINTS="2360 1142 2364 1282 2430 1280 2426 1141"/></Shape></Glyph><Glyph ID="char_43" CONTENT="ם" GC="1.0"><Shape><Polygon POINTS="2301 1144 2310 1283 2364 1282 2360 1142"/></Shape></Glyph><Glyph ID="char_44" CONTENT=" " GC="1.0"><Shape><Polygon POINTS="2264 1146 2273 1285 2310 1283 2301 1144"/></Shape></Glyph><Glyph ID="char_45" CONTENT="א" GC="1.0"><Shape><Polygon POINTS="2208 1150 2217 1289 2273 1285 2264 1146"/></Shape></Glyph><Glyph ID="char_46" CONTENT="מ" GC="1.0"><Shape><Polygon POINTS="2161 1153 2170 1292 2217 1289 2208 1150"/></Shape></Glyph><Glyph ID="char_47" CONTENT="נ" GC="1.0"><Shape><Polygon POINTS="2123 1155 2132 1294 2170 1292 2161 1153"/></Shape></Glyph><Glyph ID="char_48" CONTENT="ע" GC="1.0"><Shape><Polygon POINTS="2086 1158 2095 1296 2132 1294 2123 1155"/></Shape></Glyph><Glyph ID="char_49" CONTENT=" " GC="1.0"><Shape><Polygon POINTS="2058 1159 2067 1298 2095 1296 2086 1158"/></Shape></Glyph><Glyph ID="char_50" CONTENT="מ" GC="1.0"><Shape><Polygon POINTS="2021 1162 2029 1300 2067 1298 2058 1159"/></Shape></Glyph><Glyph ID="char_51" CONTENT=" " GC="1.0"><Shape><Polygon POINTS="1950 1163 1951 1302 2029 1300 2021 1162"/></Shape></Glyph><Glyph ID="char_52" CONTENT="ץ" GC="1.0"><Shape><Polygon POINTS="1885 1164 1886 1303 1951 1302 1950 1163"/></Shape></Glyph><Glyph ID="char_53" CONTENT=" " GC="1.0"><Shape><Polygon POINTS="1857 1164 1858 1303 1886 1303 1885 1164"/></Shape></Glyph><Glyph ID="char_54" CONTENT="ד" GC="1.0"><Shape><Polygon POINTS="1819 1164 1820 1303 1858 1303 1857 1164"/></Shape></Glyph><Glyph ID="char_55" CONTENT="ל" GC="1.0"><Shape><Polygon POINTS="1773 1165 1774 1304 1820 1303 1819 1164"/></Shape></Glyph><Glyph ID="char_56" CONTENT="י" GC="1.0"><Shape><Polygon POINTS="1723 1166 1729 1305 1774 1304 1773 1165"/></Shape></Glyph><Glyph ID="char_57" CONTENT="ם" GC="1.0"><Shape><Polygon POINTS="1676 1168 1682 1307 1729 1305 1723 1166"/></Shape></Glyph><Glyph ID="char_58" CONTENT=" " GC="1.0"><Shape><Polygon POINTS="1648 1169 1654 1308 1682 1307 1676 1168"/></Shape></Glyph><Glyph ID="char_59" CONTENT="ו" GC="1.0"><Shape><Polygon POINTS="1610 1171 1616 1310 1654 1308 1648 1169"/></Shape></Glyph><Glyph ID="char_60" CONTENT="ע" GC="1.0"><Shape><Polygon POINTS="1592 1172 1598 1311 1616 1310 1610 1171"/></Shape></Glyph><Glyph ID="char_61" CONTENT="י" GC="1.0"><Shape><Polygon POINTS="1564 1173 1570 1312 1598 1311 1592 1172"/></Shape></Glyph><Glyph ID="char_62" CONTENT="נ" GC="1.0"><Shape><Polygon POINTS="1532 1174 1529 1313 1570 1312 1564 1173"/></Shape></Glyph><Glyph ID="char_63" CONTENT="י" GC="1.0"><Shape><Polygon POINTS="1485 1173 1482 1311 1529 1313 1532 1174"/></Shape></Glyph><Glyph ID="char_64" CONTENT=" " GC="1.0"><Shape><Polygon POINTS="1453 1172 1456 1311 1482 1311 1485 1173"/></Shape></Glyph><Glyph ID="char_65" CONTENT="א" GC="1.0"><Shape><Polygon POINTS="1406 1173 1409 1312 1456 1311 1453 1172"/></Shape></Glyph><Glyph ID="char_66" CONTENT="ל" GC="1.0"><Shape><Polygon POINTS="1350 1174 1353 1313 1409 1312 1406 1173"/></Shape></Glyph><Glyph ID="char_67" CONTENT=" " GC="1.0"><Shape><Polygon POINTS="1285 1176 1288 1315 1353 1313 1350 1174"/></Shape></Glyph></String>
          </TextLine>

          
          
          <TextLine ID="eSc_line_1791300" BASELINE="1417 1412 1720 1391 1860 1393 2006 1382 2083 1380 2135 1373 2385 1355 2482 1357" HPOS="1411.0" VPOS="1271.0" WIDTH="1072.0" HEIGHT="196.0">
            <Shape><Polygon POINTS="1411 1328 1714 1307 1861 1309 1999 1298 2080 1296 2123 1290 2379 1271 2483 1273 2480 1412 2388 1410 2142 1428 2084 1435 2010 1437 1859 1448 1723 1446 1420 1467"/></Shape>
	    <String CONTENT="ואכל פתי לבדי ולא אכל " HPOS="1411.0" VPOS="1271.0" WIDTH="1072.0" HEIGHT="196.0"><Glyph ID="char_68" CONTENT="ו" GC="1.0"><Shape><Polygon POINTS="2398 1271 2396 1410 2452 1411 2454 1272"/></Shape></Glyph><Glyph ID="char_69" CONTENT="א" GC="1.0"><Shape><Polygon POINTS="2335 1274 2345 1413 2396 1410 2398 1271"/></Shape></Glyph><Glyph ID="char_70" CONTENT="כ" GC="1.0"><Shape><Polygon POINTS="2288 1278 2298 1417 2345 1413 2335 1274"/></Shape></Glyph><Glyph ID="char_71" CONTENT="ל" GC="1.0"><Shape><Polygon POINTS="2260 1280 2270 1419 2298 1417 2288 1278"/></Shape></Glyph><Glyph ID="char_72" CONTENT=" " GC="1.0"><Shape><Polygon POINTS="2232 1282 2242 1421 2270 1419 2260 1280"/></Shape></Glyph><Glyph ID="char_73" CONTENT="פ" GC="1.0"><Shape><Polygon POINTS="2185 1285 2195 1424 2242 1421 2232 1282"/></Shape></Glyph><Glyph ID="char_74" CONTENT="ת" GC="1.0"><Shape><Polygon POINTS="2147 1288 2157 1427 2195 1424 2185 1285"/></Shape></Glyph><Glyph ID="char_75" CONTENT="י" GC="1.0"><Shape><Polygon POINTS="2114 1291 2133 1429 2157 1427 2147 1288"/></Shape></Glyph><Glyph ID="char_76" CONTENT=" " GC="1.0"><Shape><Polygon POINTS="2087 1295 2105 1432 2133 1429 2114 1291"/></Shape></Glyph><Glyph ID="char_77" CONTENT="ל" GC="1.0"><Shape><Polygon POINTS="2049 1297 2052 1436 2105 1432 2087 1295"/></Shape></Glyph><Glyph ID="char_78" CONTENT="ב" GC="1.0"><Shape><Polygon POINTS="2012 1298 2015 1437 2052 1436 2049 1297"/></Shape></Glyph><Glyph ID="char_79" CONTENT="ד" GC="1.0"><Shape><Polygon POINTS="1961 1301 1971 1440 2015 1437 2012 1298"/></Shape></Glyph><Glyph ID="char_80" CONTENT="י" GC="1.0"><Shape><Polygon POINTS="1905 1306 1915 1444 1971 1440 1961 1301"/></Shape></Glyph><Glyph ID="char_81" CONTENT=" " GC="1.0"><Shape><Polygon POINTS="1877 1308 1887 1446 1915 1444 1905 1306"/></Shape></Glyph><Glyph ID="char_82" CONTENT="ו" GC="1.0"><Shape><Polygon POINTS="1847 1309 1845 1448 1887 1446 1877 1308"/></Shape></Glyph><Glyph ID="char_83" CONTENT="ל" GC="1.0"><Shape><Polygon POINTS="1809 1308 1807 1447 1845 1448 1847 1309"/></Shape></Glyph><Glyph ID="char_84" CONTENT="א" GC="1.0"><Shape><Polygon POINTS="1772 1308 1770 1447 1807 1447 1809 1308"/></Shape></Glyph><Glyph ID="char_85" CONTENT=" " GC="1.0"><Shape><Polygon POINTS="1744 1307 1742 1446 1770 1447 1772 1308"/></Shape></Glyph><Glyph ID="char_86" CONTENT="א" GC="1.0"><Shape><Polygon POINTS="1691 1309 1700 1448 1742 1446 1744 1307"/></Shape></Glyph><Glyph ID="char_87" CONTENT="כ" GC="1.0"><Shape><Polygon POINTS="1597 1315 1606 1454 1700 1448 1691 1309"/></Shape></Glyph><Glyph ID="char_88" CONTENT="ל" GC="1.0"><Shape><Polygon POINTS="1504 1322 1514 1461 1606 1454 1597 1315"/></Shape></Glyph><Glyph ID="char_89" CONTENT=" " GC="1.0"><Shape><Polygon POINTS="1438 1326 1448 1465 1514 1461 1504 1322"/></Shape></Glyph></String>
          </TextLine>

          
          
          <TextLine ID="eSc_line_1791302" BASELINE="1422 1565 1799 1546 2279 1515 2478 1502" HPOS="1417.0" VPOS="1418.0" WIDTH="1064.0" HEIGHT="202.0">
            <Shape><Polygon POINTS="1417 1481 1794 1462 2273 1431 2472 1418 2481 1557 2282 1570 1801 1601 1424 1620"/></Shape>
	    <String CONTENT="כי מנעו י גדלנ " HPOS="1417.0" VPOS="1418.0" WIDTH="1064.0" HEIGHT="202.0"><Glyph ID="char_90" CONTENT="כ" GC="1.0"><Shape><Polygon POINTS="2397 1423 2406 1562 2462 1558 2453 1419"/></Shape></Glyph><Glyph ID="char_91" CONTENT="י" GC="1.0"><Shape><Polygon POINTS="2360 1425 2369 1564 2406 1562 2397 1423"/></Shape></Glyph><Glyph ID="char_92" CONTENT=" " GC="1.0"><Shape><Polygon POINTS="2322 1428 2331 1567 2369 1564 2360 1425"/></Shape></Glyph><Glyph ID="char_93" CONTENT="מ" GC="1.0"><Shape><Polygon POINTS="2285 1430 2294 1569 2331 1567 2322 1428"/></Shape></Glyph><Glyph ID="char_94" CONTENT="נ" GC="1.0"><Shape><Polygon POINTS="2247 1433 2256 1572 2294 1569 2285 1430"/></Shape></Glyph><Glyph ID="char_95" CONTENT="ע" GC="1.0"><Shape><Polygon POINTS="2210 1435 2219 1574 2256 1572 2247 1433"/></Shape></Glyph><Glyph ID="char_96" CONTENT="ו" GC="1.0"><Shape><Polygon POINTS="2182 1437 2191 1576 2219 1574 2210 1435"/></Shape></Glyph><Glyph ID="char_97" CONTENT=" " GC="1.0"><Shape><Polygon POINTS="2135 1440 2144 1579 2191 1576 2182 1437"/></Shape></Glyph><Glyph ID="char_98" CONTENT="י" GC="1.0"><Shape><Polygon POINTS="2097 1442 2106 1581 2144 1579 2135 1440"/></Shape></Glyph><Glyph ID="char_99" CONTENT=" " GC="1.0"><Shape><Polygon POINTS="2070 1444 2078 1583 2106 1581 2097 1442"/></Shape></Glyph><Glyph ID="char_100" CONTENT="ג" GC="1.0"><Shape><Polygon POINTS="2024 1447 2033 1586 2078 1583 2070 1444"/></Shape></Glyph><Glyph ID="char_101" CONTENT="ד" GC="1.0"><Shape><Polygon POINTS="1977 1450 1986 1589 2033 1586 2024 1447"/></Shape></Glyph><Glyph ID="char_102" CONTENT="ל" GC="1.0"><Shape><Polygon POINTS="1939 1453 1948 1592 1986 1589 1977 1450"/></Shape></Glyph><Glyph ID="char_103" CONTENT="נ" GC="1.0"><Shape><Polygon POINTS="1893 1456 1902 1594 1948 1592 1939 1453"/></Shape></Glyph><Glyph ID="char_104" CONTENT=" " GC="1.0"><Shape><Polygon POINTS="1632 1470 1638 1609 1902 1594 1893 1456"/></Shape></Glyph></String>
          </TextLine>

          
          
          <TextLine ID="eSc_line_1791303" BASELINE="2098 1670 2245 1661 2329 1655 2433 1655 2498 1648" HPOS="2092.0" VPOS="1565.0" WIDTH="411.0" HEIGHT="160.0">
            <Shape><Polygon POINTS="2092 1586 2239 1577 2323 1571 2433 1571 2489 1565 2503 1703 2433 1710 2332 1710 2248 1716 2101 1725"/></Shape>
	    <String CONTENT="אם ארא " HPOS="2092.0" VPOS="1565.0" WIDTH="411.0" HEIGHT="160.0"><Glyph ID="char_105" CONTENT="א" GC="1.0"><Shape><Polygon POINTS="2383 1571 2383 1710 2474 1706 2459 1568"/></Shape></Glyph><Glyph ID="char_106" CONTENT="ם" GC="1.0"><Shape><Polygon POINTS="2336 1571 2336 1710 2383 1710 2383 1571"/></Shape></Glyph><Glyph ID="char_107" CONTENT=" " GC="1.0"><Shape><Polygon POINTS="2301 1573 2310 1712 2336 1710 2336 1571"/></Shape></Glyph><Glyph ID="char_108" CONTENT="א" GC="1.0"><Shape><Polygon POINTS="2253 1576 2263 1715 2310 1712 2301 1573"/></Shape></Glyph><Glyph ID="char_109" CONTENT="ר" GC="1.0"><Shape><Polygon POINTS="2207 1579 2215 1718 2263 1715 2253 1576"/></Shape></Glyph><Glyph ID="char_110" CONTENT="א" GC="1.0"><Shape><Polygon POINTS="2169 1581 2177 1720 2215 1718 2207 1579"/></Shape></Glyph><Glyph ID="char_111" CONTENT=" " GC="1.0"><Shape><Polygon POINTS="2111 1585 2119 1724 2177 1720 2169 1581"/></Shape></Glyph></String>
          </TextLine>

          
        </TextBlock>
        

        
      </PrintSpace>
    </Page>
  </Layout>
</alto>