<?xml version='1.0' encoding='UTF-8'?>
<alto xmlns:xsi="http://www.w3.org/2001/XMLSchema-instance" xmlns="http://www.loc.gov/standards/alto/ns-v4#" xsi:schemaLocation="http://www.loc.gov/standards/alto/ns-v4# http://www.loc.gov/standards/alto/v4/alto-4-2.xsd">
  <Description>
    <MeasurementUnit>pixel</MeasurementUnit>
    <sourceImageInformation>
      <fileName>P1143-Fg002-R-C01-R01-D18022013-T142556-LR924_012.jpg</fileName>
      
    </sourceImageInformation>
  </Description>
  
  <Tags>
    <OtherTag ID="BT1443" LABEL="Parchment_or_papyrus" DESCRIPTION="block type Parchment_or_papyrus"/><OtherTag ID="BT2" LABEL="Main" DESCRIPTION="block type Main"/>
    
  </Tags>
  
  <Layout>
    <Page WIDTH="3608" HEIGHT="2706" PHYSICAL_IMG_NR="315" ID="eSc_dummypage_">
      <PrintSpace HPOS="0" VPOS="0" WIDTH="3608" HEIGHT="2706">
        
        <TextBlock HPOS="988.0" VPOS="1031.0" WIDTH="1633.0" HEIGHT="645.0" ID="eSc_textblock_1c383e0c" TAGREFS="BT2">
          <Shape><Polygon POINTS="988 1031 988 1676 2621 1676 2621 1031"/></Shape>
          
          
          <TextLine ID="eSc_line_1791443" BASELINE="1381 1154 2433 1059" HPOS="1372.0" VPOS="966.0" WIDTH="1066.0" HEIGHT="249.0">
            <Shape><Polygon POINTS="1372 1061 2424 966 2438 1120 1386 1215"/></Shape>
	    <String CONTENT=" ם כי פשעו בי " HPOS="1372.0" VPOS="966.0" WIDTH="1066.0" HEIGHT="249.0"><Glyph ID="char_0" CONTENT=" " GC="1.0"><Shape><Polygon POINTS="2238 983 2252 1137 2407 1123 2393 969"/></Shape></Glyph><Glyph ID="char_1" CONTENT="ם" GC="1.0"><Shape><Polygon POINTS="2094 996 2108 1150 2252 1137 2238 983"/></Shape></Glyph><Glyph ID="char_2" CONTENT=" " GC="1.0"><Shape><Polygon POINTS="2043 1000 2057 1154 2108 1150 2094 996"/></Shape></Glyph><Glyph ID="char_3" CONTENT="כ" GC="1.0"><Shape><Polygon POINTS="1991 1005 2005 1159 2057 1154 2043 1000"/></Shape></Glyph><Glyph ID="char_4" CONTENT="י" GC="1.0"><Shape><Polygon POINTS="1949 1009 1963 1163 2005 1159 1991 1005"/></Shape></Glyph><Glyph ID="char_5" CONTENT=" " GC="1.0"><Shape><Polygon POINTS="1897 1014 1911 1168 1963 1163 1949 1009"/></Shape></Glyph><Glyph ID="char_6" CONTENT="פ" GC="1.0"><Shape><Polygon POINTS="1836 1019 1850 1173 1911 1168 1897 1014"/></Shape></Glyph><Glyph ID="char_7" CONTENT="ש" GC="1.0"><Shape><Polygon POINTS="1764 1026 1778 1180 1850 1173 1836 1019"/></Shape></Glyph><Glyph ID="char_8" CONTENT="ע" GC="1.0"><Shape><Polygon POINTS="1691 1032 1705 1186 1778 1180 1764 1026"/></Shape></Glyph><Glyph ID="char_9" CONTENT="ו" GC="1.0"><Shape><Polygon POINTS="1640 1037 1653 1191 1705 1186 1691 1032"/></Shape></Glyph><Glyph ID="char_10" CONTENT=" " GC="1.0"><Shape><Polygon POINTS="1589 1041 1603 1195 1653 1191 1640 1037"/></Shape></Glyph><Glyph ID="char_11" CONTENT="ב" GC="1.0"><Shape><Polygon POINTS="1537 1046 1551 1200 1603 1195 1589 1041"/></Shape></Glyph><Glyph ID="char_12" CONTENT="י" GC="1.0"><Shape><Polygon POINTS="1495 1050 1509 1204 1551 1200 1537 1046"/></Shape></Glyph><Glyph ID="char_13" CONTENT=" " GC="1.0"><Shape><Polygon POINTS="1412 1057 1426 1211 1509 1204 1495 1050"/></Shape></Glyph></String>
          </TextLine>

          
          
          <TextLine ID="eSc_line_1791445" BASELINE="1037 1377 1125 1348 1181 1334 1240 1325 1461 1303 1817 1244 2031 1235 2388 1210 2455 1201 2545 1177" HPOS="1007.0" VPOS="1087.0" WIDTH="1553.0" HEIGHT="348.0">
            <Shape><Polygon POINTS="1007 1288 1095 1259 1158 1243 1225 1233 1451 1210 1801 1152 2027 1142 2381 1117 2442 1108 2521 1087 2560 1236 2463 1262 2392 1271 2033 1296 1827 1305 1467 1364 1249 1386 1196 1394 1144 1406 1056 1435"/></Shape>
	    <String CONTENT=" לי בלב כי ילילו על משכבותם " HPOS="1007.0" VPOS="1087.0" WIDTH="1553.0" HEIGHT="348.0"><Glyph ID="char_14" CONTENT=" " GC="1.0"><Shape><Polygon POINTS="2470 1101 2510 1249 2540 1241 2500 1093"/></Shape></Glyph><Glyph ID="char_15" CONTENT="ל" GC="1.0"><Shape><Polygon POINTS="2440 1108 2480 1258 2510 1249 2470 1101"/></Shape></Glyph><Glyph ID="char_16" CONTENT="י" GC="1.0"><Shape><Polygon POINTS="2410 1113 2431 1266 2480 1258 2440 1108"/></Shape></Glyph><Glyph ID="char_17" CONTENT=" " GC="1.0"><Shape><Polygon POINTS="2355 1119 2365 1273 2431 1266 2410 1113"/></Shape></Glyph><Glyph ID="char_18" CONTENT="ב" GC="1.0"><Shape><Polygon POINTS="2293 1123 2303 1277 2365 1273 2355 1119"/></Shape></Glyph><Glyph ID="char_19" CONTENT="ל" GC="1.0"><Shape><Polygon POINTS="2231 1128 2242 1281 2303 1277 2293 1123"/></Shape></Glyph><Glyph ID="char_20" CONTENT="ב" GC="1.0"><Shape><Polygon POINTS="2096 1137 2107 1291 2242 1281 2231 1128"/></Shape></Glyph><Glyph ID="char_21" CONTENT=" " GC="1.0"><Shape><Polygon POINTS="1974 1144 1980 1298 2107 1291 2096 1137"/></Shape></Glyph><Glyph ID="char_22" CONTENT="כ" GC="1.0"><Shape><Polygon POINTS="1912 1147 1919 1301 1980 1298 1974 1144"/></Shape></Glyph><Glyph ID="char_23" CONTENT="י" GC="1.0"><Shape><Polygon POINTS="1870 1149 1877 1303 1919 1301 1912 1147"/></Shape></Glyph><Glyph ID="char_24" CONTENT=" " GC="1.0"><Shape><Polygon POINTS="1818 1151 1825 1305 1877 1303 1870 1149"/></Shape></Glyph><Glyph ID="char_25" CONTENT="י" GC="1.0"><Shape><Polygon POINTS="1755 1160 1781 1313 1825 1305 1818 1151"/></Shape></Glyph><Glyph ID="char_26" CONTENT="ל" GC="1.0"><Shape><Polygon POINTS="1715 1166 1740 1319 1781 1313 1755 1160"/></Shape></Glyph><Glyph ID="char_27" CONTENT="י" GC="1.0"><Shape><Polygon POINTS="1664 1175 1689 1328 1740 1319 1715 1166"/></Shape></Glyph><Glyph ID="char_28" CONTENT="ל" GC="1.0"><Shape><Polygon POINTS="1622 1182 1648 1334 1689 1328 1664 1175"/></Shape></Glyph><Glyph ID="char_29" CONTENT="ו" GC="1.0"><Shape><Polygon POINTS="1592 1187 1617 1339 1648 1334 1622 1182"/></Shape></Glyph><Glyph ID="char_30" CONTENT=" " GC="1.0"><Shape><Polygon POINTS="1551 1193 1576 1346 1617 1339 1592 1187"/></Shape></Glyph><Glyph ID="char_31" CONTENT="ע" GC="1.0"><Shape><Polygon POINTS="1510 1200 1535 1353 1576 1346 1551 1193"/></Shape></Glyph><Glyph ID="char_32" CONTENT="ל" GC="1.0"><Shape><Polygon POINTS="1469 1207 1495 1359 1535 1353 1510 1200"/></Shape></Glyph><Glyph ID="char_33" CONTENT=" " GC="1.0"><Shape><Polygon POINTS="1434 1212 1449 1366 1495 1359 1469 1207"/></Shape></Glyph><Glyph ID="char_34" CONTENT="מ" GC="1.0"><Shape><Polygon POINTS="1393 1216 1408 1370 1449 1366 1434 1212"/></Shape></Glyph><Glyph ID="char_35" CONTENT="ש" GC="1.0"><Shape><Polygon POINTS="1310 1224 1326 1378 1408 1370 1393 1216"/></Shape></Glyph><Glyph ID="char_36" CONTENT="כ" GC="1.0"><Shape><Polygon POINTS="1238 1232 1253 1386 1326 1378 1310 1224"/></Shape></Glyph><Glyph ID="char_37" CONTENT="ב" GC="1.0"><Shape><Polygon POINTS="1192 1238 1216 1391 1253 1386 1238 1232"/></Shape></Glyph><Glyph ID="char_38" CONTENT="ו" GC="1.0"><Shape><Polygon POINTS="1133 1249 1170 1400 1216 1391 1192 1238"/></Shape></Glyph><Glyph ID="char_39" CONTENT="ת" GC="1.0"><Shape><Polygon POINTS="1076 1265 1124 1412 1170 1400 1133 1249"/></Shape></Glyph><Glyph ID="char_40" CONTENT="ם" GC="1.0"><Shape><Polygon POINTS="1036 1278 1084 1426 1124 1412 1076 1265"/></Shape></Glyph><Glyph ID="char_41" CONTENT=" " GC="1.0"><Shape><Polygon POINTS="1036 1377 1065 1367"/></Shape></Glyph></String>
          </TextLine>

          
          
          <TextLine ID="eSc_line_1791448" BASELINE="1017 1495 1154 1499 1258 1490 1409 1468 1628 1436 1698 1425 1788 1404 1912 1389 2045 1382 2182 1368 2268 1366 2430 1355 2534 1337" HPOS="1015.0" VPOS="1245.0" WIDTH="1529.0" HEIGHT="315.0">
            <Shape><Polygon POINTS="1019 1402 1156 1406 1249 1397 1395 1375 1614 1343 1683 1333 1766 1313 1900 1296 2040 1289 2172 1275 2265 1273 2423 1262 2518 1245 2544 1398 2434 1416 2269 1427 2188 1429 2048 1443 1919 1450 1802 1464 1707 1486 1636 1497 1417 1529 1263 1551 1152 1560 1015 1556"/></Shape>
	    <String CONTENT=" אני יסרתי חזקתי אזרועותם " HPOS="1015.0" VPOS="1245.0" WIDTH="1529.0" HEIGHT="315.0"><Glyph ID="char_42" CONTENT=" " GC="1.0"><Shape><Polygon POINTS="2415 1263 2425 1417 2503 1405 2476 1252"/></Shape></Glyph><Glyph ID="char_43" CONTENT="א" GC="1.0"><Shape><Polygon POINTS="2352 1267 2362 1421 2425 1417 2415 1263"/></Shape></Glyph><Glyph ID="char_44" CONTENT="נ" GC="1.0"><Shape><Polygon POINTS="2311 1270 2322 1423 2362 1421 2352 1267"/></Shape></Glyph><Glyph ID="char_45" CONTENT="י" GC="1.0"><Shape><Polygon POINTS="2269 1273 2280 1426 2322 1423 2311 1270"/></Shape></Glyph><Glyph ID="char_46" CONTENT=" " GC="1.0"><Shape><Polygon POINTS="2231 1274 2235 1428 2280 1426 2269 1273"/></Shape></Glyph><Glyph ID="char_47" CONTENT="י" GC="1.0"><Shape><Polygon POINTS="2172 1275 2188 1429 2235 1428 2231 1274"/></Shape></Glyph><Glyph ID="char_48" CONTENT="ס" GC="1.0"><Shape><Polygon POINTS="2089 1284 2105 1437 2188 1429 2172 1275"/></Shape></Glyph><Glyph ID="char_49" CONTENT="ר" GC="1.0"><Shape><Polygon POINTS="2011 1290 2019 1445 2105 1437 2089 1284"/></Shape></Glyph><Glyph ID="char_50" CONTENT="ת" GC="1.0"><Shape><Polygon POINTS="1949 1294 1958 1448 2019 1445 2011 1290"/></Shape></Glyph><Glyph ID="char_51" CONTENT="י" GC="1.0"><Shape><Polygon POINTS="1891 1297 1910 1451 1958 1448 1949 1294"/></Shape></Glyph><Glyph ID="char_52" CONTENT=" " GC="1.0"><Shape><Polygon POINTS="1840 1304 1858 1457 1910 1451 1891 1297"/></Shape></Glyph><Glyph ID="char_53" CONTENT="ח" GC="1.0"><Shape><Polygon POINTS="1788 1310 1807 1463 1858 1457 1840 1304"/></Shape></Glyph><Glyph ID="char_54" CONTENT="ז" GC="1.0"><Shape><Polygon POINTS="1737 1320 1772 1471 1807 1463 1788 1310"/></Shape></Glyph><Glyph ID="char_55" CONTENT="ק" GC="1.0"><Shape><Polygon POINTS="1662 1336 1687 1489 1772 1471 1737 1320"/></Shape></Glyph><Glyph ID="char_56" CONTENT="ת" GC="1.0"><Shape><Polygon POINTS="1601 1345 1624 1499 1687 1489 1662 1336"/></Shape></Glyph><Glyph ID="char_57" CONTENT="י" GC="1.0"><Shape><Polygon POINTS="1570 1349 1593 1503 1624 1499 1601 1345"/></Shape></Glyph><Glyph ID="char_58" CONTENT=" " GC="1.0"><Shape><Polygon POINTS="1529 1355 1551 1509 1593 1503 1570 1349"/></Shape></Glyph><Glyph ID="char_59" CONTENT="א" GC="1.0"><Shape><Polygon POINTS="1468 1364 1490 1518 1551 1509 1529 1355"/></Shape></Glyph><Glyph ID="char_60" CONTENT="ז" GC="1.0"><Shape><Polygon POINTS="1416 1372 1439 1526 1490 1518 1468 1364"/></Shape></Glyph><Glyph ID="char_61" CONTENT="ר" GC="1.0"><Shape><Polygon POINTS="1365 1380 1387 1533 1439 1526 1416 1372"/></Shape></Glyph><Glyph ID="char_62" CONTENT="ו" GC="1.0"><Shape><Polygon POINTS="1323 1386 1346 1539 1387 1533 1365 1380"/></Shape></Glyph><Glyph ID="char_63" CONTENT="ע" GC="1.0"><Shape><Polygon POINTS="1272 1394 1294 1547 1346 1539 1323 1386"/></Shape></Glyph><Glyph ID="char_64" CONTENT="ו" GC="1.0"><Shape><Polygon POINTS="1226 1399 1239 1553 1294 1547 1272 1394"/></Shape></Glyph><Glyph ID="char_65" CONTENT="ת" GC="1.0"><Shape><Polygon POINTS="1164 1405 1177 1558 1239 1553 1226 1399"/></Shape></Glyph><Glyph ID="char_66" CONTENT="ם" GC="1.0"><Shape><Polygon POINTS="1102 1404 1097 1558 1177 1558 1164 1405"/></Shape></Glyph><Glyph ID="char_67" CONTENT=" " GC="1.0"><Shape><Polygon POINTS="1029 1402 1024 1556 1097 1558 1102 1404"/></Shape></Glyph></String>
          </TextLine>

          
          
          <TextLine ID="eSc_line_1791447" BASELINE="1256 1628 1427 1623 1686 1587 1928 1560 2173 1540 2557 1517" HPOS="1253.0" VPOS="1424.0" WIDTH="1307.0" HEIGHT="265.0">
            <Shape><Polygon POINTS="1253 1535 1424 1530 1673 1494 1917 1467 2165 1447 2551 1424 2560 1578 2178 1601 1934 1621 1694 1648 1428 1684 1257 1689"/></Shape>
	    <String CONTENT=" כקשת ומיה פל בחר " HPOS="1253.0" VPOS="1424.0" WIDTH="1307.0" HEIGHT="265.0"><Glyph ID="char_68" CONTENT=" " GC="1.0"><Shape><Polygon POINTS="2478 1428 2487 1582 2529 1580 2520 1426"/></Shape></Glyph><Glyph ID="char_69" CONTENT="כ" GC="1.0"><Shape><Polygon POINTS="2437 1431 2446 1585 2487 1582 2478 1428"/></Shape></Glyph><Glyph ID="char_70" CONTENT="ק" GC="1.0"><Shape><Polygon POINTS="2375 1434 2384 1589 2446 1585 2437 1431"/></Shape></Glyph><Glyph ID="char_71" CONTENT="ש" GC="1.0"><Shape><Polygon POINTS="2302 1439 2312 1593 2384 1589 2375 1434"/></Shape></Glyph><Glyph ID="char_72" CONTENT="ת" GC="1.0"><Shape><Polygon POINTS="2229 1443 2239 1597 2312 1593 2302 1439"/></Shape></Glyph><Glyph ID="char_73" CONTENT=" " GC="1.0"><Shape><Polygon POINTS="2104 1452 2116 1606 2239 1597 2229 1443"/></Shape></Glyph><Glyph ID="char_74" CONTENT="ו" GC="1.0"><Shape><Polygon POINTS="1979 1462 1992 1616 2116 1606 2104 1452"/></Shape></Glyph><Glyph ID="char_75" CONTENT="מ" GC="1.0"><Shape><Polygon POINTS="1928 1466 1941 1620 1992 1616 1979 1462"/></Shape></Glyph><Glyph ID="char_76" CONTENT="י" GC="1.0"><Shape><Polygon POINTS="1863 1473 1880 1627 1941 1620 1928 1466"/></Shape></Glyph><Glyph ID="char_77" CONTENT="ה" GC="1.0"><Shape><Polygon POINTS="1812 1479 1829 1633 1880 1627 1863 1473"/></Shape></Glyph><Glyph ID="char_78" CONTENT=" " GC="1.0"><Shape><Polygon POINTS="1730 1488 1747 1642 1829 1633 1812 1479"/></Shape></Glyph><Glyph ID="char_79" CONTENT="פ" GC="1.0"><Shape><Polygon POINTS="1655 1497 1676 1650 1747 1642 1730 1488"/></Shape></Glyph><Glyph ID="char_80" CONTENT="ל" GC="1.0"><Shape><Polygon POINTS="1593 1506 1615 1659 1676 1650 1655 1497"/></Shape></Glyph><Glyph ID="char_81" CONTENT=" " GC="1.0"><Shape><Polygon POINTS="1531 1515 1552 1667 1615 1659 1593 1506"/></Shape></Glyph><Glyph ID="char_82" CONTENT="ב" GC="1.0"><Shape><Polygon POINTS="1460 1525 1481 1677 1552 1667 1531 1515"/></Shape></Glyph><Glyph ID="char_83" CONTENT="ח" GC="1.0"><Shape><Polygon POINTS="1377 1531 1382 1685 1481 1677 1460 1525"/></Shape></Glyph><Glyph ID="char_84" CONTENT="ר" GC="1.0"><Shape><Polygon POINTS="1314 1533 1319 1687 1382 1685 1377 1531"/></Shape></Glyph><Glyph ID="char_85" CONTENT=" " GC="1.0"><Shape><Polygon POINTS="1262 1535 1267 1689 1319 1687 1314 1533"/></Shape></Glyph></String>
          </TextLine>

          
        </TextBlock>
        

        
      </PrintSpace>
    </Page>
  </Layout>
</alto>