<?xml version='1.0' encoding='UTF-8'?>
<alto xmlns:xsi="http://www.w3.org/2001/XMLSchema-instance" xmlns="http://www.loc.gov/standards/alto/ns-v4#" xsi:schemaLocation="http://www.loc.gov/standards/alto/ns-v4# http://www.loc.gov/standards/alto/v4/alto-4-2.xsd">
  <Description>
    <MeasurementUnit>pixel</MeasurementUnit>
    <sourceImageInformation>
      <fileName>P116-Fg001-R-C01-R01-D22052012-T114251-LR924_012_F.jpg</fileName>
      
    </sourceImageInformation>
  </Description>
  
  <Tags>
    <OtherTag ID="BT1443" LABEL="Parchment_or_papyrus" DESCRIPTION="block type Parchment_or_papyrus"/><OtherTag ID="BT2" LABEL="Main" DESCRIPTION="block type Main"/>
    
  </Tags>
  
  <Layout>
    <Page WIDTH="3608" HEIGHT="2706" PHYSICAL_IMG_NR="66" ID="eSc_dummypage_">
      <PrintSpace HPOS="0" VPOS="0" WIDTH="3608" HEIGHT="2706">
        
        <TextBlock HPOS="1434.0" VPOS="1149.0" WIDTH="1101.0" HEIGHT="720.0" ID="eSc_textblock_32c57876" TAGREFS="BT2">
          <Shape><Polygon POINTS="1434 1149 1434 1869 2535 1869 2535 1149"/></Shape>
          
          
          <TextLine ID="eSc_line_1786771" BASELINE="1526 1219 2110 1201 2221 1201" HPOS="1523.0" VPOS="1103.0" WIDTH="698.0" HEIGHT="180.0">
            <Shape><Polygon POINTS="1523 1121 2107 1103 2221 1103 2221 1265 2111 1265 1527 1283"/></Shape>
	    <String CONTENT=" ה ונעוה בדעת " HPOS="1523.0" VPOS="1103.0" WIDTH="698.0" HEIGHT="180.0"><Glyph ID="char_0" CONTENT=" " GC="1.0"><Shape><Polygon POINTS="2188 1103 2188 1265 2220 1265 2220 1103"/></Shape></Glyph><Glyph ID="char_1" CONTENT="ה" GC="1.0"><Shape><Polygon POINTS="2145 1103 2145 1265 2188 1265 2188 1103"/></Shape></Glyph><Glyph ID="char_2" CONTENT=" " GC="1.0"><Shape><Polygon POINTS="2112 1103 2112 1265 2145 1265 2145 1103"/></Shape></Glyph><Glyph ID="char_3" CONTENT="ו" GC="1.0"><Shape><Polygon POINTS="2066 1104 2071 1266 2112 1265 2112 1103"/></Shape></Glyph><Glyph ID="char_4" CONTENT="נ" GC="1.0"><Shape><Polygon POINTS="2022 1106 2027 1268 2071 1266 2066 1104"/></Shape></Glyph><Glyph ID="char_5" CONTENT="ע" GC="1.0"><Shape><Polygon POINTS="1979 1107 1984 1269 2027 1268 2022 1106"/></Shape></Glyph><Glyph ID="char_6" CONTENT="ו" GC="1.0"><Shape><Polygon POINTS="1935 1108 1940 1270 1984 1269 1979 1107"/></Shape></Glyph><Glyph ID="char_7" CONTENT="ה" GC="1.0"><Shape><Polygon POINTS="1881 1110 1886 1272 1940 1270 1935 1108"/></Shape></Glyph><Glyph ID="char_8" CONTENT=" " GC="1.0"><Shape><Polygon POINTS="1848 1111 1853 1273 1886 1272 1881 1110"/></Shape></Glyph><Glyph ID="char_9" CONTENT="ב" GC="1.0"><Shape><Polygon POINTS="1805 1112 1810 1274 1853 1273 1848 1111"/></Shape></Glyph><Glyph ID="char_10" CONTENT="ד" GC="1.0"><Shape><Polygon POINTS="1761 1114 1766 1276 1810 1274 1805 1112"/></Shape></Glyph><Glyph ID="char_11" CONTENT="ע" GC="1.0"><Shape><Polygon POINTS="1707 1115 1712 1277 1766 1276 1761 1114"/></Shape></Glyph><Glyph ID="char_12" CONTENT="ת" GC="1.0"><Shape><Polygon POINTS="1652 1117 1657 1279 1712 1277 1707 1115"/></Shape></Glyph><Glyph ID="char_13" CONTENT=" " GC="1.0"><Shape><Polygon POINTS="1566 1120 1571 1282 1657 1279 1652 1117"/></Shape></Glyph></String>
          </TextLine>

          
          
          <TextLine ID="eSc_line_1786772" BASELINE="1544 1395 1605 1402 1657 1402 2291 1355 2412 1359" HPOS="1536.0" VPOS="1258.0" WIDTH="879.0" HEIGHT="208.0">
            <Shape><Polygon POINTS="1555 1298 1616 1305 1657 1304 2283 1258 2415 1261 2409 1423 2295 1419 1657 1466 1597 1466 1536 1459"/></Shape>
	    <String CONTENT=" ואשכחה נגע מכאוב " HPOS="1536.0" VPOS="1258.0" WIDTH="879.0" HEIGHT="208.0"><Glyph ID="char_14" CONTENT=" " GC="1.0"><Shape><Polygon POINTS="2381 1260 2376 1422 2398 1423 2403 1261"/></Shape></Glyph><Glyph ID="char_15" CONTENT="ו" GC="1.0"><Shape><Polygon POINTS="2338 1259 2333 1420 2376 1422 2381 1260"/></Shape></Glyph><Glyph ID="char_16" CONTENT="א" GC="1.0"><Shape><Polygon POINTS="2273 1259 2285 1420 2333 1420 2338 1259"/></Shape></Glyph><Glyph ID="char_17" CONTENT="ש" GC="1.0"><Shape><Polygon POINTS="2208 1264 2220 1425 2285 1420 2273 1259"/></Shape></Glyph><Glyph ID="char_18" CONTENT="כ" GC="1.0"><Shape><Polygon POINTS="2132 1269 2144 1430 2220 1425 2208 1264"/></Shape></Glyph><Glyph ID="char_19" CONTENT="ח" GC="1.0"><Shape><Polygon POINTS="2078 1273 2090 1434 2144 1430 2132 1269"/></Shape></Glyph><Glyph ID="char_20" CONTENT="ה" GC="1.0"><Shape><Polygon POINTS="2023 1277 2035 1438 2090 1434 2078 1273"/></Shape></Glyph><Glyph ID="char_21" CONTENT=" " GC="1.0"><Shape><Polygon POINTS="1991 1279 2003 1440 2035 1438 2023 1277"/></Shape></Glyph><Glyph ID="char_22" CONTENT="נ" GC="1.0"><Shape><Polygon POINTS="1947 1283 1959 1444 2003 1440 1991 1279"/></Shape></Glyph><Glyph ID="char_23" CONTENT="ג" GC="1.0"><Shape><Polygon POINTS="1916 1285 1927 1446 1959 1444 1947 1283"/></Shape></Glyph><Glyph ID="char_24" CONTENT="ע" GC="1.0"><Shape><Polygon POINTS="1872 1288 1884 1449 1927 1446 1916 1285"/></Shape></Glyph><Glyph ID="char_25" CONTENT=" " GC="1.0"><Shape><Polygon POINTS="1829 1291 1841 1452 1884 1449 1872 1288"/></Shape></Glyph><Glyph ID="char_26" CONTENT="מ" GC="1.0"><Shape><Polygon POINTS="1774 1295 1786 1457 1841 1452 1829 1291"/></Shape></Glyph><Glyph ID="char_27" CONTENT="כ" GC="1.0"><Shape><Polygon POINTS="1709 1300 1721 1461 1786 1457 1774 1295"/></Shape></Glyph><Glyph ID="char_28" CONTENT="א" GC="1.0"><Shape><Polygon POINTS="1666 1303 1678 1464 1721 1461 1709 1300"/></Shape></Glyph><Glyph ID="char_29" CONTENT="ו" GC="1.0"><Shape><Polygon POINTS="1640 1304 1640 1466 1678 1464 1666 1303"/></Shape></Glyph><Glyph ID="char_30" CONTENT="ב" GC="1.0"><Shape><Polygon POINTS="1599 1303 1578 1464 1640 1466 1640 1304"/></Shape></Glyph><Glyph ID="char_31" CONTENT=" " GC="1.0"><Shape><Polygon POINTS="1543 1394 1586 1399"/></Shape></Glyph></String>
          </TextLine>

          
          
          <TextLine ID="eSc_line_1786773" BASELINE="1650 1524 1745 1528 1858 1524 2117 1504 2255 1499 2469 1483 2563 1483" HPOS="1647.0" VPOS="1385.0" WIDTH="916.0" HEIGHT="207.0">
            <Shape><Polygon POINTS="1654 1426 1749 1430 1854 1426 2109 1407 2251 1401 2461 1386 2563 1385 2563 1547 2473 1547 2257 1563 2121 1568 1860 1588 1742 1592 1647 1588"/></Shape>
	    <String CONTENT=" כזרי לא אזכור עוד ולוא " HPOS="1647.0" VPOS="1385.0" WIDTH="916.0" HEIGHT="207.0"><Glyph ID="char_32" CONTENT=" " GC="1.0"><Shape><Polygon POINTS="2533 1385 2533 1547 2554 1547 2554 1385"/></Shape></Glyph><Glyph ID="char_33" CONTENT="כ" GC="1.0"><Shape><Polygon POINTS="2522 1385 2522 1547 2533 1547 2533 1385"/></Shape></Glyph><Glyph ID="char_34" CONTENT="ז" GC="1.0"><Shape><Polygon POINTS="2489 1386 2489 1547 2522 1547 2522 1385"/></Shape></Glyph><Glyph ID="char_35" CONTENT="ר" GC="1.0"><Shape><Polygon POINTS="2428 1388 2440 1549 2489 1547 2489 1386"/></Shape></Glyph><Glyph ID="char_36" CONTENT="י" GC="1.0"><Shape><Polygon POINTS="2395 1391 2407 1552 2440 1549 2428 1388"/></Shape></Glyph><Glyph ID="char_37" CONTENT=" " GC="1.0"><Shape><Polygon POINTS="2373 1392 2385 1553 2407 1552 2395 1391"/></Shape></Glyph><Glyph ID="char_38" CONTENT="ל" GC="1.0"><Shape><Polygon POINTS="2329 1395 2341 1557 2385 1553 2373 1392"/></Shape></Glyph><Glyph ID="char_39" CONTENT="א" GC="1.0"><Shape><Polygon POINTS="2286 1399 2298 1560 2341 1557 2329 1395"/></Shape></Glyph><Glyph ID="char_40" CONTENT=" " GC="1.0"><Shape><Polygon POINTS="2246 1401 2252 1563 2298 1560 2286 1399"/></Shape></Glyph><Glyph ID="char_41" CONTENT="א" GC="1.0"><Shape><Polygon POINTS="2202 1403 2208 1565 2252 1563 2246 1401"/></Shape></Glyph><Glyph ID="char_42" CONTENT="ז" GC="1.0"><Shape><Polygon POINTS="2169 1404 2175 1566 2208 1565 2202 1403"/></Shape></Glyph><Glyph ID="char_43" CONTENT="כ" GC="1.0"><Shape><Polygon POINTS="2125 1406 2131 1568 2175 1566 2169 1404"/></Shape></Glyph><Glyph ID="char_44" CONTENT="ו" GC="1.0"><Shape><Polygon POINTS="2090 1408 2102 1569 2131 1568 2125 1406"/></Shape></Glyph><Glyph ID="char_45" CONTENT="ר" GC="1.0"><Shape><Polygon POINTS="2057 1411 2069 1572 2102 1569 2090 1408"/></Shape></Glyph><Glyph ID="char_46" CONTENT=" " GC="1.0"><Shape><Polygon POINTS="2024 1413 2036 1574 2069 1572 2057 1411"/></Shape></Glyph><Glyph ID="char_47" CONTENT="ע" GC="1.0"><Shape><Polygon POINTS="1991 1416 2003 1577 2036 1574 2024 1413"/></Shape></Glyph><Glyph ID="char_48" CONTENT="ו" GC="1.0"><Shape><Polygon POINTS="1947 1419 1959 1580 2003 1577 1991 1416"/></Shape></Glyph><Glyph ID="char_49" CONTENT="ד" GC="1.0"><Shape><Polygon POINTS="1915 1421 1928 1583 1959 1580 1947 1419"/></Shape></Glyph><Glyph ID="char_50" CONTENT=" " GC="1.0"><Shape><Polygon POINTS="1882 1424 1895 1585 1928 1583 1915 1421"/></Shape></Glyph><Glyph ID="char_51" CONTENT="ו" GC="1.0"><Shape><Polygon POINTS="1842 1426 1848 1588 1895 1585 1882 1424"/></Shape></Glyph><Glyph ID="char_52" CONTENT="ל" GC="1.0"><Shape><Polygon POINTS="1809 1428 1815 1590 1848 1588 1842 1426"/></Shape></Glyph><Glyph ID="char_53" CONTENT="ו" GC="1.0"><Shape><Polygon POINTS="1776 1429 1782 1591 1815 1590 1809 1428"/></Shape></Glyph><Glyph ID="char_54" CONTENT="א" GC="1.0"><Shape><Polygon POINTS="1742 1430 1734 1592 1782 1591 1776 1429"/></Shape></Glyph><Glyph ID="char_55" CONTENT=" " GC="1.0"><Shape><Polygon POINTS="1676 1427 1668 1589 1734 1592 1742 1430"/></Shape></Glyph></String>
          </TextLine>

          
          
          <TextLine ID="eSc_line_1786774" BASELINE="1815 1682 2124 1679 2255 1688 2374 1691" HPOS="1814.0" VPOS="1581.0" WIDTH="562.0" HEIGHT="174.0">
            <Shape><Polygon POINTS="1814 1584 2123 1581 2261 1591 2376 1593 2372 1755 2250 1752 2124 1743 1815 1746"/></Shape>
	    <String CONTENT=" ל ה לפניכה ש " HPOS="1814.0" VPOS="1581.0" WIDTH="562.0" HEIGHT="174.0"><Glyph ID="char_56" CONTENT=" " GC="1.0"><Shape><Polygon POINTS="2350 1593 2346 1754 2367 1755 2371 1593"/></Shape></Glyph><Glyph ID="char_57" CONTENT="ל" GC="1.0"><Shape><Polygon POINTS="2339 1592 2335 1754 2346 1754 2350 1593"/></Shape></Glyph><Glyph ID="char_58" CONTENT=" " GC="1.0"><Shape><Polygon POINTS="2307 1592 2303 1753 2335 1754 2339 1592"/></Shape></Glyph><Glyph ID="char_59" CONTENT="ה" GC="1.0"><Shape><Polygon POINTS="2263 1591 2259 1752 2303 1753 2307 1592"/></Shape></Glyph><Glyph ID="char_60" CONTENT=" " GC="1.0"><Shape><Polygon POINTS="2234 1589 2223 1750 2259 1752 2263 1591"/></Shape></Glyph><Glyph ID="char_61" CONTENT="ל" GC="1.0"><Shape><Polygon POINTS="2181 1585 2169 1746 2223 1750 2234 1589"/></Shape></Glyph><Glyph ID="char_62" CONTENT="פ" GC="1.0"><Shape><Polygon POINTS="2137 1582 2126 1743 2169 1746 2181 1585"/></Shape></Glyph><Glyph ID="char_63" CONTENT="נ" GC="1.0"><Shape><Polygon POINTS="2096 1581 2098 1743 2126 1743 2137 1582"/></Shape></Glyph><Glyph ID="char_64" CONTENT="י" GC="1.0"><Shape><Polygon POINTS="2053 1582 2055 1744 2098 1743 2096 1581"/></Shape></Glyph><Glyph ID="char_65" CONTENT="כ" GC="1.0"><Shape><Polygon POINTS="1987 1582 1989 1744 2055 1744 2053 1582"/></Shape></Glyph><Glyph ID="char_66" CONTENT="ה" GC="1.0"><Shape><Polygon POINTS="1944 1583 1946 1745 1989 1744 1987 1582"/></Shape></Glyph><Glyph ID="char_67" CONTENT=" " GC="1.0"><Shape><Polygon POINTS="1900 1583 1902 1745 1946 1745 1944 1583"/></Shape></Glyph><Glyph ID="char_68" CONTENT="ש" GC="1.0"><Shape><Polygon POINTS="1846 1584 1848 1746 1902 1745 1900 1583"/></Shape></Glyph><Glyph ID="char_69" CONTENT=" " GC="1.0"><Shape><Polygon POINTS="1814 1682 1846 1681"/></Shape></Glyph></String>
          </TextLine>

          
          
          <TextLine ID="eSc_line_1786775" BASELINE="2191 1844 2239 1853 2266 1851 2309 1855 2349 1842" HPOS="2179.0" VPOS="1748.0" WIDTH="190.0" HEIGHT="171.0">
            <Shape><Polygon POINTS="2208 1748 2256 1757 2258 1754 2318 1758 2318 1749 2369 1903 2302 1919 2270 1915 2227 1916 2179 1907"/></Shape>
	    <String CONTENT=" ל " HPOS="2179.0" VPOS="1748.0" WIDTH="190.0" HEIGHT="171.0"><Glyph ID="char_70" CONTENT=" " GC="1.0"><Shape><Polygon POINTS="2295 1756 2280 1916 2347 1908 2298 1757"/></Shape></Glyph><Glyph ID="char_71" CONTENT="ל" GC="1.0"><Shape><Polygon POINTS="2247 1755 2259 1915 2280 1916 2295 1756"/></Shape></Glyph><Glyph ID="char_72" CONTENT=" " GC="1.0"><Shape><Polygon POINTS="2221 1750 2189 1909 2259 1915 2247 1755"/></Shape></Glyph></String>
          </TextLine>

          
        </TextBlock>
        

        
      </PrintSpace>
    </Page>
  </Layout>
</alto>