<?xml version='1.0' encoding='UTF-8'?>
<alto xmlns:xsi="http://www.w3.org/2001/XMLSchema-instance" xmlns="http://www.loc.gov/standards/alto/ns-v4#" xsi:schemaLocation="http://www.loc.gov/standards/alto/ns-v4# http://www.loc.gov/standards/alto/v4/alto-4-2.xsd">
  <Description>
    <MeasurementUnit>pixel</MeasurementUnit>
    <sourceImageInformation>
      <fileName>P138-Fg007-R-C02-R01-D15052012-T140116-LR924_012_F.jpg</fileName>
      
    </sourceImageInformation>
  </Description>
  
  <Tags>
    <OtherTag ID="BT1443" LABEL="Parchment_or_papyrus" DESCRIPTION="block type Parchment_or_papyrus"/><OtherTag ID="BT2" LABEL="Main" DESCRIPTION="block type Main"/>
    
  </Tags>
  
  <Layout>
    <Page WIDTH="3608" HEIGHT="2706" PHYSICAL_IMG_NR="23" ID="eSc_dummypage_">
      <PrintSpace HPOS="0" VPOS="0" WIDTH="3608" HEIGHT="2706">
        
        <TextBlock HPOS="1173.0" VPOS="848.0" WIDTH="1365.0" HEIGHT="1360.0" ID="eSc_textblock_0155d07c" TAGREFS="BT2">
          <Shape><Polygon POINTS="1221 848 1173 1659 1592 1945 2151 2208 2517 1746 2538 982 1898 1358"/></Shape>
          
          
          <TextLine ID="eSc_line_1786829" BASELINE="1265 1030 1463 1041" HPOS="1262.0" VPOS="949.0" WIDTH="205.0" HEIGHT="145.0">
            <Shape><Polygon POINTS="1269 949 1467 960 1460 1094 1262 1083"/></Shape>
	    <String CONTENT=" תה " HPOS="1262.0" VPOS="949.0" WIDTH="205.0" HEIGHT="145.0"><Glyph ID="char_0" CONTENT=" " GC="1.0"><Shape><Polygon POINTS="1369 955 1361 1088 1424 1092 1433 958"/></Shape></Glyph><Glyph ID="char_1" CONTENT="ת" GC="1.0"><Shape><Polygon POINTS="1342 953 1334 1087 1361 1088 1369 955"/></Shape></Glyph><Glyph ID="char_2" CONTENT="ה" GC="1.0"><Shape><Polygon POINTS="1315 952 1307 1085 1334 1087 1342 953"/></Shape></Glyph><Glyph ID="char_3" CONTENT=" " GC="1.0"><Shape><Polygon POINTS="1278 949 1270 1083 1307 1085 1315 952"/></Shape></Glyph></String>
          </TextLine>

          
          
          <TextLine ID="eSc_line_1786830" BASELINE="1206 1138 1366 1134 1533 1120" HPOS="1203.0" VPOS="1039.0" WIDTH="334.0" HEIGHT="152.0">
            <Shape><Polygon POINTS="1203 1057 1363 1053 1526 1039 1537 1173 1367 1187 1207 1191"/></Shape>
	    <String CONTENT=" וא יד " HPOS="1203.0" VPOS="1039.0" WIDTH="334.0" HEIGHT="152.0"><Glyph ID="char_4" CONTENT=" " GC="1.0"><Shape><Polygon POINTS="1462 1045 1473 1178 1519 1174 1508 1041"/></Shape></Glyph><Glyph ID="char_5" CONTENT="ו" GC="1.0"><Shape><Polygon POINTS="1426 1048 1437 1181 1473 1178 1462 1045"/></Shape></Glyph><Glyph ID="char_6" CONTENT="א" GC="1.0"><Shape><Polygon POINTS="1389 1051 1400 1184 1437 1181 1426 1048"/></Shape></Glyph><Glyph ID="char_7" CONTENT=" " GC="1.0"><Shape><Polygon POINTS="1358 1053 1361 1187 1400 1184 1389 1051"/></Shape></Glyph><Glyph ID="char_8" CONTENT="י" GC="1.0"><Shape><Polygon POINTS="1321 1054 1324 1188 1361 1187 1358 1053"/></Shape></Glyph><Glyph ID="char_9" CONTENT="ד" GC="1.0"><Shape><Polygon POINTS="1285 1055 1288 1189 1324 1188 1321 1054"/></Shape></Glyph><Glyph ID="char_10" CONTENT=" " GC="1.0"><Shape><Polygon POINTS="1221 1057 1224 1191 1288 1189 1285 1055"/></Shape></Glyph></String>
          </TextLine>

          
          
          <TextLine ID="eSc_line_1786834" BASELINE="1303 1368 1411 1393 1616 1409 1727 1407 1808 1389 2049 1371 2239 1371 2394 1362" HPOS="1290.0" VPOS="1281.0" WIDTH="1107.0" HEIGHT="181.0">
            <Shape><Polygon POINTS="1321 1289 1429 1314 1622 1328 1725 1326 1790 1309 2042 1290 2239 1290 2389 1281 2397 1415 2239 1425 2053 1424 1819 1441 1727 1460 1611 1462 1398 1445 1290 1420"/></Shape>
	    <String CONTENT="האלהים יהוה אל מו ל " HPOS="1290.0" VPOS="1281.0" WIDTH="1107.0" HEIGHT="181.0"><Glyph ID="char_11" CONTENT="ה" GC="1.0"><Shape><Polygon POINTS="2290 1287 2298 1421 2361 1417 2353 1283"/></Shape></Glyph><Glyph ID="char_12" CONTENT="א" GC="1.0"><Shape><Polygon POINTS="2245 1290 2253 1424 2298 1421 2290 1287"/></Shape></Glyph><Glyph ID="char_13" CONTENT="ל" GC="1.0"><Shape><Polygon POINTS="2205 1290 2205 1425 2253 1424 2245 1290"/></Shape></Glyph><Glyph ID="char_14" CONTENT="ה" GC="1.0"><Shape><Polygon POINTS="2169 1290 2169 1425 2205 1425 2205 1290"/></Shape></Glyph><Glyph ID="char_15" CONTENT="י" GC="1.0"><Shape><Polygon POINTS="2142 1290 2142 1424 2169 1425 2169 1290"/></Shape></Glyph><Glyph ID="char_16" CONTENT="ם" GC="1.0"><Shape><Polygon POINTS="1947 1297 1957 1431 2142 1424 2142 1290"/></Shape></Glyph><Glyph ID="char_17" CONTENT=" " GC="1.0"><Shape><Polygon POINTS="1748 1320 1777 1450 1957 1431 1947 1297"/></Shape></Glyph><Glyph ID="char_18" CONTENT="י" GC="1.0"><Shape><Polygon POINTS="1712 1326 1741 1457 1777 1450 1748 1320"/></Shape></Glyph><Glyph ID="char_19" CONTENT="ה" GC="1.0"><Shape><Polygon POINTS="1693 1327 1695 1461 1741 1457 1712 1326"/></Shape></Glyph><Glyph ID="char_20" CONTENT="ו" GC="1.0"><Shape><Polygon POINTS="1657 1327 1659 1461 1695 1461 1693 1327"/></Shape></Glyph><Glyph ID="char_21" CONTENT="ה" GC="1.0"><Shape><Polygon POINTS="1621 1328 1623 1462 1659 1461 1657 1327"/></Shape></Glyph><Glyph ID="char_22" CONTENT=" " GC="1.0"><Shape><Polygon POINTS="1584 1325 1573 1459 1623 1462 1621 1328"/></Shape></Glyph><Glyph ID="char_23" CONTENT="א" GC="1.0"><Shape><Polygon POINTS="1539 1322 1528 1455 1573 1459 1584 1325"/></Shape></Glyph><Glyph ID="char_24" CONTENT="ל" GC="1.0"><Shape><Polygon POINTS="1503 1319 1493 1453 1528 1455 1539 1322"/></Shape></Glyph><Glyph ID="char_25" CONTENT=" " GC="1.0"><Shape><Polygon POINTS="1467 1317 1457 1450 1493 1453 1503 1319"/></Shape></Glyph><Glyph ID="char_26" CONTENT="מ" GC="1.0"><Shape><Polygon POINTS="1431 1314 1421 1447 1457 1450 1467 1317"/></Shape></Glyph><Glyph ID="char_27" CONTENT="ו" GC="1.0"><Shape><Polygon POINTS="1391 1305 1360 1436 1421 1447 1431 1314"/></Shape></Glyph><Glyph ID="char_28" CONTENT=" " GC="1.0"><Shape><Polygon POINTS="1347 1295 1316 1426 1360 1436 1391 1305"/></Shape></Glyph><Glyph ID="char_29" CONTENT="ל" GC="1.0"><Shape><Polygon POINTS="1329 1291 1298 1422 1316 1426 1347 1295"/></Shape></Glyph><Glyph ID="char_30" CONTENT=" " GC="1.0"><Shape><Polygon POINTS="1302 1367 1310 1369"/></Shape></Glyph></String>
          </TextLine>

          
          
          <TextLine ID="eSc_line_1786835" BASELINE="1222 1479 1330 1488 1546 1517 1596 1519 2015 1497 2126 1501 2408 1501" HPOS="1217.0" VPOS="1398.0" WIDTH="1191.0" HEIGHT="174.0">
            <Shape><Polygon POINTS="1228 1398 1336 1407 1556 1436 1599 1438 2010 1416 2128 1420 2408 1420 2408 1555 2124 1554 2017 1550 1593 1572 1538 1570 1325 1541 1217 1532"/></Shape>
	    <String CONTENT="והיה הלבב הזה להמה ליראה " HPOS="1217.0" VPOS="1398.0" WIDTH="1191.0" HEIGHT="174.0"><Glyph ID="char_31" CONTENT="ו" GC="1.0"><Shape><Polygon POINTS="2336 1420 2336 1555 2390 1555 2390 1420"/></Shape></Glyph><Glyph ID="char_32" CONTENT="ה" GC="1.0"><Shape><Polygon POINTS="2300 1420 2300 1555 2336 1555 2336 1420"/></Shape></Glyph><Glyph ID="char_33" CONTENT="י" GC="1.0"><Shape><Polygon POINTS="2255 1420 2255 1554 2300 1555 2300 1420"/></Shape></Glyph><Glyph ID="char_34" CONTENT="ה" GC="1.0"><Shape><Polygon POINTS="2201 1420 2201 1554 2255 1554 2255 1420"/></Shape></Glyph><Glyph ID="char_35" CONTENT=" " GC="1.0"><Shape><Polygon POINTS="2147 1420 2147 1554 2201 1554 2201 1420"/></Shape></Glyph><Glyph ID="char_36" CONTENT="ה" GC="1.0"><Shape><Polygon POINTS="2104 1419 2099 1553 2147 1554 2147 1420"/></Shape></Glyph><Glyph ID="char_37" CONTENT="ל" GC="1.0"><Shape><Polygon POINTS="2059 1418 2054 1551 2099 1553 2104 1419"/></Shape></Glyph><Glyph ID="char_38" CONTENT="ב" GC="1.0"><Shape><Polygon POINTS="1998 1417 2005 1551 2054 1551 2059 1418"/></Shape></Glyph><Glyph ID="char_39" CONTENT="ב" GC="1.0"><Shape><Polygon POINTS="1953 1419 1960 1553 2005 1551 1998 1417"/></Shape></Glyph><Glyph ID="char_40" CONTENT=" " GC="1.0"><Shape><Polygon POINTS="1899 1422 1906 1556 1960 1553 1953 1419"/></Shape></Glyph><Glyph ID="char_41" CONTENT="ה" GC="1.0"><Shape><Polygon POINTS="1854 1424 1861 1558 1906 1556 1899 1422"/></Shape></Glyph><Glyph ID="char_42" CONTENT="ז" GC="1.0"><Shape><Polygon POINTS="1809 1427 1816 1560 1861 1558 1854 1424"/></Shape></Glyph><Glyph ID="char_43" CONTENT="ה" GC="1.0"><Shape><Polygon POINTS="1764 1429 1771 1563 1816 1560 1809 1427"/></Shape></Glyph><Glyph ID="char_44" CONTENT=" " GC="1.0"><Shape><Polygon POINTS="1710 1432 1717 1566 1771 1563 1764 1429"/></Shape></Glyph><Glyph ID="char_45" CONTENT="ל" GC="1.0"><Shape><Polygon POINTS="1665 1434 1672 1568 1717 1566 1710 1432"/></Shape></Glyph><Glyph ID="char_46" CONTENT="ה" GC="1.0"><Shape><Polygon POINTS="1620 1437 1627 1570 1672 1568 1665 1434"/></Shape></Glyph><Glyph ID="char_47" CONTENT="מ" GC="1.0"><Shape><Polygon POINTS="1583 1437 1577 1571 1627 1570 1620 1437"/></Shape></Glyph><Glyph ID="char_48" CONTENT="ה" GC="1.0"><Shape><Polygon POINTS="1546 1435 1528 1569 1577 1571 1583 1437"/></Shape></Glyph><Glyph ID="char_49" CONTENT=" " GC="1.0"><Shape><Polygon POINTS="1500 1429 1482 1562 1528 1569 1546 1435"/></Shape></Glyph><Glyph ID="char_50" CONTENT="ל" GC="1.0"><Shape><Polygon POINTS="1464 1424 1446 1558 1482 1562 1500 1429"/></Shape></Glyph><Glyph ID="char_51" CONTENT="י" GC="1.0"><Shape><Polygon POINTS="1429 1419 1411 1553 1446 1558 1464 1424"/></Shape></Glyph><Glyph ID="char_52" CONTENT="ר" GC="1.0"><Shape><Polygon POINTS="1384 1413 1366 1547 1411 1553 1429 1419"/></Shape></Glyph><Glyph ID="char_53" CONTENT="א" GC="1.0"><Shape><Polygon POINTS="1336 1407 1324 1541 1366 1547 1384 1413"/></Shape></Glyph><Glyph ID="char_54" CONTENT="ה" GC="1.0"><Shape><Polygon POINTS="1291 1403 1279 1537 1324 1541 1336 1407"/></Shape></Glyph><Glyph ID="char_55" CONTENT=" " GC="1.0"><Shape><Polygon POINTS="1237 1399 1225 1533 1279 1537 1291 1403"/></Shape></Glyph></String>
          </TextLine>

          
          
          <TextLine ID="eSc_line_1786839" BASELINE="1226 1601 1375 1612 1422 1621 1628 1677 1695 1634 1763 1628 2027 1619 2315 1628 2365 1628 2433 1619" HPOS="1222.0" VPOS="1520.0" WIDTH="1218.0" HEIGHT="209.0">
            <Shape><Polygon POINTS="1231 1520 1380 1531 1437 1541 1649 1598 1651 1565 1755 1547 2024 1538 2317 1547 2365 1547 2422 1538 2440 1672 2365 1682 2313 1681 2028 1672 1767 1681 1724 1679 1613 1729 1411 1674 1371 1665 1222 1654"/></Shape>
	    <String CONTENT="את קול דברי אמו המה נביא " HPOS="1222.0" VPOS="1520.0" WIDTH="1218.0" HEIGHT="209.0"><Glyph ID="char_56" CONTENT="א" GC="1.0"><Shape><Polygon POINTS="2324 1547 2324 1681 2403 1677 2385 1544"/></Shape></Glyph><Glyph ID="char_57" CONTENT="ת" GC="1.0"><Shape><Polygon POINTS="2290 1546 2285 1680 2324 1681 2324 1547"/></Shape></Glyph><Glyph ID="char_58" CONTENT=" " GC="1.0"><Shape><Polygon POINTS="2254 1545 2249 1679 2285 1680 2290 1546"/></Shape></Glyph><Glyph ID="char_59" CONTENT="ק" GC="1.0"><Shape><Polygon POINTS="2208 1544 2203 1678 2249 1679 2254 1545"/></Shape></Glyph><Glyph ID="char_60" CONTENT="ו" GC="1.0"><Shape><Polygon POINTS="2163 1542 2158 1676 2203 1678 2208 1544"/></Shape></Glyph><Glyph ID="char_61" CONTENT="ל" GC="1.0"><Shape><Polygon POINTS="2126 1541 2121 1675 2158 1676 2163 1542"/></Shape></Glyph><Glyph ID="char_62" CONTENT=" " GC="1.0"><Shape><Polygon POINTS="2090 1540 2085 1674 2121 1675 2126 1541"/></Shape></Glyph><Glyph ID="char_63" CONTENT="ד" GC="1.0"><Shape><Polygon POINTS="2044 1539 2040 1672 2085 1674 2090 1540"/></Shape></Glyph><Glyph ID="char_64" CONTENT="ב" GC="1.0"><Shape><Polygon POINTS="1993 1539 1998 1673 2040 1672 2044 1539"/></Shape></Glyph><Glyph ID="char_65" CONTENT="ר" GC="1.0"><Shape><Polygon POINTS="1956 1540 1961 1674 1998 1673 1993 1539"/></Shape></Glyph><Glyph ID="char_66" CONTENT="י" GC="1.0"><Shape><Polygon POINTS="1920 1541 1925 1676 1961 1674 1956 1540"/></Shape></Glyph><Glyph ID="char_67" CONTENT=" " GC="1.0"><Shape><Polygon POINTS="1874 1543 1879 1677 1925 1676 1920 1541"/></Shape></Glyph><Glyph ID="char_68" CONTENT="א" GC="1.0"><Shape><Polygon POINTS="1830 1545 1834 1679 1879 1677 1874 1543"/></Shape></Glyph><Glyph ID="char_69" CONTENT="מ" GC="1.0"><Shape><Polygon POINTS="1784 1546 1788 1680 1834 1679 1830 1545"/></Shape></Glyph><Glyph ID="char_70" CONTENT="ו" GC="1.0"><Shape><Polygon POINTS="1743 1549 1755 1680 1788 1680 1784 1546"/></Shape></Glyph><Glyph ID="char_71" CONTENT=" " GC="1.0"><Shape><Polygon POINTS="1611 1588 1682 1698 1755 1680 1743 1549"/></Shape></Glyph><Glyph ID="char_72" CONTENT="ה" GC="1.0"><Shape><Polygon POINTS="1586 1581 1550 1712 1682 1698 1611 1588"/></Shape></Glyph><Glyph ID="char_73" CONTENT="מ" GC="1.0"><Shape><Polygon POINTS="1542 1569 1507 1700 1550 1712 1586 1581"/></Shape></Glyph><Glyph ID="char_74" CONTENT="ה" GC="1.0"><Shape><Polygon POINTS="1498 1557 1463 1688 1507 1700 1542 1569"/></Shape></Glyph><Glyph ID="char_75" CONTENT=" " GC="1.0"><Shape><Polygon POINTS="1455 1546 1419 1676 1463 1688 1498 1557"/></Shape></Glyph><Glyph ID="char_76" CONTENT="נ" GC="1.0"><Shape><Polygon POINTS="1412 1537 1387 1669 1419 1676 1455 1546"/></Shape></Glyph><Glyph ID="char_77" CONTENT="ב" GC="1.0"><Shape><Polygon POINTS="1368 1530 1357 1664 1387 1669 1412 1537"/></Shape></Glyph><Glyph ID="char_78" CONTENT="י" GC="1.0"><Shape><Polygon POINTS="1331 1527 1320 1661 1357 1664 1368 1530"/></Shape></Glyph><Glyph ID="char_79" CONTENT="א" GC="1.0"><Shape><Polygon POINTS="1295 1525 1285 1659 1320 1661 1331 1527"/></Shape></Glyph><Glyph ID="char_80" CONTENT=" " GC="1.0"><Shape><Polygon POINTS="1240 1521 1230 1655 1285 1659 1295 1525"/></Shape></Glyph></String>
          </TextLine>

          
          
          <TextLine ID="eSc_line_1786841" BASELINE="1422 1761 1619 1772 1670 1763 1716 1763 1846 1772 1982 1763 2139 1747 2426 1740" HPOS="1418.0" VPOS="1659.0" WIDTH="1009.0" HEIGHT="166.0">
            <Shape><Polygon POINTS="1426 1680 1623 1691 1655 1683 1716 1682 1851 1691 1976 1682 2130 1666 2424 1659 2427 1793 2144 1800 1985 1816 1842 1825 1716 1817 1679 1816 1615 1825 1418 1814"/></Shape>
	    <String CONTENT=" שר לוא ישמע ל " HPOS="1418.0" VPOS="1659.0" WIDTH="1009.0" HEIGHT="166.0"><Glyph ID="char_81" CONTENT=" " GC="1.0"><Shape><Polygon POINTS="2341 1661 2345 1795 2409 1793 2405 1659"/></Shape></Glyph><Glyph ID="char_82" CONTENT="ש" GC="1.0"><Shape><Polygon POINTS="2278 1662 2282 1797 2345 1795 2341 1661"/></Shape></Glyph><Glyph ID="char_83" CONTENT="ר" GC="1.0"><Shape><Polygon POINTS="2232 1664 2236 1798 2282 1797 2278 1662"/></Shape></Glyph><Glyph ID="char_84" CONTENT=" " GC="1.0"><Shape><Polygon POINTS="2196 1664 2200 1799 2236 1798 2232 1664"/></Shape></Glyph><Glyph ID="char_85" CONTENT="ל" GC="1.0"><Shape><Polygon POINTS="2160 1665 2164 1800 2200 1799 2196 1664"/></Shape></Glyph><Glyph ID="char_86" CONTENT="ו" GC="1.0"><Shape><Polygon POINTS="2118 1667 2132 1801 2164 1800 2160 1665"/></Shape></Glyph><Glyph ID="char_87" CONTENT="א" GC="1.0"><Shape><Polygon POINTS="2081 1671 2095 1805 2132 1801 2118 1667"/></Shape></Glyph><Glyph ID="char_88" CONTENT=" " GC="1.0"><Shape><Polygon POINTS="2037 1676 2050 1809 2095 1805 2081 1671"/></Shape></Glyph><Glyph ID="char_89" CONTENT="י" GC="1.0"><Shape><Polygon POINTS="1992 1680 2006 1814 2050 1809 2037 1676"/></Shape></Glyph><Glyph ID="char_90" CONTENT="ש" GC="1.0"><Shape><Polygon POINTS="1940 1685 1949 1818 2006 1814 1992 1680"/></Shape></Glyph><Glyph ID="char_91" CONTENT="מ" GC="1.0"><Shape><Polygon POINTS="1842 1690 1833 1824 1949 1818 1940 1685"/></Shape></Glyph><Glyph ID="char_92" CONTENT="ע" GC="1.0"><Shape><Polygon POINTS="1734 1683 1725 1818 1833 1824 1842 1690"/></Shape></Glyph><Glyph ID="char_93" CONTENT=" " GC="1.0"><Shape><Polygon POINTS="1615 1691 1639 1822 1725 1818 1734 1683"/></Shape></Glyph><Glyph ID="char_94" CONTENT="ל" GC="1.0"><Shape><Polygon POINTS="1553 1687 1545 1821 1639 1822 1615 1691"/></Shape></Glyph><Glyph ID="char_95" CONTENT=" " GC="1.0"><Shape><Polygon POINTS="1471 1683 1463 1816 1545 1821 1553 1687"/></Shape></Glyph></String>
          </TextLine>

          
          
          <TextLine ID="eSc_line_1786838" BASELINE="1752 1916 1882 1912 2036 1889 2182 1882 2349 1853" HPOS="1749.0" VPOS="1773.0" WIDTH="609.0" HEIGHT="196.0">
            <Shape><Polygon POINTS="1749 1835 1879 1831 2024 1808 2178 1801 2335 1773 2358 1906 2184 1935 2043 1942 1883 1965 1753 1969"/></Shape>
	    <String CONTENT=" בר או אשר " HPOS="1749.0" VPOS="1773.0" WIDTH="609.0" HEIGHT="196.0"><Glyph ID="char_96" CONTENT=" " GC="1.0"><Shape><Polygon POINTS="2298 1780 2321 1912 2349 1908 2326 1775"/></Shape></Glyph><Glyph ID="char_97" CONTENT="ב" GC="1.0"><Shape><Polygon POINTS="2263 1786 2286 1918 2321 1912 2298 1780"/></Shape></Glyph><Glyph ID="char_98" CONTENT="ר" GC="1.0"><Shape><Polygon POINTS="2226 1792 2249 1924 2286 1918 2263 1786"/></Shape></Glyph><Glyph ID="char_99" CONTENT=" " GC="1.0"><Shape><Polygon POINTS="2191 1799 2214 1930 2249 1924 2226 1792"/></Shape></Glyph><Glyph ID="char_100" CONTENT="א" GC="1.0"><Shape><Polygon POINTS="2146 1802 2153 1937 2214 1930 2191 1799"/></Shape></Glyph><Glyph ID="char_101" CONTENT="ו" GC="1.0"><Shape><Polygon POINTS="2110 1804 2117 1938 2153 1937 2146 1802"/></Shape></Glyph><Glyph ID="char_102" CONTENT=" " GC="1.0"><Shape><Polygon POINTS="2073 1806 2080 1940 2117 1938 2110 1804"/></Shape></Glyph><Glyph ID="char_103" CONTENT="א" GC="1.0"><Shape><Polygon POINTS="2037 1807 2044 1942 2080 1940 2073 1806"/></Shape></Glyph><Glyph ID="char_104" CONTENT="ש" GC="1.0"><Shape><Polygon POINTS="1984 1814 2004 1948 2044 1942 2037 1807"/></Shape></Glyph><Glyph ID="char_105" CONTENT="ר" GC="1.0"><Shape><Polygon POINTS="1939 1821 1959 1954 2004 1948 1984 1814"/></Shape></Glyph><Glyph ID="char_106" CONTENT=" " GC="1.0"><Shape><Polygon POINTS="1830 1832 1835 1966 1959 1954 1939 1821"/></Shape></Glyph></String>
          </TextLine>

          
          
          <TextLine ID="eSc_line_1786840" BASELINE="2108 1997 2275 1973 2370 1961" HPOS="2096.0" VPOS="1880.0" WIDTH="280.0" HEIGHT="170.0">
            <Shape><Polygon POINTS="2096 1916 2263 1892 2359 1880 2376 2014 2282 2026 2115 2050"/></Shape>
	    <String CONTENT=" ר ידב " HPOS="2096.0" VPOS="1880.0" WIDTH="280.0" HEIGHT="170.0"><Glyph ID="char_107" CONTENT=" " GC="1.0"><Shape><Polygon POINTS="2286 1889 2303 2023 2357 2016 2340 1882"/></Shape></Glyph><Glyph ID="char_108" CONTENT="ר" GC="1.0"><Shape><Polygon POINTS="2249 1894 2268 2028 2303 2023 2286 1889"/></Shape></Glyph><Glyph ID="char_109" CONTENT=" " GC="1.0"><Shape><Polygon POINTS="2221 1898 2240 2032 2268 2028 2249 1894"/></Shape></Glyph><Glyph ID="char_110" CONTENT="י" GC="1.0"><Shape><Polygon POINTS="2203 1901 2222 2035 2240 2032 2221 1898"/></Shape></Glyph><Glyph ID="char_111" CONTENT="ד" GC="1.0"><Shape><Polygon POINTS="2177 1904 2196 2038 2222 2035 2203 1901"/></Shape></Glyph><Glyph ID="char_112" CONTENT="ב" GC="1.0"><Shape><Polygon POINTS="2141 1910 2160 2044 2196 2038 2177 1904"/></Shape></Glyph><Glyph ID="char_113" CONTENT=" " GC="1.0"><Shape><Polygon POINTS="2107 1997 2152 1990"/></Shape></Glyph></String>
          </TextLine>

          
        </TextBlock>
        

        
        <TextBlock ID="eSc_dummyblock_">
          
          
          <TextLine ID="eSc_line_1786832" BASELINE="1188 1253 1267 1253 1440 1271 1758 1271 2043 1253 2112 1237 2207 1226 2367 1219 2406 1228" HPOS="1186.0" VPOS="1098.0" WIDTH="1217.0" HEIGHT="284.0">
            <Shape><Polygon POINTS="1186 1251 1188 1208 1215 1188 1242 1213 1260 1195 1305 1237 1362 1242 1427 1174 1452 1170 1535 1098 1709 1210 1736 1186 1770 1199 1801 1231 1853 1222 1896 1256 1957 1256 1982 1242 1997 1251 2043 1213 2097 1186 2171 1161 2209 1168 2245 1147 2284 1172 2311 1161 2333 1170 2351 1159 2397 1186 2403 1226 2399 1292 2360 1260 2345 1278 2309 1271 2293 1287 2252 1274 2225 1249 2182 1294 2158 1303 2112 1278 2092 1292 2022 1253 1869 1262 1858 1274 1844 1265 1817 1276 1743 1269 1691 1321 1668 1319 1628 1334 1594 1359 1555 1364 1544 1353 1510 1382 1452 1328 1438 1337 1418 1321 1400 1323 1350 1285 1323 1312 1292 1292 1260 1296 1231 1269 1190 1285"/></Shape>
	    <String CONTENT="בא ה בו תהיה י את " HPOS="1186.0" VPOS="1098.0" WIDTH="1217.0" HEIGHT="284.0"><Glyph ID="char_114" CONTENT="ב" GC="1.0"><Shape><Polygon POINTS="2283 1171 2288 1285 2361 1261 2381 1176"/></Shape></Glyph><Glyph ID="char_115" CONTENT="א" GC="1.0"><Shape><Polygon POINTS="2231 1155 2235 1259 2288 1285 2283 1171"/></Shape></Glyph><Glyph ID="char_116" CONTENT=" " GC="1.0"><Shape><Polygon POINTS="2174 1162 2189 1287 2235 1259 2231 1155"/></Shape></Glyph><Glyph ID="char_117" CONTENT="ה" GC="1.0"><Shape><Polygon POINTS="1943 1259 2182 1228"/></Shape></Glyph><Glyph ID="char_118" CONTENT=" " GC="1.0"><Shape><Polygon POINTS="1702 1271 1943 1259"/></Shape></Glyph><Glyph ID="char_119" CONTENT="ב" GC="1.0"><Shape><Polygon POINTS="1650 1172 1650 1326 1702 1310 1702 1206"/></Shape></Glyph><Glyph ID="char_120" CONTENT="ו" GC="1.0"><Shape><Polygon POINTS="1599 1139 1599 1355 1650 1326 1650 1172"/></Shape></Glyph><Glyph ID="char_121" CONTENT=" " GC="1.0"><Shape><Polygon POINTS="1547 1106 1547 1356 1599 1355 1599 1139"/></Shape></Glyph><Glyph ID="char_122" CONTENT="ת" GC="1.0"><Shape><Polygon POINTS="1495 1133 1495 1368 1547 1356 1547 1106"/></Shape></Glyph><Glyph ID="char_123" CONTENT="ה" GC="1.0"><Shape><Polygon POINTS="1461 1162 1461 1336 1495 1368 1495 1133"/></Shape></Glyph><Glyph ID="char_124" CONTENT="י" GC="1.0"><Shape><Polygon POINTS="1418 1183 1404 1323 1461 1336 1461 1162"/></Shape></Glyph><Glyph ID="char_125" CONTENT="ה" GC="1.0"><Shape><Polygon POINTS="1380 1224 1372 1301 1404 1323 1418 1183"/></Shape></Glyph><Glyph ID="char_126" CONTENT=" " GC="1.0"><Shape><Polygon POINTS="1326 1239 1318 1309 1372 1301 1380 1224"/></Shape></Glyph><Glyph ID="char_127" CONTENT="י" GC="1.0"><Shape><Polygon POINTS="1292 1225 1285 1293 1318 1309 1326 1239"/></Shape></Glyph><Glyph ID="char_128" CONTENT=" " GC="1.0"><Shape><Polygon POINTS="1255 1200 1255 1291 1285 1293 1292 1225"/></Shape></Glyph><Glyph ID="char_129" CONTENT="א" GC="1.0"><Shape><Polygon POINTS="1203 1197 1203 1280 1255 1291 1255 1200"/></Shape></Glyph><Glyph ID="char_130" CONTENT="ת" GC="1.0"><Shape><Polygon POINTS="1186 1253 1203 1253"/></Shape></Glyph><Glyph ID="char_131" CONTENT=" " GC="1.0"><Shape><Polygon POINTS="1186 1253 1186 1253"/></Shape></Glyph></String>
          </TextLine>

          
        </TextBlock>
        
      </PrintSpace>
    </Page>
  </Layout>
</alto>