<?xml version='1.0' encoding='UTF-8'?>
<alto xmlns:xsi="http://www.w3.org/2001/XMLSchema-instance" xmlns="http://www.loc.gov/standards/alto/ns-v4#" xsi:schemaLocation="http://www.loc.gov/standards/alto/ns-v4# http://www.loc.gov/standards/alto/v4/alto-4-2.xsd">
  <Description>
    <MeasurementUnit>pixel</MeasurementUnit>
    <sourceImageInformation>
      <fileName>P143-Fg001-R-C01-R01-D22052012-T155003-LR924_012_F.jpg</fileName>
      
    </sourceImageInformation>
  </Description>
  
  <Tags>
    <OtherTag ID="BT1443" LABEL="Parchment_or_papyrus" DESCRIPTION="block type Parchment_or_papyrus"/><OtherTag ID="BT2" LABEL="Main" DESCRIPTION="block type Main"/>
    
  </Tags>
  
  <Layout>
    <Page WIDTH="3608" HEIGHT="2706" PHYSICAL_IMG_NR="234" ID="eSc_dummypage_">
      <PrintSpace HPOS="0" VPOS="0" WIDTH="3608" HEIGHT="2706">
        
        <TextBlock HPOS="1616.0" VPOS="859.0" WIDTH="1027.0" HEIGHT="1134.0" ID="eSc_textblock_1a50101d" TAGREFS="BT2">
          <Shape><Polygon POINTS="1616 859 1616 1993 2643 1993 2643 859"/></Shape>
          
          
          <TextLine ID="eSc_line_1786867" BASELINE="1652 926 1774 920 1826 931 1880 933 1959 926 2173 971 2365 978 2412 974" HPOS="1645.0" VPOS="793.0" WIDTH="774.0" HEIGHT="269.0">
            <Shape><Polygon POINTS="1645 799 1767 793 1852 807 1884 806 1947 799 2199 847 2369 851 2401 847 2419 1058 2361 1062 2155 1053 1966 1010 1876 1017 1808 1013 1778 1004 1656 1010"/></Shape>
	    <String CONTENT=" ן כוכ " HPOS="1645.0" VPOS="793.0" WIDTH="774.0" HEIGHT="269.0"><Glyph ID="char_0" CONTENT=" " GC="1.0"><Shape><Polygon POINTS="2359 851 2351 1062 2405 1059 2387 849"/></Shape></Glyph><Glyph ID="char_1" CONTENT="ן" GC="1.0"><Shape><Polygon POINTS="2331 850 2324 1060 2351 1062 2359 851"/></Shape></Glyph><Glyph ID="char_2" CONTENT=" " GC="1.0"><Shape><Polygon POINTS="2288 849 2281 1058 2324 1060 2331 850"/></Shape></Glyph><Glyph ID="char_3" CONTENT="כ" GC="1.0"><Shape><Polygon POINTS="2245 848 2238 1057 2281 1058 2288 849"/></Shape></Glyph><Glyph ID="char_4" CONTENT="ו" GC="1.0"><Shape><Polygon POINTS="2196 846 2152 1052 2238 1057 2245 848"/></Shape></Glyph><Glyph ID="char_5" CONTENT="כ" GC="1.0"><Shape><Polygon POINTS="2112 830 2070 1034 2152 1052 2196 846"/></Shape></Glyph><Glyph ID="char_6" CONTENT=" " GC="1.0"><Shape><Polygon POINTS="1839 805 1832 1014 2070 1034 2112 830"/></Shape></Glyph></String>
          </TextLine>

          
          
          <TextLine ID="eSc_line_1786870" BASELINE="1650 1098 1864 1132 2097 1147 2282 1174 2388 1183 2494 1186 2622 1195" HPOS="1636.0" VPOS="972.0" WIDTH="994.0" HEIGHT="307.0">
            <Shape><Polygon POINTS="1669 972 1883 1006 2105 1020 2300 1048 2398 1056 2497 1059 2630 1068 2616 1279 2491 1270 2380 1267 2269 1257 2091 1231 1850 1215 1636 1181"/></Shape>
	    <String CONTENT=" ביניהון הא באדין חז " HPOS="1636.0" VPOS="972.0" WIDTH="994.0" HEIGHT="307.0"><Glyph ID="char_7" CONTENT=" " GC="1.0"><Shape><Polygon POINTS="2586 1065 2571 1276 2600 1278 2615 1067"/></Shape></Glyph><Glyph ID="char_8" CONTENT="ב" GC="1.0"><Shape><Polygon POINTS="2544 1062 2529 1273 2571 1276 2586 1065"/></Shape></Glyph><Glyph ID="char_9" CONTENT="י" GC="1.0"><Shape><Polygon POINTS="2482 1059 2476 1270 2529 1273 2544 1062"/></Shape></Glyph><Glyph ID="char_10" CONTENT="נ" GC="1.0"><Shape><Polygon POINTS="2440 1057 2434 1268 2476 1270 2482 1059"/></Shape></Glyph><Glyph ID="char_11" CONTENT="י" GC="1.0"><Shape><Polygon POINTS="2390 1055 2372 1266 2434 1268 2440 1057"/></Shape></Glyph><Glyph ID="char_12" CONTENT="ה" GC="1.0"><Shape><Polygon POINTS="2334 1051 2316 1261 2372 1266 2390 1055"/></Shape></Glyph><Glyph ID="char_13" CONTENT="ו" GC="1.0"><Shape><Polygon POINTS="2299 1048 2269 1257 2316 1261 2334 1051"/></Shape></Glyph><Glyph ID="char_14" CONTENT="ן" GC="1.0"><Shape><Polygon POINTS="2271 1044 2241 1253 2269 1257 2299 1048"/></Shape></Glyph><Glyph ID="char_15" CONTENT=" " GC="1.0"><Shape><Polygon POINTS="2229 1038 2198 1247 2241 1253 2271 1044"/></Shape></Glyph><Glyph ID="char_16" CONTENT="ה" GC="1.0"><Shape><Polygon POINTS="2173 1030 2143 1239 2198 1247 2229 1038"/></Shape></Glyph><Glyph ID="char_17" CONTENT="א" GC="1.0"><Shape><Polygon POINTS="2117 1022 2086 1231 2143 1239 2173 1030"/></Shape></Glyph><Glyph ID="char_18" CONTENT=" " GC="1.0"><Shape><Polygon POINTS="2079 1018 2065 1229 2086 1231 2117 1022"/></Shape></Glyph><Glyph ID="char_19" CONTENT="ב" GC="1.0"><Shape><Polygon POINTS="2036 1016 2022 1226 2065 1229 2079 1018"/></Shape></Glyph><Glyph ID="char_20" CONTENT="א" GC="1.0"><Shape><Polygon POINTS="1980 1012 1967 1223 2022 1226 2036 1016"/></Shape></Glyph><Glyph ID="char_21" CONTENT="ד" GC="1.0"><Shape><Polygon POINTS="1923 1009 1910 1219 1967 1223 1980 1012"/></Shape></Glyph><Glyph ID="char_22" CONTENT="י" GC="1.0"><Shape><Polygon POINTS="1879 1005 1845 1214 1910 1219 1923 1009"/></Shape></Glyph><Glyph ID="char_23" CONTENT="ן" GC="1.0"><Shape><Polygon POINTS="1851 1001 1817 1210 1845 1214 1879 1005"/></Shape></Glyph><Glyph ID="char_24" CONTENT=" " GC="1.0"><Shape><Polygon POINTS="1810 994 1776 1203 1817 1210 1851 1001"/></Shape></Glyph><Glyph ID="char_25" CONTENT="ח" GC="1.0"><Shape><Polygon POINTS="1753 985 1719 1194 1776 1203 1810 994"/></Shape></Glyph><Glyph ID="char_26" CONTENT="ז" GC="1.0"><Shape><Polygon POINTS="1712 979 1678 1188 1719 1194 1753 985"/></Shape></Glyph><Glyph ID="char_27" CONTENT=" " GC="1.0"><Shape><Polygon POINTS="1649 1097 1691 1103"/></Shape></Glyph></String>
          </TextLine>

          
          
          <TextLine ID="eSc_line_1786871" BASELINE="1749 1350 2277 1411 2545 1409 2656 1413" HPOS="1739.0" VPOS="1224.0" WIDTH="921.0" HEIGHT="273.0">
            <Shape><Polygon POINTS="1763 1224 2291 1285 2544 1282 2660 1286 2652 1497 2545 1493 2267 1494 1739 1433"/></Shape>
	    <String CONTENT=" ן ודיריהון ל " HPOS="1739.0" VPOS="1224.0" WIDTH="921.0" HEIGHT="273.0"><Glyph ID="char_28" CONTENT=" " GC="1.0"><Shape><Polygon POINTS="2602 1284 2594 1495 2637 1496 2645 1285"/></Shape></Glyph><Glyph ID="char_29" CONTENT="ן" GC="1.0"><Shape><Polygon POINTS="2588 1284 2580 1494 2594 1495 2602 1284"/></Shape></Glyph><Glyph ID="char_30" CONTENT=" " GC="1.0"><Shape><Polygon POINTS="2574 1283 2566 1494 2580 1494 2588 1284"/></Shape></Glyph><Glyph ID="char_31" CONTENT="ו" GC="1.0"><Shape><Polygon POINTS="2525 1282 2527 1493 2566 1494 2574 1283"/></Shape></Glyph><Glyph ID="char_32" CONTENT="ד" GC="1.0"><Shape><Polygon POINTS="2482 1283 2484 1493 2527 1493 2525 1282"/></Shape></Glyph><Glyph ID="char_33" CONTENT="י" GC="1.0"><Shape><Polygon POINTS="2425 1283 2427 1493 2484 1493 2482 1283"/></Shape></Glyph><Glyph ID="char_34" CONTENT="ר" GC="1.0"><Shape><Polygon POINTS="2383 1284 2385 1494 2427 1493 2425 1283"/></Shape></Glyph><Glyph ID="char_35" CONTENT="י" GC="1.0"><Shape><Polygon POINTS="2326 1285 2328 1494 2385 1494 2383 1284"/></Shape></Glyph><Glyph ID="char_36" CONTENT="ה" GC="1.0"><Shape><Polygon POINTS="2285 1284 2261 1493 2328 1494 2326 1285"/></Shape></Glyph><Glyph ID="char_37" CONTENT="ו" GC="1.0"><Shape><Polygon POINTS="2257 1281 2233 1490 2261 1493 2285 1284"/></Shape></Glyph><Glyph ID="char_38" CONTENT="ן" GC="1.0"><Shape><Polygon POINTS="2130 1266 2106 1475 2233 1490 2257 1281"/></Shape></Glyph><Glyph ID="char_39" CONTENT=" " GC="1.0"><Shape><Polygon POINTS="1974 1248 1950 1457 2106 1475 2130 1266"/></Shape></Glyph><Glyph ID="char_40" CONTENT="ל" GC="1.0"><Shape><Polygon POINTS="1919 1242 1894 1451 1950 1457 1974 1248"/></Shape></Glyph><Glyph ID="char_41" CONTENT=" " GC="1.0"><Shape><Polygon POINTS="1819 1231 1795 1439 1894 1451 1919 1242"/></Shape></Glyph></String>
          </TextLine>

          
          
          <TextLine ID="eSc_line_1786873" BASELINE="1858 1603 1921 1603 2013 1594 2090 1607 2194 1607 2448 1628 2559 1628" HPOS="1858.0" VPOS="1468.0" WIDTH="701.0" HEIGHT="244.0">
            <Shape><Polygon POINTS="1858 1476 1921 1476 2000 1468 2111 1482 2194 1480 2458 1501 2559 1501 2559 1712 2441 1712 2194 1691 2075 1690 2021 1677 1921 1687 1858 1687"/></Shape>
	    <String CONTENT=" והא כוכבין ש י " HPOS="1858.0" VPOS="1468.0" WIDTH="701.0" HEIGHT="244.0"><Glyph ID="char_42" CONTENT=" " GC="1.0"><Shape><Polygon POINTS="2488 1501 2488 1712 2531 1712 2531 1501"/></Shape></Glyph><Glyph ID="char_43" CONTENT="ו" GC="1.0"><Shape><Polygon POINTS="2473 1501 2473 1712 2488 1712 2488 1501"/></Shape></Glyph><Glyph ID="char_44" CONTENT="ה" GC="1.0"><Shape><Polygon POINTS="2440 1500 2423 1710 2473 1712 2473 1501"/></Shape></Glyph><Glyph ID="char_45" CONTENT="א" GC="1.0"><Shape><Polygon POINTS="2383 1495 2366 1706 2423 1710 2440 1500"/></Shape></Glyph><Glyph ID="char_46" CONTENT=" " GC="1.0"><Shape><Polygon POINTS="2340 1492 2323 1702 2366 1706 2383 1495"/></Shape></Glyph><Glyph ID="char_47" CONTENT="כ" GC="1.0"><Shape><Polygon POINTS="2298 1488 2280 1698 2323 1702 2340 1492"/></Shape></Glyph><Glyph ID="char_48" CONTENT="ו" GC="1.0"><Shape><Polygon POINTS="2241 1484 2223 1694 2280 1698 2298 1488"/></Shape></Glyph><Glyph ID="char_49" CONTENT="כ" GC="1.0"><Shape><Polygon POINTS="2172 1481 2172 1691 2223 1694 2241 1484"/></Shape></Glyph><Glyph ID="char_50" CONTENT="ב" GC="1.0"><Shape><Polygon POINTS="2143 1481 2143 1691 2172 1691 2172 1481"/></Shape></Glyph><Glyph ID="char_51" CONTENT="י" GC="1.0"><Shape><Polygon POINTS="2115 1482 2115 1690 2143 1691 2143 1481"/></Shape></Glyph><Glyph ID="char_52" CONTENT="ן" GC="1.0"><Shape><Polygon POINTS="2100 1481 2100 1690 2115 1690 2115 1482"/></Shape></Glyph><Glyph ID="char_53" CONTENT=" " GC="1.0"><Shape><Polygon POINTS="2065 1476 2031 1679 2100 1690 2100 1481"/></Shape></Glyph><Glyph ID="char_54" CONTENT="ש" GC="1.0"><Shape><Polygon POINTS="1947 1473 1967 1682 2031 1679 2065 1476"/></Shape></Glyph><Glyph ID="char_55" CONTENT=" " GC="1.0"><Shape><Polygon POINTS="1887 1476 1887 1687 1967 1682 1947 1473"/></Shape></Glyph><Glyph ID="char_56" CONTENT="י" GC="1.0"><Shape><Polygon POINTS="1858 1476 1858 1687 1887 1687 1887 1476"/></Shape></Glyph><Glyph ID="char_57" CONTENT=" " GC="1.0"><Shape><Polygon POINTS="1858 1476 1858 1687 1858 1687 1858 1476"/></Shape></Glyph></String>
          </TextLine>

          
          
          <TextLine ID="eSc_line_1786874" BASELINE="1997 1825 2221 1842 2275 1842 2340 1851 2399 1846" HPOS="1990.0" VPOS="1698.0" WIDTH="416.0" HEIGHT="236.0">
            <Shape><Polygon POINTS="2006 1698 2230 1715 2275 1715 2357 1725 2388 1719 2406 1930 2328 1934 2275 1926 2214 1926 1990 1909"/></Shape>
	    <String CONTENT=" ריא " HPOS="1990.0" VPOS="1698.0" WIDTH="416.0" HEIGHT="236.0"><Glyph ID="char_58" CONTENT=" " GC="1.0"><Shape><Polygon POINTS="2359 1725 2377 1932 2405 1930 2387 1719"/></Shape></Glyph><Glyph ID="char_59" CONTENT="ר" GC="1.0"><Shape><Polygon POINTS="2330 1722 2348 1933 2377 1932 2359 1725"/></Shape></Glyph><Glyph ID="char_60" CONTENT="י" GC="1.0"><Shape><Polygon POINTS="2315 1720 2287 1928 2348 1933 2330 1722"/></Shape></Glyph><Glyph ID="char_61" CONTENT="א" GC="1.0"><Shape><Polygon POINTS="2226 1715 2226 1926 2287 1928 2315 1720"/></Shape></Glyph><Glyph ID="char_62" CONTENT=" " GC="1.0"><Shape><Polygon POINTS="2093 1705 2076 1916 2226 1926 2226 1715"/></Shape></Glyph></String>
          </TextLine>

          
        </TextBlock>
        

        
      </PrintSpace>
    </Page>
  </Layout>
</alto>