<?xml version='1.0' encoding='UTF-8'?>
<alto xmlns:xsi="http://www.w3.org/2001/XMLSchema-instance" xmlns="http://www.loc.gov/standards/alto/ns-v4#" xsi:schemaLocation="http://www.loc.gov/standards/alto/ns-v4# http://www.loc.gov/standards/alto/v4/alto-4-2.xsd">
  <Description>
    <MeasurementUnit>pixel</MeasurementUnit>
    <sourceImageInformation>
      <fileName>P148-Fg001-R-C01-R01-D19072012-T105017-LR924_012_F.jpg</fileName>
      
    </sourceImageInformation>
  </Description>
  
  <Tags>
    <OtherTag ID="BT1443" LABEL="Parchment_or_papyrus" DESCRIPTION="block type Parchment_or_papyrus"/><OtherTag ID="BT2" LABEL="Main" DESCRIPTION="block type Main"/>
    
  </Tags>
  
  <Layout>
    <Page WIDTH="3608" HEIGHT="2706" PHYSICAL_IMG_NR="24" ID="eSc_dummypage_">
      <PrintSpace HPOS="0" VPOS="0" WIDTH="3608" HEIGHT="2706">
        
        <TextBlock HPOS="463.0" VPOS="886.0" WIDTH="2537.0" HEIGHT="666.0" ID="eSc_textblock_7786fc0d" TAGREFS="BT2">
          <Shape><Polygon POINTS="463 886 463 1552 3000 1552 3000 886"/></Shape>
          
          
          <TextLine ID="eSc_line_1791559" BASELINE="2896 1129 2896 1243" HPOS="2866.0" VPOS="1127.0" WIDTH="119.0" HEIGHT="115.0">
            <Shape><Polygon POINTS="2895 1127 2985 1129 2969 1237 2895 1242 2877 1231 2866 1190 2888 1156 2888 1129"/></Shape>
	    <String CONTENT=" ע " HPOS="2866.0" VPOS="1127.0" WIDTH="119.0" HEIGHT="115.0"><Glyph ID="char_0" CONTENT=" " GC="1.0"><Shape><Polygon POINTS="2973 1210 2871 1210 2882 1234 2969 1234"/></Shape></Glyph><Glyph ID="char_1" CONTENT="ע" GC="1.0"><Shape><Polygon POINTS="2976 1193 2867 1193 2871 1210 2973 1210"/></Shape></Glyph><Glyph ID="char_2" CONTENT=" " GC="1.0"><Shape><Polygon POINTS="2983 1144 2888 1144 2867 1193 2976 1193"/></Shape></Glyph></String>
          </TextLine>

          
          
          <TextLine ID="eSc_line_1786903" BASELINE="2759 1089 2778 1256" HPOS="2710.0" VPOS="1086.0" WIDTH="106.0" HEIGHT="167.0">
            <Shape><Polygon POINTS="2757 1086 2791 1091 2789 1152 2811 1179 2816 1215 2802 1244 2775 1253 2735 1253 2726 1244 2728 1174 2710 1093"/></Shape>
	    <String CONTENT=" בבש " HPOS="2710.0" VPOS="1086.0" WIDTH="106.0" HEIGHT="167.0"><Glyph ID="char_3" CONTENT=" " GC="1.0"><Shape><Polygon POINTS="2814 1219 2726 1230 2730 1248 2804 1240"/></Shape></Glyph><Glyph ID="char_4" CONTENT="ב" GC="1.0"><Shape><Polygon POINTS="2813 1193 2727 1203 2726 1230 2814 1219"/></Shape></Glyph><Glyph ID="char_5" CONTENT="ב" GC="1.0"><Shape><Polygon POINTS="2794 1158 2726 1166 2727 1203 2813 1193"/></Shape></Glyph><Glyph ID="char_6" CONTENT="ש" GC="1.0"><Shape><Polygon POINTS="2790 1134 2721 1142 2726 1166 2794 1158"/></Shape></Glyph><Glyph ID="char_7" CONTENT=" " GC="1.0"><Shape><Polygon POINTS="2791 1101 2714 1110 2721 1142 2790 1134"/></Shape></Glyph></String>
          </TextLine>

          
          
          <TextLine ID="eSc_line_1786901" BASELINE="2588 1019 2597 1095 2586 1260" HPOS="2525.0" VPOS="1017.0" WIDTH="113.0" HEIGHT="241.0">
            <Shape><Polygon POINTS="2586 1017 2613 1021 2638 1062 2620 1102 2631 1134 2620 1168 2633 1201 2606 1224 2606 1251 2584 1258 2561 1251 2561 1219 2525 1168 2527 1104 2568 1019"/></Shape>
	    <String CONTENT=" נפילי " HPOS="2525.0" VPOS="1017.0" WIDTH="113.0" HEIGHT="241.0"><Glyph ID="char_8" CONTENT=" " GC="1.0"><Shape><Polygon POINTS="2625 1180 2529 1174 2551 1205 2623 1209"/></Shape></Glyph><Glyph ID="char_9" CONTENT="נ" GC="1.0"><Shape><Polygon POINTS="2625 1151 2526 1145 2529 1174 2625 1180"/></Shape></Glyph><Glyph ID="char_10" CONTENT="פ" GC="1.0"><Shape><Polygon POINTS="2624 1114 2527 1108 2526 1145 2625 1151"/></Shape></Glyph><Glyph ID="char_11" CONTENT="י" GC="1.0"><Shape><Polygon POINTS="2634 1070 2537 1083 2527 1108 2624 1114"/></Shape></Glyph><Glyph ID="char_12" CONTENT="ל" GC="1.0"><Shape><Polygon POINTS="2626 1042 2552 1052 2537 1083 2634 1070"/></Shape></Glyph><Glyph ID="char_13" CONTENT="י" GC="1.0"><Shape><Polygon POINTS="2613 1022 2564 1028 2552 1052 2626 1042"/></Shape></Glyph><Glyph ID="char_14" CONTENT=" " GC="1.0"><Shape><Polygon POINTS="2587 1017 2588 1024"/></Shape></Glyph></String>
          </TextLine>

          
          
          <TextLine ID="eSc_line_1786900" BASELINE="2408 989 2399 1086 2403 1258 2388 1328" HPOS="2320.0" VPOS="987.0" WIDTH="151.0" HEIGHT="336.0">
            <Shape><Polygon POINTS="2406 987 2448 992 2448 1007 2466 1028 2446 1050 2464 1071 2444 1098 2444 1165 2471 1199 2469 1294 2442 1323 2354 1319 2358 1289 2347 1271 2356 1242 2320 1197 2322 1093 2351 1068 2367 989"/></Shape>
	    <String CONTENT=" הוו קאמ " HPOS="2320.0" VPOS="987.0" WIDTH="151.0" HEIGHT="336.0"><Glyph ID="char_15" CONTENT=" " GC="1.0"><Shape><Polygon POINTS="2469 1294 2348 1268 2355 1311 2405 1321"/></Shape></Glyph><Glyph ID="char_16" CONTENT="ה" GC="1.0"><Shape><Polygon POINTS="2470 1228 2347 1231 2348 1268 2469 1294"/></Shape></Glyph><Glyph ID="char_17" CONTENT="ו" GC="1.0"><Shape><Polygon POINTS="2462 1187 2320 1190 2347 1231 2470 1228"/></Shape></Glyph><Glyph ID="char_18" CONTENT="ו" GC="1.0"><Shape><Polygon POINTS="2444 1158 2321 1160 2320 1190 2462 1187"/></Shape></Glyph><Glyph ID="char_19" CONTENT=" " GC="1.0"><Shape><Polygon POINTS="2444 1118 2321 1120 2321 1160 2444 1158"/></Shape></Glyph><Glyph ID="char_20" CONTENT="ק" GC="1.0"><Shape><Polygon POINTS="2457 1063 2354 1053 2321 1120 2444 1118"/></Shape></Glyph><Glyph ID="char_21" CONTENT="א" GC="1.0"><Shape><Polygon POINTS="2462 1023 2362 1014 2354 1053 2457 1063"/></Shape></Glyph><Glyph ID="char_22" CONTENT="מ" GC="1.0"><Shape><Polygon POINTS="2408 987 2405 1017"/></Shape></Glyph><Glyph ID="char_23" CONTENT=" " GC="1.0"><Shape><Polygon POINTS="2408 987 2408 987"/></Shape></Glyph></String>
          </TextLine>

          
          
          <TextLine ID="eSc_line_1786897" BASELINE="2232 965 2223 1280 2214 1357" HPOS="2160.0" VPOS="962.0" WIDTH="119.0" HEIGHT="391.0">
            <Shape><Polygon POINTS="2230 962 2264 967 2279 985 2268 1019 2277 1059 2259 1102 2275 1156 2264 1183 2270 1256 2257 1280 2252 1353 2169 1348 2160 1337 2176 1301 2164 1265 2185 1240 2187 1219 2187 1186 2169 1141 2176 1116 2164 1102 2176 1082 2167 1021 2194 965"/></Shape>
	    <String CONTENT=" ארעא תר " HPOS="2160.0" VPOS="962.0" WIDTH="119.0" HEIGHT="391.0"><Glyph ID="char_24" CONTENT=" " GC="1.0"><Shape><Polygon POINTS="2256 1300 2172 1290 2168 1319 2254 1329"/></Shape></Glyph><Glyph ID="char_25" CONTENT="א" GC="1.0"><Shape><Polygon POINTS="2270 1254 2175 1252 2172 1290 2256 1300"/></Shape></Glyph><Glyph ID="char_26" CONTENT="ר" GC="1.0"><Shape><Polygon POINTS="2266 1203 2187 1201 2175 1252 2270 1254"/></Shape></Glyph><Glyph ID="char_27" CONTENT="ע" GC="1.0"><Shape><Polygon POINTS="2274 1152 2172 1149 2187 1201 2266 1203"/></Shape></Glyph><Glyph ID="char_28" CONTENT="א" GC="1.0"><Shape><Polygon POINTS="2261 1108 2167 1105 2172 1149 2274 1152"/></Shape></Glyph><Glyph ID="char_29" CONTENT=" " GC="1.0"><Shape><Polygon POINTS="2271 1072 2174 1069 2167 1105 2261 1108"/></Shape></Glyph><Glyph ID="char_30" CONTENT="ת" GC="1.0"><Shape><Polygon POINTS="2268 1021 2168 1018 2174 1069 2271 1072"/></Shape></Glyph><Glyph ID="char_31" CONTENT="ר" GC="1.0"><Shape><Polygon POINTS="2279 985 2185 983 2168 1018 2268 1021"/></Shape></Glyph><Glyph ID="char_32" CONTENT=" " GC="1.0"><Shape><Polygon POINTS="2232 962 2231 983"/></Shape></Glyph></String>
          </TextLine>

          
          
          <TextLine ID="eSc_line_1791561" BASELINE="2064 933 2053 1379" HPOS="2000.0" VPOS="931.0" WIDTH="115.0" HEIGHT="446.0">
            <Shape><Polygon POINTS="2063 931 2085 933 2115 976 2094 1005 2115 1053 2115 1095 2092 1147 2112 1206 2090 1244 2088 1278 2097 1289 2074 1312 2074 1373 2052 1377 2043 1371 2043 1303 2013 1247 2020 1235 2000 1208 2009 1195 2004 1080 2018 1066 2004 1046 2052 994 2052 933"/></Shape>
	    <String CONTENT=" וו עשיתין ל" HPOS="2000.0" VPOS="931.0" WIDTH="115.0" HEIGHT="446.0"><Glyph ID="char_33" CONTENT=" " GC="1.0"><Shape><Polygon POINTS="2082 1304 2043 1303 2043 1341 2074 1341"/></Shape></Glyph><Glyph ID="char_34" CONTENT="ו" GC="1.0"><Shape><Polygon POINTS="2096 1288 2034 1286 2043 1303 2082 1304"/></Shape></Glyph><Glyph ID="char_35" CONTENT="ו" GC="1.0"><Shape><Polygon POINTS="2090 1281 2030 1279 2034 1286 2096 1288"/></Shape></Glyph><Glyph ID="char_36" CONTENT=" " GC="1.0"><Shape><Polygon POINTS="2089 1266 2022 1264 2030 1279 2090 1281"/></Shape></Glyph><Glyph ID="char_37" CONTENT="ע" GC="1.0"><Shape><Polygon POINTS="2090 1251 2014 1249 2022 1264 2089 1266"/></Shape></Glyph><Glyph ID="char_38" CONTENT="ש" GC="1.0"><Shape><Polygon POINTS="2104 1220 2007 1218 2014 1249 2090 1251"/></Shape></Glyph><Glyph ID="char_39" CONTENT="י" GC="1.0"><Shape><Polygon POINTS="2096 1160 2007 1158 2007 1218 2104 1220"/></Shape></Glyph><Glyph ID="char_40" CONTENT="ת" GC="1.0"><Shape><Polygon POINTS="2110 1107 2005 1105 2007 1158 2096 1160"/></Shape></Glyph><Glyph ID="char_41" CONTENT="י" GC="1.0"><Shape><Polygon POINTS="2115 1069 2017 1067 2005 1105 2110 1107"/></Shape></Glyph><Glyph ID="char_42" CONTENT="ן" GC="1.0"><Shape><Polygon POINTS="2108 1038 2013 1036 2017 1067 2115 1069"/></Shape></Glyph><Glyph ID="char_43" CONTENT=" " GC="1.0"><Shape><Polygon POINTS="2098 1000 2048 999 2013 1036 2108 1038"/></Shape></Glyph><Glyph ID="char_44" CONTENT="ל" GC="1.0"><Shape><Polygon POINTS="2095 947 2052 946 2048 999 2098 1000"/></Shape></Glyph></String>
          </TextLine>

          
          
          <TextLine ID="eSc_line_1786891" BASELINE="1864 854 1849 1449" HPOS="1799.0" VPOS="852.0" WIDTH="142.0" HEIGHT="595.0">
            <Shape><Polygon POINTS="1862 852 1898 856 1896 924 1928 969 1921 980 1941 1003 1941 1037 1903 1084 1937 1138 1934 1219 1914 1251 1923 1271 1919 1294 1885 1325 1882 1380 1903 1416 1882 1440 1846 1447 1819 1438 1799 1364 1799 1289 1842 1228 1828 1201 1844 1181 1846 1037 1808 951 1810 883 1831 856"/></Shape>
	    <String CONTENT=" י מן עירין על " HPOS="1799.0" VPOS="852.0" WIDTH="142.0" HEIGHT="595.0"><Glyph ID="char_45" CONTENT=" " GC="1.0"><Shape><Polygon POINTS="1882 1375 1801 1373 1809 1401 1895 1403"/></Shape></Glyph><Glyph ID="char_46" CONTENT="י" GC="1.0"><Shape><Polygon POINTS="1884 1339 1799 1337 1801 1373 1882 1375"/></Shape></Glyph><Glyph ID="char_47" CONTENT=" " GC="1.0"><Shape><Polygon POINTS="1900 1311 1799 1309 1799 1337 1884 1339"/></Shape></Glyph><Glyph ID="char_48" CONTENT="מ" GC="1.0"><Shape><Polygon POINTS="1921 1266 1817 1263 1799 1309 1900 1311"/></Shape></Glyph><Glyph ID="char_49" CONTENT="ן" GC="1.0"><Shape><Polygon POINTS="1922 1239 1836 1236 1817 1263 1921 1266"/></Shape></Glyph><Glyph ID="char_50" CONTENT=" " GC="1.0"><Shape><Polygon POINTS="1934 1211 1832 1208 1836 1236 1922 1239"/></Shape></Glyph><Glyph ID="char_51" CONTENT="ע" GC="1.0"><Shape><Polygon POINTS="1936 1166 1844 1164 1832 1208 1934 1211"/></Shape></Glyph><Glyph ID="char_52" CONTENT="י" GC="1.0"><Shape><Polygon POINTS="1920 1110 1845 1109 1844 1164 1936 1166"/></Shape></Glyph><Glyph ID="char_53" CONTENT="ר" GC="1.0"><Shape><Polygon POINTS="1912 1073 1846 1072 1845 1109 1920 1110"/></Shape></Glyph><Glyph ID="char_54" CONTENT="י" GC="1.0"><Shape><Polygon POINTS="1941 1037 1845 1035 1846 1072 1912 1073"/></Shape></Glyph><Glyph ID="char_55" CONTENT="ן" GC="1.0"><Shape><Polygon POINTS="1941 1010 1833 1007 1845 1035 1941 1037"/></Shape></Glyph><Glyph ID="char_56" CONTENT=" " GC="1.0"><Shape><Polygon POINTS="1922 982 1820 979 1833 1007 1941 1010"/></Shape></Glyph><Glyph ID="char_57" CONTENT="ע" GC="1.0"><Shape><Polygon POINTS="1897 926 1809 924 1820 979 1922 982"/></Shape></Glyph><Glyph ID="char_58" CONTENT="ל" GC="1.0"><Shape><Polygon POINTS="1897 881 1813 879 1809 924 1897 926"/></Shape></Glyph><Glyph ID="char_59" CONTENT=" " GC="1.0"><Shape><Polygon POINTS="1864 852 1863 879"/></Shape></Glyph></String>
          </TextLine>

          
          
          <TextLine ID="eSc_line_1786892" BASELINE="1707 865 1702 969 1702 1091 1709 1224 1702 1422 1704 1540" HPOS="1625.0" VPOS="863.0" WIDTH="156.0" HEIGHT="674.0">
            <Shape><Polygon POINTS="1704 863 1736 868 1734 915 1765 947 1734 1026 1743 1044 1736 1064 1770 1102 1758 1113 1770 1156 1756 1177 1770 1197 1745 1222 1752 1251 1743 1265 1754 1276 1754 1343 1781 1375 1781 1463 1731 1513 1731 1533 1702 1537 1652 1531 1625 1488 1625 1422 1639 1389 1632 1350 1648 1332 1652 1294 1639 1258 1648 1219 1637 1206 1643 1177 1630 1159 1637 1141 1628 1120 1650 1075 1641 1064 1646 1032 1630 1001 1632 965 1646 947 1639 933 1655 913 1655 868"/></Shape>
	    <String CONTENT=" סף ואבד ומית ו " HPOS="1625.0" VPOS="863.0" WIDTH="156.0" HEIGHT="674.0"><Glyph ID="char_60" CONTENT=" " GC="1.0"><Shape><Polygon POINTS="1781 1456 1625 1459 1626 1490 1756 1488"/></Shape></Glyph><Glyph ID="char_61" CONTENT="ס" GC="1.0"><Shape><Polygon POINTS="1781 1424 1625 1427 1625 1459 1781 1456"/></Shape></Glyph><Glyph ID="char_62" CONTENT="ף" GC="1.0"><Shape><Polygon POINTS="1781 1397 1638 1392 1625 1427 1781 1424"/></Shape></Glyph><Glyph ID="char_63" CONTENT=" " GC="1.0"><Shape><Polygon POINTS="1773 1366 1634 1361 1638 1392 1781 1397"/></Shape></Glyph><Glyph ID="char_64" CONTENT="ו" GC="1.0"><Shape><Polygon POINTS="1754 1323 1649 1320 1634 1361 1773 1366"/></Shape></Glyph><Glyph ID="char_65" CONTENT="א" GC="1.0"><Shape><Polygon POINTS="1749 1271 1642 1267 1649 1320 1754 1323"/></Shape></Glyph><Glyph ID="char_66" CONTENT="ב" GC="1.0"><Shape><Polygon POINTS="1763 1204 1641 1210 1642 1267 1749 1271"/></Shape></Glyph><Glyph ID="char_67" CONTENT="ד" GC="1.0"><Shape><Polygon POINTS="1766 1163 1637 1169 1641 1210 1763 1204"/></Shape></Glyph><Glyph ID="char_68" CONTENT=" " GC="1.0"><Shape><Polygon POINTS="1763 1131 1635 1137 1637 1169 1766 1163"/></Shape></Glyph><Glyph ID="char_69" CONTENT="ו" GC="1.0"><Shape><Polygon POINTS="1768 1099 1635 1106 1635 1137 1763 1131"/></Shape></Glyph><Glyph ID="char_70" CONTENT="מ" GC="1.0"><Shape><Polygon POINTS="1741 1051 1643 1051 1635 1106 1768 1099"/></Shape></Glyph><Glyph ID="char_71" CONTENT="י" GC="1.0"><Shape><Polygon POINTS="1741 1009 1634 1009 1643 1051 1741 1051"/></Shape></Glyph><Glyph ID="char_72" CONTENT="ת" GC="1.0"><Shape><Polygon POINTS="1756 969 1633 964 1634 1009 1741 1009"/></Shape></Glyph><Glyph ID="char_73" CONTENT=" " GC="1.0"><Shape><Polygon POINTS="1747 928 1647 923 1633 964 1756 969"/></Shape></Glyph><Glyph ID="char_74" CONTENT="ו" GC="1.0"><Shape><Polygon POINTS="1735 895 1655 892 1647 923 1747 928"/></Shape></Glyph><Glyph ID="char_75" CONTENT=" " GC="1.0"><Shape><Polygon POINTS="1707 863 1705 893"/></Shape></Glyph></String>
          </TextLine>

          
          
          <TextLine ID="eSc_line_1786893" BASELINE="1508 868 1520 974 1528 1325 1535 1555" HPOS="1447.0" VPOS="865.0" WIDTH="190.0" HEIGHT="688.0">
            <Shape><Polygon POINTS="1506 865 1560 868 1560 911 1589 935 1569 989 1576 1007 1628 1055 1630 1093 1601 1132 1607 1143 1596 1168 1601 1190 1632 1233 1621 1244 1632 1256 1634 1278 1623 1292 1634 1314 1619 1357 1637 1386 1576 1463 1578 1546 1533 1553 1495 1546 1492 1526 1463 1495 1474 1436 1463 1404 1488 1348 1474 1321 1479 1289 1458 1258 1477 1215 1461 1199 1454 1147 1456 1116 1468 1104 1461 1095 1481 1073 1481 1023 1479 1005 1449 967 1447 920 1477 886 1477 870"/></Shape>
	    <String CONTENT=" בל רב חנבלו בא " HPOS="1447.0" VPOS="865.0" WIDTH="190.0" HEIGHT="688.0"><Glyph ID="char_76" CONTENT=" " GC="1.0"><Shape><Polygon POINTS="1586 1450 1471 1454 1469 1501 1577 1498"/></Shape></Glyph><Glyph ID="char_77" CONTENT="ב" GC="1.0"><Shape><Polygon POINTS="1624 1402 1464 1407 1471 1454 1586 1450"/></Shape></Glyph><Glyph ID="char_78" CONTENT="ל" GC="1.0"><Shape><Polygon POINTS="1625 1367 1477 1372 1464 1407 1624 1402"/></Shape></Glyph><Glyph ID="char_79" CONTENT=" " GC="1.0"><Shape><Polygon POINTS="1628 1332 1482 1337 1477 1372 1625 1367"/></Shape></Glyph><Glyph ID="char_80" CONTENT="ר" GC="1.0"><Shape><Polygon POINTS="1629 1285 1478 1288 1482 1337 1628 1332"/></Shape></Glyph><Glyph ID="char_81" CONTENT="ב" GC="1.0"><Shape><Polygon POINTS="1627 1238 1465 1242 1478 1288 1629 1285"/></Shape></Glyph><Glyph ID="char_82" CONTENT=" " GC="1.0"><Shape><Polygon POINTS="1611 1203 1468 1206 1465 1242 1627 1238"/></Shape></Glyph><Glyph ID="char_83" CONTENT="ח" GC="1.0"><Shape><Polygon POINTS="1601 1156 1456 1160 1468 1206 1611 1203"/></Shape></Glyph><Glyph ID="char_84" CONTENT="נ" GC="1.0"><Shape><Polygon POINTS="1609 1121 1455 1125 1456 1160 1601 1156"/></Shape></Glyph><Glyph ID="char_85" CONTENT="ב" GC="1.0"><Shape><Polygon POINTS="1630 1086 1466 1089 1455 1125 1609 1121"/></Shape></Glyph><Glyph ID="char_86" CONTENT="ל" GC="1.0"><Shape><Polygon POINTS="1610 1038 1481 1041 1466 1089 1630 1086"/></Shape></Glyph><Glyph ID="char_87" CONTENT="ו" GC="1.0"><Shape><Polygon POINTS="1575 1004 1479 1006 1481 1041 1610 1038"/></Shape></Glyph><Glyph ID="char_88" CONTENT=" " GC="1.0"><Shape><Polygon POINTS="1583 951 1449 967 1479 1006 1575 1004"/></Shape></Glyph><Glyph ID="char_89" CONTENT="ב" GC="1.0"><Shape><Polygon POINTS="1560 906 1448 919 1449 967 1583 951"/></Shape></Glyph><Glyph ID="char_90" CONTENT="א" GC="1.0"><Shape><Polygon POINTS="1560 871 1477 881 1448 919 1560 906"/></Shape></Glyph><Glyph ID="char_91" CONTENT=" " GC="1.0"><Shape><Polygon POINTS="1507 865 1508 876"/></Shape></Glyph></String>
          </TextLine>

          
          
          <TextLine ID="eSc_line_1786896" BASELINE="1353 911 1366 971 1366 992 1350 1098 1357 1219 1366 1305 1359 1516" HPOS="1260.0" VPOS="908.0" WIDTH="153.0" HEIGHT="607.0">
            <Shape><Polygon POINTS="1353 908 1377 913 1377 940 1404 967 1413 996 1413 1062 1389 1089 1395 1095 1382 1125 1391 1141 1375 1165 1398 1251 1382 1267 1400 1289 1400 1332 1409 1346 1391 1375 1395 1420 1373 1456 1373 1510 1357 1515 1314 1508 1314 1436 1271 1348 1283 1316 1260 1271 1267 1244 1285 1226 1260 1136 1289 1089 1262 1050 1262 994 1319 938 1319 911"/></Shape>
	    <String CONTENT=" שפק לה למא " HPOS="1260.0" VPOS="908.0" WIDTH="153.0" HEIGHT="607.0"><Glyph ID="char_92" CONTENT=" " GC="1.0"><Shape><Polygon POINTS="1395 1416 1303 1413 1314 1465 1373 1467"/></Shape></Glyph><Glyph ID="char_93" CONTENT="ש" GC="1.0"><Shape><Polygon POINTS="1392 1373 1282 1370 1303 1413 1395 1416"/></Shape></Glyph><Glyph ID="char_94" CONTENT="פ" GC="1.0"><Shape><Polygon POINTS="1400 1312 1279 1308 1282 1370 1392 1373"/></Shape></Glyph><Glyph ID="char_95" CONTENT="ק" GC="1.0"><Shape><Polygon POINTS="1394 1255 1260 1269 1279 1308 1400 1312"/></Shape></Glyph><Glyph ID="char_96" CONTENT=" " GC="1.0"><Shape><Polygon POINTS="1391 1225 1274 1237 1260 1269 1394 1255"/></Shape></Glyph><Glyph ID="char_97" CONTENT="ל" GC="1.0"><Shape><Polygon POINTS="1378 1175 1272 1181 1274 1237 1391 1225"/></Shape></Glyph><Glyph ID="char_98" CONTENT="ה" GC="1.0"><Shape><Polygon POINTS="1388 1111 1271 1118 1272 1181 1378 1175"/></Shape></Glyph><Glyph ID="char_99" CONTENT=" " GC="1.0"><Shape><Polygon POINTS="1413 1060 1262 1037 1271 1118 1388 1111"/></Shape></Glyph><Glyph ID="char_100" CONTENT="ל" GC="1.0"><Shape><Polygon POINTS="1413 1018 1262 995 1262 1037 1413 1060"/></Shape></Glyph><Glyph ID="char_101" CONTENT="מ" GC="1.0"><Shape><Polygon POINTS="1399 962 1264 992 1262 995 1413 1018"/></Shape></Glyph><Glyph ID="char_102" CONTENT="א" GC="1.0"><Shape><Polygon POINTS="1377 934 1307 950 1264 992 1399 962"/></Shape></Glyph><Glyph ID="char_103" CONTENT=" " GC="1.0"><Shape><Polygon POINTS="1352 908 1358 938"/></Shape></Glyph></String>
          </TextLine>

          
          
          <TextLine ID="eSc_line_1791560" BASELINE="1187 911 1155 1520" HPOS="1109.0" VPOS="908.0" WIDTH="135.0" HEIGHT="611.0">
            <Shape><Polygon POINTS="1186 908 1217 913 1213 985 1231 1005 1222 1019 1237 1048 1217 1089 1244 1120 1213 1159 1228 1192 1217 1208 1217 1240 1237 1265 1208 1321 1217 1364 1235 1389 1233 1443 1231 1465 1186 1515 1154 1519 1136 1513 1136 1495 1113 1468 1111 1425 1120 1413 1111 1402 1127 1384 1116 1353 1134 1294 1109 1258 1113 1183 1132 1168 1116 1127 1136 1100 1120 1059 1161 1003 1165 911"/></Shape>
	    <String CONTENT=" י ארעא ועד " HPOS="1109.0" VPOS="908.0" WIDTH="135.0" HEIGHT="611.0"><Glyph ID="char_104" CONTENT=" " GC="1.0"><Shape><Polygon POINTS="1232 1459 1112 1453 1132 1490 1205 1494"/></Shape></Glyph><Glyph ID="char_105" CONTENT="י" GC="1.0"><Shape><Polygon POINTS="1233 1441 1111 1435 1112 1453 1232 1459"/></Shape></Glyph><Glyph ID="char_106" CONTENT=" " GC="1.0"><Shape><Polygon POINTS="1234 1405 1114 1399 1111 1435 1233 1441"/></Shape></Glyph><Glyph ID="char_107" CONTENT="א" GC="1.0"><Shape><Polygon POINTS="1214 1350 1118 1345 1114 1399 1234 1405"/></Shape></Glyph><Glyph ID="char_108" CONTENT="ר" GC="1.0"><Shape><Polygon POINTS="1225 1288 1126 1282 1118 1345 1214 1350"/></Shape></Glyph><Glyph ID="char_109" CONTENT="ע" GC="1.0"><Shape><Polygon POINTS="1219 1242 1110 1236 1126 1282 1225 1288"/></Shape></Glyph><Glyph ID="char_110" CONTENT="א" GC="1.0"><Shape><Polygon POINTS="1224 1198 1112 1192 1110 1236 1219 1242"/></Shape></Glyph><Glyph ID="char_111" CONTENT=" " GC="1.0"><Shape><Polygon POINTS="1214 1162 1128 1157 1112 1192 1224 1198"/></Shape></Glyph><Glyph ID="char_112" CONTENT="ו" GC="1.0"><Shape><Polygon POINTS="1238 1127 1121 1121 1128 1157 1214 1162"/></Shape></Glyph><Glyph ID="char_113" CONTENT="ע" GC="1.0"><Shape><Polygon POINTS="1225 1072 1123 1067 1121 1121 1238 1127"/></Shape></Glyph><Glyph ID="char_114" CONTENT="ד" GC="1.0"><Shape><Polygon POINTS="1226 1027 1146 1023 1123 1067 1225 1072"/></Shape></Glyph><Glyph ID="char_115" CONTENT=" " GC="1.0"><Shape><Polygon POINTS="1215 946 1164 943 1146 1023 1226 1027"/></Shape></Glyph></String>
          </TextLine>

          
          
          <TextLine ID="eSc_line_1786894" BASELINE="1001 992 1005 1183 1003 1280 996 1373 996 1458 1003 1528" HPOS="935.0" VPOS="989.0" WIDTH="163.0" HEIGHT="537.0">
            <Shape><Polygon POINTS="998 989 1080 992 1068 1017 1098 1046 1098 1145 1055 1192 1064 1206 1048 1222 1062 1247 1041 1289 1039 1323 1055 1341 1044 1359 1046 1434 1028 1452 1028 1519 1001 1526 965 1522 951 1501 965 1488 962 1456 938 1431 938 1380 965 1350 962 1328 940 1298 935 1228 935 1197 944 1188 935 1174 944 1127 935 1095 949 1082 947 1053 962 1037 962 994"/></Shape>
	    <String CONTENT=" בארעא בכל ב " HPOS="935.0" VPOS="989.0" WIDTH="163.0" HEIGHT="537.0"><Glyph ID="char_116" CONTENT=" " GC="1.0"><Shape><Polygon POINTS="1028 1470 964 1476 957 1510 1028 1503"/></Shape></Glyph><Glyph ID="char_117" CONTENT="ב" GC="1.0"><Shape><Polygon POINTS="1029 1451 957 1451 964 1476 1028 1470"/></Shape></Glyph><Glyph ID="char_118" CONTENT="א" GC="1.0"><Shape><Polygon POINTS="1045 1396 938 1396 957 1451 1029 1451"/></Shape></Glyph><Glyph ID="char_119" CONTENT="ר" GC="1.0"><Shape><Polygon POINTS="1053 1345 963 1338 938 1396 1045 1396"/></Shape></Glyph><Glyph ID="char_120" CONTENT="ע" GC="1.0"><Shape><Polygon POINTS="1040 1300 940 1292 963 1338 1053 1345"/></Shape></Glyph><Glyph ID="char_121" CONTENT="א" GC="1.0"><Shape><Polygon POINTS="1058 1254 937 1252 940 1292 1040 1300"/></Shape></Glyph><Glyph ID="char_122" CONTENT=" " GC="1.0"><Shape><Polygon POINTS="1049 1221 935 1219 937 1252 1058 1254"/></Shape></Glyph><Glyph ID="char_123" CONTENT="ב" GC="1.0"><Shape><Polygon POINTS="1071 1174 937 1178 935 1219 1049 1221"/></Shape></Glyph><Glyph ID="char_124" CONTENT="כ" GC="1.0"><Shape><Polygon POINTS="1098 1130 943 1134 937 1178 1071 1174"/></Shape></Glyph><Glyph ID="char_125" CONTENT="ל" GC="1.0"><Shape><Polygon POINTS="1098 1097 937 1101 943 1134 1098 1130"/></Shape></Glyph><Glyph ID="char_126" CONTENT=" " GC="1.0"><Shape><Polygon POINTS="1098 1063 948 1067 937 1101 1098 1097"/></Shape></Glyph><Glyph ID="char_127" CONTENT="ב" GC="1.0"><Shape><Polygon POINTS="1071 1020 962 1023 948 1067 1098 1063"/></Shape></Glyph><Glyph ID="char_128" CONTENT=" " GC="1.0"><Shape><Polygon POINTS="1000 989 1000 1021"/></Shape></Glyph></String>
          </TextLine>

          
          
          <TextLine ID="eSc_line_1786905" BASELINE="800 992 809 1156 809 1384 800 1508 805 1551" HPOS="730.0" VPOS="989.0" WIDTH="133.0" HEIGHT="560.0">
            <Shape><Polygon POINTS="798 989 825 992 825 1021 847 1046 845 1068 859 1082 843 1111 852 1120 825 1170 854 1217 843 1237 856 1274 845 1287 861 1321 845 1357 863 1382 863 1452 827 1490 827 1542 802 1549 775 1544 775 1472 766 1463 775 1422 732 1375 741 1348 730 1334 744 1321 730 1256 744 1145 730 1118 750 1098 744 1073 753 1053 741 1041 768 1014 773 994"/></Shape>
	    <String CONTENT=" בא וכען לא ש " HPOS="730.0" VPOS="989.0" WIDTH="133.0" HEIGHT="560.0"><Glyph ID="char_129" CONTENT=" " GC="1.0"><Shape><Polygon POINTS="850 1466 767 1460 775 1518 827 1512"/></Shape></Glyph><Glyph ID="char_130" CONTENT="ב" GC="1.0"><Shape><Polygon POINTS="863 1422 768 1415 767 1460 850 1466"/></Shape></Glyph><Glyph ID="char_131" CONTENT="א" GC="1.0"><Shape><Polygon POINTS="856 1373 733 1373 768 1415 863 1422"/></Shape></Glyph><Glyph ID="char_132" CONTENT=" " GC="1.0"><Shape><Polygon POINTS="850 1346 739 1346 733 1373 856 1373"/></Shape></Glyph><Glyph ID="char_133" CONTENT="ו" GC="1.0"><Shape><Polygon POINTS="852 1302 740 1302 739 1346 850 1346"/></Shape></Glyph><Glyph ID="char_134" CONTENT="כ" GC="1.0"><Shape><Polygon POINTS="853 1266 732 1266 740 1302 852 1302"/></Shape></Glyph><Glyph ID="char_135" CONTENT="ע" GC="1.0"><Shape><Polygon POINTS="852 1221 734 1221 732 1266 853 1266"/></Shape></Glyph><Glyph ID="char_136" CONTENT="ן" GC="1.0"><Shape><Polygon POINTS="840 1194 738 1194 734 1221 852 1221"/></Shape></Glyph><Glyph ID="char_137" CONTENT=" " GC="1.0"><Shape><Polygon POINTS="826 1168 741 1168 738 1194 840 1194"/></Shape></Glyph><Glyph ID="char_138" CONTENT="ל" GC="1.0"><Shape><Polygon POINTS="852 1120 735 1127 741 1168 826 1168"/></Shape></Glyph><Glyph ID="char_139" CONTENT="א" GC="1.0"><Shape><Polygon POINTS="852 1075 746 1081 735 1127 852 1120"/></Shape></Glyph><Glyph ID="char_140" CONTENT=" " GC="1.0"><Shape><Polygon POINTS="842 1041 746 1046 746 1081 852 1075"/></Shape></Glyph><Glyph ID="char_141" CONTENT="ש" GC="1.0"><Shape><Polygon POINTS="825 1005 769 1009 746 1046 842 1041"/></Shape></Glyph><Glyph ID="char_142" CONTENT=" " GC="1.0"><Shape><Polygon POINTS="799 989 800 1006"/></Shape></Glyph></String>
          </TextLine>

          
          
          <TextLine ID="eSc_line_1786906" BASELINE="622 1055 626 1080 629 1411 622 1486 608 1537" HPOS="315.0" VPOS="1053.0" WIDTH="379.0" HEIGHT="482.0">
            <Shape><Polygon POINTS="620 1053 676 1055 687 1077 667 1100 694 1138 685 1188 694 1208 694 1271 665 1337 665 1479 694 1528 606 1535 390 1528 390 1515 342 1468 349 1440 315 1407 315 1330 345 1278 335 1258 342 1168 390 1120 390 1055"/></Shape>
	    <String CONTENT=" ו אסור תקי " HPOS="315.0" VPOS="1053.0" WIDTH="379.0" HEIGHT="482.0"/>
          </TextLine>

          
        </TextBlock>
        

        
      </PrintSpace>
    </Page>
  </Layout>
</alto>