<?xml version='1.0' encoding='UTF-8'?>
<alto xmlns:xsi="http://www.w3.org/2001/XMLSchema-instance" xmlns="http://www.loc.gov/standards/alto/ns-v4#" xsi:schemaLocation="http://www.loc.gov/standards/alto/ns-v4# http://www.loc.gov/standards/alto/v4/alto-4-2.xsd">
  <Description>
    <MeasurementUnit>pixel</MeasurementUnit>
    <sourceImageInformation>
      <fileName>P149-Fg003-R-C01-R01-D21082012-T092134-LR924_012_F.jpg</fileName>
      
    </sourceImageInformation>
  </Description>
  
  <Tags>
    <OtherTag ID="BT1443" LABEL="Parchment_or_papyrus" DESCRIPTION="block type Parchment_or_papyrus"/><OtherTag ID="BT2" LABEL="Main" DESCRIPTION="block type Main"/>
    
  </Tags>
  
  <Layout>
    <Page WIDTH="3608" HEIGHT="2706" PHYSICAL_IMG_NR="307" ID="eSc_dummypage_">
      <PrintSpace HPOS="0" VPOS="0" WIDTH="3608" HEIGHT="2706">
        
        <TextBlock HPOS="961.0" VPOS="767.0" WIDTH="1666.0" HEIGHT="1150.0" ID="eSc_textblock_04f43122" TAGREFS="BT2">
          <Shape><Polygon POINTS="961 767 961 1917 2627 1917 2627 767"/></Shape>
          
          
          <TextLine ID="eSc_line_1786910" BASELINE="1391 935 1465 931 1659 929 2181 936" HPOS="1384.0" VPOS="803.0" WIDTH="798.0" HEIGHT="216.0">
            <Shape><Polygon POINTS="1384 809 1458 805 1657 803 2182 810 2179 1019 1659 1012 1469 1014 1395 1018"/></Shape>
	    <String CONTENT=" הון יסוד שלמכ " HPOS="1384.0" VPOS="803.0" WIDTH="798.0" HEIGHT="216.0"><Glyph ID="char_0" CONTENT=" " GC="1.0"><Shape><Polygon POINTS="2124 809 2121 1018 2163 1019 2166 810"/></Shape></Glyph><Glyph ID="char_1" CONTENT="ה" GC="1.0"><Shape><Polygon POINTS="2110 809 2107 1018 2121 1018 2124 809"/></Shape></Glyph><Glyph ID="char_2" CONTENT="ו" GC="1.0"><Shape><Polygon POINTS="2095 809 2092 1018 2107 1018 2110 809"/></Shape></Glyph><Glyph ID="char_3" CONTENT="ן" GC="1.0"><Shape><Polygon POINTS="2053 808 2050 1017 2092 1018 2095 809"/></Shape></Glyph><Glyph ID="char_4" CONTENT=" " GC="1.0"><Shape><Polygon POINTS="1997 808 1994 1017 2050 1017 2053 808"/></Shape></Glyph><Glyph ID="char_5" CONTENT="י" GC="1.0"><Shape><Polygon POINTS="1927 807 1924 1016 1994 1017 1997 808"/></Shape></Glyph><Glyph ID="char_6" CONTENT="ס" GC="1.0"><Shape><Polygon POINTS="1856 806 1853 1015 1924 1016 1927 807"/></Shape></Glyph><Glyph ID="char_7" CONTENT="ו" GC="1.0"><Shape><Polygon POINTS="1786 805 1783 1014 1853 1015 1856 806"/></Shape></Glyph><Glyph ID="char_8" CONTENT="ד" GC="1.0"><Shape><Polygon POINTS="1730 804 1727 1013 1783 1014 1786 805"/></Shape></Glyph><Glyph ID="char_9" CONTENT=" " GC="1.0"><Shape><Polygon POINTS="1702 804 1699 1013 1727 1013 1730 804"/></Shape></Glyph><Glyph ID="char_10" CONTENT="ש" GC="1.0"><Shape><Polygon POINTS="1628 803 1630 1012 1699 1013 1702 804"/></Shape></Glyph><Glyph ID="char_11" CONTENT="ל" GC="1.0"><Shape><Polygon POINTS="1544 804 1546 1013 1630 1012 1628 803"/></Shape></Glyph><Glyph ID="char_12" CONTENT="מ" GC="1.0"><Shape><Polygon POINTS="1488 805 1490 1014 1546 1013 1544 804"/></Shape></Glyph><Glyph ID="char_13" CONTENT="כ" GC="1.0"><Shape><Polygon POINTS="1453 805 1464 1014 1490 1014 1488 805"/></Shape></Glyph><Glyph ID="char_14" CONTENT=" " GC="1.0"><Shape><Polygon POINTS="1397 808 1408 1017 1464 1014 1453 805"/></Shape></Glyph></String>
          </TextLine>

          
          
          <TextLine ID="eSc_line_1786911" BASELINE="1407 1134 1549 1150 1711 1154 1844 1145 2092 1138 2252 1127" HPOS="1397.0" VPOS="1001.0" WIDTH="860.0" HEIGHT="236.0">
            <Shape><Polygon POINTS="1421 1009 1563 1025 1714 1028 1835 1019 2088 1012 2243 1001 2257 1210 2094 1221 1849 1228 1708 1237 1539 1233 1397 1217"/></Shape>
	    <String CONTENT=" ב אנה לכה מתל " HPOS="1397.0" VPOS="1001.0" WIDTH="860.0" HEIGHT="236.0"><Glyph ID="char_15" CONTENT=" " GC="1.0"><Shape><Polygon POINTS="2185 1005 2199 1214 2242 1211 2228 1002"/></Shape></Glyph><Glyph ID="char_16" CONTENT="ב" GC="1.0"><Shape><Polygon POINTS="2129 1009 2143 1218 2199 1214 2185 1005"/></Shape></Glyph><Glyph ID="char_17" CONTENT=" " GC="1.0"><Shape><Polygon POINTS="2064 1013 2070 1222 2143 1218 2129 1009"/></Shape></Glyph><Glyph ID="char_18" CONTENT="א" GC="1.0"><Shape><Polygon POINTS="1993 1015 1999 1224 2070 1222 2064 1013"/></Shape></Glyph><Glyph ID="char_19" CONTENT="נ" GC="1.0"><Shape><Polygon POINTS="1923 1017 1929 1226 1999 1224 1993 1015"/></Shape></Glyph><Glyph ID="char_20" CONTENT="ה" GC="1.0"><Shape><Polygon POINTS="1866 1018 1872 1227 1929 1226 1923 1017"/></Shape></Glyph><Glyph ID="char_21" CONTENT=" " GC="1.0"><Shape><Polygon POINTS="1819 1020 1833 1229 1872 1227 1866 1018"/></Shape></Glyph><Glyph ID="char_22" CONTENT="ל" GC="1.0"><Shape><Polygon POINTS="1763 1024 1777 1233 1833 1229 1819 1020"/></Shape></Glyph><Glyph ID="char_23" CONTENT="כ" GC="1.0"><Shape><Polygon POINTS="1704 1028 1699 1237 1777 1233 1763 1024"/></Shape></Glyph><Glyph ID="char_24" CONTENT="ה" GC="1.0"><Shape><Polygon POINTS="1634 1026 1629 1235 1699 1237 1704 1028"/></Shape></Glyph><Glyph ID="char_25" CONTENT=" " GC="1.0"><Shape><Polygon POINTS="1591 1026 1586 1234 1629 1235 1634 1026"/></Shape></Glyph><Glyph ID="char_26" CONTENT="מ" GC="1.0"><Shape><Polygon POINTS="1533 1022 1508 1230 1586 1234 1591 1026"/></Shape></Glyph><Glyph ID="char_27" CONTENT="ת" GC="1.0"><Shape><Polygon POINTS="1462 1014 1438 1222 1508 1230 1533 1022"/></Shape></Glyph><Glyph ID="char_28" CONTENT="ל" GC="1.0"><Shape><Polygon POINTS="1406 1133 1447 1137"/></Shape></Glyph><Glyph ID="char_29" CONTENT=" " GC="1.0"><Shape><Polygon POINTS="1406 1133 1406 1133"/></Shape></Glyph></String>
          </TextLine>

          
          
          <TextLine ID="eSc_line_1786912" BASELINE="1071 1343 1251 1348 1337 1341 1537 1334 1790 1334 2022 1328 2248 1330" HPOS="1068.0" VPOS="1202.0" WIDTH="1181.0" HEIGHT="229.0">
            <Shape><Polygon POINTS="1074 1217 1254 1222 1326 1216 1532 1208 1790 1208 2018 1202 2249 1204 2247 1413 2024 1411 1790 1417 1539 1417 1343 1424 1248 1431 1068 1426"/></Shape>
	    <String CONTENT=" ומתבונן בעמיק ן וממ " HPOS="1068.0" VPOS="1202.0" WIDTH="1181.0" HEIGHT="229.0"><Glyph ID="char_30" CONTENT=" " GC="1.0"><Shape><Polygon POINTS="2165 1203 2163 1412 2219 1413 2221 1204"/></Shape></Glyph><Glyph ID="char_31" CONTENT="ו" GC="1.0"><Shape><Polygon POINTS="2123 1203 2121 1412 2163 1412 2165 1203"/></Shape></Glyph><Glyph ID="char_32" CONTENT="מ" GC="1.0"><Shape><Polygon POINTS="2053 1202 2051 1411 2121 1412 2123 1203"/></Shape></Glyph><Glyph ID="char_33" CONTENT="ת" GC="1.0"><Shape><Polygon POINTS="1978 1203 1984 1412 2051 1411 2053 1202"/></Shape></Glyph><Glyph ID="char_34" CONTENT="ב" GC="1.0"><Shape><Polygon POINTS="1907 1205 1913 1414 1984 1412 1978 1203"/></Shape></Glyph><Glyph ID="char_35" CONTENT="ו" GC="1.0"><Shape><Polygon POINTS="1851 1206 1857 1415 1913 1414 1907 1205"/></Shape></Glyph><Glyph ID="char_36" CONTENT="נ" GC="1.0"><Shape><Polygon POINTS="1784 1208 1784 1417 1857 1415 1851 1206"/></Shape></Glyph><Glyph ID="char_37" CONTENT="ן" GC="1.0"><Shape><Polygon POINTS="1742 1208 1742 1417 1784 1417 1784 1208"/></Shape></Glyph><Glyph ID="char_38" CONTENT=" " GC="1.0"><Shape><Polygon POINTS="1714 1208 1714 1417 1742 1417 1742 1208"/></Shape></Glyph><Glyph ID="char_39" CONTENT="ב" GC="1.0"><Shape><Polygon POINTS="1644 1208 1644 1417 1714 1417 1714 1208"/></Shape></Glyph><Glyph ID="char_40" CONTENT="ע" GC="1.0"><Shape><Polygon POINTS="1588 1208 1588 1417 1644 1417 1644 1208"/></Shape></Glyph><Glyph ID="char_41" CONTENT="מ" GC="1.0"><Shape><Polygon POINTS="1514 1209 1521 1418 1588 1417 1588 1208"/></Shape></Glyph><Glyph ID="char_42" CONTENT="י" GC="1.0"><Shape><Polygon POINTS="1444 1211 1451 1420 1521 1418 1514 1209"/></Shape></Glyph><Glyph ID="char_43" CONTENT="ק" GC="1.0"><Shape><Polygon POINTS="1402 1213 1409 1422 1451 1420 1444 1211"/></Shape></Glyph><Glyph ID="char_44" CONTENT=" " GC="1.0"><Shape><Polygon POINTS="1360 1215 1368 1423 1409 1422 1402 1213"/></Shape></Glyph><Glyph ID="char_45" CONTENT="ן" GC="1.0"><Shape><Polygon POINTS="1298 1218 1314 1426 1368 1423 1360 1215"/></Shape></Glyph><Glyph ID="char_46" CONTENT=" " GC="1.0"><Shape><Polygon POINTS="1270 1221 1287 1428 1314 1426 1298 1218"/></Shape></Glyph><Glyph ID="char_47" CONTENT="ו" GC="1.0"><Shape><Polygon POINTS="1242 1222 1235 1431 1287 1428 1270 1221"/></Shape></Glyph><Glyph ID="char_48" CONTENT="מ" GC="1.0"><Shape><Polygon POINTS="1214 1221 1207 1430 1235 1431 1242 1222"/></Shape></Glyph><Glyph ID="char_49" CONTENT="מ" GC="1.0"><Shape><Polygon POINTS="1158 1219 1151 1428 1207 1430 1214 1221"/></Shape></Glyph><Glyph ID="char_50" CONTENT=" " GC="1.0"><Shape><Polygon POINTS="1070 1342 1153 1344"/></Shape></Glyph></String>
          </TextLine>

          
          
          <TextLine ID="eSc_line_1786913" BASELINE="1055 1558 1314 1558 1470 1564 1763 1564 1957 1553 2092 1540 2180 1537 2241 1540 2399 1528 2536 1528 2594 1537" HPOS="1055.0" VPOS="1402.0" WIDTH="1558.0" HEIGHT="245.0">
            <Shape><Polygon POINTS="1055 1432 1314 1432 1474 1438 1763 1438 1949 1427 2079 1415 2175 1411 2247 1414 2389 1402 2536 1402 2613 1413 2581 1619 2536 1611 2405 1611 2236 1623 2182 1620 2100 1623 1961 1636 1763 1647 1466 1647 1314 1641 1055 1641"/></Shape>
	    <String CONTENT=" ה יאתה לעליכה די נסיבת " HPOS="1055.0" VPOS="1402.0" WIDTH="1558.0" HEIGHT="245.0"><Glyph ID="char_51" CONTENT=" " GC="1.0"><Shape><Polygon POINTS="2481 1402 2481 1611 2552 1614 2584 1409"/></Shape></Glyph><Glyph ID="char_52" CONTENT="ה" GC="1.0"><Shape><Polygon POINTS="2388 1402 2404 1611 2481 1611 2481 1402"/></Shape></Glyph><Glyph ID="char_53" CONTENT=" " GC="1.0"><Shape><Polygon POINTS="2332 1407 2348 1615 2404 1611 2388 1402"/></Shape></Glyph><Glyph ID="char_54" CONTENT="י" GC="1.0"><Shape><Polygon POINTS="2262 1413 2278 1620 2348 1615 2332 1407"/></Shape></Glyph><Glyph ID="char_55" CONTENT="א" GC="1.0"><Shape><Polygon POINTS="2208 1412 2198 1621 2278 1620 2262 1413"/></Shape></Glyph><Glyph ID="char_56" CONTENT="ת" GC="1.0"><Shape><Polygon POINTS="2114 1414 2121 1622 2198 1621 2208 1412"/></Shape></Glyph><Glyph ID="char_57" CONTENT="ה" GC="1.0"><Shape><Polygon POINTS="2036 1419 2056 1627 2121 1622 2114 1414"/></Shape></Glyph><Glyph ID="char_58" CONTENT=" " GC="1.0"><Shape><Polygon POINTS="1994 1423 2014 1631 2056 1627 2036 1419"/></Shape></Glyph><Glyph ID="char_59" CONTENT="ל" GC="1.0"><Shape><Polygon POINTS="1952 1427 1972 1635 2014 1631 1994 1423"/></Shape></Glyph><Glyph ID="char_60" CONTENT="ע" GC="1.0"><Shape><Polygon POINTS="1902 1430 1913 1639 1972 1635 1952 1427"/></Shape></Glyph><Glyph ID="char_61" CONTENT="ל" GC="1.0"><Shape><Polygon POINTS="1860 1432 1871 1641 1913 1639 1902 1430"/></Shape></Glyph><Glyph ID="char_62" CONTENT="י" GC="1.0"><Shape><Polygon POINTS="1804 1436 1816 1644 1871 1641 1860 1432"/></Shape></Glyph><Glyph ID="char_63" CONTENT="כ" GC="1.0"><Shape><Polygon POINTS="1727 1438 1727 1647 1816 1644 1804 1436"/></Shape></Glyph><Glyph ID="char_64" CONTENT="ה" GC="1.0"><Shape><Polygon POINTS="1657 1438 1657 1647 1727 1647 1727 1438"/></Shape></Glyph><Glyph ID="char_65" CONTENT=" " GC="1.0"><Shape><Polygon POINTS="1587 1438 1587 1647 1657 1647 1657 1438"/></Shape></Glyph><Glyph ID="char_66" CONTENT="ד" GC="1.0"><Shape><Polygon POINTS="1531 1438 1531 1647 1587 1647 1587 1438"/></Shape></Glyph><Glyph ID="char_67" CONTENT="י" GC="1.0"><Shape><Polygon POINTS="1475 1438 1475 1647 1531 1647 1531 1438"/></Shape></Glyph><Glyph ID="char_68" CONTENT=" " GC="1.0"><Shape><Polygon POINTS="1438 1437 1430 1646 1475 1647 1475 1438"/></Shape></Glyph><Glyph ID="char_69" CONTENT="נ" GC="1.0"><Shape><Polygon POINTS="1368 1434 1360 1643 1430 1646 1438 1437"/></Shape></Glyph><Glyph ID="char_70" CONTENT="ס" GC="1.0"><Shape><Polygon POINTS="1293 1432 1293 1641 1360 1643 1368 1434"/></Shape></Glyph><Glyph ID="char_71" CONTENT="י" GC="1.0"><Shape><Polygon POINTS="1223 1432 1223 1641 1293 1641 1293 1432"/></Shape></Glyph><Glyph ID="char_72" CONTENT="ב" GC="1.0"><Shape><Polygon POINTS="1139 1432 1139 1641 1223 1641 1223 1432"/></Shape></Glyph><Glyph ID="char_73" CONTENT="ת" GC="1.0"><Shape><Polygon POINTS="1083 1432 1083 1641 1139 1641 1139 1432"/></Shape></Glyph><Glyph ID="char_74" CONTENT=" " GC="1.0"><Shape><Polygon POINTS="1055 1432 1055 1641 1083 1641 1083 1432"/></Shape></Glyph></String>
          </TextLine>

          
          
          <TextLine ID="eSc_line_1786914" BASELINE="1055 1792 2388 1781 2360 1776 2430 1779" HPOS="1053.0" VPOS="1653.0" WIDTH="1382.0" HEIGHT="246.0">
            <Shape><Polygon POINTS="1053 1666 2386 1655 2337 1899 2435 1653 2426 1862 2426.52 1863.68 2388 1864 1055 1875"/></Shape>
	    <String CONTENT=" ה למבלע ארו שגי תח " HPOS="1053.0" VPOS="1653.0" WIDTH="1382.0" HEIGHT="246.0"><Glyph ID="char_75" CONTENT=" " GC="1.0"><Shape><Polygon POINTS="2365 1776 2411 1778"/></Shape></Glyph><Glyph ID="char_76" CONTENT="ה" GC="1.0"><Shape><Polygon POINTS="2354 1781 2365 1776"/></Shape></Glyph><Glyph ID="char_77" CONTENT=" " GC="1.0"><Shape><Polygon POINTS="2311 1656 2313 1865 2355 1808 2354 1655"/></Shape></Glyph><Glyph ID="char_78" CONTENT="ל" GC="1.0"><Shape><Polygon POINTS="2269 1656 2271 1865 2313 1865 2311 1656"/></Shape></Glyph><Glyph ID="char_79" CONTENT="מ" GC="1.0"><Shape><Polygon POINTS="2184 1657 2186 1866 2271 1865 2269 1656"/></Shape></Glyph><Glyph ID="char_80" CONTENT="ב" GC="1.0"><Shape><Polygon POINTS="2099 1657 2101 1866 2186 1866 2184 1657"/></Shape></Glyph><Glyph ID="char_81" CONTENT="ל" GC="1.0"><Shape><Polygon POINTS="2029 1658 2031 1867 2101 1866 2099 1657"/></Shape></Glyph><Glyph ID="char_82" CONTENT="ע" GC="1.0"><Shape><Polygon POINTS="1958 1659 1960 1868 2031 1867 2029 1658"/></Shape></Glyph><Glyph ID="char_83" CONTENT=" " GC="1.0"><Shape><Polygon POINTS="1845 1659 1847 1868 1960 1868 1958 1659"/></Shape></Glyph><Glyph ID="char_84" CONTENT="א" GC="1.0"><Shape><Polygon POINTS="1718 1661 1720 1870 1847 1868 1845 1659"/></Shape></Glyph><Glyph ID="char_85" CONTENT="ר" GC="1.0"><Shape><Polygon POINTS="1647 1661 1649 1870 1720 1870 1718 1661"/></Shape></Glyph><Glyph ID="char_86" CONTENT="ו" GC="1.0"><Shape><Polygon POINTS="1604 1661 1606 1870 1649 1870 1647 1661"/></Shape></Glyph><Glyph ID="char_87" CONTENT=" " GC="1.0"><Shape><Polygon POINTS="1562 1662 1564 1871 1606 1870 1604 1661"/></Shape></Glyph><Glyph ID="char_88" CONTENT="ש" GC="1.0"><Shape><Polygon POINTS="1477 1663 1479 1872 1564 1871 1562 1662"/></Shape></Glyph><Glyph ID="char_89" CONTENT="ג" GC="1.0"><Shape><Polygon POINTS="1392 1663 1394 1872 1479 1872 1477 1663"/></Shape></Glyph><Glyph ID="char_90" CONTENT="י" GC="1.0"><Shape><Polygon POINTS="1336 1664 1338 1873 1394 1872 1392 1663"/></Shape></Glyph><Glyph ID="char_91" CONTENT=" " GC="1.0"><Shape><Polygon POINTS="1265 1664 1267 1873 1338 1873 1336 1664"/></Shape></Glyph><Glyph ID="char_92" CONTENT="ת" GC="1.0"><Shape><Polygon POINTS="1209 1665 1211 1874 1267 1873 1265 1664"/></Shape></Glyph><Glyph ID="char_93" CONTENT="ח" GC="1.0"><Shape><Polygon POINTS="1166 1665 1168 1874 1211 1874 1209 1665"/></Shape></Glyph><Glyph ID="char_94" CONTENT=" " GC="1.0"><Shape><Polygon POINTS="1096 1666 1098 1875 1168 1874 1166 1665"/></Shape></Glyph></String>
          </TextLine>

          
        </TextBlock>
        

        
      </PrintSpace>
    </Page>
  </Layout>
</alto>