<?xml version='1.0' encoding='UTF-8'?>
<alto xmlns:xsi="http://www.w3.org/2001/XMLSchema-instance" xmlns="http://www.loc.gov/standards/alto/ns-v4#" xsi:schemaLocation="http://www.loc.gov/standards/alto/ns-v4# http://www.loc.gov/standards/alto/v4/alto-4-2.xsd">
  <Description>
    <MeasurementUnit>pixel</MeasurementUnit>
    <sourceImageInformation>
      <fileName>P167-Fg012-R-C01-R01-D22082012-T101710-LR924_012_F.jpg</fileName>
      
    </sourceImageInformation>
  </Description>
  
  <Tags>
    <OtherTag ID="BT1443" LABEL="Parchment_or_papyrus" DESCRIPTION="block type Parchment_or_papyrus"/><OtherTag ID="BT2" LABEL="Main" DESCRIPTION="block type Main"/>
    
  </Tags>
  
  <Layout>
    <Page WIDTH="3608" HEIGHT="2706" PHYSICAL_IMG_NR="199" ID="eSc_dummypage_">
      <PrintSpace HPOS="0" VPOS="0" WIDTH="3608" HEIGHT="2706">
        
        <TextBlock HPOS="1326.0" VPOS="907.0" WIDTH="957.0" HEIGHT="903.0" ID="eSc_textblock_a35d07d9" TAGREFS="BT2">
          <Shape><Polygon POINTS="1326 907 1326 1810 2283 1810 2283 907"/></Shape>
          
          
          <TextLine ID="eSc_line_1787002" BASELINE="1515 1028 1815 1028 2040 1019 2180 1019" HPOS="1515.0" VPOS="921.0" WIDTH="665.0" HEIGHT="171.0">
            <Shape><Polygon POINTS="1515 930 1815 930 2036 921 2180 921 2180 1083 2042 1083 1815 1092 1515 1092"/></Shape>
	    <String CONTENT=" ויבכו בני " HPOS="1515.0" VPOS="921.0" WIDTH="665.0" HEIGHT="171.0"><Glyph ID="char_0" CONTENT=" " GC="1.0"><Shape><Polygon POINTS="1926 925 1932 1087 2072 1083 2072 921"/></Shape></Glyph><Glyph ID="char_1" CONTENT="ו" GC="1.0"><Shape><Polygon POINTS="1893 927 1899 1089 1932 1087 1926 925"/></Shape></Glyph><Glyph ID="char_2" CONTENT="י" GC="1.0"><Shape><Polygon POINTS="1849 929 1856 1090 1899 1089 1893 927"/></Shape></Glyph><Glyph ID="char_3" CONTENT="ב" GC="1.0"><Shape><Polygon POINTS="1810 930 1810 1092 1856 1090 1849 929"/></Shape></Glyph><Glyph ID="char_4" CONTENT="כ" GC="1.0"><Shape><Polygon POINTS="1777 930 1777 1092 1810 1092 1810 930"/></Shape></Glyph><Glyph ID="char_5" CONTENT="ו" GC="1.0"><Shape><Polygon POINTS="1744 930 1744 1092 1777 1092 1777 930"/></Shape></Glyph><Glyph ID="char_6" CONTENT=" " GC="1.0"><Shape><Polygon POINTS="1701 930 1701 1092 1744 1092 1744 930"/></Shape></Glyph><Glyph ID="char_7" CONTENT="ב" GC="1.0"><Shape><Polygon POINTS="1657 930 1657 1092 1701 1092 1701 930"/></Shape></Glyph><Glyph ID="char_8" CONTENT="נ" GC="1.0"><Shape><Polygon POINTS="1613 930 1613 1092 1657 1092 1657 930"/></Shape></Glyph><Glyph ID="char_9" CONTENT="י" GC="1.0"><Shape><Polygon POINTS="1591 930 1591 1092 1613 1092 1613 930"/></Shape></Glyph><Glyph ID="char_10" CONTENT=" " GC="1.0"><Shape><Polygon POINTS="1537 930 1537 1092 1591 1092 1591 930"/></Shape></Glyph></String>
          </TextLine>

          
          
          <TextLine ID="eSc_line_1787003" BASELINE="1359 1199 1533 1192 1774 1192 1959 1183 2288 1183" HPOS="1355.0" VPOS="1085.0" WIDTH="933.0" HEIGHT="178.0">
            <Shape><Polygon POINTS="1355 1101 1529 1094 1774 1094 1954 1085 2288 1085 2288 1247 1962 1247 1774 1256 1535 1256 1361 1263"/></Shape>
	    <String CONTENT=" ירחו בבית הישימו " HPOS="1355.0" VPOS="1085.0" WIDTH="933.0" HEIGHT="178.0"><Glyph ID="char_11" CONTENT=" " GC="1.0"><Shape><Polygon POINTS="2198 1085 2198 1247 2252 1247 2252 1085"/></Shape></Glyph><Glyph ID="char_12" CONTENT="י" GC="1.0"><Shape><Polygon POINTS="2154 1085 2154 1247 2198 1247 2198 1085"/></Shape></Glyph><Glyph ID="char_13" CONTENT="ר" GC="1.0"><Shape><Polygon POINTS="2100 1085 2100 1247 2154 1247 2154 1085"/></Shape></Glyph><Glyph ID="char_14" CONTENT="ח" GC="1.0"><Shape><Polygon POINTS="2045 1085 2045 1247 2100 1247 2100 1085"/></Shape></Glyph><Glyph ID="char_15" CONTENT="ו" GC="1.0"><Shape><Polygon POINTS="2012 1085 2012 1247 2045 1247 2045 1085"/></Shape></Glyph><Glyph ID="char_16" CONTENT=" " GC="1.0"><Shape><Polygon POINTS="1969 1085 1969 1247 2012 1247 2012 1085"/></Shape></Glyph><Glyph ID="char_17" CONTENT="ב" GC="1.0"><Shape><Polygon POINTS="1909 1087 1917 1249 1969 1247 1969 1085"/></Shape></Glyph><Glyph ID="char_18" CONTENT="ב" GC="1.0"><Shape><Polygon POINTS="1866 1089 1874 1251 1917 1249 1909 1087"/></Shape></Glyph><Glyph ID="char_19" CONTENT="י" GC="1.0"><Shape><Polygon POINTS="1811 1092 1819 1254 1874 1251 1866 1089"/></Shape></Glyph><Glyph ID="char_20" CONTENT="ת" GC="1.0"><Shape><Polygon POINTS="1772 1094 1772 1256 1819 1254 1811 1092"/></Shape></Glyph><Glyph ID="char_21" CONTENT=" " GC="1.0"><Shape><Polygon POINTS="1718 1094 1718 1256 1772 1256 1772 1094"/></Shape></Glyph><Glyph ID="char_22" CONTENT="ה" GC="1.0"><Shape><Polygon POINTS="1652 1094 1652 1256 1718 1256 1718 1094"/></Shape></Glyph><Glyph ID="char_23" CONTENT="י" GC="1.0"><Shape><Polygon POINTS="1609 1094 1609 1256 1652 1256 1652 1094"/></Shape></Glyph><Glyph ID="char_24" CONTENT="ש" GC="1.0"><Shape><Polygon POINTS="1543 1094 1543 1256 1609 1256 1609 1094"/></Shape></Glyph><Glyph ID="char_25" CONTENT="י" GC="1.0"><Shape><Polygon POINTS="1463 1097 1469 1259 1543 1256 1543 1094"/></Shape></Glyph><Glyph ID="char_26" CONTENT="מ" GC="1.0"><Shape><Polygon POINTS="1419 1098 1426 1260 1469 1259 1463 1097"/></Shape></Glyph><Glyph ID="char_27" CONTENT="ו" GC="1.0"><Shape><Polygon POINTS="1398 1099 1405 1261 1426 1260 1419 1098"/></Shape></Glyph><Glyph ID="char_28" CONTENT=" " GC="1.0"><Shape><Polygon POINTS="1365 1101 1372 1263 1405 1261 1398 1099"/></Shape></Glyph></String>
          </TextLine>

          
          
          <TextLine ID="eSc_line_1787004" BASELINE="1346 1357 1698 1350 1844 1350 1984 1357 2108 1353" HPOS="1344.0" VPOS="1252.0" WIDTH="766.0" HEIGHT="169.0">
            <Shape><Polygon POINTS="1344 1259 1696 1252 1844 1252 1988 1259 2104 1255 2110 1417 1980 1421 1844 1414 1699 1414 1347 1421"/></Shape>
	    <String CONTENT=" בל מושה ובני י " HPOS="1344.0" VPOS="1252.0" WIDTH="766.0" HEIGHT="169.0"><Glyph ID="char_29" CONTENT=" " GC="1.0"><Shape><Polygon POINTS="2040 1257 2045 1419 2088 1418 2083 1256"/></Shape></Glyph><Glyph ID="char_30" CONTENT="ב" GC="1.0"><Shape><Polygon POINTS="2007 1258 2012 1420 2045 1419 2040 1257"/></Shape></Glyph><Glyph ID="char_31" CONTENT="ל" GC="1.0"><Shape><Polygon POINTS="1982 1259 1974 1421 2012 1420 2007 1258"/></Shape></Glyph><Glyph ID="char_32" CONTENT=" " GC="1.0"><Shape><Polygon POINTS="1939 1257 1931 1418 1974 1421 1982 1259"/></Shape></Glyph><Glyph ID="char_33" CONTENT="מ" GC="1.0"><Shape><Polygon POINTS="1884 1254 1876 1416 1931 1418 1939 1257"/></Shape></Glyph><Glyph ID="char_34" CONTENT="ו" GC="1.0"><Shape><Polygon POINTS="1835 1252 1835 1414 1876 1416 1884 1254"/></Shape></Glyph><Glyph ID="char_35" CONTENT="ש" GC="1.0"><Shape><Polygon POINTS="1759 1252 1759 1414 1835 1414 1835 1252"/></Shape></Glyph><Glyph ID="char_36" CONTENT="ה" GC="1.0"><Shape><Polygon POINTS="1681 1252 1684 1414 1759 1414 1759 1252"/></Shape></Glyph><Glyph ID="char_37" CONTENT=" " GC="1.0"><Shape><Polygon POINTS="1637 1253 1640 1415 1684 1414 1681 1252"/></Shape></Glyph><Glyph ID="char_38" CONTENT="ו" GC="1.0"><Shape><Polygon POINTS="1594 1254 1597 1416 1640 1415 1637 1253"/></Shape></Glyph><Glyph ID="char_39" CONTENT="ב" GC="1.0"><Shape><Polygon POINTS="1539 1255 1542 1417 1597 1416 1594 1254"/></Shape></Glyph><Glyph ID="char_40" CONTENT="נ" GC="1.0"><Shape><Polygon POINTS="1496 1256 1499 1418 1542 1417 1539 1255"/></Shape></Glyph><Glyph ID="char_41" CONTENT="י" GC="1.0"><Shape><Polygon POINTS="1441 1257 1444 1419 1499 1418 1496 1256"/></Shape></Glyph><Glyph ID="char_42" CONTENT=" " GC="1.0"><Shape><Polygon POINTS="1398 1258 1401 1420 1444 1419 1441 1257"/></Shape></Glyph><Glyph ID="char_43" CONTENT="י" GC="1.0"><Shape><Polygon POINTS="1365 1259 1368 1421 1401 1420 1398 1258"/></Shape></Glyph><Glyph ID="char_44" CONTENT=" " GC="1.0"><Shape><Polygon POINTS="1345 1357 1366 1356"/></Shape></Glyph></String>
          </TextLine>

          
          
          <TextLine ID="eSc_line_1787005" BASELINE="1470 1522 1851 1513 2099 1513 2196 1517" HPOS="1467.0" VPOS="1415.0" WIDTH="733.0" HEIGHT="171.0">
            <Shape><Polygon POINTS="1467 1424 1848 1415 2099 1415 2200 1419 2193 1581 2099 1577 1852 1577 1471 1586"/></Shape>
	    <String CONTENT=" שר כרת יהוה ל " HPOS="1467.0" VPOS="1415.0" WIDTH="733.0" HEIGHT="171.0"><Glyph ID="char_45" CONTENT=" " GC="1.0"><Shape><Polygon POINTS="2156 1417 2149 1579 2192 1581 2199 1419"/></Shape></Glyph><Glyph ID="char_46" CONTENT="ש" GC="1.0"><Shape><Polygon POINTS="2097 1415 2097 1577 2149 1579 2156 1417"/></Shape></Glyph><Glyph ID="char_47" CONTENT="ר" GC="1.0"><Shape><Polygon POINTS="2064 1415 2064 1577 2097 1577 2097 1415"/></Shape></Glyph><Glyph ID="char_48" CONTENT=" " GC="1.0"><Shape><Polygon POINTS="2031 1415 2031 1577 2064 1577 2064 1415"/></Shape></Glyph><Glyph ID="char_49" CONTENT="כ" GC="1.0"><Shape><Polygon POINTS="1987 1415 1987 1577 2031 1577 2031 1415"/></Shape></Glyph><Glyph ID="char_50" CONTENT="ר" GC="1.0"><Shape><Polygon POINTS="1932 1415 1932 1577 1987 1577 1987 1415"/></Shape></Glyph><Glyph ID="char_51" CONTENT="ת" GC="1.0"><Shape><Polygon POINTS="1888 1415 1888 1577 1932 1577 1932 1415"/></Shape></Glyph><Glyph ID="char_52" CONTENT=" " GC="1.0"><Shape><Polygon POINTS="1842 1415 1845 1577 1888 1577 1888 1415"/></Shape></Glyph><Glyph ID="char_53" CONTENT="י" GC="1.0"><Shape><Polygon POINTS="1786 1416 1789 1578 1845 1577 1842 1415"/></Shape></Glyph><Glyph ID="char_54" CONTENT="ה" GC="1.0"><Shape><Polygon POINTS="1720 1418 1723 1580 1789 1578 1786 1416"/></Shape></Glyph><Glyph ID="char_55" CONTENT="ו" GC="1.0"><Shape><Polygon POINTS="1665 1419 1668 1581 1723 1580 1720 1418"/></Shape></Glyph><Glyph ID="char_56" CONTENT="ה" GC="1.0"><Shape><Polygon POINTS="1599 1421 1602 1583 1668 1581 1665 1419"/></Shape></Glyph><Glyph ID="char_57" CONTENT=" " GC="1.0"><Shape><Polygon POINTS="1555 1422 1558 1584 1602 1583 1599 1421"/></Shape></Glyph><Glyph ID="char_58" CONTENT="ל" GC="1.0"><Shape><Polygon POINTS="1511 1423 1514 1585 1558 1584 1555 1422"/></Shape></Glyph><Glyph ID="char_59" CONTENT=" " GC="1.0"><Shape><Polygon POINTS="1469 1522 1512 1520"/></Shape></Glyph></String>
          </TextLine>

          
          
          <TextLine ID="eSc_line_1787006" BASELINE="1510 1675 1835 1675 2063 1666" HPOS="1510.0" VPOS="1568.0" WIDTH="555.0" HEIGHT="171.0">
            <Shape><Polygon POINTS="1510 1577 1835 1577 2059 1568 2065 1730 1835 1739 1510 1739"/></Shape>
	    <String CONTENT=" ך ויראתך " HPOS="1510.0" VPOS="1568.0" WIDTH="555.0" HEIGHT="171.0"><Glyph ID="char_60" CONTENT=" " GC="1.0"><Shape><Polygon POINTS="1992 1571 1998 1733 2043 1731 2037 1569"/></Shape></Glyph><Glyph ID="char_61" CONTENT="ך" GC="1.0"><Shape><Polygon POINTS="1948 1572 1954 1734 1998 1733 1992 1571"/></Shape></Glyph><Glyph ID="char_62" CONTENT=" " GC="1.0"><Shape><Polygon POINTS="1893 1575 1899 1736 1954 1734 1948 1572"/></Shape></Glyph><Glyph ID="char_63" CONTENT="ו" GC="1.0"><Shape><Polygon POINTS="1849 1576 1856 1738 1899 1736 1893 1575"/></Shape></Glyph><Glyph ID="char_64" CONTENT="י" GC="1.0"><Shape><Polygon POINTS="1809 1577 1809 1739 1856 1738 1849 1576"/></Shape></Glyph><Glyph ID="char_65" CONTENT="ר" GC="1.0"><Shape><Polygon POINTS="1753 1577 1753 1739 1809 1739 1809 1577"/></Shape></Glyph><Glyph ID="char_66" CONTENT="א" GC="1.0"><Shape><Polygon POINTS="1687 1577 1687 1739 1753 1739 1753 1577"/></Shape></Glyph><Glyph ID="char_67" CONTENT="ת" GC="1.0"><Shape><Polygon POINTS="1621 1577 1621 1739 1687 1739 1687 1577"/></Shape></Glyph><Glyph ID="char_68" CONTENT="ך" GC="1.0"><Shape><Polygon POINTS="1566 1577 1566 1739 1621 1739 1621 1577"/></Shape></Glyph><Glyph ID="char_69" CONTENT=" " GC="1.0"><Shape><Polygon POINTS="1510 1577 1510 1739 1566 1739 1566 1577"/></Shape></Glyph></String>
          </TextLine>

          
        </TextBlock>
        

        
      </PrintSpace>
    </Page>
  </Layout>
</alto>