<?xml version='1.0' encoding='UTF-8'?>
<alto xmlns:xsi="http://www.w3.org/2001/XMLSchema-instance" xmlns="http://www.loc.gov/standards/alto/ns-v4#" xsi:schemaLocation="http://www.loc.gov/standards/alto/ns-v4# http://www.loc.gov/standards/alto/v4/alto-4-2.xsd">
  <Description>
    <MeasurementUnit>pixel</MeasurementUnit>
    <sourceImageInformation>
      <fileName>P180-Fg002-R-C01-R01-D12062012-T095038-LR924_012_F.jpg</fileName>
      
    </sourceImageInformation>
  </Description>
  
  <Tags>
    <OtherTag ID="BT1443" LABEL="Parchment_or_papyrus" DESCRIPTION="block type Parchment_or_papyrus"/><OtherTag ID="BT2" LABEL="Main" DESCRIPTION="block type Main"/>
    
  </Tags>
  
  <Layout>
    <Page WIDTH="3608" HEIGHT="2706" PHYSICAL_IMG_NR="284" ID="eSc_dummypage_">
      <PrintSpace HPOS="0" VPOS="0" WIDTH="3608" HEIGHT="2706">
        
        <TextBlock HPOS="1047.0" VPOS="982.0" WIDTH="1762.0" HEIGHT="1215.0" ID="eSc_textblock_1254d160" TAGREFS="BT2">
          <Shape><Polygon POINTS="1047 982 1047 2197 2809 2197 2809 982"/></Shape>
          
          
          <TextLine ID="eSc_line_1787088" BASELINE="1080 1102 1204 1098 1846 1100" HPOS="1076.0" VPOS="998.0" WIDTH="770.0" HEIGHT="170.0">
            <Shape><Polygon POINTS="1076 1002 1200 998 1846 1000 1845 1166 1206 1164 1082 1168"/></Shape>
	    <String CONTENT=" שלומכה ובנחלתכה " HPOS="1076.0" VPOS="998.0" WIDTH="770.0" HEIGHT="170.0"><Glyph ID="char_0" CONTENT=" " GC="1.0"><Shape><Polygon POINTS="1821 1000 1821 1166 1843 1166 1843 1000"/></Shape></Glyph><Glyph ID="char_1" CONTENT="ש" GC="1.0"><Shape><Polygon POINTS="1799 1000 1799 1166 1821 1166 1821 1000"/></Shape></Glyph><Glyph ID="char_2" CONTENT="ל" GC="1.0"><Shape><Polygon POINTS="1754 1000 1754 1166 1799 1166 1799 1000"/></Shape></Glyph><Glyph ID="char_3" CONTENT="ו" GC="1.0"><Shape><Polygon POINTS="1709 1000 1709 1166 1754 1166 1754 1000"/></Shape></Glyph><Glyph ID="char_4" CONTENT="מ" GC="1.0"><Shape><Polygon POINTS="1664 999 1664 1165 1709 1166 1709 1000"/></Shape></Glyph><Glyph ID="char_5" CONTENT="כ" GC="1.0"><Shape><Polygon POINTS="1608 999 1608 1165 1664 1165 1664 999"/></Shape></Glyph><Glyph ID="char_6" CONTENT="ה" GC="1.0"><Shape><Polygon POINTS="1551 999 1551 1165 1608 1165 1608 999"/></Shape></Glyph><Glyph ID="char_7" CONTENT=" " GC="1.0"><Shape><Polygon POINTS="1506 999 1506 1165 1551 1165 1551 999"/></Shape></Glyph><Glyph ID="char_8" CONTENT="ו" GC="1.0"><Shape><Polygon POINTS="1461 999 1461 1165 1506 1165 1506 999"/></Shape></Glyph><Glyph ID="char_9" CONTENT="ב" GC="1.0"><Shape><Polygon POINTS="1417 999 1417 1165 1461 1165 1461 999"/></Shape></Glyph><Glyph ID="char_10" CONTENT="נ" GC="1.0"><Shape><Polygon POINTS="1372 999 1372 1165 1417 1165 1417 999"/></Shape></Glyph><Glyph ID="char_11" CONTENT="ח" GC="1.0"><Shape><Polygon POINTS="1315 998 1315 1164 1372 1165 1372 999"/></Shape></Glyph><Glyph ID="char_12" CONTENT="ל" GC="1.0"><Shape><Polygon POINTS="1259 998 1259 1164 1315 1164 1315 998"/></Shape></Glyph><Glyph ID="char_13" CONTENT="ת" GC="1.0"><Shape><Polygon POINTS="1200 998 1205 1164 1259 1164 1259 998"/></Shape></Glyph><Glyph ID="char_14" CONTENT="כ" GC="1.0"><Shape><Polygon POINTS="1155 999 1160 1165 1205 1164 1200 998"/></Shape></Glyph><Glyph ID="char_15" CONTENT="ה" GC="1.0"><Shape><Polygon POINTS="1110 1001 1115 1167 1160 1165 1155 999"/></Shape></Glyph><Glyph ID="char_16" CONTENT=" " GC="1.0"><Shape><Polygon POINTS="1079 1102 1112 1100"/></Shape></Glyph></String>
          </TextLine>

          
          
          <TextLine ID="eSc_line_1787089" BASELINE="1113 1265 1402 1276 1738 1276 1797 1280 2121 1289 2496 1278" HPOS="1110.0" VPOS="1165.0" WIDTH="1387.0" HEIGHT="190.0">
            <Shape><Polygon POINTS="1116 1165 1405 1176 1738 1176 1803 1180 2123 1189 2493 1178 2497 1344 2119 1355 1792 1346 1738 1342 1399 1342 1110 1331"/></Shape>
	    <String CONTENT=" כי מאתו נחלת כל חי ובידו פק " HPOS="1110.0" VPOS="1165.0" WIDTH="1387.0" HEIGHT="190.0"><Glyph ID="char_17" CONTENT=" " GC="1.0"><Shape><Polygon POINTS="2369 1182 2374 1348 2452 1345 2447 1179"/></Shape></Glyph><Glyph ID="char_18" CONTENT="כ" GC="1.0"><Shape><Polygon POINTS="2325 1183 2330 1349 2374 1348 2369 1182"/></Shape></Glyph><Glyph ID="char_19" CONTENT="י" GC="1.0"><Shape><Polygon POINTS="2302 1184 2307 1350 2330 1349 2325 1183"/></Shape></Glyph><Glyph ID="char_20" CONTENT=" " GC="1.0"><Shape><Polygon POINTS="2269 1185 2274 1350 2307 1350 2302 1184"/></Shape></Glyph><Glyph ID="char_21" CONTENT="מ" GC="1.0"><Shape><Polygon POINTS="2214 1186 2218 1352 2274 1350 2269 1185"/></Shape></Glyph><Glyph ID="char_22" CONTENT="א" GC="1.0"><Shape><Polygon POINTS="2147 1188 2151 1354 2218 1352 2214 1186"/></Shape></Glyph><Glyph ID="char_23" CONTENT="ת" GC="1.0"><Shape><Polygon POINTS="2096 1188 2092 1354 2151 1354 2147 1188"/></Shape></Glyph><Glyph ID="char_24" CONTENT="ו" GC="1.0"><Shape><Polygon POINTS="2063 1187 2059 1353 2092 1354 2096 1188"/></Shape></Glyph><Glyph ID="char_25" CONTENT=" " GC="1.0"><Shape><Polygon POINTS="2029 1186 2025 1352 2059 1353 2063 1187"/></Shape></Glyph><Glyph ID="char_26" CONTENT="נ" GC="1.0"><Shape><Polygon POINTS="1985 1185 1981 1351 2025 1352 2029 1186"/></Shape></Glyph><Glyph ID="char_27" CONTENT="ח" GC="1.0"><Shape><Polygon POINTS="1929 1184 1925 1350 1981 1351 1985 1185"/></Shape></Glyph><Glyph ID="char_28" CONTENT="ל" GC="1.0"><Shape><Polygon POINTS="1873 1182 1869 1348 1925 1350 1929 1184"/></Shape></Glyph><Glyph ID="char_29" CONTENT="ת" GC="1.0"><Shape><Polygon POINTS="1828 1181 1824 1347 1869 1348 1873 1182"/></Shape></Glyph><Glyph ID="char_30" CONTENT=" " GC="1.0"><Shape><Polygon POINTS="1799 1180 1788 1346 1824 1347 1828 1181"/></Shape></Glyph><Glyph ID="char_31" CONTENT="כ" GC="1.0"><Shape><Polygon POINTS="1737 1176 1737 1342 1788 1346 1799 1180"/></Shape></Glyph><Glyph ID="char_32" CONTENT="ל" GC="1.0"><Shape><Polygon POINTS="1704 1176 1704 1342 1737 1342 1737 1176"/></Shape></Glyph><Glyph ID="char_33" CONTENT=" " GC="1.0"><Shape><Polygon POINTS="1659 1176 1659 1342 1704 1342 1704 1176"/></Shape></Glyph><Glyph ID="char_34" CONTENT="ח" GC="1.0"><Shape><Polygon POINTS="1614 1176 1614 1342 1659 1342 1659 1176"/></Shape></Glyph><Glyph ID="char_35" CONTENT="י" GC="1.0"><Shape><Polygon POINTS="1570 1176 1570 1342 1614 1342 1614 1176"/></Shape></Glyph><Glyph ID="char_36" CONTENT=" " GC="1.0"><Shape><Polygon POINTS="1536 1176 1536 1342 1570 1342 1570 1176"/></Shape></Glyph><Glyph ID="char_37" CONTENT="ו" GC="1.0"><Shape><Polygon POINTS="1492 1176 1492 1342 1536 1342 1536 1176"/></Shape></Glyph><Glyph ID="char_38" CONTENT="ב" GC="1.0"><Shape><Polygon POINTS="1447 1176 1447 1342 1492 1342 1492 1176"/></Shape></Glyph><Glyph ID="char_39" CONTENT="י" GC="1.0"><Shape><Polygon POINTS="1406 1176 1399 1342 1447 1342 1447 1176"/></Shape></Glyph><Glyph ID="char_40" CONTENT="ד" GC="1.0"><Shape><Polygon POINTS="1362 1174 1355 1340 1399 1342 1406 1176"/></Shape></Glyph><Glyph ID="char_41" CONTENT="ו" GC="1.0"><Shape><Polygon POINTS="1328 1173 1321 1339 1355 1340 1362 1174"/></Shape></Glyph><Glyph ID="char_42" CONTENT=" " GC="1.0"><Shape><Polygon POINTS="1295 1172 1288 1338 1321 1339 1328 1173"/></Shape></Glyph><Glyph ID="char_43" CONTENT="פ" GC="1.0"><Shape><Polygon POINTS="1261 1171 1254 1336 1288 1338 1295 1172"/></Shape></Glyph><Glyph ID="char_44" CONTENT="ק" GC="1.0"><Shape><Polygon POINTS="1194 1168 1187 1334 1254 1336 1261 1171"/></Shape></Glyph><Glyph ID="char_45" CONTENT=" " GC="1.0"><Shape><Polygon POINTS="1127 1165 1120 1331 1187 1334 1194 1168"/></Shape></Glyph></String>
          </TextLine>

          
          
          <TextLine ID="eSc_line_1787090" BASELINE="1172 1427 1657 1427 1882 1440 2029 1445 2360 1447 2451 1443 2554 1443 2730 1447" HPOS="1172.0" VPOS="1327.0" WIDTH="1560.0" HEIGHT="186.0">
            <Shape><Polygon POINTS="1172 1327 1657 1327 1887 1340 2032 1345 2360 1347 2446 1343 2554 1343 2732 1347 2728 1513 2554 1509 2453 1509 2359 1513 2026 1511 1878 1506 1657 1493 1172 1493"/></Shape>
	    <String CONTENT=" ל תשקו עד תום רשעה כי חרון בכל ק " HPOS="1172.0" VPOS="1327.0" WIDTH="1560.0" HEIGHT="186.0"><Glyph ID="char_46" CONTENT=" " GC="1.0"><Shape><Polygon POINTS="2655 1345 2651 1511 2707 1513 2711 1347"/></Shape></Glyph><Glyph ID="char_47" CONTENT="ל" GC="1.0"><Shape><Polygon POINTS="2622 1345 2618 1510 2651 1511 2655 1345"/></Shape></Glyph><Glyph ID="char_48" CONTENT=" " GC="1.0"><Shape><Polygon POINTS="2588 1344 2584 1510 2618 1510 2622 1345"/></Shape></Glyph><Glyph ID="char_49" CONTENT="ת" GC="1.0"><Shape><Polygon POINTS="2541 1343 2541 1509 2584 1510 2588 1344"/></Shape></Glyph><Glyph ID="char_50" CONTENT="ש" GC="1.0"><Shape><Polygon POINTS="2474 1343 2474 1509 2541 1509 2541 1343"/></Shape></Glyph><Glyph ID="char_51" CONTENT="ק" GC="1.0"><Shape><Polygon POINTS="2403 1345 2410 1511 2474 1509 2474 1343"/></Shape></Glyph><Glyph ID="char_52" CONTENT="ו" GC="1.0"><Shape><Polygon POINTS="2352 1347 2351 1513 2410 1511 2403 1345"/></Shape></Glyph><Glyph ID="char_53" CONTENT=" " GC="1.0"><Shape><Polygon POINTS="2308 1347 2307 1513 2351 1513 2352 1347"/></Shape></Glyph><Glyph ID="char_54" CONTENT="ע" GC="1.0"><Shape><Polygon POINTS="2241 1346 2240 1512 2307 1513 2308 1347"/></Shape></Glyph><Glyph ID="char_55" CONTENT="ד" GC="1.0"><Shape><Polygon POINTS="2185 1346 2184 1512 2240 1512 2241 1346"/></Shape></Glyph><Glyph ID="char_56" CONTENT=" " GC="1.0"><Shape><Polygon POINTS="2152 1346 2151 1512 2184 1512 2185 1346"/></Shape></Glyph><Glyph ID="char_57" CONTENT="ת" GC="1.0"><Shape><Polygon POINTS="2107 1345 2106 1511 2151 1512 2152 1346"/></Shape></Glyph><Glyph ID="char_58" CONTENT="ו" GC="1.0"><Shape><Polygon POINTS="2063 1345 2062 1511 2106 1511 2107 1345"/></Shape></Glyph><Glyph ID="char_59" CONTENT="ם" GC="1.0"><Shape><Polygon POINTS="2021 1345 2015 1511 2062 1511 2063 1345"/></Shape></Glyph><Glyph ID="char_60" CONTENT=" " GC="1.0"><Shape><Polygon POINTS="1966 1343 1960 1509 2015 1511 2021 1345"/></Shape></Glyph><Glyph ID="char_61" CONTENT="ר" GC="1.0"><Shape><Polygon POINTS="1921 1341 1915 1507 1960 1509 1966 1343"/></Shape></Glyph><Glyph ID="char_62" CONTENT="ש" GC="1.0"><Shape><Polygon POINTS="1856 1338 1847 1504 1915 1507 1921 1341"/></Shape></Glyph><Glyph ID="char_63" CONTENT="ע" GC="1.0"><Shape><Polygon POINTS="1779 1334 1769 1500 1847 1504 1856 1338"/></Shape></Glyph><Glyph ID="char_64" CONTENT="ה" GC="1.0"><Shape><Polygon POINTS="1735 1331 1725 1497 1769 1500 1779 1334"/></Shape></Glyph><Glyph ID="char_65" CONTENT=" " GC="1.0"><Shape><Polygon POINTS="1701 1329 1691 1495 1725 1497 1735 1331"/></Shape></Glyph><Glyph ID="char_66" CONTENT="כ" GC="1.0"><Shape><Polygon POINTS="1651 1327 1651 1493 1691 1495 1701 1329"/></Shape></Glyph><Glyph ID="char_67" CONTENT="י" GC="1.0"><Shape><Polygon POINTS="1617 1327 1617 1493 1651 1493 1651 1327"/></Shape></Glyph><Glyph ID="char_68" CONTENT=" " GC="1.0"><Shape><Polygon POINTS="1573 1327 1573 1493 1617 1493 1617 1327"/></Shape></Glyph><Glyph ID="char_69" CONTENT="ח" GC="1.0"><Shape><Polygon POINTS="1528 1327 1528 1493 1573 1493 1573 1327"/></Shape></Glyph><Glyph ID="char_70" CONTENT="ר" GC="1.0"><Shape><Polygon POINTS="1484 1327 1484 1493 1528 1493 1528 1327"/></Shape></Glyph><Glyph ID="char_71" CONTENT="ו" GC="1.0"><Shape><Polygon POINTS="1450 1327 1450 1493 1484 1493 1484 1327"/></Shape></Glyph><Glyph ID="char_72" CONTENT="ן" GC="1.0"><Shape><Polygon POINTS="1428 1327 1428 1493 1450 1493 1450 1327"/></Shape></Glyph><Glyph ID="char_73" CONTENT=" " GC="1.0"><Shape><Polygon POINTS="1384 1327 1384 1493 1428 1493 1428 1327"/></Shape></Glyph><Glyph ID="char_74" CONTENT="ב" GC="1.0"><Shape><Polygon POINTS="1339 1327 1339 1493 1384 1493 1384 1327"/></Shape></Glyph><Glyph ID="char_75" CONTENT="כ" GC="1.0"><Shape><Polygon POINTS="1294 1327 1294 1493 1339 1493 1339 1327"/></Shape></Glyph><Glyph ID="char_76" CONTENT="ל" GC="1.0"><Shape><Polygon POINTS="1250 1327 1250 1493 1294 1493 1294 1327"/></Shape></Glyph><Glyph ID="char_77" CONTENT=" " GC="1.0"><Shape><Polygon POINTS="1217 1327 1217 1493 1250 1493 1250 1327"/></Shape></Glyph><Glyph ID="char_78" CONTENT="ק" GC="1.0"><Shape><Polygon POINTS="1194 1327 1194 1493 1217 1493 1217 1327"/></Shape></Glyph><Glyph ID="char_79" CONTENT=" " GC="1.0"><Shape><Polygon POINTS="1172 1327 1172 1493 1194 1493 1194 1327"/></Shape></Glyph></String>
          </TextLine>

          
          
          <TextLine ID="eSc_line_1787091" BASELINE="1071 1592 1366 1596 1655 1614 2412 1637 2505 1637 2739 1616" HPOS="1070.0" VPOS="1492.0" WIDTH="1674.0" HEIGHT="211.0">
            <Shape><Polygon POINTS="1072 1492 1367 1496 1661 1514 2415 1537 2505 1537 2730 1516 2744 1682 2505 1703 2409 1703 1650 1680 1365 1662 1070 1658"/></Shape>
	    <String CONTENT=" תו צרה כי גדלים רחמי אל ואין קץ " HPOS="1070.0" VPOS="1492.0" WIDTH="1674.0" HEIGHT="211.0"><Glyph ID="char_80" CONTENT=" " GC="1.0"><Shape><Polygon POINTS="2616 1527 2630 1692 2697 1686 2682 1520"/></Shape></Glyph><Glyph ID="char_81" CONTENT="ת" GC="1.0"><Shape><Polygon POINTS="2571 1531 2586 1696 2630 1692 2616 1527"/></Shape></Glyph><Glyph ID="char_82" CONTENT="ו" GC="1.0"><Shape><Polygon POINTS="2491 1537 2491 1703 2586 1696 2571 1531"/></Shape></Glyph><Glyph ID="char_83" CONTENT=" " GC="1.0"><Shape><Polygon POINTS="2404 1537 2399 1703 2491 1703 2491 1537"/></Shape></Glyph><Glyph ID="char_84" CONTENT="צ" GC="1.0"><Shape><Polygon POINTS="2348 1535 2343 1701 2399 1703 2404 1537"/></Shape></Glyph><Glyph ID="char_85" CONTENT="ר" GC="1.0"><Shape><Polygon POINTS="2281 1533 2276 1699 2343 1701 2348 1535"/></Shape></Glyph><Glyph ID="char_86" CONTENT="ה" GC="1.0"><Shape><Polygon POINTS="2225 1531 2220 1697 2276 1699 2281 1533"/></Shape></Glyph><Glyph ID="char_87" CONTENT=" " GC="1.0"><Shape><Polygon POINTS="2191 1530 2186 1696 2220 1697 2225 1531"/></Shape></Glyph><Glyph ID="char_88" CONTENT="כ" GC="1.0"><Shape><Polygon POINTS="2147 1529 2142 1695 2186 1696 2191 1530"/></Shape></Glyph><Glyph ID="char_89" CONTENT="י" GC="1.0"><Shape><Polygon POINTS="2113 1528 2108 1694 2142 1695 2147 1529"/></Shape></Glyph><Glyph ID="char_90" CONTENT=" " GC="1.0"><Shape><Polygon POINTS="2079 1527 2074 1693 2108 1694 2113 1528"/></Shape></Glyph><Glyph ID="char_91" CONTENT="ג" GC="1.0"><Shape><Polygon POINTS="2035 1525 2030 1692 2074 1693 2079 1527"/></Shape></Glyph><Glyph ID="char_92" CONTENT="ד" GC="1.0"><Shape><Polygon POINTS="1968 1523 1963 1689 2030 1692 2035 1525"/></Shape></Glyph><Glyph ID="char_93" CONTENT="ל" GC="1.0"><Shape><Polygon POINTS="1923 1522 1918 1688 1963 1689 1968 1523"/></Shape></Glyph><Glyph ID="char_94" CONTENT="י" GC="1.0"><Shape><Polygon POINTS="1878 1521 1873 1687 1918 1688 1923 1522"/></Shape></Glyph><Glyph ID="char_95" CONTENT="ם" GC="1.0"><Shape><Polygon POINTS="1822 1519 1817 1685 1873 1687 1878 1521"/></Shape></Glyph><Glyph ID="char_96" CONTENT=" " GC="1.0"><Shape><Polygon POINTS="1788 1518 1783 1684 1817 1685 1822 1519"/></Shape></Glyph><Glyph ID="char_97" CONTENT="ר" GC="1.0"><Shape><Polygon POINTS="1733 1516 1728 1682 1783 1684 1788 1518"/></Shape></Glyph><Glyph ID="char_98" CONTENT="ח" GC="1.0"><Shape><Polygon POINTS="1677 1515 1672 1681 1728 1682 1733 1516"/></Shape></Glyph><Glyph ID="char_99" CONTENT="מ" GC="1.0"><Shape><Polygon POINTS="1636 1512 1625 1678 1672 1681 1677 1515"/></Shape></Glyph><Glyph ID="char_100" CONTENT="י" GC="1.0"><Shape><Polygon POINTS="1591 1510 1580 1676 1625 1678 1636 1512"/></Shape></Glyph><Glyph ID="char_101" CONTENT=" " GC="1.0"><Shape><Polygon POINTS="1557 1508 1546 1673 1580 1676 1591 1510"/></Shape></Glyph><Glyph ID="char_102" CONTENT="א" GC="1.0"><Shape><Polygon POINTS="1490 1504 1480 1669 1546 1673 1557 1508"/></Shape></Glyph><Glyph ID="char_103" CONTENT="ל" GC="1.0"><Shape><Polygon POINTS="1445 1501 1435 1666 1480 1669 1490 1504"/></Shape></Glyph><Glyph ID="char_104" CONTENT=" " GC="1.0"><Shape><Polygon POINTS="1412 1499 1402 1664 1435 1666 1445 1501"/></Shape></Glyph><Glyph ID="char_105" CONTENT="ו" GC="1.0"><Shape><Polygon POINTS="1352 1496 1349 1662 1402 1664 1412 1499"/></Shape></Glyph><Glyph ID="char_106" CONTENT="א" GC="1.0"><Shape><Polygon POINTS="1296 1495 1293 1661 1349 1662 1352 1496"/></Shape></Glyph><Glyph ID="char_107" CONTENT="י" GC="1.0"><Shape><Polygon POINTS="1251 1494 1248 1660 1293 1661 1296 1495"/></Shape></Glyph><Glyph ID="char_108" CONTENT="ן" GC="1.0"><Shape><Polygon POINTS="1229 1494 1226 1660 1248 1660 1251 1494"/></Shape></Glyph><Glyph ID="char_109" CONTENT=" " GC="1.0"><Shape><Polygon POINTS="1195 1494 1192 1660 1226 1660 1229 1494"/></Shape></Glyph><Glyph ID="char_110" CONTENT="ק" GC="1.0"><Shape><Polygon POINTS="1150 1493 1147 1659 1192 1660 1195 1494"/></Shape></Glyph><Glyph ID="char_111" CONTENT="ץ" GC="1.0"><Shape><Polygon POINTS="1106 1492 1103 1658 1147 1659 1150 1493"/></Shape></Glyph><Glyph ID="char_112" CONTENT=" " GC="1.0"><Shape><Polygon POINTS="1070 1591 1103 1591"/></Shape></Glyph></String>
          </TextLine>

          
          
          <TextLine ID="eSc_line_1787092" BASELINE="1853 1779 2485 1779" HPOS="1853.0" VPOS="1679.0" WIDTH="632.0" HEIGHT="166.0">
            <Shape><Polygon POINTS="1853 1679 2485 1679 2485 1845 1853 1845"/></Shape>
	    <String CONTENT=" מכה הלל מאד " HPOS="1853.0" VPOS="1679.0" WIDTH="632.0" HEIGHT="166.0"><Glyph ID="char_113" CONTENT=" " GC="1.0"><Shape><Polygon POINTS="2429 1679 2429 1845 2474 1845 2474 1679"/></Shape></Glyph><Glyph ID="char_114" CONTENT="מ" GC="1.0"><Shape><Polygon POINTS="2384 1679 2384 1845 2429 1845 2429 1679"/></Shape></Glyph><Glyph ID="char_115" CONTENT="כ" GC="1.0"><Shape><Polygon POINTS="2328 1679 2328 1845 2384 1845 2384 1679"/></Shape></Glyph><Glyph ID="char_116" CONTENT="ה" GC="1.0"><Shape><Polygon POINTS="2282 1679 2282 1845 2328 1845 2328 1679"/></Shape></Glyph><Glyph ID="char_117" CONTENT=" " GC="1.0"><Shape><Polygon POINTS="2237 1679 2237 1845 2282 1845 2282 1679"/></Shape></Glyph><Glyph ID="char_118" CONTENT="ה" GC="1.0"><Shape><Polygon POINTS="2181 1679 2181 1845 2237 1845 2237 1679"/></Shape></Glyph><Glyph ID="char_119" CONTENT="ל" GC="1.0"><Shape><Polygon POINTS="2136 1679 2136 1845 2181 1845 2181 1679"/></Shape></Glyph><Glyph ID="char_120" CONTENT="ל" GC="1.0"><Shape><Polygon POINTS="2090 1679 2090 1845 2136 1845 2136 1679"/></Shape></Glyph><Glyph ID="char_121" CONTENT=" " GC="1.0"><Shape><Polygon POINTS="2057 1679 2057 1845 2090 1845 2090 1679"/></Shape></Glyph><Glyph ID="char_122" CONTENT="מ" GC="1.0"><Shape><Polygon POINTS="2000 1679 2000 1845 2057 1845 2057 1679"/></Shape></Glyph><Glyph ID="char_123" CONTENT="א" GC="1.0"><Shape><Polygon POINTS="1944 1679 1944 1845 2000 1845 2000 1679"/></Shape></Glyph><Glyph ID="char_124" CONTENT="ד" GC="1.0"><Shape><Polygon POINTS="1898 1679 1898 1845 1944 1845 1944 1679"/></Shape></Glyph><Glyph ID="char_125" CONTENT=" " GC="1.0"><Shape><Polygon POINTS="1853 1679 1853 1845 1898 1845 1898 1679"/></Shape></Glyph></String>
          </TextLine>

          
          
          <TextLine ID="eSc_line_1787093" BASELINE="1869 1925 2013 1923 2345 1941" HPOS="1867.0" VPOS="1823.0" WIDTH="483.0" HEIGHT="184.0">
            <Shape><Polygon POINTS="1867 1825 2011 1823 2350 1841 2341 2007 2013 1989 1869 1991"/></Shape>
	    <String CONTENT=" בכל אשר " HPOS="1867.0" VPOS="1823.0" WIDTH="483.0" HEIGHT="184.0"><Glyph ID="char_126" CONTENT=" " GC="1.0"><Shape><Polygon POINTS="2298 1838 2289 2004 2323 2006 2332 1840"/></Shape></Glyph><Glyph ID="char_127" CONTENT="ב" GC="1.0"><Shape><Polygon POINTS="2265 1836 2256 2002 2289 2004 2298 1838"/></Shape></Glyph><Glyph ID="char_128" CONTENT="כ" GC="1.0"><Shape><Polygon POINTS="2220 1834 2211 2000 2256 2002 2265 1836"/></Shape></Glyph><Glyph ID="char_129" CONTENT="ל" GC="1.0"><Shape><Polygon POINTS="2175 1832 2166 1997 2211 2000 2220 1834"/></Shape></Glyph><Glyph ID="char_130" CONTENT=" " GC="1.0"><Shape><Polygon POINTS="2142 1830 2133 1996 2166 1997 2175 1832"/></Shape></Glyph><Glyph ID="char_131" CONTENT="א" GC="1.0"><Shape><Polygon POINTS="2086 1827 2077 1993 2133 1996 2142 1830"/></Shape></Glyph><Glyph ID="char_132" CONTENT="ש" GC="1.0"><Shape><Polygon POINTS="2012 1823 2014 1989 2077 1993 2086 1827"/></Shape></Glyph><Glyph ID="char_133" CONTENT="ר" GC="1.0"><Shape><Polygon POINTS="1945 1824 1947 1990 2014 1989 2012 1823"/></Shape></Glyph><Glyph ID="char_134" CONTENT=" " GC="1.0"><Shape><Polygon POINTS="1889 1825 1891 1991 1947 1990 1945 1824"/></Shape></Glyph></String>
          </TextLine>

          
          
          <TextLine ID="eSc_line_1787094" BASELINE="1896 2097 2061 2106 2270 2108 2248 2106 2309 2099" HPOS="1892.0" VPOS="1997.0" WIDTH="429.1999999999998" HEIGHT="208.0">
            <Shape><Polygon POINTS="1901 1997 2066 2006 2270 2008 2238 2205 2297 2000 2316 2164 2321.2 2174.49 2269 2174 2057 2172 1892 2163"/></Shape>
	    <String CONTENT=" בצבא " HPOS="1892.0" VPOS="1997.0" WIDTH="429.1999999999998" HEIGHT="208.0"><Glyph ID="char_135" CONTENT=" " GC="1.0"><Shape><Polygon POINTS="2213 2007 2211 2173 2251 2122 2238 2008"/></Shape></Glyph><Glyph ID="char_136" CONTENT="ב" GC="1.0"><Shape><Polygon POINTS="2166 2007 2164 2173 2211 2173 2213 2007"/></Shape></Glyph><Glyph ID="char_137" CONTENT="צ" GC="1.0"><Shape><Polygon POINTS="2107 2006 2105 2172 2164 2173 2166 2007"/></Shape></Glyph><Glyph ID="char_138" CONTENT="ב" GC="1.0"><Shape><Polygon POINTS="2065 2006 2055 2172 2105 2172 2107 2006"/></Shape></Glyph><Glyph ID="char_139" CONTENT="א" GC="1.0"><Shape><Polygon POINTS="2019 2003 2009 2169 2055 2172 2065 2006"/></Shape></Glyph><Glyph ID="char_140" CONTENT=" " GC="1.0"><Shape><Polygon POINTS="1936 1999 1926 2165 2009 2169 2019 2003"/></Shape></Glyph></String>
          </TextLine>

          
        </TextBlock>
        

        
      </PrintSpace>
    </Page>
  </Layout>
</alto>