<?xml version='1.0' encoding='UTF-8'?>
<alto xmlns:xsi="http://www.w3.org/2001/XMLSchema-instance" xmlns="http://www.loc.gov/standards/alto/ns-v4#" xsi:schemaLocation="http://www.loc.gov/standards/alto/ns-v4# http://www.loc.gov/standards/alto/v4/alto-4-2.xsd">
  <Description>
    <MeasurementUnit>pixel</MeasurementUnit>
    <sourceImageInformation>
      <fileName>P180-Fg004-R-C01-R01-D12062012-T101448-LR924_012_F.jpg</fileName>
      
    </sourceImageInformation>
  </Description>
  
  <Tags>
    <OtherTag ID="BT1443" LABEL="Parchment_or_papyrus" DESCRIPTION="block type Parchment_or_papyrus"/><OtherTag ID="BT2" LABEL="Main" DESCRIPTION="block type Main"/>
    
  </Tags>
  
  <Layout>
    <Page WIDTH="3608" HEIGHT="2706" PHYSICAL_IMG_NR="69" ID="eSc_dummypage_">
      <PrintSpace HPOS="0" VPOS="0" WIDTH="3608" HEIGHT="2706">
        
        <TextBlock HPOS="1031.0" VPOS="880.0" WIDTH="1612.0" HEIGHT="548.0" ID="eSc_textblock_11de6c6f" TAGREFS="BT2">
          <Shape><Polygon POINTS="1031 880 1031 1428 2643 1428 2643 880"/></Shape>
          
          
          <TextLine ID="eSc_line_1787095" BASELINE="1707 1012 1788 1003 2022 1003 2421 1010" HPOS="1696.0" VPOS="907.0" WIDTH="726.0" HEIGHT="168.0">
            <Shape><Polygon POINTS="1696 916 1777 907 2022 907 2422 914 2419 1073 2022 1067 1795 1066 1714 1075"/></Shape>
	    <String CONTENT=" חרון כי אוהב " HPOS="1696.0" VPOS="907.0" WIDTH="726.0" HEIGHT="168.0"><Glyph ID="char_0" CONTENT=" " GC="1.0"><Shape><Polygon POINTS="2279 912 2276 1071 2363 1072 2366 913"/></Shape></Glyph><Glyph ID="char_1" CONTENT="ח" GC="1.0"><Shape><Polygon POINTS="2236 911 2233 1070 2276 1071 2279 912"/></Shape></Glyph><Glyph ID="char_2" CONTENT="ר" GC="1.0"><Shape><Polygon POINTS="2193 910 2190 1070 2233 1070 2236 911"/></Shape></Glyph><Glyph ID="char_3" CONTENT="ו" GC="1.0"><Shape><Polygon POINTS="2161 909 2158 1069 2190 1070 2193 910"/></Shape></Glyph><Glyph ID="char_4" CONTENT="ן" GC="1.0"><Shape><Polygon POINTS="2128 909 2125 1069 2158 1069 2161 909"/></Shape></Glyph><Glyph ID="char_5" CONTENT=" " GC="1.0"><Shape><Polygon POINTS="2096 908 2093 1068 2125 1069 2128 909"/></Shape></Glyph><Glyph ID="char_6" CONTENT="כ" GC="1.0"><Shape><Polygon POINTS="2063 908 2060 1068 2093 1068 2096 908"/></Shape></Glyph><Glyph ID="char_7" CONTENT="י" GC="1.0"><Shape><Polygon POINTS="2031 907 2028 1067 2060 1068 2063 908"/></Shape></Glyph><Glyph ID="char_8" CONTENT=" " GC="1.0"><Shape><Polygon POINTS="1987 907 1987 1067 2028 1067 2031 907"/></Shape></Glyph><Glyph ID="char_9" CONTENT="א" GC="1.0"><Shape><Polygon POINTS="1944 907 1944 1067 1987 1067 1987 907"/></Shape></Glyph><Glyph ID="char_10" CONTENT="ו" GC="1.0"><Shape><Polygon POINTS="1901 907 1901 1066 1944 1067 1944 907"/></Shape></Glyph><Glyph ID="char_11" CONTENT="ה" GC="1.0"><Shape><Polygon POINTS="1847 907 1847 1066 1901 1066 1901 907"/></Shape></Glyph><Glyph ID="char_12" CONTENT="ב" GC="1.0"><Shape><Polygon POINTS="1793 907 1793 1066 1847 1066 1847 907"/></Shape></Glyph><Glyph ID="char_13" CONTENT=" " GC="1.0"><Shape><Polygon POINTS="1717 914 1735 1073 1793 1066 1793 907"/></Shape></Glyph></String>
          </TextLine>

          
          
          <TextLine ID="eSc_line_1787096" BASELINE="1276 1170 1404 1165 1704 1168 1819 1159 1905 1156 2135 1156 2403 1168 2525 1161" HPOS="1272.0" VPOS="1060.0" WIDTH="1256.0" HEIGHT="173.0">
            <Shape><Polygon POINTS="1272 1074 1400 1069 1704 1072 1811 1063 1901 1060 2135 1060 2407 1072 2519 1065 2528 1224 2400 1231 2135 1220 1907 1219 1823 1222 1703 1231 1406 1228 1278 1233"/></Shape>
	    <String CONTENT="עברה כי עליהמה ינפח כו " HPOS="1272.0" VPOS="1060.0" WIDTH="1256.0" HEIGHT="173.0"><Glyph ID="char_14" CONTENT="ע" GC="1.0"><Shape><Polygon POINTS="2444 1070 2453 1228 2507 1225 2498 1066"/></Shape></Glyph><Glyph ID="char_15" CONTENT="ב" GC="1.0"><Shape><Polygon POINTS="2401 1072 2393 1231 2453 1228 2444 1070"/></Shape></Glyph><Glyph ID="char_16" CONTENT="ר" GC="1.0"><Shape><Polygon POINTS="2347 1069 2339 1228 2393 1231 2401 1072"/></Shape></Glyph><Glyph ID="char_17" CONTENT="ה" GC="1.0"><Shape><Polygon POINTS="2294 1067 2286 1226 2339 1228 2347 1069"/></Shape></Glyph><Glyph ID="char_18" CONTENT=" " GC="1.0"><Shape><Polygon POINTS="2241 1065 2234 1224 2286 1226 2294 1067"/></Shape></Glyph><Glyph ID="char_19" CONTENT="כ" GC="1.0"><Shape><Polygon POINTS="2187 1062 2180 1222 2234 1224 2241 1065"/></Shape></Glyph><Glyph ID="char_20" CONTENT="י" GC="1.0"><Shape><Polygon POINTS="2155 1061 2148 1221 2180 1222 2187 1062"/></Shape></Glyph><Glyph ID="char_21" CONTENT=" " GC="1.0"><Shape><Polygon POINTS="2118 1060 2118 1220 2148 1221 2155 1061"/></Shape></Glyph><Glyph ID="char_22" CONTENT="ע" GC="1.0"><Shape><Polygon POINTS="2054 1060 2054 1220 2118 1220 2118 1060"/></Shape></Glyph><Glyph ID="char_23" CONTENT="ל" GC="1.0"><Shape><Polygon POINTS="2000 1060 2000 1219 2054 1220 2054 1060"/></Shape></Glyph><Glyph ID="char_24" CONTENT="י" GC="1.0"><Shape><Polygon POINTS="1947 1060 1947 1219 2000 1219 2000 1060"/></Shape></Glyph><Glyph ID="char_25" CONTENT="ה" GC="1.0"><Shape><Polygon POINTS="1880 1061 1886 1220 1947 1219 1947 1060"/></Shape></Glyph><Glyph ID="char_26" CONTENT="מ" GC="1.0"><Shape><Polygon POINTS="1801 1064 1813 1223 1886 1220 1880 1061"/></Shape></Glyph><Glyph ID="char_27" CONTENT="ה" GC="1.0"><Shape><Polygon POINTS="1758 1067 1771 1226 1813 1223 1801 1064"/></Shape></Glyph><Glyph ID="char_28" CONTENT=" " GC="1.0"><Shape><Polygon POINTS="1726 1070 1739 1228 1771 1226 1758 1067"/></Shape></Glyph><Glyph ID="char_29" CONTENT="י" GC="1.0"><Shape><Polygon POINTS="1703 1072 1701 1231 1739 1228 1726 1070"/></Shape></Glyph><Glyph ID="char_30" CONTENT="נ" GC="1.0"><Shape><Polygon POINTS="1671 1072 1669 1231 1701 1231 1703 1072"/></Shape></Glyph><Glyph ID="char_31" CONTENT="פ" GC="1.0"><Shape><Polygon POINTS="1629 1071 1627 1230 1669 1231 1671 1072"/></Shape></Glyph><Glyph ID="char_32" CONTENT="ח" GC="1.0"><Shape><Polygon POINTS="1586 1071 1584 1230 1627 1230 1629 1071"/></Shape></Glyph><Glyph ID="char_33" CONTENT=" " GC="1.0"><Shape><Polygon POINTS="1564 1071 1562 1230 1584 1230 1586 1071"/></Shape></Glyph><Glyph ID="char_34" CONTENT="כ" GC="1.0"><Shape><Polygon POINTS="1532 1070 1530 1229 1562 1230 1564 1071"/></Shape></Glyph><Glyph ID="char_35" CONTENT="ו" GC="1.0"><Shape><Polygon POINTS="1490 1070 1488 1229 1530 1229 1532 1070"/></Shape></Glyph><Glyph ID="char_36" CONTENT=" " GC="1.0"><Shape><Polygon POINTS="1356 1071 1362 1230 1488 1229 1490 1070"/></Shape></Glyph></String>
          </TextLine>

          
          
          <TextLine ID="eSc_line_1787097" BASELINE="1050 1334 1325 1334 1506 1330 1966 1330 2586 1341" HPOS="1050.0" VPOS="1234.0" WIDTH="1537.0" HEIGHT="170.0">
            <Shape><Polygon POINTS="1050 1238 1325 1238 1503 1234 1966 1234 2587 1245 2584 1404 1966 1394 1507 1393 1325 1398 1050 1398"/></Shape>
	    <String CONTENT="ואתה מבין שמחה בנחלת אמת וב " HPOS="1050.0" VPOS="1234.0" WIDTH="1537.0" HEIGHT="170.0"><Glyph ID="char_37" CONTENT="ו" GC="1.0"><Shape><Polygon POINTS="2448 1243 2445 1402 2531 1403 2534 1244"/></Shape></Glyph><Glyph ID="char_38" CONTENT="א" GC="1.0"><Shape><Polygon POINTS="2395 1242 2392 1401 2445 1402 2448 1243"/></Shape></Glyph><Glyph ID="char_39" CONTENT="ת" GC="1.0"><Shape><Polygon POINTS="2319 1240 2316 1400 2392 1401 2395 1242"/></Shape></Glyph><Glyph ID="char_40" CONTENT="ה" GC="1.0"><Shape><Polygon POINTS="2277 1240 2274 1399 2316 1400 2319 1240"/></Shape></Glyph><Glyph ID="char_41" CONTENT=" " GC="1.0"><Shape><Polygon POINTS="2244 1239 2241 1398 2274 1399 2277 1240"/></Shape></Glyph><Glyph ID="char_42" CONTENT="מ" GC="1.0"><Shape><Polygon POINTS="2191 1238 2188 1398 2241 1398 2244 1239"/></Shape></Glyph><Glyph ID="char_43" CONTENT="ב" GC="1.0"><Shape><Polygon POINTS="2137 1237 2134 1397 2188 1398 2191 1238"/></Shape></Glyph><Glyph ID="char_44" CONTENT="י" GC="1.0"><Shape><Polygon POINTS="2094 1236 2091 1396 2134 1397 2137 1237"/></Shape></Glyph><Glyph ID="char_45" CONTENT="ן" GC="1.0"><Shape><Polygon POINTS="2072 1236 2069 1396 2091 1396 2094 1236"/></Shape></Glyph><Glyph ID="char_46" CONTENT=" " GC="1.0"><Shape><Polygon POINTS="2029 1235 2026 1395 2069 1396 2072 1236"/></Shape></Glyph><Glyph ID="char_47" CONTENT="ש" GC="1.0"><Shape><Polygon POINTS="1963 1234 1963 1394 2026 1395 2029 1235"/></Shape></Glyph><Glyph ID="char_48" CONTENT="מ" GC="1.0"><Shape><Polygon POINTS="1888 1234 1888 1394 1963 1394 1963 1234"/></Shape></Glyph><Glyph ID="char_49" CONTENT="ח" GC="1.0"><Shape><Polygon POINTS="1823 1234 1823 1394 1888 1394 1888 1234"/></Shape></Glyph><Glyph ID="char_50" CONTENT="ה" GC="1.0"><Shape><Polygon POINTS="1780 1234 1780 1394 1823 1394 1823 1234"/></Shape></Glyph><Glyph ID="char_51" CONTENT=" " GC="1.0"><Shape><Polygon POINTS="1737 1234 1737 1394 1780 1394 1780 1234"/></Shape></Glyph><Glyph ID="char_52" CONTENT="ב" GC="1.0"><Shape><Polygon POINTS="1694 1234 1694 1393 1737 1394 1737 1234"/></Shape></Glyph><Glyph ID="char_53" CONTENT="נ" GC="1.0"><Shape><Polygon POINTS="1641 1234 1641 1393 1694 1393 1694 1234"/></Shape></Glyph><Glyph ID="char_54" CONTENT="ח" GC="1.0"><Shape><Polygon POINTS="1598 1234 1598 1393 1641 1393 1641 1234"/></Shape></Glyph><Glyph ID="char_55" CONTENT="ל" GC="1.0"><Shape><Polygon POINTS="1555 1234 1555 1393 1598 1393 1598 1234"/></Shape></Glyph><Glyph ID="char_56" CONTENT="ת" GC="1.0"><Shape><Polygon POINTS="1499 1234 1502 1393 1555 1393 1555 1234"/></Shape></Glyph><Glyph ID="char_57" CONTENT=" " GC="1.0"><Shape><Polygon POINTS="1456 1235 1459 1394 1502 1393 1499 1234"/></Shape></Glyph><Glyph ID="char_58" CONTENT="א" GC="1.0"><Shape><Polygon POINTS="1402 1236 1405 1396 1459 1394 1456 1235"/></Shape></Glyph><Glyph ID="char_59" CONTENT="מ" GC="1.0"><Shape><Polygon POINTS="1349 1237 1352 1397 1405 1396 1402 1236"/></Shape></Glyph><Glyph ID="char_60" CONTENT="ת" GC="1.0"><Shape><Polygon POINTS="1297 1238 1297 1398 1352 1397 1349 1237"/></Shape></Glyph><Glyph ID="char_61" CONTENT=" " GC="1.0"><Shape><Polygon POINTS="1254 1238 1254 1398 1297 1398 1297 1238"/></Shape></Glyph><Glyph ID="char_62" CONTENT="ו" GC="1.0"><Shape><Polygon POINTS="1211 1238 1211 1398 1254 1398 1254 1238"/></Shape></Glyph><Glyph ID="char_63" CONTENT="ב" GC="1.0"><Shape><Polygon POINTS="1168 1238 1168 1398 1211 1398 1211 1238"/></Shape></Glyph><Glyph ID="char_64" CONTENT=" " GC="1.0"><Shape><Polygon POINTS="1082 1238 1082 1398 1168 1398 1168 1238"/></Shape></Glyph></String>
          </TextLine>

          
        </TextBlock>
        

        
      </PrintSpace>
    </Page>
  </Layout>
</alto>