<?xml version='1.0' encoding='UTF-8'?>
<alto xmlns:xsi="http://www.w3.org/2001/XMLSchema-instance" xmlns="http://www.loc.gov/standards/alto/ns-v4#" xsi:schemaLocation="http://www.loc.gov/standards/alto/ns-v4# http://www.loc.gov/standards/alto/v4/alto-4-2.xsd">
  <Description>
    <MeasurementUnit>pixel</MeasurementUnit>
    <sourceImageInformation>
      <fileName>P185-Fg007-R-C01-R01-D13062012-T124115-LR924_012_F.jpg</fileName>
      
    </sourceImageInformation>
  </Description>
  
  <Tags>
    <OtherTag ID="BT1443" LABEL="Parchment_or_papyrus" DESCRIPTION="block type Parchment_or_papyrus"/><OtherTag ID="BT2" LABEL="Main" DESCRIPTION="block type Main"/>
    
  </Tags>
  
  <Layout>
    <Page WIDTH="3608" HEIGHT="2706" PHYSICAL_IMG_NR="28" ID="eSc_dummypage_">
      <PrintSpace HPOS="0" VPOS="0" WIDTH="3608" HEIGHT="2706">
        
        <TextBlock HPOS="1635.0" VPOS="821.0" WIDTH="865.0" HEIGHT="683.0" ID="eSc_textblock_31a7371b" TAGREFS="BT2">
          <Shape><Polygon POINTS="1635 821 1635 1504 2500 1504 2500 821"/></Shape>
          
          
          <TextLine ID="eSc_line_1787224" BASELINE="1864 949 2170 949" HPOS="1864.0" VPOS="863.0" WIDTH="306.0" HEIGHT="142.0">
            <Shape><Polygon POINTS="1864 863 2170 863 2170 1005 1864 1005"/></Shape>
	    <String CONTENT=" ת נפש" HPOS="1864.0" VPOS="863.0" WIDTH="306.0" HEIGHT="142.0"><Glyph ID="char_0" CONTENT=" " GC="1.0"><Shape><Polygon POINTS="2113 863 2113 1005 2152 1005 2152 863"/></Shape></Glyph><Glyph ID="char_1" CONTENT="ת" GC="1.0"><Shape><Polygon POINTS="2085 863 2085 1005 2113 1005 2113 863"/></Shape></Glyph><Glyph ID="char_2" CONTENT=" " GC="1.0"><Shape><Polygon POINTS="2046 863 2046 1005 2085 1005 2085 863"/></Shape></Glyph><Glyph ID="char_3" CONTENT="נ" GC="1.0"><Shape><Polygon POINTS="2018 863 2018 1005 2046 1005 2046 863"/></Shape></Glyph><Glyph ID="char_4" CONTENT="פ" GC="1.0"><Shape><Polygon POINTS="1970 863 1970 1005 2018 1005 2018 863"/></Shape></Glyph><Glyph ID="char_5" CONTENT="ש" GC="1.0"><Shape><Polygon POINTS="1893 863 1893 1005 1970 1005 1970 863"/></Shape></Glyph></String>
          </TextLine>

          
          
          <TextLine ID="eSc_line_1787226" BASELINE="1666 1095 2284 1095" HPOS="1666.0" VPOS="1009.0" WIDTH="618.0" HEIGHT="142.0">
            <Shape><Polygon POINTS="1666 1009 2284 1009 2284 1151 1666 1151"/></Shape>
	    <String CONTENT=" בני אדם ובנחלתו" HPOS="1666.0" VPOS="1009.0" WIDTH="618.0" HEIGHT="142.0"><Glyph ID="char_6" CONTENT=" " GC="1.0"><Shape><Polygon POINTS="2227 1009 2227 1151 2265 1151 2265 1009"/></Shape></Glyph><Glyph ID="char_7" CONTENT="ב" GC="1.0"><Shape><Polygon POINTS="2207 1009 2207 1151 2227 1151 2227 1009"/></Shape></Glyph><Glyph ID="char_8" CONTENT="נ" GC="1.0"><Shape><Polygon POINTS="2178 1009 2178 1151 2207 1151 2207 1009"/></Shape></Glyph><Glyph ID="char_9" CONTENT="י" GC="1.0"><Shape><Polygon POINTS="2159 1009 2159 1151 2178 1151 2178 1009"/></Shape></Glyph><Glyph ID="char_10" CONTENT=" " GC="1.0"><Shape><Polygon POINTS="2120 1009 2120 1151 2159 1151 2159 1009"/></Shape></Glyph><Glyph ID="char_11" CONTENT="א" GC="1.0"><Shape><Polygon POINTS="2072 1009 2072 1151 2120 1151 2120 1009"/></Shape></Glyph><Glyph ID="char_12" CONTENT="ד" GC="1.0"><Shape><Polygon POINTS="2024 1009 2024 1151 2072 1151 2072 1009"/></Shape></Glyph><Glyph ID="char_13" CONTENT="ם" GC="1.0"><Shape><Polygon POINTS="1985 1009 1985 1151 2024 1151 2024 1009"/></Shape></Glyph><Glyph ID="char_14" CONTENT=" " GC="1.0"><Shape><Polygon POINTS="1956 1009 1956 1151 1985 1151 1985 1009"/></Shape></Glyph><Glyph ID="char_15" CONTENT="ו" GC="1.0"><Shape><Polygon POINTS="1918 1009 1918 1151 1956 1151 1956 1009"/></Shape></Glyph><Glyph ID="char_16" CONTENT="ב" GC="1.0"><Shape><Polygon POINTS="1879 1009 1879 1151 1918 1151 1918 1009"/></Shape></Glyph><Glyph ID="char_17" CONTENT="נ" GC="1.0"><Shape><Polygon POINTS="1840 1009 1840 1151 1879 1151 1879 1009"/></Shape></Glyph><Glyph ID="char_18" CONTENT="ח" GC="1.0"><Shape><Polygon POINTS="1802 1009 1802 1151 1840 1151 1840 1009"/></Shape></Glyph><Glyph ID="char_19" CONTENT="ל" GC="1.0"><Shape><Polygon POINTS="1763 1009 1763 1151 1802 1151 1802 1009"/></Shape></Glyph><Glyph ID="char_20" CONTENT="ת" GC="1.0"><Shape><Polygon POINTS="1724 1009 1724 1151 1763 1151 1763 1009"/></Shape></Glyph><Glyph ID="char_21" CONTENT="ו" GC="1.0"><Shape><Polygon POINTS="1676 1009 1676 1151 1724 1151 1724 1009"/></Shape></Glyph></String>
          </TextLine>

          
          
          <TextLine ID="eSc_line_1787227" BASELINE="1738 1242 1891 1247 2399 1222" HPOS="1736.0" VPOS="1136.0" WIDTH="665.0" HEIGHT="167.0">
            <Shape><Polygon POINTS="1740 1156 1893 1161 2394 1136 2401 1278 1889 1303 1736 1298"/></Shape>
	    <String CONTENT=" דש קודשים לכל" HPOS="1736.0" VPOS="1136.0" WIDTH="665.0" HEIGHT="167.0"><Glyph ID="char_22" CONTENT=" " GC="1.0"><Shape><Polygon POINTS="2345 1138 2352 1280 2390 1279 2383 1137"/></Shape></Glyph><Glyph ID="char_23" CONTENT="ד" GC="1.0"><Shape><Polygon POINTS="2307 1140 2314 1282 2352 1280 2345 1138"/></Shape></Glyph><Glyph ID="char_24" CONTENT="ש" GC="1.0"><Shape><Polygon POINTS="2259 1143 2266 1285 2314 1282 2307 1140"/></Shape></Glyph><Glyph ID="char_25" CONTENT=" " GC="1.0"><Shape><Polygon POINTS="2211 1145 2218 1287 2266 1285 2259 1143"/></Shape></Glyph><Glyph ID="char_26" CONTENT="ק" GC="1.0"><Shape><Polygon POINTS="2173 1147 2180 1289 2218 1287 2211 1145"/></Shape></Glyph><Glyph ID="char_27" CONTENT="ו" GC="1.0"><Shape><Polygon POINTS="2134 1149 2141 1291 2180 1289 2173 1147"/></Shape></Glyph><Glyph ID="char_28" CONTENT="ד" GC="1.0"><Shape><Polygon POINTS="2077 1152 2084 1293 2141 1291 2134 1149"/></Shape></Glyph><Glyph ID="char_29" CONTENT="ש" GC="1.0"><Shape><Polygon POINTS="2020 1155 2026 1296 2084 1293 2077 1152"/></Shape></Glyph><Glyph ID="char_30" CONTENT="י" GC="1.0"><Shape><Polygon POINTS="1944 1158 1951 1300 2026 1296 2020 1155"/></Shape></Glyph><Glyph ID="char_31" CONTENT="ם" GC="1.0"><Shape><Polygon POINTS="1896 1161 1903 1302 1951 1300 1944 1158"/></Shape></Glyph><Glyph ID="char_32" CONTENT=" " GC="1.0"><Shape><Polygon POINTS="1874 1160 1869 1302 1903 1302 1896 1161"/></Shape></Glyph><Glyph ID="char_33" CONTENT="ל" GC="1.0"><Shape><Polygon POINTS="1845 1159 1840 1301 1869 1302 1874 1160"/></Shape></Glyph><Glyph ID="char_34" CONTENT="כ" GC="1.0"><Shape><Polygon POINTS="1798 1158 1793 1300 1840 1301 1845 1159"/></Shape></Glyph><Glyph ID="char_35" CONTENT="ל" GC="1.0"><Shape><Polygon POINTS="1750 1156 1745 1298 1793 1300 1798 1158"/></Shape></Glyph></String>
          </TextLine>

          
          
          <TextLine ID="eSc_line_1787228" BASELINE="1722 1377 2052 1375 2349 1364" HPOS="1721.0" VPOS="1278.0" WIDTH="630.0" HEIGHT="155.0">
            <Shape><Polygon POINTS="1721 1291 2051 1289 2345 1278 2351 1420 2052 1431 1722 1433"/></Shape>
	    <String CONTENT=" ישימכה לו כבוכר" HPOS="1721.0" VPOS="1278.0" WIDTH="630.0" HEIGHT="155.0"><Glyph ID="char_36" CONTENT=" " GC="1.0"><Shape><Polygon POINTS="2276 1281 2281 1423 2319 1421 2314 1279"/></Shape></Glyph><Glyph ID="char_37" CONTENT="י" GC="1.0"><Shape><Polygon POINTS="2256 1281 2261 1423 2281 1423 2276 1281"/></Shape></Glyph><Glyph ID="char_38" CONTENT="ש" GC="1.0"><Shape><Polygon POINTS="2199 1283 2204 1425 2261 1423 2256 1281"/></Shape></Glyph><Glyph ID="char_39" CONTENT="י" GC="1.0"><Shape><Polygon POINTS="2141 1286 2146 1428 2204 1425 2199 1283"/></Shape></Glyph><Glyph ID="char_40" CONTENT="מ" GC="1.0"><Shape><Polygon POINTS="2103 1287 2108 1429 2146 1428 2141 1286"/></Shape></Glyph><Glyph ID="char_41" CONTENT="כ" GC="1.0"><Shape><Polygon POINTS="2055 1289 2060 1431 2108 1429 2103 1287"/></Shape></Glyph><Glyph ID="char_42" CONTENT="ה" GC="1.0"><Shape><Polygon POINTS="2008 1289 2009 1431 2060 1431 2055 1289"/></Shape></Glyph><Glyph ID="char_43" CONTENT=" " GC="1.0"><Shape><Polygon POINTS="1989 1289 1990 1431 2009 1431 2008 1289"/></Shape></Glyph><Glyph ID="char_44" CONTENT="ל" GC="1.0"><Shape><Polygon POINTS="1960 1290 1961 1432 1990 1431 1989 1289"/></Shape></Glyph><Glyph ID="char_45" CONTENT="ו" GC="1.0"><Shape><Polygon POINTS="1941 1290 1942 1432 1961 1432 1960 1290"/></Shape></Glyph><Glyph ID="char_46" CONTENT=" " GC="1.0"><Shape><Polygon POINTS="1922 1290 1923 1432 1942 1432 1941 1290"/></Shape></Glyph><Glyph ID="char_47" CONTENT="כ" GC="1.0"><Shape><Polygon POINTS="1884 1290 1885 1432 1923 1432 1922 1290"/></Shape></Glyph><Glyph ID="char_48" CONTENT="ב" GC="1.0"><Shape><Polygon POINTS="1845 1290 1846 1432 1885 1432 1884 1290"/></Shape></Glyph><Glyph ID="char_49" CONTENT="ו" GC="1.0"><Shape><Polygon POINTS="1768 1291 1769 1433 1846 1432 1845 1290"/></Shape></Glyph><Glyph ID="char_50" CONTENT="כ" GC="1.0"><Shape><Polygon POINTS="1721 1377 1768 1376"/></Shape></Glyph><Glyph ID="char_51" CONTENT="ר" GC="1.0"><Shape><Polygon POINTS="1721 1377 1721 1377"/></Shape></Glyph></String>
          </TextLine>

          
        </TextBlock>
        

        
      </PrintSpace>
    </Page>
  </Layout>
</alto>