<?xml version='1.0' encoding='UTF-8'?>
<alto xmlns:xsi="http://www.w3.org/2001/XMLSchema-instance" xmlns="http://www.loc.gov/standards/alto/ns-v4#" xsi:schemaLocation="http://www.loc.gov/standards/alto/ns-v4# http://www.loc.gov/standards/alto/v4/alto-4-2.xsd">
  <Description>
    <MeasurementUnit>pixel</MeasurementUnit>
    <sourceImageInformation>
      <fileName>P185-Fg012-R-C01-R01-D13062012-T132326-LR924_012_F.jpg</fileName>
      
    </sourceImageInformation>
  </Description>
  
  <Tags>
    <OtherTag ID="BT1443" LABEL="Parchment_or_papyrus" DESCRIPTION="block type Parchment_or_papyrus"/><OtherTag ID="BT2" LABEL="Main" DESCRIPTION="block type Main"/>
    
  </Tags>
  
  <Layout>
    <Page WIDTH="3608" HEIGHT="2706" PHYSICAL_IMG_NR="52" ID="eSc_dummypage_">
      <PrintSpace HPOS="0" VPOS="0" WIDTH="3608" HEIGHT="2706">
        
        <TextBlock HPOS="1514.0" VPOS="1036.0" WIDTH="828.0" HEIGHT="656.0" ID="eSc_textblock_094589f6" TAGREFS="BT2">
          <Shape><Polygon POINTS="1514 1036 1514 1692 2342 1692 2342 1036"/></Shape>
          
          
          <TextLine ID="eSc_line_1787238" BASELINE="1598 1127 1641 1120 1790 1127 1849 1134 1876 1143 1952 1147 1995 1145 2101 1154 2185 1172" HPOS="1584.0" VPOS="1040.0" WIDTH="617.0" HEIGHT="184.0">
            <Shape><Polygon POINTS="1584 1047 1627 1040 1793 1046 1858 1053 1901 1066 1956 1066 1991 1064 2107 1073 2201 1092 2173 1224 2096 1207 1997 1198 1949 1200 1858 1194 1842 1187 1787 1180 1649 1173 1606 1180"/></Shape>
	    <String CONTENT=" וק חסור " HPOS="1584.0" VPOS="1040.0" WIDTH="617.0" HEIGHT="184.0"><Glyph ID="char_0" CONTENT=" " GC="1.0"><Shape><Polygon POINTS="2144 1081 2116 1211 2151 1219 2180 1088"/></Shape></Glyph><Glyph ID="char_1" CONTENT="ו" GC="1.0"><Shape><Polygon POINTS="2071 1070 2060 1204 2116 1211 2144 1081"/></Shape></Glyph><Glyph ID="char_2" CONTENT="ק" GC="1.0"><Shape><Polygon POINTS="1925 1066 1918 1198 2060 1204 2071 1070"/></Shape></Glyph><Glyph ID="char_3" CONTENT=" " GC="1.0"><Shape><Polygon POINTS="1814 1048 1798 1181 1918 1198 1925 1066"/></Shape></Glyph><Glyph ID="char_4" CONTENT="ח" GC="1.0"><Shape><Polygon POINTS="1763 1045 1757 1178 1798 1181 1814 1048"/></Shape></Glyph><Glyph ID="char_5" CONTENT="ס" GC="1.0"><Shape><Polygon POINTS="1700 1043 1694 1175 1757 1178 1763 1045"/></Shape></Glyph><Glyph ID="char_6" CONTENT="ו" GC="1.0"><Shape><Polygon POINTS="1663 1041 1657 1173 1694 1175 1700 1043"/></Shape></Glyph><Glyph ID="char_7" CONTENT="ר" GC="1.0"><Shape><Polygon POINTS="1654 1041 1648 1173 1657 1173 1663 1041"/></Shape></Glyph><Glyph ID="char_8" CONTENT=" " GC="1.0"><Shape><Polygon POINTS="1602 1044 1623 1177 1648 1173 1654 1041"/></Shape></Glyph></String>
          </TextLine>

          
          
          <TextLine ID="eSc_line_1787240" BASELINE="1576 1260 1722 1274 1880 1274 2015 1280 2043 1285 2236 1298 2358 1289" HPOS="1570.0" VPOS="1179.0" WIDTH="791.0" HEIGHT="172.0">
            <Shape><Polygon POINTS="1583 1179 1729 1193 1880 1193 2018 1199 2057 1205 2241 1217 2352 1208 2361 1342 2232 1351 2033 1338 2012 1333 1880 1328 1716 1327 1570 1313"/></Shape>
	    <String CONTENT=" חלתו ואחר תשלח " HPOS="1570.0" VPOS="1179.0" WIDTH="791.0" HEIGHT="172.0"><Glyph ID="char_9" CONTENT=" " GC="1.0"><Shape><Polygon POINTS="2288 1213 2298 1346 2343 1343 2333 1210"/></Shape></Glyph><Glyph ID="char_10" CONTENT="ח" GC="1.0"><Shape><Polygon POINTS="2252 1216 2262 1349 2298 1346 2288 1213"/></Shape></Glyph><Glyph ID="char_11" CONTENT="ל" GC="1.0"><Shape><Polygon POINTS="2219 1216 2210 1350 2262 1349 2252 1216"/></Shape></Glyph><Glyph ID="char_12" CONTENT="ת" GC="1.0"><Shape><Polygon POINTS="2165 1212 2156 1346 2210 1350 2219 1216"/></Shape></Glyph><Glyph ID="char_13" CONTENT="ו" GC="1.0"><Shape><Polygon POINTS="2138 1210 2129 1344 2156 1346 2165 1212"/></Shape></Glyph><Glyph ID="char_14" CONTENT=" " GC="1.0"><Shape><Polygon POINTS="2102 1208 2093 1342 2129 1344 2138 1210"/></Shape></Glyph><Glyph ID="char_15" CONTENT="ו" GC="1.0"><Shape><Polygon POINTS="2057 1205 2048 1339 2093 1342 2102 1208"/></Shape></Glyph><Glyph ID="char_16" CONTENT="א" GC="1.0"><Shape><Polygon POINTS="1984 1198 1978 1332 2048 1339 2057 1205"/></Shape></Glyph><Glyph ID="char_17" CONTENT="ח" GC="1.0"><Shape><Polygon POINTS="1911 1194 1905 1329 1978 1332 1984 1198"/></Shape></Glyph><Glyph ID="char_18" CONTENT="ר" GC="1.0"><Shape><Polygon POINTS="1862 1193 1862 1328 1905 1329 1911 1194"/></Shape></Glyph><Glyph ID="char_19" CONTENT=" " GC="1.0"><Shape><Polygon POINTS="1826 1193 1826 1328 1862 1328 1862 1193"/></Shape></Glyph><Glyph ID="char_20" CONTENT="ת" GC="1.0"><Shape><Polygon POINTS="1781 1193 1781 1327 1826 1328 1826 1193"/></Shape></Glyph><Glyph ID="char_21" CONTENT="ש" GC="1.0"><Shape><Polygon POINTS="1727 1193 1713 1327 1781 1327 1781 1193"/></Shape></Glyph><Glyph ID="char_22" CONTENT="ל" GC="1.0"><Shape><Polygon POINTS="1655 1186 1641 1320 1713 1327 1727 1193"/></Shape></Glyph><Glyph ID="char_23" CONTENT="ח" GC="1.0"><Shape><Polygon POINTS="1610 1182 1596 1316 1641 1320 1655 1186"/></Shape></Glyph><Glyph ID="char_24" CONTENT=" " GC="1.0"><Shape><Polygon POINTS="1575 1259 1601 1261"/></Shape></Glyph></String>
          </TextLine>

          
          
          <TextLine ID="eSc_line_1787241" BASELINE="1517 1409 1569 1425 1625 1431 1747 1427 1817 1418 2015 1452 2331 1465" HPOS="1501.0" VPOS="1331.0" WIDTH="833.0" HEIGHT="187.0">
            <Shape><Polygon POINTS="1540 1331 1592 1347 1633 1350 1744 1346 1806 1337 2028 1372 2334 1384 2328 1518 2005 1505 1823 1471 1748 1480 1619 1484 1553 1476 1501 1460"/></Shape>
	    <String CONTENT=" בימ ה ה " HPOS="1501.0" VPOS="1331.0" WIDTH="833.0" HEIGHT="187.0"><Glyph ID="char_25" CONTENT=" " GC="1.0"><Shape><Polygon POINTS="2289 1382 2283 1516 2319 1518 2325 1384"/></Shape></Glyph><Glyph ID="char_26" CONTENT="ב" GC="1.0"><Shape><Polygon POINTS="2244 1380 2238 1514 2283 1516 2289 1382"/></Shape></Glyph><Glyph ID="char_27" CONTENT="י" GC="1.0"><Shape><Polygon POINTS="2199 1379 2193 1513 2238 1514 2244 1380"/></Shape></Glyph><Glyph ID="char_28" CONTENT="מ" GC="1.0"><Shape><Polygon POINTS="2145 1377 2139 1510 2193 1513 2199 1379"/></Shape></Glyph><Glyph ID="char_29" CONTENT=" " GC="1.0"><Shape><Polygon POINTS="2090 1374 2084 1508 2139 1510 2145 1377"/></Shape></Glyph><Glyph ID="char_30" CONTENT="ה" GC="1.0"><Shape><Polygon POINTS="1948 1359 1926 1490 2084 1508 2090 1374"/></Shape></Glyph><Glyph ID="char_31" CONTENT=" " GC="1.0"><Shape><Polygon POINTS="1718 1347 1723 1481 1926 1490 1948 1359"/></Shape></Glyph><Glyph ID="char_32" CONTENT="ה" GC="1.0"><Shape><Polygon POINTS="1621 1349 1606 1482 1723 1481 1718 1347"/></Shape></Glyph><Glyph ID="char_33" CONTENT=" " GC="1.0"><Shape><Polygon POINTS="1566 1339 1525 1467 1606 1482 1621 1349"/></Shape></Glyph></String>
          </TextLine>

          
          
          <TextLine ID="eSc_line_1787243" BASELINE="2164 1587 2236 1603 2311 1598" HPOS="2152.0" VPOS="1507.0" WIDTH="162.0" HEIGHT="148.0">
            <Shape><Polygon POINTS="2181 1507 2253 1523 2305 1517 2314 1651 2224 1655 2152 1639"/></Shape>
	    <String CONTENT=" ית " HPOS="2152.0" VPOS="1507.0" WIDTH="162.0" HEIGHT="148.0"><Glyph ID="char_34" CONTENT=" " GC="1.0"><Shape><Polygon POINTS="2249 1522 2257 1654 2294 1652 2286 1519"/></Shape></Glyph><Glyph ID="char_35" CONTENT="י" GC="1.0"><Shape><Polygon POINTS="2227 1517 2197 1649 2257 1654 2249 1522"/></Shape></Glyph><Glyph ID="char_36" CONTENT="ת" GC="1.0"><Shape><Polygon POINTS="2182 1507 2157 1615 2197 1649 2227 1517"/></Shape></Glyph><Glyph ID="char_37" CONTENT=" " GC="1.0"><Shape><Polygon POINTS="2163 1586 2163 1586"/></Shape></Glyph></String>
          </TextLine>

          
        </TextBlock>
        

        
      </PrintSpace>
    </Page>
  </Layout>
</alto>