<?xml version='1.0' encoding='UTF-8'?>
<alto xmlns:xsi="http://www.w3.org/2001/XMLSchema-instance" xmlns="http://www.loc.gov/standards/alto/ns-v4#" xsi:schemaLocation="http://www.loc.gov/standards/alto/ns-v4# http://www.loc.gov/standards/alto/v4/alto-4-2.xsd">
  <Description>
    <MeasurementUnit>pixel</MeasurementUnit>
    <sourceImageInformation>
      <fileName>P185-Fg008-R-C01-R01-D13062012-T124922-LR924_012_F.jpg</fileName>
      
    </sourceImageInformation>
  </Description>
  
  <Tags>
    <OtherTag ID="BT1443" LABEL="Parchment_or_papyrus" DESCRIPTION="block type Parchment_or_papyrus"/><OtherTag ID="BT2" LABEL="Main" DESCRIPTION="block type Main"/>
    
  </Tags>
  
  <Layout>
    <Page WIDTH="3608" HEIGHT="2706" PHYSICAL_IMG_NR="67" ID="eSc_dummypage_">
      <PrintSpace HPOS="0" VPOS="0" WIDTH="3608" HEIGHT="2706">
        
        <TextBlock HPOS="1552.0" VPOS="1025.0" WIDTH="752.0" HEIGHT="565.0" ID="eSc_textblock_cb3ece45" TAGREFS="BT2">
          <Shape><Polygon POINTS="1552 1025 1552 1590 2304 1590 2304 1025"/></Shape>
          
          
          <TextLine ID="eSc_line_1787231" BASELINE="1650 1120 1707 1118 1930 1129 2108 1134 2209 1143" HPOS="1647.0" VPOS="1045.0" WIDTH="568.0" HEIGHT="146.0">
            <Shape><Polygon POINTS="1647 1047 1704 1045 1933 1056 2110 1061 2215 1070 2204 1191 2106 1182 1927 1177 1708 1166 1651 1168"/></Shape>
	    <String CONTENT=" ת כי נחמד הוא" HPOS="1647.0" VPOS="1045.0" WIDTH="568.0" HEIGHT="146.0"><Glyph ID="char_0" CONTENT=" " GC="1.0"><Shape><Polygon POINTS="2214 1070 2203 1191 2203 1191 2214 1070"/></Shape></Glyph><Glyph ID="char_1" CONTENT="ת" GC="1.0"><Shape><Polygon POINTS="2207 1069 2196 1190 2203 1191 2214 1070"/></Shape></Glyph><Glyph ID="char_2" CONTENT=" " GC="1.0"><Shape><Polygon POINTS="2190 1068 2179 1189 2196 1190 2207 1069"/></Shape></Glyph><Glyph ID="char_3" CONTENT="כ" GC="1.0"><Shape><Polygon POINTS="2174 1066 2163 1187 2179 1189 2190 1068"/></Shape></Glyph><Glyph ID="char_4" CONTENT="י" GC="1.0"><Shape><Polygon POINTS="2149 1064 2138 1185 2163 1187 2174 1066"/></Shape></Glyph><Glyph ID="char_5" CONTENT=" " GC="1.0"><Shape><Polygon POINTS="2124 1062 2113 1183 2138 1185 2149 1064"/></Shape></Glyph><Glyph ID="char_6" CONTENT="נ" GC="1.0"><Shape><Polygon POINTS="2071 1060 2067 1181 2113 1183 2124 1062"/></Shape></Glyph><Glyph ID="char_7" CONTENT="ח" GC="1.0"><Shape><Polygon POINTS="2013 1058 2009 1179 2067 1181 2071 1060"/></Shape></Glyph><Glyph ID="char_8" CONTENT="מ" GC="1.0"><Shape><Polygon POINTS="1956 1057 1952 1178 2009 1179 2013 1058"/></Shape></Glyph><Glyph ID="char_9" CONTENT="ד" GC="1.0"><Shape><Polygon POINTS="1899 1054 1893 1175 1952 1178 1956 1057"/></Shape></Glyph><Glyph ID="char_10" CONTENT=" " GC="1.0"><Shape><Polygon POINTS="1841 1052 1835 1172 1893 1175 1899 1054"/></Shape></Glyph><Glyph ID="char_11" CONTENT="ה" GC="1.0"><Shape><Polygon POINTS="1792 1049 1787 1170 1835 1172 1841 1052"/></Shape></Glyph><Glyph ID="char_12" CONTENT="ו" GC="1.0"><Shape><Polygon POINTS="1752 1047 1746 1168 1787 1170 1792 1049"/></Shape></Glyph><Glyph ID="char_13" CONTENT="א" GC="1.0"><Shape><Polygon POINTS="1671 1046 1676 1167 1746 1168 1752 1047"/></Shape></Glyph></String>
          </TextLine>

          
          
          <TextLine ID="eSc_line_1787233" BASELINE="1632 1242 1756 1242 2052 1258 2135 1258 2200 1251" HPOS="1632.0" VPOS="1169.0" WIDTH="573.0" HEIGHT="137.0">
            <Shape><Polygon POINTS="1632 1169 1756 1169 2055 1185 2135 1185 2192 1178 2205 1299 2135 1306 2049 1306 1756 1290 1632 1290"/></Shape>
	    <String CONTENT=" ולא ידורשוהו" HPOS="1632.0" VPOS="1169.0" WIDTH="573.0" HEIGHT="137.0"><Glyph ID="char_14" CONTENT=" " GC="1.0"><Shape><Polygon POINTS="2168 1181 2180 1301 2197 1300 2184 1179"/></Shape></Glyph><Glyph ID="char_15" CONTENT="ו" GC="1.0"><Shape><Polygon POINTS="2160 1182 2173 1302 2180 1301 2168 1181"/></Shape></Glyph><Glyph ID="char_16" CONTENT="ל" GC="1.0"><Shape><Polygon POINTS="2127 1185 2127 1306 2173 1302 2160 1182"/></Shape></Glyph><Glyph ID="char_17" CONTENT="א" GC="1.0"><Shape><Polygon POINTS="2085 1185 2085 1306 2127 1306 2127 1185"/></Shape></Glyph><Glyph ID="char_18" CONTENT=" " GC="1.0"><Shape><Polygon POINTS="2056 1185 2049 1306 2085 1306 2085 1185"/></Shape></Glyph><Glyph ID="char_19" CONTENT="י" GC="1.0"><Shape><Polygon POINTS="2015 1183 2008 1304 2049 1306 2056 1185"/></Shape></Glyph><Glyph ID="char_20" CONTENT="ד" GC="1.0"><Shape><Polygon POINTS="1982 1181 1975 1302 2008 1304 2015 1183"/></Shape></Glyph><Glyph ID="char_21" CONTENT="ו" GC="1.0"><Shape><Polygon POINTS="1941 1179 1934 1300 1975 1302 1982 1181"/></Shape></Glyph><Glyph ID="char_22" CONTENT="ר" GC="1.0"><Shape><Polygon POINTS="1900 1177 1893 1297 1934 1300 1941 1179"/></Shape></Glyph><Glyph ID="char_23" CONTENT="ש" GC="1.0"><Shape><Polygon POINTS="1850 1174 1843 1295 1893 1297 1900 1177"/></Shape></Glyph><Glyph ID="char_24" CONTENT="ו" GC="1.0"><Shape><Polygon POINTS="1785 1171 1778 1291 1843 1295 1850 1174"/></Shape></Glyph><Glyph ID="char_25" CONTENT="ה" GC="1.0"><Shape><Polygon POINTS="1731 1169 1731 1290 1778 1291 1785 1171"/></Shape></Glyph><Glyph ID="char_26" CONTENT="ו" GC="1.0"><Shape><Polygon POINTS="1665 1169 1665 1290 1731 1290 1731 1169"/></Shape></Glyph></String>
          </TextLine>

          
          
          <TextLine ID="eSc_line_1787234" BASELINE="1616 1364 1686 1364 2006 1384 2160 1380" HPOS="1616.0" VPOS="1291.0" WIDTH="545.0" HEIGHT="141.0">
            <Shape><Polygon POINTS="1616 1291 1686 1291 2010 1311 2158 1307 2161 1428 2002 1432 1686 1412 1616 1412"/></Shape>
	    <String CONTENT=" רכי קודש" HPOS="1616.0" VPOS="1291.0" WIDTH="545.0" HEIGHT="141.0"><Glyph ID="char_27" CONTENT=" " GC="1.0"><Shape><Polygon POINTS="2101 1309 2105 1429 2146 1428 2142 1307"/></Shape></Glyph><Glyph ID="char_28" CONTENT="ר" GC="1.0"><Shape><Polygon POINTS="2060 1310 2064 1430 2105 1429 2101 1309"/></Shape></Glyph><Glyph ID="char_29" CONTENT="כ" GC="1.0"><Shape><Polygon POINTS="2012 1311 2016 1432 2064 1430 2060 1310"/></Shape></Glyph><Glyph ID="char_30" CONTENT="י" GC="1.0"><Shape><Polygon POINTS="1970 1309 1962 1429 2016 1432 2012 1311"/></Shape></Glyph><Glyph ID="char_31" CONTENT=" " GC="1.0"><Shape><Polygon POINTS="1921 1306 1914 1426 1962 1429 1970 1309"/></Shape></Glyph><Glyph ID="char_32" CONTENT="ק" GC="1.0"><Shape><Polygon POINTS="1872 1302 1865 1423 1914 1426 1921 1306"/></Shape></Glyph><Glyph ID="char_33" CONTENT="ו" GC="1.0"><Shape><Polygon POINTS="1831 1300 1824 1421 1865 1423 1872 1302"/></Shape></Glyph><Glyph ID="char_34" CONTENT="ד" GC="1.0"><Shape><Polygon POINTS="1758 1295 1751 1416 1824 1421 1831 1300"/></Shape></Glyph><Glyph ID="char_35" CONTENT="ש" GC="1.0"><Shape><Polygon POINTS="1649 1291 1649 1412 1751 1416 1758 1295"/></Shape></Glyph></String>
          </TextLine>

          
          
          <TextLine ID="eSc_line_1787235" BASELINE="1569 1501 1993 1506 2121 1497" HPOS="1568.0" VPOS="1424.0" WIDTH="556.0" HEIGHT="130.0">
            <Shape><Polygon POINTS="1569 1428 1993 1433 2115 1424 2124 1545 1992 1554 1568 1549"/></Shape>
	    <String CONTENT=" ני ה" HPOS="1568.0" VPOS="1424.0" WIDTH="556.0" HEIGHT="130.0"><Glyph ID="char_36" CONTENT=" " GC="1.0"><Shape><Polygon POINTS="1833 1431 1831 1552 2024 1552 2016 1431"/></Shape></Glyph><Glyph ID="char_37" CONTENT="נ" GC="1.0"><Shape><Polygon POINTS="1717 1430 1715 1551 1831 1552 1833 1431"/></Shape></Glyph><Glyph ID="char_38" CONTENT="י" GC="1.0"><Shape><Polygon POINTS="1676 1429 1674 1550 1715 1551 1717 1430"/></Shape></Glyph><Glyph ID="char_39" CONTENT=" " GC="1.0"><Shape><Polygon POINTS="1635 1429 1633 1550 1674 1550 1676 1429"/></Shape></Glyph><Glyph ID="char_40" CONTENT="ה" GC="1.0"><Shape><Polygon POINTS="1577 1428 1575 1549 1633 1550 1635 1429"/></Shape></Glyph></String>
          </TextLine>

          
        </TextBlock>
        

        
      </PrintSpace>
    </Page>
  </Layout>
</alto>