<?xml version='1.0' encoding='UTF-8'?>
<alto xmlns:xsi="http://www.w3.org/2001/XMLSchema-instance" xmlns="http://www.loc.gov/standards/alto/ns-v4#" xsi:schemaLocation="http://www.loc.gov/standards/alto/ns-v4# http://www.loc.gov/standards/alto/v4/alto-4-2.xsd">
  <Description>
    <MeasurementUnit>pixel</MeasurementUnit>
    <sourceImageInformation>
      <fileName>P186-Fg004-R-C01-R01-D12062012-T151956-LR924_012_F.jpg</fileName>
      
    </sourceImageInformation>
  </Description>
  
  <Tags>
    <OtherTag ID="BT1443" LABEL="Parchment_or_papyrus" DESCRIPTION="block type Parchment_or_papyrus"/><OtherTag ID="BT2" LABEL="Main" DESCRIPTION="block type Main"/>
    
  </Tags>
  
  <Layout>
    <Page WIDTH="3608" HEIGHT="2706" PHYSICAL_IMG_NR="372" ID="eSc_dummypage_">
      <PrintSpace HPOS="0" VPOS="0" WIDTH="3608" HEIGHT="2706">
        
        <TextBlock HPOS="1216.0" VPOS="1047.0" WIDTH="1241.0" HEIGHT="768.0" ID="eSc_textblock_c3fb50c8" TAGREFS="BT2">
          <Shape><Polygon POINTS="1216 1047 1216 1815 2457 1815 2457 1047"/></Shape>
          
          
          <TextLine ID="eSc_line_1787251" BASELINE="1314 1165 1533 1150 1711 1145 1799 1138 1860 1150 2038 1145" HPOS="1309.0" VPOS="1074.0" WIDTH="730.0" HEIGHT="133.0">
            <Shape><Polygon POINTS="1309 1100 1528 1085 1709 1080 1793 1074 1872 1087 2036 1080 2039 1187 1851 1191 1802 1180 1712 1187 1535 1192 1316 1207"/></Shape>
	    <String CONTENT=" מל ט ובבכ " HPOS="1309.0" VPOS="1074.0" WIDTH="730.0" HEIGHT="133.0"><Glyph ID="char_0" CONTENT=" " GC="1.0"><Shape><Polygon POINTS="1867 1086 1870 1191 1964 1189 1961 1083"/></Shape></Glyph><Glyph ID="char_1" CONTENT="מ" GC="1.0"><Shape><Polygon POINTS="1838 1081 1818 1184 1870 1191 1867 1086"/></Shape></Glyph><Glyph ID="char_2" CONTENT="ל" GC="1.0"><Shape><Polygon POINTS="1763 1076 1772 1182 1818 1184 1838 1081"/></Shape></Glyph><Glyph ID="char_3" CONTENT=" " GC="1.0"><Shape><Polygon POINTS="1666 1081 1669 1188 1772 1182 1763 1076"/></Shape></Glyph><Glyph ID="char_4" CONTENT="ט" GC="1.0"><Shape><Polygon POINTS="1601 1083 1604 1190 1669 1188 1666 1081"/></Shape></Glyph><Glyph ID="char_5" CONTENT=" " GC="1.0"><Shape><Polygon POINTS="1550 1084 1553 1192 1604 1190 1601 1083"/></Shape></Glyph><Glyph ID="char_6" CONTENT="ו" GC="1.0"><Shape><Polygon POINTS="1467 1089 1474 1196 1553 1192 1550 1084"/></Shape></Glyph><Glyph ID="char_7" CONTENT="ב" GC="1.0"><Shape><Polygon POINTS="1417 1093 1425 1200 1474 1196 1467 1089"/></Shape></Glyph><Glyph ID="char_8" CONTENT="ב" GC="1.0"><Shape><Polygon POINTS="1395 1094 1403 1201 1425 1200 1417 1093"/></Shape></Glyph><Glyph ID="char_9" CONTENT="כ" GC="1.0"><Shape><Polygon POINTS="1366 1096 1374 1203 1403 1201 1395 1094"/></Shape></Glyph><Glyph ID="char_10" CONTENT=" " GC="1.0"><Shape><Polygon POINTS="1324 1099 1331 1206 1374 1203 1366 1096"/></Shape></Glyph></String>
          </TextLine>

          
          
          <TextLine ID="eSc_line_1787252" BASELINE="1353 1274 1443 1289 1555 1289 1743 1278 1928 1253 2031 1226 2128 1206" HPOS="1345.0" VPOS="1143.0" WIDTH="791.0" HEIGHT="188.0">
            <Shape><Polygon POINTS="1363 1210 1453 1225 1555 1224 1739 1213 1919 1189 2014 1163 2115 1143 2136 1247 2041 1267 1933 1295 1745 1320 1555 1331 1435 1331 1345 1316"/></Shape>
	    <String CONTENT=" נו ועד היום הזה " HPOS="1345.0" VPOS="1143.0" WIDTH="791.0" HEIGHT="188.0"><Glyph ID="char_11" CONTENT=" " GC="1.0"><Shape><Polygon POINTS="2024 1161 2046 1266 2094 1256 2073 1151"/></Shape></Glyph><Glyph ID="char_12" CONTENT="נ" GC="1.0"><Shape><Polygon POINTS="1992 1169 2020 1273 2046 1266 2024 1161"/></Shape></Glyph><Glyph ID="char_13" CONTENT="ו" GC="1.0"><Shape><Polygon POINTS="1958 1178 1985 1282 2020 1273 1992 1169"/></Shape></Glyph><Glyph ID="char_14" CONTENT=" " GC="1.0"><Shape><Polygon POINTS="1936 1184 1963 1287 1985 1282 1958 1178"/></Shape></Glyph><Glyph ID="char_15" CONTENT="ו" GC="1.0"><Shape><Polygon POINTS="1916 1189 1930 1295 1963 1287 1936 1184"/></Shape></Glyph><Glyph ID="char_16" CONTENT="ע" GC="1.0"><Shape><Polygon POINTS="1873 1195 1888 1301 1930 1295 1916 1189"/></Shape></Glyph><Glyph ID="char_17" CONTENT="ד" GC="1.0"><Shape><Polygon POINTS="1831 1201 1845 1307 1888 1301 1873 1195"/></Shape></Glyph><Glyph ID="char_18" CONTENT=" " GC="1.0"><Shape><Polygon POINTS="1795 1206 1809 1311 1845 1307 1831 1201"/></Shape></Glyph><Glyph ID="char_19" CONTENT="ה" GC="1.0"><Shape><Polygon POINTS="1759 1210 1774 1316 1809 1311 1795 1206"/></Shape></Glyph><Glyph ID="char_20" CONTENT="י" GC="1.0"><Shape><Polygon POINTS="1714 1215 1720 1321 1774 1316 1759 1210"/></Shape></Glyph><Glyph ID="char_21" CONTENT="ו" GC="1.0"><Shape><Polygon POINTS="1657 1218 1663 1325 1720 1321 1714 1215"/></Shape></Glyph><Glyph ID="char_22" CONTENT="ם" GC="1.0"><Shape><Polygon POINTS="1606 1221 1612 1328 1663 1325 1657 1218"/></Shape></Glyph><Glyph ID="char_23" CONTENT=" " GC="1.0"><Shape><Polygon POINTS="1563 1224 1569 1330 1612 1328 1606 1221"/></Shape></Glyph><Glyph ID="char_24" CONTENT="ה" GC="1.0"><Shape><Polygon POINTS="1509 1224 1509 1331 1569 1330 1563 1224"/></Shape></Glyph><Glyph ID="char_25" CONTENT="ז" GC="1.0"><Shape><Polygon POINTS="1459 1225 1459 1331 1509 1331 1509 1224"/></Shape></Glyph><Glyph ID="char_26" CONTENT="ה" GC="1.0"><Shape><Polygon POINTS="1427 1221 1409 1327 1459 1331 1459 1225"/></Shape></Glyph><Glyph ID="char_27" CONTENT=" " GC="1.0"><Shape><Polygon POINTS="1377 1212 1358 1318 1409 1327 1427 1221"/></Shape></Glyph></String>
          </TextLine>

          
          
          <TextLine ID="eSc_line_1787253" BASELINE="1332 1416 1625 1420 1709 1418 1785 1411 1894 1391 2112 1323 2245 1305 2320 1289" HPOS="1331.0" VPOS="1226.0" WIDTH="997.0" HEIGHT="236.0">
            <Shape><Polygon POINTS="1332 1351 1625 1355 1707 1353 1779 1347 1882 1327 2092 1261 2236 1241 2306 1226 2328 1330 2250 1347 2124 1363 1901 1433 1788 1453 1710 1460 1624 1462 1331 1458"/></Shape>
	    <String CONTENT=" ממשלת רוחי גורלו במש " HPOS="1331.0" VPOS="1226.0" WIDTH="997.0" HEIGHT="236.0"><Glyph ID="char_28" CONTENT=" " GC="1.0"><Shape><Polygon POINTS="2270 1234 2292 1338 2314 1333 2291 1229"/></Shape></Glyph><Glyph ID="char_29" CONTENT="מ" GC="1.0"><Shape><Polygon POINTS="2242 1240 2264 1344 2292 1338 2270 1234"/></Shape></Glyph><Glyph ID="char_30" CONTENT="מ" GC="1.0"><Shape><Polygon POINTS="2211 1245 2225 1350 2264 1344 2242 1240"/></Shape></Glyph><Glyph ID="char_31" CONTENT="ש" GC="1.0"><Shape><Polygon POINTS="2146 1253 2161 1358 2225 1350 2211 1245"/></Shape></Glyph><Glyph ID="char_32" CONTENT="ל" GC="1.0"><Shape><Polygon POINTS="2059 1271 2090 1374 2161 1358 2146 1253"/></Shape></Glyph><Glyph ID="char_33" CONTENT="ת" GC="1.0"><Shape><Polygon POINTS="2010 1287 2042 1389 2090 1374 2059 1271"/></Shape></Glyph><Glyph ID="char_34" CONTENT=" " GC="1.0"><Shape><Polygon POINTS="1976 1298 2007 1400 2042 1389 2010 1287"/></Shape></Glyph><Glyph ID="char_35" CONTENT="ר" GC="1.0"><Shape><Polygon POINTS="1935 1310 1966 1412 2007 1400 1976 1298"/></Shape></Glyph><Glyph ID="char_36" CONTENT="ו" GC="1.0"><Shape><Polygon POINTS="1894 1323 1925 1425 1966 1412 1935 1310"/></Shape></Glyph><Glyph ID="char_37" CONTENT="ח" GC="1.0"><Shape><Polygon POINTS="1858 1332 1878 1437 1925 1425 1894 1323"/></Shape></Glyph><Glyph ID="char_38" CONTENT="י" GC="1.0"><Shape><Polygon POINTS="1823 1338 1842 1443 1878 1437 1858 1332"/></Shape></Glyph><Glyph ID="char_39" CONTENT=" " GC="1.0"><Shape><Polygon POINTS="1795 1344 1814 1448 1842 1443 1823 1338"/></Shape></Glyph><Glyph ID="char_40" CONTENT="ג" GC="1.0"><Shape><Polygon POINTS="1758 1349 1768 1455 1814 1448 1795 1344"/></Shape></Glyph><Glyph ID="char_41" CONTENT="ו" GC="1.0"><Shape><Polygon POINTS="1715 1352 1725 1459 1768 1455 1758 1349"/></Shape></Glyph><Glyph ID="char_42" CONTENT="ר" GC="1.0"><Shape><Polygon POINTS="1668 1354 1671 1461 1725 1459 1715 1352"/></Shape></Glyph><Glyph ID="char_43" CONTENT="ל" GC="1.0"><Shape><Polygon POINTS="1625 1355 1628 1462 1671 1461 1668 1354"/></Shape></Glyph><Glyph ID="char_44" CONTENT="ו" GC="1.0"><Shape><Polygon POINTS="1592 1355 1590 1462 1628 1462 1625 1355"/></Shape></Glyph><Glyph ID="char_45" CONTENT=" " GC="1.0"><Shape><Polygon POINTS="1556 1354 1554 1461 1590 1462 1592 1355"/></Shape></Glyph><Glyph ID="char_46" CONTENT="ב" GC="1.0"><Shape><Polygon POINTS="1498 1353 1496 1460 1554 1461 1556 1354"/></Shape></Glyph><Glyph ID="char_47" CONTENT="מ" GC="1.0"><Shape><Polygon POINTS="1433 1352 1431 1459 1496 1460 1498 1353"/></Shape></Glyph><Glyph ID="char_48" CONTENT="ש" GC="1.0"><Shape><Polygon POINTS="1375 1352 1373 1459 1431 1459 1433 1352"/></Shape></Glyph><Glyph ID="char_49" CONTENT=" " GC="1.0"><Shape><Polygon POINTS="1331 1415 1373 1415"/></Shape></Glyph></String>
          </TextLine>

          
          
          <TextLine ID="eSc_line_1787255" BASELINE="1274 1569 1359 1553 1477 1542 1632 1535 1797 1537 1855 1528 2110 1458 2342 1364" HPOS="1262.0" VPOS="1304.0" WIDTH="1096.0" HEIGHT="307.0">
            <Shape><Polygon POINTS="1262 1505 1347 1489 1471 1478 1629 1470 1797 1472 1845 1464 2093 1396 2317 1304 2358 1403 2121 1499 1861 1570 1796 1579 1633 1577 1480 1584 1366 1595 1281 1611"/></Shape>
	    <String CONTENT=" קנאת משפטי אמתכה ונקמת " HPOS="1262.0" VPOS="1304.0" WIDTH="1096.0" HEIGHT="307.0"><Glyph ID="char_50" CONTENT=" " GC="1.0"><Shape><Polygon POINTS="2268 1324 2308 1423 2335 1412 2295 1313"/></Shape></Glyph><Glyph ID="char_51" CONTENT="ק" GC="1.0"><Shape><Polygon POINTS="2241 1335 2281 1434 2308 1423 2268 1324"/></Shape></Glyph><Glyph ID="char_52" CONTENT="נ" GC="1.0"><Shape><Polygon POINTS="2208 1349 2248 1448 2281 1434 2241 1335"/></Shape></Glyph><Glyph ID="char_53" CONTENT="א" GC="1.0"><Shape><Polygon POINTS="2154 1371 2194 1469 2248 1448 2208 1349"/></Shape></Glyph><Glyph ID="char_54" CONTENT="ת" GC="1.0"><Shape><Polygon POINTS="2108 1390 2148 1488 2194 1469 2154 1371"/></Shape></Glyph><Glyph ID="char_55" CONTENT=" " GC="1.0"><Shape><Polygon POINTS="2081 1399 2109 1502 2148 1488 2108 1390"/></Shape></Glyph><Glyph ID="char_56" CONTENT="מ" GC="1.0"><Shape><Polygon POINTS="2039 1411 2067 1514 2109 1502 2081 1399"/></Shape></Glyph><Glyph ID="char_57" CONTENT="ש" GC="1.0"><Shape><Polygon POINTS="1949 1435 1977 1538 2067 1514 2039 1411"/></Shape></Glyph><Glyph ID="char_58" CONTENT="פ" GC="1.0"><Shape><Polygon POINTS="1858 1460 1887 1563 1977 1538 1949 1435"/></Shape></Glyph><Glyph ID="char_59" CONTENT="ט" GC="1.0"><Shape><Polygon POINTS="1830 1466 1847 1572 1887 1563 1858 1460"/></Shape></Glyph><Glyph ID="char_60" CONTENT="י" GC="1.0"><Shape><Polygon POINTS="1809 1470 1825 1575 1847 1572 1830 1466"/></Shape></Glyph><Glyph ID="char_61" CONTENT=" " GC="1.0"><Shape><Polygon POINTS="1791 1472 1789 1579 1825 1575 1809 1470"/></Shape></Glyph><Glyph ID="char_62" CONTENT="א" GC="1.0"><Shape><Polygon POINTS="1741 1471 1739 1578 1789 1579 1791 1472"/></Shape></Glyph><Glyph ID="char_63" CONTENT="מ" GC="1.0"><Shape><Polygon POINTS="1676 1471 1674 1578 1739 1578 1741 1471"/></Shape></Glyph><Glyph ID="char_64" CONTENT="ת" GC="1.0"><Shape><Polygon POINTS="1614 1471 1619 1578 1674 1578 1676 1471"/></Shape></Glyph><Glyph ID="char_65" CONTENT="כ" GC="1.0"><Shape><Polygon POINTS="1556 1474 1561 1580 1619 1578 1614 1471"/></Shape></Glyph><Glyph ID="char_66" CONTENT="ה" GC="1.0"><Shape><Polygon POINTS="1513 1476 1518 1582 1561 1580 1556 1474"/></Shape></Glyph><Glyph ID="char_67" CONTENT=" " GC="1.0"><Shape><Polygon POINTS="1460 1479 1470 1585 1518 1582 1513 1476"/></Shape></Glyph><Glyph ID="char_68" CONTENT="ו" GC="1.0"><Shape><Polygon POINTS="1416 1483 1426 1589 1470 1585 1460 1479"/></Shape></Glyph><Glyph ID="char_69" CONTENT="נ" GC="1.0"><Shape><Polygon POINTS="1380 1486 1390 1593 1426 1589 1416 1483"/></Shape></Glyph><Glyph ID="char_70" CONTENT="ק" GC="1.0"><Shape><Polygon POINTS="1332 1492 1352 1598 1390 1593 1380 1486"/></Shape></Glyph><Glyph ID="char_71" CONTENT="מ" GC="1.0"><Shape><Polygon POINTS="1297 1499 1316 1604 1352 1598 1332 1492"/></Shape></Glyph><Glyph ID="char_72" CONTENT="ת" GC="1.0"><Shape><Polygon POINTS="1268 1504 1288 1610 1316 1604 1297 1499"/></Shape></Glyph><Glyph ID="char_73" CONTENT=" " GC="1.0"><Shape><Polygon POINTS="1273 1569 1279 1567"/></Shape></Glyph></String>
          </TextLine>

          
          
          <TextLine ID="eSc_line_1787258" BASELINE="1260 1664 1407 1652 1542 1655 1765 1646 1966 1587 2063 1571 2160 1544 2432 1471" HPOS="1254.0" VPOS="1408.0" WIDTH="1189.0" HEIGHT="298.0">
            <Shape><Polygon POINTS="1254 1600 1401 1588 1543 1590 1762 1581 1947 1525 2052 1507 2142 1482 2415 1408 2443 1512 2171 1585 2069 1613 1978 1628 1766 1688 1541 1697 1410 1694 1263 1706"/></Shape>
	    <String CONTENT=" ול אויבינו יך כול " HPOS="1254.0" VPOS="1408.0" WIDTH="1189.0" HEIGHT="298.0"><Glyph ID="char_74" CONTENT=" " GC="1.0"><Shape><Polygon POINTS="2369 1420 2397 1524 2432 1515 2404 1411"/></Shape></Glyph><Glyph ID="char_75" CONTENT="ו" GC="1.0"><Shape><Polygon POINTS="2326 1432 2354 1536 2397 1524 2369 1420"/></Shape></Glyph><Glyph ID="char_76" CONTENT="ל" GC="1.0"><Shape><Polygon POINTS="2292 1441 2320 1545 2354 1536 2326 1432"/></Shape></Glyph><Glyph ID="char_77" CONTENT=" " GC="1.0"><Shape><Polygon POINTS="2257 1451 2285 1554 2320 1545 2292 1441"/></Shape></Glyph><Glyph ID="char_78" CONTENT="א" GC="1.0"><Shape><Polygon POINTS="2208 1464 2236 1568 2285 1554 2257 1451"/></Shape></Glyph><Glyph ID="char_79" CONTENT="ו" GC="1.0"><Shape><Polygon POINTS="2160 1477 2187 1581 2236 1568 2208 1464"/></Shape></Glyph><Glyph ID="char_80" CONTENT="י" GC="1.0"><Shape><Polygon POINTS="2117 1489 2146 1592 2187 1581 2160 1477"/></Shape></Glyph><Glyph ID="char_81" CONTENT="ב" GC="1.0"><Shape><Polygon POINTS="2068 1502 2097 1605 2146 1592 2117 1489"/></Shape></Glyph><Glyph ID="char_82" CONTENT="י" GC="1.0"><Shape><Polygon POINTS="1976 1520 1993 1625 2097 1605 2068 1502"/></Shape></Glyph><Glyph ID="char_83" CONTENT="נ" GC="1.0"><Shape><Polygon POINTS="1884 1544 1914 1646 1993 1625 1976 1520"/></Shape></Glyph><Glyph ID="char_84" CONTENT="ו" GC="1.0"><Shape><Polygon POINTS="1857 1552 1886 1654 1914 1646 1884 1544"/></Shape></Glyph><Glyph ID="char_85" CONTENT=" " GC="1.0"><Shape><Polygon POINTS="1754 1581 1758 1688 1886 1654 1857 1552"/></Shape></Glyph><Glyph ID="char_86" CONTENT="י" GC="1.0"><Shape><Polygon POINTS="1624 1587 1628 1694 1758 1688 1754 1581"/></Shape></Glyph><Glyph ID="char_87" CONTENT="ך" GC="1.0"><Shape><Polygon POINTS="1581 1588 1585 1695 1628 1694 1624 1587"/></Shape></Glyph><Glyph ID="char_88" CONTENT=" " GC="1.0"><Shape><Polygon POINTS="1506 1589 1504 1696 1585 1695 1581 1588"/></Shape></Glyph><Glyph ID="char_89" CONTENT="כ" GC="1.0"><Shape><Polygon POINTS="1419 1588 1417 1694 1504 1696 1506 1589"/></Shape></Glyph><Glyph ID="char_90" CONTENT="ו" GC="1.0"><Shape><Polygon POINTS="1390 1589 1399 1695 1417 1694 1419 1588"/></Shape></Glyph><Glyph ID="char_91" CONTENT="ל" GC="1.0"><Shape><Polygon POINTS="1341 1593 1349 1699 1399 1695 1390 1589"/></Shape></Glyph><Glyph ID="char_92" CONTENT=" " GC="1.0"><Shape><Polygon POINTS="1268 1599 1276 1705 1349 1699 1341 1593"/></Shape></Glyph></String>
          </TextLine>

          
          
          <TextLine ID="eSc_line_1787261" BASELINE="1540 1734 1749 1738 1889 1709 1984 1709 2291 1637" HPOS="1539.0" VPOS="1574.0" WIDTH="761.0" HEIGHT="206.0">
            <Shape><Polygon POINTS="1541 1669 1750 1673 1875 1646 1984 1644 2276 1574 2300 1678 1984 1751 1897 1750 1748 1780 1539 1776"/></Shape>
	    <String CONTENT=" ו נפשנ " HPOS="1539.0" VPOS="1574.0" WIDTH="761.0" HEIGHT="206.0"><Glyph ID="char_93" CONTENT=" " GC="1.0"><Shape><Polygon POINTS="2191 1594 2215 1698 2278 1683 2253 1579"/></Shape></Glyph><Glyph ID="char_94" CONTENT="ו" GC="1.0"><Shape><Polygon POINTS="2149 1604 2174 1707 2215 1698 2191 1594"/></Shape></Glyph><Glyph ID="char_95" CONTENT=" " GC="1.0"><Shape><Polygon POINTS="2128 1609 2152 1712 2174 1707 2149 1604"/></Shape></Glyph><Glyph ID="char_96" CONTENT="נ" GC="1.0"><Shape><Polygon POINTS="2093 1618 2117 1720 2152 1712 2128 1609"/></Shape></Glyph><Glyph ID="char_97" CONTENT="פ" GC="1.0"><Shape><Polygon POINTS="2038 1631 2062 1733 2117 1720 2093 1618"/></Shape></Glyph><Glyph ID="char_98" CONTENT="ש" GC="1.0"><Shape><Polygon POINTS="1988 1643 2012 1745 2062 1733 2038 1631"/></Shape></Glyph><Glyph ID="char_99" CONTENT="נ" GC="1.0"><Shape><Polygon POINTS="1953 1645 1953 1751 2012 1745 1988 1643"/></Shape></Glyph><Glyph ID="char_100" CONTENT=" " GC="1.0"><Shape><Polygon POINTS="1727 1673 1725 1780 1953 1751 1953 1645"/></Shape></Glyph></String>
          </TextLine>

          
        </TextBlock>
        

        
      </PrintSpace>
    </Page>
  </Layout>
</alto>