<?xml version='1.0' encoding='UTF-8'?>
<alto xmlns:xsi="http://www.w3.org/2001/XMLSchema-instance" xmlns="http://www.loc.gov/standards/alto/ns-v4#" xsi:schemaLocation="http://www.loc.gov/standards/alto/ns-v4# http://www.loc.gov/standards/alto/v4/alto-4-2.xsd">
  <Description>
    <MeasurementUnit>pixel</MeasurementUnit>
    <sourceImageInformation>
      <fileName>P192-Fg006-R-C01-R01-D10072012-T121126-LR924_012_F.jpg</fileName>
      
    </sourceImageInformation>
  </Description>
  
  <Tags>
    <OtherTag ID="BT1443" LABEL="Parchment_or_papyrus" DESCRIPTION="block type Parchment_or_papyrus"/><OtherTag ID="BT2" LABEL="Main" DESCRIPTION="block type Main"/>
    
  </Tags>
  
  <Layout>
    <Page WIDTH="3608" HEIGHT="2706" PHYSICAL_IMG_NR="186" ID="eSc_dummypage_">
      <PrintSpace HPOS="0" VPOS="0" WIDTH="3608" HEIGHT="2706">
        
        <TextBlock HPOS="1439.0" VPOS="1138.0" WIDTH="742.0" HEIGHT="452.0" ID="eSc_textblock_91745b5a" TAGREFS="BT2">
          <Shape><Polygon POINTS="1439 1138 1439 1590 2181 1590 2181 1138"/></Shape>
          
          
          <TextLine ID="eSc_line_1787262" BASELINE="1463 1253 1939 1244 2052 1244 2108 1249" HPOS="1461.0" VPOS="1141.0" WIDTH="656.0" HEIGHT="180.0">
            <Shape><Polygon POINTS="1461 1150 1937 1141 2052 1141 2117 1146 2101 1317 2052 1312 1940 1312 1464 1321"/></Shape>
	    <String CONTENT="ואמרת בדן אנה ר ה " HPOS="1461.0" VPOS="1141.0" WIDTH="656.0" HEIGHT="180.0"><Glyph ID="char_0" CONTENT="ו" GC="1.0"><Shape><Polygon POINTS="2038 1141 2038 1312 2078 1315 2093 1144"/></Shape></Glyph><Glyph ID="char_1" CONTENT="א" GC="1.0"><Shape><Polygon POINTS="2003 1141 2003 1312 2038 1312 2038 1141"/></Shape></Glyph><Glyph ID="char_2" CONTENT="מ" GC="1.0"><Shape><Polygon POINTS="1957 1141 1957 1312 2003 1312 2003 1141"/></Shape></Glyph><Glyph ID="char_3" CONTENT="ר" GC="1.0"><Shape><Polygon POINTS="1909 1142 1912 1313 1957 1312 1957 1141"/></Shape></Glyph><Glyph ID="char_4" CONTENT="ת" GC="1.0"><Shape><Polygon POINTS="1886 1142 1889 1313 1912 1313 1909 1142"/></Shape></Glyph><Glyph ID="char_5" CONTENT=" " GC="1.0"><Shape><Polygon POINTS="1852 1143 1855 1314 1889 1313 1886 1142"/></Shape></Glyph><Glyph ID="char_6" CONTENT="ב" GC="1.0"><Shape><Polygon POINTS="1806 1143 1809 1314 1855 1314 1852 1143"/></Shape></Glyph><Glyph ID="char_7" CONTENT="ד" GC="1.0"><Shape><Polygon POINTS="1759 1144 1762 1315 1809 1314 1806 1143"/></Shape></Glyph><Glyph ID="char_8" CONTENT="ן" GC="1.0"><Shape><Polygon POINTS="1736 1145 1739 1316 1762 1315 1759 1144"/></Shape></Glyph><Glyph ID="char_9" CONTENT=" " GC="1.0"><Shape><Polygon POINTS="1713 1145 1716 1316 1739 1316 1736 1145"/></Shape></Glyph><Glyph ID="char_10" CONTENT="א" GC="1.0"><Shape><Polygon POINTS="1667 1146 1670 1317 1716 1316 1713 1145"/></Shape></Glyph><Glyph ID="char_11" CONTENT="נ" GC="1.0"><Shape><Polygon POINTS="1633 1147 1636 1318 1670 1317 1667 1146"/></Shape></Glyph><Glyph ID="char_12" CONTENT="ה" GC="1.0"><Shape><Polygon POINTS="1598 1147 1601 1318 1636 1318 1633 1147"/></Shape></Glyph><Glyph ID="char_13" CONTENT=" " GC="1.0"><Shape><Polygon POINTS="1575 1148 1578 1319 1601 1318 1598 1147"/></Shape></Glyph><Glyph ID="char_14" CONTENT="ר" GC="1.0"><Shape><Polygon POINTS="1529 1149 1532 1320 1578 1319 1575 1148"/></Shape></Glyph><Glyph ID="char_15" CONTENT=" " GC="1.0"><Shape><Polygon POINTS="1495 1149 1498 1320 1532 1320 1529 1149"/></Shape></Glyph><Glyph ID="char_16" CONTENT="ה" GC="1.0"><Shape><Polygon POINTS="1483 1150 1486 1321 1498 1320 1495 1149"/></Shape></Glyph><Glyph ID="char_17" CONTENT=" " GC="1.0"><Shape><Polygon POINTS="1462 1253 1484 1252"/></Shape></Glyph></String>
          </TextLine>

          
          
          <TextLine ID="eSc_line_1787263" BASELINE="1456 1425 1657 1438 1729 1438 2151 1418" HPOS="1451.0" VPOS="1315.0" WIDTH="703.0" HEIGHT="191.0">
            <Shape><Polygon POINTS="1462 1322 1663 1335 1729 1335 2146 1315 2154 1486 1729 1506 1652 1506 1451 1493"/></Shape>
	    <String CONTENT="למרגז עלי ולדחלות " HPOS="1451.0" VPOS="1315.0" WIDTH="703.0" HEIGHT="191.0"><Glyph ID="char_18" CONTENT="ל" GC="1.0"><Shape><Polygon POINTS="2048 1320 2056 1491 2113 1488 2105 1317"/></Shape></Glyph><Glyph ID="char_19" CONTENT="מ" GC="1.0"><Shape><Polygon POINTS="2013 1321 2021 1492 2056 1491 2048 1320"/></Shape></Glyph><Glyph ID="char_20" CONTENT="ר" GC="1.0"><Shape><Polygon POINTS="1967 1324 1975 1494 2021 1492 2013 1321"/></Shape></Glyph><Glyph ID="char_21" CONTENT="ג" GC="1.0"><Shape><Polygon POINTS="1921 1326 1930 1497 1975 1494 1967 1324"/></Shape></Glyph><Glyph ID="char_22" CONTENT="ז" GC="1.0"><Shape><Polygon POINTS="1898 1327 1907 1498 1930 1497 1921 1326"/></Shape></Glyph><Glyph ID="char_23" CONTENT=" " GC="1.0"><Shape><Polygon POINTS="1875 1328 1884 1499 1907 1498 1898 1327"/></Shape></Glyph><Glyph ID="char_24" CONTENT="ע" GC="1.0"><Shape><Polygon POINTS="1842 1330 1850 1500 1884 1499 1875 1328"/></Shape></Glyph><Glyph ID="char_25" CONTENT="ל" GC="1.0"><Shape><Polygon POINTS="1796 1332 1804 1502 1850 1500 1842 1330"/></Shape></Glyph><Glyph ID="char_26" CONTENT="י" GC="1.0"><Shape><Polygon POINTS="1772 1333 1780 1504 1804 1502 1796 1332"/></Shape></Glyph><Glyph ID="char_27" CONTENT=" " GC="1.0"><Shape><Polygon POINTS="1738 1335 1746 1505 1780 1504 1772 1333"/></Shape></Glyph><Glyph ID="char_28" CONTENT="ו" GC="1.0"><Shape><Polygon POINTS="1708 1335 1708 1506 1746 1505 1738 1335"/></Shape></Glyph><Glyph ID="char_29" CONTENT="ל" GC="1.0"><Shape><Polygon POINTS="1674 1335 1674 1506 1708 1506 1708 1335"/></Shape></Glyph><Glyph ID="char_30" CONTENT="ד" GC="1.0"><Shape><Polygon POINTS="1635 1333 1623 1504 1674 1506 1674 1335"/></Shape></Glyph><Glyph ID="char_31" CONTENT="ח" GC="1.0"><Shape><Polygon POINTS="1589 1330 1577 1501 1623 1504 1635 1333"/></Shape></Glyph><Glyph ID="char_32" CONTENT="ל" GC="1.0"><Shape><Polygon POINTS="1543 1327 1531 1498 1577 1501 1589 1330"/></Shape></Glyph><Glyph ID="char_33" CONTENT="ו" GC="1.0"><Shape><Polygon POINTS="1520 1326 1508 1497 1531 1498 1543 1327"/></Shape></Glyph><Glyph ID="char_34" CONTENT="ת" GC="1.0"><Shape><Polygon POINTS="1497 1324 1485 1495 1508 1497 1520 1326"/></Shape></Glyph><Glyph ID="char_35" CONTENT=" " GC="1.0"><Shape><Polygon POINTS="1455 1424 1489 1426"/></Shape></Glyph></String>
          </TextLine>

          
        </TextBlock>
        

        
      </PrintSpace>
    </Page>
  </Layout>
</alto>