<?xml version='1.0' encoding='UTF-8'?>
<alto xmlns:xsi="http://www.w3.org/2001/XMLSchema-instance" xmlns="http://www.loc.gov/standards/alto/ns-v4#" xsi:schemaLocation="http://www.loc.gov/standards/alto/ns-v4# http://www.loc.gov/standards/alto/v4/alto-4-2.xsd">
  <Description>
    <MeasurementUnit>pixel</MeasurementUnit>
    <sourceImageInformation>
      <fileName>P2-Fg004-R-C01-R01-D27072014-T113139-LR924_012.jpg</fileName>
      
    </sourceImageInformation>
  </Description>
  
  <Tags>
    <OtherTag ID="BT1443" LABEL="Parchment_or_papyrus" DESCRIPTION="block type Parchment_or_papyrus"/><OtherTag ID="BT2" LABEL="Main" DESCRIPTION="block type Main"/>
    
  </Tags>
  
  <Layout>
    <Page WIDTH="3608" HEIGHT="2706" PHYSICAL_IMG_NR="174" ID="eSc_dummypage_">
      <PrintSpace HPOS="0" VPOS="0" WIDTH="3608" HEIGHT="2706">
        
        <TextBlock HPOS="1251.0" VPOS="552.0" WIDTH="871.0" HEIGHT="1548.0" ID="eSc_textblock_26f64337" TAGREFS="BT2">
          <Shape><Polygon POINTS="1251 552 1251 2100 2122 2100 2122 552"/></Shape>
          
          
          <TextLine ID="eSc_line_1786607" BASELINE="1319 658 1517 662 1860 649" HPOS="1317.0" VPOS="564.0" WIDTH="545.0" HEIGHT="154.0">
            <Shape><Polygon POINTS="1320 573 1518 577 1856 564 1862 705 1515 718 1317 714"/></Shape>
	    <String CONTENT=" דם מכיר " HPOS="1317.0" VPOS="564.0" WIDTH="545.0" HEIGHT="154.0"><Glyph ID="char_0" CONTENT=" " GC="1.0"><Shape><Polygon POINTS="1790 567 1795 708 1843 706 1837 565"/></Shape></Glyph><Glyph ID="char_1" CONTENT="ד" GC="1.0"><Shape><Polygon POINTS="1733 569 1738 710 1795 708 1790 567"/></Shape></Glyph><Glyph ID="char_2" CONTENT="ם" GC="1.0"><Shape><Polygon POINTS="1657 572 1662 712 1738 710 1733 569"/></Shape></Glyph><Glyph ID="char_3" CONTENT=" " GC="1.0"><Shape><Polygon POINTS="1581 575 1586 715 1662 712 1657 572"/></Shape></Glyph><Glyph ID="char_4" CONTENT="מ" GC="1.0"><Shape><Polygon POINTS="1515 577 1520 718 1586 715 1581 575"/></Shape></Glyph><Glyph ID="char_5" CONTENT="כ" GC="1.0"><Shape><Polygon POINTS="1453 576 1450 717 1520 718 1515 577"/></Shape></Glyph><Glyph ID="char_6" CONTENT="י" GC="1.0"><Shape><Polygon POINTS="1396 575 1393 716 1450 717 1453 576"/></Shape></Glyph><Glyph ID="char_7" CONTENT="ר" GC="1.0"><Shape><Polygon POINTS="1358 574 1355 715 1393 716 1396 575"/></Shape></Glyph><Glyph ID="char_8" CONTENT=" " GC="1.0"><Shape><Polygon POINTS="1330 573 1327 714 1355 715 1358 574"/></Shape></Glyph></String>
          </TextLine>

          
          
          <TextLine ID="eSc_line_1786608" BASELINE="1292 802 1551 807 1652 800 1822 793" HPOS="1290.0" VPOS="708.0" WIDTH="534.0" HEIGHT="155.0">
            <Shape><Polygon POINTS="1293 717 1552 722 1646 715 1818 708 1824 849 1655 856 1549 863 1290 858"/></Shape>
	    <String CONTENT=" ם חוק אל " HPOS="1290.0" VPOS="708.0" WIDTH="534.0" HEIGHT="155.0"><Glyph ID="char_9" CONTENT=" " GC="1.0"><Shape><Polygon POINTS="1771 710 1777 851 1815 849 1809 708"/></Shape></Glyph><Glyph ID="char_10" CONTENT="ם" GC="1.0"><Shape><Polygon POINTS="1723 712 1729 853 1777 851 1771 710"/></Shape></Glyph><Glyph ID="char_11" CONTENT=" " GC="1.0"><Shape><Polygon POINTS="1676 714 1682 855 1729 853 1723 712"/></Shape></Glyph><Glyph ID="char_12" CONTENT="ח" GC="1.0"><Shape><Polygon POINTS="1598 719 1608 859 1682 855 1676 714"/></Shape></Glyph><Glyph ID="char_13" CONTENT="ו" GC="1.0"><Shape><Polygon POINTS="1530 722 1527 863 1608 859 1598 719"/></Shape></Glyph><Glyph ID="char_14" CONTENT="ק" GC="1.0"><Shape><Polygon POINTS="1473 720 1470 861 1527 863 1530 722"/></Shape></Glyph><Glyph ID="char_15" CONTENT=" " GC="1.0"><Shape><Polygon POINTS="1416 719 1413 860 1470 861 1473 720"/></Shape></Glyph><Glyph ID="char_16" CONTENT="א" GC="1.0"><Shape><Polygon POINTS="1350 718 1347 859 1413 860 1416 719"/></Shape></Glyph><Glyph ID="char_17" CONTENT="ל" GC="1.0"><Shape><Polygon POINTS="1312 717 1309 858 1347 859 1350 718"/></Shape></Glyph><Glyph ID="char_18" CONTENT=" " GC="1.0"><Shape><Polygon POINTS="1291 801 1309 801"/></Shape></Glyph></String>
          </TextLine>

          
          
          <TextLine ID="eSc_line_1786609" BASELINE="1298 935 1380 935 1544 949 1684 951 1831 962" HPOS="1298.0" VPOS="850.0" WIDTH="539.0" HEIGHT="168.0">
            <Shape><Polygon POINTS="1298 850 1380 850 1551 864 1685 866 1837 877 1826 1018 1683 1007 1539 1005 1380 991 1298 991"/></Shape>
	    <String CONTENT=" ואשתו ל " HPOS="1298.0" VPOS="850.0" WIDTH="539.0" HEIGHT="168.0"><Glyph ID="char_19" CONTENT=" " GC="1.0"><Shape><Polygon POINTS="1743 870 1732 1011 1789 1015 1799 874"/></Shape></Glyph><Glyph ID="char_20" CONTENT="ו" GC="1.0"><Shape><Polygon POINTS="1724 869 1713 1009 1732 1011 1743 870"/></Shape></Glyph><Glyph ID="char_21" CONTENT="א" GC="1.0"><Shape><Polygon POINTS="1680 866 1678 1007 1713 1009 1724 869"/></Shape></Glyph><Glyph ID="char_22" CONTENT="ש" GC="1.0"><Shape><Polygon POINTS="1576 864 1574 1005 1678 1007 1680 866"/></Shape></Glyph><Glyph ID="char_23" CONTENT="ת" GC="1.0"><Shape><Polygon POINTS="1486 859 1474 999 1574 1005 1576 864"/></Shape></Glyph><Glyph ID="char_24" CONTENT="ו" GC="1.0"><Shape><Polygon POINTS="1439 855 1427 995 1474 999 1486 859"/></Shape></Glyph><Glyph ID="char_25" CONTENT=" " GC="1.0"><Shape><Polygon POINTS="1391 851 1379 991 1427 995 1439 855"/></Shape></Glyph><Glyph ID="char_26" CONTENT="ל" GC="1.0"><Shape><Polygon POINTS="1346 850 1346 991 1379 991 1391 851"/></Shape></Glyph><Glyph ID="char_27" CONTENT=" " GC="1.0"><Shape><Polygon POINTS="1308 850 1308 991 1346 991 1346 850"/></Shape></Glyph></String>
          </TextLine>

          
          
          <TextLine ID="eSc_line_1786610" BASELINE="1312 1046 1427 1062 1673 1075 1817 1091 1898 1093" HPOS="1304.0" VPOS="962.0" WIDTH="596.0" HEIGHT="187.0">
            <Shape><Polygon POINTS="1323 962 1438 978 1677 990 1826 1006 1900 1008 1896 1149 1810 1147 1670 1131 1419 1117 1304 1101"/></Shape>
	    <String CONTENT=" עשות זרע " HPOS="1304.0" VPOS="962.0" WIDTH="596.0" HEIGHT="187.0"><Glyph ID="char_28" CONTENT=" " GC="1.0"><Shape><Polygon POINTS="1812 1005 1796 1145 1858 1148 1862 1007"/></Shape></Glyph><Glyph ID="char_29" CONTENT="ע" GC="1.0"><Shape><Polygon POINTS="1774 1000 1759 1141 1796 1145 1812 1005"/></Shape></Glyph><Glyph ID="char_30" CONTENT="ש" GC="1.0"><Shape><Polygon POINTS="1699 992 1683 1133 1759 1141 1774 1000"/></Shape></Glyph><Glyph ID="char_31" CONTENT="ו" GC="1.0"><Shape><Polygon POINTS="1608 987 1601 1127 1683 1133 1699 992"/></Shape></Glyph><Glyph ID="char_32" CONTENT="ת" GC="1.0"><Shape><Polygon POINTS="1542 983 1535 1123 1601 1127 1608 987"/></Shape></Glyph><Glyph ID="char_33" CONTENT=" " GC="1.0"><Shape><Polygon POINTS="1495 981 1488 1121 1535 1123 1542 983"/></Shape></Glyph><Glyph ID="char_34" CONTENT="ז" GC="1.0"><Shape><Polygon POINTS="1438 978 1431 1118 1488 1121 1495 981"/></Shape></Glyph><Glyph ID="char_35" CONTENT="ר" GC="1.0"><Shape><Polygon POINTS="1390 971 1369 1110 1431 1118 1438 978"/></Shape></Glyph><Glyph ID="char_36" CONTENT="ע" GC="1.0"><Shape><Polygon POINTS="1352 966 1332 1105 1369 1110 1390 971"/></Shape></Glyph><Glyph ID="char_37" CONTENT=" " GC="1.0"><Shape><Polygon POINTS="1311 1045 1339 1049"/></Shape></Glyph></String>
          </TextLine>

          
          
          <TextLine ID="eSc_line_1786611" BASELINE="1341 1206 1404 1201 1483 1201 1655 1215 1896 1224" HPOS="1334.0" VPOS="1116.0" WIDTH="565.0" HEIGHT="164.0">
            <Shape><Polygon POINTS="1334 1121 1397 1116 1483 1116 1661 1130 1899 1139 1893 1280 1650 1271 1483 1257 1408 1257 1345 1262"/></Shape>
	    <String CONTENT=" א אש חש " HPOS="1334.0" VPOS="1116.0" WIDTH="565.0" HEIGHT="164.0"><Glyph ID="char_38" CONTENT=" " GC="1.0"><Shape><Polygon POINTS="1821 1136 1816 1277 1874 1279 1879 1138"/></Shape></Glyph><Glyph ID="char_39" CONTENT="א" GC="1.0"><Shape><Polygon POINTS="1764 1134 1759 1275 1816 1277 1821 1136"/></Shape></Glyph><Glyph ID="char_40" CONTENT=" " GC="1.0"><Shape><Polygon POINTS="1716 1132 1711 1273 1759 1275 1764 1134"/></Shape></Glyph><Glyph ID="char_41" CONTENT="א" GC="1.0"><Shape><Polygon POINTS="1677 1131 1672 1272 1711 1273 1716 1132"/></Shape></Glyph><Glyph ID="char_42" CONTENT="ש" GC="1.0"><Shape><Polygon POINTS="1614 1126 1603 1267 1672 1272 1677 1131"/></Shape></Glyph><Glyph ID="char_43" CONTENT=" " GC="1.0"><Shape><Polygon POINTS="1520 1119 1508 1259 1603 1267 1614 1126"/></Shape></Glyph><Glyph ID="char_44" CONTENT="ח" GC="1.0"><Shape><Polygon POINTS="1491 1117 1479 1257 1508 1259 1520 1119"/></Shape></Glyph><Glyph ID="char_45" CONTENT="ש" GC="1.0"><Shape><Polygon POINTS="1446 1116 1446 1257 1479 1257 1491 1117"/></Shape></Glyph><Glyph ID="char_46" CONTENT=" " GC="1.0"><Shape><Polygon POINTS="1352 1120 1363 1261 1446 1257 1446 1116"/></Shape></Glyph></String>
          </TextLine>

          
          
          <TextLine ID="eSc_line_1786612" BASELINE="1382 1355 1583 1368 1815 1391 2052 1391 2119 1395" HPOS="1378.0" VPOS="1270.0" WIDTH="746.0" HEIGHT="181.0">
            <Shape><Polygon POINTS="1387 1270 1588 1283 1823 1306 2052 1306 2124 1310 2115 1451 2052 1447 1809 1447 1579 1424 1378 1411"/></Shape>
	    <String CONTENT=" לו מ ות קוד " HPOS="1378.0" VPOS="1270.0" WIDTH="746.0" HEIGHT="181.0"><Glyph ID="char_47" CONTENT=" " GC="1.0"><Shape><Polygon POINTS="2066 1307 2058 1447 2096 1450 2104 1309"/></Shape></Glyph><Glyph ID="char_48" CONTENT="ל" GC="1.0"><Shape><Polygon POINTS="2042 1306 2042 1447 2058 1447 2066 1307"/></Shape></Glyph><Glyph ID="char_49" CONTENT="ו" GC="1.0"><Shape><Polygon POINTS="2004 1306 2004 1447 2042 1447 2042 1306"/></Shape></Glyph><Glyph ID="char_50" CONTENT=" " GC="1.0"><Shape><Polygon POINTS="1938 1306 1938 1447 2004 1447 2004 1306"/></Shape></Glyph><Glyph ID="char_51" CONTENT="מ" GC="1.0"><Shape><Polygon POINTS="1853 1306 1853 1447 1938 1447 1938 1306"/></Shape></Glyph><Glyph ID="char_52" CONTENT=" " GC="1.0"><Shape><Polygon POINTS="1776 1301 1762 1442 1853 1447 1853 1306"/></Shape></Glyph><Glyph ID="char_53" CONTENT="ו" GC="1.0"><Shape><Polygon POINTS="1710 1295 1696 1436 1762 1442 1776 1301"/></Shape></Glyph><Glyph ID="char_54" CONTENT="ת" GC="1.0"><Shape><Polygon POINTS="1645 1289 1631 1429 1696 1436 1710 1295"/></Shape></Glyph><Glyph ID="char_55" CONTENT=" " GC="1.0"><Shape><Polygon POINTS="1575 1282 1566 1423 1631 1429 1645 1289"/></Shape></Glyph><Glyph ID="char_56" CONTENT="ק" GC="1.0"><Shape><Polygon POINTS="1510 1278 1500 1419 1566 1423 1575 1282"/></Shape></Glyph><Glyph ID="char_57" CONTENT="ו" GC="1.0"><Shape><Polygon POINTS="1444 1274 1434 1415 1500 1419 1510 1278"/></Shape></Glyph><Glyph ID="char_58" CONTENT="ד" GC="1.0"><Shape><Polygon POINTS="1406 1271 1396 1412 1434 1415 1444 1274"/></Shape></Glyph><Glyph ID="char_59" CONTENT=" " GC="1.0"><Shape><Polygon POINTS="1381 1354 1399 1355"/></Shape></Glyph></String>
          </TextLine>

          
          
          <TextLine ID="eSc_line_1786613" BASELINE="1402 1490 1465 1490 1621 1504 1966 1537 2083 1540" HPOS="1402.0" VPOS="1405.0" WIDTH="683.0" HEIGHT="191.0">
            <Shape><Polygon POINTS="1402 1405 1465 1405 1628 1419 1974 1452 2085 1455 2081 1596 1960 1593 1615 1560 1465 1546 1402 1546"/></Shape>
	    <String CONTENT=" רעייתו אש " HPOS="1402.0" VPOS="1405.0" WIDTH="683.0" HEIGHT="191.0"><Glyph ID="char_60" CONTENT=" " GC="1.0"><Shape><Polygon POINTS="2000 1453 1996 1594 2053 1595 2057 1454"/></Shape></Glyph><Glyph ID="char_61" CONTENT="ר" GC="1.0"><Shape><Polygon POINTS="1958 1450 1945 1592 1996 1594 2000 1453"/></Shape></Glyph><Glyph ID="char_62" CONTENT="ע" GC="1.0"><Shape><Polygon POINTS="1901 1445 1888 1586 1945 1592 1958 1450"/></Shape></Glyph><Glyph ID="char_63" CONTENT="י" GC="1.0"><Shape><Polygon POINTS="1826 1438 1812 1579 1888 1586 1901 1445"/></Shape></Glyph><Glyph ID="char_64" CONTENT="י" GC="1.0"><Shape><Polygon POINTS="1760 1432 1746 1573 1812 1579 1826 1438"/></Shape></Glyph><Glyph ID="char_65" CONTENT="ת" GC="1.0"><Shape><Polygon POINTS="1694 1425 1681 1566 1746 1573 1760 1432"/></Shape></Glyph><Glyph ID="char_66" CONTENT="ו" GC="1.0"><Shape><Polygon POINTS="1627 1419 1614 1560 1681 1566 1694 1425"/></Shape></Glyph><Glyph ID="char_67" CONTENT=" " GC="1.0"><Shape><Polygon POINTS="1561 1413 1549 1554 1614 1560 1627 1419"/></Shape></Glyph><Glyph ID="char_68" CONTENT="א" GC="1.0"><Shape><Polygon POINTS="1494 1408 1482 1548 1549 1554 1561 1413"/></Shape></Glyph><Glyph ID="char_69" CONTENT="ש" GC="1.0"><Shape><Polygon POINTS="1430 1405 1430 1546 1482 1548 1494 1408"/></Shape></Glyph><Glyph ID="char_70" CONTENT=" " GC="1.0"><Shape><Polygon POINTS="1402 1405 1402 1546 1430 1546 1430 1405"/></Shape></Glyph></String>
          </TextLine>

          
          
          <TextLine ID="eSc_line_1786615" BASELINE="1643 1652 1860 1659 2022 1670 2097 1666" HPOS="1641.0" VPOS="1567.0" WIDTH="459.0" HEIGHT="159.0">
            <Shape><Polygon POINTS="1645 1567 1862 1574 2027 1585 2092 1581 2100 1722 2018 1726 1858 1715 1641 1708"/></Shape>
	    <String CONTENT=" רא אב " HPOS="1641.0" VPOS="1567.0" WIDTH="459.0" HEIGHT="159.0"><Glyph ID="char_71" CONTENT=" " GC="1.0"><Shape><Polygon POINTS="2026 1585 2017 1726 2071 1723 2064 1583"/></Shape></Glyph><Glyph ID="char_72" CONTENT="ר" GC="1.0"><Shape><Polygon POINTS="1988 1582 1979 1723 2017 1726 2026 1585"/></Shape></Glyph><Glyph ID="char_73" CONTENT="א" GC="1.0"><Shape><Polygon POINTS="1904 1577 1894 1717 1979 1723 1988 1582"/></Shape></Glyph><Glyph ID="char_74" CONTENT=" " GC="1.0"><Shape><Polygon POINTS="1816 1573 1811 1713 1894 1717 1904 1577"/></Shape></Glyph><Glyph ID="char_75" CONTENT="א" GC="1.0"><Shape><Polygon POINTS="1749 1570 1744 1711 1811 1713 1816 1573"/></Shape></Glyph><Glyph ID="char_76" CONTENT="ב" GC="1.0"><Shape><Polygon POINTS="1702 1569 1697 1710 1744 1711 1749 1570"/></Shape></Glyph><Glyph ID="char_77" CONTENT=" " GC="1.0"><Shape><Polygon POINTS="1654 1567 1649 1708 1697 1710 1702 1569"/></Shape></Glyph></String>
          </TextLine>

          
          
          <TextLine ID="eSc_line_1786616" BASELINE="1648 1783 1828 1792 2070 1792" HPOS="1645.0" VPOS="1698.0" WIDTH="425.0" HEIGHT="150.0">
            <Shape><Polygon POINTS="1652 1698 1832 1707 2070 1707 2070 1848 1825 1848 1645 1839"/></Shape>
	    <String CONTENT=" עונת ש " HPOS="1645.0" VPOS="1698.0" WIDTH="425.0" HEIGHT="150.0"><Glyph ID="char_78" CONTENT=" " GC="1.0"><Shape><Polygon POINTS="2031 1707 2031 1848 2060 1848 2060 1707"/></Shape></Glyph><Glyph ID="char_79" CONTENT="ע" GC="1.0"><Shape><Polygon POINTS="1983 1707 1983 1848 2031 1848 2031 1707"/></Shape></Glyph><Glyph ID="char_80" CONTENT="ו" GC="1.0"><Shape><Polygon POINTS="1916 1707 1916 1848 1983 1848 1983 1707"/></Shape></Glyph><Glyph ID="char_81" CONTENT="נ" GC="1.0"><Shape><Polygon POINTS="1868 1707 1868 1848 1916 1848 1916 1707"/></Shape></Glyph><Glyph ID="char_82" CONTENT="ת" GC="1.0"><Shape><Polygon POINTS="1805 1706 1798 1847 1868 1848 1868 1707"/></Shape></Glyph><Glyph ID="char_83" CONTENT=" " GC="1.0"><Shape><Polygon POINTS="1748 1703 1740 1844 1798 1847 1805 1706"/></Shape></Glyph><Glyph ID="char_84" CONTENT="ש" GC="1.0"><Shape><Polygon POINTS="1691 1700 1683 1841 1740 1844 1748 1703"/></Shape></Glyph><Glyph ID="char_85" CONTENT=" " GC="1.0"><Shape><Polygon POINTS="1647 1782 1685 1784"/></Shape></Glyph></String>
          </TextLine>

          
          
          <TextLine ID="eSc_line_1786617" BASELINE="1646 1925 1684 1934 2121 1946" HPOS="1633.0" VPOS="1842.0" WIDTH="490.0" HEIGHT="160.0">
            <Shape><Polygon POINTS="1665 1842 1703 1851 2123 1861 2119 2002 1671 1988 1633 1979"/></Shape>
	    <String CONTENT=" ם לבני צד " HPOS="1633.0" VPOS="1842.0" WIDTH="490.0" HEIGHT="160.0"><Glyph ID="char_86" CONTENT=" " GC="1.0"><Shape><Polygon POINTS="2046 1859 2042 2000 2089 2001 2093 1860"/></Shape></Glyph><Glyph ID="char_87" CONTENT="ם" GC="1.0"><Shape><Polygon POINTS="2036 1859 2032 1999 2042 2000 2046 1859"/></Shape></Glyph><Glyph ID="char_88" CONTENT=" " GC="1.0"><Shape><Polygon POINTS="2017 1858 2013 1999 2032 1999 2036 1859"/></Shape></Glyph><Glyph ID="char_89" CONTENT="ל" GC="1.0"><Shape><Polygon POINTS="1979 1858 1975 1998 2013 1999 2017 1858"/></Shape></Glyph><Glyph ID="char_90" CONTENT="ב" GC="1.0"><Shape><Polygon POINTS="1922 1856 1918 1996 1975 1998 1979 1858"/></Shape></Glyph><Glyph ID="char_91" CONTENT="נ" GC="1.0"><Shape><Polygon POINTS="1874 1855 1870 1994 1918 1996 1922 1856"/></Shape></Glyph><Glyph ID="char_92" CONTENT="י" GC="1.0"><Shape><Polygon POINTS="1827 1854 1823 1993 1870 1994 1874 1855"/></Shape></Glyph><Glyph ID="char_93" CONTENT=" " GC="1.0"><Shape><Polygon POINTS="1751 1852 1747 1990 1823 1993 1827 1854"/></Shape></Glyph><Glyph ID="char_94" CONTENT="צ" GC="1.0"><Shape><Polygon POINTS="1684 1847 1650 1983 1747 1990 1751 1852"/></Shape></Glyph><Glyph ID="char_95" CONTENT="ד" GC="1.0"><Shape><Polygon POINTS="1645 1924 1663 1928"/></Shape></Glyph><Glyph ID="char_96" CONTENT=" " GC="1.0"><Shape><Polygon POINTS="1645 1924 1645 1924"/></Shape></Glyph></String>
          </TextLine>

          
        </TextBlock>
        

        
      </PrintSpace>
    </Page>
  </Layout>
</alto>