<?xml version='1.0' encoding='UTF-8'?>
<alto xmlns:xsi="http://www.w3.org/2001/XMLSchema-instance" xmlns="http://www.loc.gov/standards/alto/ns-v4#" xsi:schemaLocation="http://www.loc.gov/standards/alto/ns-v4# http://www.loc.gov/standards/alto/v4/alto-4-2.xsd">
  <Description>
    <MeasurementUnit>pixel</MeasurementUnit>
    <sourceImageInformation>
      <fileName>P201-Fg001-R-C01-R01-D28112013-T115442-LR924_012.jpg</fileName>
      
    </sourceImageInformation>
  </Description>
  
  <Tags>
    <OtherTag ID="BT1443" LABEL="Parchment_or_papyrus" DESCRIPTION="block type Parchment_or_papyrus"/><OtherTag ID="BT2" LABEL="Main" DESCRIPTION="block type Main"/>
    
  </Tags>
  
  <Layout>
    <Page WIDTH="3608" HEIGHT="2706" PHYSICAL_IMG_NR="246" ID="eSc_dummypage_">
      <PrintSpace HPOS="0" VPOS="0" WIDTH="3608" HEIGHT="2706">
        
        <TextBlock HPOS="1541.0" VPOS="1052.0" WIDTH="672.0" HEIGHT="790.0" ID="eSc_textblock_f86f9795" TAGREFS="BT2">
          <Shape><Polygon POINTS="1541 1052 1541 1842 2213 1842 2213 1052"/></Shape>
          
          
          <TextLine ID="eSc_line_1787309" BASELINE="1716 1210 2045 1201 2103 1206 2189 1219" HPOS="1713.0" VPOS="1101.0" WIDTH="490.0" HEIGHT="183.0">
            <Shape><Polygon POINTS="1713 1110 2042 1101 2111 1106 2203 1120 2179 1284 2097 1272 2046 1267 1717 1276"/></Shape>
	    <String CONTENT=" ת ם וגם ה " HPOS="1713.0" VPOS="1101.0" WIDTH="490.0" HEIGHT="183.0"><Glyph ID="char_0" CONTENT=" " GC="1.0"><Shape><Polygon POINTS="2135 1110 2111 1274 2155 1281 2180 1116"/></Shape></Glyph><Glyph ID="char_1" CONTENT="ת" GC="1.0"><Shape><Polygon POINTS="2107 1106 2093 1272 2111 1274 2135 1110"/></Shape></Glyph><Glyph ID="char_2" CONTENT=" " GC="1.0"><Shape><Polygon POINTS="2084 1104 2070 1269 2093 1272 2107 1106"/></Shape></Glyph><Glyph ID="char_3" CONTENT="ם" GC="1.0"><Shape><Polygon POINTS="2028 1101 2033 1267 2070 1269 2084 1104"/></Shape></Glyph><Glyph ID="char_4" CONTENT=" " GC="1.0"><Shape><Polygon POINTS="1983 1103 1988 1269 2033 1267 2028 1101"/></Shape></Glyph><Glyph ID="char_5" CONTENT="ו" GC="1.0"><Shape><Polygon POINTS="1938 1104 1943 1270 1988 1269 1983 1103"/></Shape></Glyph><Glyph ID="char_6" CONTENT="ג" GC="1.0"><Shape><Polygon POINTS="1893 1105 1898 1271 1943 1270 1938 1104"/></Shape></Glyph><Glyph ID="char_7" CONTENT="ם" GC="1.0"><Shape><Polygon POINTS="1825 1107 1830 1273 1898 1271 1893 1105"/></Shape></Glyph><Glyph ID="char_8" CONTENT=" " GC="1.0"><Shape><Polygon POINTS="1769 1108 1774 1274 1830 1273 1825 1107"/></Shape></Glyph><Glyph ID="char_9" CONTENT="ה" GC="1.0"><Shape><Polygon POINTS="1735 1109 1740 1275 1774 1274 1769 1108"/></Shape></Glyph><Glyph ID="char_10" CONTENT=" " GC="1.0"><Shape><Polygon POINTS="1715 1210 1737 1209"/></Shape></Glyph></String>
          </TextLine>

          
          
          <TextLine ID="eSc_line_1787310" BASELINE="1533 1391 1752 1382 2151 1384" HPOS="1528.0" VPOS="1282.0" WIDTH="623.0" HEIGHT="175.0">
            <Shape><Polygon POINTS="1528 1291 1747 1282 2151 1284 2150 1450 1754 1448 1535 1457"/></Shape>
	    <String CONTENT=" ם אשר גרו בה " HPOS="1528.0" VPOS="1282.0" WIDTH="623.0" HEIGHT="175.0"><Glyph ID="char_11" CONTENT=" " GC="1.0"><Shape><Polygon POINTS="2105 1284 2104 1450 2138 1450 2139 1284"/></Shape></Glyph><Glyph ID="char_12" CONTENT="ם" GC="1.0"><Shape><Polygon POINTS="2060 1284 2059 1450 2104 1450 2105 1284"/></Shape></Glyph><Glyph ID="char_13" CONTENT=" " GC="1.0"><Shape><Polygon POINTS="2026 1283 2025 1449 2059 1450 2060 1284"/></Shape></Glyph><Glyph ID="char_14" CONTENT="א" GC="1.0"><Shape><Polygon POINTS="1981 1283 1980 1449 2025 1449 2026 1283"/></Shape></Glyph><Glyph ID="char_15" CONTENT="ש" GC="1.0"><Shape><Polygon POINTS="1914 1283 1913 1449 1980 1449 1981 1283"/></Shape></Glyph><Glyph ID="char_16" CONTENT="ר" GC="1.0"><Shape><Polygon POINTS="1858 1283 1857 1449 1913 1449 1914 1283"/></Shape></Glyph><Glyph ID="char_17" CONTENT=" " GC="1.0"><Shape><Polygon POINTS="1824 1282 1823 1448 1857 1449 1858 1283"/></Shape></Glyph><Glyph ID="char_18" CONTENT="ג" GC="1.0"><Shape><Polygon POINTS="1768 1282 1767 1448 1823 1448 1824 1282"/></Shape></Glyph><Glyph ID="char_19" CONTENT="ר" GC="1.0"><Shape><Polygon POINTS="1708 1284 1715 1450 1767 1448 1768 1282"/></Shape></Glyph><Glyph ID="char_20" CONTENT="ו" GC="1.0"><Shape><Polygon POINTS="1674 1285 1681 1451 1715 1450 1708 1284"/></Shape></Glyph><Glyph ID="char_21" CONTENT=" " GC="1.0"><Shape><Polygon POINTS="1640 1286 1647 1452 1681 1451 1674 1285"/></Shape></Glyph><Glyph ID="char_22" CONTENT="ב" GC="1.0"><Shape><Polygon POINTS="1584 1289 1591 1455 1647 1452 1640 1286"/></Shape></Glyph><Glyph ID="char_23" CONTENT="ה" GC="1.0"><Shape><Polygon POINTS="1539 1291 1546 1457 1591 1455 1584 1289"/></Shape></Glyph><Glyph ID="char_24" CONTENT=" " GC="1.0"><Shape><Polygon POINTS="1532 1391 1542 1390"/></Shape></Glyph></String>
          </TextLine>

          
          
          <TextLine ID="eSc_line_1787311" BASELINE="1470 1555 2031 1553 2144 1564" HPOS="1469.0" VPOS="1453.0" WIDTH="684.0" HEIGHT="177.0">
            <Shape><Polygon POINTS="1469 1455 2030 1453 2153 1464 2137 1630 2031 1619 1470 1621"/></Shape>
	    <String CONTENT=" בידים אותם ו " HPOS="1469.0" VPOS="1453.0" WIDTH="684.0" HEIGHT="177.0"><Glyph ID="char_25" CONTENT=" " GC="1.0"><Shape><Polygon POINTS="2096 1459 2080 1624 2125 1629 2141 1463"/></Shape></Glyph><Glyph ID="char_26" CONTENT="ב" GC="1.0"><Shape><Polygon POINTS="2063 1456 2047 1621 2080 1624 2096 1459"/></Shape></Glyph><Glyph ID="char_27" CONTENT="י" GC="1.0"><Shape><Polygon POINTS="1997 1453 1997 1619 2047 1621 2063 1456"/></Shape></Glyph><Glyph ID="char_28" CONTENT="ד" GC="1.0"><Shape><Polygon POINTS="1952 1453 1952 1619 1997 1619 1997 1453"/></Shape></Glyph><Glyph ID="char_29" CONTENT="י" GC="1.0"><Shape><Polygon POINTS="1896 1453 1896 1619 1952 1619 1952 1453"/></Shape></Glyph><Glyph ID="char_30" CONTENT="ם" GC="1.0"><Shape><Polygon POINTS="1840 1454 1840 1620 1896 1619 1896 1453"/></Shape></Glyph><Glyph ID="char_31" CONTENT=" " GC="1.0"><Shape><Polygon POINTS="1784 1454 1784 1620 1840 1620 1840 1454"/></Shape></Glyph><Glyph ID="char_32" CONTENT="א" GC="1.0"><Shape><Polygon POINTS="1739 1454 1739 1620 1784 1620 1784 1454"/></Shape></Glyph><Glyph ID="char_33" CONTENT="ו" GC="1.0"><Shape><Polygon POINTS="1694 1454 1694 1620 1739 1620 1739 1454"/></Shape></Glyph><Glyph ID="char_34" CONTENT="ת" GC="1.0"><Shape><Polygon POINTS="1626 1454 1626 1620 1694 1620 1694 1454"/></Shape></Glyph><Glyph ID="char_35" CONTENT="ם" GC="1.0"><Shape><Polygon POINTS="1559 1455 1559 1621 1626 1620 1626 1454"/></Shape></Glyph><Glyph ID="char_36" CONTENT=" " GC="1.0"><Shape><Polygon POINTS="1514 1455 1514 1621 1559 1621 1559 1455"/></Shape></Glyph><Glyph ID="char_37" CONTENT="ו" GC="1.0"><Shape><Polygon POINTS="1492 1455 1492 1621 1514 1621 1514 1455"/></Shape></Glyph><Glyph ID="char_38" CONTENT=" " GC="1.0"><Shape><Polygon POINTS="1469 1555 1491 1554"/></Shape></Glyph></String>
          </TextLine>

          
          
          <TextLine ID="eSc_line_1787312" BASELINE="1605 1704 1815 1711 1853 1702" HPOS="1602.0" VPOS="1604.0" WIDTH="266.0" HEIGHT="173.0">
            <Shape><Polygon POINTS="1608 1604 1818 1611 1830 1605 1868 1766 1812 1777 1602 1770"/></Shape>
	    <String CONTENT=" ם מת " HPOS="1602.0" VPOS="1604.0" WIDTH="266.0" HEIGHT="173.0"><Glyph ID="char_39" CONTENT=" " GC="1.0"><Shape><Polygon POINTS="1812 1611 1805 1777 1856 1768 1819 1611"/></Shape></Glyph><Glyph ID="char_40" CONTENT="ם" GC="1.0"><Shape><Polygon POINTS="1801 1610 1794 1776 1805 1777 1812 1611"/></Shape></Glyph><Glyph ID="char_41" CONTENT=" " GC="1.0"><Shape><Polygon POINTS="1767 1609 1760 1775 1794 1776 1801 1610"/></Shape></Glyph><Glyph ID="char_42" CONTENT="מ" GC="1.0"><Shape><Polygon POINTS="1710 1607 1703 1773 1760 1775 1767 1609"/></Shape></Glyph><Glyph ID="char_43" CONTENT="ת" GC="1.0"><Shape><Polygon POINTS="1676 1606 1669 1772 1703 1773 1710 1607"/></Shape></Glyph><Glyph ID="char_44" CONTENT=" " GC="1.0"><Shape><Polygon POINTS="1620 1604 1613 1770 1669 1772 1676 1606"/></Shape></Glyph></String>
          </TextLine>

          
        </TextBlock>
        

        
      </PrintSpace>
    </Page>
  </Layout>
</alto>