<?xml version='1.0' encoding='UTF-8'?>
<alto xmlns:xsi="http://www.w3.org/2001/XMLSchema-instance" xmlns="http://www.loc.gov/standards/alto/ns-v4#" xsi:schemaLocation="http://www.loc.gov/standards/alto/ns-v4# http://www.loc.gov/standards/alto/v4/alto-4-2.xsd">
  <Description>
    <MeasurementUnit>pixel</MeasurementUnit>
    <sourceImageInformation>
      <fileName>P221-Fg007-R-C01-R01-D28082012-T123509-LR924_012_F.jpg</fileName>
      
    </sourceImageInformation>
  </Description>
  
  <Tags>
    <OtherTag ID="BT1443" LABEL="Parchment_or_papyrus" DESCRIPTION="block type Parchment_or_papyrus"/><OtherTag ID="BT2" LABEL="Main" DESCRIPTION="block type Main"/>
    
  </Tags>
  
  <Layout>
    <Page WIDTH="3608" HEIGHT="2706" PHYSICAL_IMG_NR="420" ID="eSc_dummypage_">
      <PrintSpace HPOS="0" VPOS="0" WIDTH="3608" HEIGHT="2706">
        
        <TextBlock HPOS="1361.0" VPOS="1020.0" WIDTH="1187.0" HEIGHT="596.0" ID="eSc_textblock_628d8d5b" TAGREFS="BT2">
          <Shape><Polygon POINTS="2548 1020 2548 1616 1361 1616 1361 1020"/></Shape>
          
          
          <TextLine ID="eSc_line_1787341" BASELINE="1443 1086 1555 1091 1621 1086 1779 1086 2027 1098 2403 1122" HPOS="1439.0" VPOS="978.0" WIDTH="970.0" HEIGHT="215.0">
            <Shape><Polygon POINTS="1447 978 1559 983 1612 978 1779 978 2032 990 2409 1014 2398 1193 2023 1169 1779 1158 1626 1157 1551 1162 1439 1157"/></Shape>
	    <String CONTENT=" ה היא והספ ת מכת עץ" HPOS="1439.0" VPOS="978.0" WIDTH="970.0" HEIGHT="215.0"><Glyph ID="char_0" CONTENT=" " GC="1.0"><Shape><Polygon POINTS="2349 1010 2337 1189 2385 1192 2397 1013"/></Shape></Glyph><Glyph ID="char_1" CONTENT="ה" GC="1.0"><Shape><Polygon POINTS="2301 1007 2289 1186 2337 1189 2349 1010"/></Shape></Glyph><Glyph ID="char_2" CONTENT=" " GC="1.0"><Shape><Polygon POINTS="2241 1003 2229 1182 2289 1186 2301 1007"/></Shape></Glyph><Glyph ID="char_3" CONTENT="ה" GC="1.0"><Shape><Polygon POINTS="2193 1000 2182 1179 2229 1182 2241 1003"/></Shape></Glyph><Glyph ID="char_4" CONTENT="י" GC="1.0"><Shape><Polygon POINTS="2145 997 2134 1176 2182 1179 2193 1000"/></Shape></Glyph><Glyph ID="char_5" CONTENT="א" GC="1.0"><Shape><Polygon POINTS="2097 994 2086 1173 2134 1176 2145 997"/></Shape></Glyph><Glyph ID="char_6" CONTENT=" " GC="1.0"><Shape><Polygon POINTS="2061 992 2050 1171 2086 1173 2097 994"/></Shape></Glyph><Glyph ID="char_7" CONTENT="ו" GC="1.0"><Shape><Polygon POINTS="2012 989 2003 1168 2050 1171 2061 992"/></Shape></Glyph><Glyph ID="char_8" CONTENT="ה" GC="1.0"><Shape><Polygon POINTS="1952 986 1943 1165 2003 1168 2012 989"/></Shape></Glyph><Glyph ID="char_9" CONTENT="ס" GC="1.0"><Shape><Polygon POINTS="1903 984 1894 1163 1943 1165 1952 986"/></Shape></Glyph><Glyph ID="char_10" CONTENT="פ" GC="1.0"><Shape><Polygon POINTS="1855 982 1846 1161 1894 1163 1903 984"/></Shape></Glyph><Glyph ID="char_11" CONTENT=" " GC="1.0"><Shape><Polygon POINTS="1807 979 1798 1159 1846 1161 1855 982"/></Shape></Glyph><Glyph ID="char_12" CONTENT="ת" GC="1.0"><Shape><Polygon POINTS="1766 978 1766 1158 1798 1159 1807 979"/></Shape></Glyph><Glyph ID="char_13" CONTENT=" " GC="1.0"><Shape><Polygon POINTS="1718 978 1718 1158 1766 1158 1766 978"/></Shape></Glyph><Glyph ID="char_14" CONTENT="מ" GC="1.0"><Shape><Polygon POINTS="1670 978 1670 1157 1718 1158 1718 978"/></Shape></Glyph><Glyph ID="char_15" CONTENT="כ" GC="1.0"><Shape><Polygon POINTS="1622 978 1622 1157 1670 1157 1670 978"/></Shape></Glyph><Glyph ID="char_16" CONTENT="ת" GC="1.0"><Shape><Polygon POINTS="1578 981 1591 1159 1622 1157 1622 978"/></Shape></Glyph><Glyph ID="char_17" CONTENT=" " GC="1.0"><Shape><Polygon POINTS="1554 983 1567 1161 1591 1159 1578 981"/></Shape></Glyph><Glyph ID="char_18" CONTENT="ע" GC="1.0"><Shape><Polygon POINTS="1520 981 1510 1160 1567 1161 1554 983"/></Shape></Glyph><Glyph ID="char_19" CONTENT="ץ" GC="1.0"><Shape><Polygon POINTS="1460 979 1450 1157 1510 1160 1520 981"/></Shape></Glyph></String>
          </TextLine>

          
          
          <TextLine ID="eSc_line_1787342" BASELINE="1479 1278 1643 1276 1813 1283 2002 1283 2106 1292 2327 1296" HPOS="1477.0" VPOS="1168.0" WIDTH="851.0" HEIGHT="199.0">
            <Shape><Polygon POINTS="1477 1170 1641 1168 1817 1175 2002 1175 2115 1184 2328 1188 2325 1367 2099 1363 2002 1355 1810 1354 1643 1347 1479 1349"/></Shape>
	    <String CONTENT=" חזה בגיד ו הדם" HPOS="1477.0" VPOS="1168.0" WIDTH="851.0" HEIGHT="199.0"><Glyph ID="char_20" CONTENT=" " GC="1.0"><Shape><Polygon POINTS="2254 1187 2251 1366 2300 1367 2303 1188"/></Shape></Glyph><Glyph ID="char_21" CONTENT="ח" GC="1.0"><Shape><Polygon POINTS="2218 1186 2215 1365 2251 1366 2254 1187"/></Shape></Glyph><Glyph ID="char_22" CONTENT="ז" GC="1.0"><Shape><Polygon POINTS="2181 1185 2178 1364 2215 1365 2218 1186"/></Shape></Glyph><Glyph ID="char_23" CONTENT="ה" GC="1.0"><Shape><Polygon POINTS="2145 1185 2142 1364 2178 1364 2181 1185"/></Shape></Glyph><Glyph ID="char_24" CONTENT=" " GC="1.0"><Shape><Polygon POINTS="2109 1184 2106 1363 2142 1364 2145 1185"/></Shape></Glyph><Glyph ID="char_25" CONTENT="ב" GC="1.0"><Shape><Polygon POINTS="2068 1180 2052 1359 2106 1363 2109 1184"/></Shape></Glyph><Glyph ID="char_26" CONTENT="ג" GC="1.0"><Shape><Polygon POINTS="2020 1176 2005 1355 2052 1359 2068 1180"/></Shape></Glyph><Glyph ID="char_27" CONTENT="י" GC="1.0"><Shape><Polygon POINTS="1950 1175 1950 1355 2005 1355 2020 1176"/></Shape></Glyph><Glyph ID="char_28" CONTENT="ד" GC="1.0"><Shape><Polygon POINTS="1914 1175 1914 1355 1950 1355 1950 1175"/></Shape></Glyph><Glyph ID="char_29" CONTENT=" " GC="1.0"><Shape><Polygon POINTS="1878 1175 1878 1354 1914 1355 1914 1175"/></Shape></Glyph><Glyph ID="char_30" CONTENT="ו" GC="1.0"><Shape><Polygon POINTS="1773 1173 1766 1352 1878 1354 1878 1175"/></Shape></Glyph><Glyph ID="char_31" CONTENT=" " GC="1.0"><Shape><Polygon POINTS="1676 1169 1669 1348 1766 1352 1773 1173"/></Shape></Glyph><Glyph ID="char_32" CONTENT="ה" GC="1.0"><Shape><Polygon POINTS="1623 1168 1625 1347 1669 1348 1676 1169"/></Shape></Glyph><Glyph ID="char_33" CONTENT="ד" GC="1.0"><Shape><Polygon POINTS="1574 1169 1576 1348 1625 1347 1623 1168"/></Shape></Glyph><Glyph ID="char_34" CONTENT="ם" GC="1.0"><Shape><Polygon POINTS="1501 1170 1503 1349 1576 1348 1574 1169"/></Shape></Glyph></String>
          </TextLine>

          
          
          <TextLine ID="eSc_line_1787343" BASELINE="1896 1456 1939 1454 2094 1461 2397 1481 2421 1474" HPOS="1890.0" VPOS="1346.0" WIDTH="551.0" HEIGHT="206.0">
            <Shape><Polygon POINTS="1890 1348 1933 1346 2098 1353 2404 1373 2390 1370 2441 1543 2392 1552 2090 1532 1942 1525 1899 1527"/></Shape>
	    <String CONTENT=" א ר הדם " HPOS="1890.0" VPOS="1346.0" WIDTH="551.0" HEIGHT="206.0"><Glyph ID="char_35" CONTENT=" " GC="1.0"><Shape><Polygon POINTS="2317 1367 2306 1546 2368 1550 2379 1371"/></Shape></Glyph><Glyph ID="char_36" CONTENT="א" GC="1.0"><Shape><Polygon POINTS="2269 1364 2257 1543 2306 1546 2317 1367"/></Shape></Glyph><Glyph ID="char_37" CONTENT=" " GC="1.0"><Shape><Polygon POINTS="2208 1360 2196 1539 2257 1543 2269 1364"/></Shape></Glyph><Glyph ID="char_38" CONTENT="ר" GC="1.0"><Shape><Polygon POINTS="2172 1358 2160 1537 2196 1539 2208 1360"/></Shape></Glyph><Glyph ID="char_39" CONTENT=" " GC="1.0"><Shape><Polygon POINTS="2123 1355 2111 1533 2160 1537 2172 1358"/></Shape></Glyph><Glyph ID="char_40" CONTENT="ה" GC="1.0"><Shape><Polygon POINTS="2060 1351 2052 1530 2111 1533 2123 1355"/></Shape></Glyph><Glyph ID="char_41" CONTENT="ד" GC="1.0"><Shape><Polygon POINTS="1998 1349 1990 1527 2052 1530 2060 1351"/></Shape></Glyph><Glyph ID="char_42" CONTENT="ם" GC="1.0"><Shape><Polygon POINTS="1949 1347 1941 1525 1990 1527 1998 1349"/></Shape></Glyph><Glyph ID="char_43" CONTENT=" " GC="1.0"><Shape><Polygon POINTS="1895 1456 1943 1454"/></Shape></Glyph></String>
          </TextLine>

          
        </TextBlock>
        

        
      </PrintSpace>
    </Page>
  </Layout>
</alto>