<?xml version='1.0' encoding='UTF-8'?>
<alto xmlns:xsi="http://www.w3.org/2001/XMLSchema-instance" xmlns="http://www.loc.gov/standards/alto/ns-v4#" xsi:schemaLocation="http://www.loc.gov/standards/alto/ns-v4# http://www.loc.gov/standards/alto/v4/alto-4-2.xsd">
  <Description>
    <MeasurementUnit>pixel</MeasurementUnit>
    <sourceImageInformation>
      <fileName>P221-Fg001-R-C01-R01-D28082012-T114146-LR924_012_F.jpg</fileName>
      
    </sourceImageInformation>
  </Description>
  
  <Tags>
    <OtherTag ID="BT1443" LABEL="Parchment_or_papyrus" DESCRIPTION="block type Parchment_or_papyrus"/><OtherTag ID="BT2" LABEL="Main" DESCRIPTION="block type Main"/>
    
  </Tags>
  
  <Layout>
    <Page WIDTH="3608" HEIGHT="2706" PHYSICAL_IMG_NR="137" ID="eSc_dummypage_">
      <PrintSpace HPOS="0" VPOS="0" WIDTH="3608" HEIGHT="2706">
        
        <TextBlock HPOS="1267.0" VPOS="708.0" WIDTH="1311.0" HEIGHT="1123.0" ID="eSc_textblock_8641fd34" TAGREFS="BT2">
          <Shape><Polygon POINTS="1267 708 1267 1831 2578 1831 2578 708"/></Shape>
          
          
          <TextLine ID="eSc_line_1787344" BASELINE="1772 841 1957 834 2070 838" HPOS="1768.0" VPOS="737.0" WIDTH="305.0" HEIGHT="168.0">
            <Shape><Polygon POINTS="1768 744 1953 737 2073 741 2067 902 1959 898 1774 905"/></Shape>
	    <String CONTENT=" ו את " HPOS="1768.0" VPOS="737.0" WIDTH="305.0" HEIGHT="168.0"><Glyph ID="char_0" CONTENT=" " GC="1.0"><Shape><Polygon POINTS="2006 739 2001 900 2045 901 2050 740"/></Shape></Glyph><Glyph ID="char_1" CONTENT="ו" GC="1.0"><Shape><Polygon POINTS="1962 737 1957 898 2001 900 2006 739"/></Shape></Glyph><Glyph ID="char_2" CONTENT=" " GC="1.0"><Shape><Polygon POINTS="1922 738 1928 899 1957 898 1962 737"/></Shape></Glyph><Glyph ID="char_3" CONTENT="א" GC="1.0"><Shape><Polygon POINTS="1866 740 1872 901 1928 899 1922 738"/></Shape></Glyph><Glyph ID="char_4" CONTENT="ת" GC="1.0"><Shape><Polygon POINTS="1833 742 1839 903 1872 901 1866 740"/></Shape></Glyph><Glyph ID="char_5" CONTENT=" " GC="1.0"><Shape><Polygon POINTS="1789 743 1795 904 1839 903 1833 742"/></Shape></Glyph></String>
          </TextLine>

          
          
          <TextLine ID="eSc_line_1787345" BASELINE="1727 1005 1966 1014 2146 1026" HPOS="1724.0" VPOS="908.0" WIDTH="428.0" HEIGHT="182.0">
            <Shape><Polygon POINTS="1730 908 1969 917 2152 929 2141 1090 1963 1078 1724 1069"/></Shape>
	    <String CONTENT=" וא האזינו " HPOS="1724.0" VPOS="908.0" WIDTH="428.0" HEIGHT="182.0"><Glyph ID="char_6" CONTENT=" " GC="1.0"><Shape><Polygon POINTS="2118 927 2107 1088 2130 1089 2141 928"/></Shape></Glyph><Glyph ID="char_7" CONTENT="ו" GC="1.0"><Shape><Polygon POINTS="2096 925 2085 1086 2107 1088 2118 927"/></Shape></Glyph><Glyph ID="char_8" CONTENT="א" GC="1.0"><Shape><Polygon POINTS="2063 923 2052 1084 2085 1086 2096 925"/></Shape></Glyph><Glyph ID="char_9" CONTENT=" " GC="1.0"><Shape><Polygon POINTS="2019 920 2008 1081 2052 1084 2063 923"/></Shape></Glyph><Glyph ID="char_10" CONTENT="ה" GC="1.0"><Shape><Polygon POINTS="1962 917 1955 1078 2008 1081 2019 920"/></Shape></Glyph><Glyph ID="char_11" CONTENT="א" GC="1.0"><Shape><Polygon POINTS="1907 915 1900 1076 1955 1078 1962 917"/></Shape></Glyph><Glyph ID="char_12" CONTENT="ז" GC="1.0"><Shape><Polygon POINTS="1874 913 1867 1074 1900 1076 1907 915"/></Shape></Glyph><Glyph ID="char_13" CONTENT="י" GC="1.0"><Shape><Polygon POINTS="1841 912 1834 1073 1867 1074 1874 913"/></Shape></Glyph><Glyph ID="char_14" CONTENT="נ" GC="1.0"><Shape><Polygon POINTS="1808 911 1801 1072 1834 1073 1841 912"/></Shape></Glyph><Glyph ID="char_15" CONTENT="ו" GC="1.0"><Shape><Polygon POINTS="1775 910 1768 1071 1801 1072 1808 911"/></Shape></Glyph><Glyph ID="char_16" CONTENT=" " GC="1.0"><Shape><Polygon POINTS="1726 1004 1770 1005"/></Shape></Glyph></String>
          </TextLine>

          
          
          <TextLine ID="eSc_line_1787346" BASELINE="1461 1147 1603 1147 1700 1154 1752 1154 1961 1172 2099 1177 2216 1186 2309 1179" HPOS="1461.0" VPOS="1050.0" WIDTH="852.0" HEIGHT="200.0">
            <Shape><Polygon POINTS="1461 1050 1603 1050 1706 1057 1752 1057 1969 1075 2102 1080 2223 1089 2301 1082 2313 1243 2211 1250 2096 1241 1955 1236 1752 1218 1695 1218 1603 1211 1461 1211"/></Shape>
	    <String CONTENT=" ל בעדתם ובני ב " HPOS="1461.0" VPOS="1050.0" WIDTH="852.0" HEIGHT="200.0"><Glyph ID="char_17" CONTENT=" " GC="1.0"><Shape><Polygon POINTS="2268 1085 2280 1245 2302 1244 2290 1083"/></Shape></Glyph><Glyph ID="char_18" CONTENT="ל" GC="1.0"><Shape><Polygon POINTS="2257 1086 2269 1246 2280 1245 2268 1085"/></Shape></Glyph><Glyph ID="char_19" CONTENT=" " GC="1.0"><Shape><Polygon POINTS="2246 1087 2258 1247 2269 1246 2257 1086"/></Shape></Glyph><Glyph ID="char_20" CONTENT="ב" GC="1.0"><Shape><Polygon POINTS="2214 1088 2226 1249 2258 1247 2246 1087"/></Shape></Glyph><Glyph ID="char_21" CONTENT="ע" GC="1.0"><Shape><Polygon POINTS="2174 1085 2162 1246 2226 1249 2214 1088"/></Shape></Glyph><Glyph ID="char_22" CONTENT="ד" GC="1.0"><Shape><Polygon POINTS="2120 1081 2108 1242 2162 1246 2174 1085"/></Shape></Glyph><Glyph ID="char_23" CONTENT="ת" GC="1.0"><Shape><Polygon POINTS="2062 1079 2057 1240 2108 1242 2120 1081"/></Shape></Glyph><Glyph ID="char_24" CONTENT="ם" GC="1.0"><Shape><Polygon POINTS="1996 1076 1991 1237 2057 1240 2062 1079"/></Shape></Glyph><Glyph ID="char_25" CONTENT=" " GC="1.0"><Shape><Polygon POINTS="1925 1071 1912 1232 1991 1237 1996 1076"/></Shape></Glyph><Glyph ID="char_26" CONTENT="ו" GC="1.0"><Shape><Polygon POINTS="1839 1064 1825 1224 1912 1232 1925 1071"/></Shape></Glyph><Glyph ID="char_27" CONTENT="ב" GC="1.0"><Shape><Polygon POINTS="1796 1061 1782 1221 1825 1224 1839 1064"/></Shape></Glyph><Glyph ID="char_28" CONTENT="נ" GC="1.0"><Shape><Polygon POINTS="1701 1057 1701 1218 1782 1221 1796 1061"/></Shape></Glyph><Glyph ID="char_29" CONTENT="י" GC="1.0"><Shape><Polygon POINTS="1592 1050 1592 1211 1701 1218 1701 1057"/></Shape></Glyph><Glyph ID="char_30" CONTENT=" " GC="1.0"><Shape><Polygon POINTS="1548 1050 1548 1211 1592 1211 1592 1050"/></Shape></Glyph><Glyph ID="char_31" CONTENT="ב" GC="1.0"><Shape><Polygon POINTS="1505 1050 1505 1211 1548 1211 1548 1050"/></Shape></Glyph><Glyph ID="char_32" CONTENT=" " GC="1.0"><Shape><Polygon POINTS="1461 1050 1461 1211 1505 1211 1505 1050"/></Shape></Glyph></String>
          </TextLine>

          
          
          <TextLine ID="eSc_line_1787347" BASELINE="1289 1314 1655 1328 2133 1355 2419 1357" HPOS="1286.0" VPOS="1217.0" WIDTH="1133.0" HEIGHT="204.0">
            <Shape><Polygon POINTS="1292 1217 1658 1231 2138 1258 2419 1260 2418 1421 2129 1419 1652 1392 1286 1378"/></Shape>
	    <String CONTENT=" בו אבדו וארצם בו שממה" HPOS="1286.0" VPOS="1217.0" WIDTH="1133.0" HEIGHT="204.0"><Glyph ID="char_33" CONTENT=" " GC="1.0"><Shape><Polygon POINTS="2354 1260 2352 1421 2395 1421 2397 1260"/></Shape></Glyph><Glyph ID="char_34" CONTENT="ב" GC="1.0"><Shape><Polygon POINTS="2299 1259 2297 1420 2352 1421 2354 1260"/></Shape></Glyph><Glyph ID="char_35" CONTENT="ו" GC="1.0"><Shape><Polygon POINTS="2245 1259 2243 1420 2297 1420 2299 1259"/></Shape></Glyph><Glyph ID="char_36" CONTENT=" " GC="1.0"><Shape><Polygon POINTS="2201 1258 2199 1419 2243 1420 2245 1259"/></Shape></Glyph><Glyph ID="char_37" CONTENT="א" GC="1.0"><Shape><Polygon POINTS="2147 1258 2145 1419 2199 1419 2201 1258"/></Shape></Glyph><Glyph ID="char_38" CONTENT="ב" GC="1.0"><Shape><Polygon POINTS="2097 1256 2088 1417 2145 1419 2147 1258"/></Shape></Glyph><Glyph ID="char_39" CONTENT="ד" GC="1.0"><Shape><Polygon POINTS="2054 1253 2044 1414 2088 1417 2097 1256"/></Shape></Glyph><Glyph ID="char_40" CONTENT="ו" GC="1.0"><Shape><Polygon POINTS="2032 1252 2022 1413 2044 1414 2054 1253"/></Shape></Glyph><Glyph ID="char_41" CONTENT=" " GC="1.0"><Shape><Polygon POINTS="2000 1250 1991 1411 2022 1413 2032 1252"/></Shape></Glyph><Glyph ID="char_42" CONTENT="ו" GC="1.0"><Shape><Polygon POINTS="1956 1248 1947 1409 1991 1411 2000 1250"/></Shape></Glyph><Glyph ID="char_43" CONTENT="א" GC="1.0"><Shape><Polygon POINTS="1902 1245 1893 1406 1947 1409 1956 1248"/></Shape></Glyph><Glyph ID="char_44" CONTENT="ר" GC="1.0"><Shape><Polygon POINTS="1837 1241 1828 1402 1893 1406 1902 1245"/></Shape></Glyph><Glyph ID="char_45" CONTENT="צ" GC="1.0"><Shape><Polygon POINTS="1772 1237 1763 1398 1828 1402 1837 1241"/></Shape></Glyph><Glyph ID="char_46" CONTENT="ם" GC="1.0"><Shape><Polygon POINTS="1728 1235 1719 1396 1763 1398 1772 1237"/></Shape></Glyph><Glyph ID="char_47" CONTENT=" " GC="1.0"><Shape><Polygon POINTS="1674 1232 1665 1393 1719 1396 1728 1235"/></Shape></Glyph><Glyph ID="char_48" CONTENT="ב" GC="1.0"><Shape><Polygon POINTS="1618 1229 1611 1390 1665 1393 1674 1232"/></Shape></Glyph><Glyph ID="char_49" CONTENT="ו" GC="1.0"><Shape><Polygon POINTS="1586 1228 1579 1389 1611 1390 1618 1229"/></Shape></Glyph><Glyph ID="char_50" CONTENT=" " GC="1.0"><Shape><Polygon POINTS="1553 1227 1546 1388 1579 1389 1586 1228"/></Shape></Glyph><Glyph ID="char_51" CONTENT="ש" GC="1.0"><Shape><Polygon POINTS="1499 1225 1492 1386 1546 1388 1553 1227"/></Shape></Glyph><Glyph ID="char_52" CONTENT="מ" GC="1.0"><Shape><Polygon POINTS="1433 1222 1426 1383 1492 1386 1499 1225"/></Shape></Glyph><Glyph ID="char_53" CONTENT="מ" GC="1.0"><Shape><Polygon POINTS="1379 1220 1372 1381 1426 1383 1433 1222"/></Shape></Glyph><Glyph ID="char_54" CONTENT="ה" GC="1.0"><Shape><Polygon POINTS="1314 1218 1307 1379 1372 1381 1379 1220"/></Shape></Glyph></String>
          </TextLine>

          
          
          <TextLine ID="eSc_line_1787348" BASELINE="1371 1456 1486 1474 2072 1510 2406 1508 2471 1517" HPOS="1361.0" VPOS="1360.0" WIDTH="1123.0" HEIGHT="220.0">
            <Shape><Polygon POINTS="1385 1360 1500 1378 2077 1413 2405 1411 2484 1421 2462 1580 2406 1572 2068 1574 1476 1537 1361 1519"/></Shape>
	    <String CONTENT=" באי הברית הראישונים" HPOS="1361.0" VPOS="1360.0" WIDTH="1123.0" HEIGHT="220.0"><Glyph ID="char_55" CONTENT=" " GC="1.0"><Shape><Polygon POINTS="2426 1414 2405 1572 2447 1578 2469 1419"/></Shape></Glyph><Glyph ID="char_56" CONTENT="ב" GC="1.0"><Shape><Polygon POINTS="2359 1411 2360 1572 2405 1572 2426 1414"/></Shape></Glyph><Glyph ID="char_57" CONTENT="א" GC="1.0"><Shape><Polygon POINTS="2316 1412 2317 1573 2360 1572 2359 1411"/></Shape></Glyph><Glyph ID="char_58" CONTENT="י" GC="1.0"><Shape><Polygon POINTS="2273 1412 2274 1573 2317 1573 2316 1412"/></Shape></Glyph><Glyph ID="char_59" CONTENT=" " GC="1.0"><Shape><Polygon POINTS="2219 1412 2220 1573 2274 1573 2273 1412"/></Shape></Glyph><Glyph ID="char_60" CONTENT="ה" GC="1.0"><Shape><Polygon POINTS="2154 1413 2155 1573 2220 1573 2219 1412"/></Shape></Glyph><Glyph ID="char_61" CONTENT="ב" GC="1.0"><Shape><Polygon POINTS="2100 1413 2101 1574 2155 1573 2154 1413"/></Shape></Glyph><Glyph ID="char_62" CONTENT="ר" GC="1.0"><Shape><Polygon POINTS="2063 1412 2053 1573 2101 1574 2100 1413"/></Shape></Glyph><Glyph ID="char_63" CONTENT="י" GC="1.0"><Shape><Polygon POINTS="2009 1409 2000 1570 2053 1573 2063 1412"/></Shape></Glyph><Glyph ID="char_64" CONTENT="ת" GC="1.0"><Shape><Polygon POINTS="1956 1406 1946 1566 2000 1570 2009 1409"/></Shape></Glyph><Glyph ID="char_65" CONTENT=" " GC="1.0"><Shape><Polygon POINTS="1902 1402 1892 1563 1946 1566 1956 1406"/></Shape></Glyph><Glyph ID="char_66" CONTENT="ה" GC="1.0"><Shape><Polygon POINTS="1838 1398 1828 1559 1892 1563 1902 1402"/></Shape></Glyph><Glyph ID="char_67" CONTENT="ר" GC="1.0"><Shape><Polygon POINTS="1784 1395 1774 1556 1828 1559 1838 1398"/></Shape></Glyph><Glyph ID="char_68" CONTENT="א" GC="1.0"><Shape><Polygon POINTS="1730 1392 1720 1552 1774 1556 1784 1395"/></Shape></Glyph><Glyph ID="char_69" CONTENT="י" GC="1.0"><Shape><Polygon POINTS="1687 1389 1677 1550 1720 1552 1730 1392"/></Shape></Glyph><Glyph ID="char_70" CONTENT="ש" GC="1.0"><Shape><Polygon POINTS="1644 1387 1634 1547 1677 1550 1687 1389"/></Shape></Glyph><Glyph ID="char_71" CONTENT="ו" GC="1.0"><Shape><Polygon POINTS="1601 1384 1591 1544 1634 1547 1644 1387"/></Shape></Glyph><Glyph ID="char_72" CONTENT="נ" GC="1.0"><Shape><Polygon POINTS="1568 1382 1558 1542 1591 1544 1601 1384"/></Shape></Glyph><Glyph ID="char_73" CONTENT="י" GC="1.0"><Shape><Polygon POINTS="1514 1379 1505 1539 1558 1542 1568 1382"/></Shape></Glyph><Glyph ID="char_74" CONTENT="ם" GC="1.0"><Shape><Polygon POINTS="1428 1367 1402 1525 1505 1539 1514 1379"/></Shape></Glyph></String>
          </TextLine>

          
          
          <TextLine ID="eSc_line_1787349" BASELINE="1409 1619 1776 1641 2031 1646 2351 1641" HPOS="1405.0" VPOS="1522.0" WIDTH="947.0" HEIGHT="188.0">
            <Shape><Polygon POINTS="1414 1522 1781 1544 2032 1549 2349 1544 2352 1705 2029 1710 1772 1705 1405 1683"/></Shape>
	    <String CONTENT=" ברצונם ו תורו א " HPOS="1405.0" VPOS="1522.0" WIDTH="947.0" HEIGHT="188.0"><Glyph ID="char_75" CONTENT=" " GC="1.0"><Shape><Polygon POINTS="2262 1545 2264 1706 2329 1705 2327 1544"/></Shape></Glyph><Glyph ID="char_76" CONTENT="ב" GC="1.0"><Shape><Polygon POINTS="2208 1546 2210 1707 2264 1706 2262 1545"/></Shape></Glyph><Glyph ID="char_77" CONTENT="ר" GC="1.0"><Shape><Polygon POINTS="2154 1547 2156 1708 2210 1707 2208 1546"/></Shape></Glyph><Glyph ID="char_78" CONTENT="צ" GC="1.0"><Shape><Polygon POINTS="2111 1548 2113 1709 2156 1708 2154 1547"/></Shape></Glyph><Glyph ID="char_79" CONTENT="ו" GC="1.0"><Shape><Polygon POINTS="2078 1548 2080 1709 2113 1709 2111 1548"/></Shape></Glyph><Glyph ID="char_80" CONTENT="נ" GC="1.0"><Shape><Polygon POINTS="2035 1549 2037 1710 2080 1709 2078 1548"/></Shape></Glyph><Glyph ID="char_81" CONTENT="ם" GC="1.0"><Shape><Polygon POINTS="1994 1548 1991 1709 2037 1710 2035 1549"/></Shape></Glyph><Glyph ID="char_82" CONTENT=" " GC="1.0"><Shape><Polygon POINTS="1973 1548 1970 1709 1991 1709 1994 1548"/></Shape></Glyph><Glyph ID="char_83" CONTENT="ו" GC="1.0"><Shape><Polygon POINTS="1940 1547 1937 1708 1970 1709 1973 1548"/></Shape></Glyph><Glyph ID="char_84" CONTENT=" " GC="1.0"><Shape><Polygon POINTS="1886 1546 1883 1707 1937 1708 1940 1547"/></Shape></Glyph><Glyph ID="char_85" CONTENT="ת" GC="1.0"><Shape><Polygon POINTS="1832 1545 1829 1706 1883 1707 1886 1546"/></Shape></Glyph><Glyph ID="char_86" CONTENT="ו" GC="1.0"><Shape><Polygon POINTS="1788 1544 1785 1705 1829 1706 1832 1545"/></Shape></Glyph><Glyph ID="char_87" CONTENT="ר" GC="1.0"><Shape><Polygon POINTS="1749 1542 1739 1703 1785 1705 1788 1544"/></Shape></Glyph><Glyph ID="char_88" CONTENT="ו" GC="1.0"><Shape><Polygon POINTS="1706 1540 1696 1700 1739 1703 1749 1542"/></Shape></Glyph><Glyph ID="char_89" CONTENT=" " GC="1.0"><Shape><Polygon POINTS="1674 1538 1663 1698 1696 1700 1706 1540"/></Shape></Glyph><Glyph ID="char_90" CONTENT="א" GC="1.0"><Shape><Polygon POINTS="1577 1532 1567 1693 1663 1698 1674 1538"/></Shape></Glyph><Glyph ID="char_91" CONTENT=" " GC="1.0"><Shape><Polygon POINTS="1447 1524 1437 1685 1567 1693 1577 1532"/></Shape></Glyph></String>
          </TextLine>

          
        </TextBlock>
        

        
      </PrintSpace>
    </Page>
  </Layout>
</alto>