<?xml version='1.0' encoding='UTF-8'?>
<alto xmlns:xsi="http://www.w3.org/2001/XMLSchema-instance" xmlns="http://www.loc.gov/standards/alto/ns-v4#" xsi:schemaLocation="http://www.loc.gov/standards/alto/ns-v4# http://www.loc.gov/standards/alto/v4/alto-4-2.xsd">
  <Description>
    <MeasurementUnit>pixel</MeasurementUnit>
    <sourceImageInformation>
      <fileName>P222-Fg010-R-C01-R01-D11032013-T130154-LR924_012.jpg</fileName>
      
    </sourceImageInformation>
  </Description>
  
  <Tags>
    <OtherTag ID="BT1443" LABEL="Parchment_or_papyrus" DESCRIPTION="block type Parchment_or_papyrus"/><OtherTag ID="BT2" LABEL="Main" DESCRIPTION="block type Main"/>
    
  </Tags>
  
  <Layout>
    <Page WIDTH="3608" HEIGHT="2706" PHYSICAL_IMG_NR="356" ID="eSc_dummypage_">
      <PrintSpace HPOS="0" VPOS="0" WIDTH="3608" HEIGHT="2706">
        
        <TextBlock HPOS="1312.0" VPOS="972.0" WIDTH="1446.0" HEIGHT="1187.0" ID="eSc_textblock_f22305af" TAGREFS="BT2">
          <Shape><Polygon POINTS="1312 972 1312 2159 2758 2159 2758 972"/></Shape>
          
          
          <TextLine ID="eSc_line_1793048" BASELINE="1568 1254 2064 1074 2232 1042 2847 1346" HPOS="1539.0" VPOS="960.0" WIDTH="1344.0" HEIGHT="435.0">
            <Shape><Polygon POINTS="1539 1176 2035 996 2216 960 2883 1271 2822 1395 2242 1096 2082 1125 1586 1305"/></Shape>
	    <String CONTENT=" כ אוה " HPOS="1539.0" VPOS="960.0" WIDTH="1344.0" HEIGHT="435.0"><Glyph ID="char_0" CONTENT=" " GC="1.0"><Shape><Polygon POINTS="2707 1189 2649 1306 2747 1357 2807 1236"/></Shape></Glyph><Glyph ID="char_1" CONTENT="כ" GC="1.0"><Shape><Polygon POINTS="2673 1173 2616 1289 2649 1306 2707 1189"/></Shape></Glyph><Glyph ID="char_2" CONTENT=" " GC="1.0"><Shape><Polygon POINTS="2639 1157 2583 1272 2616 1289 2673 1173"/></Shape></Glyph><Glyph ID="char_3" CONTENT="א" GC="1.0"><Shape><Polygon POINTS="2548 1115 2493 1225 2583 1272 2639 1157"/></Shape></Glyph><Glyph ID="char_4" CONTENT="ו" GC="1.0"><Shape><Polygon POINTS="2191 965 2217 1101 2493 1225 2548 1115"/></Shape></Glyph><Glyph ID="char_5" CONTENT="ה" GC="1.0"><Shape><Polygon POINTS="1929 1035 1976 1164 2217 1101 2191 965"/></Shape></Glyph><Glyph ID="char_6" CONTENT=" " GC="1.0"><Shape><Polygon POINTS="1721 1110 1768 1239 1976 1164 1929 1035"/></Shape></Glyph></String>
          </TextLine>

          
          
          <TextLine ID="eSc_line_1793050" BASELINE="1378 1510 2145 1254 2172 1265 2787 1482" HPOS="1351.0" VPOS="1175.0" WIDTH="1463.0" HEIGHT="387.0">
            <Shape><Polygon POINTS="1351 1431 2118 1175 2203 1188 2814 1403 2768 1534 2151 1316 2162 1306 1395 1562"/></Shape>
	    <String CONTENT=" החריש משא הריב א " HPOS="1351.0" VPOS="1175.0" WIDTH="1463.0" HEIGHT="387.0"><Glyph ID="char_7" CONTENT=" " GC="1.0"><Shape><Polygon POINTS="2743 1378 2697 1509 2750 1528 2796 1397"/></Shape></Glyph><Glyph ID="char_8" CONTENT="ה" GC="1.0"><Shape><Polygon POINTS="2682 1357 2636 1487 2697 1509 2743 1378"/></Shape></Glyph><Glyph ID="char_9" CONTENT="ח" GC="1.0"><Shape><Polygon POINTS="2603 1329 2557 1459 2636 1487 2682 1357"/></Shape></Glyph><Glyph ID="char_10" CONTENT="ר" GC="1.0"><Shape><Polygon POINTS="2506 1295 2460 1425 2557 1459 2603 1329"/></Shape></Glyph><Glyph ID="char_11" CONTENT="י" GC="1.0"><Shape><Polygon POINTS="2437 1270 2391 1401 2460 1425 2506 1295"/></Shape></Glyph><Glyph ID="char_12" CONTENT="ש" GC="1.0"><Shape><Polygon POINTS="2348 1239 2302 1369 2391 1401 2437 1270"/></Shape></Glyph><Glyph ID="char_13" CONTENT=" " GC="1.0"><Shape><Polygon POINTS="2252 1205 2206 1335 2302 1369 2348 1239"/></Shape></Glyph><Glyph ID="char_14" CONTENT="מ" GC="1.0"><Shape><Polygon POINTS="2110 1178 2157 1318 2206 1335 2252 1205"/></Shape></Glyph><Glyph ID="char_15" CONTENT="ש" GC="1.0"><Shape><Polygon POINTS="1969 1225 2013 1356 2157 1318 2110 1178"/></Shape></Glyph><Glyph ID="char_16" CONTENT="א" GC="1.0"><Shape><Polygon POINTS="1871 1257 1915 1388 2013 1356 1969 1225"/></Shape></Glyph><Glyph ID="char_17" CONTENT=" " GC="1.0"><Shape><Polygon POINTS="1810 1278 1854 1409 1915 1388 1871 1257"/></Shape></Glyph><Glyph ID="char_18" CONTENT="ה" GC="1.0"><Shape><Polygon POINTS="1740 1301 1783 1432 1854 1409 1810 1278"/></Shape></Glyph><Glyph ID="char_19" CONTENT="ר" GC="1.0"><Shape><Polygon POINTS="1660 1328 1704 1459 1783 1432 1740 1301"/></Shape></Glyph><Glyph ID="char_20" CONTENT="י" GC="1.0"><Shape><Polygon POINTS="1607 1346 1651 1477 1704 1459 1660 1328"/></Shape></Glyph><Glyph ID="char_21" CONTENT="ב" GC="1.0"><Shape><Polygon POINTS="1554 1363 1597 1494 1651 1477 1607 1346"/></Shape></Glyph><Glyph ID="char_22" CONTENT=" " GC="1.0"><Shape><Polygon POINTS="1510 1378 1554 1509 1597 1494 1554 1363"/></Shape></Glyph><Glyph ID="char_23" CONTENT="א" GC="1.0"><Shape><Polygon POINTS="1465 1393 1509 1524 1554 1509 1510 1378"/></Shape></Glyph><Glyph ID="char_24" CONTENT=" " GC="1.0"><Shape><Polygon POINTS="1386 1419 1429 1550 1509 1524 1465 1393"/></Shape></Glyph></String>
          </TextLine>

          
          
          <TextLine ID="eSc_line_1793053" BASELINE="1389 1646 1933 1461 2091 1488 2700 1711" HPOS="1362.0" VPOS="1382.0" WIDTH="1366.0" HEIGHT="380.0">
            <Shape><Polygon POINTS="1362 1567 1906 1382 2104 1406 2728 1633 2681 1762 2081 1542 1950 1513 1406 1698"/></Shape>
	    <String CONTENT=" לברך שם ל עליו " HPOS="1362.0" VPOS="1382.0" WIDTH="1366.0" HEIGHT="380.0"><Glyph ID="char_25" CONTENT=" " GC="1.0"><Shape><Polygon POINTS="2546 1567 2499 1695 2603 1733 2650 1605"/></Shape></Glyph><Glyph ID="char_26" CONTENT="ל" GC="1.0"><Shape><Polygon POINTS="2494 1548 2447 1676 2499 1695 2546 1567"/></Shape></Glyph><Glyph ID="char_27" CONTENT="ב" GC="1.0"><Shape><Polygon POINTS="2433 1526 2386 1654 2447 1676 2494 1548"/></Shape></Glyph><Glyph ID="char_28" CONTENT="ר" GC="1.0"><Shape><Polygon POINTS="2338 1491 2291 1619 2386 1654 2433 1526"/></Shape></Glyph><Glyph ID="char_29" CONTENT="ך" GC="1.0"><Shape><Polygon POINTS="2269 1466 2222 1594 2291 1619 2338 1491"/></Shape></Glyph><Glyph ID="char_30" CONTENT=" " GC="1.0"><Shape><Polygon POINTS="2208 1444 2161 1571 2222 1594 2269 1466"/></Shape></Glyph><Glyph ID="char_31" CONTENT="ש" GC="1.0"><Shape><Polygon POINTS="2130 1415 2083 1543 2161 1571 2208 1444"/></Shape></Glyph><Glyph ID="char_32" CONTENT="ם" GC="1.0"><Shape><Polygon POINTS="2025 1396 2003 1525 2083 1543 2130 1415"/></Shape></Glyph><Glyph ID="char_33" CONTENT=" " GC="1.0"><Shape><Polygon POINTS="1903 1383 1947 1514 2003 1525 2025 1396"/></Shape></Glyph><Glyph ID="char_34" CONTENT="ל" GC="1.0"><Shape><Polygon POINTS="1807 1416 1852 1546 1947 1514 1903 1383"/></Shape></Glyph><Glyph ID="char_35" CONTENT=" " GC="1.0"><Shape><Polygon POINTS="1719 1446 1764 1576 1852 1546 1807 1416"/></Shape></Glyph><Glyph ID="char_36" CONTENT="ע" GC="1.0"><Shape><Polygon POINTS="1702 1451 1747 1582 1764 1576 1719 1446"/></Shape></Glyph><Glyph ID="char_37" CONTENT="ל" GC="1.0"><Shape><Polygon POINTS="1650 1469 1694 1600 1747 1582 1702 1451"/></Shape></Glyph><Glyph ID="char_38" CONTENT="י" GC="1.0"><Shape><Polygon POINTS="1562 1499 1606 1630 1694 1600 1650 1469"/></Shape></Glyph><Glyph ID="char_39" CONTENT="ו" GC="1.0"><Shape><Polygon POINTS="1501 1520 1546 1650 1606 1630 1562 1499"/></Shape></Glyph><Glyph ID="char_40" CONTENT=" " GC="1.0"><Shape><Polygon POINTS="1413 1550 1458 1680 1546 1650 1501 1520"/></Shape></Glyph></String>
          </TextLine>

          
          
          <TextLine ID="eSc_line_1793054" BASELINE="1394 1754 1955 1667 2004 1673 2532 1852" HPOS="1381.0" VPOS="1585.0" WIDTH="1177.0" HEIGHT="319.0">
            <Shape><Polygon POINTS="1381 1672 1942 1585 2014 1590 2558 1773 2514 1904 1997 1727 1963 1721 1402 1808"/></Shape>
	    <String CONTENT=" י מצותיו ובוח י ר " HPOS="1381.0" VPOS="1585.0" WIDTH="1177.0" HEIGHT="319.0"><Glyph ID="char_41" CONTENT=" " GC="1.0"><Shape><Polygon POINTS="2418 1726 2374 1856 2461 1886 2505 1755"/></Shape></Glyph><Glyph ID="char_42" CONTENT="י" GC="1.0"><Shape><Polygon POINTS="2365 1708 2321 1838 2374 1856 2418 1726"/></Shape></Glyph><Glyph ID="char_43" CONTENT=" " GC="1.0"><Shape><Polygon POINTS="2321 1693 2277 1823 2321 1838 2365 1708"/></Shape></Glyph><Glyph ID="char_44" CONTENT="מ" GC="1.0"><Shape><Polygon POINTS="2269 1676 2225 1805 2277 1823 2321 1693"/></Shape></Glyph><Glyph ID="char_45" CONTENT="צ" GC="1.0"><Shape><Polygon POINTS="2216 1658 2172 1787 2225 1805 2269 1676"/></Shape></Glyph><Glyph ID="char_46" CONTENT="ו" GC="1.0"><Shape><Polygon POINTS="2164 1640 2120 1769 2172 1787 2216 1658"/></Shape></Glyph><Glyph ID="char_47" CONTENT="ת" GC="1.0"><Shape><Polygon POINTS="2094 1617 2050 1745 2120 1769 2164 1640"/></Shape></Glyph><Glyph ID="char_48" CONTENT="י" GC="1.0"><Shape><Polygon POINTS="2007 1590 1990 1726 2050 1745 2094 1617"/></Shape></Glyph><Glyph ID="char_49" CONTENT="ו" GC="1.0"><Shape><Polygon POINTS="1929 1587 1950 1723 1990 1726 2007 1590"/></Shape></Glyph><Glyph ID="char_50" CONTENT=" " GC="1.0"><Shape><Polygon POINTS="1901 1591 1922 1727 1950 1723 1929 1587"/></Shape></Glyph><Glyph ID="char_51" CONTENT="ו" GC="1.0"><Shape><Polygon POINTS="1856 1598 1877 1734 1922 1727 1901 1591"/></Shape></Glyph><Glyph ID="char_52" CONTENT="ב" GC="1.0"><Shape><Polygon POINTS="1819 1604 1840 1740 1877 1734 1856 1598"/></Shape></Glyph><Glyph ID="char_53" CONTENT="ו" GC="1.0"><Shape><Polygon POINTS="1765 1612 1786 1748 1840 1740 1819 1604"/></Shape></Glyph><Glyph ID="char_54" CONTENT="ח" GC="1.0"><Shape><Polygon POINTS="1692 1624 1713 1760 1786 1748 1765 1612"/></Shape></Glyph><Glyph ID="char_55" CONTENT=" " GC="1.0"><Shape><Polygon POINTS="1636 1632 1657 1768 1713 1760 1692 1624"/></Shape></Glyph><Glyph ID="char_56" CONTENT="י" GC="1.0"><Shape><Polygon POINTS="1591 1639 1612 1775 1657 1768 1636 1632"/></Shape></Glyph><Glyph ID="char_57" CONTENT=" " GC="1.0"><Shape><Polygon POINTS="1545 1647 1566 1783 1612 1775 1591 1639"/></Shape></Glyph><Glyph ID="char_58" CONTENT="ר" GC="1.0"><Shape><Polygon POINTS="1499 1654 1520 1790 1566 1783 1545 1647"/></Shape></Glyph><Glyph ID="char_59" CONTENT=" " GC="1.0"><Shape><Polygon POINTS="1417 1666 1438 1802 1520 1790 1499 1654"/></Shape></Glyph></String>
          </TextLine>

          
          
          <TextLine ID="eSc_line_1793056" BASELINE="1405 1885 1982 1814 2031 1814 2499 1934" HPOS="1394.0" VPOS="1731.0" WIDTH="1125.0" HEIGHT="256.0">
            <Shape><Polygon POINTS="1394 1802 1971 1731 2031 1731 2519 1853 2485 1987 2031 1869 1988 1868 1411 1939"/></Shape>
	    <String CONTENT=" קודשו ברוך אתה אל אל " HPOS="1394.0" VPOS="1731.0" WIDTH="1125.0" HEIGHT="256.0"><Glyph ID="char_60" CONTENT=" " GC="1.0"><Shape><Polygon POINTS="2349 1811 2316 1943 2413 1968 2447 1835"/></Shape></Glyph><Glyph ID="char_61" CONTENT="ק" GC="1.0"><Shape><Polygon POINTS="2287 1795 2254 1927 2316 1943 2349 1811"/></Shape></Glyph><Glyph ID="char_62" CONTENT="ו" GC="1.0"><Shape><Polygon POINTS="2224 1779 2191 1911 2254 1927 2287 1795"/></Shape></Glyph><Glyph ID="char_63" CONTENT="ד" GC="1.0"><Shape><Polygon POINTS="2171 1766 2137 1897 2191 1911 2224 1779"/></Shape></Glyph><Glyph ID="char_64" CONTENT="ש" GC="1.0"><Shape><Polygon POINTS="2090 1746 2057 1876 2137 1897 2171 1766"/></Shape></Glyph><Glyph ID="char_65" CONTENT="ו" GC="1.0"><Shape><Polygon POINTS="2008 1731 2008 1868 2057 1876 2090 1746"/></Shape></Glyph><Glyph ID="char_66" CONTENT=" " GC="1.0"><Shape><Polygon POINTS="1961 1732 1977 1869 2008 1868 2008 1731"/></Shape></Glyph><Glyph ID="char_67" CONTENT="ב" GC="1.0"><Shape><Polygon POINTS="1906 1739 1923 1876 1977 1869 1961 1732"/></Shape></Glyph><Glyph ID="char_68" CONTENT="ר" GC="1.0"><Shape><Polygon POINTS="1832 1748 1849 1885 1923 1876 1906 1739"/></Shape></Glyph><Glyph ID="char_69" CONTENT="ו" GC="1.0"><Shape><Polygon POINTS="1787 1754 1804 1891 1849 1885 1832 1748"/></Shape></Glyph><Glyph ID="char_70" CONTENT="ך" GC="1.0"><Shape><Polygon POINTS="1768 1756 1785 1893 1804 1891 1787 1754"/></Shape></Glyph><Glyph ID="char_71" CONTENT=" " GC="1.0"><Shape><Polygon POINTS="1722 1762 1739 1899 1785 1893 1768 1756"/></Shape></Glyph><Glyph ID="char_72" CONTENT="א" GC="1.0"><Shape><Polygon POINTS="1659 1769 1676 1906 1739 1899 1722 1762"/></Shape></Glyph><Glyph ID="char_73" CONTENT="ת" GC="1.0"><Shape><Polygon POINTS="1576 1780 1593 1917 1676 1906 1659 1769"/></Shape></Glyph><Glyph ID="char_74" CONTENT="ה" GC="1.0"><Shape><Polygon POINTS="1522 1786 1539 1923 1593 1917 1576 1780"/></Shape></Glyph><Glyph ID="char_75" CONTENT=" " GC="1.0"><Shape><Polygon POINTS="1485 1791 1502 1928 1539 1923 1522 1786"/></Shape></Glyph><Glyph ID="char_76" CONTENT="א" GC="1.0"><Shape><Polygon POINTS="1457 1794 1474 1931 1502 1928 1485 1791"/></Shape></Glyph><Glyph ID="char_77" CONTENT="ל" GC="1.0"><Shape><Polygon POINTS="1448 1795 1465 1932 1474 1931 1457 1794"/></Shape></Glyph><Glyph ID="char_78" CONTENT=" " GC="1.0"><Shape><Polygon POINTS="1439 1796 1456 1933 1465 1932 1448 1795"/></Shape></Glyph><Glyph ID="char_79" CONTENT="א" GC="1.0"><Shape><Polygon POINTS="1431 1798 1447 1935 1456 1933 1439 1796"/></Shape></Glyph><Glyph ID="char_80" CONTENT="ל" GC="1.0"><Shape><Polygon POINTS="1422 1799 1438 1936 1447 1935 1431 1798"/></Shape></Glyph><Glyph ID="char_81" CONTENT=" " GC="1.0"><Shape><Polygon POINTS="1404 1885 1431 1881"/></Shape></Glyph></String>
          </TextLine>

          
          
          <TextLine ID="eSc_line_1793058" BASELINE="1699 1901 2352 2032" HPOS="1688.0" VPOS="1819.0" WIDTH="680.0" HEIGHT="267.0">
            <Shape><Polygon POINTS="1715 1819 2368 1950 2341 2086 1688 1955"/></Shape>
	    <String CONTENT=" לה ל ל ברכ ו " HPOS="1688.0" VPOS="1819.0" WIDTH="680.0" HEIGHT="267.0"><Glyph ID="char_82" CONTENT=" " GC="1.0"><Shape><Polygon POINTS="2285 1933 2258 2069 2313 2080 2341 1945"/></Shape></Glyph><Glyph ID="char_83" CONTENT="ל" GC="1.0"><Shape><Polygon POINTS="2221 1921 2194 2056 2258 2069 2285 1933"/></Shape></Glyph><Glyph ID="char_84" CONTENT="ה" GC="1.0"><Shape><Polygon POINTS="2165 1909 2138 2045 2194 2056 2221 1921"/></Shape></Glyph><Glyph ID="char_85" CONTENT=" " GC="1.0"><Shape><Polygon POINTS="2129 1902 2102 2038 2138 2045 2165 1909"/></Shape></Glyph><Glyph ID="char_86" CONTENT="ל" GC="1.0"><Shape><Polygon POINTS="2083 1893 2056 2029 2102 2038 2129 1902"/></Shape></Glyph><Glyph ID="char_87" CONTENT=" " GC="1.0"><Shape><Polygon POINTS="2046 1885 2018 2021 2056 2029 2083 1893"/></Shape></Glyph><Glyph ID="char_88" CONTENT="ל" GC="1.0"><Shape><Polygon POINTS="2018 1880 1991 2016 2018 2021 2046 1885"/></Shape></Glyph><Glyph ID="char_89" CONTENT=" " GC="1.0"><Shape><Polygon POINTS="1981 1872 1954 2008 1991 2016 2018 1880"/></Shape></Glyph><Glyph ID="char_90" CONTENT="ב" GC="1.0"><Shape><Polygon POINTS="1935 1863 1908 1999 1954 2008 1981 1872"/></Shape></Glyph><Glyph ID="char_91" CONTENT="ר" GC="1.0"><Shape><Polygon POINTS="1890 1854 1862 1990 1908 1999 1935 1863"/></Shape></Glyph><Glyph ID="char_92" CONTENT="כ" GC="1.0"><Shape><Polygon POINTS="1834 1843 1807 1979 1862 1990 1890 1854"/></Shape></Glyph><Glyph ID="char_93" CONTENT=" " GC="1.0"><Shape><Polygon POINTS="1779 1832 1752 1968 1807 1979 1834 1843"/></Shape></Glyph><Glyph ID="char_94" CONTENT="ו" GC="1.0"><Shape><Polygon POINTS="1760 1828 1733 1964 1752 1968 1779 1832"/></Shape></Glyph><Glyph ID="char_95" CONTENT=" " GC="1.0"><Shape><Polygon POINTS="1723 1821 1696 1957 1733 1964 1760 1828"/></Shape></Glyph></String>
          </TextLine>

          
          
          <TextLine ID="eSc_line_1793059" BASELINE="1547 1961 2308 2130" HPOS="1535.0" VPOS="1880.0" WIDTH="790.0" HEIGHT="303.0">
            <Shape><Polygon POINTS="1564 1880 2325 2049 2296 2183 1535 2014"/></Shape>
	    <String CONTENT=" כל " HPOS="1535.0" VPOS="1880.0" WIDTH="790.0" HEIGHT="303.0"><Glyph ID="char_96" CONTENT=" " GC="1.0"><Shape><Polygon POINTS="2255 2033 2225 2167 2280 2179 2310 2046"/></Shape></Glyph><Glyph ID="char_97" CONTENT="כ" GC="1.0"><Shape><Polygon POINTS="2210 2023 2180 2157 2225 2167 2255 2033"/></Shape></Glyph><Glyph ID="char_98" CONTENT="ל" GC="1.0"><Shape><Polygon POINTS="2040 1986 2010 2120 2180 2157 2210 2023"/></Shape></Glyph><Glyph ID="char_99" CONTENT=" " GC="1.0"><Shape><Polygon POINTS="1716 1914 1686 2048 2010 2120 2040 1986"/></Shape></Glyph></String>
          </TextLine>

          
        </TextBlock>
        

        
      </PrintSpace>
    </Page>
  </Layout>
</alto>