<?xml version='1.0' encoding='UTF-8'?>
<alto xmlns:xsi="http://www.w3.org/2001/XMLSchema-instance" xmlns="http://www.loc.gov/standards/alto/ns-v4#" xsi:schemaLocation="http://www.loc.gov/standards/alto/ns-v4# http://www.loc.gov/standards/alto/v4/alto-4-2.xsd">
  <Description>
    <MeasurementUnit>pixel</MeasurementUnit>
    <sourceImageInformation>
      <fileName>P238-Fg009-R-C01-R01-D27052014-T144325-LR924_012.jpg</fileName>
      
    </sourceImageInformation>
  </Description>
  
  <Tags>
    <OtherTag ID="BT1443" LABEL="Parchment_or_papyrus" DESCRIPTION="block type Parchment_or_papyrus"/><OtherTag ID="BT2" LABEL="Main" DESCRIPTION="block type Main"/>
    
  </Tags>
  
  <Layout>
    <Page WIDTH="3608" HEIGHT="2706" PHYSICAL_IMG_NR="196" ID="eSc_dummypage_">
      <PrintSpace HPOS="0" VPOS="0" WIDTH="3608" HEIGHT="2706">
        
        <TextBlock HPOS="1681.0" VPOS="665.0" WIDTH="962.0" HEIGHT="1156.0" ID="eSc_textblock_fe7aa02f" TAGREFS="BT2">
          <Shape><Polygon POINTS="1885 665 1681 1649 2643 1821 2643 858"/></Shape>
          
          
          <TextLine ID="eSc_line_1793071" BASELINE="1928 808 2363 900" HPOS="1912.0" VPOS="695.0" WIDTH="474.0" HEIGHT="279.0">
            <Shape><Polygon POINTS="1951 695 2386 787 2347 974 1912 882"/></Shape>
	    <String CONTENT=" " HPOS="1912.0" VPOS="695.0" WIDTH="474.0" HEIGHT="279.0"><Glyph ID="char_0" CONTENT=" " GC="1.0"><Shape><Polygon POINTS="2015 709 1976 895 2219 947 2259 760"/></Shape></Glyph></String>
          </TextLine>

          
          
          <TextLine ID="eSc_line_1793070" BASELINE="1873 987 2434 1112" HPOS="1856.0" VPOS="875.0" WIDTH="602.0" HEIGHT="311.0">
            <Shape><Polygon POINTS="1897 875 2458 1000 2417 1186 1856 1061"/></Shape>
	    <String CONTENT=" ה בשמעו" HPOS="1856.0" VPOS="875.0" WIDTH="602.0" HEIGHT="311.0"><Glyph ID="char_1" CONTENT=" " GC="1.0"><Shape><Polygon POINTS="2347 975 2305 1161 2392 1180 2434 995"/></Shape></Glyph><Glyph ID="char_2" CONTENT="ה" GC="1.0"><Shape><Polygon POINTS="2272 958 2230 1144 2305 1161 2347 975"/></Shape></Glyph><Glyph ID="char_3" CONTENT=" " GC="1.0"><Shape><Polygon POINTS="2222 947 2180 1133 2230 1144 2272 958"/></Shape></Glyph><Glyph ID="char_4" CONTENT="ב" GC="1.0"><Shape><Polygon POINTS="2159 933 2118 1119 2180 1133 2222 947"/></Shape></Glyph><Glyph ID="char_5" CONTENT="ש" GC="1.0"><Shape><Polygon POINTS="2084 917 2043 1103 2118 1119 2159 933"/></Shape></Glyph><Glyph ID="char_6" CONTENT="מ" GC="1.0"><Shape><Polygon POINTS="2022 903 1980 1089 2043 1103 2084 917"/></Shape></Glyph><Glyph ID="char_7" CONTENT="ע" GC="1.0"><Shape><Polygon POINTS="1959 889 1918 1075 1980 1089 2022 903"/></Shape></Glyph><Glyph ID="char_8" CONTENT="ו" GC="1.0"><Shape><Polygon POINTS="1872 986 1934 1000"/></Shape></Glyph></String>
          </TextLine>

          
          
          <TextLine ID="eSc_line_1793069" BASELINE="1808 1194 2412 1314" HPOS="1793.0" VPOS="1081.0" WIDTH="641.0" HEIGHT="307.0">
            <Shape><Polygon POINTS="1830 1081 2434 1201 2397 1388 1793 1268"/></Shape>
	    <String CONTENT=" יהיה לי כי" HPOS="1793.0" VPOS="1081.0" WIDTH="641.0" HEIGHT="307.0"><Glyph ID="char_9" CONTENT=" " GC="1.0"><Shape><Polygon POINTS="2359 1186 2322 1373 2372 1383 2409 1196"/></Shape></Glyph><Glyph ID="char_10" CONTENT="י" GC="1.0"><Shape><Polygon POINTS="2296 1174 2259 1361 2322 1373 2359 1186"/></Shape></Glyph><Glyph ID="char_11" CONTENT="ה" GC="1.0"><Shape><Polygon POINTS="2233 1161 2195 1348 2259 1361 2296 1174"/></Shape></Glyph><Glyph ID="char_12" CONTENT="י" GC="1.0"><Shape><Polygon POINTS="2170 1149 2132 1335 2195 1348 2233 1161"/></Shape></Glyph><Glyph ID="char_13" CONTENT="ה" GC="1.0"><Shape><Polygon POINTS="2132 1141 2095 1328 2132 1335 2170 1149"/></Shape></Glyph><Glyph ID="char_14" CONTENT=" " GC="1.0"><Shape><Polygon POINTS="2107 1136 2070 1323 2095 1328 2132 1141"/></Shape></Glyph><Glyph ID="char_15" CONTENT="ל" GC="1.0"><Shape><Polygon POINTS="2069 1128 2031 1315 2070 1323 2107 1136"/></Shape></Glyph><Glyph ID="char_16" CONTENT="י" GC="1.0"><Shape><Polygon POINTS="2006 1116 1969 1303 2031 1315 2069 1128"/></Shape></Glyph><Glyph ID="char_17" CONTENT=" " GC="1.0"><Shape><Polygon POINTS="1943 1103 1906 1290 1969 1303 2006 1116"/></Shape></Glyph><Glyph ID="char_18" CONTENT="כ" GC="1.0"><Shape><Polygon POINTS="1892 1093 1855 1280 1906 1290 1943 1103"/></Shape></Glyph><Glyph ID="char_19" CONTENT="י" GC="1.0"><Shape><Polygon POINTS="1807 1193 1869 1205"/></Shape></Glyph></String>
          </TextLine>

          
          
          <TextLine ID="eSc_line_1793068" BASELINE="1775 1363 2352 1493" HPOS="1758.0" VPOS="1251.0" WIDTH="619.0" HEIGHT="316.0">
            <Shape><Polygon POINTS="1800 1251 2377 1381 2335 1567 1758 1437"/></Shape>
	    <String CONTENT=" אבה יהוה" HPOS="1758.0" VPOS="1251.0" WIDTH="619.0" HEIGHT="316.0"><Glyph ID="char_20" CONTENT=" " GC="1.0"><Shape><Polygon POINTS="2302 1364 2259 1550 2322 1564 2364 1378"/></Shape></Glyph><Glyph ID="char_21" CONTENT="א" GC="1.0"><Shape><Polygon POINTS="2226 1347 2184 1533 2259 1550 2302 1364"/></Shape></Glyph><Glyph ID="char_22" CONTENT="ב" GC="1.0"><Shape><Polygon POINTS="2150 1330 2108 1516 2184 1533 2226 1347"/></Shape></Glyph><Glyph ID="char_23" CONTENT="ה" GC="1.0"><Shape><Polygon POINTS="2101 1319 2058 1505 2108 1516 2150 1330"/></Shape></Glyph><Glyph ID="char_24" CONTENT=" " GC="1.0"><Shape><Polygon POINTS="2050 1307 2008 1493 2058 1505 2101 1319"/></Shape></Glyph><Glyph ID="char_25" CONTENT="י" GC="1.0"><Shape><Polygon POINTS="1987 1293 1945 1479 2008 1493 2050 1307"/></Shape></Glyph><Glyph ID="char_26" CONTENT="ה" GC="1.0"><Shape><Polygon POINTS="1925 1279 1883 1465 1945 1479 1987 1293"/></Shape></Glyph><Glyph ID="char_27" CONTENT="ו" GC="1.0"><Shape><Polygon POINTS="1874 1268 1832 1454 1883 1465 1925 1279"/></Shape></Glyph><Glyph ID="char_28" CONTENT="ה" GC="1.0"><Shape><Polygon POINTS="1812 1254 1770 1440 1832 1454 1874 1268"/></Shape></Glyph></String>
          </TextLine>

          
          
          <TextLine ID="eSc_line_1793067" BASELINE="1743 1569 2668 1733" HPOS="1729.0" VPOS="1456.0" WIDTH="959.0" HEIGHT="352.0">
            <Shape><Polygon POINTS="1763 1456 2688 1620 2654 1808 1729 1644"/></Shape>
	    <String CONTENT=" הוא ודבקה בו כל" HPOS="1729.0" VPOS="1456.0" WIDTH="959.0" HEIGHT="352.0"><Glyph ID="char_29" CONTENT=" " GC="1.0"><Shape><Polygon POINTS="2562 1598 2528 1786 2617 1801 2650 1613"/></Shape></Glyph><Glyph ID="char_30" CONTENT="ה" GC="1.0"><Shape><Polygon POINTS="2511 1589 2478 1777 2528 1786 2562 1598"/></Shape></Glyph><Glyph ID="char_31" CONTENT="ו" GC="1.0"><Shape><Polygon POINTS="2460 1580 2427 1768 2478 1777 2511 1589"/></Shape></Glyph><Glyph ID="char_32" CONTENT="א" GC="1.0"><Shape><Polygon POINTS="2397 1568 2364 1757 2427 1768 2460 1580"/></Shape></Glyph><Glyph ID="char_33" CONTENT=" " GC="1.0"><Shape><Polygon POINTS="2346 1559 2312 1747 2364 1757 2397 1568"/></Shape></Glyph><Glyph ID="char_34" CONTENT="ו" GC="1.0"><Shape><Polygon POINTS="2295 1550 2261 1738 2312 1747 2346 1559"/></Shape></Glyph><Glyph ID="char_35" CONTENT="ד" GC="1.0"><Shape><Polygon POINTS="2244 1541 2211 1729 2261 1738 2295 1550"/></Shape></Glyph><Glyph ID="char_36" CONTENT="ב" GC="1.0"><Shape><Polygon POINTS="2168 1528 2134 1716 2211 1729 2244 1541"/></Shape></Glyph><Glyph ID="char_37" CONTENT="ק" GC="1.0"><Shape><Polygon POINTS="2092 1514 2058 1702 2134 1716 2168 1528"/></Shape></Glyph><Glyph ID="char_38" CONTENT="ה" GC="1.0"><Shape><Polygon POINTS="2042 1505 2008 1693 2058 1702 2092 1514"/></Shape></Glyph><Glyph ID="char_39" CONTENT=" " GC="1.0"><Shape><Polygon POINTS="2003 1499 1970 1687 2008 1693 2042 1505"/></Shape></Glyph><Glyph ID="char_40" CONTENT="ב" GC="1.0"><Shape><Polygon POINTS="1965 1492 1931 1680 1970 1687 2003 1499"/></Shape></Glyph><Glyph ID="char_41" CONTENT="ו" GC="1.0"><Shape><Polygon POINTS="1927 1485 1894 1673 1931 1680 1965 1492"/></Shape></Glyph><Glyph ID="char_42" CONTENT=" " GC="1.0"><Shape><Polygon POINTS="1889 1478 1855 1666 1894 1673 1927 1485"/></Shape></Glyph><Glyph ID="char_43" CONTENT="כ" GC="1.0"><Shape><Polygon POINTS="1838 1469 1804 1657 1855 1666 1889 1478"/></Shape></Glyph><Glyph ID="char_44" CONTENT="ל" GC="1.0"><Shape><Polygon POINTS="1775 1458 1741 1646 1804 1657 1838 1469"/></Shape></Glyph></String>
          </TextLine>

          
        </TextBlock>
        

        
      </PrintSpace>
    </Page>
  </Layout>
</alto>