<?xml version='1.0' encoding='UTF-8'?>
<alto xmlns:xsi="http://www.w3.org/2001/XMLSchema-instance" xmlns="http://www.loc.gov/standards/alto/ns-v4#" xsi:schemaLocation="http://www.loc.gov/standards/alto/ns-v4# http://www.loc.gov/standards/alto/v4/alto-4-2.xsd">
  <Description>
    <MeasurementUnit>pixel</MeasurementUnit>
    <sourceImageInformation>
      <fileName>P243-Fg009-R-C01-R01-D30082012-T090138-LR924_012_F.jpg</fileName>
      
    </sourceImageInformation>
  </Description>
  
  <Tags>
    <OtherTag ID="BT1443" LABEL="Parchment_or_papyrus" DESCRIPTION="block type Parchment_or_papyrus"/><OtherTag ID="BT2" LABEL="Main" DESCRIPTION="block type Main"/>
    
  </Tags>
  
  <Layout>
    <Page WIDTH="3608" HEIGHT="2706" PHYSICAL_IMG_NR="85" ID="eSc_dummypage_">
      <PrintSpace HPOS="0" VPOS="0" WIDTH="3608" HEIGHT="2706">
        
        <TextBlock HPOS="106.0" VPOS="698.0" WIDTH="2746.0" HEIGHT="1499.0" ID="eSc_textblock_2a94db4e" TAGREFS="BT2">
          <Shape><Polygon POINTS="977 972 106 1504 1320 2138 2852 2197 2852 698 1743 739"/></Shape>
          
          
          <TextLine ID="eSc_line_1787511" BASELINE="1785 762 2117 775 2275 777 2403 789" HPOS="1781.0" VPOS="631.0" WIDTH="634.0" HEIGHT="244.0">
            <Shape><Polygon POINTS="1790 631 2122 644 2276 646 2415 658 2394 875 2273 864 2113 862 1781 849"/></Shape>
	    <String CONTENT=" אשר נשבע " HPOS="1781.0" VPOS="631.0" WIDTH="634.0" HEIGHT="244.0"><Glyph ID="char_0" CONTENT=" " GC="1.0"><Shape><Polygon POINTS="2297 648 2277 864 2350 871 2371 654"/></Shape></Glyph><Glyph ID="char_1" CONTENT="א" GC="1.0"><Shape><Polygon POINTS="2242 646 2240 864 2277 864 2297 648"/></Shape></Glyph><Glyph ID="char_2" CONTENT="ש" GC="1.0"><Shape><Polygon POINTS="2168 645 2166 863 2240 864 2242 646"/></Shape></Glyph><Glyph ID="char_3" CONTENT="ר" GC="1.0"><Shape><Polygon POINTS="2124 644 2122 862 2166 863 2168 645"/></Shape></Glyph><Glyph ID="char_4" CONTENT=" " GC="1.0"><Shape><Polygon POINTS="2084 643 2075 861 2122 862 2124 644"/></Shape></Glyph><Glyph ID="char_5" CONTENT="נ" GC="1.0"><Shape><Polygon POINTS="2040 641 2031 859 2075 861 2084 643"/></Shape></Glyph><Glyph ID="char_6" CONTENT="ש" GC="1.0"><Shape><Polygon POINTS="1981 638 1972 856 2031 859 2040 641"/></Shape></Glyph><Glyph ID="char_7" CONTENT="ב" GC="1.0"><Shape><Polygon POINTS="1922 636 1913 854 1972 856 1981 638"/></Shape></Glyph><Glyph ID="char_8" CONTENT="ע" GC="1.0"><Shape><Polygon POINTS="1863 634 1854 852 1913 854 1922 636"/></Shape></Glyph><Glyph ID="char_9" CONTENT=" " GC="1.0"><Shape><Polygon POINTS="1804 632 1795 850 1854 852 1863 634"/></Shape></Glyph></String>
          </TextLine>

          
          
          <TextLine ID="eSc_line_1787512" BASELINE="1073 992 1783 996 1950 994 2275 983 2505 987 2764 987" HPOS="1072.0" VPOS="852.0" WIDTH="1692.0" HEIGHT="231.0">
            <Shape><Polygon POINTS="1073 861 1783 865 1948 863 2270 852 2507 856 2764 856 2764 1074 2503 1074 2277 1070 1951 1081 1782 1083 1072 1079"/></Shape>
	    <String CONTENT="הוליכך יהוה אלהיך זה ארבעים שנה " HPOS="1072.0" VPOS="852.0" WIDTH="1692.0" HEIGHT="231.0"><Glyph ID="char_10" CONTENT="ה" GC="1.0"><Shape><Polygon POINTS="2661 856 2661 1074 2734 1074 2734 856"/></Shape></Glyph><Glyph ID="char_11" CONTENT="ו" GC="1.0"><Shape><Polygon POINTS="2631 856 2631 1074 2661 1074 2661 856"/></Shape></Glyph><Glyph ID="char_12" CONTENT="ל" GC="1.0"><Shape><Polygon POINTS="2587 856 2587 1074 2631 1074 2631 856"/></Shape></Glyph><Glyph ID="char_13" CONTENT="י" GC="1.0"><Shape><Polygon POINTS="2543 856 2543 1074 2587 1074 2587 856"/></Shape></Glyph><Glyph ID="char_14" CONTENT="כ" GC="1.0"><Shape><Polygon POINTS="2501 856 2497 1074 2543 1074 2543 856"/></Shape></Glyph><Glyph ID="char_15" CONTENT="ך" GC="1.0"><Shape><Polygon POINTS="2457 855 2453 1073 2497 1074 2501 856"/></Shape></Glyph><Glyph ID="char_16" CONTENT=" " GC="1.0"><Shape><Polygon POINTS="2413 854 2409 1072 2453 1073 2457 855"/></Shape></Glyph><Glyph ID="char_17" CONTENT="י" GC="1.0"><Shape><Polygon POINTS="2354 853 2350 1071 2409 1072 2413 854"/></Shape></Glyph><Glyph ID="char_18" CONTENT="ה" GC="1.0"><Shape><Polygon POINTS="2295 852 2291 1070 2350 1071 2354 853"/></Shape></Glyph><Glyph ID="char_19" CONTENT="ו" GC="1.0"><Shape><Polygon POINTS="2229 853 2237 1071 2291 1070 2295 852"/></Shape></Glyph><Glyph ID="char_20" CONTENT="ה" GC="1.0"><Shape><Polygon POINTS="2185 855 2193 1073 2237 1071 2229 853"/></Shape></Glyph><Glyph ID="char_21" CONTENT=" " GC="1.0"><Shape><Polygon POINTS="2141 856 2149 1074 2193 1073 2185 855"/></Shape></Glyph><Glyph ID="char_22" CONTENT="א" GC="1.0"><Shape><Polygon POINTS="2082 858 2090 1076 2149 1074 2141 856"/></Shape></Glyph><Glyph ID="char_23" CONTENT="ל" GC="1.0"><Shape><Polygon POINTS="2038 860 2046 1078 2090 1076 2082 858"/></Shape></Glyph><Glyph ID="char_24" CONTENT="ה" GC="1.0"><Shape><Polygon POINTS="1980 862 1987 1080 2046 1078 2038 860"/></Shape></Glyph><Glyph ID="char_25" CONTENT="י" GC="1.0"><Shape><Polygon POINTS="1938 863 1941 1081 1987 1080 1980 862"/></Shape></Glyph><Glyph ID="char_26" CONTENT="ך" GC="1.0"><Shape><Polygon POINTS="1879 864 1882 1082 1941 1081 1938 863"/></Shape></Glyph><Glyph ID="char_27" CONTENT=" " GC="1.0"><Shape><Polygon POINTS="1835 864 1838 1082 1882 1082 1879 864"/></Shape></Glyph><Glyph ID="char_28" CONTENT="ז" GC="1.0"><Shape><Polygon POINTS="1779 865 1777 1083 1838 1082 1835 864"/></Shape></Glyph><Glyph ID="char_29" CONTENT="ה" GC="1.0"><Shape><Polygon POINTS="1720 865 1718 1083 1777 1083 1779 865"/></Shape></Glyph><Glyph ID="char_30" CONTENT=" " GC="1.0"><Shape><Polygon POINTS="1676 864 1674 1082 1718 1083 1720 865"/></Shape></Glyph><Glyph ID="char_31" CONTENT="א" GC="1.0"><Shape><Polygon POINTS="1617 864 1615 1082 1674 1082 1676 864"/></Shape></Glyph><Glyph ID="char_32" CONTENT="ר" GC="1.0"><Shape><Polygon POINTS="1559 864 1557 1082 1615 1082 1617 864"/></Shape></Glyph><Glyph ID="char_33" CONTENT="ב" GC="1.0"><Shape><Polygon POINTS="1500 863 1498 1081 1557 1082 1559 864"/></Shape></Glyph><Glyph ID="char_34" CONTENT="ע" GC="1.0"><Shape><Polygon POINTS="1456 863 1454 1081 1498 1081 1500 863"/></Shape></Glyph><Glyph ID="char_35" CONTENT="י" GC="1.0"><Shape><Polygon POINTS="1397 863 1395 1081 1454 1081 1456 863"/></Shape></Glyph><Glyph ID="char_36" CONTENT="ם" GC="1.0"><Shape><Polygon POINTS="1353 863 1351 1081 1395 1081 1397 863"/></Shape></Glyph><Glyph ID="char_37" CONTENT=" " GC="1.0"><Shape><Polygon POINTS="1309 862 1307 1080 1351 1081 1353 863"/></Shape></Glyph><Glyph ID="char_38" CONTENT="ש" GC="1.0"><Shape><Polygon POINTS="1235 862 1233 1080 1307 1080 1309 862"/></Shape></Glyph><Glyph ID="char_39" CONTENT="נ" GC="1.0"><Shape><Polygon POINTS="1176 862 1174 1080 1233 1080 1235 862"/></Shape></Glyph><Glyph ID="char_40" CONTENT="ה" GC="1.0"><Shape><Polygon POINTS="1117 861 1115 1079 1174 1080 1176 862"/></Shape></Glyph><Glyph ID="char_41" CONTENT=" " GC="1.0"><Shape><Polygon POINTS="1072 991 1115 991"/></Shape></Glyph></String>
          </TextLine>

          
          
          <TextLine ID="eSc_line_1787513" BASELINE="886 1233 1014 1228 1389 1231 1707 1219 2061 1219 2478 1206 2656 1206 2755 1213" HPOS="880.0" VPOS="1075.0" WIDTH="1884.0" HEIGHT="245.0">
            <Shape><Polygon POINTS="880 1102 1008 1097 1390 1100 1702 1088 2061 1088 2473 1075 2656 1075 2764 1082 2748 1299 2656 1293 2480 1293 2061 1306 1710 1306 1388 1318 1017 1315 889 1320"/></Shape>
	    <String CONTENT="נסותך ולדעת את אשר בלבבך התשמר מצו " HPOS="880.0" VPOS="1075.0" WIDTH="1884.0" HEIGHT="245.0"><Glyph ID="char_42" CONTENT="נ" GC="1.0"><Shape><Polygon POINTS="2691 1077 2675 1294 2733 1298 2749 1081"/></Shape></Glyph><Glyph ID="char_43" CONTENT="ס" GC="1.0"><Shape><Polygon POINTS="2623 1075 2623 1293 2675 1294 2691 1077"/></Shape></Glyph><Glyph ID="char_44" CONTENT="ו" GC="1.0"><Shape><Polygon POINTS="2564 1075 2564 1293 2623 1293 2623 1075"/></Shape></Glyph><Glyph ID="char_45" CONTENT="ת" GC="1.0"><Shape><Polygon POINTS="2506 1075 2506 1293 2564 1293 2564 1075"/></Shape></Glyph><Glyph ID="char_46" CONTENT="ך" GC="1.0"><Shape><Polygon POINTS="2458 1075 2465 1293 2506 1293 2506 1075"/></Shape></Glyph><Glyph ID="char_47" CONTENT=" " GC="1.0"><Shape><Polygon POINTS="2414 1077 2421 1295 2465 1293 2458 1075"/></Shape></Glyph><Glyph ID="char_48" CONTENT="ו" GC="1.0"><Shape><Polygon POINTS="2385 1078 2392 1296 2421 1295 2414 1077"/></Shape></Glyph><Glyph ID="char_49" CONTENT="ל" GC="1.0"><Shape><Polygon POINTS="2341 1079 2348 1297 2392 1296 2385 1078"/></Shape></Glyph><Glyph ID="char_50" CONTENT="ד" GC="1.0"><Shape><Polygon POINTS="2297 1081 2304 1298 2348 1297 2341 1079"/></Shape></Glyph><Glyph ID="char_51" CONTENT="ע" GC="1.0"><Shape><Polygon POINTS="2239 1082 2246 1300 2304 1298 2297 1081"/></Shape></Glyph><Glyph ID="char_52" CONTENT="ת" GC="1.0"><Shape><Polygon POINTS="2181 1084 2187 1302 2246 1300 2239 1082"/></Shape></Glyph><Glyph ID="char_53" CONTENT=" " GC="1.0"><Shape><Polygon POINTS="2137 1086 2143 1303 2187 1302 2181 1084"/></Shape></Glyph><Glyph ID="char_54" CONTENT="א" GC="1.0"><Shape><Polygon POINTS="2079 1087 2085 1305 2143 1303 2137 1086"/></Shape></Glyph><Glyph ID="char_55" CONTENT="ת" GC="1.0"><Shape><Polygon POINTS="2039 1088 2039 1306 2085 1305 2079 1087"/></Shape></Glyph><Glyph ID="char_56" CONTENT=" " GC="1.0"><Shape><Polygon POINTS="1995 1088 1995 1306 2039 1306 2039 1088"/></Shape></Glyph><Glyph ID="char_57" CONTENT="א" GC="1.0"><Shape><Polygon POINTS="1951 1088 1951 1306 1995 1306 1995 1088"/></Shape></Glyph><Glyph ID="char_58" CONTENT="ש" GC="1.0"><Shape><Polygon POINTS="1878 1088 1878 1306 1951 1306 1951 1088"/></Shape></Glyph><Glyph ID="char_59" CONTENT="ר" GC="1.0"><Shape><Polygon POINTS="1820 1088 1820 1306 1878 1306 1878 1088"/></Shape></Glyph><Glyph ID="char_60" CONTENT=" " GC="1.0"><Shape><Polygon POINTS="1776 1088 1776 1306 1820 1306 1820 1088"/></Shape></Glyph><Glyph ID="char_61" CONTENT="ב" GC="1.0"><Shape><Polygon POINTS="1718 1088 1718 1306 1776 1306 1776 1088"/></Shape></Glyph><Glyph ID="char_62" CONTENT="ל" GC="1.0"><Shape><Polygon POINTS="1669 1089 1677 1307 1718 1306 1718 1088"/></Shape></Glyph><Glyph ID="char_63" CONTENT="ב" GC="1.0"><Shape><Polygon POINTS="1610 1092 1618 1309 1677 1307 1669 1089"/></Shape></Glyph><Glyph ID="char_64" CONTENT="ב" GC="1.0"><Shape><Polygon POINTS="1537 1094 1545 1312 1618 1309 1610 1092"/></Shape></Glyph><Glyph ID="char_65" CONTENT="ך" GC="1.0"><Shape><Polygon POINTS="1494 1096 1502 1314 1545 1312 1537 1094"/></Shape></Glyph><Glyph ID="char_66" CONTENT=" " GC="1.0"><Shape><Polygon POINTS="1435 1098 1443 1316 1502 1314 1494 1096"/></Shape></Glyph><Glyph ID="char_67" CONTENT="ה" GC="1.0"><Shape><Polygon POINTS="1368 1100 1366 1318 1443 1316 1435 1098"/></Shape></Glyph><Glyph ID="char_68" CONTENT="ת" GC="1.0"><Shape><Polygon POINTS="1310 1099 1308 1317 1366 1318 1368 1100"/></Shape></Glyph><Glyph ID="char_69" CONTENT="ש" GC="1.0"><Shape><Polygon POINTS="1237 1099 1235 1317 1308 1317 1310 1099"/></Shape></Glyph><Glyph ID="char_70" CONTENT="מ" GC="1.0"><Shape><Polygon POINTS="1164 1098 1162 1316 1235 1317 1237 1099"/></Shape></Glyph><Glyph ID="char_71" CONTENT="ר" GC="1.0"><Shape><Polygon POINTS="1120 1098 1118 1316 1162 1316 1164 1098"/></Shape></Glyph><Glyph ID="char_72" CONTENT=" " GC="1.0"><Shape><Polygon POINTS="1076 1098 1074 1315 1118 1316 1120 1098"/></Shape></Glyph><Glyph ID="char_73" CONTENT="מ" GC="1.0"><Shape><Polygon POINTS="997 1097 1005 1315 1074 1315 1076 1098"/></Shape></Glyph><Glyph ID="char_74" CONTENT="צ" GC="1.0"><Shape><Polygon POINTS="953 1099 961 1317 1005 1315 997 1097"/></Shape></Glyph><Glyph ID="char_75" CONTENT="ו" GC="1.0"><Shape><Polygon POINTS="924 1100 932 1318 961 1317 953 1099"/></Shape></Glyph><Glyph ID="char_76" CONTENT=" " GC="1.0"><Shape><Polygon POINTS="885 1233 928 1231"/></Shape></Glyph></String>
          </TextLine>

          
          
          <TextLine ID="eSc_line_1787514" BASELINE="175 1463 656 1456 811 1449 1355 1447 1438 1443 2013 1438 2329 1420 2694 1418 2782 1431" HPOS="173.0" VPOS="1287.0" WIDTH="2628.0" HEIGHT="263.0">
            <Shape><Polygon POINTS="173 1332 654 1325 805 1318 1354 1316 1431 1312 2011 1307 2321 1289 2693 1287 2801 1301 2769 1517 2694 1505 2333 1507 2013 1525 1442 1530 1355 1534 814 1536 657 1543 176 1550"/></Shape>
	    <String CONTENT="וירעיבך ויאכילך את המן אשר לא ידעת ולא ידעו אבותיך" HPOS="173.0" VPOS="1287.0" WIDTH="2628.0" HEIGHT="263.0"><Glyph ID="char_77" CONTENT="ו" GC="1.0"><Shape><Polygon POINTS="2713 1290 2681 1505 2740 1512 2772 1297"/></Shape></Glyph><Glyph ID="char_78" CONTENT="י" GC="1.0"><Shape><Polygon POINTS="2649 1287 2651 1505 2681 1505 2713 1290"/></Shape></Glyph><Glyph ID="char_79" CONTENT="ר" GC="1.0"><Shape><Polygon POINTS="2590 1288 2592 1506 2651 1505 2649 1287"/></Shape></Glyph><Glyph ID="char_80" CONTENT="ע" GC="1.0"><Shape><Polygon POINTS="2532 1288 2534 1506 2592 1506 2590 1288"/></Shape></Glyph><Glyph ID="char_81" CONTENT="י" GC="1.0"><Shape><Polygon POINTS="2488 1288 2490 1506 2534 1506 2532 1288"/></Shape></Glyph><Glyph ID="char_82" CONTENT="ב" GC="1.0"><Shape><Polygon POINTS="2444 1288 2446 1506 2490 1506 2488 1288"/></Shape></Glyph><Glyph ID="char_83" CONTENT="ך" GC="1.0"><Shape><Polygon POINTS="2400 1289 2402 1507 2446 1506 2444 1288"/></Shape></Glyph><Glyph ID="char_84" CONTENT=" " GC="1.0"><Shape><Polygon POINTS="2356 1289 2358 1507 2402 1507 2400 1289"/></Shape></Glyph><Glyph ID="char_85" CONTENT="ו" GC="1.0"><Shape><Polygon POINTS="2306 1290 2318 1508 2358 1507 2356 1289"/></Shape></Glyph><Glyph ID="char_86" CONTENT="י" GC="1.0"><Shape><Polygon POINTS="2262 1292 2274 1510 2318 1508 2306 1290"/></Shape></Glyph><Glyph ID="char_87" CONTENT="א" GC="1.0"><Shape><Polygon POINTS="2203 1296 2215 1514 2274 1510 2262 1292"/></Shape></Glyph><Glyph ID="char_88" CONTENT="כ" GC="1.0"><Shape><Polygon POINTS="2159 1298 2171 1516 2215 1514 2203 1296"/></Shape></Glyph><Glyph ID="char_89" CONTENT="י" GC="1.0"><Shape><Polygon POINTS="2115 1301 2127 1519 2171 1516 2159 1298"/></Shape></Glyph><Glyph ID="char_90" CONTENT="ל" GC="1.0"><Shape><Polygon POINTS="2071 1304 2084 1521 2127 1519 2115 1301"/></Shape></Glyph><Glyph ID="char_91" CONTENT="ך" GC="1.0"><Shape><Polygon POINTS="2027 1306 2040 1524 2084 1521 2071 1304"/></Shape></Glyph><Glyph ID="char_92" CONTENT=" " GC="1.0"><Shape><Polygon POINTS="1990 1307 1991 1525 2040 1524 2027 1306"/></Shape></Glyph><Glyph ID="char_93" CONTENT="א" GC="1.0"><Shape><Polygon POINTS="1917 1308 1918 1526 1991 1525 1990 1307"/></Shape></Glyph><Glyph ID="char_94" CONTENT="ת" GC="1.0"><Shape><Polygon POINTS="1859 1308 1860 1526 1918 1526 1917 1308"/></Shape></Glyph><Glyph ID="char_95" CONTENT=" " GC="1.0"><Shape><Polygon POINTS="1815 1309 1816 1527 1860 1526 1859 1308"/></Shape></Glyph><Glyph ID="char_96" CONTENT="ה" GC="1.0"><Shape><Polygon POINTS="1756 1309 1757 1527 1816 1527 1815 1309"/></Shape></Glyph><Glyph ID="char_97" CONTENT="מ" GC="1.0"><Shape><Polygon POINTS="1712 1310 1713 1528 1757 1527 1756 1309"/></Shape></Glyph><Glyph ID="char_98" CONTENT="ן" GC="1.0"><Shape><Polygon POINTS="1668 1310 1669 1528 1713 1528 1712 1310"/></Shape></Glyph><Glyph ID="char_99" CONTENT=" " GC="1.0"><Shape><Polygon POINTS="1609 1310 1610 1529 1669 1528 1668 1310"/></Shape></Glyph><Glyph ID="char_100" CONTENT="א" GC="1.0"><Shape><Polygon POINTS="1536 1311 1537 1529 1610 1529 1609 1310"/></Shape></Glyph><Glyph ID="char_101" CONTENT="ש" GC="1.0"><Shape><Polygon POINTS="1463 1312 1464 1530 1537 1529 1536 1311"/></Shape></Glyph><Glyph ID="char_102" CONTENT="ר" GC="1.0"><Shape><Polygon POINTS="1398 1314 1409 1532 1464 1530 1463 1312"/></Shape></Glyph><Glyph ID="char_103" CONTENT=" " GC="1.0"><Shape><Polygon POINTS="1354 1316 1365 1534 1409 1532 1398 1314"/></Shape></Glyph><Glyph ID="char_104" CONTENT="ל" GC="1.0"><Shape><Polygon POINTS="1316 1316 1317 1534 1365 1534 1354 1316"/></Shape></Glyph><Glyph ID="char_105" CONTENT="א" GC="1.0"><Shape><Polygon POINTS="1272 1316 1273 1534 1317 1534 1316 1316"/></Shape></Glyph><Glyph ID="char_106" CONTENT=" " GC="1.0"><Shape><Polygon POINTS="1214 1317 1215 1535 1273 1534 1272 1316"/></Shape></Glyph><Glyph ID="char_107" CONTENT="י" GC="1.0"><Shape><Polygon POINTS="1170 1317 1171 1535 1215 1535 1214 1317"/></Shape></Glyph><Glyph ID="char_108" CONTENT="ד" GC="1.0"><Shape><Polygon POINTS="1111 1317 1112 1535 1171 1535 1170 1317"/></Shape></Glyph><Glyph ID="char_109" CONTENT="ע" GC="1.0"><Shape><Polygon POINTS="1052 1317 1053 1535 1112 1535 1111 1317"/></Shape></Glyph><Glyph ID="char_110" CONTENT="ת" GC="1.0"><Shape><Polygon POINTS="994 1317 995 1535 1053 1535 1052 1317"/></Shape></Glyph><Glyph ID="char_111" CONTENT=" " GC="1.0"><Shape><Polygon POINTS="935 1318 936 1536 995 1535 994 1317"/></Shape></Glyph><Glyph ID="char_112" CONTENT="ו" GC="1.0"><Shape><Polygon POINTS="891 1318 892 1536 936 1536 935 1318"/></Shape></Glyph><Glyph ID="char_113" CONTENT="ל" GC="1.0"><Shape><Polygon POINTS="833 1318 834 1536 892 1536 891 1318"/></Shape></Glyph><Glyph ID="char_114" CONTENT="א" GC="1.0"><Shape><Polygon POINTS="754 1320 764 1538 834 1536 833 1318"/></Shape></Glyph><Glyph ID="char_115" CONTENT=" " GC="1.0"><Shape><Polygon POINTS="710 1322 720 1540 764 1538 754 1320"/></Shape></Glyph><Glyph ID="char_116" CONTENT="י" GC="1.0"><Shape><Polygon POINTS="652 1325 662 1543 720 1540 710 1322"/></Shape></Glyph><Glyph ID="char_117" CONTENT="ד" GC="1.0"><Shape><Polygon POINTS="612 1326 615 1544 662 1543 652 1325"/></Shape></Glyph><Glyph ID="char_118" CONTENT="ע" GC="1.0"><Shape><Polygon POINTS="553 1326 556 1544 615 1544 612 1326"/></Shape></Glyph><Glyph ID="char_119" CONTENT="ו" GC="1.0"><Shape><Polygon POINTS="509 1327 512 1545 556 1544 553 1326"/></Shape></Glyph><Glyph ID="char_120" CONTENT=" " GC="1.0"><Shape><Polygon POINTS="465 1328 468 1546 512 1545 509 1327"/></Shape></Glyph><Glyph ID="char_121" CONTENT="א" GC="1.0"><Shape><Polygon POINTS="407 1329 410 1547 468 1546 465 1328"/></Shape></Glyph><Glyph ID="char_122" CONTENT="ב" GC="1.0"><Shape><Polygon POINTS="348 1329 351 1547 410 1547 407 1329"/></Shape></Glyph><Glyph ID="char_123" CONTENT="ו" GC="1.0"><Shape><Polygon POINTS="289 1330 292 1548 351 1547 348 1329"/></Shape></Glyph><Glyph ID="char_124" CONTENT="ת" GC="1.0"><Shape><Polygon POINTS="245 1331 248 1549 292 1548 289 1330"/></Shape></Glyph><Glyph ID="char_125" CONTENT="י" GC="1.0"><Shape><Polygon POINTS="201 1332 204 1550 248 1549 245 1331"/></Shape></Glyph><Glyph ID="char_126" CONTENT="ך" GC="1.0"><Shape><Polygon POINTS="174 1463 202 1462"/></Shape></Glyph></String>
          </TextLine>

          
          
          <TextLine ID="eSc_line_1787515" BASELINE="322 1684 541 1691 717 1684 942 1684 1080 1679 1197 1682 1364 1673 1452 1673 1650 1664 1939 1664 2115 1657 2282 1659 2696 1643 2778 1646" HPOS="319.0" VPOS="1512.0" WIDTH="2463.0" HEIGHT="266.0">
            <Shape><Polygon POINTS="326 1553 545 1560 711 1553 942 1553 1075 1548 1200 1551 1356 1542 1452 1542 1644 1533 1939 1533 2109 1526 2283 1528 2690 1512 2782 1515 2774 1733 2699 1730 2280 1746 2118 1744 1939 1751 1653 1751 1452 1760 1368 1760 1194 1769 1083 1766 942 1771 720 1771 538 1778 319 1771"/></Shape>
	    <String CONTENT="למען הודיעך כי לא על הלחם לבדו יחיה האדם כי על כל " HPOS="319.0" VPOS="1512.0" WIDTH="2463.0" HEIGHT="266.0"><Glyph ID="char_127" CONTENT="ל" GC="1.0"><Shape><Polygon POINTS="2684 1512 2692 1730 2744 1732 2752 1514"/></Shape></Glyph><Glyph ID="char_128" CONTENT="מ" GC="1.0"><Shape><Polygon POINTS="2655 1513 2663 1731 2692 1730 2684 1512"/></Shape></Glyph><Glyph ID="char_129" CONTENT="ע" GC="1.0"><Shape><Polygon POINTS="2611 1515 2619 1733 2663 1731 2655 1513"/></Shape></Glyph><Glyph ID="char_130" CONTENT="ן" GC="1.0"><Shape><Polygon POINTS="2582 1516 2590 1734 2619 1733 2611 1515"/></Shape></Glyph><Glyph ID="char_131" CONTENT=" " GC="1.0"><Shape><Polygon POINTS="2538 1518 2546 1736 2590 1734 2582 1516"/></Shape></Glyph><Glyph ID="char_132" CONTENT="ה" GC="1.0"><Shape><Polygon POINTS="2479 1520 2487 1738 2546 1736 2538 1518"/></Shape></Glyph><Glyph ID="char_133" CONTENT="ו" GC="1.0"><Shape><Polygon POINTS="2436 1522 2444 1740 2487 1738 2479 1520"/></Shape></Glyph><Glyph ID="char_134" CONTENT="ד" GC="1.0"><Shape><Polygon POINTS="2392 1524 2400 1741 2444 1740 2436 1522"/></Shape></Glyph><Glyph ID="char_135" CONTENT="י" GC="1.0"><Shape><Polygon POINTS="2333 1526 2341 1744 2400 1741 2392 1524"/></Shape></Glyph><Glyph ID="char_136" CONTENT="ע" GC="1.0"><Shape><Polygon POINTS="2282 1528 2279 1746 2341 1744 2333 1526"/></Shape></Glyph><Glyph ID="char_137" CONTENT="ך" GC="1.0"><Shape><Polygon POINTS="2238 1527 2235 1745 2279 1746 2282 1528"/></Shape></Glyph><Glyph ID="char_138" CONTENT=" " GC="1.0"><Shape><Polygon POINTS="2194 1527 2191 1745 2235 1745 2238 1527"/></Shape></Glyph><Glyph ID="char_139" CONTENT="כ" GC="1.0"><Shape><Polygon POINTS="2135 1526 2132 1744 2191 1745 2194 1527"/></Shape></Glyph><Glyph ID="char_140" CONTENT="י" GC="1.0"><Shape><Polygon POINTS="2099 1526 2107 1744 2132 1744 2135 1526"/></Shape></Glyph><Glyph ID="char_141" CONTENT=" " GC="1.0"><Shape><Polygon POINTS="2055 1528 2064 1746 2107 1744 2099 1526"/></Shape></Glyph><Glyph ID="char_142" CONTENT="ל" GC="1.0"><Shape><Polygon POINTS="2011 1530 2020 1748 2064 1746 2055 1528"/></Shape></Glyph><Glyph ID="char_143" CONTENT="א" GC="1.0"><Shape><Polygon POINTS="1968 1532 1977 1750 2020 1748 2011 1530"/></Shape></Glyph><Glyph ID="char_144" CONTENT=" " GC="1.0"><Shape><Polygon POINTS="1929 1533 1929 1751 1977 1750 1968 1532"/></Shape></Glyph><Glyph ID="char_145" CONTENT="ע" GC="1.0"><Shape><Polygon POINTS="1885 1533 1885 1751 1929 1751 1929 1533"/></Shape></Glyph><Glyph ID="char_146" CONTENT="ל" GC="1.0"><Shape><Polygon POINTS="1841 1533 1841 1751 1885 1751 1885 1533"/></Shape></Glyph><Glyph ID="char_147" CONTENT=" " GC="1.0"><Shape><Polygon POINTS="1797 1533 1797 1751 1841 1751 1841 1533"/></Shape></Glyph><Glyph ID="char_148" CONTENT="ה" GC="1.0"><Shape><Polygon POINTS="1753 1533 1753 1751 1797 1751 1797 1533"/></Shape></Glyph><Glyph ID="char_149" CONTENT="ל" GC="1.0"><Shape><Polygon POINTS="1709 1533 1709 1751 1753 1751 1753 1533"/></Shape></Glyph><Glyph ID="char_150" CONTENT="ח" GC="1.0"><Shape><Polygon POINTS="1651 1533 1651 1751 1709 1751 1709 1533"/></Shape></Glyph><Glyph ID="char_151" CONTENT="ם" GC="1.0"><Shape><Polygon POINTS="1586 1536 1596 1754 1651 1751 1651 1533"/></Shape></Glyph><Glyph ID="char_152" CONTENT=" " GC="1.0"><Shape><Polygon POINTS="1542 1538 1552 1756 1596 1754 1586 1536"/></Shape></Glyph><Glyph ID="char_153" CONTENT="ל" GC="1.0"><Shape><Polygon POINTS="1499 1540 1509 1757 1552 1756 1542 1538"/></Shape></Glyph><Glyph ID="char_154" CONTENT="ב" GC="1.0"><Shape><Polygon POINTS="1455 1542 1465 1759 1509 1757 1499 1540"/></Shape></Glyph><Glyph ID="char_155" CONTENT="ד" GC="1.0"><Shape><Polygon POINTS="1417 1542 1417 1760 1465 1759 1455 1542"/></Shape></Glyph><Glyph ID="char_156" CONTENT="ו" GC="1.0"><Shape><Polygon POINTS="1388 1542 1388 1760 1417 1760 1417 1542"/></Shape></Glyph><Glyph ID="char_157" CONTENT=" " GC="1.0"><Shape><Polygon POINTS="1337 1543 1349 1761 1388 1760 1388 1542"/></Shape></Glyph><Glyph ID="char_158" CONTENT="י" GC="1.0"><Shape><Polygon POINTS="1278 1546 1290 1764 1349 1761 1337 1543"/></Shape></Glyph><Glyph ID="char_159" CONTENT="ח" GC="1.0"><Shape><Polygon POINTS="1234 1549 1246 1766 1290 1764 1278 1546"/></Shape></Glyph><Glyph ID="char_160" CONTENT="י" GC="1.0"><Shape><Polygon POINTS="1187 1551 1181 1769 1246 1766 1234 1549"/></Shape></Glyph><Glyph ID="char_161" CONTENT="ה" GC="1.0"><Shape><Polygon POINTS="1128 1549 1122 1767 1181 1769 1187 1551"/></Shape></Glyph><Glyph ID="char_162" CONTENT=" " GC="1.0"><Shape><Polygon POINTS="1085 1548 1079 1766 1122 1767 1128 1549"/></Shape></Glyph><Glyph ID="char_163" CONTENT="ה" GC="1.0"><Shape><Polygon POINTS="1003 1551 1011 1769 1079 1766 1085 1548"/></Shape></Glyph><Glyph ID="char_164" CONTENT="א" GC="1.0"><Shape><Polygon POINTS="935 1553 935 1771 1011 1769 1003 1551"/></Shape></Glyph><Glyph ID="char_165" CONTENT="ד" GC="1.0"><Shape><Polygon POINTS="877 1553 877 1771 935 1771 935 1553"/></Shape></Glyph><Glyph ID="char_166" CONTENT="ם" GC="1.0"><Shape><Polygon POINTS="833 1553 833 1771 877 1771 877 1553"/></Shape></Glyph><Glyph ID="char_167" CONTENT=" " GC="1.0"><Shape><Polygon POINTS="774 1553 774 1771 833 1771 833 1553"/></Shape></Glyph><Glyph ID="char_168" CONTENT="כ" GC="1.0"><Shape><Polygon POINTS="731 1553 731 1771 774 1771 774 1553"/></Shape></Glyph><Glyph ID="char_169" CONTENT="י" GC="1.0"><Shape><Polygon POINTS="696 1554 704 1772 731 1771 731 1553"/></Shape></Glyph><Glyph ID="char_170" CONTENT=" " GC="1.0"><Shape><Polygon POINTS="667 1555 675 1773 704 1772 696 1554"/></Shape></Glyph><Glyph ID="char_171" CONTENT="ע" GC="1.0"><Shape><Polygon POINTS="623 1557 631 1774 675 1773 667 1555"/></Shape></Glyph><Glyph ID="char_172" CONTENT="ל" GC="1.0"><Shape><Polygon POINTS="579 1559 587 1776 631 1774 623 1557"/></Shape></Glyph><Glyph ID="char_173" CONTENT=" " GC="1.0"><Shape><Polygon POINTS="550 1560 558 1777 587 1776 579 1559"/></Shape></Glyph><Glyph ID="char_174" CONTENT="כ" GC="1.0"><Shape><Polygon POINTS="516 1559 508 1777 558 1777 550 1560"/></Shape></Glyph><Glyph ID="char_175" CONTENT="ל" GC="1.0"><Shape><Polygon POINTS="487 1558 479 1776 508 1777 516 1559"/></Shape></Glyph><Glyph ID="char_176" CONTENT=" " GC="1.0"><Shape><Polygon POINTS="385 1555 377 1773 479 1776 487 1558"/></Shape></Glyph></String>
          </TextLine>

          
          
          <TextLine ID="eSc_line_1787516" BASELINE="786 1891 897 1898 1147 1898 1443 1885 1603 1885 1779 1878 1964 1880 2421 1869 2532 1871 2800 1860" HPOS="780.0" VPOS="1729.0" WIDTH="2023.0" HEIGHT="256.0">
            <Shape><Polygon POINTS="794 1760 905 1767 1147 1767 1437 1754 1603 1754 1773 1747 1965 1749 2417 1738 2534 1740 2794 1729 2803 1947 2530 1958 2423 1956 1963 1967 1782 1965 1603 1972 1446 1972 1147 1985 891 1985 780 1978"/></Shape>
	    <String CONTENT="יהוה יחיה האדם שלמתךך לא בלתה מעלי " HPOS="780.0" VPOS="1729.0" WIDTH="2023.0" HEIGHT="256.0"><Glyph ID="char_177" CONTENT="י" GC="1.0"><Shape><Polygon POINTS="2677 1734 2686 1952 2773 1948 2765 1730"/></Shape></Glyph><Glyph ID="char_178" CONTENT="ה" GC="1.0"><Shape><Polygon POINTS="2619 1736 2628 1954 2686 1952 2677 1734"/></Shape></Glyph><Glyph ID="char_179" CONTENT="ו" GC="1.0"><Shape><Polygon POINTS="2575 1738 2584 1956 2628 1954 2619 1736"/></Shape></Glyph><Glyph ID="char_180" CONTENT="ה" GC="1.0"><Shape><Polygon POINTS="2524 1740 2521 1958 2584 1956 2575 1738"/></Shape></Glyph><Glyph ID="char_181" CONTENT=" " GC="1.0"><Shape><Polygon POINTS="2480 1739 2477 1957 2521 1958 2524 1740"/></Shape></Glyph><Glyph ID="char_182" CONTENT="י" GC="1.0"><Shape><Polygon POINTS="2437 1738 2433 1956 2477 1957 2480 1739"/></Shape></Glyph><Glyph ID="char_183" CONTENT="ח" GC="1.0"><Shape><Polygon POINTS="2373 1739 2378 1957 2433 1956 2437 1738"/></Shape></Glyph><Glyph ID="char_184" CONTENT="י" GC="1.0"><Shape><Polygon POINTS="2329 1740 2334 1958 2378 1957 2373 1739"/></Shape></Glyph><Glyph ID="char_185" CONTENT="ה" GC="1.0"><Shape><Polygon POINTS="2270 1742 2275 1960 2334 1958 2329 1740"/></Shape></Glyph><Glyph ID="char_186" CONTENT=" " GC="1.0"><Shape><Polygon POINTS="2212 1743 2217 1961 2275 1960 2270 1742"/></Shape></Glyph><Glyph ID="char_187" CONTENT="ה" GC="1.0"><Shape><Polygon POINTS="2154 1744 2159 1962 2217 1961 2212 1743"/></Shape></Glyph><Glyph ID="char_188" CONTENT="א" GC="1.0"><Shape><Polygon POINTS="2095 1746 2100 1964 2159 1962 2154 1744"/></Shape></Glyph><Glyph ID="char_189" CONTENT="ד" GC="1.0"><Shape><Polygon POINTS="2022 1748 2027 1965 2100 1964 2095 1746"/></Shape></Glyph><Glyph ID="char_190" CONTENT="ם" GC="1.0"><Shape><Polygon POINTS="1964 1749 1969 1967 2027 1965 2022 1748"/></Shape></Glyph><Glyph ID="char_191" CONTENT=" " GC="1.0"><Shape><Polygon POINTS="1925 1749 1922 1967 1969 1967 1964 1749"/></Shape></Glyph><Glyph ID="char_192" CONTENT="ש" GC="1.0"><Shape><Polygon POINTS="1852 1748 1849 1966 1922 1967 1925 1749"/></Shape></Glyph><Glyph ID="char_193" CONTENT="ל" GC="1.0"><Shape><Polygon POINTS="1794 1747 1791 1965 1849 1966 1852 1748"/></Shape></Glyph><Glyph ID="char_194" CONTENT="מ" GC="1.0"><Shape><Polygon POINTS="1713 1749 1722 1967 1791 1965 1794 1747"/></Shape></Glyph><Glyph ID="char_195" CONTENT="ת" GC="1.0"><Shape><Polygon POINTS="1640 1752 1649 1970 1722 1967 1713 1749"/></Shape></Glyph><Glyph ID="char_196" CONTENT="ך" GC="1.0"><Shape><Polygon POINTS="1602 1754 1602 1972 1649 1970 1640 1752"/></Shape></Glyph><Glyph ID="char_197" CONTENT="ך" GC="1.0"><Shape><Polygon POINTS="1587 1754 1587 1972 1602 1972 1602 1754"/></Shape></Glyph><Glyph ID="char_198" CONTENT=" " GC="1.0"><Shape><Polygon POINTS="1543 1754 1543 1972 1587 1972 1587 1754"/></Shape></Glyph><Glyph ID="char_199" CONTENT="ל" GC="1.0"><Shape><Polygon POINTS="1485 1754 1485 1972 1543 1972 1543 1754"/></Shape></Glyph><Glyph ID="char_200" CONTENT="א" GC="1.0"><Shape><Polygon POINTS="1421 1755 1430 1973 1485 1972 1485 1754"/></Shape></Glyph><Glyph ID="char_201" CONTENT=" " GC="1.0"><Shape><Polygon POINTS="1378 1757 1387 1975 1430 1973 1421 1755"/></Shape></Glyph><Glyph ID="char_202" CONTENT="ב" GC="1.0"><Shape><Polygon POINTS="1334 1759 1343 1976 1387 1975 1378 1757"/></Shape></Glyph><Glyph ID="char_203" CONTENT="ל" GC="1.0"><Shape><Polygon POINTS="1290 1761 1299 1978 1343 1976 1334 1759"/></Shape></Glyph><Glyph ID="char_204" CONTENT="ת" GC="1.0"><Shape><Polygon POINTS="1232 1763 1241 1981 1299 1978 1290 1761"/></Shape></Glyph><Glyph ID="char_205" CONTENT="ה" GC="1.0"><Shape><Polygon POINTS="1173 1766 1182 1983 1241 1981 1232 1763"/></Shape></Glyph><Glyph ID="char_206" CONTENT=" " GC="1.0"><Shape><Polygon POINTS="1121 1767 1121 1985 1182 1983 1173 1766"/></Shape></Glyph><Glyph ID="char_207" CONTENT="מ" GC="1.0"><Shape><Polygon POINTS="1048 1767 1048 1985 1121 1985 1121 1767"/></Shape></Glyph><Glyph ID="char_208" CONTENT="ע" GC="1.0"><Shape><Polygon POINTS="989 1767 989 1985 1048 1985 1048 1767"/></Shape></Glyph><Glyph ID="char_209" CONTENT="ל" GC="1.0"><Shape><Polygon POINTS="946 1767 946 1985 989 1985 989 1767"/></Shape></Glyph><Glyph ID="char_210" CONTENT="י" GC="1.0"><Shape><Polygon POINTS="896 1766 881 1984 946 1985 946 1767"/></Shape></Glyph><Glyph ID="char_211" CONTENT=" " GC="1.0"><Shape><Polygon POINTS="809 1761 794 1979 881 1984 896 1766"/></Shape></Glyph></String>
          </TextLine>

          
          
          <TextLine ID="eSc_line_1787517" BASELINE="1474 2079 1991 2090 2363 2090 2667 2081 2748 2072 2798 2072" HPOS="1472.0" VPOS="1941.0" WIDTH="1326.0" HEIGHT="236.0">
            <Shape><Polygon POINTS="1476 1948 1993 1959 2363 1959 2663 1950 2733 1942 2798 1941 2798 2159 2757 2158 2669 2168 2363 2177 1989 2177 1472 2166"/></Shape>
	    <String CONTENT="זה ארבעים שנה וידע " HPOS="1472.0" VPOS="1941.0" WIDTH="1326.0" HEIGHT="236.0"><Glyph ID="char_212" CONTENT="ז" GC="1.0"><Shape><Polygon POINTS="2709 1945 2733 2161 2782 2159 2782 1941"/></Shape></Glyph><Glyph ID="char_213" CONTENT="ה" GC="1.0"><Shape><Polygon POINTS="2665 1950 2689 2166 2733 2161 2709 1945"/></Shape></Glyph><Glyph ID="char_214" CONTENT=" " GC="1.0"><Shape><Polygon POINTS="2632 1951 2638 2169 2689 2166 2665 1950"/></Shape></Glyph><Glyph ID="char_215" CONTENT="א" GC="1.0"><Shape><Polygon POINTS="2573 1953 2579 2171 2638 2169 2632 1951"/></Shape></Glyph><Glyph ID="char_216" CONTENT="ר" GC="1.0"><Shape><Polygon POINTS="2529 1954 2535 2172 2579 2171 2573 1953"/></Shape></Glyph><Glyph ID="char_217" CONTENT="ב" GC="1.0"><Shape><Polygon POINTS="2470 1956 2476 2174 2535 2172 2529 1954"/></Shape></Glyph><Glyph ID="char_218" CONTENT="ע" GC="1.0"><Shape><Polygon POINTS="2411 1958 2417 2175 2476 2174 2470 1956"/></Shape></Glyph><Glyph ID="char_219" CONTENT="י" GC="1.0"><Shape><Polygon POINTS="2367 1959 2373 2177 2417 2175 2411 1958"/></Shape></Glyph><Glyph ID="char_220" CONTENT="ם" GC="1.0"><Shape><Polygon POINTS="2312 1959 2312 2177 2373 2177 2367 1959"/></Shape></Glyph><Glyph ID="char_221" CONTENT=" " GC="1.0"><Shape><Polygon POINTS="2268 1959 2268 2177 2312 2177 2312 1959"/></Shape></Glyph><Glyph ID="char_222" CONTENT="ש" GC="1.0"><Shape><Polygon POINTS="2209 1959 2209 2177 2268 2177 2268 1959"/></Shape></Glyph><Glyph ID="char_223" CONTENT="נ" GC="1.0"><Shape><Polygon POINTS="2150 1959 2150 2177 2209 2177 2209 1959"/></Shape></Glyph><Glyph ID="char_224" CONTENT="ה" GC="1.0"><Shape><Polygon POINTS="2106 1959 2106 2177 2150 2177 2150 1959"/></Shape></Glyph><Glyph ID="char_225" CONTENT=" " GC="1.0"><Shape><Polygon POINTS="2047 1959 2047 2177 2106 2177 2106 1959"/></Shape></Glyph><Glyph ID="char_226" CONTENT="ו" GC="1.0"><Shape><Polygon POINTS="2003 1959 2003 2177 2047 2177 2047 1959"/></Shape></Glyph><Glyph ID="char_227" CONTENT="י" GC="1.0"><Shape><Polygon POINTS="1962 1958 1957 2176 2003 2177 2003 1959"/></Shape></Glyph><Glyph ID="char_228" CONTENT="ד" GC="1.0"><Shape><Polygon POINTS="1903 1957 1898 2175 1957 2176 1962 1958"/></Shape></Glyph><Glyph ID="char_229" CONTENT="ע" GC="1.0"><Shape><Polygon POINTS="1726 1953 1721 2171 1898 2175 1903 1957"/></Shape></Glyph><Glyph ID="char_230" CONTENT=" " GC="1.0"><Shape><Polygon POINTS="1506 1949 1501 2167 1721 2171 1726 1953"/></Shape></Glyph></String>
          </TextLine>

          
        </TextBlock>
        

        
      </PrintSpace>
    </Page>
  </Layout>
</alto>