<?xml version='1.0' encoding='UTF-8'?>
<alto xmlns:xsi="http://www.w3.org/2001/XMLSchema-instance" xmlns="http://www.loc.gov/standards/alto/ns-v4#" xsi:schemaLocation="http://www.loc.gov/standards/alto/ns-v4# http://www.loc.gov/standards/alto/v4/alto-4-2.xsd">
  <Description>
    <MeasurementUnit>pixel</MeasurementUnit>
    <sourceImageInformation>
      <fileName>P254-Fg006-R-C01-R01-D06062012-T105306-LR924_012_F.jpg</fileName>
      
    </sourceImageInformation>
  </Description>
  
  <Tags>
    <OtherTag ID="BT1443" LABEL="Parchment_or_papyrus" DESCRIPTION="block type Parchment_or_papyrus"/><OtherTag ID="BT2" LABEL="Main" DESCRIPTION="block type Main"/>
    
  </Tags>
  
  <Layout>
    <Page WIDTH="3608" HEIGHT="2706" PHYSICAL_IMG_NR="375" ID="eSc_dummypage_">
      <PrintSpace HPOS="0" VPOS="0" WIDTH="3608" HEIGHT="2706">
        
        <TextBlock HPOS="893.0" VPOS="595.0" WIDTH="1521.0" HEIGHT="1156.0" ID="eSc_textblock_f5a7feec" TAGREFS="BT2">
          <Shape><Polygon POINTS="893 595 893 1751 2414 1751 2414 595 893 595"/></Shape>
          
          
          <TextLine ID="eSc_line_1787566" BASELINE="1657 1709 1517 1709 1436 1695" HPOS="1425.0" VPOS="1600.0" WIDTH="232.0" HEIGHT="173.0">
            <Shape><Polygon POINTS="1657 1613 1517 1613 1452 1600 1425 1758 1517 1773 1657 1773"/></Shape>
	    <String CONTENT=" " HPOS="1425.0" VPOS="1600.0" WIDTH="232.0" HEIGHT="173.0"><Glyph ID="char_0" CONTENT=" " GC="1.0"><Shape><Polygon POINTS="1601 1773 1601 1613 1486 1607 1457 1763"/></Shape></Glyph></String>
          </TextLine>

          
          
          <TextLine ID="eSc_line_1787565" BASELINE="2291 1612 2245 1603 2187 1598 2036 1601 1447 1562 1226 1564" HPOS="1225.0" VPOS="1466.0" WIDTH="1084.0" HEIGHT="208.0">
            <Shape><Polygon POINTS="2309 1517 2263 1508 2195 1502 2034 1505 1453 1466 1225 1468 1226 1627 1442 1625 2037 1664 2181 1661 2232 1665 2278 1674"/></Shape>
	    <String CONTENT=" בארצ אל יתהללו הגבורים " HPOS="1225.0" VPOS="1466.0" WIDTH="1084.0" HEIGHT="208.0"><Glyph ID="char_1" CONTENT=" " GC="1.0"><Shape><Polygon POINTS="1270 1627 1269 1468 1237 1468 1238 1627"/></Shape></Glyph><Glyph ID="char_2" CONTENT="ב" GC="1.0"><Shape><Polygon POINTS="1323 1626 1322 1467 1269 1468 1270 1627"/></Shape></Glyph><Glyph ID="char_3" CONTENT="א" GC="1.0"><Shape><Polygon POINTS="1387 1626 1386 1467 1322 1467 1323 1626"/></Shape></Glyph><Glyph ID="char_4" CONTENT="ר" GC="1.0"><Shape><Polygon POINTS="1446 1625 1457 1466 1386 1467 1387 1626"/></Shape></Glyph><Glyph ID="char_5" CONTENT="צ" GC="1.0"><Shape><Polygon POINTS="1478 1627 1489 1468 1457 1466 1446 1625"/></Shape></Glyph><Glyph ID="char_6" CONTENT=" " GC="1.0"><Shape><Polygon POINTS="1521 1630 1532 1471 1489 1468 1478 1627"/></Shape></Glyph><Glyph ID="char_7" CONTENT="א" GC="1.0"><Shape><Polygon POINTS="1574 1634 1584 1475 1532 1471 1521 1630"/></Shape></Glyph><Glyph ID="char_8" CONTENT="ל" GC="1.0"><Shape><Polygon POINTS="1606 1636 1616 1477 1584 1475 1574 1634"/></Shape></Glyph><Glyph ID="char_9" CONTENT=" " GC="1.0"><Shape><Polygon POINTS="1638 1638 1648 1479 1616 1477 1606 1636"/></Shape></Glyph><Glyph ID="char_10" CONTENT="י" GC="1.0"><Shape><Polygon POINTS="1670 1640 1680 1481 1648 1479 1638 1638"/></Shape></Glyph><Glyph ID="char_11" CONTENT="ת" GC="1.0"><Shape><Polygon POINTS="1723 1643 1733 1485 1680 1481 1670 1640"/></Shape></Glyph><Glyph ID="char_12" CONTENT="ה" GC="1.0"><Shape><Polygon POINTS="1777 1647 1787 1488 1733 1485 1723 1643"/></Shape></Glyph><Glyph ID="char_13" CONTENT="ל" GC="1.0"><Shape><Polygon POINTS="1819 1650 1830 1491 1787 1488 1777 1647"/></Shape></Glyph><Glyph ID="char_14" CONTENT="ל" GC="1.0"><Shape><Polygon POINTS="1861 1652 1872 1494 1830 1491 1819 1650"/></Shape></Glyph><Glyph ID="char_15" CONTENT="ו" GC="1.0"><Shape><Polygon POINTS="1893 1655 1904 1496 1872 1494 1861 1652"/></Shape></Glyph><Glyph ID="char_16" CONTENT=" " GC="1.0"><Shape><Polygon POINTS="1925 1657 1936 1498 1904 1496 1893 1655"/></Shape></Glyph><Glyph ID="char_17" CONTENT="ה" GC="1.0"><Shape><Polygon POINTS="1979 1660 1990 1502 1936 1498 1925 1657"/></Shape></Glyph><Glyph ID="char_18" CONTENT="ג" GC="1.0"><Shape><Polygon POINTS="2037 1664 2034 1505 1990 1502 1979 1660"/></Shape></Glyph><Glyph ID="char_19" CONTENT="ב" GC="1.0"><Shape><Polygon POINTS="2101 1663 2098 1504 2034 1505 2037 1664"/></Shape></Glyph><Glyph ID="char_20" CONTENT="ו" GC="1.0"><Shape><Polygon POINTS="2144 1662 2141 1503 2098 1504 2101 1663"/></Shape></Glyph><Glyph ID="char_21" CONTENT="ר" GC="1.0"><Shape><Polygon POINTS="2186 1661 2183 1502 2141 1503 2144 1662"/></Shape></Glyph><Glyph ID="char_22" CONTENT="י" GC="1.0"><Shape><Polygon POINTS="2212 1663 2225 1505 2183 1502 2186 1661"/></Shape></Glyph><Glyph ID="char_23" CONTENT="ם" GC="1.0"><Shape><Polygon POINTS="2233 1665 2247 1507 2225 1505 2212 1663"/></Shape></Glyph><Glyph ID="char_24" CONTENT=" " GC="1.0"><Shape><Polygon POINTS="2268 1672 2299 1515 2247 1507 2233 1665"/></Shape></Glyph></String>
          </TextLine>

          
          
          <TextLine ID="eSc_line_1787563" BASELINE="2354 1438 2106 1436 1664 1418 1551 1409 1443 1411 1307 1407 1046 1386 920 1382" HPOS="917.0" VPOS="1286.0" WIDTH="1437.0" HEIGHT="215.0">
            <Shape><Polygon POINTS="2354 1342 2106 1340 1667 1322 1558 1313 1441 1315 1309 1311 1053 1290 923 1286 917 1445 1040 1449 1305 1470 1444 1474 1545 1472 1661 1481 2105 1499 2353 1501"/></Shape>
	    <String CONTENT=" בכוחם ומלכים בחיל עוזם ושרי " HPOS="917.0" VPOS="1286.0" WIDTH="1437.0" HEIGHT="215.0"><Glyph ID="char_25" CONTENT=" " GC="1.0"><Shape><Polygon POINTS="983 1447 989 1288 957 1287 951 1446"/></Shape></Glyph><Glyph ID="char_26" CONTENT="ב" GC="1.0"><Shape><Polygon POINTS="1026 1449 1032 1289 989 1288 983 1447"/></Shape></Glyph><Glyph ID="char_27" CONTENT="כ" GC="1.0"><Shape><Polygon POINTS="1066 1451 1079 1292 1032 1289 1026 1449"/></Shape></Glyph><Glyph ID="char_28" CONTENT="ו" GC="1.0"><Shape><Polygon POINTS="1119 1455 1132 1296 1079 1292 1066 1451"/></Shape></Glyph><Glyph ID="char_29" CONTENT="ח" GC="1.0"><Shape><Polygon POINTS="1183 1460 1196 1302 1132 1296 1119 1455"/></Shape></Glyph><Glyph ID="char_30" CONTENT="ם" GC="1.0"><Shape><Polygon POINTS="1247 1465 1260 1307 1196 1302 1183 1460"/></Shape></Glyph><Glyph ID="char_31" CONTENT=" " GC="1.0"><Shape><Polygon POINTS="1301 1470 1314 1311 1260 1307 1247 1465"/></Shape></Glyph><Glyph ID="char_32" CONTENT="ו" GC="1.0"><Shape><Polygon POINTS="1358 1472 1363 1313 1314 1311 1301 1470"/></Shape></Glyph><Glyph ID="char_33" CONTENT="מ" GC="1.0"><Shape><Polygon POINTS="1400 1473 1405 1314 1363 1313 1358 1472"/></Shape></Glyph><Glyph ID="char_34" CONTENT="ל" GC="1.0"><Shape><Polygon POINTS="1446 1474 1443 1315 1405 1314 1400 1473"/></Shape></Glyph><Glyph ID="char_35" CONTENT="כ" GC="1.0"><Shape><Polygon POINTS="1478 1473 1475 1314 1443 1315 1446 1474"/></Shape></Glyph><Glyph ID="char_36" CONTENT="י" GC="1.0"><Shape><Polygon POINTS="1532 1472 1529 1313 1475 1314 1478 1473"/></Shape></Glyph><Glyph ID="char_37" CONTENT="ם" GC="1.0"><Shape><Polygon POINTS="1579 1475 1591 1316 1529 1313 1532 1472"/></Shape></Glyph><Glyph ID="char_38" CONTENT=" " GC="1.0"><Shape><Polygon POINTS="1621 1478 1634 1319 1591 1316 1579 1475"/></Shape></Glyph><Glyph ID="char_39" CONTENT="ב" GC="1.0"><Shape><Polygon POINTS="1678 1482 1684 1323 1634 1319 1621 1478"/></Shape></Glyph><Glyph ID="char_40" CONTENT="ח" GC="1.0"><Shape><Polygon POINTS="1742 1484 1748 1325 1684 1323 1678 1482"/></Shape></Glyph><Glyph ID="char_41" CONTENT="י" GC="1.0"><Shape><Polygon POINTS="1795 1486 1801 1328 1748 1325 1742 1484"/></Shape></Glyph><Glyph ID="char_42" CONTENT="ל" GC="1.0"><Shape><Polygon POINTS="1827 1488 1833 1329 1801 1328 1795 1486"/></Shape></Glyph><Glyph ID="char_43" CONTENT=" " GC="1.0"><Shape><Polygon POINTS="1870 1489 1876 1331 1833 1329 1827 1488"/></Shape></Glyph><Glyph ID="char_44" CONTENT="ע" GC="1.0"><Shape><Polygon POINTS="1924 1492 1930 1333 1876 1331 1870 1489"/></Shape></Glyph><Glyph ID="char_45" CONTENT="ו" GC="1.0"><Shape><Polygon POINTS="1977 1494 1983 1335 1930 1333 1924 1492"/></Shape></Glyph><Glyph ID="char_46" CONTENT="ז" GC="1.0"><Shape><Polygon POINTS="2020 1496 2026 1337 1983 1335 1977 1494"/></Shape></Glyph><Glyph ID="char_47" CONTENT="ם" GC="1.0"><Shape><Polygon POINTS="2073 1498 2080 1339 2026 1337 2020 1496"/></Shape></Glyph><Glyph ID="char_48" CONTENT=" " GC="1.0"><Shape><Polygon POINTS="2117 1499 2119 1340 2080 1339 2073 1498"/></Shape></Glyph><Glyph ID="char_49" CONTENT="ו" GC="1.0"><Shape><Polygon POINTS="2171 1500 2173 1341 2119 1340 2117 1499"/></Shape></Glyph><Glyph ID="char_50" CONTENT="ש" GC="1.0"><Shape><Polygon POINTS="2224 1500 2226 1341 2173 1341 2171 1500"/></Shape></Glyph><Glyph ID="char_51" CONTENT="ר" GC="1.0"><Shape><Polygon POINTS="2278 1500 2280 1341 2226 1341 2224 1500"/></Shape></Glyph><Glyph ID="char_52" CONTENT="י" GC="1.0"><Shape><Polygon POINTS="2299 1501 2301 1342 2280 1341 2278 1500"/></Shape></Glyph><Glyph ID="char_53" CONTENT=" " GC="1.0"><Shape><Polygon POINTS="2342 1501 2344 1342 2301 1342 2299 1501"/></Shape></Glyph></String>
          </TextLine>

          
          
          <TextLine ID="eSc_line_1787562" BASELINE="2173 1244 2074 1251 1912 1237 1828 1235 1524 1215 1332 1208 1247 1201 1012 1201" HPOS="1012.0" VPOS="1105.0" WIDTH="1165.0" HEIGHT="209.0">
            <Shape><Polygon POINTS="2166 1148 2067 1155 1920 1141 1830 1139 1530 1119 1335 1112 1254 1105 1012 1105 1012 1265 1241 1264 1329 1271 1519 1278 1826 1298 1906 1300 2078 1314 2177 1307"/></Shape>
	    <String CONTENT=" כלי מלחמתם ובערי עוזם " HPOS="1012.0" VPOS="1105.0" WIDTH="1165.0" HEIGHT="209.0"><Glyph ID="char_54" CONTENT=" " GC="1.0"><Shape><Polygon POINTS="1096 1265 1096 1105 1053 1105 1053 1265"/></Shape></Glyph><Glyph ID="char_55" CONTENT="כ" GC="1.0"><Shape><Polygon POINTS="1128 1264 1128 1105 1096 1105 1096 1265"/></Shape></Glyph><Glyph ID="char_56" CONTENT="ל" GC="1.0"><Shape><Polygon POINTS="1182 1264 1182 1105 1128 1105 1128 1264"/></Shape></Glyph><Glyph ID="char_57" CONTENT="י" GC="1.0"><Shape><Polygon POINTS="1214 1264 1214 1105 1182 1105 1182 1264"/></Shape></Glyph><Glyph ID="char_58" CONTENT=" " GC="1.0"><Shape><Polygon POINTS="1246 1264 1246 1105 1214 1105 1214 1264"/></Shape></Glyph><Glyph ID="char_59" CONTENT="מ" GC="1.0"><Shape><Polygon POINTS="1294 1268 1307 1110 1246 1105 1246 1264"/></Shape></Glyph><Glyph ID="char_60" CONTENT="ל" GC="1.0"><Shape><Polygon POINTS="1349 1272 1355 1113 1307 1110 1294 1268"/></Shape></Glyph><Glyph ID="char_61" CONTENT="ח" GC="1.0"><Shape><Polygon POINTS="1403 1274 1409 1115 1355 1113 1349 1272"/></Shape></Glyph><Glyph ID="char_62" CONTENT="מ" GC="1.0"><Shape><Polygon POINTS="1456 1276 1462 1117 1409 1115 1403 1274"/></Shape></Glyph><Glyph ID="char_63" CONTENT="ת" GC="1.0"><Shape><Polygon POINTS="1510 1278 1516 1118 1462 1117 1456 1276"/></Shape></Glyph><Glyph ID="char_64" CONTENT="ם" GC="1.0"><Shape><Polygon POINTS="1550 1280 1561 1121 1516 1118 1510 1278"/></Shape></Glyph><Glyph ID="char_65" CONTENT=" " GC="1.0"><Shape><Polygon POINTS="1604 1284 1615 1125 1561 1121 1550 1280"/></Shape></Glyph><Glyph ID="char_66" CONTENT="ו" GC="1.0"><Shape><Polygon POINTS="1657 1287 1668 1128 1615 1125 1604 1284"/></Shape></Glyph><Glyph ID="char_67" CONTENT="ב" GC="1.0"><Shape><Polygon POINTS="1711 1291 1721 1132 1668 1128 1657 1287"/></Shape></Glyph><Glyph ID="char_68" CONTENT="ע" GC="1.0"><Shape><Polygon POINTS="1785 1295 1795 1137 1721 1132 1711 1291"/></Shape></Glyph><Glyph ID="char_69" CONTENT="ר" GC="1.0"><Shape><Polygon POINTS="1841 1298 1845 1139 1795 1137 1785 1295"/></Shape></Glyph><Glyph ID="char_70" CONTENT="י" GC="1.0"><Shape><Polygon POINTS="1884 1299 1888 1140 1845 1139 1841 1298"/></Shape></Glyph><Glyph ID="char_71" CONTENT=" " GC="1.0"><Shape><Polygon POINTS="1912 1301 1926 1142 1888 1140 1884 1299"/></Shape></Glyph><Glyph ID="char_72" CONTENT="ע" GC="1.0"><Shape><Polygon POINTS="1965 1305 1979 1147 1926 1142 1912 1301"/></Shape></Glyph><Glyph ID="char_73" CONTENT="ו" GC="1.0"><Shape><Polygon POINTS="2008 1308 2022 1151 1979 1147 1965 1305"/></Shape></Glyph><Glyph ID="char_74" CONTENT="ז" GC="1.0"><Shape><Polygon POINTS="2050 1312 2064 1155 2022 1151 2008 1308"/></Shape></Glyph><Glyph ID="char_75" CONTENT="ם" GC="1.0"><Shape><Polygon POINTS="2103 1312 2091 1153 2064 1155 2050 1312"/></Shape></Glyph><Glyph ID="char_76" CONTENT=" " GC="1.0"><Shape><Polygon POINTS="2157 1308 2145 1149 2091 1153 2103 1312"/></Shape></Glyph></String>
          </TextLine>

          
          
          <TextLine ID="eSc_line_1787561" BASELINE="2187 1082 1993 1075 1867 1062 1785 1057 1605 1059 1377 1048 1274 1048" HPOS="1274.0" VPOS="952.0" WIDTH="916.0" HEIGHT="193.0">
            <Shape><Polygon POINTS="2190 986 1996 979 1876 966 1790 961 1603 963 1381 952 1274 952 1274 1112 1373 1111 1605 1122 1781 1120 1860 1125 1990 1138 2184 1145"/></Shape>
	    <String CONTENT=" ר כמוהו ואין אדי " HPOS="1274.0" VPOS="952.0" WIDTH="916.0" HEIGHT="193.0"><Glyph ID="char_77" CONTENT=" " GC="1.0"><Shape><Polygon POINTS="1354 1111 1354 952 1300 952 1300 1112"/></Shape></Glyph><Glyph ID="char_78" CONTENT="ר" GC="1.0"><Shape><Polygon POINTS="1394 1112 1402 953 1354 952 1354 1111"/></Shape></Glyph><Glyph ID="char_79" CONTENT=" " GC="1.0"><Shape><Polygon POINTS="1447 1115 1455 956 1402 953 1394 1112"/></Shape></Glyph><Glyph ID="char_80" CONTENT="כ" GC="1.0"><Shape><Polygon POINTS="1501 1117 1509 958 1455 956 1447 1115"/></Shape></Glyph><Glyph ID="char_81" CONTENT="מ" GC="1.0"><Shape><Polygon POINTS="1565 1120 1573 961 1509 958 1501 1117"/></Shape></Glyph><Glyph ID="char_82" CONTENT="ו" GC="1.0"><Shape><Polygon POINTS="1622 1122 1620 963 1573 961 1565 1120"/></Shape></Glyph><Glyph ID="char_83" CONTENT="ה" GC="1.0"><Shape><Polygon POINTS="1676 1121 1674 962 1620 963 1622 1122"/></Shape></Glyph><Glyph ID="char_84" CONTENT="ו" GC="1.0"><Shape><Polygon POINTS="1708 1121 1706 962 1674 962 1676 1121"/></Shape></Glyph><Glyph ID="char_85" CONTENT=" " GC="1.0"><Shape><Polygon POINTS="1740 1120 1738 962 1706 962 1708 1121"/></Shape></Glyph><Glyph ID="char_86" CONTENT="ו" GC="1.0"><Shape><Polygon POINTS="1788 1120 1798 961 1738 962 1740 1120"/></Shape></Glyph><Glyph ID="char_87" CONTENT="א" GC="1.0"><Shape><Polygon POINTS="1842 1124 1852 965 1798 961 1788 1120"/></Shape></Glyph><Glyph ID="char_88" CONTENT="י" GC="1.0"><Shape><Polygon POINTS="1882 1127 1899 968 1852 965 1842 1124"/></Shape></Glyph><Glyph ID="char_89" CONTENT="ן" GC="1.0"><Shape><Polygon POINTS="1914 1130 1930 972 1899 968 1882 1127"/></Shape></Glyph><Glyph ID="char_90" CONTENT=" " GC="1.0"><Shape><Polygon POINTS="1956 1135 1972 976 1930 972 1914 1130"/></Shape></Glyph><Glyph ID="char_91" CONTENT="א" GC="1.0"><Shape><Polygon POINTS="2025 1139 2031 980 1972 976 1956 1135"/></Shape></Glyph><Glyph ID="char_92" CONTENT="ד" GC="1.0"><Shape><Polygon POINTS="2089 1142 2095 983 2031 980 2025 1139"/></Shape></Glyph><Glyph ID="char_93" CONTENT="י" GC="1.0"><Shape><Polygon POINTS="2132 1143 2137 984 2095 983 2089 1142"/></Shape></Glyph><Glyph ID="char_94" CONTENT=" " GC="1.0"><Shape><Polygon POINTS="2187 1082 2134 1080"/></Shape></Glyph></String>
          </TextLine>

          
          
          <TextLine ID="eSc_line_1787560" BASELINE="2149 915 1801 902 1542 881 1362 877 1292 870" HPOS="1285.0" VPOS="774.0" WIDTH="867.0" HEIGHT="204.0">
            <Shape><Polygon POINTS="2152 819 1804 806 1549 785 1364 781 1301 774 1285 933 1360 940 1536 944 1798 965 2146 978"/></Shape>
	    <String CONTENT=" ך אדיר לעוזרנו וש " HPOS="1285.0" VPOS="774.0" WIDTH="867.0" HEIGHT="204.0"><Glyph ID="char_95" CONTENT=" " GC="1.0"><Shape><Polygon POINTS="1386 941 1389 782 1355 780 1337 938"/></Shape></Glyph><Glyph ID="char_96" CONTENT="ך" GC="1.0"><Shape><Polygon POINTS="1418 941 1421 782 1389 782 1386 941"/></Shape></Glyph><Glyph ID="char_97" CONTENT=" " GC="1.0"><Shape><Polygon POINTS="1450 942 1453 783 1421 782 1418 941"/></Shape></Glyph><Glyph ID="char_98" CONTENT="א" GC="1.0"><Shape><Polygon POINTS="1515 944 1518 784 1453 783 1450 942"/></Shape></Glyph><Glyph ID="char_99" CONTENT="ד" GC="1.0"><Shape><Polygon POINTS="1586 948 1599 789 1518 784 1515 944"/></Shape></Glyph><Glyph ID="char_100" CONTENT="י" GC="1.0"><Shape><Polygon POINTS="1640 952 1653 794 1599 789 1586 948"/></Shape></Glyph><Glyph ID="char_101" CONTENT="ר" GC="1.0"><Shape><Polygon POINTS="1672 955 1684 796 1653 794 1640 952"/></Shape></Glyph><Glyph ID="char_102" CONTENT=" " GC="1.0"><Shape><Polygon POINTS="1703 957 1716 799 1684 796 1672 955"/></Shape></Glyph><Glyph ID="char_103" CONTENT="ל" GC="1.0"><Shape><Polygon POINTS="1746 961 1759 802 1716 799 1703 957"/></Shape></Glyph><Glyph ID="char_104" CONTENT="ע" GC="1.0"><Shape><Polygon POINTS="1803 965 1809 806 1759 802 1746 961"/></Shape></Glyph><Glyph ID="char_105" CONTENT="ו" GC="1.0"><Shape><Polygon POINTS="1846 967 1852 808 1809 806 1803 965"/></Shape></Glyph><Glyph ID="char_106" CONTENT="ז" GC="1.0"><Shape><Polygon POINTS="1878 968 1884 809 1852 808 1846 967"/></Shape></Glyph><Glyph ID="char_107" CONTENT="ר" GC="1.0"><Shape><Polygon POINTS="1921 970 1927 811 1884 809 1878 968"/></Shape></Glyph><Glyph ID="char_108" CONTENT="נ" GC="1.0"><Shape><Polygon POINTS="1964 971 1970 812 1927 811 1921 970"/></Shape></Glyph><Glyph ID="char_109" CONTENT="ו" GC="1.0"><Shape><Polygon POINTS="1996 972 2002 813 1970 812 1964 971"/></Shape></Glyph><Glyph ID="char_110" CONTENT=" " GC="1.0"><Shape><Polygon POINTS="2029 974 2035 815 2002 813 1996 972"/></Shape></Glyph><Glyph ID="char_111" CONTENT="ו" GC="1.0"><Shape><Polygon POINTS="2072 975 2078 816 2035 815 2029 974"/></Shape></Glyph><Glyph ID="char_112" CONTENT="ש" GC="1.0"><Shape><Polygon POINTS="2115 977 2121 818 2078 816 2072 975"/></Shape></Glyph><Glyph ID="char_113" CONTENT=" " GC="1.0"><Shape><Polygon POINTS="2149 915 2117 913"/></Shape></Glyph></String>
          </TextLine>

          
          
          <TextLine ID="eSc_line_1787559" BASELINE="2029 717 1470 717" HPOS="1470.0" VPOS="621.0" WIDTH="559.0" HEIGHT="160.0">
            <Shape><Polygon POINTS="2029 621 1470 621 1470 781 2029 781"/></Shape>
	    <String CONTENT=" ם ואילינו א " HPOS="1470.0" VPOS="621.0" WIDTH="559.0" HEIGHT="160.0"><Glyph ID="char_114" CONTENT=" " GC="1.0"><Shape><Polygon POINTS="1523 781 1523 621 1491 621 1491 781"/></Shape></Glyph><Glyph ID="char_115" CONTENT="ם" GC="1.0"><Shape><Polygon POINTS="1534 781 1534 621 1523 621 1523 781"/></Shape></Glyph><Glyph ID="char_116" CONTENT=" " GC="1.0"><Shape><Polygon POINTS="1566 781 1566 621 1534 621 1534 781"/></Shape></Glyph><Glyph ID="char_117" CONTENT="ו" GC="1.0"><Shape><Polygon POINTS="1620 781 1620 621 1566 621 1566 781"/></Shape></Glyph><Glyph ID="char_118" CONTENT="א" GC="1.0"><Shape><Polygon POINTS="1695 781 1695 621 1620 621 1620 781"/></Shape></Glyph><Glyph ID="char_119" CONTENT="י" GC="1.0"><Shape><Polygon POINTS="1749 781 1749 621 1695 621 1695 781"/></Shape></Glyph><Glyph ID="char_120" CONTENT="ל" GC="1.0"><Shape><Polygon POINTS="1803 781 1803 621 1749 621 1749 781"/></Shape></Glyph><Glyph ID="char_121" CONTENT="י" GC="1.0"><Shape><Polygon POINTS="1846 781 1846 621 1803 621 1803 781"/></Shape></Glyph><Glyph ID="char_122" CONTENT="נ" GC="1.0"><Shape><Polygon POINTS="1889 781 1889 621 1846 621 1846 781"/></Shape></Glyph><Glyph ID="char_123" CONTENT="ו" GC="1.0"><Shape><Polygon POINTS="1932 781 1932 621 1889 621 1889 781"/></Shape></Glyph><Glyph ID="char_124" CONTENT=" " GC="1.0"><Shape><Polygon POINTS="1964 781 1964 621 1932 621 1932 781"/></Shape></Glyph><Glyph ID="char_125" CONTENT="א" GC="1.0"><Shape><Polygon POINTS="2007 781 2007 621 1964 621 1964 781"/></Shape></Glyph><Glyph ID="char_126" CONTENT=" " GC="1.0"><Shape><Polygon POINTS="2029 781 2029 621 2007 621 2007 781"/></Shape></Glyph></String>
          </TextLine>

          
        </TextBlock>
        

        
      </PrintSpace>
    </Page>
  </Layout>
</alto>