<?xml version='1.0' encoding='UTF-8'?>
<alto xmlns:xsi="http://www.w3.org/2001/XMLSchema-instance" xmlns="http://www.loc.gov/standards/alto/ns-v4#" xsi:schemaLocation="http://www.loc.gov/standards/alto/ns-v4# http://www.loc.gov/standards/alto/v4/alto-4-2.xsd">
  <Description>
    <MeasurementUnit>pixel</MeasurementUnit>
    <sourceImageInformation>
      <fileName>P259-Fg009-R-C01-R01-D11062014-T152912-LR924_012.jpg</fileName>
      
    </sourceImageInformation>
  </Description>
  
  <Tags>
    <OtherTag ID="BT1443" LABEL="Parchment_or_papyrus" DESCRIPTION="block type Parchment_or_papyrus"/><OtherTag ID="BT2" LABEL="Main" DESCRIPTION="block type Main"/>
    
  </Tags>
  
  <Layout>
    <Page WIDTH="3608" HEIGHT="2706" PHYSICAL_IMG_NR="12" ID="eSc_dummypage_">
      <PrintSpace HPOS="0" VPOS="0" WIDTH="3608" HEIGHT="2706">
        
        <TextBlock HPOS="1011.0" VPOS="1020.0" WIDTH="1258.0" HEIGHT="559.0" ID="eSc_textblock_8399ee0a" TAGREFS="BT2">
          <Shape><Polygon POINTS="1011 1020 1014 1305 1258 1311 1296 1576 1946 1579 2038 1424 2269 1375 2269 1020"/></Shape>
          
          
          <TextLine ID="eSc_line_1787601" BASELINE="1154 1100 1377 1093 1393 1100 1425 1102 1537 1093 1560 1089 1632 1082 1684 1082 1691 1075 2038 1075" HPOS="1151.0" VPOS="991.0" WIDTH="887.0" HEIGHT="166.0">
            <Shape><Polygon POINTS="1151 1016 1374 1009 1426 1023 1430 1018 1530 1009 1545 1006 1623 998 1631 1015 1919.29 998 2038 991 2038 1131 1730 1114 1684 1138 1637 1137 1569 1144 1541 1148 1421 1157 1370 1151 1378 1148 1155 1155"/></Shape>
	    <String CONTENT=" כת ב א " HPOS="1151.0" VPOS="991.0" WIDTH="887.0" HEIGHT="166.0"><Glyph ID="char_0" CONTENT=" " GC="1.0"><Shape><Polygon POINTS="1990 994 1990 1128 2028 1130 2028 992"/></Shape></Glyph><Glyph ID="char_1" CONTENT="כ" GC="1.0"><Shape><Polygon POINTS="1962 995 1962 1127 1990 1128 1990 994"/></Shape></Glyph><Glyph ID="char_2" CONTENT="ת" GC="1.0"><Shape><Polygon POINTS="1925 998 1925 1125 1962 1127 1962 995"/></Shape></Glyph><Glyph ID="char_3" CONTENT=" " GC="1.0"><Shape><Polygon POINTS="1887 1000 1887 1123 1925 1125 1925 998"/></Shape></Glyph><Glyph ID="char_4" CONTENT="ב" GC="1.0"><Shape><Polygon POINTS="1850 1002 1850 1121 1887 1123 1887 1000"/></Shape></Glyph><Glyph ID="char_5" CONTENT=" " GC="1.0"><Shape><Polygon POINTS="1822 1004 1822 1119 1850 1121 1850 1002"/></Shape></Glyph><Glyph ID="char_6" CONTENT="א" GC="1.0"><Shape><Polygon POINTS="1509 1011 1520 1150 1822 1119 1822 1004"/></Shape></Glyph><Glyph ID="char_7" CONTENT=" " GC="1.0"><Shape><Polygon POINTS="1178 1015 1183 1154 1520 1150 1509 1011"/></Shape></Glyph></String>
          </TextLine>

          
          
          <TextLine ID="eSc_line_1787605" BASELINE="1075 1226 1168 1226 1177 1224 1276 1235 1501 1226 1668 1231 2245 1226" HPOS="1075.0" VPOS="1142.0" WIDTH="1170.0" HEIGHT="148.0">
            <Shape><Polygon POINTS="1075 1142 1168 1142 1158 1142 1285 1151 1497 1142 1670 1147 2244 1142 2245 1281 1666 1286 1503 1281 1269 1290 1189 1278 1168 1282 1075 1282"/></Shape>
	    <String CONTENT=" ליון ובשם קודשו חסו ו " HPOS="1075.0" VPOS="1142.0" WIDTH="1170.0" HEIGHT="148.0"><Glyph ID="char_8" CONTENT=" " GC="1.0"><Shape><Polygon POINTS="2197 1142 2198 1281 2235 1281 2234 1142"/></Shape></Glyph><Glyph ID="char_9" CONTENT="ל" GC="1.0"><Shape><Polygon POINTS="2168 1143 2169 1282 2198 1281 2197 1142"/></Shape></Glyph><Glyph ID="char_10" CONTENT="י" GC="1.0"><Shape><Polygon POINTS="2140 1143 2141 1282 2169 1282 2168 1143"/></Shape></Glyph><Glyph ID="char_11" CONTENT="ו" GC="1.0"><Shape><Polygon POINTS="2112 1143 2113 1282 2141 1282 2140 1143"/></Shape></Glyph><Glyph ID="char_12" CONTENT="ן" GC="1.0"><Shape><Polygon POINTS="2093 1143 2094 1282 2113 1282 2112 1143"/></Shape></Glyph><Glyph ID="char_13" CONTENT=" " GC="1.0"><Shape><Polygon POINTS="2065 1144 2066 1283 2094 1282 2093 1143"/></Shape></Glyph><Glyph ID="char_14" CONTENT="ו" GC="1.0"><Shape><Polygon POINTS="2027 1144 2028 1283 2066 1283 2065 1144"/></Shape></Glyph><Glyph ID="char_15" CONTENT="ב" GC="1.0"><Shape><Polygon POINTS="1980 1144 1981 1283 2028 1283 2027 1144"/></Shape></Glyph><Glyph ID="char_16" CONTENT="ש" GC="1.0"><Shape><Polygon POINTS="1923 1145 1924 1284 1981 1283 1980 1144"/></Shape></Glyph><Glyph ID="char_17" CONTENT="ם" GC="1.0"><Shape><Polygon POINTS="1876 1145 1877 1284 1924 1284 1923 1145"/></Shape></Glyph><Glyph ID="char_18" CONTENT=" " GC="1.0"><Shape><Polygon POINTS="1847 1145 1848 1284 1877 1284 1876 1145"/></Shape></Glyph><Glyph ID="char_19" CONTENT="ק" GC="1.0"><Shape><Polygon POINTS="1819 1146 1820 1285 1848 1284 1847 1145"/></Shape></Glyph><Glyph ID="char_20" CONTENT="ו" GC="1.0"><Shape><Polygon POINTS="1772 1146 1773 1285 1820 1285 1819 1146"/></Shape></Glyph><Glyph ID="char_21" CONTENT="ד" GC="1.0"><Shape><Polygon POINTS="1734 1146 1735 1285 1773 1285 1772 1146"/></Shape></Glyph><Glyph ID="char_22" CONTENT="ש" GC="1.0"><Shape><Polygon POINTS="1696 1147 1697 1286 1735 1285 1734 1146"/></Shape></Glyph><Glyph ID="char_23" CONTENT="ו" GC="1.0"><Shape><Polygon POINTS="1662 1147 1658 1286 1697 1286 1696 1147"/></Shape></Glyph><Glyph ID="char_24" CONTENT=" " GC="1.0"><Shape><Polygon POINTS="1624 1146 1620 1285 1658 1286 1662 1147"/></Shape></Glyph><Glyph ID="char_25" CONTENT="ח" GC="1.0"><Shape><Polygon POINTS="1567 1144 1563 1283 1620 1285 1624 1146"/></Shape></Glyph><Glyph ID="char_26" CONTENT="ס" GC="1.0"><Shape><Polygon POINTS="1510 1142 1506 1281 1563 1283 1567 1144"/></Shape></Glyph><Glyph ID="char_27" CONTENT="ו" GC="1.0"><Shape><Polygon POINTS="1468 1143 1473 1282 1506 1281 1510 1142"/></Shape></Glyph><Glyph ID="char_28" CONTENT=" " GC="1.0"><Shape><Polygon POINTS="1383 1147 1388 1285 1473 1282 1468 1143"/></Shape></Glyph><Glyph ID="char_29" CONTENT="ו" GC="1.0"><Shape><Polygon POINTS="1273 1150 1257 1288 1388 1285 1383 1147"/></Shape></Glyph><Glyph ID="char_30" CONTENT=" " GC="1.0"><Shape><Polygon POINTS="1132 1142 1132 1282 1257 1288 1273 1150"/></Shape></Glyph></String>
          </TextLine>

          
          
          <TextLine ID="eSc_line_1787603" BASELINE="1380 1389 1650 1393 1846 1384 2079 1380" HPOS="1379.0" VPOS="1296.0" WIDTH="700.0" HEIGHT="152.0">
            <Shape><Polygon POINTS="1381 1305 1651 1309 1842 1300 2077 1296 2079 1435 1848 1439 1649 1448 1379 1444"/></Shape>
	    <String CONTENT=" לוא כס ת ב " HPOS="1379.0" VPOS="1296.0" WIDTH="700.0" HEIGHT="152.0"><Glyph ID="char_31" CONTENT=" " GC="1.0"><Shape><Polygon POINTS="1859 1300 1862 1439 1984 1437 1981 1298"/></Shape></Glyph><Glyph ID="char_32" CONTENT="ל" GC="1.0"><Shape><Polygon POINTS="1828 1301 1834 1440 1862 1439 1859 1300"/></Shape></Glyph><Glyph ID="char_33" CONTENT="ו" GC="1.0"><Shape><Polygon POINTS="1781 1303 1787 1442 1834 1440 1828 1301"/></Shape></Glyph><Glyph ID="char_34" CONTENT="א" GC="1.0"><Shape><Polygon POINTS="1734 1305 1740 1444 1787 1442 1781 1303"/></Shape></Glyph><Glyph ID="char_35" CONTENT=" " GC="1.0"><Shape><Polygon POINTS="1696 1307 1702 1446 1740 1444 1734 1305"/></Shape></Glyph><Glyph ID="char_36" CONTENT="כ" GC="1.0"><Shape><Polygon POINTS="1649 1309 1655 1448 1702 1446 1696 1307"/></Shape></Glyph><Glyph ID="char_37" CONTENT="ס" GC="1.0"><Shape><Polygon POINTS="1598 1308 1595 1447 1655 1448 1649 1309"/></Shape></Glyph><Glyph ID="char_38" CONTENT=" " GC="1.0"><Shape><Polygon POINTS="1542 1307 1539 1446 1595 1447 1598 1308"/></Shape></Glyph><Glyph ID="char_39" CONTENT="ת" GC="1.0"><Shape><Polygon POINTS="1485 1307 1482 1446 1539 1446 1542 1307"/></Shape></Glyph><Glyph ID="char_40" CONTENT=" " GC="1.0"><Shape><Polygon POINTS="1438 1306 1435 1445 1482 1446 1485 1307"/></Shape></Glyph><Glyph ID="char_41" CONTENT="ב" GC="1.0"><Shape><Polygon POINTS="1400 1305 1397 1444 1435 1445 1438 1306"/></Shape></Glyph><Glyph ID="char_42" CONTENT=" " GC="1.0"><Shape><Polygon POINTS="1379 1388 1397 1388"/></Shape></Glyph></String>
          </TextLine>

          
          
          <TextLine ID="eSc_line_1787604" BASELINE="1398 1506 1596 1519 1754 1517 1828 1510" HPOS="1394.0" VPOS="1422.0" WIDTH="439.0" HEIGHT="152.0">
            <Shape><Polygon POINTS="1403 1422 1601 1435 1752 1433 1820 1426 1833 1565 1754 1572 1592 1574 1394 1561"/></Shape>
	    <String CONTENT=" " HPOS="1394.0" VPOS="1422.0" WIDTH="439.0" HEIGHT="152.0"><Glyph ID="char_43" CONTENT=" " GC="1.0"><Shape><Polygon POINTS="1562 1432 1552 1571 1795 1568 1781 1430"/></Shape></Glyph></String>
          </TextLine>

          
        </TextBlock>
        

        
      </PrintSpace>
    </Page>
  </Layout>
</alto>