<?xml version='1.0' encoding='UTF-8'?>
<alto xmlns:xsi="http://www.w3.org/2001/XMLSchema-instance" xmlns="http://www.loc.gov/standards/alto/ns-v4#" xsi:schemaLocation="http://www.loc.gov/standards/alto/ns-v4# http://www.loc.gov/standards/alto/v4/alto-4-2.xsd">
  <Description>
    <MeasurementUnit>pixel</MeasurementUnit>
    <sourceImageInformation>
      <fileName>P260-Fg001-R-C01-R01-D06062012-T120144-LR924_012_F.jpg</fileName>
      
    </sourceImageInformation>
  </Description>
  
  <Tags>
    <OtherTag ID="BT1443" LABEL="Parchment_or_papyrus" DESCRIPTION="block type Parchment_or_papyrus"/><OtherTag ID="BT2" LABEL="Main" DESCRIPTION="block type Main"/>
    
  </Tags>
  
  <Layout>
    <Page WIDTH="3608" HEIGHT="2706" PHYSICAL_IMG_NR="197" ID="eSc_dummypage_">
      <PrintSpace HPOS="0" VPOS="0" WIDTH="3608" HEIGHT="2706">
        
        <TextBlock HPOS="1187.0" VPOS="859.0" WIDTH="1155.0" HEIGHT="607.0" ID="eSc_textblock_492a2bca" TAGREFS="BT2">
          <Shape><Polygon POINTS="1187 859 1187 1466 2342 1466 2342 859 1187 859"/></Shape>
          
          
          <TextLine ID="eSc_line_1787621" BASELINE="2230 1359 1637 1366 1463 1357 1386 1357 1265 1332" HPOS="1252.0" VPOS="1242.0" WIDTH="978.0" HEIGHT="185.0">
            <Shape><Polygon POINTS="2228 1267 1635 1274 1467 1265 1386 1265 1283 1242 1252 1391 1386 1418 1459 1418 1637 1427 2230 1420"/></Shape>
	    <String CONTENT=" רעא ותכלון פריה וכל טבתה ותוחון " HPOS="1252.0" VPOS="1242.0" WIDTH="978.0" HEIGHT="185.0"><Glyph ID="char_0" CONTENT=" " GC="1.0"><Shape><Polygon POINTS="1318 1404 1349 1257 1319 1250 1288 1398"/></Shape></Glyph><Glyph ID="char_1" CONTENT="ר" GC="1.0"><Shape><Polygon POINTS="1348 1410 1380 1264 1349 1257 1318 1404"/></Shape></Glyph><Glyph ID="char_2" CONTENT="ע" GC="1.0"><Shape><Polygon POINTS="1401 1418 1401 1265 1380 1264 1348 1410"/></Shape></Glyph><Glyph ID="char_3" CONTENT="א" GC="1.0"><Shape><Polygon POINTS="1432 1418 1432 1265 1401 1265 1401 1418"/></Shape></Glyph><Glyph ID="char_4" CONTENT=" " GC="1.0"><Shape><Polygon POINTS="1461 1418 1469 1265 1432 1265 1432 1418"/></Shape></Glyph><Glyph ID="char_5" CONTENT="ו" GC="1.0"><Shape><Polygon POINTS="1492 1420 1500 1267 1469 1265 1461 1418"/></Shape></Glyph><Glyph ID="char_6" CONTENT="ת" GC="1.0"><Shape><Polygon POINTS="1523 1421 1531 1268 1500 1267 1492 1420"/></Shape></Glyph><Glyph ID="char_7" CONTENT="כ" GC="1.0"><Shape><Polygon POINTS="1554 1423 1562 1270 1531 1268 1523 1421"/></Shape></Glyph><Glyph ID="char_8" CONTENT="ל" GC="1.0"><Shape><Polygon POINTS="1574 1424 1582 1271 1562 1270 1554 1423"/></Shape></Glyph><Glyph ID="char_9" CONTENT="ו" GC="1.0"><Shape><Polygon POINTS="1595 1425 1603 1272 1582 1271 1574 1424"/></Shape></Glyph><Glyph ID="char_10" CONTENT="ן" GC="1.0"><Shape><Polygon POINTS="1616 1426 1624 1273 1603 1272 1595 1425"/></Shape></Glyph><Glyph ID="char_11" CONTENT=" " GC="1.0"><Shape><Polygon POINTS="1651 1427 1649 1274 1624 1273 1616 1426"/></Shape></Glyph><Glyph ID="char_12" CONTENT="פ" GC="1.0"><Shape><Polygon POINTS="1682 1426 1680 1273 1649 1274 1651 1427"/></Shape></Glyph><Glyph ID="char_13" CONTENT="ר" GC="1.0"><Shape><Polygon POINTS="1703 1426 1701 1273 1680 1273 1682 1426"/></Shape></Glyph><Glyph ID="char_14" CONTENT="י" GC="1.0"><Shape><Polygon POINTS="1734 1426 1732 1273 1701 1273 1703 1426"/></Shape></Glyph><Glyph ID="char_15" CONTENT="ה" GC="1.0"><Shape><Polygon POINTS="1765 1425 1763 1272 1732 1273 1734 1426"/></Shape></Glyph><Glyph ID="char_16" CONTENT=" " GC="1.0"><Shape><Polygon POINTS="1786 1425 1784 1272 1763 1272 1765 1425"/></Shape></Glyph><Glyph ID="char_17" CONTENT="ו" GC="1.0"><Shape><Polygon POINTS="1817 1425 1815 1272 1784 1272 1786 1425"/></Shape></Glyph><Glyph ID="char_18" CONTENT="כ" GC="1.0"><Shape><Polygon POINTS="1837 1425 1835 1272 1815 1272 1817 1425"/></Shape></Glyph><Glyph ID="char_19" CONTENT="ל" GC="1.0"><Shape><Polygon POINTS="1858 1424 1856 1271 1835 1272 1837 1425"/></Shape></Glyph><Glyph ID="char_20" CONTENT=" " GC="1.0"><Shape><Polygon POINTS="1879 1424 1877 1271 1856 1271 1858 1424"/></Shape></Glyph><Glyph ID="char_21" CONTENT="ט" GC="1.0"><Shape><Polygon POINTS="1920 1424 1918 1271 1877 1271 1879 1424"/></Shape></Glyph><Glyph ID="char_22" CONTENT="ב" GC="1.0"><Shape><Polygon POINTS="1951 1423 1949 1270 1918 1271 1920 1424"/></Shape></Glyph><Glyph ID="char_23" CONTENT="ת" GC="1.0"><Shape><Polygon POINTS="1982 1423 1980 1270 1949 1270 1951 1423"/></Shape></Glyph><Glyph ID="char_24" CONTENT="ה" GC="1.0"><Shape><Polygon POINTS="2013 1423 2011 1270 1980 1270 1982 1423"/></Shape></Glyph><Glyph ID="char_25" CONTENT=" " GC="1.0"><Shape><Polygon POINTS="2044 1422 2042 1269 2011 1270 2013 1423"/></Shape></Glyph><Glyph ID="char_26" CONTENT="ו" GC="1.0"><Shape><Polygon POINTS="2076 1422 2074 1269 2042 1269 2044 1422"/></Shape></Glyph><Glyph ID="char_27" CONTENT="ת" GC="1.0"><Shape><Polygon POINTS="2107 1421 2105 1268 2074 1269 2076 1422"/></Shape></Glyph><Glyph ID="char_28" CONTENT="ו" GC="1.0"><Shape><Polygon POINTS="2138 1421 2136 1268 2105 1268 2107 1421"/></Shape></Glyph><Glyph ID="char_29" CONTENT="ח" GC="1.0"><Shape><Polygon POINTS="2169 1421 2167 1268 2136 1268 2138 1421"/></Shape></Glyph><Glyph ID="char_30" CONTENT="ו" GC="1.0"><Shape><Polygon POINTS="2189 1420 2187 1267 2167 1268 2169 1421"/></Shape></Glyph><Glyph ID="char_31" CONTENT="ן" GC="1.0"><Shape><Polygon POINTS="2200 1420 2198 1267 2187 1267 2189 1420"/></Shape></Glyph><Glyph ID="char_32" CONTENT=" " GC="1.0"><Shape><Polygon POINTS="2230 1359 2199 1359"/></Shape></Glyph></String>
          </TextLine>

          
          
          <TextLine ID="eSc_line_1787620" BASELINE="2315 1217 2223 1208 2160 1206 2052 1206 1968 1201 1880 1204 1661 1192 1535 1192 1235 1181" HPOS="1232.0" VPOS="1089.0" WIDTH="1091.0" HEIGHT="188.0">
            <Shape><Polygon POINTS="2323 1125 2231 1116 2162 1114 2052 1114 1973 1109 1876 1112 1666 1100 1535 1100 1238 1089 1232 1242 1535 1253 1657 1253 1882 1265 1964 1262 2052 1267 2158 1267 2217 1268 2309 1277"/></Shape>
	    <String CONTENT=" משטא ולמטעא מהך בארחת טעו זי " HPOS="1232.0" VPOS="1089.0" WIDTH="1091.0" HEIGHT="188.0"><Glyph ID="char_33" CONTENT=" " GC="1.0"><Shape><Polygon POINTS="1285 1244 1291 1091 1260 1090 1254 1243"/></Shape></Glyph><Glyph ID="char_34" CONTENT="מ" GC="1.0"><Shape><Polygon POINTS="1315 1245 1321 1092 1291 1091 1285 1244"/></Shape></Glyph><Glyph ID="char_35" CONTENT="ש" GC="1.0"><Shape><Polygon POINTS="1357 1247 1363 1094 1321 1092 1315 1245"/></Shape></Glyph><Glyph ID="char_36" CONTENT="ט" GC="1.0"><Shape><Polygon POINTS="1408 1248 1414 1096 1363 1094 1357 1247"/></Shape></Glyph><Glyph ID="char_37" CONTENT="א" GC="1.0"><Shape><Polygon POINTS="1449 1250 1455 1097 1414 1096 1408 1248"/></Shape></Glyph><Glyph ID="char_38" CONTENT=" " GC="1.0"><Shape><Polygon POINTS="1480 1251 1486 1098 1455 1097 1449 1250"/></Shape></Glyph><Glyph ID="char_39" CONTENT="ו" GC="1.0"><Shape><Polygon POINTS="1501 1252 1507 1099 1486 1098 1480 1251"/></Shape></Glyph><Glyph ID="char_40" CONTENT="ל" GC="1.0"><Shape><Polygon POINTS="1532 1253 1538 1100 1507 1099 1501 1252"/></Shape></Glyph><Glyph ID="char_41" CONTENT="מ" GC="1.0"><Shape><Polygon POINTS="1564 1253 1564 1100 1538 1100 1532 1253"/></Shape></Glyph><Glyph ID="char_42" CONTENT="ט" GC="1.0"><Shape><Polygon POINTS="1606 1253 1606 1100 1564 1100 1564 1253"/></Shape></Glyph><Glyph ID="char_43" CONTENT="ע" GC="1.0"><Shape><Polygon POINTS="1647 1253 1647 1100 1606 1100 1606 1253"/></Shape></Glyph><Glyph ID="char_44" CONTENT="א" GC="1.0"><Shape><Polygon POINTS="1695 1255 1703 1102 1647 1100 1647 1253"/></Shape></Glyph><Glyph ID="char_45" CONTENT=" " GC="1.0"><Shape><Polygon POINTS="1747 1258 1755 1105 1703 1102 1695 1255"/></Shape></Glyph><Glyph ID="char_46" CONTENT="מ" GC="1.0"><Shape><Polygon POINTS="1787 1260 1796 1107 1755 1105 1747 1258"/></Shape></Glyph><Glyph ID="char_47" CONTENT="ה" GC="1.0"><Shape><Polygon POINTS="1828 1262 1837 1110 1796 1107 1787 1260"/></Shape></Glyph><Glyph ID="char_48" CONTENT="ך" GC="1.0"><Shape><Polygon POINTS="1859 1264 1868 1112 1837 1110 1828 1262"/></Shape></Glyph><Glyph ID="char_49" CONTENT=" " GC="1.0"><Shape><Polygon POINTS="1896 1264 1891 1112 1868 1112 1859 1264"/></Shape></Glyph><Glyph ID="char_50" CONTENT="ב" GC="1.0"><Shape><Polygon POINTS="1927 1263 1922 1111 1891 1112 1896 1264"/></Shape></Glyph><Glyph ID="char_51" CONTENT="א" GC="1.0"><Shape><Polygon POINTS="1968 1262 1962 1109 1922 1111 1927 1263"/></Shape></Glyph><Glyph ID="char_52" CONTENT="ר" GC="1.0"><Shape><Polygon POINTS="2003 1264 2012 1111 1962 1109 1968 1262"/></Shape></Glyph><Glyph ID="char_53" CONTENT="ח" GC="1.0"><Shape><Polygon POINTS="2034 1266 2043 1113 2012 1111 2003 1264"/></Shape></Glyph><Glyph ID="char_54" CONTENT="ת" GC="1.0"><Shape><Polygon POINTS="2068 1267 2068 1114 2043 1113 2034 1266"/></Shape></Glyph><Glyph ID="char_55" CONTENT=" " GC="1.0"><Shape><Polygon POINTS="2099 1267 2099 1114 2068 1114 2068 1267"/></Shape></Glyph><Glyph ID="char_56" CONTENT="ט" GC="1.0"><Shape><Polygon POINTS="2130 1267 2130 1114 2099 1114 2099 1267"/></Shape></Glyph><Glyph ID="char_57" CONTENT="ע" GC="1.0"><Shape><Polygon POINTS="2170 1267 2174 1114 2130 1114 2130 1267"/></Shape></Glyph><Glyph ID="char_58" CONTENT="ו" GC="1.0"><Shape><Polygon POINTS="2211 1268 2215 1116 2174 1114 2170 1267"/></Shape></Glyph><Glyph ID="char_59" CONTENT=" " GC="1.0"><Shape><Polygon POINTS="2221 1268 2225 1116 2215 1116 2211 1268"/></Shape></Glyph><Glyph ID="char_60" CONTENT="ז" GC="1.0"><Shape><Polygon POINTS="2237 1270 2252 1118 2225 1116 2221 1268"/></Shape></Glyph><Glyph ID="char_61" CONTENT="י" GC="1.0"><Shape><Polygon POINTS="2257 1272 2272 1120 2252 1118 2237 1270"/></Shape></Glyph><Glyph ID="char_62" CONTENT=" " GC="1.0"><Shape><Polygon POINTS="2299 1276 2314 1124 2272 1120 2257 1272"/></Shape></Glyph></String>
          </TextLine>

          
          
          <TextLine ID="eSc_line_1787619" BASELINE="2250 1035 2171 1041 1849 1041 1677 1030 1206 1032" HPOS="1205.0" VPOS="938.0" WIDTH="1049.0" HEIGHT="164.0">
            <Shape><Polygon POINTS="2243 943 2164 949 1849 949 1682 938 1205 940 1206 1093 1673 1091 1849 1102 2175 1102 2254 1096"/></Shape>
	    <String CONTENT=" ובאישתכון עד תהוון קדמוהי ל " HPOS="1205.0" VPOS="938.0" WIDTH="1049.0" HEIGHT="164.0"><Glyph ID="char_63" CONTENT=" " GC="1.0"><Shape><Polygon POINTS="1270 1093 1269 940 1228 940 1229 1093"/></Shape></Glyph><Glyph ID="char_64" CONTENT="ו" GC="1.0"><Shape><Polygon POINTS="1291 1093 1290 940 1269 940 1270 1093"/></Shape></Glyph><Glyph ID="char_65" CONTENT="ב" GC="1.0"><Shape><Polygon POINTS="1322 1093 1321 940 1290 940 1291 1093"/></Shape></Glyph><Glyph ID="char_66" CONTENT="א" GC="1.0"><Shape><Polygon POINTS="1363 1092 1362 939 1321 940 1322 1093"/></Shape></Glyph><Glyph ID="char_67" CONTENT="י" GC="1.0"><Shape><Polygon POINTS="1394 1092 1393 939 1362 939 1363 1092"/></Shape></Glyph><Glyph ID="char_68" CONTENT="ש" GC="1.0"><Shape><Polygon POINTS="1435 1092 1434 939 1393 939 1394 1092"/></Shape></Glyph><Glyph ID="char_69" CONTENT="ת" GC="1.0"><Shape><Polygon POINTS="1477 1092 1476 939 1434 939 1435 1092"/></Shape></Glyph><Glyph ID="char_70" CONTENT="כ" GC="1.0"><Shape><Polygon POINTS="1508 1092 1507 939 1476 939 1477 1092"/></Shape></Glyph><Glyph ID="char_71" CONTENT="ו" GC="1.0"><Shape><Polygon POINTS="1528 1092 1527 939 1507 939 1508 1092"/></Shape></Glyph><Glyph ID="char_72" CONTENT="ן" GC="1.0"><Shape><Polygon POINTS="1549 1092 1548 939 1527 939 1528 1092"/></Shape></Glyph><Glyph ID="char_73" CONTENT=" " GC="1.0"><Shape><Polygon POINTS="1569 1091 1568 938 1548 939 1549 1092"/></Shape></Glyph><Glyph ID="char_74" CONTENT="ע" GC="1.0"><Shape><Polygon POINTS="1611 1091 1610 938 1568 938 1569 1091"/></Shape></Glyph><Glyph ID="char_75" CONTENT="ד" GC="1.0"><Shape><Polygon POINTS="1652 1091 1651 938 1610 938 1611 1091"/></Shape></Glyph><Glyph ID="char_76" CONTENT=" " GC="1.0"><Shape><Polygon POINTS="1710 1093 1719 940 1651 938 1652 1091"/></Shape></Glyph><Glyph ID="char_77" CONTENT="ת" GC="1.0"><Shape><Polygon POINTS="1762 1097 1771 944 1719 940 1710 1093"/></Shape></Glyph><Glyph ID="char_78" CONTENT="ה" GC="1.0"><Shape><Polygon POINTS="1802 1099 1812 947 1771 944 1762 1097"/></Shape></Glyph><Glyph ID="char_79" CONTENT="ו" GC="1.0"><Shape><Polygon POINTS="1833 1101 1843 949 1812 947 1802 1099"/></Shape></Glyph><Glyph ID="char_80" CONTENT="ו" GC="1.0"><Shape><Polygon POINTS="1843 1102 1853 949 1843 949 1833 1101"/></Shape></Glyph><Glyph ID="char_81" CONTENT="ן" GC="1.0"><Shape><Polygon POINTS="1868 1102 1868 949 1853 949 1843 1102"/></Shape></Glyph><Glyph ID="char_82" CONTENT=" " GC="1.0"><Shape><Polygon POINTS="1899 1102 1899 949 1868 949 1868 1102"/></Shape></Glyph><Glyph ID="char_83" CONTENT="ק" GC="1.0"><Shape><Polygon POINTS="1940 1102 1940 949 1899 949 1899 1102"/></Shape></Glyph><Glyph ID="char_84" CONTENT="ד" GC="1.0"><Shape><Polygon POINTS="1971 1102 1971 949 1940 949 1940 1102"/></Shape></Glyph><Glyph ID="char_85" CONTENT="מ" GC="1.0"><Shape><Polygon POINTS="2002 1102 2002 949 1971 949 1971 1102"/></Shape></Glyph><Glyph ID="char_86" CONTENT="ו" GC="1.0"><Shape><Polygon POINTS="2033 1102 2033 949 2002 949 2002 1102"/></Shape></Glyph><Glyph ID="char_87" CONTENT="ה" GC="1.0"><Shape><Polygon POINTS="2064 1102 2064 949 2033 949 2033 1102"/></Shape></Glyph><Glyph ID="char_88" CONTENT="י" GC="1.0"><Shape><Polygon POINTS="2085 1102 2085 949 2064 949 2064 1102"/></Shape></Glyph><Glyph ID="char_89" CONTENT=" " GC="1.0"><Shape><Polygon POINTS="2105 1102 2105 949 2085 949 2085 1102"/></Shape></Glyph><Glyph ID="char_90" CONTENT="ל" GC="1.0"><Shape><Polygon POINTS="2126 1102 2126 949 2105 949 2105 1102"/></Shape></Glyph><Glyph ID="char_91" CONTENT=" " GC="1.0"><Shape><Polygon POINTS="2203 1100 2191 947 2126 949 2126 1102"/></Shape></Glyph></String>
          </TextLine>

          
          
          <TextLine ID="eSc_line_1787617" BASELINE="1896 872 1808 879 1761 872 1190 883" HPOS="1188.0" VPOS="780.0" WIDTH="712.0" HEIGHT="164.0">
            <Shape><Polygon POINTS="1888 780 1800 787 1774 781 1188 791 1191 944 1751 932 1812 940 1900 933"/></Shape>
	    <String CONTENT=" ל ל " HPOS="1188.0" VPOS="780.0" WIDTH="712.0" HEIGHT="164.0"><Glyph ID="char_92" CONTENT=" " GC="1.0"><Shape><Polygon POINTS="1375 940 1372 788 1266 790 1269 942"/></Shape></Glyph><Glyph ID="char_93" CONTENT="ל" GC="1.0"><Shape><Polygon POINTS="1472 938 1469 786 1372 788 1375 940"/></Shape></Glyph><Glyph ID="char_94" CONTENT=" " GC="1.0"><Shape><Polygon POINTS="1569 936 1566 785 1469 786 1472 938"/></Shape></Glyph><Glyph ID="char_95" CONTENT="ל" GC="1.0"><Shape><Polygon POINTS="1695 933 1692 782 1566 785 1569 936"/></Shape></Glyph><Glyph ID="char_96" CONTENT=" " GC="1.0"><Shape><Polygon POINTS="1862 936 1850 783 1692 782 1695 933"/></Shape></Glyph></String>
          </TextLine>

          
        </TextBlock>
        

        
      </PrintSpace>
    </Page>
  </Layout>
</alto>