<?xml version='1.0' encoding='UTF-8'?>
<alto xmlns:xsi="http://www.w3.org/2001/XMLSchema-instance" xmlns="http://www.loc.gov/standards/alto/ns-v4#" xsi:schemaLocation="http://www.loc.gov/standards/alto/ns-v4# http://www.loc.gov/standards/alto/v4/alto-4-2.xsd">
  <Description>
    <MeasurementUnit>pixel</MeasurementUnit>
    <sourceImageInformation>
      <fileName>P261-Fg002-R-C01-R01-D11062012-T123043-LR924_012_F.jpg</fileName>
      
    </sourceImageInformation>
  </Description>
  
  <Tags>
    <OtherTag ID="BT1443" LABEL="Parchment_or_papyrus" DESCRIPTION="block type Parchment_or_papyrus"/><OtherTag ID="BT2" LABEL="Main" DESCRIPTION="block type Main"/>
    
  </Tags>
  
  <Layout>
    <Page WIDTH="3608" HEIGHT="2706" PHYSICAL_IMG_NR="126" ID="eSc_dummypage_">
      <PrintSpace HPOS="0" VPOS="0" WIDTH="3608" HEIGHT="2706">
        
        <TextBlock HPOS="1165.0" VPOS="585.0" WIDTH="1268.0" HEIGHT="1112.0" ID="eSc_textblock_a96e90de" TAGREFS="BT2">
          <Shape><Polygon POINTS="1165 585 1165 1697 2433 1697 2433 585 1165 585"/></Shape>
          
          
          <TextLine ID="eSc_line_1787665" BASELINE="1504 1643 1443 1659 1271 1661" HPOS="1270.0" VPOS="1580.0" WIDTH="244.0" HEIGHT="123.0">
            <Shape><Polygon POINTS="1487 1580 1426 1596 1270 1596 1271 1703 1453 1700 1514 1684"/></Shape>
	    <String CONTENT="הזה " HPOS="1270.0" VPOS="1580.0" WIDTH="244.0" HEIGHT="123.0"><Glyph ID="char_0" CONTENT="ה" GC="1.0"><Shape><Polygon POINTS="1331 1702 1329 1596 1292 1596 1294 1703"/></Shape></Glyph><Glyph ID="char_1" CONTENT="ז" GC="1.0"><Shape><Polygon POINTS="1353 1702 1351 1596 1329 1596 1331 1702"/></Shape></Glyph><Glyph ID="char_2" CONTENT="ה" GC="1.0"><Shape><Polygon POINTS="1360 1702 1358 1596 1351 1596 1353 1702"/></Shape></Glyph><Glyph ID="char_3" CONTENT=" " GC="1.0"><Shape><Polygon POINTS="1441 1700 1439 1593 1358 1596 1360 1702"/></Shape></Glyph></String>
          </TextLine>

          
          
          <TextLine ID="eSc_line_1787663" BASELINE="2088 1553 1776 1558 1583 1560 1343 1564 1278 1560 1228 1546" HPOS="1216.0" VPOS="1484.0" WIDTH="872.0" HEIGHT="122.0">
            <Shape><Polygon POINTS="2086 1488 1774 1493 1582 1495 1341 1499 1281 1495 1245 1484 1216 1587 1275 1602 1343 1606 1583 1602 1776 1600 2088 1595"/></Shape>
	    <String CONTENT="םשרש צא צפ " HPOS="1216.0" VPOS="1484.0" WIDTH="872.0" HEIGHT="122.0"><Glyph ID="char_4" CONTENT="ם" GC="1.0"><Shape><Polygon POINTS="1350 1606 1348 1499 1296 1496 1266 1600"/></Shape></Glyph><Glyph ID="char_5" CONTENT="ש" GC="1.0"><Shape><Polygon POINTS="1415 1605 1413 1498 1348 1499 1350 1606"/></Shape></Glyph><Glyph ID="char_6" CONTENT="ר" GC="1.0"><Shape><Polygon POINTS="1481 1604 1479 1497 1413 1498 1415 1605"/></Shape></Glyph><Glyph ID="char_7" CONTENT="ש" GC="1.0"><Shape><Polygon POINTS="1531 1603 1529 1496 1479 1497 1481 1604"/></Shape></Glyph><Glyph ID="char_8" CONTENT=" " GC="1.0"><Shape><Polygon POINTS="1575 1602 1573 1495 1529 1496 1531 1603"/></Shape></Glyph><Glyph ID="char_9" CONTENT="צ" GC="1.0"><Shape><Polygon POINTS="1595 1602 1594 1495 1573 1495 1575 1602"/></Shape></Glyph><Glyph ID="char_10" CONTENT="א" GC="1.0"><Shape><Polygon POINTS="1639 1601 1638 1494 1594 1495 1595 1602"/></Shape></Glyph><Glyph ID="char_11" CONTENT=" " GC="1.0"><Shape><Polygon POINTS="1785 1600 1783 1493 1638 1494 1639 1601"/></Shape></Glyph><Glyph ID="char_12" CONTENT="צ" GC="1.0"><Shape><Polygon POINTS="1930 1598 1928 1491 1783 1493 1785 1600"/></Shape></Glyph><Glyph ID="char_13" CONTENT="פ" GC="1.0"><Shape><Polygon POINTS="1988 1597 1986 1490 1928 1491 1930 1598"/></Shape></Glyph><Glyph ID="char_14" CONTENT=" " GC="1.0"><Shape><Polygon POINTS="2053 1596 2051 1489 1986 1490 1988 1597"/></Shape></Glyph></String>
          </TextLine>

          
          
          <TextLine ID="eSc_line_1787662" BASELINE="2164 1468 1966 1456 1878 1465 1781 1470 1391 1452" HPOS="1389.0" VPOS="1387.0" WIDTH="778.0" HEIGHT="125.0">
            <Shape><Polygon POINTS="2167 1403 1969 1391 1871 1401 1777 1405 1393 1387 1389 1494 1783 1512 1882 1507 1963 1498 2161 1510"/></Shape>
	    <String CONTENT=" רי דלים ואבי " HPOS="1389.0" VPOS="1387.0" WIDTH="778.0" HEIGHT="125.0"><Glyph ID="char_15" CONTENT=" " GC="1.0"><Shape><Polygon POINTS="1454 1497 1459 1390 1410 1388 1404 1495"/></Shape></Glyph><Glyph ID="char_16" CONTENT="ר" GC="1.0"><Shape><Polygon POINTS="1512 1500 1517 1393 1459 1390 1454 1497"/></Shape></Glyph><Glyph ID="char_17" CONTENT="י" GC="1.0"><Shape><Polygon POINTS="1555 1502 1560 1395 1517 1393 1512 1500"/></Shape></Glyph><Glyph ID="char_18" CONTENT=" " GC="1.0"><Shape><Polygon POINTS="1599 1504 1604 1397 1560 1395 1555 1502"/></Shape></Glyph><Glyph ID="char_19" CONTENT="ד" GC="1.0"><Shape><Polygon POINTS="1649 1506 1654 1399 1604 1397 1599 1504"/></Shape></Glyph><Glyph ID="char_20" CONTENT="ל" GC="1.0"><Shape><Polygon POINTS="1707 1509 1712 1402 1654 1399 1649 1506"/></Shape></Glyph><Glyph ID="char_21" CONTENT="י" GC="1.0"><Shape><Polygon POINTS="1813 1510 1808 1404 1712 1402 1707 1509"/></Shape></Glyph><Glyph ID="char_22" CONTENT="ם" GC="1.0"><Shape><Polygon POINTS="1909 1504 1898 1398 1808 1404 1813 1510"/></Shape></Glyph><Glyph ID="char_23" CONTENT=" " GC="1.0"><Shape><Polygon POINTS="1937 1501 1926 1395 1898 1398 1909 1504"/></Shape></Glyph><Glyph ID="char_24" CONTENT="ו" GC="1.0"><Shape><Polygon POINTS="1959 1498 1948 1393 1926 1395 1937 1501"/></Shape></Glyph><Glyph ID="char_25" CONTENT="א" GC="1.0"><Shape><Polygon POINTS="1988 1500 1994 1393 1948 1393 1959 1498"/></Shape></Glyph><Glyph ID="char_26" CONTENT="ב" GC="1.0"><Shape><Polygon POINTS="2053 1503 2059 1396 1994 1393 1988 1500"/></Shape></Glyph><Glyph ID="char_27" CONTENT="י" GC="1.0"><Shape><Polygon POINTS="2111 1507 2117 1400 2059 1396 2053 1503"/></Shape></Glyph><Glyph ID="char_28" CONTENT=" " GC="1.0"><Shape><Polygon POINTS="2154 1510 2161 1403 2117 1400 2111 1507"/></Shape></Glyph></String>
          </TextLine>

          
          
          <TextLine ID="eSc_line_1787661" BASELINE="2297 1355 1831 1355 1664 1362 1508 1350 1431 1350" HPOS="1431.0" VPOS="1285.0" WIDTH="866.0" HEIGHT="119.0">
            <Shape><Polygon POINTS="2297 1290 1831 1290 1661 1297 1512 1285 1431 1285 1431 1392 1504 1392 1665 1404 1831 1397 2297 1397"/></Shape>
	    <String CONTENT=" י ברעב שרשך " HPOS="1431.0" VPOS="1285.0" WIDTH="866.0" HEIGHT="119.0"><Glyph ID="char_29" CONTENT=" " GC="1.0"><Shape><Polygon POINTS="1507 1392 1516 1285 1453 1285 1453 1392"/></Shape></Glyph><Glyph ID="char_30" CONTENT="י" GC="1.0"><Shape><Polygon POINTS="1557 1396 1565 1289 1516 1285 1507 1392"/></Shape></Glyph><Glyph ID="char_31" CONTENT=" " GC="1.0"><Shape><Polygon POINTS="1593 1399 1601 1292 1565 1289 1557 1396"/></Shape></Glyph><Glyph ID="char_32" CONTENT="ב" GC="1.0"><Shape><Polygon POINTS="1644 1402 1652 1296 1601 1292 1593 1399"/></Shape></Glyph><Glyph ID="char_33" CONTENT="ר" GC="1.0"><Shape><Polygon POINTS="1685 1403 1680 1296 1652 1296 1644 1402"/></Shape></Glyph><Glyph ID="char_34" CONTENT="ע" GC="1.0"><Shape><Polygon POINTS="1714 1402 1709 1295 1680 1296 1685 1403"/></Shape></Glyph><Glyph ID="char_35" CONTENT="ב" GC="1.0"><Shape><Polygon POINTS="1779 1399 1774 1292 1709 1295 1714 1402"/></Shape></Glyph><Glyph ID="char_36" CONTENT=" " GC="1.0"><Shape><Polygon POINTS="1842 1397 1842 1290 1774 1292 1779 1399"/></Shape></Glyph><Glyph ID="char_37" CONTENT="ש" GC="1.0"><Shape><Polygon POINTS="1907 1397 1907 1290 1842 1290 1842 1397"/></Shape></Glyph><Glyph ID="char_38" CONTENT="ר" GC="1.0"><Shape><Polygon POINTS="1972 1397 1972 1290 1907 1290 1907 1397"/></Shape></Glyph><Glyph ID="char_39" CONTENT="ש" GC="1.0"><Shape><Polygon POINTS="2037 1397 2037 1290 1972 1290 1972 1397"/></Shape></Glyph><Glyph ID="char_40" CONTENT="ך" GC="1.0"><Shape><Polygon POINTS="2095 1397 2095 1290 2037 1290 2037 1397"/></Shape></Glyph><Glyph ID="char_41" CONTENT=" " GC="1.0"><Shape><Polygon POINTS="2210 1397 2210 1290 2095 1290 2095 1397"/></Shape></Glyph></String>
          </TextLine>

          
          
          <TextLine ID="eSc_line_1787660" BASELINE="2338 1242 2266 1233 2239 1233 2074 1249 1948 1247 1718 1258 1659 1256 1486 1267 1377 1267 1278 1278" HPOS="1270.0" VPOS="1168.0" WIDTH="1075.0" HEIGHT="152.0">
            <Shape><Polygon POINTS="2345 1178 2273 1169 2239 1168 2067 1185 1949 1182 1714 1193 1661 1191 1481 1202 1377 1202 1270 1214 1282 1320 1377 1309 1488 1309 1657 1298 1720 1300 1947 1289 2078 1291 2239 1275 2260 1275 2332 1284"/></Shape>
	    <String CONTENT=" קי עיר נםוג פלשת כ " HPOS="1270.0" VPOS="1168.0" WIDTH="1075.0" HEIGHT="152.0"><Glyph ID="char_42" CONTENT=" " GC="1.0"><Shape><Polygon POINTS="1363 1311 1351 1205 1300 1211 1312 1317"/></Shape></Glyph><Glyph ID="char_43" CONTENT="ק" GC="1.0"><Shape><Polygon POINTS="1408 1309 1408 1202 1351 1205 1363 1311"/></Shape></Glyph><Glyph ID="char_44" CONTENT="י" GC="1.0"><Shape><Polygon POINTS="1459 1309 1459 1202 1408 1202 1408 1309"/></Shape></Glyph><Glyph ID="char_45" CONTENT=" " GC="1.0"><Shape><Polygon POINTS="1505 1308 1498 1201 1459 1202 1459 1309"/></Shape></Glyph><Glyph ID="char_46" CONTENT="ע" GC="1.0"><Shape><Polygon POINTS="1563 1304 1556 1197 1498 1201 1505 1308"/></Shape></Glyph><Glyph ID="char_47" CONTENT="י" GC="1.0"><Shape><Polygon POINTS="1620 1300 1614 1194 1556 1197 1563 1304"/></Shape></Glyph><Glyph ID="char_48" CONTENT="ר" GC="1.0"><Shape><Polygon POINTS="1656 1298 1650 1192 1614 1194 1620 1300"/></Shape></Glyph><Glyph ID="char_49" CONTENT=" " GC="1.0"><Shape><Polygon POINTS="1688 1299 1692 1192 1650 1192 1656 1298"/></Shape></Glyph><Glyph ID="char_50" CONTENT="נ" GC="1.0"><Shape><Polygon POINTS="1742 1299 1736 1192 1692 1192 1688 1299"/></Shape></Glyph><Glyph ID="char_51" CONTENT="ם" GC="1.0"><Shape><Polygon POINTS="1807 1296 1801 1189 1736 1192 1742 1299"/></Shape></Glyph><Glyph ID="char_52" CONTENT="ו" GC="1.0"><Shape><Polygon POINTS="1871 1293 1866 1186 1801 1189 1807 1296"/></Shape></Glyph><Glyph ID="char_53" CONTENT="ג" GC="1.0"><Shape><Polygon POINTS="1929 1290 1924 1183 1866 1186 1871 1293"/></Shape></Glyph><Glyph ID="char_54" CONTENT=" " GC="1.0"><Shape><Polygon POINTS="1978 1289 1979 1183 1924 1183 1929 1290"/></Shape></Glyph><Glyph ID="char_55" CONTENT="פ" GC="1.0"><Shape><Polygon POINTS="2036 1290 2037 1184 1979 1183 1978 1289"/></Shape></Glyph><Glyph ID="char_56" CONTENT="ל" GC="1.0"><Shape><Polygon POINTS="2112 1288 2102 1182 2037 1184 2036 1290"/></Shape></Glyph><Glyph ID="char_57" CONTENT="ש" GC="1.0"><Shape><Polygon POINTS="2198 1279 2188 1173 2102 1182 2112 1288"/></Shape></Glyph><Glyph ID="char_58" CONTENT="ת" GC="1.0"><Shape><Polygon POINTS="2259 1275 2259 1169 2188 1173 2198 1279"/></Shape></Glyph><Glyph ID="char_59" CONTENT=" " GC="1.0"><Shape><Polygon POINTS="2290 1279 2303 1173 2259 1169 2259 1275"/></Shape></Glyph><Glyph ID="char_60" CONTENT="כ" GC="1.0"><Shape><Polygon POINTS="2311 1281 2324 1175 2303 1173 2290 1279"/></Shape></Glyph><Glyph ID="char_61" CONTENT=" " GC="1.0"><Shape><Polygon POINTS="2338 1242 2316 1239"/></Shape></Glyph></String>
          </TextLine>

          
          
          <TextLine ID="eSc_line_1787659" BASELINE="2390 1095 2133 1113 2054 1111 1862 1122 1813 1120 1670 1127 1247 1156" HPOS="1242.0" VPOS="1030.0" WIDTH="1150.0" HEIGHT="168.0">
            <Shape><Polygon POINTS="2385 1030 2128 1048 2055 1046 1858 1057 1815 1055 1666 1062 1242 1091 1249 1198 1672 1169 1811 1162 1864 1164 2052 1153 2135 1155 2392 1137"/></Shape>
	    <String CONTENT="בודד בםידעיו וםה יענ " HPOS="1242.0" VPOS="1030.0" WIDTH="1150.0" HEIGHT="168.0"><Glyph ID="char_62" CONTENT="ב" GC="1.0"><Shape><Polygon POINTS="1365 1190 1357 1083 1279 1088 1286 1195"/></Shape></Glyph><Glyph ID="char_63" CONTENT="ו" GC="1.0"><Shape><Polygon POINTS="1423 1186 1415 1079 1357 1083 1365 1190"/></Shape></Glyph><Glyph ID="char_64" CONTENT="ד" GC="1.0"><Shape><Polygon POINTS="1473 1183 1465 1076 1415 1079 1423 1186"/></Shape></Glyph><Glyph ID="char_65" CONTENT="ד" GC="1.0"><Shape><Polygon POINTS="1515 1180 1508 1073 1465 1076 1473 1183"/></Shape></Glyph><Glyph ID="char_66" CONTENT=" " GC="1.0"><Shape><Polygon POINTS="1566 1176 1559 1069 1508 1073 1515 1180"/></Shape></Glyph><Glyph ID="char_67" CONTENT="ב" GC="1.0"><Shape><Polygon POINTS="1623 1172 1616 1065 1559 1069 1566 1176"/></Shape></Glyph><Glyph ID="char_68" CONTENT="ם" GC="1.0"><Shape><Polygon POINTS="1687 1168 1682 1061 1616 1065 1623 1172"/></Shape></Glyph><Glyph ID="char_69" CONTENT="י" GC="1.0"><Shape><Polygon POINTS="1759 1165 1754 1058 1682 1061 1687 1168"/></Shape></Glyph><Glyph ID="char_70" CONTENT="ד" GC="1.0"><Shape><Polygon POINTS="1813 1162 1818 1055 1754 1058 1759 1165"/></Shape></Glyph><Glyph ID="char_71" CONTENT="ע" GC="1.0"><Shape><Polygon POINTS="1882 1163 1876 1056 1818 1055 1813 1162"/></Shape></Glyph><Glyph ID="char_72" CONTENT="י" GC="1.0"><Shape><Polygon POINTS="1939 1160 1933 1053 1876 1056 1882 1163"/></Shape></Glyph><Glyph ID="char_73" CONTENT="ו" GC="1.0"><Shape><Polygon POINTS="1975 1157 1969 1051 1933 1053 1939 1160"/></Shape></Glyph><Glyph ID="char_74" CONTENT=" " GC="1.0"><Shape><Polygon POINTS="2047 1153 2041 1047 1969 1051 1975 1157"/></Shape></Glyph><Glyph ID="char_75" CONTENT="ו" GC="1.0"><Shape><Polygon POINTS="2149 1154 2141 1047 2041 1047 2047 1153"/></Shape></Glyph><Glyph ID="char_76" CONTENT="ם" GC="1.0"><Shape><Polygon POINTS="2199 1150 2192 1044 2141 1047 2149 1154"/></Shape></Glyph><Glyph ID="char_77" CONTENT="ה" GC="1.0"><Shape><Polygon POINTS="2213 1150 2206 1043 2192 1044 2199 1150"/></Shape></Glyph><Glyph ID="char_78" CONTENT=" " GC="1.0"><Shape><Polygon POINTS="2249 1147 2242 1040 2206 1043 2213 1150"/></Shape></Glyph><Glyph ID="char_79" CONTENT="י" GC="1.0"><Shape><Polygon POINTS="2292 1144 2285 1037 2242 1040 2249 1147"/></Shape></Glyph><Glyph ID="char_80" CONTENT="ע" GC="1.0"><Shape><Polygon POINTS="2343 1140 2336 1033 2285 1037 2292 1144"/></Shape></Glyph><Glyph ID="char_81" CONTENT="נ" GC="1.0"><Shape><Polygon POINTS="2371 1138 2363 1032 2336 1033 2343 1140"/></Shape></Glyph><Glyph ID="char_82" CONTENT=" " GC="1.0"><Shape><Polygon POINTS="2390 1095 2368 1096"/></Shape></Glyph></String>
          </TextLine>

          
          
          <TextLine ID="eSc_line_1787658" BASELINE="2381 969 2282 967 2155 971 1997 985 1939 985 1869 978 1804 989 1637 1003 1519 1005 1307 1021 1240 1017" HPOS="1237.0" VPOS="902.0" WIDTH="1145.0" HEIGHT="161.0">
            <Shape><Polygon POINTS="2382 904 2283 902 2152 906 1991 921 1939 920 1875 914 1793 925 1631 939 1517 940 1302 956 1243 952 1237 1059 1310 1063 1519 1047 1640 1045 1811 1031 1864 1020 1939 1027 2000 1027 2156 1013 2281 1009 2380 1011"/></Shape>
	    <String CONTENT="יסד ציון ובה יחסו ע " HPOS="1237.0" VPOS="902.0" WIDTH="1145.0" HEIGHT="161.0"><Glyph ID="char_83" CONTENT="י" GC="1.0"><Shape><Polygon POINTS="1352 1060 1344 953 1281 955 1273 1061"/></Shape></Glyph><Glyph ID="char_84" CONTENT="ס" GC="1.0"><Shape><Polygon POINTS="1431 1054 1423 947 1344 953 1352 1060"/></Shape></Glyph><Glyph ID="char_85" CONTENT="ד" GC="1.0"><Shape><Polygon POINTS="1489 1049 1481 943 1423 947 1431 1054"/></Shape></Glyph><Glyph ID="char_86" CONTENT=" " GC="1.0"><Shape><Polygon POINTS="1522 1047 1520 940 1481 943 1489 1049"/></Shape></Glyph><Glyph ID="char_87" CONTENT="צ" GC="1.0"><Shape><Polygon POINTS="1573 1046 1571 940 1520 940 1522 1047"/></Shape></Glyph><Glyph ID="char_88" CONTENT="י" GC="1.0"><Shape><Polygon POINTS="1624 1045 1622 939 1571 940 1573 1046"/></Shape></Glyph><Glyph ID="char_89" CONTENT="ו" GC="1.0"><Shape><Polygon POINTS="1685 1041 1676 935 1622 939 1624 1045"/></Shape></Glyph><Glyph ID="char_90" CONTENT="ן" GC="1.0"><Shape><Polygon POINTS="1721 1038 1712 932 1676 935 1685 1041"/></Shape></Glyph><Glyph ID="char_91" CONTENT=" " GC="1.0"><Shape><Polygon POINTS="1757 1035 1748 929 1712 932 1721 1038"/></Shape></Glyph><Glyph ID="char_92" CONTENT="ו" GC="1.0"><Shape><Polygon POINTS="1808 1031 1799 924 1748 929 1757 1035"/></Shape></Glyph><Glyph ID="char_93" CONTENT="ב" GC="1.0"><Shape><Polygon POINTS="1871 1021 1881 915 1799 924 1808 1031"/></Shape></Glyph><Glyph ID="char_94" CONTENT="ה" GC="1.0"><Shape><Polygon POINTS="1929 1026 1939 920 1881 915 1871 1021"/></Shape></Glyph><Glyph ID="char_95" CONTENT=" " GC="1.0"><Shape><Polygon POINTS="1977 1027 1977 921 1939 920 1929 1026"/></Shape></Glyph><Glyph ID="char_96" CONTENT="י" GC="1.0"><Shape><Polygon POINTS="2045 1023 2036 917 1977 921 1977 1027"/></Shape></Glyph><Glyph ID="char_97" CONTENT="ח" GC="1.0"><Shape><Polygon POINTS="2124 1016 2114 909 2036 917 2045 1023"/></Shape></Glyph><Glyph ID="char_98" CONTENT="ס" GC="1.0"><Shape><Polygon POINTS="2201 1012 2198 905 2114 909 2124 1016"/></Shape></Glyph><Glyph ID="char_99" CONTENT="ו" GC="1.0"><Shape><Polygon POINTS="2244 1010 2241 903 2198 905 2201 1012"/></Shape></Glyph><Glyph ID="char_100" CONTENT=" " GC="1.0"><Shape><Polygon POINTS="2266 1009 2263 903 2241 903 2244 1010"/></Shape></Glyph><Glyph ID="char_101" CONTENT="ע" GC="1.0"><Shape><Polygon POINTS="2293 1009 2295 902 2263 903 2266 1009"/></Shape></Glyph><Glyph ID="char_102" CONTENT=" " GC="1.0"><Shape><Polygon POINTS="2351 1010 2353 903 2295 902 2293 1009"/></Shape></Glyph></String>
          </TextLine>

          
          
          <TextLine ID="eSc_line_1787656" BASELINE="2284 879 2085 868 1743 870 1632 877 1596 890 1497 897 1418 911 1355 915 1253 911" HPOS="1251.0" VPOS="803.0" WIDTH="1036.0" HEIGHT="154.0">
            <Shape><Polygon POINTS="2287 814 2088 803 1742 805 1627 812 1574 829 1492 832 1406 847 1350 850 1255 846 1251 953 1357 957 1425 953 1500 939 1610 930 1634 919 1743 912 2082 910 2281 921"/></Shape>
	    <String CONTENT="םשא םואב כי בליל " HPOS="1251.0" VPOS="803.0" WIDTH="1036.0" HEIGHT="154.0"><Glyph ID="char_103" CONTENT="ם" GC="1.0"><Shape><Polygon POINTS="1352 957 1358 850 1286 847 1280 954"/></Shape></Glyph><Glyph ID="char_104" CONTENT="ש" GC="1.0"><Shape><Polygon POINTS="1435 951 1416 845 1358 850 1352 957"/></Shape></Glyph><Glyph ID="char_105" CONTENT="א" GC="1.0"><Shape><Polygon POINTS="1501 939 1493 832 1416 845 1435 951"/></Shape></Glyph><Glyph ID="char_106" CONTENT=" " GC="1.0"><Shape><Polygon POINTS="1566 934 1558 830 1493 832 1501 939"/></Shape></Glyph><Glyph ID="char_107" CONTENT="ם" GC="1.0"><Shape><Polygon POINTS="1633 919 1598 821 1558 830 1566 934"/></Shape></Glyph><Glyph ID="char_108" CONTENT="ו" GC="1.0"><Shape><Polygon POINTS="1694 915 1687 808 1598 821 1633 919"/></Shape></Glyph><Glyph ID="char_109" CONTENT="א" GC="1.0"><Shape><Polygon POINTS="1757 912 1756 805 1687 808 1694 915"/></Shape></Glyph><Glyph ID="char_110" CONTENT="ב" GC="1.0"><Shape><Polygon POINTS="1815 912 1814 805 1756 805 1757 912"/></Shape></Glyph><Glyph ID="char_111" CONTENT=" " GC="1.0"><Shape><Polygon POINTS="1872 911 1871 804 1814 805 1815 912"/></Shape></Glyph><Glyph ID="char_112" CONTENT="כ" GC="1.0"><Shape><Polygon POINTS="1916 911 1915 804 1871 804 1872 911"/></Shape></Glyph><Glyph ID="char_113" CONTENT="י" GC="1.0"><Shape><Polygon POINTS="1959 911 1958 804 1915 804 1916 911"/></Shape></Glyph><Glyph ID="char_114" CONTENT=" " GC="1.0"><Shape><Polygon POINTS="2003 910 2002 803 1958 804 1959 911"/></Shape></Glyph><Glyph ID="char_115" CONTENT="ב" GC="1.0"><Shape><Polygon POINTS="2053 910 2052 803 2002 803 2003 910"/></Shape></Glyph><Glyph ID="char_116" CONTENT="ל" GC="1.0"><Shape><Polygon POINTS="2108 911 2114 804 2052 803 2053 910"/></Shape></Glyph><Glyph ID="char_117" CONTENT="י" GC="1.0"><Shape><Polygon POINTS="2166 915 2172 808 2114 804 2108 911"/></Shape></Glyph><Glyph ID="char_118" CONTENT="ל" GC="1.0"><Shape><Polygon POINTS="2202 917 2208 810 2172 808 2166 915"/></Shape></Glyph><Glyph ID="char_119" CONTENT=" " GC="1.0"><Shape><Polygon POINTS="2253 919 2259 812 2208 810 2202 917"/></Shape></Glyph></String>
          </TextLine>

          
          
          <TextLine ID="eSc_line_1787654" BASELINE="2227 750 2004 755 1912 750 1596 750 1429 784 1382 784" HPOS="1382.0" VPOS="685.0" WIDTH="845.0" HEIGHT="141.0">
            <Shape><Polygon POINTS="2225 685 2002 690 1915 685 1596 685 1416 721 1382 719 1382 826 1437 825 1596 792 1909 792 2004 797 2227 792"/></Shape>
	    <String CONTENT=" ל לה שדד קיר ם " HPOS="1382.0" VPOS="685.0" WIDTH="845.0" HEIGHT="141.0"><Glyph ID="char_120" CONTENT=" " GC="1.0"><Shape><Polygon POINTS="1512 809 1491 706 1427 719 1427 825"/></Shape></Glyph><Glyph ID="char_121" CONTENT="ל" GC="1.0"><Shape><Polygon POINTS="1549 802 1528 699 1491 706 1512 809"/></Shape></Glyph><Glyph ID="char_122" CONTENT=" " GC="1.0"><Shape><Polygon POINTS="1598 792 1577 689 1528 699 1549 802"/></Shape></Glyph><Glyph ID="char_123" CONTENT="ל" GC="1.0"><Shape><Polygon POINTS="1640 792 1640 685 1577 689 1598 792"/></Shape></Glyph><Glyph ID="char_124" CONTENT="ה" GC="1.0"><Shape><Polygon POINTS="1647 792 1647 685 1640 685 1640 792"/></Shape></Glyph><Glyph ID="char_125" CONTENT=" " GC="1.0"><Shape><Polygon POINTS="1676 792 1676 685 1647 685 1647 792"/></Shape></Glyph><Glyph ID="char_126" CONTENT="ש" GC="1.0"><Shape><Polygon POINTS="1712 792 1712 685 1676 685 1676 792"/></Shape></Glyph><Glyph ID="char_127" CONTENT="ד" GC="1.0"><Shape><Polygon POINTS="1734 792 1734 685 1712 685 1712 792"/></Shape></Glyph><Glyph ID="char_128" CONTENT="ד" GC="1.0"><Shape><Polygon POINTS="1770 792 1770 685 1734 685 1734 792"/></Shape></Glyph><Glyph ID="char_129" CONTENT=" " GC="1.0"><Shape><Polygon POINTS="1814 792 1814 685 1770 685 1770 792"/></Shape></Glyph><Glyph ID="char_130" CONTENT="ק" GC="1.0"><Shape><Polygon POINTS="1843 792 1843 685 1814 685 1814 792"/></Shape></Glyph><Glyph ID="char_131" CONTENT="י" GC="1.0"><Shape><Polygon POINTS="1857 792 1857 685 1843 685 1843 792"/></Shape></Glyph><Glyph ID="char_132" CONTENT="ר" GC="1.0"><Shape><Polygon POINTS="1921 793 1927 686 1857 685 1857 792"/></Shape></Glyph><Glyph ID="char_133" CONTENT=" " GC="1.0"><Shape><Polygon POINTS="2032 796 2030 689 1927 686 1921 793"/></Shape></Glyph><Glyph ID="char_134" CONTENT="ם" GC="1.0"><Shape><Polygon POINTS="2105 795 2103 688 2030 689 2032 796"/></Shape></Glyph><Glyph ID="char_135" CONTENT=" " GC="1.0"><Shape><Polygon POINTS="2177 793 2175 686 2103 688 2105 795"/></Shape></Glyph></String>
          </TextLine>

          
          
          <TextLine ID="eSc_line_1787652" BASELINE="2158 667 2108 667 2004 678 1923 667 1867 671 1664 667" HPOS="1663.0" VPOS="602.0" WIDTH="495.0" HEIGHT="118.0">
            <Shape><Polygon POINTS="2158 602 2108 602 1997 614 1931 603 1862 606 1665 602 1663 709 1870 713 1917 709 2008 720 2108 709 2158 709"/></Shape>
	    <String CONTENT=" ם לב " HPOS="1663.0" VPOS="602.0" WIDTH="495.0" HEIGHT="118.0"><Glyph ID="char_136" CONTENT=" " GC="1.0"><Shape><Polygon POINTS="1786 711 1789 605 1680 602 1677 709"/></Shape></Glyph><Glyph ID="char_137" CONTENT="ם" GC="1.0"><Shape><Polygon POINTS="1878 712 1871 606 1789 605 1786 711"/></Shape></Glyph><Glyph ID="char_138" CONTENT=" " GC="1.0"><Shape><Polygon POINTS="1899 711 1892 605 1871 606 1878 712"/></Shape></Glyph><Glyph ID="char_139" CONTENT="ל" GC="1.0"><Shape><Polygon POINTS="1921 710 1914 604 1892 605 1899 711"/></Shape></Glyph><Glyph ID="char_140" CONTENT="ב" GC="1.0"><Shape><Polygon POINTS="1963 715 1977 611 1914 604 1921 710"/></Shape></Glyph><Glyph ID="char_141" CONTENT=" " GC="1.0"><Shape><Polygon POINTS="2096 710 2085 604 1977 611 1963 715"/></Shape></Glyph></String>
          </TextLine>

          
        </TextBlock>
        

        
      </PrintSpace>
    </Page>
  </Layout>
</alto>