<?xml version='1.0' encoding='UTF-8'?>
<alto xmlns:xsi="http://www.w3.org/2001/XMLSchema-instance" xmlns="http://www.loc.gov/standards/alto/ns-v4#" xsi:schemaLocation="http://www.loc.gov/standards/alto/ns-v4# http://www.loc.gov/standards/alto/v4/alto-4-2.xsd">
  <Description>
    <MeasurementUnit>pixel</MeasurementUnit>
    <sourceImageInformation>
      <fileName>P262-Fg015-R-C02-R01-D21082013-T101142-LR924_012.jpg</fileName>
      
    </sourceImageInformation>
  </Description>
  
  <Tags>
    <OtherTag ID="BT1443" LABEL="Parchment_or_papyrus" DESCRIPTION="block type Parchment_or_papyrus"/><OtherTag ID="BT2" LABEL="Main" DESCRIPTION="block type Main"/>
    
  </Tags>
  
  <Layout>
    <Page WIDTH="3608" HEIGHT="2706" PHYSICAL_IMG_NR="384" ID="eSc_dummypage_">
      <PrintSpace HPOS="0" VPOS="0" WIDTH="3608" HEIGHT="2706">
        
        <TextBlock HPOS="173.0" VPOS="826.0" WIDTH="3117.0" HEIGHT="796.0" ID="eSc_textblock_a6e2a6d9" TAGREFS="BT2">
          <Shape><Polygon POINTS="173 826 173 1622 3290 1622 3290 826"/></Shape>
          
          
          <TextLine ID="eSc_line_1787666" BASELINE="284 965 268 974 469 976 1179 956 1862 965 2678 933 2972 933" HPOS="234.0" VPOS="831.0" WIDTH="2738.0" HEIGHT="231.0">
            <Shape><Polygon POINTS="333 1053 317 1062 470 874 1176 854 1863 863 2674 831 2972 831 2972 1000 2680 1000 1861 1032 1180 1023 468 1043 234 915 250 906"/></Shape>
	    <String CONTENT=" ים והיה באחרית הימים נכון הר בית יהוה בראש ההרים ונשא ה " HPOS="234.0" VPOS="831.0" WIDTH="2738.0" HEIGHT="231.0"><Glyph ID="char_0" CONTENT=" " GC="1.0"><Shape><Polygon POINTS="2861 831 2861 1000 2924 1000 2924 831"/></Shape></Glyph><Glyph ID="char_1" CONTENT="י" GC="1.0"><Shape><Polygon POINTS="2798 831 2798 1000 2861 1000 2861 831"/></Shape></Glyph><Glyph ID="char_2" CONTENT="ם" GC="1.0"><Shape><Polygon POINTS="2748 831 2748 1000 2798 1000 2798 831"/></Shape></Glyph><Glyph ID="char_3" CONTENT=" " GC="1.0"><Shape><Polygon POINTS="2710 831 2710 1000 2748 1000 2748 831"/></Shape></Glyph><Glyph ID="char_4" CONTENT="ו" GC="1.0"><Shape><Polygon POINTS="2656 832 2663 1001 2710 1000 2710 831"/></Shape></Glyph><Glyph ID="char_5" CONTENT="ה" GC="1.0"><Shape><Polygon POINTS="2619 833 2626 1002 2663 1001 2656 832"/></Shape></Glyph><Glyph ID="char_6" CONTENT="י" GC="1.0"><Shape><Polygon POINTS="2568 835 2575 1004 2626 1002 2619 833"/></Shape></Glyph><Glyph ID="char_7" CONTENT="ה" GC="1.0"><Shape><Polygon POINTS="2518 837 2525 1006 2575 1004 2568 835"/></Shape></Glyph><Glyph ID="char_8" CONTENT=" " GC="1.0"><Shape><Polygon POINTS="2481 839 2488 1007 2525 1006 2518 837"/></Shape></Glyph><Glyph ID="char_9" CONTENT="ב" GC="1.0"><Shape><Polygon POINTS="2444 840 2450 1009 2488 1007 2481 839"/></Shape></Glyph><Glyph ID="char_10" CONTENT="א" GC="1.0"><Shape><Polygon POINTS="2381 843 2387 1011 2450 1009 2444 840"/></Shape></Glyph><Glyph ID="char_11" CONTENT="ח" GC="1.0"><Shape><Polygon POINTS="2331 845 2337 1013 2387 1011 2381 843"/></Shape></Glyph><Glyph ID="char_12" CONTENT="ר" GC="1.0"><Shape><Polygon POINTS="2281 847 2287 1015 2337 1013 2331 845"/></Shape></Glyph><Glyph ID="char_13" CONTENT="י" GC="1.0"><Shape><Polygon POINTS="2243 848 2249 1017 2287 1015 2281 847"/></Shape></Glyph><Glyph ID="char_14" CONTENT="ת" GC="1.0"><Shape><Polygon POINTS="2193 850 2199 1019 2249 1017 2243 848"/></Shape></Glyph><Glyph ID="char_15" CONTENT=" " GC="1.0"><Shape><Polygon POINTS="2143 852 2149 1021 2199 1019 2193 850"/></Shape></Glyph><Glyph ID="char_16" CONTENT="ה" GC="1.0"><Shape><Polygon POINTS="2092 854 2098 1023 2149 1021 2143 852"/></Shape></Glyph><Glyph ID="char_17" CONTENT="י" GC="1.0"><Shape><Polygon POINTS="2055 855 2061 1024 2098 1023 2092 854"/></Shape></Glyph><Glyph ID="char_18" CONTENT="מ" GC="1.0"><Shape><Polygon POINTS="2005 857 2011 1026 2061 1024 2055 855"/></Shape></Glyph><Glyph ID="char_19" CONTENT="י" GC="1.0"><Shape><Polygon POINTS="1942 860 1949 1029 2011 1026 2005 857"/></Shape></Glyph><Glyph ID="char_20" CONTENT="ם" GC="1.0"><Shape><Polygon POINTS="1904 861 1911 1030 1949 1029 1942 860"/></Shape></Glyph><Glyph ID="char_21" CONTENT=" " GC="1.0"><Shape><Polygon POINTS="1866 863 1873 1032 1911 1030 1904 861"/></Shape></Glyph><Glyph ID="char_22" CONTENT="נ" GC="1.0"><Shape><Polygon POINTS="1834 863 1832 1032 1873 1032 1866 863"/></Shape></Glyph><Glyph ID="char_23" CONTENT="כ" GC="1.0"><Shape><Polygon POINTS="1796 862 1794 1031 1832 1032 1834 863"/></Shape></Glyph><Glyph ID="char_24" CONTENT="ו" GC="1.0"><Shape><Polygon POINTS="1746 861 1744 1030 1794 1031 1796 862"/></Shape></Glyph><Glyph ID="char_25" CONTENT="ן" GC="1.0"><Shape><Polygon POINTS="1708 861 1706 1030 1744 1030 1746 861"/></Shape></Glyph><Glyph ID="char_26" CONTENT=" " GC="1.0"><Shape><Polygon POINTS="1671 860 1669 1029 1706 1030 1708 861"/></Shape></Glyph><Glyph ID="char_27" CONTENT="ה" GC="1.0"><Shape><Polygon POINTS="1620 860 1618 1029 1669 1029 1671 860"/></Shape></Glyph><Glyph ID="char_28" CONTENT="ר" GC="1.0"><Shape><Polygon POINTS="1570 859 1568 1028 1618 1029 1620 860"/></Shape></Glyph><Glyph ID="char_29" CONTENT=" " GC="1.0"><Shape><Polygon POINTS="1533 859 1531 1028 1568 1028 1570 859"/></Shape></Glyph><Glyph ID="char_30" CONTENT="ב" GC="1.0"><Shape><Polygon POINTS="1482 858 1480 1027 1531 1028 1533 859"/></Shape></Glyph><Glyph ID="char_31" CONTENT="י" GC="1.0"><Shape><Polygon POINTS="1432 857 1430 1026 1480 1027 1482 858"/></Shape></Glyph><Glyph ID="char_32" CONTENT="ת" GC="1.0"><Shape><Polygon POINTS="1382 857 1380 1026 1430 1026 1432 857"/></Shape></Glyph><Glyph ID="char_33" CONTENT=" " GC="1.0"><Shape><Polygon POINTS="1344 856 1342 1025 1380 1026 1382 857"/></Shape></Glyph><Glyph ID="char_34" CONTENT="י" GC="1.0"><Shape><Polygon POINTS="1294 856 1292 1024 1342 1025 1344 856"/></Shape></Glyph><Glyph ID="char_35" CONTENT="ה" GC="1.0"><Shape><Polygon POINTS="1256 855 1254 1024 1292 1024 1294 856"/></Shape></Glyph><Glyph ID="char_36" CONTENT="ו" GC="1.0"><Shape><Polygon POINTS="1206 854 1204 1023 1254 1024 1256 855"/></Shape></Glyph><Glyph ID="char_37" CONTENT="ה" GC="1.0"><Shape><Polygon POINTS="1152 855 1157 1024 1204 1023 1206 854"/></Shape></Glyph><Glyph ID="char_38" CONTENT=" " GC="1.0"><Shape><Polygon POINTS="1114 856 1119 1025 1157 1024 1152 855"/></Shape></Glyph><Glyph ID="char_39" CONTENT="ב" GC="1.0"><Shape><Polygon POINTS="1052 858 1057 1026 1119 1025 1114 856"/></Shape></Glyph><Glyph ID="char_40" CONTENT="ר" GC="1.0"><Shape><Polygon POINTS="1001 859 1006 1028 1057 1026 1052 858"/></Shape></Glyph><Glyph ID="char_41" CONTENT="א" GC="1.0"><Shape><Polygon POINTS="939 861 944 1030 1006 1028 1001 859"/></Shape></Glyph><Glyph ID="char_42" CONTENT="ש" GC="1.0"><Shape><Polygon POINTS="888 862 893 1031 944 1030 939 861"/></Shape></Glyph><Glyph ID="char_43" CONTENT=" " GC="1.0"><Shape><Polygon POINTS="838 864 843 1032 893 1031 888 862"/></Shape></Glyph><Glyph ID="char_44" CONTENT="ה" GC="1.0"><Shape><Polygon POINTS="788 865 793 1034 843 1032 838 864"/></Shape></Glyph><Glyph ID="char_45" CONTENT="ה" GC="1.0"><Shape><Polygon POINTS="738 866 743 1035 793 1034 788 865"/></Shape></Glyph><Glyph ID="char_46" CONTENT="ר" GC="1.0"><Shape><Polygon POINTS="687 868 692 1037 743 1035 738 866"/></Shape></Glyph><Glyph ID="char_47" CONTENT="י" GC="1.0"><Shape><Polygon POINTS="625 870 630 1038 692 1037 687 868"/></Shape></Glyph><Glyph ID="char_48" CONTENT="ם" GC="1.0"><Shape><Polygon POINTS="575 871 580 1040 630 1038 625 870"/></Shape></Glyph><Glyph ID="char_49" CONTENT=" " GC="1.0"><Shape><Polygon POINTS="537 872 542 1041 580 1040 575 871"/></Shape></Glyph><Glyph ID="char_50" CONTENT="ו" GC="1.0"><Shape><Polygon POINTS="499 873 504 1042 542 1041 537 872"/></Shape></Glyph><Glyph ID="char_51" CONTENT="נ" GC="1.0"><Shape><Polygon POINTS="466 879 465 1041 504 1042 499 873"/></Shape></Glyph><Glyph ID="char_52" CONTENT="ש" GC="1.0"><Shape><Polygon POINTS="402 957 402 1007 465 1041 466 879"/></Shape></Glyph><Glyph ID="char_53" CONTENT="א" GC="1.0"><Shape><Polygon POINTS="326 966 326 1040 402 1007 402 957"/></Shape></Glyph><Glyph ID="char_54" CONTENT=" " GC="1.0"><Shape><Polygon POINTS="276 974 326 974"/></Shape></Glyph><Glyph ID="char_55" CONTENT="ה" GC="1.0"><Shape><Polygon POINTS="282 965 276 974"/></Shape></Glyph><Glyph ID="char_56" CONTENT=" " GC="1.0"><Shape><Polygon POINTS="304 953 282 965"/></Shape></Glyph></String>
          </TextLine>

          
          
          <TextLine ID="eSc_line_1787667" BASELINE="211 1118 281 1127 392 1127 599 1136 820 1136 1053 1132 1242 1122 1434 1118 2034 1118 2349 1107 2624 1107 2904 1100 3184 1100" HPOS="202.0" VPOS="998.0" WIDTH="2982.0" HEIGHT="205.0">
            <Shape><Polygon POINTS="223 1017 293 1026 392 1025 603 1034 820 1034 1051 1030 1236 1020 1431 1016 2034 1016 2345 1005 2624 1005 2901 998 3184 998 3184 1167 2905 1167 2624 1174 2351 1174 2034 1185 1435 1185 1245 1189 1054 1199 820 1203 596 1203 392 1194 272 1194 202 1185"/></Shape>
	    <String CONTENT="מגבעות ונהרו אליו כל הגוים והלכו עמים רבים ואמרו לכו ונעלה אל הר " HPOS="202.0" VPOS="998.0" WIDTH="2982.0" HEIGHT="205.0"><Glyph ID="char_57" CONTENT="מ" GC="1.0"><Shape><Polygon POINTS="3103 998 3103 1167 3160 1167 3160 998"/></Shape></Glyph><Glyph ID="char_58" CONTENT="ג" GC="1.0"><Shape><Polygon POINTS="3047 998 3047 1167 3103 1167 3103 998"/></Shape></Glyph><Glyph ID="char_59" CONTENT="ב" GC="1.0"><Shape><Polygon POINTS="3001 998 3001 1167 3047 1167 3047 998"/></Shape></Glyph><Glyph ID="char_60" CONTENT="ע" GC="1.0"><Shape><Polygon POINTS="2945 998 2945 1167 3001 1167 3001 998"/></Shape></Glyph><Glyph ID="char_61" CONTENT="ו" GC="1.0"><Shape><Polygon POINTS="2897 998 2901 1167 2945 1167 2945 998"/></Shape></Glyph><Glyph ID="char_62" CONTENT="ת" GC="1.0"><Shape><Polygon POINTS="2852 999 2856 1168 2901 1167 2897 998"/></Shape></Glyph><Glyph ID="char_63" CONTENT=" " GC="1.0"><Shape><Polygon POINTS="2806 1000 2810 1169 2856 1168 2852 999"/></Shape></Glyph><Glyph ID="char_64" CONTENT="ו" GC="1.0"><Shape><Polygon POINTS="2761 1002 2765 1170 2810 1169 2806 1000"/></Shape></Glyph><Glyph ID="char_65" CONTENT="נ" GC="1.0"><Shape><Polygon POINTS="2715 1003 2719 1172 2765 1170 2761 1002"/></Shape></Glyph><Glyph ID="char_66" CONTENT="ה" GC="1.0"><Shape><Polygon POINTS="2670 1004 2674 1173 2719 1172 2715 1003"/></Shape></Glyph><Glyph ID="char_67" CONTENT="ר" GC="1.0"><Shape><Polygon POINTS="2625 1005 2629 1174 2674 1173 2670 1004"/></Shape></Glyph><Glyph ID="char_68" CONTENT="ו" GC="1.0"><Shape><Polygon POINTS="2582 1005 2582 1174 2629 1174 2625 1005"/></Shape></Glyph><Glyph ID="char_69" CONTENT=" " GC="1.0"><Shape><Polygon POINTS="2548 1005 2548 1174 2582 1174 2582 1005"/></Shape></Glyph><Glyph ID="char_70" CONTENT="א" GC="1.0"><Shape><Polygon POINTS="2491 1005 2491 1174 2548 1174 2548 1005"/></Shape></Glyph><Glyph ID="char_71" CONTENT="ל" GC="1.0"><Shape><Polygon POINTS="2435 1005 2435 1174 2491 1174 2491 1005"/></Shape></Glyph><Glyph ID="char_72" CONTENT="י" GC="1.0"><Shape><Polygon POINTS="2389 1005 2389 1174 2435 1174 2435 1005"/></Shape></Glyph><Glyph ID="char_73" CONTENT="ו" GC="1.0"><Shape><Polygon POINTS="2355 1005 2355 1174 2389 1174 2389 1005"/></Shape></Glyph><Glyph ID="char_74" CONTENT=" " GC="1.0"><Shape><Polygon POINTS="2317 1006 2323 1175 2355 1174 2355 1005"/></Shape></Glyph><Glyph ID="char_75" CONTENT="כ" GC="1.0"><Shape><Polygon POINTS="2272 1008 2278 1177 2323 1175 2317 1006"/></Shape></Glyph><Glyph ID="char_76" CONTENT="ל" GC="1.0"><Shape><Polygon POINTS="2238 1009 2244 1178 2278 1177 2272 1008"/></Shape></Glyph><Glyph ID="char_77" CONTENT=" " GC="1.0"><Shape><Polygon POINTS="2203 1010 2209 1179 2244 1178 2238 1009"/></Shape></Glyph><Glyph ID="char_78" CONTENT="ה" GC="1.0"><Shape><Polygon POINTS="2158 1012 2164 1180 2209 1179 2203 1010"/></Shape></Glyph><Glyph ID="char_79" CONTENT="ג" GC="1.0"><Shape><Polygon POINTS="2113 1013 2119 1182 2164 1180 2158 1012"/></Shape></Glyph><Glyph ID="char_80" CONTENT="ו" GC="1.0"><Shape><Polygon POINTS="2079 1014 2085 1183 2119 1182 2113 1013"/></Shape></Glyph><Glyph ID="char_81" CONTENT="י" GC="1.0"><Shape><Polygon POINTS="2026 1016 2026 1185 2085 1183 2079 1014"/></Shape></Glyph><Glyph ID="char_82" CONTENT="ם" GC="1.0"><Shape><Polygon POINTS="1980 1016 1980 1185 2026 1185 2026 1016"/></Shape></Glyph><Glyph ID="char_83" CONTENT=" " GC="1.0"><Shape><Polygon POINTS="1946 1016 1946 1185 1980 1185 1980 1016"/></Shape></Glyph><Glyph ID="char_84" CONTENT="ו" GC="1.0"><Shape><Polygon POINTS="1912 1016 1912 1185 1946 1185 1946 1016"/></Shape></Glyph><Glyph ID="char_85" CONTENT="ה" GC="1.0"><Shape><Polygon POINTS="1867 1016 1867 1185 1912 1185 1912 1016"/></Shape></Glyph><Glyph ID="char_86" CONTENT="ל" GC="1.0"><Shape><Polygon POINTS="1810 1016 1810 1185 1867 1185 1867 1016"/></Shape></Glyph><Glyph ID="char_87" CONTENT="כ" GC="1.0"><Shape><Polygon POINTS="1765 1016 1765 1185 1810 1185 1810 1016"/></Shape></Glyph><Glyph ID="char_88" CONTENT="ו" GC="1.0"><Shape><Polygon POINTS="1731 1016 1731 1185 1765 1185 1765 1016"/></Shape></Glyph><Glyph ID="char_89" CONTENT=" " GC="1.0"><Shape><Polygon POINTS="1697 1016 1697 1185 1731 1185 1731 1016"/></Shape></Glyph><Glyph ID="char_90" CONTENT="ע" GC="1.0"><Shape><Polygon POINTS="1640 1016 1640 1185 1697 1185 1697 1016"/></Shape></Glyph><Glyph ID="char_91" CONTENT="מ" GC="1.0"><Shape><Polygon POINTS="1583 1016 1583 1185 1640 1185 1640 1016"/></Shape></Glyph><Glyph ID="char_92" CONTENT="י" GC="1.0"><Shape><Polygon POINTS="1538 1016 1538 1185 1583 1185 1583 1016"/></Shape></Glyph><Glyph ID="char_93" CONTENT="ם" GC="1.0"><Shape><Polygon POINTS="1492 1016 1492 1185 1538 1185 1538 1016"/></Shape></Glyph><Glyph ID="char_94" CONTENT=" " GC="1.0"><Shape><Polygon POINTS="1447 1016 1447 1185 1492 1185 1492 1016"/></Shape></Glyph><Glyph ID="char_95" CONTENT="ר" GC="1.0"><Shape><Polygon POINTS="1388 1017 1391 1186 1447 1185 1447 1016"/></Shape></Glyph><Glyph ID="char_96" CONTENT="ב" GC="1.0"><Shape><Polygon POINTS="1343 1018 1346 1187 1391 1186 1388 1017"/></Shape></Glyph><Glyph ID="char_97" CONTENT="י" GC="1.0"><Shape><Polygon POINTS="1286 1019 1289 1188 1346 1187 1343 1018"/></Shape></Glyph><Glyph ID="char_98" CONTENT="ם" GC="1.0"><Shape><Polygon POINTS="1236 1020 1245 1189 1289 1188 1286 1019"/></Shape></Glyph><Glyph ID="char_99" CONTENT=" " GC="1.0"><Shape><Polygon POINTS="1191 1022 1200 1191 1245 1189 1236 1020"/></Shape></Glyph><Glyph ID="char_100" CONTENT="ו" GC="1.0"><Shape><Polygon POINTS="1135 1025 1143 1194 1200 1191 1191 1022"/></Shape></Glyph><Glyph ID="char_101" CONTENT="א" GC="1.0"><Shape><Polygon POINTS="1078 1029 1087 1197 1143 1194 1135 1025"/></Shape></Glyph><Glyph ID="char_102" CONTENT="מ" GC="1.0"><Shape><Polygon POINTS="1013 1031 1016 1200 1087 1197 1078 1029"/></Shape></Glyph><Glyph ID="char_103" CONTENT="ר" GC="1.0"><Shape><Polygon POINTS="956 1032 959 1201 1016 1200 1013 1031"/></Shape></Glyph><Glyph ID="char_104" CONTENT="ו" GC="1.0"><Shape><Polygon POINTS="911 1032 914 1201 959 1201 956 1032"/></Shape></Glyph><Glyph ID="char_105" CONTENT=" " GC="1.0"><Shape><Polygon POINTS="877 1033 880 1202 914 1201 911 1032"/></Shape></Glyph><Glyph ID="char_106" CONTENT="ל" GC="1.0"><Shape><Polygon POINTS="843 1034 846 1203 880 1202 877 1033"/></Shape></Glyph><Glyph ID="char_107" CONTENT="כ" GC="1.0"><Shape><Polygon POINTS="799 1034 799 1203 846 1203 843 1034"/></Shape></Glyph><Glyph ID="char_108" CONTENT="ו" GC="1.0"><Shape><Polygon POINTS="777 1034 777 1203 799 1203 799 1034"/></Shape></Glyph><Glyph ID="char_109" CONTENT=" " GC="1.0"><Shape><Polygon POINTS="743 1034 743 1203 777 1203 777 1034"/></Shape></Glyph><Glyph ID="char_110" CONTENT="ו" GC="1.0"><Shape><Polygon POINTS="709 1034 709 1203 743 1203 743 1034"/></Shape></Glyph><Glyph ID="char_111" CONTENT="נ" GC="1.0"><Shape><Polygon POINTS="663 1034 663 1203 709 1203 709 1034"/></Shape></Glyph><Glyph ID="char_112" CONTENT="ע" GC="1.0"><Shape><Polygon POINTS="618 1034 618 1203 663 1203 663 1034"/></Shape></Glyph><Glyph ID="char_113" CONTENT="ל" GC="1.0"><Shape><Polygon POINTS="566 1032 558 1201 618 1203 618 1034"/></Shape></Glyph><Glyph ID="char_114" CONTENT="ה" GC="1.0"><Shape><Polygon POINTS="521 1030 513 1199 558 1201 566 1032"/></Shape></Glyph><Glyph ID="char_115" CONTENT=" " GC="1.0"><Shape><Polygon POINTS="475 1029 467 1197 513 1199 521 1030"/></Shape></Glyph><Glyph ID="char_116" CONTENT="א" GC="1.0"><Shape><Polygon POINTS="418 1026 410 1195 467 1197 475 1029"/></Shape></Glyph><Glyph ID="char_117" CONTENT="ל" GC="1.0"><Shape><Polygon POINTS="379 1025 379 1194 410 1195 418 1026"/></Shape></Glyph><Glyph ID="char_118" CONTENT=" " GC="1.0"><Shape><Polygon POINTS="334 1026 334 1194 379 1194 379 1025"/></Shape></Glyph><Glyph ID="char_119" CONTENT="ה" GC="1.0"><Shape><Polygon POINTS="289 1026 289 1194 334 1194 334 1026"/></Shape></Glyph><Glyph ID="char_120" CONTENT="ר" GC="1.0"><Shape><Polygon POINTS="269 1023 245 1191 289 1194 289 1026"/></Shape></Glyph><Glyph ID="char_121" CONTENT=" " GC="1.0"><Shape><Polygon POINTS="210 1117 254 1123"/></Shape></Glyph></String>
          </TextLine>

          
          
          <TextLine ID="eSc_line_1787668" BASELINE="200 1325 403 1325 538 1330 631 1328 721 1321 868 1321 1375 1307 1610 1312 2304 1274 2437 1276 2541 1271 2965 1267 3069 1260 3159 1262" HPOS="200.0" VPOS="1158.0" WIDTH="2961.0" HEIGHT="239.0">
            <Shape><Polygon POINTS="200 1223 403 1223 541 1228 628 1226 713 1219 868 1219 1372 1205 1612 1210 2298 1172 2438 1174 2536 1169 2964 1165 3062 1158 3161 1160 3157 1329 3073 1327 2965 1334 2544 1338 2435 1343 2307 1341 1608 1379 1376 1374 868 1388 726 1388 632 1395 535 1397 403 1392 200 1392"/></Shape>
	    <String CONTENT="ואל בית אלהי יעקוב ויורנו מדרכיו ונלכה בארחתיו כי מציון תצא ת " HPOS="200.0" VPOS="1158.0" WIDTH="2961.0" HEIGHT="239.0"><Glyph ID="char_122" CONTENT="ו" GC="1.0"><Shape><Polygon POINTS="3082 1158 3078 1327 3134 1328 3138 1160"/></Shape></Glyph><Glyph ID="char_123" CONTENT="א" GC="1.0"><Shape><Polygon POINTS="3027 1160 3039 1329 3078 1327 3082 1158"/></Shape></Glyph><Glyph ID="char_124" CONTENT="ל" GC="1.0"><Shape><Polygon POINTS="2993 1163 3005 1331 3039 1329 3027 1160"/></Shape></Glyph><Glyph ID="char_125" CONTENT=" " GC="1.0"><Shape><Polygon POINTS="2959 1165 2971 1334 3005 1331 2993 1163"/></Shape></Glyph><Glyph ID="char_126" CONTENT="ב" GC="1.0"><Shape><Polygon POINTS="2908 1166 2910 1335 2971 1334 2959 1165"/></Shape></Glyph><Glyph ID="char_127" CONTENT="י" GC="1.0"><Shape><Polygon POINTS="2852 1166 2854 1335 2910 1335 2908 1166"/></Shape></Glyph><Glyph ID="char_128" CONTENT="ת" GC="1.0"><Shape><Polygon POINTS="2806 1166 2808 1335 2854 1335 2852 1166"/></Shape></Glyph><Glyph ID="char_129" CONTENT=" " GC="1.0"><Shape><Polygon POINTS="2772 1167 2774 1336 2808 1335 2806 1166"/></Shape></Glyph><Glyph ID="char_130" CONTENT="א" GC="1.0"><Shape><Polygon POINTS="2716 1167 2718 1336 2774 1336 2772 1167"/></Shape></Glyph><Glyph ID="char_131" CONTENT="ל" GC="1.0"><Shape><Polygon POINTS="2659 1168 2661 1337 2718 1336 2716 1167"/></Shape></Glyph><Glyph ID="char_132" CONTENT="ה" GC="1.0"><Shape><Polygon POINTS="2613 1168 2615 1337 2661 1337 2659 1168"/></Shape></Glyph><Glyph ID="char_133" CONTENT="י" GC="1.0"><Shape><Polygon POINTS="2568 1169 2570 1338 2615 1337 2613 1168"/></Shape></Glyph><Glyph ID="char_134" CONTENT=" " GC="1.0"><Shape><Polygon POINTS="2530 1169 2538 1338 2570 1338 2568 1169"/></Shape></Glyph><Glyph ID="char_135" CONTENT="י" GC="1.0"><Shape><Polygon POINTS="2496 1171 2504 1340 2538 1338 2530 1169"/></Shape></Glyph><Glyph ID="char_136" CONTENT="ע" GC="1.0"><Shape><Polygon POINTS="2439 1174 2448 1342 2504 1340 2496 1171"/></Shape></Glyph><Glyph ID="char_137" CONTENT="ק" GC="1.0"><Shape><Polygon POINTS="2390 1173 2387 1342 2448 1342 2439 1174"/></Shape></Glyph><Glyph ID="char_138" CONTENT="ו" GC="1.0"><Shape><Polygon POINTS="2333 1172 2330 1341 2387 1342 2390 1173"/></Shape></Glyph><Glyph ID="char_139" CONTENT="ב" GC="1.0"><Shape><Polygon POINTS="2280 1173 2289 1342 2330 1341 2333 1172"/></Shape></Glyph><Glyph ID="char_140" CONTENT=" " GC="1.0"><Shape><Polygon POINTS="2235 1175 2244 1344 2289 1342 2280 1173"/></Shape></Glyph><Glyph ID="char_141" CONTENT="ו" GC="1.0"><Shape><Polygon POINTS="2190 1178 2199 1347 2244 1344 2235 1175"/></Shape></Glyph><Glyph ID="char_142" CONTENT="י" GC="1.0"><Shape><Polygon POINTS="2144 1181 2153 1349 2199 1347 2190 1178"/></Shape></Glyph><Glyph ID="char_143" CONTENT="ו" GC="1.0"><Shape><Polygon POINTS="2088 1184 2097 1352 2153 1349 2144 1181"/></Shape></Glyph><Glyph ID="char_144" CONTENT="ר" GC="1.0"><Shape><Polygon POINTS="2042 1186 2051 1355 2097 1352 2088 1184"/></Shape></Glyph><Glyph ID="char_145" CONTENT="נ" GC="1.0"><Shape><Polygon POINTS="2008 1188 2017 1357 2051 1355 2042 1186"/></Shape></Glyph><Glyph ID="char_146" CONTENT="ו" GC="1.0"><Shape><Polygon POINTS="1985 1189 1994 1358 2017 1357 2008 1188"/></Shape></Glyph><Glyph ID="char_147" CONTENT=" " GC="1.0"><Shape><Polygon POINTS="1940 1192 1950 1360 1994 1358 1985 1189"/></Shape></Glyph><Glyph ID="char_148" CONTENT="מ" GC="1.0"><Shape><Polygon POINTS="1872 1196 1882 1364 1950 1360 1940 1192"/></Shape></Glyph><Glyph ID="char_149" CONTENT="ד" GC="1.0"><Shape><Polygon POINTS="1804 1199 1814 1368 1882 1364 1872 1196"/></Shape></Glyph><Glyph ID="char_150" CONTENT="ר" GC="1.0"><Shape><Polygon POINTS="1737 1203 1746 1372 1814 1368 1804 1199"/></Shape></Glyph><Glyph ID="char_151" CONTENT="כ" GC="1.0"><Shape><Polygon POINTS="1692 1206 1701 1374 1746 1372 1737 1203"/></Shape></Glyph><Glyph ID="char_152" CONTENT="י" GC="1.0"><Shape><Polygon POINTS="1635 1209 1644 1377 1701 1374 1692 1206"/></Shape></Glyph><Glyph ID="char_153" CONTENT="ו" GC="1.0"><Shape><Polygon POINTS="1597 1210 1593 1379 1644 1377 1635 1209"/></Shape></Glyph><Glyph ID="char_154" CONTENT=" " GC="1.0"><Shape><Polygon POINTS="1563 1209 1559 1378 1593 1379 1597 1210"/></Shape></Glyph><Glyph ID="char_155" CONTENT="ו" GC="1.0"><Shape><Polygon POINTS="1518 1208 1514 1377 1559 1378 1563 1209"/></Shape></Glyph><Glyph ID="char_156" CONTENT="נ" GC="1.0"><Shape><Polygon POINTS="1473 1207 1469 1376 1514 1377 1518 1208"/></Shape></Glyph><Glyph ID="char_157" CONTENT="ל" GC="1.0"><Shape><Polygon POINTS="1427 1206 1423 1375 1469 1376 1473 1207"/></Shape></Glyph><Glyph ID="char_158" CONTENT="כ" GC="1.0"><Shape><Polygon POINTS="1366 1205 1370 1374 1423 1375 1427 1206"/></Shape></Glyph><Glyph ID="char_159" CONTENT="ה" GC="1.0"><Shape><Polygon POINTS="1320 1206 1324 1375 1370 1374 1366 1205"/></Shape></Glyph><Glyph ID="char_160" CONTENT=" " GC="1.0"><Shape><Polygon POINTS="1286 1207 1290 1376 1324 1375 1320 1206"/></Shape></Glyph><Glyph ID="char_161" CONTENT="ב" GC="1.0"><Shape><Polygon POINTS="1229 1209 1233 1378 1290 1376 1286 1207"/></Shape></Glyph><Glyph ID="char_162" CONTENT="א" GC="1.0"><Shape><Polygon POINTS="1173 1211 1177 1379 1233 1378 1229 1209"/></Shape></Glyph><Glyph ID="char_163" CONTENT="ר" GC="1.0"><Shape><Polygon POINTS="1116 1212 1120 1381 1177 1379 1173 1211"/></Shape></Glyph><Glyph ID="char_164" CONTENT="ח" GC="1.0"><Shape><Polygon POINTS="1059 1214 1063 1383 1120 1381 1116 1212"/></Shape></Glyph><Glyph ID="char_165" CONTENT="ת" GC="1.0"><Shape><Polygon POINTS="1002 1215 1006 1384 1063 1383 1059 1214"/></Shape></Glyph><Glyph ID="char_166" CONTENT="י" GC="1.0"><Shape><Polygon POINTS="946 1217 950 1386 1006 1384 1002 1215"/></Shape></Glyph><Glyph ID="char_167" CONTENT="ו" GC="1.0"><Shape><Polygon POINTS="912 1218 916 1387 950 1386 946 1217"/></Shape></Glyph><Glyph ID="char_168" CONTENT=" " GC="1.0"><Shape><Polygon POINTS="878 1219 882 1388 916 1387 912 1218"/></Shape></Glyph><Glyph ID="char_169" CONTENT="כ" GC="1.0"><Shape><Polygon POINTS="835 1219 835 1388 882 1388 878 1219"/></Shape></Glyph><Glyph ID="char_170" CONTENT="י" GC="1.0"><Shape><Polygon POINTS="813 1219 813 1388 835 1388 835 1219"/></Shape></Glyph><Glyph ID="char_171" CONTENT=" " GC="1.0"><Shape><Polygon POINTS="779 1219 779 1388 813 1388 813 1219"/></Shape></Glyph><Glyph ID="char_172" CONTENT="מ" GC="1.0"><Shape><Polygon POINTS="722 1219 722 1388 779 1388 779 1219"/></Shape></Glyph><Glyph ID="char_173" CONTENT="צ" GC="1.0"><Shape><Polygon POINTS="657 1224 670 1392 722 1388 722 1219"/></Shape></Glyph><Glyph ID="char_174" CONTENT="י" GC="1.0"><Shape><Polygon POINTS="618 1226 621 1395 670 1392 657 1224"/></Shape></Glyph><Glyph ID="char_175" CONTENT="ו" GC="1.0"><Shape><Polygon POINTS="572 1227 575 1396 621 1395 618 1226"/></Shape></Glyph><Glyph ID="char_176" CONTENT="ן" GC="1.0"><Shape><Polygon POINTS="538 1228 541 1397 575 1396 572 1227"/></Shape></Glyph><Glyph ID="char_177" CONTENT=" " GC="1.0"><Shape><Polygon POINTS="510 1227 503 1396 541 1397 538 1228"/></Shape></Glyph><Glyph ID="char_178" CONTENT="ת" GC="1.0"><Shape><Polygon POINTS="454 1225 447 1394 503 1396 510 1227"/></Shape></Glyph><Glyph ID="char_179" CONTENT="צ" GC="1.0"><Shape><Polygon POINTS="382 1223 382 1392 447 1394 454 1225"/></Shape></Glyph><Glyph ID="char_180" CONTENT="א" GC="1.0"><Shape><Polygon POINTS="336 1223 336 1392 382 1392 382 1223"/></Shape></Glyph><Glyph ID="char_181" CONTENT=" " GC="1.0"><Shape><Polygon POINTS="291 1223 291 1392 336 1392 336 1223"/></Shape></Glyph><Glyph ID="char_182" CONTENT="ת" GC="1.0"><Shape><Polygon POINTS="245 1223 245 1392 291 1392 291 1223"/></Shape></Glyph><Glyph ID="char_183" CONTENT=" " GC="1.0"><Shape><Polygon POINTS="200 1223 200 1392 245 1392 245 1223"/></Shape></Glyph></String>
          </TextLine>

          
          
          <TextLine ID="eSc_line_1787669" BASELINE="232 1504 369 1499 786 1508 949 1501 1262 1497 1576 1486 1619 1483 1628 1479 2126 1458 3188 1422" HPOS="228.0" VPOS="1320.0" WIDTH="2962.0" HEIGHT="255.0">
            <Shape><Polygon POINTS="228 1402 365 1397 788 1406 944 1399 1260 1395 1572 1384 1586 1386 1438.41 1394.28 2121 1356 3184 1320 3190 1489 2128 1525 1655 1540 1623 1550 1578 1553 1262 1564 951 1568 784 1575 371 1566 234 1571"/></Shape>
	    <String CONTENT="ודבר שלים ושפט בין הגוים והוכיח לעמים רבים וכתתו " HPOS="228.0" VPOS="1320.0" WIDTH="2962.0" HEIGHT="255.0"><Glyph ID="char_184" CONTENT="ו" GC="1.0"><Shape><Polygon POINTS="2991 1327 2997 1496 3111 1492 3105 1323"/></Shape></Glyph><Glyph ID="char_185" CONTENT="ד" GC="1.0"><Shape><Polygon POINTS="2935 1328 2941 1497 2997 1496 2991 1327"/></Shape></Glyph><Glyph ID="char_186" CONTENT="ב" GC="1.0"><Shape><Polygon POINTS="2765 1334 2771 1503 2941 1497 2935 1328"/></Shape></Glyph><Glyph ID="char_187" CONTENT="ר" GC="1.0"><Shape><Polygon POINTS="2594 1340 2600 1509 2771 1503 2765 1334"/></Shape></Glyph><Glyph ID="char_188" CONTENT=" " GC="1.0"><Shape><Polygon POINTS="2538 1342 2544 1511 2600 1509 2594 1340"/></Shape></Glyph><Glyph ID="char_189" CONTENT="ש" GC="1.0"><Shape><Polygon POINTS="2379 1347 2385 1516 2544 1511 2538 1342"/></Shape></Glyph><Glyph ID="char_190" CONTENT="ל" GC="1.0"><Shape><Polygon POINTS="2221 1353 2226 1522 2385 1516 2379 1347"/></Shape></Glyph><Glyph ID="char_191" CONTENT="י" GC="1.0"><Shape><Polygon POINTS="2187 1354 2192 1523 2226 1522 2221 1353"/></Shape></Glyph><Glyph ID="char_192" CONTENT="ם" GC="1.0"><Shape><Polygon POINTS="2142 1355 2147 1524 2192 1523 2187 1354"/></Shape></Glyph><Glyph ID="char_193" CONTENT=" " GC="1.0"><Shape><Polygon POINTS="2096 1357 2103 1526 2147 1524 2142 1355"/></Shape></Glyph><Glyph ID="char_194" CONTENT="ו" GC="1.0"><Shape><Polygon POINTS="2062 1359 2069 1527 2103 1526 2096 1357"/></Shape></Glyph><Glyph ID="char_195" CONTENT="ש" GC="1.0"><Shape><Polygon POINTS="2005 1362 2012 1529 2069 1527 2062 1359"/></Shape></Glyph><Glyph ID="char_196" CONTENT="פ" GC="1.0"><Shape><Polygon POINTS="1937 1366 1944 1531 2012 1529 2005 1362"/></Shape></Glyph><Glyph ID="char_197" CONTENT="ט" GC="1.0"><Shape><Polygon POINTS="1892 1369 1899 1532 1944 1531 1937 1366"/></Shape></Glyph><Glyph ID="char_198" CONTENT=" " GC="1.0"><Shape><Polygon POINTS="1846 1371 1853 1534 1899 1532 1892 1369"/></Shape></Glyph><Glyph ID="char_199" CONTENT="ב" GC="1.0"><Shape><Polygon POINTS="1801 1374 1808 1535 1853 1534 1846 1371"/></Shape></Glyph><Glyph ID="char_200" CONTENT="י" GC="1.0"><Shape><Polygon POINTS="1767 1376 1774 1536 1808 1535 1801 1374"/></Shape></Glyph><Glyph ID="char_201" CONTENT="ן" GC="1.0"><Shape><Polygon POINTS="1744 1377 1751 1537 1774 1536 1767 1376"/></Shape></Glyph><Glyph ID="char_202" CONTENT=" " GC="1.0"><Shape><Polygon POINTS="1699 1379 1706 1538 1751 1537 1744 1377"/></Shape></Glyph><Glyph ID="char_203" CONTENT="ה" GC="1.0"><Shape><Polygon POINTS="1631 1383 1638 1545 1706 1538 1699 1379"/></Shape></Glyph><Glyph ID="char_204" CONTENT="ג" GC="1.0"><Shape><Polygon POINTS="1583 1386 1595 1552 1638 1545 1631 1383"/></Shape></Glyph><Glyph ID="char_205" CONTENT="ו" GC="1.0"><Shape><Polygon POINTS="1542 1385 1548 1554 1595 1552 1583 1386"/></Shape></Glyph><Glyph ID="char_206" CONTENT="י" GC="1.0"><Shape><Polygon POINTS="1474 1387 1480 1556 1548 1554 1542 1385"/></Shape></Glyph><Glyph ID="char_207" CONTENT="ם" GC="1.0"><Shape><Polygon POINTS="1417 1389 1423 1558 1480 1556 1474 1387"/></Shape></Glyph><Glyph ID="char_208" CONTENT=" " GC="1.0"><Shape><Polygon POINTS="1372 1391 1378 1560 1423 1558 1417 1389"/></Shape></Glyph><Glyph ID="char_209" CONTENT="ו" GC="1.0"><Shape><Polygon POINTS="1315 1393 1321 1562 1378 1560 1372 1391"/></Shape></Glyph><Glyph ID="char_210" CONTENT="ה" GC="1.0"><Shape><Polygon POINTS="1259 1395 1265 1564 1321 1562 1315 1393"/></Shape></Glyph><Glyph ID="char_211" CONTENT="ו" GC="1.0"><Shape><Polygon POINTS="1204 1396 1206 1565 1265 1564 1259 1395"/></Shape></Glyph><Glyph ID="char_212" CONTENT="כ" GC="1.0"><Shape><Polygon POINTS="1159 1396 1162 1565 1206 1565 1204 1396"/></Shape></Glyph><Glyph ID="char_213" CONTENT="י" GC="1.0"><Shape><Polygon POINTS="1113 1397 1116 1566 1162 1565 1159 1396"/></Shape></Glyph><Glyph ID="char_214" CONTENT="ח" GC="1.0"><Shape><Polygon POINTS="1068 1397 1071 1566 1116 1566 1113 1397"/></Shape></Glyph><Glyph ID="char_215" CONTENT=" " GC="1.0"><Shape><Polygon POINTS="1023 1398 1026 1567 1071 1566 1068 1397"/></Shape></Glyph><Glyph ID="char_216" CONTENT="ל" GC="1.0"><Shape><Polygon POINTS="977 1399 980 1568 1026 1567 1023 1398"/></Shape></Glyph><Glyph ID="char_217" CONTENT="ע" GC="1.0"><Shape><Polygon POINTS="918 1400 926 1569 980 1568 977 1399"/></Shape></Glyph><Glyph ID="char_218" CONTENT="מ" GC="1.0"><Shape><Polygon POINTS="861 1403 869 1571 926 1569 918 1400"/></Shape></Glyph><Glyph ID="char_219" CONTENT="י" GC="1.0"><Shape><Polygon POINTS="804 1405 812 1574 869 1571 861 1403"/></Shape></Glyph><Glyph ID="char_220" CONTENT="ם" GC="1.0"><Shape><Polygon POINTS="755 1405 751 1574 812 1574 804 1405"/></Shape></Glyph><Glyph ID="char_221" CONTENT=" " GC="1.0"><Shape><Polygon POINTS="720 1405 716 1574 751 1574 755 1405"/></Shape></Glyph><Glyph ID="char_222" CONTENT="ר" GC="1.0"><Shape><Polygon POINTS="664 1403 660 1572 716 1574 720 1405"/></Shape></Glyph><Glyph ID="char_223" CONTENT="ב" GC="1.0"><Shape><Polygon POINTS="618 1402 614 1571 660 1572 664 1403"/></Shape></Glyph><Glyph ID="char_224" CONTENT="י" GC="1.0"><Shape><Polygon POINTS="573 1401 569 1570 614 1571 618 1402"/></Shape></Glyph><Glyph ID="char_225" CONTENT="ם" GC="1.0"><Shape><Polygon POINTS="528 1400 524 1569 569 1570 573 1401"/></Shape></Glyph><Glyph ID="char_226" CONTENT=" " GC="1.0"><Shape><Polygon POINTS="482 1399 478 1568 524 1569 528 1400"/></Shape></Glyph><Glyph ID="char_227" CONTENT="ו" GC="1.0"><Shape><Polygon POINTS="437 1399 433 1567 478 1568 482 1399"/></Shape></Glyph><Glyph ID="char_228" CONTENT="כ" GC="1.0"><Shape><Polygon POINTS="392 1398 388 1566 433 1567 437 1399"/></Shape></Glyph><Glyph ID="char_229" CONTENT="ת" GC="1.0"><Shape><Polygon POINTS="329 1398 335 1567 388 1566 392 1398"/></Shape></Glyph><Glyph ID="char_230" CONTENT="ת" GC="1.0"><Shape><Polygon POINTS="272 1400 278 1569 335 1567 329 1398"/></Shape></Glyph><Glyph ID="char_231" CONTENT="ו" GC="1.0"><Shape><Polygon POINTS="238 1402 244 1571 278 1569 272 1400"/></Shape></Glyph><Glyph ID="char_232" CONTENT=" " GC="1.0"><Shape><Polygon POINTS="231 1504 241 1503"/></Shape></Glyph></String>
          </TextLine>

          
        </TextBlock>
        

        
      </PrintSpace>
    </Page>
  </Layout>
</alto>