<?xml version='1.0' encoding='UTF-8'?>
<alto xmlns:xsi="http://www.w3.org/2001/XMLSchema-instance" xmlns="http://www.loc.gov/standards/alto/ns-v4#" xsi:schemaLocation="http://www.loc.gov/standards/alto/ns-v4# http://www.loc.gov/standards/alto/v4/alto-4-2.xsd">
  <Description>
    <MeasurementUnit>pixel</MeasurementUnit>
    <sourceImageInformation>
      <fileName>P271-Fg004-R-C01-R01-D03062012-T115352-LR924_012_F.jpg</fileName>
      
    </sourceImageInformation>
  </Description>
  
  <Tags>
    <OtherTag ID="BT1443" LABEL="Parchment_or_papyrus" DESCRIPTION="block type Parchment_or_papyrus"/><OtherTag ID="BT2" LABEL="Main" DESCRIPTION="block type Main"/>
    
  </Tags>
  
  <Layout>
    <Page WIDTH="3608" HEIGHT="2706" PHYSICAL_IMG_NR="198" ID="eSc_dummypage_">
      <PrintSpace HPOS="0" VPOS="0" WIDTH="3608" HEIGHT="2706">
        
        <TextBlock HPOS="800.0" VPOS="859.0" WIDTH="1370.0" HEIGHT="972.0" ID="eSc_textblock_4e469d2b" TAGREFS="BT2">
          <Shape><Polygon POINTS="800 859 800 1831 2170 1831 2170 859 800 859"/></Shape>
          
          
          <TextLine ID="eSc_line_1787767" BASELINE="2088 1583 2020 1592 1758 1592 1677 1598 1616 1607 1391 1657 1283 1668 1170 1661" HPOS="1165.0" VPOS="1478.0" WIDTH="932.0" HEIGHT="260.0">
            <Shape><Polygon POINTS="2074 1478 2006 1487 1758 1486 1669 1492 1600 1502 1368 1553 1272 1562 1176 1555 1165 1731 1290 1738 1406 1725 1626 1676 1682 1668 1758 1662 2029 1661 2097 1652"/></Shape>
	    <String CONTENT=" האזוב ואת שני התול ת " HPOS="1165.0" VPOS="1478.0" WIDTH="932.0" HEIGHT="260.0"><Glyph ID="char_0" CONTENT=" " GC="1.0"><Shape><Polygon POINTS="1319 1735 1302 1559 1226 1559 1214 1734"/></Shape></Glyph><Glyph ID="char_1" CONTENT="ה" GC="1.0"><Shape><Polygon POINTS="1379 1728 1361 1554 1302 1559 1319 1735"/></Shape></Glyph><Glyph ID="char_2" CONTENT="א" GC="1.0"><Shape><Polygon POINTS="1433 1719 1395 1547 1361 1554 1379 1728"/></Shape></Glyph><Glyph ID="char_3" CONTENT="ז" GC="1.0"><Shape><Polygon POINTS="1457 1714 1419 1542 1395 1547 1433 1719"/></Shape></Glyph><Glyph ID="char_4" CONTENT="ו" GC="1.0"><Shape><Polygon POINTS="1503 1703 1465 1532 1419 1542 1457 1714"/></Shape></Glyph><Glyph ID="char_5" CONTENT="ב" GC="1.0"><Shape><Polygon POINTS="1550 1693 1511 1521 1465 1532 1503 1703"/></Shape></Glyph><Glyph ID="char_6" CONTENT=" " GC="1.0"><Shape><Polygon POINTS="1584 1685 1546 1514 1511 1521 1550 1693"/></Shape></Glyph><Glyph ID="char_7" CONTENT="ו" GC="1.0"><Shape><Polygon POINTS="1619 1678 1581 1506 1546 1514 1584 1685"/></Shape></Glyph><Glyph ID="char_8" CONTENT="א" GC="1.0"><Shape><Polygon POINTS="1660 1671 1635 1497 1581 1506 1619 1678"/></Shape></Glyph><Glyph ID="char_9" CONTENT="ת" GC="1.0"><Shape><Polygon POINTS="1691 1667 1678 1491 1635 1497 1660 1671"/></Shape></Glyph><Glyph ID="char_10" CONTENT=" " GC="1.0"><Shape><Polygon POINTS="1726 1665 1713 1489 1678 1491 1691 1667"/></Shape></Glyph><Glyph ID="char_11" CONTENT="ש" GC="1.0"><Shape><Polygon POINTS="1762 1662 1749 1487 1713 1489 1726 1665"/></Shape></Glyph><Glyph ID="char_12" CONTENT="נ" GC="1.0"><Shape><Polygon POINTS="1792 1662 1792 1486 1749 1487 1762 1662"/></Shape></Glyph><Glyph ID="char_13" CONTENT="י" GC="1.0"><Shape><Polygon POINTS="1816 1662 1816 1486 1792 1486 1792 1662"/></Shape></Glyph><Glyph ID="char_14" CONTENT=" " GC="1.0"><Shape><Polygon POINTS="1840 1662 1840 1486 1816 1486 1816 1662"/></Shape></Glyph><Glyph ID="char_15" CONTENT="ה" GC="1.0"><Shape><Polygon POINTS="1887 1662 1887 1487 1840 1486 1840 1662"/></Shape></Glyph><Glyph ID="char_16" CONTENT="ת" GC="1.0"><Shape><Polygon POINTS="1911 1661 1911 1487 1887 1487 1887 1662"/></Shape></Glyph><Glyph ID="char_17" CONTENT="ו" GC="1.0"><Shape><Polygon POINTS="1947 1661 1947 1487 1911 1487 1911 1661"/></Shape></Glyph><Glyph ID="char_18" CONTENT="ל" GC="1.0"><Shape><Polygon POINTS="1970 1661 1970 1487 1947 1487 1947 1661"/></Shape></Glyph><Glyph ID="char_19" CONTENT=" " GC="1.0"><Shape><Polygon POINTS="1994 1661 1994 1487 1970 1487 1970 1661"/></Shape></Glyph><Glyph ID="char_20" CONTENT="ת" GC="1.0"><Shape><Polygon POINTS="2006 1661 2006 1487 1994 1487 1994 1661"/></Shape></Glyph><Glyph ID="char_21" CONTENT=" " GC="1.0"><Shape><Polygon POINTS="2073 1655 2050 1481 2006 1487 2006 1661"/></Shape></Glyph></String>
          </TextLine>

          
          
          <TextLine ID="eSc_line_1787768" BASELINE="2110 1420 2011 1420 1835 1409 1772 1409 1659 1418 1276 1458 1066 1474" HPOS="1057.0" VPOS="1303.0" WIDTH="1053.0" HEIGHT="241.0">
            <Shape><Polygon POINTS="2110 1314 2011 1314 1841 1303 1772 1303 1650 1312 1265 1352 1057 1368 1071 1544 1283 1528 1664 1488 1772 1479 1830 1479 2011 1490 2110 1490"/></Shape>
	    <String CONTENT=" וטה ובמים החיים והזה על " HPOS="1057.0" VPOS="1303.0" WIDTH="1053.0" HEIGHT="241.0"><Glyph ID="char_22" CONTENT=" " GC="1.0"><Shape><Polygon POINTS="1107 1541 1093 1365 1069 1367 1083 1543"/></Shape></Glyph><Glyph ID="char_23" CONTENT="ו" GC="1.0"><Shape><Polygon POINTS="1131 1540 1117 1363 1093 1365 1107 1541"/></Shape></Glyph><Glyph ID="char_24" CONTENT="ט" GC="1.0"><Shape><Polygon POINTS="1189 1535 1176 1359 1117 1363 1131 1540"/></Shape></Glyph><Glyph ID="char_25" CONTENT="ה" GC="1.0"><Shape><Polygon POINTS="1249 1531 1236 1354 1176 1359 1189 1535"/></Shape></Glyph><Glyph ID="char_26" CONTENT=" " GC="1.0"><Shape><Polygon POINTS="1286 1528 1268 1352 1236 1354 1249 1531"/></Shape></Glyph><Glyph ID="char_27" CONTENT="ו" GC="1.0"><Shape><Polygon POINTS="1334 1523 1315 1347 1268 1352 1286 1528"/></Shape></Glyph><Glyph ID="char_28" CONTENT="ב" GC="1.0"><Shape><Polygon POINTS="1370 1519 1351 1343 1315 1347 1334 1523"/></Shape></Glyph><Glyph ID="char_29" CONTENT="מ" GC="1.0"><Shape><Polygon POINTS="1416 1514 1398 1338 1351 1343 1370 1519"/></Shape></Glyph><Glyph ID="char_30" CONTENT="י" GC="1.0"><Shape><Polygon POINTS="1476 1508 1458 1332 1398 1338 1416 1514"/></Shape></Glyph><Glyph ID="char_31" CONTENT="ם" GC="1.0"><Shape><Polygon POINTS="1524 1503 1505 1327 1458 1332 1476 1508"/></Shape></Glyph><Glyph ID="char_32" CONTENT=" " GC="1.0"><Shape><Polygon POINTS="1571 1498 1552 1322 1505 1327 1524 1503"/></Shape></Glyph><Glyph ID="char_33" CONTENT="ה" GC="1.0"><Shape><Polygon POINTS="1630 1492 1612 1316 1552 1322 1571 1498"/></Shape></Glyph><Glyph ID="char_34" CONTENT="ח" GC="1.0"><Shape><Polygon POINTS="1687 1486 1673 1310 1612 1316 1630 1492"/></Shape></Glyph><Glyph ID="char_35" CONTENT="י" GC="1.0"><Shape><Polygon POINTS="1711 1484 1697 1309 1673 1310 1687 1486"/></Shape></Glyph><Glyph ID="char_36" CONTENT="י" GC="1.0"><Shape><Polygon POINTS="1759 1480 1745 1305 1697 1309 1711 1484"/></Shape></Glyph><Glyph ID="char_37" CONTENT="ם" GC="1.0"><Shape><Polygon POINTS="1800 1479 1800 1303 1745 1305 1759 1480"/></Shape></Glyph><Glyph ID="char_38" CONTENT=" " GC="1.0"><Shape><Polygon POINTS="1824 1479 1824 1303 1800 1303 1800 1479"/></Shape></Glyph><Glyph ID="char_39" CONTENT="ו" GC="1.0"><Shape><Polygon POINTS="1856 1481 1867 1305 1824 1303 1824 1479"/></Shape></Glyph><Glyph ID="char_40" CONTENT="ה" GC="1.0"><Shape><Polygon POINTS="1892 1483 1903 1307 1867 1305 1856 1481"/></Shape></Glyph><Glyph ID="char_41" CONTENT="ז" GC="1.0"><Shape><Polygon POINTS="1927 1485 1938 1309 1903 1307 1892 1483"/></Shape></Glyph><Glyph ID="char_42" CONTENT="ה" GC="1.0"><Shape><Polygon POINTS="1963 1487 1974 1312 1938 1309 1927 1485"/></Shape></Glyph><Glyph ID="char_43" CONTENT=" " GC="1.0"><Shape><Polygon POINTS="1987 1489 1998 1313 1974 1312 1963 1487"/></Shape></Glyph><Glyph ID="char_44" CONTENT="ע" GC="1.0"><Shape><Polygon POINTS="2038 1490 2038 1314 1998 1313 1987 1489"/></Shape></Glyph><Glyph ID="char_45" CONTENT="ל" GC="1.0"><Shape><Polygon POINTS="2074 1490 2074 1314 2038 1314 2038 1490"/></Shape></Glyph><Glyph ID="char_46" CONTENT=" " GC="1.0"><Shape><Polygon POINTS="2110 1490 2110 1314 2074 1314 2074 1490"/></Shape></Glyph></String>
          </TextLine>

          
          
          <TextLine ID="eSc_line_1787769" BASELINE="2128 1237 2002 1228 1837 1228 1573 1242 1307 1285 1197 1294 1111 1307" HPOS="1095.0" VPOS="1122.0" WIDTH="1040.0" HEIGHT="254.0">
            <Shape><Polygon POINTS="2135 1131 2009 1122 1837 1122 1567 1136 1290 1180 1188 1188 1095 1202 1121 1376 1202 1364 1318 1354 1576 1312 1837 1298 1996 1298 2122 1307"/></Shape>
	    <String CONTENT=" ובמים החיים ובצפר החיה " HPOS="1095.0" VPOS="1122.0" WIDTH="1040.0" HEIGHT="254.0"><Glyph ID="char_47" CONTENT=" " GC="1.0"><Shape><Polygon POINTS="1146 1372 1120 1198 1097 1202 1123 1376"/></Shape></Glyph><Glyph ID="char_48" CONTENT="ו" GC="1.0"><Shape><Polygon POINTS="1181 1367 1155 1193 1120 1198 1146 1372"/></Shape></Glyph><Glyph ID="char_49" CONTENT="ב" GC="1.0"><Shape><Polygon POINTS="1223 1362 1209 1186 1155 1193 1181 1367"/></Shape></Glyph><Glyph ID="char_50" CONTENT="מ" GC="1.0"><Shape><Polygon POINTS="1271 1358 1257 1183 1209 1186 1223 1362"/></Shape></Glyph><Glyph ID="char_51" CONTENT="י" GC="1.0"><Shape><Polygon POINTS="1335 1351 1307 1177 1257 1183 1271 1358"/></Shape></Glyph><Glyph ID="char_52" CONTENT="ם" GC="1.0"><Shape><Polygon POINTS="1371 1345 1343 1172 1307 1177 1335 1351"/></Shape></Glyph><Glyph ID="char_53" CONTENT=" " GC="1.0"><Shape><Polygon POINTS="1417 1338 1389 1164 1343 1172 1371 1345"/></Shape></Glyph><Glyph ID="char_54" CONTENT="ה" GC="1.0"><Shape><Polygon POINTS="1476 1328 1448 1155 1389 1164 1417 1338"/></Shape></Glyph><Glyph ID="char_55" CONTENT="ח" GC="1.0"><Shape><Polygon POINTS="1523 1321 1495 1147 1448 1155 1476 1328"/></Shape></Glyph><Glyph ID="char_56" CONTENT="י" GC="1.0"><Shape><Polygon POINTS="1558 1315 1530 1142 1495 1147 1523 1321"/></Shape></Glyph><Glyph ID="char_57" CONTENT="י" GC="1.0"><Shape><Polygon POINTS="1609 1310 1600 1134 1530 1142 1558 1315"/></Shape></Glyph><Glyph ID="char_58" CONTENT="ם" GC="1.0"><Shape><Polygon POINTS="1657 1308 1648 1132 1600 1134 1609 1310"/></Shape></Glyph><Glyph ID="char_59" CONTENT=" " GC="1.0"><Shape><Polygon POINTS="1692 1306 1683 1130 1648 1132 1657 1308"/></Shape></Glyph><Glyph ID="char_60" CONTENT="ו" GC="1.0"><Shape><Polygon POINTS="1728 1304 1719 1128 1683 1130 1692 1306"/></Shape></Glyph><Glyph ID="char_61" CONTENT="ב" GC="1.0"><Shape><Polygon POINTS="1775 1301 1766 1126 1719 1128 1728 1304"/></Shape></Glyph><Glyph ID="char_62" CONTENT="צ" GC="1.0"><Shape><Polygon POINTS="1823 1299 1814 1123 1766 1126 1775 1301"/></Shape></Glyph><Glyph ID="char_63" CONTENT="פ" GC="1.0"><Shape><Polygon POINTS="1855 1298 1855 1122 1814 1123 1823 1299"/></Shape></Glyph><Glyph ID="char_64" CONTENT="ר" GC="1.0"><Shape><Polygon POINTS="1890 1298 1890 1122 1855 1122 1855 1298"/></Shape></Glyph><Glyph ID="char_65" CONTENT=" " GC="1.0"><Shape><Polygon POINTS="1926 1298 1926 1122 1890 1122 1890 1298"/></Shape></Glyph><Glyph ID="char_66" CONTENT="ה" GC="1.0"><Shape><Polygon POINTS="1985 1298 1985 1122 1926 1122 1926 1298"/></Shape></Glyph><Glyph ID="char_67" CONTENT="ח" GC="1.0"><Shape><Polygon POINTS="2028 1300 2041 1124 1985 1122 1985 1298"/></Shape></Glyph><Glyph ID="char_68" CONTENT="י" GC="1.0"><Shape><Polygon POINTS="2063 1303 2076 1127 2041 1124 2028 1300"/></Shape></Glyph><Glyph ID="char_69" CONTENT="ה" GC="1.0"><Shape><Polygon POINTS="2099 1305 2112 1129 2076 1127 2063 1303"/></Shape></Glyph><Glyph ID="char_70" CONTENT=" " GC="1.0"><Shape><Polygon POINTS="2128 1237 2104 1235"/></Shape></Glyph></String>
          </TextLine>

          
          
          <TextLine ID="eSc_line_1787764" BASELINE="2101 1068 1788 1062 1734 1066 1630 1082 1571 1084 1334 1111 1102 1125 1021 1134 780 1145" HPOS="775.0" VPOS="956.0" WIDTH="1328.0" HEIGHT="259.0">
            <Shape><Polygon POINTS="2103 962 1790 956 1726 960 1613 977 1567 978 1322 1006 1095 1019 1009 1029 775 1039 783 1215 1028 1203 1106 1195 1341 1180 1573 1154 1640 1151 1739 1136 1786 1132 2099 1138"/></Shape>
	    <String CONTENT=" ת הצפור החיה אל מחוץ לעי " HPOS="775.0" VPOS="956.0" WIDTH="1328.0" HEIGHT="259.0"><Glyph ID="char_71" CONTENT=" " GC="1.0"><Shape><Polygon POINTS="913 1209 905 1033 822 1037 830 1213"/></Shape></Glyph><Glyph ID="char_72" CONTENT="ת" GC="1.0"><Shape><Polygon POINTS="960 1206 952 1031 905 1033 913 1209"/></Shape></Glyph><Glyph ID="char_73" CONTENT=" " GC="1.0"><Shape><Polygon POINTS="996 1205 988 1030 952 1031 960 1206"/></Shape></Glyph><Glyph ID="char_74" CONTENT="ה" GC="1.0"><Shape><Polygon POINTS="1059 1200 1040 1025 988 1030 996 1205"/></Shape></Glyph><Glyph ID="char_75" CONTENT="צ" GC="1.0"><Shape><Polygon POINTS="1106 1195 1087 1020 1040 1025 1059 1200"/></Shape></Glyph><Glyph ID="char_76" CONTENT="פ" GC="1.0"><Shape><Polygon POINTS="1151 1192 1140 1016 1087 1020 1106 1195"/></Shape></Glyph><Glyph ID="char_77" CONTENT="ו" GC="1.0"><Shape><Polygon POINTS="1185 1190 1175 1014 1140 1016 1151 1192"/></Shape></Glyph><Glyph ID="char_78" CONTENT="ר" GC="1.0"><Shape><Polygon POINTS="1233 1187 1223 1012 1175 1014 1185 1190"/></Shape></Glyph><Glyph ID="char_79" CONTENT=" " GC="1.0"><Shape><Polygon POINTS="1280 1184 1270 1009 1223 1012 1233 1187"/></Shape></Glyph><Glyph ID="char_80" CONTENT="ה" GC="1.0"><Shape><Polygon POINTS="1343 1180 1323 1006 1270 1009 1280 1184"/></Shape></Glyph><Glyph ID="char_81" CONTENT="ח" GC="1.0"><Shape><Polygon POINTS="1390 1175 1370 1001 1323 1006 1343 1180"/></Shape></Glyph><Glyph ID="char_82" CONTENT="י" GC="1.0"><Shape><Polygon POINTS="1449 1168 1429 994 1370 1001 1390 1175"/></Shape></Glyph><Glyph ID="char_83" CONTENT="ה" GC="1.0"><Shape><Polygon POINTS="1484 1164 1464 990 1429 994 1449 1168"/></Shape></Glyph><Glyph ID="char_84" CONTENT=" " GC="1.0"><Shape><Polygon POINTS="1531 1159 1511 984 1464 990 1484 1164"/></Shape></Glyph><Glyph ID="char_85" CONTENT="א" GC="1.0"><Shape><Polygon POINTS="1596 1153 1590 978 1511 984 1531 1159"/></Shape></Glyph><Glyph ID="char_86" CONTENT="ל" GC="1.0"><Shape><Polygon POINTS="1632 1151 1626 975 1590 978 1596 1153"/></Shape></Glyph><Glyph ID="char_87" CONTENT=" " GC="1.0"><Shape><Polygon POINTS="1663 1148 1636 974 1626 975 1632 1151"/></Shape></Glyph><Glyph ID="char_88" CONTENT="מ" GC="1.0"><Shape><Polygon POINTS="1710 1140 1683 966 1636 974 1663 1148"/></Shape></Glyph><Glyph ID="char_89" CONTENT="ח" GC="1.0"><Shape><Polygon POINTS="1763 1134 1750 958 1683 966 1710 1140"/></Shape></Glyph><Glyph ID="char_90" CONTENT="ו" GC="1.0"><Shape><Polygon POINTS="1804 1132 1807 956 1750 958 1763 1134"/></Shape></Glyph><Glyph ID="char_91" CONTENT="ץ" GC="1.0"><Shape><Polygon POINTS="1852 1133 1855 957 1807 956 1804 1132"/></Shape></Glyph><Glyph ID="char_92" CONTENT=" " GC="1.0"><Shape><Polygon POINTS="1887 1134 1890 958 1855 957 1852 1133"/></Shape></Glyph><Glyph ID="char_93" CONTENT="ל" GC="1.0"><Shape><Polygon POINTS="1934 1135 1937 959 1890 958 1887 1134"/></Shape></Glyph><Glyph ID="char_94" CONTENT="ע" GC="1.0"><Shape><Polygon POINTS="1993 1136 1996 960 1937 959 1934 1135"/></Shape></Glyph><Glyph ID="char_95" CONTENT="י" GC="1.0"><Shape><Polygon POINTS="2041 1137 2044 961 1996 960 1993 1136"/></Shape></Glyph><Glyph ID="char_96" CONTENT=" " GC="1.0"><Shape><Polygon POINTS="2101 1068 2042 1066"/></Shape></Glyph></String>
          </TextLine>

          
          
          <TextLine ID="eSc_line_1787763" BASELINE="1616 911 1510 931 1395 942 1102 969 1048 969" HPOS="1048.0" VPOS="807.0" WIDTH="581.0" HEIGHT="232.0">
            <Shape><Polygon POINTS="1596 807 1490 827 1384 836 1092 863 1048 863 1048 1039 1108 1039 1401 1012 1523 1000 1629 980"/></Shape>
	    <String CONTENT=" לכל נגע ה ר ל " HPOS="1048.0" VPOS="807.0" WIDTH="581.0" HEIGHT="232.0"><Glyph ID="char_97" CONTENT=" " GC="1.0"><Shape><Polygon POINTS="1097 1039 1097 863 1061 863 1061 1039"/></Shape></Glyph><Glyph ID="char_98" CONTENT="ל" GC="1.0"><Shape><Polygon POINTS="1127 1037 1111 861 1097 863 1097 1039"/></Shape></Glyph><Glyph ID="char_99" CONTENT="כ" GC="1.0"><Shape><Polygon POINTS="1162 1034 1146 858 1111 861 1127 1037"/></Shape></Glyph><Glyph ID="char_100" CONTENT="ל" GC="1.0"><Shape><Polygon POINTS="1198 1031 1181 855 1146 858 1162 1034"/></Shape></Glyph><Glyph ID="char_101" CONTENT=" " GC="1.0"><Shape><Polygon POINTS="1234 1027 1217 851 1181 855 1198 1031"/></Shape></Glyph><Glyph ID="char_102" CONTENT="נ" GC="1.0"><Shape><Polygon POINTS="1280 1023 1264 847 1217 851 1234 1027"/></Shape></Glyph><Glyph ID="char_103" CONTENT="ג" GC="1.0"><Shape><Polygon POINTS="1339 1018 1323 842 1264 847 1280 1023"/></Shape></Glyph><Glyph ID="char_104" CONTENT="ע" GC="1.0"><Shape><Polygon POINTS="1387 1013 1371 837 1323 842 1339 1018"/></Shape></Glyph><Glyph ID="char_105" CONTENT=" " GC="1.0"><Shape><Polygon POINTS="1423 1010 1406 834 1371 837 1387 1013"/></Shape></Glyph><Glyph ID="char_106" CONTENT="ה" GC="1.0"><Shape><Polygon POINTS="1482 1004 1465 829 1406 834 1423 1010"/></Shape></Glyph><Glyph ID="char_107" CONTENT=" " GC="1.0"><Shape><Polygon POINTS="1536 998 1503 825 1465 829 1482 1004"/></Shape></Glyph><Glyph ID="char_108" CONTENT="ר" GC="1.0"><Shape><Polygon POINTS="1570 991 1537 818 1503 825 1536 998"/></Shape></Glyph><Glyph ID="char_109" CONTENT=" " GC="1.0"><Shape><Polygon POINTS="1594 987 1561 814 1537 818 1570 991"/></Shape></Glyph><Glyph ID="char_110" CONTENT="ל" GC="1.0"><Shape><Polygon POINTS="1617 982 1585 809 1561 814 1594 987"/></Shape></Glyph><Glyph ID="char_111" CONTENT=" " GC="1.0"><Shape><Polygon POINTS="1616 911 1604 913"/></Shape></Glyph></String>
          </TextLine>

          
        </TextBlock>
        

        
      </PrintSpace>
    </Page>
  </Layout>
</alto>