<?xml version='1.0' encoding='UTF-8'?>
<alto xmlns:xsi="http://www.w3.org/2001/XMLSchema-instance" xmlns="http://www.loc.gov/standards/alto/ns-v4#" xsi:schemaLocation="http://www.loc.gov/standards/alto/ns-v4# http://www.loc.gov/standards/alto/v4/alto-4-2.xsd">
  <Description>
    <MeasurementUnit>pixel</MeasurementUnit>
    <sourceImageInformation>
      <fileName>P271-Fg007-R-C01-R01-D03062012-T122145-LR924_012_F.jpg</fileName>
      
    </sourceImageInformation>
  </Description>
  
  <Tags>
    <OtherTag ID="BT1443" LABEL="Parchment_or_papyrus" DESCRIPTION="block type Parchment_or_papyrus"/><OtherTag ID="BT2" LABEL="Main" DESCRIPTION="block type Main"/>
    
  </Tags>
  
  <Layout>
    <Page WIDTH="3608" HEIGHT="2706" PHYSICAL_IMG_NR="167" ID="eSc_dummypage_">
      <PrintSpace HPOS="0" VPOS="0" WIDTH="3608" HEIGHT="2706">
        
        <TextBlock HPOS="1197.0" VPOS="714.0" WIDTH="753.0" HEIGHT="1085.0" ID="eSc_textblock_64179ab5" TAGREFS="BT2">
          <Shape><Polygon POINTS="1197 714 1197 1799 1950 1799 1950 714 1197 714"/></Shape>
          
          
          <TextLine ID="eSc_line_1793127" BASELINE="1851 1700 1351 1673" HPOS="1347.0" VPOS="1566.0" WIDTH="509.0" HEIGHT="205.0">
            <Shape><Polygon POINTS="1856 1593 1356 1566 1347 1744 1847 1771"/></Shape>
	    <String CONTENT=" ה בנדתה" HPOS="1347.0" VPOS="1566.0" WIDTH="509.0" HEIGHT="205.0"><Glyph ID="char_0" CONTENT=" " GC="1.0"><Shape><Polygon POINTS="1477 1751 1487 1573 1404 1569 1394 1747"/></Shape></Glyph><Glyph ID="char_1" CONTENT="ה" GC="1.0"><Shape><Polygon POINTS="1536 1754 1546 1576 1487 1573 1477 1751"/></Shape></Glyph><Glyph ID="char_2" CONTENT=" " GC="1.0"><Shape><Polygon POINTS="1572 1756 1582 1578 1546 1576 1536 1754"/></Shape></Glyph><Glyph ID="char_3" CONTENT="ב" GC="1.0"><Shape><Polygon POINTS="1620 1759 1630 1581 1582 1578 1572 1756"/></Shape></Glyph><Glyph ID="char_4" CONTENT="נ" GC="1.0"><Shape><Polygon POINTS="1668 1761 1678 1583 1630 1581 1620 1759"/></Shape></Glyph><Glyph ID="char_5" CONTENT="ד" GC="1.0"><Shape><Polygon POINTS="1716 1764 1726 1586 1678 1583 1668 1761"/></Shape></Glyph><Glyph ID="char_6" CONTENT="ת" GC="1.0"><Shape><Polygon POINTS="1775 1767 1785 1589 1726 1586 1716 1764"/></Shape></Glyph><Glyph ID="char_7" CONTENT="ה" GC="1.0"><Shape><Polygon POINTS="1835 1770 1845 1592 1785 1589 1775 1767"/></Shape></Glyph></String>
          </TextLine>

          
          
          <TextLine ID="eSc_line_1793126" BASELINE="1906 1531 1351 1477" HPOS="1344.0" VPOS="1370.0" WIDTH="572.0" HEIGHT="231.0">
            <Shape><Polygon POINTS="1916 1424 1361 1370 1344 1547 1899 1601"/></Shape>
	    <String CONTENT=" טמא וכל אש " HPOS="1344.0" VPOS="1370.0" WIDTH="572.0" HEIGHT="231.0"><Glyph ID="char_8" CONTENT=" " GC="1.0"><Shape><Polygon POINTS="1439 1556 1457 1379 1397 1374 1380 1550"/></Shape></Glyph><Glyph ID="char_9" CONTENT="ט" GC="1.0"><Shape><Polygon POINTS="1476 1560 1494 1383 1457 1379 1439 1556"/></Shape></Glyph><Glyph ID="char_10" CONTENT="מ" GC="1.0"><Shape><Polygon POINTS="1524 1564 1541 1388 1494 1383 1476 1560"/></Shape></Glyph><Glyph ID="char_11" CONTENT="א" GC="1.0"><Shape><Polygon POINTS="1573 1569 1590 1392 1541 1388 1524 1564"/></Shape></Glyph><Glyph ID="char_12" CONTENT=" " GC="1.0"><Shape><Polygon POINTS="1608 1573 1626 1396 1590 1392 1573 1569"/></Shape></Glyph><Glyph ID="char_13" CONTENT="ו" GC="1.0"><Shape><Polygon POINTS="1645 1576 1663 1399 1626 1396 1608 1573"/></Shape></Glyph><Glyph ID="char_14" CONTENT="כ" GC="1.0"><Shape><Polygon POINTS="1693 1581 1711 1404 1663 1399 1645 1576"/></Shape></Glyph><Glyph ID="char_15" CONTENT="ל" GC="1.0"><Shape><Polygon POINTS="1730 1585 1747 1408 1711 1404 1693 1581"/></Shape></Glyph><Glyph ID="char_16" CONTENT=" " GC="1.0"><Shape><Polygon POINTS="1766 1588 1783 1411 1747 1408 1730 1585"/></Shape></Glyph><Glyph ID="char_17" CONTENT="א" GC="1.0"><Shape><Polygon POINTS="1826 1594 1844 1417 1783 1411 1766 1588"/></Shape></Glyph><Glyph ID="char_18" CONTENT="ש" GC="1.0"><Shape><Polygon POINTS="1874 1599 1892 1422 1844 1417 1826 1594"/></Shape></Glyph><Glyph ID="char_19" CONTENT=" " GC="1.0"><Shape><Polygon POINTS="1906 1531 1881 1528"/></Shape></Glyph></String>
          </TextLine>

          
          
          <TextLine ID="eSc_line_1793124" BASELINE="1933 1357 1215 1265" HPOS="1205.0" VPOS="1159.0" WIDTH="741.0" HEIGHT="268.0">
            <Shape><Polygon POINTS="1946 1251 1228 1159 1205 1335 1923 1427"/></Shape>
	    <String CONTENT=" ם וטמא עד הע " HPOS="1205.0" VPOS="1159.0" WIDTH="741.0" HEIGHT="268.0"><Glyph ID="char_20" CONTENT=" " GC="1.0"><Shape><Polygon POINTS="1300 1347 1323 1171 1250 1162 1228 1338"/></Shape></Glyph><Glyph ID="char_21" CONTENT="ם" GC="1.0"><Shape><Polygon POINTS="1348 1353 1370 1177 1323 1171 1300 1347"/></Shape></Glyph><Glyph ID="char_22" CONTENT=" " GC="1.0"><Shape><Polygon POINTS="1396 1360 1419 1183 1370 1177 1348 1353"/></Shape></Glyph><Glyph ID="char_23" CONTENT="ו" GC="1.0"><Shape><Polygon POINTS="1432 1364 1455 1188 1419 1183 1396 1360"/></Shape></Glyph><Glyph ID="char_24" CONTENT="ט" GC="1.0"><Shape><Polygon POINTS="1491 1372 1514 1196 1455 1188 1432 1364"/></Shape></Glyph><Glyph ID="char_25" CONTENT="מ" GC="1.0"><Shape><Polygon POINTS="1552 1379 1575 1203 1514 1196 1491 1372"/></Shape></Glyph><Glyph ID="char_26" CONTENT="א" GC="1.0"><Shape><Polygon POINTS="1600 1386 1622 1210 1575 1203 1552 1379"/></Shape></Glyph><Glyph ID="char_27" CONTENT=" " GC="1.0"><Shape><Polygon POINTS="1636 1390 1659 1214 1622 1210 1600 1386"/></Shape></Glyph><Glyph ID="char_28" CONTENT="ע" GC="1.0"><Shape><Polygon POINTS="1684 1396 1707 1220 1659 1214 1636 1390"/></Shape></Glyph><Glyph ID="char_29" CONTENT="ד" GC="1.0"><Shape><Polygon POINTS="1732 1402 1754 1226 1707 1220 1684 1396"/></Shape></Glyph><Glyph ID="char_30" CONTENT=" " GC="1.0"><Shape><Polygon POINTS="1780 1409 1803 1233 1754 1226 1732 1402"/></Shape></Glyph><Glyph ID="char_31" CONTENT="ה" GC="1.0"><Shape><Polygon POINTS="1840 1416 1862 1240 1803 1233 1780 1409"/></Shape></Glyph><Glyph ID="char_32" CONTENT="ע" GC="1.0"><Shape><Polygon POINTS="1875 1421 1898 1245 1862 1240 1840 1416"/></Shape></Glyph><Glyph ID="char_33" CONTENT=" " GC="1.0"><Shape><Polygon POINTS="1933 1357 1884 1350"/></Shape></Glyph></String>
          </TextLine>

          
          
          <TextLine ID="eSc_line_1793123" BASELINE="1873 1156 1242 1101" HPOS="1235.0" VPOS="994.0" WIDTH="647.0" HEIGHT="232.0">
            <Shape><Polygon POINTS="1882 1049 1251 994 1235 1171 1866 1226"/></Shape>
	    <String CONTENT=" טמא עד הערב" HPOS="1235.0" VPOS="994.0" WIDTH="647.0" HEIGHT="232.0"><Glyph ID="char_34" CONTENT=" " GC="1.0"><Shape><Polygon POINTS="1330 1179 1346 1002 1286 997 1270 1174"/></Shape></Glyph><Glyph ID="char_35" CONTENT="ט" GC="1.0"><Shape><Polygon POINTS="1366 1182 1381 1005 1346 1002 1330 1179"/></Shape></Glyph><Glyph ID="char_36" CONTENT="מ" GC="1.0"><Shape><Polygon POINTS="1425 1188 1441 1011 1381 1005 1366 1182"/></Shape></Glyph><Glyph ID="char_37" CONTENT="א" GC="1.0"><Shape><Polygon POINTS="1473 1192 1489 1015 1441 1011 1425 1188"/></Shape></Glyph><Glyph ID="char_38" CONTENT=" " GC="1.0"><Shape><Polygon POINTS="1509 1195 1525 1018 1489 1015 1473 1192"/></Shape></Glyph><Glyph ID="char_39" CONTENT="ע" GC="1.0"><Shape><Polygon POINTS="1556 1199 1572 1022 1525 1018 1509 1195"/></Shape></Glyph><Glyph ID="char_40" CONTENT="ד" GC="1.0"><Shape><Polygon POINTS="1604 1203 1619 1026 1572 1022 1556 1199"/></Shape></Glyph><Glyph ID="char_41" CONTENT=" " GC="1.0"><Shape><Polygon POINTS="1640 1206 1655 1029 1619 1026 1604 1203"/></Shape></Glyph><Glyph ID="char_42" CONTENT="ה" GC="1.0"><Shape><Polygon POINTS="1687 1210 1703 1033 1655 1029 1640 1206"/></Shape></Glyph><Glyph ID="char_43" CONTENT="ע" GC="1.0"><Shape><Polygon POINTS="1747 1216 1763 1039 1703 1033 1687 1210"/></Shape></Glyph><Glyph ID="char_44" CONTENT="ר" GC="1.0"><Shape><Polygon POINTS="1807 1221 1823 1044 1763 1039 1747 1216"/></Shape></Glyph><Glyph ID="char_45" CONTENT="ב" GC="1.0"><Shape><Polygon POINTS="1873 1156 1813 1150"/></Shape></Glyph></String>
          </TextLine>

          
          
          <TextLine ID="eSc_line_1793121" BASELINE="1900 1009 1318 938" HPOS="1309.0" VPOS="831.0" WIDTH="603.0" HEIGHT="248.0">
            <Shape><Polygon POINTS="1912 902 1330 831 1309 1008 1891 1079"/></Shape>
	    <String CONTENT=" בו יטמא עד" HPOS="1309.0" VPOS="831.0" WIDTH="603.0" HEIGHT="248.0"><Glyph ID="char_46" CONTENT=" " GC="1.0"><Shape><Polygon POINTS="1369 1015 1391 838 1343 833 1322 1010"/></Shape></Glyph><Glyph ID="char_47" CONTENT="ב" GC="1.0"><Shape><Polygon POINTS="1418 1021 1440 844 1391 838 1369 1015"/></Shape></Glyph><Glyph ID="char_48" CONTENT="ו" GC="1.0"><Shape><Polygon POINTS="1455 1026 1476 849 1440 844 1418 1021"/></Shape></Glyph><Glyph ID="char_49" CONTENT=" " GC="1.0"><Shape><Polygon POINTS="1491 1030 1513 853 1476 849 1455 1026"/></Shape></Glyph><Glyph ID="char_50" CONTENT="י" GC="1.0"><Shape><Polygon POINTS="1527 1035 1549 858 1513 853 1491 1030"/></Shape></Glyph><Glyph ID="char_51" CONTENT="ט" GC="1.0"><Shape><Polygon POINTS="1564 1039 1586 862 1549 858 1527 1035"/></Shape></Glyph><Glyph ID="char_52" CONTENT="מ" GC="1.0"><Shape><Polygon POINTS="1624 1046 1646 870 1586 862 1564 1039"/></Shape></Glyph><Glyph ID="char_53" CONTENT="א" GC="1.0"><Shape><Polygon POINTS="1685 1054 1707 877 1646 870 1624 1046"/></Shape></Glyph><Glyph ID="char_54" CONTENT=" " GC="1.0"><Shape><Polygon POINTS="1722 1058 1743 881 1707 877 1685 1054"/></Shape></Glyph><Glyph ID="char_55" CONTENT="ע" GC="1.0"><Shape><Polygon POINTS="1782 1066 1804 889 1743 881 1722 1058"/></Shape></Glyph><Glyph ID="char_56" CONTENT="ד" GC="1.0"><Shape><Polygon POINTS="1867 1076 1888 899 1804 889 1782 1066"/></Shape></Glyph></String>
          </TextLine>

          
          
          <TextLine ID="eSc_line_1793122" BASELINE="1884 818 1411 786" HPOS="1406.0" VPOS="679.0" WIDTH="485.0" HEIGHT="210.0">
            <Shape><Polygon POINTS="1891 711 1418 679 1406 857 1879 889"/></Shape>
	    <String CONTENT=" ל" HPOS="1406.0" VPOS="679.0" WIDTH="485.0" HEIGHT="210.0"><Glyph ID="char_57" CONTENT=" " GC="1.0"><Shape><Polygon POINTS="1757 881 1770 703 1563 689 1551 867"/></Shape></Glyph><Glyph ID="char_58" CONTENT="ל" GC="1.0"><Shape><Polygon POINTS="1854 887 1867 709 1770 703 1757 881"/></Shape></Glyph></String>
          </TextLine>

          
        </TextBlock>
        

        
      </PrintSpace>
    </Page>
  </Layout>
</alto>