<?xml version='1.0' encoding='UTF-8'?>
<alto xmlns:xsi="http://www.w3.org/2001/XMLSchema-instance" xmlns="http://www.loc.gov/standards/alto/ns-v4#" xsi:schemaLocation="http://www.loc.gov/standards/alto/ns-v4# http://www.loc.gov/standards/alto/v4/alto-4-2.xsd">
  <Description>
    <MeasurementUnit>pixel</MeasurementUnit>
    <sourceImageInformation>
      <fileName>P276-Fg008-R-C01-R01-D03062012-T135937-LR924_012_F.jpg</fileName>
      
    </sourceImageInformation>
  </Description>
  
  <Tags>
    <OtherTag ID="BT1443" LABEL="Parchment_or_papyrus" DESCRIPTION="block type Parchment_or_papyrus"/><OtherTag ID="BT2" LABEL="Main" DESCRIPTION="block type Main"/>
    
  </Tags>
  
  <Layout>
    <Page WIDTH="3608" HEIGHT="2706" PHYSICAL_IMG_NR="184" ID="eSc_dummypage_">
      <PrintSpace HPOS="0" VPOS="0" WIDTH="3608" HEIGHT="2706">
        
        <TextBlock HPOS="1310.0" VPOS="923.0" WIDTH="683.0" HEIGHT="908.0" ID="eSc_textblock_1895f335" TAGREFS="BT2">
          <Shape><Polygon POINTS="1310 923 1310 1831 1993 1831 1993 923 1310 923"/></Shape>
          
          
          <TextLine ID="eSc_line_1793128" BASELINE="1601 1716 1411 1591" HPOS="1383.0" VPOS="1528.0" WIDTH="259.0" HEIGHT="229.0">
            <Shape><Polygon POINTS="1642 1653 1452 1528 1383 1632 1573 1757"/></Shape>
	    <String CONTENT=" דרי שא " HPOS="1383.0" VPOS="1528.0" WIDTH="259.0" HEIGHT="229.0"><Glyph ID="char_0" CONTENT=" " GC="1.0"><Shape><Polygon POINTS="1453 1678 1522 1574 1473 1542 1404 1646"/></Shape></Glyph><Glyph ID="char_1" CONTENT="ד" GC="1.0"><Shape><Polygon POINTS="1496 1706 1565 1602 1522 1574 1453 1678"/></Shape></Glyph><Glyph ID="char_2" CONTENT="ר" GC="1.0"><Shape><Polygon POINTS="1531 1729 1600 1625 1565 1602 1496 1706"/></Shape></Glyph><Glyph ID="char_3" CONTENT="י" GC="1.0"><Shape><Polygon POINTS="1552 1743 1621 1639 1600 1625 1531 1729"/></Shape></Glyph><Glyph ID="char_4" CONTENT=" " GC="1.0"><Shape><Polygon POINTS="1566 1752 1635 1648 1621 1639 1552 1743"/></Shape></Glyph><Glyph ID="char_5" CONTENT="ש" GC="1.0"><Shape><Polygon POINTS="1601 1716 1593 1711"/></Shape></Glyph><Glyph ID="char_6" CONTENT="א" GC="1.0"><Shape><Polygon POINTS="1601 1716 1601 1716"/></Shape></Glyph><Glyph ID="char_7" CONTENT=" " GC="1.0"><Shape><Polygon POINTS="1601 1716 1601 1716"/></Shape></Glyph></String>
          </TextLine>

          
          
          <TextLine ID="eSc_line_1793129" BASELINE="1808 1640 1427 1515" HPOS="1411.0" VPOS="1443.0" WIDTH="420.0" HEIGHT="244.0">
            <Shape><Polygon POINTS="1831 1568 1450 1443 1411 1562 1792 1687"/></Shape>
	    <String CONTENT=" פ שקוצים " HPOS="1411.0" VPOS="1443.0" WIDTH="420.0" HEIGHT="244.0"><Glyph ID="char_8" CONTENT=" " GC="1.0"><Shape><Polygon POINTS="1460 1578 1499 1459 1466 1448 1427 1567"/></Shape></Glyph><Glyph ID="char_9" CONTENT="פ" GC="1.0"><Shape><Polygon POINTS="1484 1586 1523 1467 1499 1459 1460 1578"/></Shape></Glyph><Glyph ID="char_10" CONTENT=" " GC="1.0"><Shape><Polygon POINTS="1516 1596 1555 1478 1523 1467 1484 1586"/></Shape></Glyph><Glyph ID="char_11" CONTENT="ש" GC="1.0"><Shape><Polygon POINTS="1573 1615 1612 1496 1555 1478 1516 1596"/></Shape></Glyph><Glyph ID="char_12" CONTENT="ק" GC="1.0"><Shape><Polygon POINTS="1621 1631 1661 1512 1612 1496 1573 1615"/></Shape></Glyph><Glyph ID="char_13" CONTENT="ו" GC="1.0"><Shape><Polygon POINTS="1662 1644 1702 1526 1661 1512 1621 1631"/></Shape></Glyph><Glyph ID="char_14" CONTENT="צ" GC="1.0"><Shape><Polygon POINTS="1703 1658 1742 1539 1702 1526 1662 1644"/></Shape></Glyph><Glyph ID="char_15" CONTENT="י" GC="1.0"><Shape><Polygon POINTS="1743 1671 1782 1552 1742 1539 1703 1658"/></Shape></Glyph><Glyph ID="char_16" CONTENT="ם" GC="1.0"><Shape><Polygon POINTS="1776 1682 1816 1563 1782 1552 1743 1671"/></Shape></Glyph><Glyph ID="char_17" CONTENT=" " GC="1.0"><Shape><Polygon POINTS="1808 1640 1791 1634"/></Shape></Glyph></String>
          </TextLine>

          
          
          <TextLine ID="eSc_line_1793130" BASELINE="1835 1531 1372 1308" HPOS="1350.0" VPOS="1240.0" WIDTH="517.0" HEIGHT="336.0">
            <Shape><Polygon POINTS="1867 1463 1404 1240 1350 1353 1813 1576"/></Shape>
	    <String CONTENT=" ה א אשר " HPOS="1350.0" VPOS="1240.0" WIDTH="517.0" HEIGHT="336.0"><Glyph ID="char_18" CONTENT=" " GC="1.0"><Shape><Polygon POINTS="1387 1371 1442 1258 1405 1240 1350 1353"/></Shape></Glyph><Glyph ID="char_19" CONTENT="ה" GC="1.0"><Shape><Polygon POINTS="1433 1393 1487 1280 1442 1258 1387 1371"/></Shape></Glyph><Glyph ID="char_20" CONTENT=" " GC="1.0"><Shape><Polygon POINTS="1524 1437 1578 1324 1487 1280 1433 1393"/></Shape></Glyph><Glyph ID="char_21" CONTENT="א" GC="1.0"><Shape><Polygon POINTS="1608 1477 1662 1364 1578 1324 1524 1437"/></Shape></Glyph><Glyph ID="char_22" CONTENT=" " GC="1.0"><Shape><Polygon POINTS="1638 1492 1693 1379 1662 1364 1608 1477"/></Shape></Glyph><Glyph ID="char_23" CONTENT="א" GC="1.0"><Shape><Polygon POINTS="1676 1510 1731 1397 1693 1379 1638 1492"/></Shape></Glyph><Glyph ID="char_24" CONTENT="ש" GC="1.0"><Shape><Polygon POINTS="1729 1536 1784 1423 1731 1397 1676 1510"/></Shape></Glyph><Glyph ID="char_25" CONTENT="ר" GC="1.0"><Shape><Polygon POINTS="1775 1558 1830 1445 1784 1423 1729 1536"/></Shape></Glyph><Glyph ID="char_26" CONTENT=" " GC="1.0"><Shape><Polygon POINTS="1805 1572 1860 1459 1830 1445 1775 1558"/></Shape></Glyph></String>
          </TextLine>

          
          
          <TextLine ID="eSc_line_1793131" BASELINE="1786 1352 1579 1292" HPOS="1565.0" VPOS="1219.0" WIDTH="241.0" HEIGHT="181.0">
            <Shape><Polygon POINTS="1806 1279 1599 1219 1565 1340 1772 1400"/></Shape>
	    <String CONTENT=" לת ל " HPOS="1565.0" VPOS="1219.0" WIDTH="241.0" HEIGHT="181.0"><Glyph ID="char_27" CONTENT=" " GC="1.0"><Shape><Polygon POINTS="1613 1354 1649 1233 1616 1224 1581 1345"/></Shape></Glyph><Glyph ID="char_28" CONTENT="ל" GC="1.0"><Shape><Polygon POINTS="1647 1364 1682 1243 1649 1233 1613 1354"/></Shape></Glyph><Glyph ID="char_29" CONTENT="ת" GC="1.0"><Shape><Polygon POINTS="1688 1376 1724 1255 1682 1243 1647 1364"/></Shape></Glyph><Glyph ID="char_30" CONTENT=" " GC="1.0"><Shape><Polygon POINTS="1713 1383 1749 1262 1724 1255 1688 1376"/></Shape></Glyph><Glyph ID="char_31" CONTENT="ל" GC="1.0"><Shape><Polygon POINTS="1747 1393 1782 1272 1749 1262 1713 1383"/></Shape></Glyph><Glyph ID="char_32" CONTENT=" " GC="1.0"><Shape><Polygon POINTS="1786 1352 1761 1344"/></Shape></Glyph></String>
          </TextLine>

          
          
          <TextLine ID="eSc_line_1793132" BASELINE="1900 1156 1454 1156" HPOS="1454.0" VPOS="1081.0" WIDTH="446.0" HEIGHT="125.0">
            <Shape><Polygon POINTS="1900 1081 1454 1081 1454 1206 1900 1206"/></Shape>
	    <String CONTENT=" א משול ל א " HPOS="1454.0" VPOS="1081.0" WIDTH="446.0" HEIGHT="125.0"><Glyph ID="char_33" CONTENT=" " GC="1.0"><Shape><Polygon POINTS="1509 1206 1509 1081 1475 1081 1475 1206"/></Shape></Glyph><Glyph ID="char_34" CONTENT="א" GC="1.0"><Shape><Polygon POINTS="1526 1206 1526 1081 1509 1081 1509 1206"/></Shape></Glyph><Glyph ID="char_35" CONTENT=" " GC="1.0"><Shape><Polygon POINTS="1543 1206 1543 1081 1526 1081 1526 1206"/></Shape></Glyph><Glyph ID="char_36" CONTENT="מ" GC="1.0"><Shape><Polygon POINTS="1586 1206 1586 1081 1543 1081 1543 1206"/></Shape></Glyph><Glyph ID="char_37" CONTENT="ש" GC="1.0"><Shape><Polygon POINTS="1637 1206 1637 1081 1586 1081 1586 1206"/></Shape></Glyph><Glyph ID="char_38" CONTENT="ו" GC="1.0"><Shape><Polygon POINTS="1679 1206 1679 1081 1637 1081 1637 1206"/></Shape></Glyph><Glyph ID="char_39" CONTENT="ל" GC="1.0"><Shape><Polygon POINTS="1704 1206 1704 1081 1679 1081 1679 1206"/></Shape></Glyph><Glyph ID="char_40" CONTENT=" " GC="1.0"><Shape><Polygon POINTS="1755 1206 1755 1081 1704 1081 1704 1206"/></Shape></Glyph><Glyph ID="char_41" CONTENT="ל" GC="1.0"><Shape><Polygon POINTS="1806 1206 1806 1081 1755 1081 1755 1206"/></Shape></Glyph><Glyph ID="char_42" CONTENT=" " GC="1.0"><Shape><Polygon POINTS="1823 1206 1823 1081 1806 1081 1806 1206"/></Shape></Glyph><Glyph ID="char_43" CONTENT="א" GC="1.0"><Shape><Polygon POINTS="1857 1206 1857 1081 1823 1081 1823 1206"/></Shape></Glyph><Glyph ID="char_44" CONTENT=" " GC="1.0"><Shape><Polygon POINTS="1900 1206 1900 1081 1857 1081 1857 1206"/></Shape></Glyph></String>
          </TextLine>

          
          
          <TextLine ID="eSc_line_1793133" BASELINE="1922 1080 1568 1042" HPOS="1562.0" VPOS="967.0" WIDTH="368.0" HEIGHT="162.0">
            <Shape><Polygon POINTS="1930 1005 1576 967 1562 1091 1916 1129"/></Shape>
	    <String CONTENT=" ל יש " HPOS="1562.0" VPOS="967.0" WIDTH="368.0" HEIGHT="162.0"><Glyph ID="char_45" CONTENT=" " GC="1.0"><Shape><Polygon POINTS="1627 1098 1641 974 1607 970 1593 1094"/></Shape></Glyph><Glyph ID="char_46" CONTENT="ל" GC="1.0"><Shape><Polygon POINTS="1679 1104 1693 980 1641 974 1627 1098"/></Shape></Glyph><Glyph ID="char_47" CONTENT=" " GC="1.0"><Shape><Polygon POINTS="1738 1110 1751 986 1693 980 1679 1104"/></Shape></Glyph><Glyph ID="char_48" CONTENT="י" GC="1.0"><Shape><Polygon POINTS="1772 1114 1786 990 1751 986 1738 1110"/></Shape></Glyph><Glyph ID="char_49" CONTENT="ש" GC="1.0"><Shape><Polygon POINTS="1831 1120 1845 996 1786 990 1772 1114"/></Shape></Glyph><Glyph ID="char_50" CONTENT=" " GC="1.0"><Shape><Polygon POINTS="1900 1127 1913 1003 1845 996 1831 1120"/></Shape></Glyph></String>
          </TextLine>

          
        </TextBlock>
        

        
      </PrintSpace>
    </Page>
  </Layout>
</alto>