<?xml version='1.0' encoding='UTF-8'?>
<alto xmlns:xsi="http://www.w3.org/2001/XMLSchema-instance" xmlns="http://www.loc.gov/standards/alto/ns-v4#" xsi:schemaLocation="http://www.loc.gov/standards/alto/ns-v4# http://www.loc.gov/standards/alto/v4/alto-4-2.xsd">
  <Description>
    <MeasurementUnit>pixel</MeasurementUnit>
    <sourceImageInformation>
      <fileName>P287-Fg002-R-C01-R01-D30082012-T124345-LR924_012_F.jpg</fileName>
      
    </sourceImageInformation>
  </Description>
  
  <Tags>
    <OtherTag ID="BT1443" LABEL="Parchment_or_papyrus" DESCRIPTION="block type Parchment_or_papyrus"/><OtherTag ID="BT2" LABEL="Main" DESCRIPTION="block type Main"/>
    
  </Tags>
  
  <Layout>
    <Page WIDTH="3608" HEIGHT="2706" PHYSICAL_IMG_NR="78" ID="eSc_dummypage_">
      <PrintSpace HPOS="0" VPOS="0" WIDTH="3608" HEIGHT="2706">
        
        <TextBlock HPOS="1084.0" VPOS="875.0" WIDTH="1274.0" HEIGHT="844.0" ID="eSc_textblock_a7a28959" TAGREFS="BT2">
          <Shape><Polygon POINTS="1084 875 1084 1719 2358 1719 2358 875"/></Shape>
          
          
          <TextLine ID="eSc_line_1787844" BASELINE="1289 953 1461 958 1524 967 1688 976" HPOS="1287.0" VPOS="857.0" WIDTH="406.0" HEIGHT="182.0">
            <Shape><Polygon POINTS="1291 857 1463 862 1537 871 1693 880 1684 1039 1514 1030 1459 1021 1287 1016"/></Shape>
	    <String CONTENT=" לץ " HPOS="1287.0" VPOS="857.0" WIDTH="406.0" HEIGHT="182.0"><Glyph ID="char_0" CONTENT=" " GC="1.0"><Shape><Polygon POINTS="1562 872 1554 1032 1630 1036 1638 877"/></Shape></Glyph><Glyph ID="char_1" CONTENT="ל" GC="1.0"><Shape><Polygon POINTS="1496 866 1474 1023 1554 1032 1562 872"/></Shape></Glyph><Glyph ID="char_2" CONTENT="ץ" GC="1.0"><Shape><Polygon POINTS="1399 860 1394 1019 1474 1023 1496 866"/></Shape></Glyph><Glyph ID="char_3" CONTENT=" " GC="1.0"><Shape><Polygon POINTS="1324 858 1319 1017 1394 1019 1399 860"/></Shape></Glyph></String>
          </TextLine>

          
          
          <TextLine ID="eSc_line_1787845" BASELINE="1093 1145 1141 1136 1208 1132 1395 1141 1734 1129 1903 1132" HPOS="1075.0" VPOS="1033.0" WIDTH="829.0" HEIGHT="174.0">
            <Shape><Polygon POINTS="1075 1050 1123 1041 1202 1036 1399 1045 1730 1033 1904 1036 1901 1195 1736 1192 1391 1204 1211 1195 1152 1198 1104 1207"/></Shape>
	    <String CONTENT=" תמיד הבר אליו " HPOS="1075.0" VPOS="1033.0" WIDTH="829.0" HEIGHT="174.0"><Glyph ID="char_4" CONTENT=" " GC="1.0"><Shape><Polygon POINTS="1815 1034 1813 1193 1876 1195 1879 1036"/></Shape></Glyph><Glyph ID="char_5" CONTENT="ת" GC="1.0"><Shape><Polygon POINTS="1761 1034 1759 1192 1813 1193 1815 1034"/></Shape></Glyph><Glyph ID="char_6" CONTENT="מ" GC="1.0"><Shape><Polygon POINTS="1702 1034 1708 1193 1759 1192 1761 1034"/></Shape></Glyph><Glyph ID="char_7" CONTENT="י" GC="1.0"><Shape><Polygon POINTS="1637 1036 1643 1195 1708 1193 1702 1034"/></Shape></Glyph><Glyph ID="char_8" CONTENT="ד" GC="1.0"><Shape><Polygon POINTS="1583 1038 1589 1197 1643 1195 1637 1036"/></Shape></Glyph><Glyph ID="char_9" CONTENT=" " GC="1.0"><Shape><Polygon POINTS="1529 1040 1535 1199 1589 1197 1583 1038"/></Shape></Glyph><Glyph ID="char_10" CONTENT="ה" GC="1.0"><Shape><Polygon POINTS="1475 1042 1481 1201 1535 1199 1529 1040"/></Shape></Glyph><Glyph ID="char_11" CONTENT="ב" GC="1.0"><Shape><Polygon POINTS="1411 1045 1417 1203 1481 1201 1475 1042"/></Shape></Glyph><Glyph ID="char_12" CONTENT="ר" GC="1.0"><Shape><Polygon POINTS="1365 1043 1358 1202 1417 1203 1411 1045"/></Shape></Glyph><Glyph ID="char_13" CONTENT=" " GC="1.0"><Shape><Polygon POINTS="1333 1042 1325 1201 1358 1202 1365 1043"/></Shape></Glyph><Glyph ID="char_14" CONTENT="א" GC="1.0"><Shape><Polygon POINTS="1279 1039 1271 1198 1325 1201 1333 1042"/></Shape></Glyph><Glyph ID="char_15" CONTENT="ל" GC="1.0"><Shape><Polygon POINTS="1226 1037 1218 1195 1271 1198 1279 1039"/></Shape></Glyph><Glyph ID="char_16" CONTENT="י" GC="1.0"><Shape><Polygon POINTS="1171 1038 1181 1197 1218 1195 1226 1037"/></Shape></Glyph><Glyph ID="char_17" CONTENT="ו" GC="1.0"><Shape><Polygon POINTS="1117 1042 1146 1199 1181 1197 1171 1038"/></Shape></Glyph><Glyph ID="char_18" CONTENT=" " GC="1.0"><Shape><Polygon POINTS="1092 1145 1134 1137"/></Shape></Glyph></String>
          </TextLine>

          
          
          <TextLine ID="eSc_line_1787846" BASELINE="1102 1287 1201 1294 1711 1294 2074 1271" HPOS="1097.0" VPOS="1175.0" WIDTH="981.0" HEIGHT="183.0">
            <Shape><Polygon POINTS="1108 1191 1207 1198 1711 1198 2067 1175 2078 1334 1711 1358 1196 1357 1097 1350"/></Shape>
	    <String CONTENT=" רוש אליו כפיכה ב " HPOS="1097.0" VPOS="1175.0" WIDTH="981.0" HEIGHT="183.0"><Glyph ID="char_19" CONTENT=" " GC="1.0"><Shape><Polygon POINTS="1971 1181 1981 1340 2045 1336 2035 1177"/></Shape></Glyph><Glyph ID="char_20" CONTENT="ר" GC="1.0"><Shape><Polygon POINTS="1939 1183 1949 1342 1981 1340 1971 1181"/></Shape></Glyph><Glyph ID="char_21" CONTENT="ו" GC="1.0"><Shape><Polygon POINTS="1907 1185 1917 1345 1949 1342 1939 1183"/></Shape></Glyph><Glyph ID="char_22" CONTENT="ש" GC="1.0"><Shape><Polygon POINTS="1853 1189 1863 1348 1917 1345 1907 1185"/></Shape></Glyph><Glyph ID="char_23" CONTENT=" " GC="1.0"><Shape><Polygon POINTS="1810 1192 1820 1351 1863 1348 1853 1189"/></Shape></Glyph><Glyph ID="char_24" CONTENT="א" GC="1.0"><Shape><Polygon POINTS="1758 1195 1768 1354 1820 1351 1810 1192"/></Shape></Glyph><Glyph ID="char_25" CONTENT="ל" GC="1.0"><Shape><Polygon POINTS="1715 1198 1725 1357 1768 1354 1758 1195"/></Shape></Glyph><Glyph ID="char_26" CONTENT="י" GC="1.0"><Shape><Polygon POINTS="1678 1198 1678 1358 1725 1357 1715 1198"/></Shape></Glyph><Glyph ID="char_27" CONTENT="ו" GC="1.0"><Shape><Polygon POINTS="1646 1198 1646 1358 1678 1358 1678 1198"/></Shape></Glyph><Glyph ID="char_28" CONTENT=" " GC="1.0"><Shape><Polygon POINTS="1604 1198 1604 1358 1646 1358 1646 1198"/></Shape></Glyph><Glyph ID="char_29" CONTENT="כ" GC="1.0"><Shape><Polygon POINTS="1550 1198 1550 1358 1604 1358 1604 1198"/></Shape></Glyph><Glyph ID="char_30" CONTENT="פ" GC="1.0"><Shape><Polygon POINTS="1507 1198 1507 1358 1550 1358 1550 1198"/></Shape></Glyph><Glyph ID="char_31" CONTENT="י" GC="1.0"><Shape><Polygon POINTS="1454 1198 1454 1358 1507 1358 1507 1198"/></Shape></Glyph><Glyph ID="char_32" CONTENT="כ" GC="1.0"><Shape><Polygon POINTS="1400 1198 1400 1357 1454 1358 1454 1198"/></Shape></Glyph><Glyph ID="char_33" CONTENT="ה" GC="1.0"><Shape><Polygon POINTS="1336 1198 1336 1357 1400 1357 1400 1198"/></Shape></Glyph><Glyph ID="char_34" CONTENT=" " GC="1.0"><Shape><Polygon POINTS="1283 1198 1283 1357 1336 1357 1336 1198"/></Shape></Glyph><Glyph ID="char_35" CONTENT="ב" GC="1.0"><Shape><Polygon POINTS="1219 1198 1219 1357 1283 1357 1283 1198"/></Shape></Glyph><Glyph ID="char_36" CONTENT=" " GC="1.0"><Shape><Polygon POINTS="1141 1193 1128 1352 1219 1357 1219 1198"/></Shape></Glyph></String>
          </TextLine>

          
          
          <TextLine ID="eSc_line_1787847" BASELINE="1380 1438 1508 1431 1632 1431 1774 1438 1919 1438 2266 1454" HPOS="1374.0" VPOS="1335.0" WIDTH="896.0" HEIGHT="182.0">
            <Shape><Polygon POINTS="1374 1342 1502 1335 1632 1335 1778 1342 1919 1342 2270 1358 2263 1517 1919 1502 1770 1501 1632 1495 1511 1494 1383 1501"/></Shape>
	    <String CONTENT=" הר ממכה עול צי " HPOS="1374.0" VPOS="1335.0" WIDTH="896.0" HEIGHT="182.0"><Glyph ID="char_37" CONTENT=" " GC="1.0"><Shape><Polygon POINTS="2174 1354 2166 1513 2230 1516 2238 1357"/></Shape></Glyph><Glyph ID="char_38" CONTENT="ה" GC="1.0"><Shape><Polygon POINTS="2120 1351 2113 1510 2166 1513 2174 1354"/></Shape></Glyph><Glyph ID="char_39" CONTENT="ר" GC="1.0"><Shape><Polygon POINTS="2078 1349 2071 1509 2113 1510 2120 1351"/></Shape></Glyph><Glyph ID="char_40" CONTENT=" " GC="1.0"><Shape><Polygon POINTS="2046 1348 2039 1507 2071 1509 2078 1349"/></Shape></Glyph><Glyph ID="char_41" CONTENT="מ" GC="1.0"><Shape><Polygon POINTS="1981 1345 1974 1504 2039 1507 2046 1348"/></Shape></Glyph><Glyph ID="char_42" CONTENT="מ" GC="1.0"><Shape><Polygon POINTS="1903 1342 1903 1502 1974 1504 1981 1345"/></Shape></Glyph><Glyph ID="char_43" CONTENT="כ" GC="1.0"><Shape><Polygon POINTS="1839 1342 1839 1501 1903 1502 1903 1342"/></Shape></Glyph><Glyph ID="char_44" CONTENT="ה" GC="1.0"><Shape><Polygon POINTS="1785 1342 1785 1501 1839 1501 1839 1342"/></Shape></Glyph><Glyph ID="char_45" CONTENT=" " GC="1.0"><Shape><Polygon POINTS="1746 1340 1739 1500 1785 1501 1785 1342"/></Shape></Glyph><Glyph ID="char_46" CONTENT="ע" GC="1.0"><Shape><Polygon POINTS="1693 1338 1686 1497 1739 1500 1746 1340"/></Shape></Glyph><Glyph ID="char_47" CONTENT="ו" GC="1.0"><Shape><Polygon POINTS="1625 1335 1625 1495 1686 1497 1693 1338"/></Shape></Glyph><Glyph ID="char_48" CONTENT="ל" GC="1.0"><Shape><Polygon POINTS="1582 1335 1582 1495 1625 1495 1625 1335"/></Shape></Glyph><Glyph ID="char_49" CONTENT=" " GC="1.0"><Shape><Polygon POINTS="1539 1335 1539 1494 1582 1495 1582 1335"/></Shape></Glyph><Glyph ID="char_50" CONTENT="צ" GC="1.0"><Shape><Polygon POINTS="1481 1336 1489 1495 1539 1494 1539 1335"/></Shape></Glyph><Glyph ID="char_51" CONTENT="י" GC="1.0"><Shape><Polygon POINTS="1417 1340 1425 1499 1489 1495 1481 1336"/></Shape></Glyph><Glyph ID="char_52" CONTENT=" " GC="1.0"><Shape><Polygon POINTS="1379 1438 1421 1435"/></Shape></Glyph></String>
          </TextLine>

          
          
          <TextLine ID="eSc_line_1787848" BASELINE="1440 1573 1528 1571 1817 1580 2291 1605 2266 1596" HPOS="1437.0" VPOS="1475.0" WIDTH="859.0" HEIGHT="211.0">
            <Shape><Polygon POINTS="1437 1477 1525 1475 1819 1484 2296 1509 2233 1686 2287 1668 1815 1643 1529 1634 1441 1636"/></Shape>
	    <String CONTENT=" עם אישוני פחז " HPOS="1437.0" VPOS="1475.0" WIDTH="859.0" HEIGHT="211.0"><Glyph ID="char_53" CONTENT=" " GC="1.0"><Shape><Polygon POINTS="2258 1603 2277 1600"/></Shape></Glyph><Glyph ID="char_54" CONTENT="ע" GC="1.0"><Shape><Polygon POINTS="2205 1504 2197 1663 2257 1617 2263 1507"/></Shape></Glyph><Glyph ID="char_55" CONTENT="ם" GC="1.0"><Shape><Polygon POINTS="2146 1501 2138 1660 2197 1663 2205 1504"/></Shape></Glyph><Glyph ID="char_56" CONTENT=" " GC="1.0"><Shape><Polygon POINTS="2100 1499 2091 1658 2138 1660 2146 1501"/></Shape></Glyph><Glyph ID="char_57" CONTENT="א" GC="1.0"><Shape><Polygon POINTS="2053 1496 2044 1655 2091 1658 2100 1499"/></Shape></Glyph><Glyph ID="char_58" CONTENT="י" GC="1.0"><Shape><Polygon POINTS="2007 1494 1998 1653 2044 1655 2053 1496"/></Shape></Glyph><Glyph ID="char_59" CONTENT="ש" GC="1.0"><Shape><Polygon POINTS="1936 1490 1927 1649 1998 1653 2007 1494"/></Shape></Glyph><Glyph ID="char_60" CONTENT="ו" GC="1.0"><Shape><Polygon POINTS="1889 1488 1880 1646 1927 1649 1936 1490"/></Shape></Glyph><Glyph ID="char_61" CONTENT="נ" GC="1.0"><Shape><Polygon POINTS="1854 1486 1845 1645 1880 1646 1889 1488"/></Shape></Glyph><Glyph ID="char_62" CONTENT="י" GC="1.0"><Shape><Polygon POINTS="1817 1484 1812 1643 1845 1645 1854 1486"/></Shape></Glyph><Glyph ID="char_63" CONTENT=" " GC="1.0"><Shape><Polygon POINTS="1782 1483 1777 1642 1812 1643 1817 1484"/></Shape></Glyph><Glyph ID="char_64" CONTENT="פ" GC="1.0"><Shape><Polygon POINTS="1723 1481 1718 1640 1777 1642 1782 1483"/></Shape></Glyph><Glyph ID="char_65" CONTENT="ח" GC="1.0"><Shape><Polygon POINTS="1665 1479 1660 1638 1718 1640 1723 1481"/></Shape></Glyph><Glyph ID="char_66" CONTENT="ז" GC="1.0"><Shape><Polygon POINTS="1630 1478 1625 1637 1660 1638 1665 1479"/></Shape></Glyph><Glyph ID="char_67" CONTENT=" " GC="1.0"><Shape><Polygon POINTS="1507 1475 1510 1634 1625 1637 1630 1478"/></Shape></Glyph></String>
          </TextLine>

          
        </TextBlock>
        

        
      </PrintSpace>
    </Page>
  </Layout>
</alto>