<?xml version='1.0' encoding='UTF-8'?>
<alto xmlns:xsi="http://www.w3.org/2001/XMLSchema-instance" xmlns="http://www.loc.gov/standards/alto/ns-v4#" xsi:schemaLocation="http://www.loc.gov/standards/alto/ns-v4# http://www.loc.gov/standards/alto/v4/alto-4-2.xsd">
  <Description>
    <MeasurementUnit>pixel</MeasurementUnit>
    <sourceImageInformation>
      <fileName>P292-Fg001-R-C01-R01-D03092012-T085900-LR924_012_F.jpg</fileName>
      
    </sourceImageInformation>
  </Description>
  
  <Tags>
    <OtherTag ID="BT1443" LABEL="Parchment_or_papyrus" DESCRIPTION="block type Parchment_or_papyrus"/><OtherTag ID="BT2" LABEL="Main" DESCRIPTION="block type Main"/>
    
  </Tags>
  
  <Layout>
    <Page WIDTH="3608" HEIGHT="2706" PHYSICAL_IMG_NR="162" ID="eSc_dummypage_">
      <PrintSpace HPOS="0" VPOS="0" WIDTH="3608" HEIGHT="2706">
        
        <TextBlock HPOS="778.0" VPOS="601.0" WIDTH="1741.0" HEIGHT="1467.0" ID="eSc_textblock_4ae6761a" TAGREFS="BT2">
          <Shape><Polygon POINTS="778 601 778 2068 2519 2068 2519 601"/></Shape>
          
          
          <TextLine ID="eSc_line_1787861" BASELINE="1991 699 2279 694" HPOS="1989.0" VPOS="613.0" WIDTH="290.0" HEIGHT="139.0">
            <Shape><Polygon POINTS="1989 618 2277 613 2279 747 1991 752"/></Shape>
	    <String CONTENT=" אל תפ " HPOS="1989.0" VPOS="613.0" WIDTH="290.0" HEIGHT="139.0"><Glyph ID="char_0" CONTENT=" " GC="1.0"><Shape><Polygon POINTS="2233 614 2235 748 2262 747 2260 613"/></Shape></Glyph><Glyph ID="char_1" CONTENT="א" GC="1.0"><Shape><Polygon POINTS="2197 614 2199 748 2235 748 2233 614"/></Shape></Glyph><Glyph ID="char_2" CONTENT="ל" GC="1.0"><Shape><Polygon POINTS="2152 615 2154 749 2199 748 2197 614"/></Shape></Glyph><Glyph ID="char_3" CONTENT=" " GC="1.0"><Shape><Polygon POINTS="2124 616 2126 750 2154 749 2152 615"/></Shape></Glyph><Glyph ID="char_4" CONTENT="ת" GC="1.0"><Shape><Polygon POINTS="2088 616 2090 750 2126 750 2124 616"/></Shape></Glyph><Glyph ID="char_5" CONTENT="פ" GC="1.0"><Shape><Polygon POINTS="2052 617 2054 751 2090 750 2088 616"/></Shape></Glyph><Glyph ID="char_6" CONTENT=" " GC="1.0"><Shape><Polygon POINTS="2007 618 2009 752 2054 751 2052 617"/></Shape></Glyph></String>
          </TextLine>

          
          
          <TextLine ID="eSc_line_1787862" BASELINE="1274 777 1434 773 1860 811 1943 816 2031 829 2146 841 2270 841 2322 845 2403 865" HPOS="1271.0" VPOS="692.0" WIDTH="1151.0" HEIGHT="225.0">
            <Shape><Polygon POINTS="1271 696 1431 692 1867 730 1947 735 2042 748 2154 760 2270 760 2328 764 2422 786 2390 917 2317 898 2270 895 2140 894 2023 882 1939 869 1855 864 1435 826 1275 830"/></Shape>
	    <String CONTENT=" ל בים אל תפע הא " HPOS="1271.0" VPOS="692.0" WIDTH="1151.0" HEIGHT="225.0"><Glyph ID="char_7" CONTENT=" " GC="1.0"><Shape><Polygon POINTS="2363 772 2331 902 2366 911 2398 780"/></Shape></Glyph><Glyph ID="char_8" CONTENT="ל" GC="1.0"><Shape><Polygon POINTS="2315 763 2304 897 2331 902 2363 772"/></Shape></Glyph><Glyph ID="char_9" CONTENT=" " GC="1.0"><Shape><Polygon POINTS="2263 760 2263 895 2304 897 2315 763"/></Shape></Glyph><Glyph ID="char_10" CONTENT="ב" GC="1.0"><Shape><Polygon POINTS="2218 760 2218 895 2263 895 2263 760"/></Shape></Glyph><Glyph ID="char_11" CONTENT="י" GC="1.0"><Shape><Polygon POINTS="2173 760 2173 894 2218 895 2218 760"/></Shape></Glyph><Glyph ID="char_12" CONTENT="ם" GC="1.0"><Shape><Polygon POINTS="2145 759 2131 893 2173 894 2173 760"/></Shape></Glyph><Glyph ID="char_13" CONTENT=" " GC="1.0"><Shape><Polygon POINTS="2118 756 2104 890 2131 893 2145 759"/></Shape></Glyph><Glyph ID="char_14" CONTENT="א" GC="1.0"><Shape><Polygon POINTS="2082 752 2068 887 2104 890 2118 756"/></Shape></Glyph><Glyph ID="char_15" CONTENT="ל" GC="1.0"><Shape><Polygon POINTS="2047 748 2033 883 2068 887 2082 752"/></Shape></Glyph><Glyph ID="char_16" CONTENT=" " GC="1.0"><Shape><Polygon POINTS="2023 745 2004 879 2033 883 2047 748"/></Shape></Glyph><Glyph ID="char_17" CONTENT="ת" GC="1.0"><Shape><Polygon POINTS="1997 742 1977 875 2004 879 2023 745"/></Shape></Glyph><Glyph ID="char_18" CONTENT="פ" GC="1.0"><Shape><Polygon POINTS="1960 737 1940 869 1977 875 1997 742"/></Shape></Glyph><Glyph ID="char_19" CONTENT="ע" GC="1.0"><Shape><Polygon POINTS="1676 713 1664 847 1940 869 1960 737"/></Shape></Glyph><Glyph ID="char_20" CONTENT=" " GC="1.0"><Shape><Polygon POINTS="1397 693 1400 827 1664 847 1676 713"/></Shape></Glyph><Glyph ID="char_21" CONTENT="ה" GC="1.0"><Shape><Polygon POINTS="1379 693 1382 827 1400 827 1397 693"/></Shape></Glyph><Glyph ID="char_22" CONTENT="א" GC="1.0"><Shape><Polygon POINTS="1352 694 1355 828 1382 827 1379 693"/></Shape></Glyph><Glyph ID="char_23" CONTENT=" " GC="1.0"><Shape><Polygon POINTS="1289 696 1292 830 1355 828 1352 694"/></Shape></Glyph></String>
          </TextLine>

          
          
          <TextLine ID="eSc_line_1787864" BASELINE="1120 911 1215 911 1528 944 1675 965 2034 987 2230 996 2403 989" HPOS="1120.0" VPOS="830.0" WIDTH="1285.0" HEIGHT="219.0">
            <Shape><Polygon POINTS="1120 830 1215 830 1536 863 1686 884 2038 906 2233 915 2399 908 2405 1042 2227 1049 2030 1040 1667 1018 1522 997 1215 965 1120 965"/></Shape>
	    <String CONTENT=" ה דבת דבוב ם מעוון ל ת " HPOS="1120.0" VPOS="830.0" WIDTH="1285.0" HEIGHT="219.0"><Glyph ID="char_24" CONTENT=" " GC="1.0"><Shape><Polygon POINTS="2299 912 2304 1046 2377 1043 2371 909"/></Shape></Glyph><Glyph ID="char_25" CONTENT="ה" GC="1.0"><Shape><Polygon POINTS="2244 915 2249 1048 2304 1046 2299 912"/></Shape></Glyph><Glyph ID="char_26" CONTENT=" " GC="1.0"><Shape><Polygon POINTS="2214 914 2207 1048 2249 1048 2244 915"/></Shape></Glyph><Glyph ID="char_27" CONTENT="ד" GC="1.0"><Shape><Polygon POINTS="2169 912 2163 1046 2207 1048 2214 914"/></Shape></Glyph><Glyph ID="char_28" CONTENT="ב" GC="1.0"><Shape><Polygon POINTS="2123 910 2117 1044 2163 1046 2169 912"/></Shape></Glyph><Glyph ID="char_29" CONTENT="ת" GC="1.0"><Shape><Polygon POINTS="2087 908 2081 1042 2117 1044 2123 910"/></Shape></Glyph><Glyph ID="char_30" CONTENT=" " GC="1.0"><Shape><Polygon POINTS="2059 907 2053 1041 2081 1042 2087 908"/></Shape></Glyph><Glyph ID="char_31" CONTENT="ד" GC="1.0"><Shape><Polygon POINTS="2006 904 1998 1038 2053 1041 2059 907"/></Shape></Glyph><Glyph ID="char_32" CONTENT="ב" GC="1.0"><Shape><Polygon POINTS="1960 901 1952 1035 1998 1038 2006 904"/></Shape></Glyph><Glyph ID="char_33" CONTENT="ו" GC="1.0"><Shape><Polygon POINTS="1914 898 1906 1032 1952 1035 1960 901"/></Shape></Glyph><Glyph ID="char_34" CONTENT="ב" GC="1.0"><Shape><Polygon POINTS="1878 896 1870 1030 1906 1032 1914 898"/></Shape></Glyph><Glyph ID="char_35" CONTENT=" " GC="1.0"><Shape><Polygon POINTS="1742 887 1733 1022 1870 1030 1878 896"/></Shape></Glyph><Glyph ID="char_36" CONTENT="ם" GC="1.0"><Shape><Polygon POINTS="1612 874 1593 1007 1733 1022 1742 887"/></Shape></Glyph><Glyph ID="char_37" CONTENT=" " GC="1.0"><Shape><Polygon POINTS="1576 869 1557 1002 1593 1007 1612 874"/></Shape></Glyph><Glyph ID="char_38" CONTENT="מ" GC="1.0"><Shape><Polygon POINTS="1540 864 1521 997 1557 1002 1576 869"/></Shape></Glyph><Glyph ID="char_39" CONTENT="ע" GC="1.0"><Shape><Polygon POINTS="1492 858 1478 992 1521 997 1540 864"/></Shape></Glyph><Glyph ID="char_40" CONTENT="ו" GC="1.0"><Shape><Polygon POINTS="1455 855 1441 989 1478 992 1492 858"/></Shape></Glyph><Glyph ID="char_41" CONTENT="ו" GC="1.0"><Shape><Polygon POINTS="1419 851 1405 985 1441 989 1455 855"/></Shape></Glyph><Glyph ID="char_42" CONTENT="ן" GC="1.0"><Shape><Polygon POINTS="1383 847 1369 981 1405 985 1419 851"/></Shape></Glyph><Glyph ID="char_43" CONTENT=" " GC="1.0"><Shape><Polygon POINTS="1347 844 1333 977 1369 981 1383 847"/></Shape></Glyph><Glyph ID="char_44" CONTENT="ל" GC="1.0"><Shape><Polygon POINTS="1301 839 1287 972 1333 977 1347 844"/></Shape></Glyph><Glyph ID="char_45" CONTENT=" " GC="1.0"><Shape><Polygon POINTS="1238 832 1224 966 1287 972 1301 839"/></Shape></Glyph><Glyph ID="char_46" CONTENT="ת" GC="1.0"><Shape><Polygon POINTS="1166 830 1166 965 1224 966 1238 832"/></Shape></Glyph><Glyph ID="char_47" CONTENT=" " GC="1.0"><Shape><Polygon POINTS="1120 830 1120 965 1166 965 1166 830"/></Shape></Glyph></String>
          </TextLine>

          
          
          <TextLine ID="eSc_line_1787866" BASELINE="886 1046 1062 1046 1303 1066 1481 1086 1580 1086 1652 1098 1763 1107 1867 1120 2022 1122 2194 1132 2351 1132 2392 1141" HPOS="886.0" VPOS="965.0" WIDTH="1523.0" HEIGHT="228.0">
            <Shape><Polygon POINTS="886 965 1062 965 1309 985 1490 1005 1580 1005 1665 1018 1769 1026 1877 1039 2023 1041 2198 1051 2351 1051 2409 1061 2380 1193 2351 1186 2190 1185 2021 1175 1860 1173 1758 1160 1643 1151 1580 1140 1474 1139 1298 1119 1062 1100 886 1100"/></Shape>
	    <String CONTENT=" וך באמרי ה הוציא מל " HPOS="886.0" VPOS="965.0" WIDTH="1523.0" HEIGHT="228.0"><Glyph ID="char_48" CONTENT=" " GC="1.0"><Shape><Polygon POINTS="2293 1051 2293 1186 2345 1186 2374 1055"/></Shape></Glyph><Glyph ID="char_49" CONTENT="ו" GC="1.0"><Shape><Polygon POINTS="2247 1051 2247 1185 2293 1186 2293 1051"/></Shape></Glyph><Glyph ID="char_50" CONTENT="ך" GC="1.0"><Shape><Polygon POINTS="2202 1051 2202 1185 2247 1185 2247 1051"/></Shape></Glyph><Glyph ID="char_51" CONTENT=" " GC="1.0"><Shape><Polygon POINTS="2169 1049 2162 1183 2202 1185 2202 1051"/></Shape></Glyph><Glyph ID="char_52" CONTENT="ב" GC="1.0"><Shape><Polygon POINTS="2133 1047 2126 1181 2162 1183 2169 1049"/></Shape></Glyph><Glyph ID="char_53" CONTENT="א" GC="1.0"><Shape><Polygon POINTS="2087 1045 2080 1178 2126 1181 2133 1047"/></Shape></Glyph><Glyph ID="char_54" CONTENT="מ" GC="1.0"><Shape><Polygon POINTS="2034 1042 2026 1175 2080 1178 2087 1045"/></Shape></Glyph><Glyph ID="char_55" CONTENT="ר" GC="1.0"><Shape><Polygon POINTS="1975 1040 1973 1174 2026 1175 2034 1042"/></Shape></Glyph><Glyph ID="char_56" CONTENT="י" GC="1.0"><Shape><Polygon POINTS="1948 1040 1946 1174 1973 1174 1975 1040"/></Shape></Glyph><Glyph ID="char_57" CONTENT=" " GC="1.0"><Shape><Polygon POINTS="1634 1013 1612 1146 1946 1174 1948 1040"/></Shape></Glyph><Glyph ID="char_58" CONTENT="ה" GC="1.0"><Shape><Polygon POINTS="1293 984 1282 1118 1612 1146 1634 1013"/></Shape></Glyph><Glyph ID="char_59" CONTENT=" " GC="1.0"><Shape><Polygon POINTS="1256 981 1245 1115 1282 1118 1293 984"/></Shape></Glyph><Glyph ID="char_60" CONTENT="ה" GC="1.0"><Shape><Polygon POINTS="1211 977 1200 1111 1245 1115 1256 981"/></Shape></Glyph><Glyph ID="char_61" CONTENT="ו" GC="1.0"><Shape><Polygon POINTS="1165 973 1154 1107 1200 1111 1211 977"/></Shape></Glyph><Glyph ID="char_62" CONTENT="צ" GC="1.0"><Shape><Polygon POINTS="1129 970 1118 1105 1154 1107 1165 973"/></Shape></Glyph><Glyph ID="char_63" CONTENT="י" GC="1.0"><Shape><Polygon POINTS="1093 967 1081 1102 1118 1105 1129 970"/></Shape></Glyph><Glyph ID="char_64" CONTENT="א" GC="1.0"><Shape><Polygon POINTS="1050 965 1050 1100 1081 1102 1093 967"/></Shape></Glyph><Glyph ID="char_65" CONTENT=" " GC="1.0"><Shape><Polygon POINTS="1023 965 1023 1100 1050 1100 1050 965"/></Shape></Glyph><Glyph ID="char_66" CONTENT="מ" GC="1.0"><Shape><Polygon POINTS="977 965 977 1100 1023 1100 1023 965"/></Shape></Glyph><Glyph ID="char_67" CONTENT="ל" GC="1.0"><Shape><Polygon POINTS="932 965 932 1100 977 1100 977 965"/></Shape></Glyph><Glyph ID="char_68" CONTENT=" " GC="1.0"><Shape><Polygon POINTS="886 965 886 1100 932 1100 932 965"/></Shape></Glyph></String>
          </TextLine>

          
          
          <TextLine ID="eSc_line_1787868" BASELINE="838 1161 1125 1183 1350 1208 1522 1217 1562 1233 1849 1247 2027 1262 2264 1267 2410 1276" HPOS="833.0" VPOS="1080.0" WIDTH="1581.0" HEIGHT="249.0">
            <Shape><Polygon POINTS="844 1080 1131 1102 1358 1127 1526 1136 1592 1157 1852 1166 2033 1181 2265 1186 2414 1195 2406 1329 2262 1320 2022 1315 1846 1300 1541 1283 1519 1270 1344 1261 1120 1236 833 1214"/></Shape>
	    <String CONTENT=" ם מוסר על כ וללשונכה דלתי מ " HPOS="833.0" VPOS="1080.0" WIDTH="1581.0" HEIGHT="249.0"><Glyph ID="char_69" CONTENT=" " GC="1.0"><Shape><Polygon POINTS="2342 1191 2334 1324 2388 1328 2396 1194"/></Shape></Glyph><Glyph ID="char_70" CONTENT="ם" GC="1.0"><Shape><Polygon POINTS="2297 1188 2289 1322 2334 1324 2342 1191"/></Shape></Glyph><Glyph ID="char_71" CONTENT=" " GC="1.0"><Shape><Polygon POINTS="2249 1186 2246 1320 2289 1322 2297 1188"/></Shape></Glyph><Glyph ID="char_72" CONTENT="מ" GC="1.0"><Shape><Polygon POINTS="2194 1184 2191 1319 2246 1320 2249 1186"/></Shape></Glyph><Glyph ID="char_73" CONTENT="ו" GC="1.0"><Shape><Polygon POINTS="2131 1183 2128 1317 2191 1319 2194 1184"/></Shape></Glyph><Glyph ID="char_74" CONTENT="ס" GC="1.0"><Shape><Polygon POINTS="2068 1182 2065 1316 2128 1317 2131 1183"/></Shape></Glyph><Glyph ID="char_75" CONTENT="ר" GC="1.0"><Shape><Polygon POINTS="2032 1181 2029 1315 2065 1316 2068 1182"/></Shape></Glyph><Glyph ID="char_76" CONTENT=" " GC="1.0"><Shape><Polygon POINTS="2010 1179 1999 1313 2029 1315 2032 1181"/></Shape></Glyph><Glyph ID="char_77" CONTENT="ע" GC="1.0"><Shape><Polygon POINTS="1965 1175 1954 1309 1999 1313 2010 1179"/></Shape></Glyph><Glyph ID="char_78" CONTENT="ל" GC="1.0"><Shape><Polygon POINTS="1846 1166 1839 1300 1954 1309 1965 1175"/></Shape></Glyph><Glyph ID="char_79" CONTENT=" " GC="1.0"><Shape><Polygon POINTS="1719 1161 1713 1293 1839 1300 1846 1166"/></Shape></Glyph><Glyph ID="char_80" CONTENT="כ" GC="1.0"><Shape><Polygon POINTS="1575 1152 1569 1285 1713 1293 1719 1161"/></Shape></Glyph><Glyph ID="char_81" CONTENT=" " GC="1.0"><Shape><Polygon POINTS="1453 1132 1446 1266 1569 1285 1575 1152"/></Shape></Glyph><Glyph ID="char_82" CONTENT="ו" GC="1.0"><Shape><Polygon POINTS="1416 1130 1409 1264 1446 1266 1453 1132"/></Shape></Glyph><Glyph ID="char_83" CONTENT="ל" GC="1.0"><Shape><Polygon POINTS="1371 1128 1364 1262 1409 1264 1416 1130"/></Shape></Glyph><Glyph ID="char_84" CONTENT="ל" GC="1.0"><Shape><Polygon POINTS="1340 1125 1325 1259 1364 1262 1371 1128"/></Shape></Glyph><Glyph ID="char_85" CONTENT="ש" GC="1.0"><Shape><Polygon POINTS="1286 1119 1271 1253 1325 1259 1340 1125"/></Shape></Glyph><Glyph ID="char_86" CONTENT="ו" GC="1.0"><Shape><Polygon POINTS="1241 1114 1227 1248 1271 1253 1286 1119"/></Shape></Glyph><Glyph ID="char_87" CONTENT="נ" GC="1.0"><Shape><Polygon POINTS="1215 1111 1200 1245 1227 1248 1241 1114"/></Shape></Glyph><Glyph ID="char_88" CONTENT="כ" GC="1.0"><Shape><Polygon POINTS="1206 1110 1191 1244 1200 1245 1215 1111"/></Shape></Glyph><Glyph ID="char_89" CONTENT="ה" GC="1.0"><Shape><Polygon POINTS="1188 1108 1173 1242 1191 1244 1206 1110"/></Shape></Glyph><Glyph ID="char_90" CONTENT=" " GC="1.0"><Shape><Polygon POINTS="1134 1102 1119 1236 1173 1242 1188 1108"/></Shape></Glyph><Glyph ID="char_91" CONTENT="ד" GC="1.0"><Shape><Polygon POINTS="1051 1096 1040 1230 1119 1236 1134 1102"/></Shape></Glyph><Glyph ID="char_92" CONTENT="ל" GC="1.0"><Shape><Polygon POINTS="1005 1092 994 1226 1040 1230 1051 1096"/></Shape></Glyph><Glyph ID="char_93" CONTENT="ת" GC="1.0"><Shape><Polygon POINTS="969 1090 958 1224 994 1226 1005 1092"/></Shape></Glyph><Glyph ID="char_94" CONTENT="י" GC="1.0"><Shape><Polygon POINTS="942 1088 931 1222 958 1224 969 1090"/></Shape></Glyph><Glyph ID="char_95" CONTENT=" " GC="1.0"><Shape><Polygon POINTS="915 1085 904 1219 931 1222 942 1088"/></Shape></Glyph><Glyph ID="char_96" CONTENT="מ" GC="1.0"><Shape><Polygon POINTS="879 1083 869 1217 904 1219 915 1085"/></Shape></Glyph><Glyph ID="char_97" CONTENT=" " GC="1.0"><Shape><Polygon POINTS="837 1160 872 1162"/></Shape></Glyph></String>
          </TextLine>

          
          
          <TextLine ID="eSc_line_1787875" BASELINE="845 1278 1113 1294 1289 1310 1416 1325 1718 1366 1794 1377 1880 1382 1997 1382 2315 1400 2412 1407 2478 1416" HPOS="841.0" VPOS="1197.0" WIDTH="1647.0" HEIGHT="272.0">
            <Shape><Polygon POINTS="849 1197 1117 1213 1296 1229 1425 1244 1728 1285 1805 1296 1884 1301 1997 1301 2319 1319 2417 1326 2488 1335 2470 1469 2408 1460 2311 1453 1997 1436 1876 1435 1786 1430 1710 1419 1409 1378 1284 1363 1109 1347 841 1331"/></Shape>
	    <String CONTENT="ל צדק הגה בהמ ק למבקשי " HPOS="841.0" VPOS="1197.0" WIDTH="1647.0" HEIGHT="272.0"><Glyph ID="char_98" CONTENT="ל" GC="1.0"><Shape><Polygon POINTS="2386 1324 2377 1458 2427 1463 2445 1330"/></Shape></Glyph><Glyph ID="char_99" CONTENT=" " GC="1.0"><Shape><Polygon POINTS="2359 1322 2350 1456 2377 1458 2386 1324"/></Shape></Glyph><Glyph ID="char_100" CONTENT="צ" GC="1.0"><Shape><Polygon POINTS="2313 1319 2306 1453 2350 1456 2359 1322"/></Shape></Glyph><Glyph ID="char_101" CONTENT="ד" GC="1.0"><Shape><Polygon POINTS="2249 1315 2242 1449 2306 1453 2313 1319"/></Shape></Glyph><Glyph ID="char_102" CONTENT="ק" GC="1.0"><Shape><Polygon POINTS="2195 1312 2188 1446 2242 1449 2249 1315"/></Shape></Glyph><Glyph ID="char_103" CONTENT=" " GC="1.0"><Shape><Polygon POINTS="2150 1310 2143 1444 2188 1446 2195 1312"/></Shape></Glyph><Glyph ID="char_104" CONTENT="ה" GC="1.0"><Shape><Polygon POINTS="2097 1307 2089 1441 2143 1444 2150 1310"/></Shape></Glyph><Glyph ID="char_105" CONTENT="ג" GC="1.0"><Shape><Polygon POINTS="2052 1304 2044 1439 2089 1441 2097 1307"/></Shape></Glyph><Glyph ID="char_106" CONTENT="ה" GC="1.0"><Shape><Polygon POINTS="2016 1302 2008 1437 2044 1439 2052 1304"/></Shape></Glyph><Glyph ID="char_107" CONTENT=" " GC="1.0"><Shape><Polygon POINTS="1984 1301 1984 1436 2008 1437 2016 1302"/></Shape></Glyph><Glyph ID="char_108" CONTENT="ב" GC="1.0"><Shape><Polygon POINTS="1939 1301 1939 1436 1984 1436 1984 1301"/></Shape></Glyph><Glyph ID="char_109" CONTENT="ה" GC="1.0"><Shape><Polygon POINTS="1894 1301 1894 1435 1939 1436 1939 1301"/></Shape></Glyph><Glyph ID="char_110" CONTENT="מ" GC="1.0"><Shape><Polygon POINTS="1826 1297 1818 1432 1894 1435 1894 1301"/></Shape></Glyph><Glyph ID="char_111" CONTENT=" " GC="1.0"><Shape><Polygon POINTS="1520 1257 1502 1391 1818 1432 1826 1297"/></Shape></Glyph><Glyph ID="char_112" CONTENT="ק" GC="1.0"><Shape><Polygon POINTS="1229 1223 1217 1357 1502 1391 1520 1257"/></Shape></Glyph><Glyph ID="char_113" CONTENT=" " GC="1.0"><Shape><Polygon POINTS="1194 1220 1181 1354 1217 1357 1229 1223"/></Shape></Glyph><Glyph ID="char_114" CONTENT="ל" GC="1.0"><Shape><Polygon POINTS="1149 1216 1137 1350 1181 1354 1194 1220"/></Shape></Glyph><Glyph ID="char_115" CONTENT="מ" GC="1.0"><Shape><Polygon POINTS="1102 1212 1093 1346 1137 1350 1149 1216"/></Shape></Glyph><Glyph ID="char_116" CONTENT="ב" GC="1.0"><Shape><Polygon POINTS="1038 1208 1029 1342 1093 1346 1102 1212"/></Shape></Glyph><Glyph ID="char_117" CONTENT="ק" GC="1.0"><Shape><Polygon POINTS="984 1205 975 1339 1029 1342 1038 1208"/></Shape></Glyph><Glyph ID="char_118" CONTENT="ש" GC="1.0"><Shape><Polygon POINTS="930 1202 921 1336 975 1339 984 1205"/></Shape></Glyph><Glyph ID="char_119" CONTENT="י" GC="1.0"><Shape><Polygon POINTS="885 1199 877 1333 921 1336 930 1202"/></Shape></Glyph><Glyph ID="char_120" CONTENT=" " GC="1.0"><Shape><Polygon POINTS="844 1277 879 1279"/></Shape></Glyph></String>
          </TextLine>

          
          
          <TextLine ID="eSc_line_1787876" BASELINE="947 1429 1298 1438 1876 1506 1943 1517 2149 1533 2487 1549" HPOS="945.0" VPOS="1348.0" WIDTH="1545.0" HEIGHT="254.0">
            <Shape><Polygon POINTS="949 1348 1300 1357 1885 1425 1956 1437 2155 1452 2490 1468 2484 1602 2144 1586 1934 1570 1869 1559 1296 1491 945 1482"/></Shape>
	    <String CONTENT="בכול פיכה הלל עשכה " HPOS="945.0" VPOS="1348.0" WIDTH="1545.0" HEIGHT="254.0"><Glyph ID="char_121" CONTENT="ב" GC="1.0"><Shape><Polygon POINTS="2409 1464 2403 1598 2456 1601 2463 1467"/></Shape></Glyph><Glyph ID="char_122" CONTENT="כ" GC="1.0"><Shape><Polygon POINTS="2372 1462 2366 1596 2403 1598 2409 1464"/></Shape></Glyph><Glyph ID="char_123" CONTENT="ו" GC="1.0"><Shape><Polygon POINTS="2327 1460 2321 1594 2366 1596 2372 1462"/></Shape></Glyph><Glyph ID="char_124" CONTENT="ל" GC="1.0"><Shape><Polygon POINTS="2300 1459 2294 1593 2321 1594 2327 1460"/></Shape></Glyph><Glyph ID="char_125" CONTENT=" " GC="1.0"><Shape><Polygon POINTS="2273 1458 2267 1592 2294 1593 2300 1459"/></Shape></Glyph><Glyph ID="char_126" CONTENT="פ" GC="1.0"><Shape><Polygon POINTS="2237 1456 2231 1590 2267 1592 2273 1458"/></Shape></Glyph><Glyph ID="char_127" CONTENT="י" GC="1.0"><Shape><Polygon POINTS="2192 1454 2186 1588 2231 1590 2237 1456"/></Shape></Glyph><Glyph ID="char_128" CONTENT="כ" GC="1.0"><Shape><Polygon POINTS="2149 1452 2138 1586 2186 1588 2192 1454"/></Shape></Glyph><Glyph ID="char_129" CONTENT="ה" GC="1.0"><Shape><Polygon POINTS="2113 1449 2102 1583 2138 1586 2149 1452"/></Shape></Glyph><Glyph ID="char_130" CONTENT=" " GC="1.0"><Shape><Polygon POINTS="2077 1446 2066 1580 2102 1583 2113 1449"/></Shape></Glyph><Glyph ID="char_131" CONTENT="ה" GC="1.0"><Shape><Polygon POINTS="2032 1443 2022 1577 2066 1580 2077 1446"/></Shape></Glyph><Glyph ID="char_132" CONTENT="ל" GC="1.0"><Shape><Polygon POINTS="1996 1440 1986 1574 2022 1577 2032 1443"/></Shape></Glyph><Glyph ID="char_133" CONTENT="ל" GC="1.0"><Shape><Polygon POINTS="1658 1399 1642 1532 1986 1574 1996 1440"/></Shape></Glyph><Glyph ID="char_134" CONTENT=" " GC="1.0"><Shape><Polygon POINTS="1264 1356 1260 1490 1642 1532 1658 1399"/></Shape></Glyph><Glyph ID="char_135" CONTENT="ע" GC="1.0"><Shape><Polygon POINTS="1183 1354 1179 1488 1260 1490 1264 1356"/></Shape></Glyph><Glyph ID="char_136" CONTENT="ש" GC="1.0"><Shape><Polygon POINTS="1138 1353 1134 1487 1179 1488 1183 1354"/></Shape></Glyph><Glyph ID="char_137" CONTENT="כ" GC="1.0"><Shape><Polygon POINTS="1084 1351 1080 1485 1134 1487 1138 1353"/></Shape></Glyph><Glyph ID="char_138" CONTENT="ה" GC="1.0"><Shape><Polygon POINTS="1038 1350 1034 1484 1080 1485 1084 1351"/></Shape></Glyph><Glyph ID="char_139" CONTENT=" " GC="1.0"><Shape><Polygon POINTS="975 1349 971 1483 1034 1484 1038 1350"/></Shape></Glyph></String>
          </TextLine>

          
          
          <TextLine ID="eSc_line_1787872" BASELINE="1952 1648 2288 1668 2379 1670 2469 1677" HPOS="1948.0" VPOS="1567.0" WIDTH="527.0" HEIGHT="163.0">
            <Shape><Polygon POINTS="1956 1567 2292 1587 2380 1589 2475 1596 2464 1730 2377 1723 2284 1721 1948 1701"/></Shape>
	    <String CONTENT="תן הדות לשמ " HPOS="1948.0" VPOS="1567.0" WIDTH="527.0" HEIGHT="163.0"><Glyph ID="char_140" CONTENT="ת" GC="1.0"><Shape><Polygon POINTS="2407 1591 2396 1725 2432 1727 2442 1594"/></Shape></Glyph><Glyph ID="char_141" CONTENT="ן" GC="1.0"><Shape><Polygon POINTS="2389 1590 2378 1723 2396 1725 2407 1591"/></Shape></Glyph><Glyph ID="char_142" CONTENT=" " GC="1.0"><Shape><Polygon POINTS="2348 1588 2345 1722 2378 1723 2389 1590"/></Shape></Glyph><Glyph ID="char_143" CONTENT="ה" GC="1.0"><Shape><Polygon POINTS="2312 1587 2309 1722 2345 1722 2348 1588"/></Shape></Glyph><Glyph ID="char_144" CONTENT="ד" GC="1.0"><Shape><Polygon POINTS="2270 1586 2262 1720 2309 1722 2312 1587"/></Shape></Glyph><Glyph ID="char_145" CONTENT="ו" GC="1.0"><Shape><Polygon POINTS="2226 1583 2217 1717 2262 1720 2270 1586"/></Shape></Glyph><Glyph ID="char_146" CONTENT="ת" GC="1.0"><Shape><Polygon POINTS="2190 1581 2181 1715 2217 1717 2226 1583"/></Shape></Glyph><Glyph ID="char_147" CONTENT=" " GC="1.0"><Shape><Polygon POINTS="2163 1579 2154 1713 2181 1715 2190 1581"/></Shape></Glyph><Glyph ID="char_148" CONTENT="ל" GC="1.0"><Shape><Polygon POINTS="2127 1577 2118 1711 2154 1713 2163 1579"/></Shape></Glyph><Glyph ID="char_149" CONTENT="ש" GC="1.0"><Shape><Polygon POINTS="2073 1574 2064 1708 2118 1711 2127 1577"/></Shape></Glyph><Glyph ID="char_150" CONTENT="מ" GC="1.0"><Shape><Polygon POINTS="2001 1570 1993 1704 2064 1708 2073 1574"/></Shape></Glyph><Glyph ID="char_151" CONTENT=" " GC="1.0"><Shape><Polygon POINTS="1951 1647 1995 1649"/></Shape></Glyph></String>
          </TextLine>

          
          
          <TextLine ID="eSc_line_1787873" BASELINE="1916 1779 2178 1790 2370 1804 2473 1806" HPOS="1913.0" VPOS="1698.0" WIDTH="561.0" HEIGHT="161.0">
            <Shape><Polygon POINTS="1919 1698 2181 1709 2375 1723 2474 1725 2471 1859 2366 1857 2175 1843 1913 1832"/></Shape>
	    <String CONTENT="בקהל רב " HPOS="1913.0" VPOS="1698.0" WIDTH="561.0" HEIGHT="161.0"><Glyph ID="char_152" CONTENT="ב" GC="1.0"><Shape><Polygon POINTS="2384 1723 2381 1857 2444 1858 2447 1724"/></Shape></Glyph><Glyph ID="char_153" CONTENT="ק" GC="1.0"><Shape><Polygon POINTS="2325 1719 2315 1853 2381 1857 2384 1723"/></Shape></Glyph><Glyph ID="char_154" CONTENT="ה" GC="1.0"><Shape><Polygon POINTS="2271 1716 2262 1849 2315 1853 2325 1719"/></Shape></Glyph><Glyph ID="char_155" CONTENT="ל" GC="1.0"><Shape><Polygon POINTS="2235 1713 2226 1847 2262 1849 2271 1716"/></Shape></Glyph><Glyph ID="char_156" CONTENT=" " GC="1.0"><Shape><Polygon POINTS="2200 1710 2190 1844 2226 1847 2235 1713"/></Shape></Glyph><Glyph ID="char_157" CONTENT="ר" GC="1.0"><Shape><Polygon POINTS="2152 1708 2146 1842 2190 1844 2200 1710"/></Shape></Glyph><Glyph ID="char_158" CONTENT="ב" GC="1.0"><Shape><Polygon POINTS="2072 1704 2065 1838 2146 1842 2152 1708"/></Shape></Glyph><Glyph ID="char_159" CONTENT=" " GC="1.0"><Shape><Polygon POINTS="1964 1700 1957 1834 2065 1838 2072 1704"/></Shape></Glyph></String>
          </TextLine>

          
          
          <TextLine ID="eSc_line_1787874" BASELINE="2092 1941 2135 1932 2478 1952" HPOS="2075.0" VPOS="1852.0" WIDTH="407.0" HEIGHT="153.0">
            <Shape><Polygon POINTS="2075 1861 2118 1852 2482 1871 2474 2005 2146 1984 2103 1993"/></Shape>
	    <String CONTENT="יוממ וליל " HPOS="2075.0" VPOS="1852.0" WIDTH="407.0" HEIGHT="153.0"><Glyph ID="char_160" CONTENT="י" GC="1.0"><Shape><Polygon POINTS="2418 1868 2411 2001 2455 2004 2463 1870"/></Shape></Glyph><Glyph ID="char_161" CONTENT="ו" GC="1.0"><Shape><Polygon POINTS="2373 1865 2366 1998 2411 2001 2418 1868"/></Shape></Glyph><Glyph ID="char_162" CONTENT="מ" GC="1.0"><Shape><Polygon POINTS="2319 1863 2312 1995 2366 1998 2373 1865"/></Shape></Glyph><Glyph ID="char_163" CONTENT="מ" GC="1.0"><Shape><Polygon POINTS="2275 1860 2267 1992 2312 1995 2319 1863"/></Shape></Glyph><Glyph ID="char_164" CONTENT=" " GC="1.0"><Shape><Polygon POINTS="2248 1859 2240 1990 2267 1992 2275 1860"/></Shape></Glyph><Glyph ID="char_165" CONTENT="ו" GC="1.0"><Shape><Polygon POINTS="2203 1856 2195 1987 2240 1990 2248 1859"/></Shape></Glyph><Glyph ID="char_166" CONTENT="ל" GC="1.0"><Shape><Polygon POINTS="2167 1855 2159 1985 2195 1987 2203 1856"/></Shape></Glyph><Glyph ID="char_167" CONTENT="י" GC="1.0"><Shape><Polygon POINTS="2149 1854 2141 1985 2159 1985 2167 1855"/></Shape></Glyph><Glyph ID="char_168" CONTENT="ל" GC="1.0"><Shape><Polygon POINTS="2140 1853 2132 1987 2141 1985 2149 1854"/></Shape></Glyph><Glyph ID="char_169" CONTENT=" " GC="1.0"><Shape><Polygon POINTS="2083 1859 2111 1991 2132 1987 2140 1853"/></Shape></Glyph></String>
          </TextLine>

          
        </TextBlock>
        

        
      </PrintSpace>
    </Page>
  </Layout>
</alto>