<?xml version='1.0' encoding='UTF-8'?>
<alto xmlns:xsi="http://www.w3.org/2001/XMLSchema-instance" xmlns="http://www.loc.gov/standards/alto/ns-v4#" xsi:schemaLocation="http://www.loc.gov/standards/alto/ns-v4# http://www.loc.gov/standards/alto/v4/alto-4-2.xsd">
  <Description>
    <MeasurementUnit>pixel</MeasurementUnit>
    <sourceImageInformation>
      <fileName>P298-Fg042-R-C01-R01-D05112013-T122455-LR924_012.jpg</fileName>
      
    </sourceImageInformation>
  </Description>
  
  <Tags>
    <OtherTag ID="BT1443" LABEL="Parchment_or_papyrus" DESCRIPTION="block type Parchment_or_papyrus"/><OtherTag ID="BT2" LABEL="Main" DESCRIPTION="block type Main"/>
    
  </Tags>
  
  <Layout>
    <Page WIDTH="3608" HEIGHT="2706" PHYSICAL_IMG_NR="144" ID="eSc_dummypage_">
      <PrintSpace HPOS="0" VPOS="0" WIDTH="3608" HEIGHT="2706">
        
        <TextBlock HPOS="1493.0" VPOS="993.0" WIDTH="817.0" HEIGHT="457.0" ID="eSc_textblock_62cdf2d3" TAGREFS="BT2">
          <Shape><Polygon POINTS="1493 1031 1493 1450 2310 1450 2234 993"/></Shape>
          
          
          <TextLine ID="eSc_line_1787927" BASELINE="1567 1183 1684 1145 1916 1084 2205 1068" HPOS="1547.0" VPOS="1005.0" WIDTH="660.0" HEIGHT="217.0">
            <Shape><Polygon POINTS="1547 1123 1664 1085 1900 1023 2201 1005 2207 1109 1926 1124 1696 1184 1579 1222"/></Shape>
	    <String CONTENT=" נגד כול " HPOS="1547.0" VPOS="1005.0" WIDTH="660.0" HEIGHT="217.0"><Glyph ID="char_0" CONTENT=" " GC="1.0"><Shape><Polygon POINTS="2138 1009 2144 1112 2186 1110 2180 1006"/></Shape></Glyph><Glyph ID="char_1" CONTENT="נ" GC="1.0"><Shape><Polygon POINTS="2110 1010 2116 1114 2144 1112 2138 1009"/></Shape></Glyph><Glyph ID="char_2" CONTENT="ג" GC="1.0"><Shape><Polygon POINTS="2075 1013 2081 1116 2116 1114 2110 1010"/></Shape></Glyph><Glyph ID="char_3" CONTENT="ד" GC="1.0"><Shape><Polygon POINTS="2033 1015 2038 1118 2081 1116 2075 1013"/></Shape></Glyph><Glyph ID="char_4" CONTENT=" " GC="1.0"><Shape><Polygon POINTS="1991 1018 1996 1120 2038 1118 2033 1015"/></Shape></Glyph><Glyph ID="char_5" CONTENT="כ" GC="1.0"><Shape><Polygon POINTS="1956 1020 1961 1122 1996 1120 1991 1018"/></Shape></Glyph><Glyph ID="char_6" CONTENT="ו" GC="1.0"><Shape><Polygon POINTS="1914 1022 1919 1126 1961 1122 1956 1020"/></Shape></Glyph><Glyph ID="char_7" CONTENT="ל" GC="1.0"><Shape><Polygon POINTS="1867 1032 1894 1132 1919 1126 1914 1022"/></Shape></Glyph><Glyph ID="char_8" CONTENT=" " GC="1.0"><Shape><Polygon POINTS="1690 1078 1717 1179 1894 1132 1867 1032"/></Shape></Glyph></String>
          </TextLine>

          
          
          <TextLine ID="eSc_line_1787930" BASELINE="1564 1260 1612 1265 1791 1224 2207 1174" HPOS="1559.0" VPOS="1112.0" WIDTH="652.0" HEIGHT="194.0">
            <Shape><Polygon POINTS="1570 1197 1618 1202 1777 1163 2199 1112 2211 1215 1800 1264 1607 1306 1559 1301"/></Shape>
	    <String CONTENT=" דה יומם לילה " HPOS="1559.0" VPOS="1112.0" WIDTH="652.0" HEIGHT="194.0"><Glyph ID="char_9" CONTENT=" " GC="1.0"><Shape><Polygon POINTS="2136 1120 2148 1222 2197 1217 2185 1114"/></Shape></Glyph><Glyph ID="char_10" CONTENT="ד" GC="1.0"><Shape><Polygon POINTS="2080 1126 2093 1229 2148 1222 2136 1120"/></Shape></Glyph><Glyph ID="char_11" CONTENT="ה" GC="1.0"><Shape><Polygon POINTS="2025 1133 2037 1236 2093 1229 2080 1126"/></Shape></Glyph><Glyph ID="char_12" CONTENT=" " GC="1.0"><Shape><Polygon POINTS="1990 1137 2002 1240 2037 1236 2025 1133"/></Shape></Glyph><Glyph ID="char_13" CONTENT="י" GC="1.0"><Shape><Polygon POINTS="1955 1141 1968 1244 2002 1240 1990 1137"/></Shape></Glyph><Glyph ID="char_14" CONTENT="ו" GC="1.0"><Shape><Polygon POINTS="1914 1146 1926 1249 1968 1244 1955 1141"/></Shape></Glyph><Glyph ID="char_15" CONTENT="מ" GC="1.0"><Shape><Polygon POINTS="1858 1153 1870 1256 1926 1249 1914 1146"/></Shape></Glyph><Glyph ID="char_16" CONTENT="ם" GC="1.0"><Shape><Polygon POINTS="1809 1159 1822 1261 1870 1256 1858 1153"/></Shape></Glyph><Glyph ID="char_17" CONTENT=" " GC="1.0"><Shape><Polygon POINTS="1748 1170 1771 1270 1822 1261 1809 1159"/></Shape></Glyph><Glyph ID="char_18" CONTENT="ל" GC="1.0"><Shape><Polygon POINTS="1693 1183 1716 1282 1771 1270 1748 1170"/></Shape></Glyph><Glyph ID="char_19" CONTENT="י" GC="1.0"><Shape><Polygon POINTS="1659 1192 1682 1290 1716 1282 1693 1183"/></Shape></Glyph><Glyph ID="char_20" CONTENT="ל" GC="1.0"><Shape><Polygon POINTS="1619 1202 1641 1299 1682 1290 1659 1192"/></Shape></Glyph><Glyph ID="char_21" CONTENT="ה" GC="1.0"><Shape><Polygon POINTS="1605 1201 1593 1305 1641 1299 1619 1202"/></Shape></Glyph><Glyph ID="char_22" CONTENT=" " GC="1.0"><Shape><Polygon POINTS="1578 1198 1565 1302 1593 1305 1605 1201"/></Shape></Glyph></String>
          </TextLine>

          
          
          <TextLine ID="eSc_line_1787931" BASELINE="1623 1373 1693 1380 1716 1377 1826 1357 2180 1321" HPOS="1618.0" VPOS="1258.0" WIDTH="566.0" HEIGHT="163.0">
            <Shape><Polygon POINTS="1629 1310 1699 1317 1707 1315 1814 1295 2173 1258 2184 1362 1833 1397 1721 1418 1688 1421 1618 1414"/></Shape>
	    <String CONTENT=" נו לבמ " HPOS="1618.0" VPOS="1258.0" WIDTH="566.0" HEIGHT="163.0"><Glyph ID="char_23" CONTENT=" " GC="1.0"><Shape><Polygon POINTS="1998 1276 2009 1379 2127 1368 2117 1264"/></Shape></Glyph><Glyph ID="char_24" CONTENT="נ" GC="1.0"><Shape><Polygon POINTS="1915 1285 1925 1388 2009 1379 1998 1276"/></Shape></Glyph><Glyph ID="char_25" CONTENT="ו" GC="1.0"><Shape><Polygon POINTS="1872 1289 1882 1392 1925 1388 1915 1285"/></Shape></Glyph><Glyph ID="char_26" CONTENT=" " GC="1.0"><Shape><Polygon POINTS="1804 1297 1823 1399 1882 1392 1872 1289"/></Shape></Glyph><Glyph ID="char_27" CONTENT="ל" GC="1.0"><Shape><Polygon POINTS="1749 1307 1768 1409 1823 1399 1804 1297"/></Shape></Glyph><Glyph ID="char_28" CONTENT="ב" GC="1.0"><Shape><Polygon POINTS="1708 1315 1727 1417 1768 1409 1749 1307"/></Shape></Glyph><Glyph ID="char_29" CONTENT="מ" GC="1.0"><Shape><Polygon POINTS="1678 1315 1666 1419 1727 1417 1708 1315"/></Shape></Glyph><Glyph ID="char_30" CONTENT=" " GC="1.0"><Shape><Polygon POINTS="1636 1311 1624 1415 1666 1419 1678 1315"/></Shape></Glyph></String>
          </TextLine>

          
        </TextBlock>
        

        
      </PrintSpace>
    </Page>
  </Layout>
</alto>