<?xml version='1.0' encoding='UTF-8'?>
<alto xmlns:xsi="http://www.w3.org/2001/XMLSchema-instance" xmlns="http://www.loc.gov/standards/alto/ns-v4#" xsi:schemaLocation="http://www.loc.gov/standards/alto/ns-v4# http://www.loc.gov/standards/alto/v4/alto-4-2.xsd">
  <Description>
    <MeasurementUnit>pixel</MeasurementUnit>
    <sourceImageInformation>
      <fileName>P298-Fg009-R-C01-R01-D03112013-T115551-LR924_012.jpg</fileName>
      
    </sourceImageInformation>
  </Description>
  
  <Tags>
    <OtherTag ID="BT1443" LABEL="Parchment_or_papyrus" DESCRIPTION="block type Parchment_or_papyrus"/><OtherTag ID="BT2" LABEL="Main" DESCRIPTION="block type Main"/>
    
  </Tags>
  
  <Layout>
    <Page WIDTH="3608" HEIGHT="2706" PHYSICAL_IMG_NR="104" ID="eSc_dummypage_">
      <PrintSpace HPOS="0" VPOS="0" WIDTH="3608" HEIGHT="2706">
        
        <TextBlock HPOS="1246.0" VPOS="821.0" WIDTH="1064.0" HEIGHT="704.0" ID="eSc_textblock_11e05608" TAGREFS="BT2">
          <Shape><Polygon POINTS="1246 821 1246 1525 2310 1525 2310 821"/></Shape>
          
          
          <TextLine ID="eSc_line_1787900" BASELINE="1330 980 1643 976 1950 996" HPOS="1328.0" VPOS="839.0" WIDTH="630.0" HEIGHT="248.0">
            <Shape><Polygon POINTS="1328 843 1641 839 1958 859 1944 1087 1644 1067 1331 1071"/></Shape>
	    <String CONTENT=" ונ כי באהבתכה" HPOS="1328.0" VPOS="839.0" WIDTH="630.0" HEIGHT="248.0"><Glyph ID="char_0" CONTENT=" " GC="1.0"><Shape><Polygon POINTS="1911 856 1897 1084 1927 1086 1942 858"/></Shape></Glyph><Glyph ID="char_1" CONTENT="ו" GC="1.0"><Shape><Polygon POINTS="1865 853 1851 1081 1897 1084 1911 856"/></Shape></Glyph><Glyph ID="char_2" CONTENT="נ" GC="1.0"><Shape><Polygon POINTS="1819 850 1804 1078 1851 1081 1865 853"/></Shape></Glyph><Glyph ID="char_3" CONTENT=" " GC="1.0"><Shape><Polygon POINTS="1773 847 1758 1075 1804 1078 1819 850"/></Shape></Glyph><Glyph ID="char_4" CONTENT="כ" GC="1.0"><Shape><Polygon POINTS="1742 845 1727 1073 1758 1075 1773 847"/></Shape></Glyph><Glyph ID="char_5" CONTENT="י" GC="1.0"><Shape><Polygon POINTS="1711 843 1696 1070 1727 1073 1742 845"/></Shape></Glyph><Glyph ID="char_6" CONTENT=" " GC="1.0"><Shape><Polygon POINTS="1680 841 1665 1068 1696 1070 1711 843"/></Shape></Glyph><Glyph ID="char_7" CONTENT="ב" GC="1.0"><Shape><Polygon POINTS="1637 839 1640 1067 1665 1068 1680 841"/></Shape></Glyph><Glyph ID="char_8" CONTENT="א" GC="1.0"><Shape><Polygon POINTS="1575 840 1578 1068 1640 1067 1637 839"/></Shape></Glyph><Glyph ID="char_9" CONTENT="ה" GC="1.0"><Shape><Polygon POINTS="1513 841 1516 1069 1578 1068 1575 840"/></Shape></Glyph><Glyph ID="char_10" CONTENT="ב" GC="1.0"><Shape><Polygon POINTS="1467 841 1470 1069 1516 1069 1513 841"/></Shape></Glyph><Glyph ID="char_11" CONTENT="ת" GC="1.0"><Shape><Polygon POINTS="1405 842 1408 1070 1470 1069 1467 841"/></Shape></Glyph><Glyph ID="char_12" CONTENT="כ" GC="1.0"><Shape><Polygon POINTS="1358 843 1361 1071 1408 1070 1405 842"/></Shape></Glyph><Glyph ID="char_13" CONTENT="ה" GC="1.0"><Shape><Polygon POINTS="1329 980 1359 979"/></Shape></Glyph></String>
          </TextLine>

          
          
          <TextLine ID="eSc_line_1787901" BASELINE="1449 1195 1551 1195 2302 1256" HPOS="1449.0" VPOS="1058.0" WIDTH="864.0" HEIGHT="288.0">
            <Shape><Polygon POINTS="1449 1058 1551 1058 2313 1119 2294 1346 1551 1286 1449 1286"/></Shape>
	    <String CONTENT=" מכה במועדי כבוד ולק " HPOS="1449.0" VPOS="1058.0" WIDTH="864.0" HEIGHT="288.0"><Glyph ID="char_14" CONTENT=" " GC="1.0"><Shape><Polygon POINTS="2253 1114 2234 1341 2280 1345 2299 1118"/></Shape></Glyph><Glyph ID="char_15" CONTENT="מ" GC="1.0"><Shape><Polygon POINTS="2222 1112 2204 1339 2234 1341 2253 1114"/></Shape></Glyph><Glyph ID="char_16" CONTENT="כ" GC="1.0"><Shape><Polygon POINTS="2176 1108 2158 1335 2204 1339 2222 1112"/></Shape></Glyph><Glyph ID="char_17" CONTENT="ה" GC="1.0"><Shape><Polygon POINTS="2131 1104 2113 1331 2158 1335 2176 1108"/></Shape></Glyph><Glyph ID="char_18" CONTENT=" " GC="1.0"><Shape><Polygon POINTS="2100 1102 2082 1329 2113 1331 2131 1104"/></Shape></Glyph><Glyph ID="char_19" CONTENT="ב" GC="1.0"><Shape><Polygon POINTS="2054 1098 2036 1325 2082 1329 2100 1102"/></Shape></Glyph><Glyph ID="char_20" CONTENT="מ" GC="1.0"><Shape><Polygon POINTS="2009 1095 1990 1321 2036 1325 2054 1098"/></Shape></Glyph><Glyph ID="char_21" CONTENT="ו" GC="1.0"><Shape><Polygon POINTS="1963 1091 1944 1318 1990 1321 2009 1095"/></Shape></Glyph><Glyph ID="char_22" CONTENT="ע" GC="1.0"><Shape><Polygon POINTS="1918 1087 1899 1314 1944 1318 1963 1091"/></Shape></Glyph><Glyph ID="char_23" CONTENT="ד" GC="1.0"><Shape><Polygon POINTS="1872 1084 1854 1310 1899 1314 1918 1087"/></Shape></Glyph><Glyph ID="char_24" CONTENT="י" GC="1.0"><Shape><Polygon POINTS="1841 1081 1823 1308 1854 1310 1872 1084"/></Shape></Glyph><Glyph ID="char_25" CONTENT=" " GC="1.0"><Shape><Polygon POINTS="1826 1080 1808 1307 1823 1308 1841 1081"/></Shape></Glyph><Glyph ID="char_26" CONTENT="כ" GC="1.0"><Shape><Polygon POINTS="1780 1076 1762 1303 1808 1307 1826 1080"/></Shape></Glyph><Glyph ID="char_27" CONTENT="ב" GC="1.0"><Shape><Polygon POINTS="1749 1074 1731 1301 1762 1303 1780 1076"/></Shape></Glyph><Glyph ID="char_28" CONTENT="ו" GC="1.0"><Shape><Polygon POINTS="1705 1070 1686 1297 1731 1301 1749 1074"/></Shape></Glyph><Glyph ID="char_29" CONTENT="ד" GC="1.0"><Shape><Polygon POINTS="1659 1067 1640 1293 1686 1297 1705 1070"/></Shape></Glyph><Glyph ID="char_30" CONTENT=" " GC="1.0"><Shape><Polygon POINTS="1628 1064 1609 1291 1640 1293 1659 1067"/></Shape></Glyph><Glyph ID="char_31" CONTENT="ו" GC="1.0"><Shape><Polygon POINTS="1598 1062 1580 1288 1609 1291 1628 1064"/></Shape></Glyph><Glyph ID="char_32" CONTENT="ל" GC="1.0"><Shape><Polygon POINTS="1541 1058 1541 1286 1580 1288 1598 1062"/></Shape></Glyph><Glyph ID="char_33" CONTENT="ק" GC="1.0"><Shape><Polygon POINTS="1495 1058 1495 1286 1541 1286 1541 1058"/></Shape></Glyph><Glyph ID="char_34" CONTENT=" " GC="1.0"><Shape><Polygon POINTS="1449 1058 1449 1286 1495 1286 1495 1058"/></Shape></Glyph></String>
          </TextLine>

          
          
          <TextLine ID="eSc_line_1787902" BASELINE="1316 1420 1481 1436 1614 1440 1964 1461 2189 1479" HPOS="1307.0" VPOS="1283.0" WIDTH="892.0" HEIGHT="286.0">
            <Shape><Polygon POINTS="1329 1283 1494 1299 1618 1303 1972 1324 2199 1342 2181 1569 1958 1552 1611 1531 1472 1526 1307 1510"/></Shape>
	    <String CONTENT=" תירוש ויצהר" HPOS="1307.0" VPOS="1283.0" WIDTH="892.0" HEIGHT="286.0"><Glyph ID="char_35" CONTENT=" " GC="1.0"><Shape><Polygon POINTS="1829 1316 1815 1543 2012 1556 2030 1329"/></Shape></Glyph><Glyph ID="char_36" CONTENT="ת" GC="1.0"><Shape><Polygon POINTS="1783 1313 1769 1541 1815 1543 1829 1316"/></Shape></Glyph><Glyph ID="char_37" CONTENT="י" GC="1.0"><Shape><Polygon POINTS="1752 1311 1738 1539 1769 1541 1783 1313"/></Shape></Glyph><Glyph ID="char_38" CONTENT="ר" GC="1.0"><Shape><Polygon POINTS="1706 1308 1692 1536 1738 1539 1752 1311"/></Shape></Glyph><Glyph ID="char_39" CONTENT="ו" GC="1.0"><Shape><Polygon POINTS="1660 1306 1647 1533 1692 1536 1706 1308"/></Shape></Glyph><Glyph ID="char_40" CONTENT="ש" GC="1.0"><Shape><Polygon POINTS="1610 1303 1603 1531 1647 1533 1660 1306"/></Shape></Glyph><Glyph ID="char_41" CONTENT=" " GC="1.0"><Shape><Polygon POINTS="1564 1301 1557 1529 1603 1531 1610 1303"/></Shape></Glyph><Glyph ID="char_42" CONTENT="ו" GC="1.0"><Shape><Polygon POINTS="1533 1300 1526 1528 1557 1529 1564 1301"/></Shape></Glyph><Glyph ID="char_43" CONTENT="י" GC="1.0"><Shape><Polygon POINTS="1487 1298 1480 1526 1526 1528 1533 1300"/></Shape></Glyph><Glyph ID="char_44" CONTENT="צ" GC="1.0"><Shape><Polygon POINTS="1451 1295 1428 1522 1480 1526 1487 1298"/></Shape></Glyph><Glyph ID="char_45" CONTENT="ה" GC="1.0"><Shape><Polygon POINTS="1391 1289 1367 1516 1428 1522 1451 1295"/></Shape></Glyph><Glyph ID="char_46" CONTENT="ר" GC="1.0"><Shape><Polygon POINTS="1315 1419 1376 1425"/></Shape></Glyph></String>
          </TextLine>

          
        </TextBlock>
        

        
        <TextBlock ID="eSc_dummyblock_">
          
          
          <TextLine ID="eSc_line_8d483fad" BASELINE="1314 967 1359 978 1657 974 1955 989" HPOS="1314" VPOS="796" WIDTH="641" HEIGHT="308">
            <Shape><Polygon POINTS="1314 967 1321 796 1443 798 1492 800 1522 818 1546 818 1655 911 1734 888 1794 920 1835 895 1878 922 1950 922 1955 989 1948 1066 1914 1066 1905 1075 1882 1059 1862 1071 1819 1059 1752 1071 1722 1046 1598 1046 1578 1057 1562 1053 1499 1104 1314 1100"/></Shape>
	    <String CONTENT="" HPOS="1314" VPOS="796" WIDTH="641" HEIGHT="308"/>
          </TextLine>

          
          
          <TextLine ID="eSc_line_9dfc583a" BASELINE="1445 1195 1564 1192 2302 1253" HPOS="1443" VPOS="1102" WIDTH="863" HEIGHT="246">
            <Shape><Polygon POINTS="1445 1195 1452 1138 1522 1136 1555 1145 1614 1118 1637 1136 1666 1125 1716 1159 1761 1163 1813 1141 1817 1150 1869 1152 1905 1172 1950 1168 2036 1102 2058 1113 2128 1109 2297 1122 2306 1132 2291 1334 2273 1348 2128 1339 2072 1285 2018 1316 1966 1280 1952 1276 1925 1296 1900 1265 1858 1274 1837 1256 1806 1276 1788 1276 1752 1271 1740 1258 1695 1258 1673 1242 1630 1247 1562 1235 1526 1267 1510 1269 1468 1249 1443 1265"/></Shape>
	    <String CONTENT="" HPOS="1443" VPOS="1102" WIDTH="863" HEIGHT="246"/>
          </TextLine>

          
          
          <TextLine ID="eSc_line_13c5b876" BASELINE="1323 1411 1416 1429 1928 1454 2196 1479" HPOS="1319" VPOS="1362" WIDTH="877" HEIGHT="187">
            <Shape><Polygon POINTS="1323 1411 1330 1362 1353 1362 1398 1384 1418 1368 1431 1384 1463 1368 1481 1386 1528 1373 1553 1389 1603 1386 1646 1400 1657 1393 1682 1411 1702 1402 1758 1429 1828 1434 1982 1443 2000 1427 2024 1443 2074 1436 2090 1447 2137 1411 2194 1413 2196 1479 2137 1501 2112 1506 2101 1495 2074 1508 2047 1490 2013 1501 1991 1497 1966 1474 1880 1470 1804 1504 1765 1495 1754 1501 1740 1490 1729 1499 1623 1508 1580 1535 1569 1522 1468 1549 1319 1540"/></Shape>
	    <String CONTENT="" HPOS="1319" VPOS="1362" WIDTH="877" HEIGHT="187"/>
          </TextLine>

          
        </TextBlock>
        
      </PrintSpace>
    </Page>
  </Layout>
</alto>