<?xml version='1.0' encoding='UTF-8'?>
<alto xmlns:xsi="http://www.w3.org/2001/XMLSchema-instance" xmlns="http://www.loc.gov/standards/alto/ns-v4#" xsi:schemaLocation="http://www.loc.gov/standards/alto/ns-v4# http://www.loc.gov/standards/alto/v4/alto-4-2.xsd">
  <Description>
    <MeasurementUnit>pixel</MeasurementUnit>
    <sourceImageInformation>
      <fileName>P298-Fg041-R-C01-R01-D05112013-T121612-LR924_012.jpg</fileName>
      
    </sourceImageInformation>
  </Description>
  
  <Tags>
    <OtherTag ID="BT1443" LABEL="Parchment_or_papyrus" DESCRIPTION="block type Parchment_or_papyrus"/><OtherTag ID="BT2" LABEL="Main" DESCRIPTION="block type Main"/>
    
  </Tags>
  
  <Layout>
    <Page WIDTH="3608" HEIGHT="2706" PHYSICAL_IMG_NR="179" ID="eSc_dummypage_">
      <PrintSpace HPOS="0" VPOS="0" WIDTH="3608" HEIGHT="2706">
        
        <TextBlock HPOS="1310.0" VPOS="1047.0" WIDTH="957.0" HEIGHT="414.0" ID="eSc_textblock_730afa03" TAGREFS="BT2">
          <Shape><Polygon POINTS="1310 1047 1310 1461 2267 1461 2267 1047"/></Shape>
          
          
          <TextLine ID="eSc_line_1787911" BASELINE="1348 1226 1456 1231 1785 1204 2144 1188" HPOS="1345.0" VPOS="1113.0" WIDTH="801.0" HEIGHT="167.0">
            <Shape><Polygon POINTS="1351 1151 1459 1156 1778 1129 2140 1113 2146 1237 1789 1253 1453 1280 1345 1275"/></Shape>
	    <String CONTENT=" ואנו חיינו בלב יגון י " HPOS="1345.0" VPOS="1113.0" WIDTH="801.0" HEIGHT="167.0"><Glyph ID="char_0" CONTENT=" " GC="1.0"><Shape><Polygon POINTS="2089 1115 2095 1239 2129 1238 2123 1114"/></Shape></Glyph><Glyph ID="char_1" CONTENT="ו" GC="1.0"><Shape><Polygon POINTS="2048 1117 2054 1241 2095 1239 2089 1115"/></Shape></Glyph><Glyph ID="char_2" CONTENT="א" GC="1.0"><Shape><Polygon POINTS="2006 1119 2012 1243 2054 1241 2048 1117"/></Shape></Glyph><Glyph ID="char_3" CONTENT="נ" GC="1.0"><Shape><Polygon POINTS="1964 1121 1970 1245 2012 1243 2006 1119"/></Shape></Glyph><Glyph ID="char_4" CONTENT="ו" GC="1.0"><Shape><Polygon POINTS="1930 1122 1936 1246 1970 1245 1964 1121"/></Shape></Glyph><Glyph ID="char_5" CONTENT=" " GC="1.0"><Shape><Polygon POINTS="1905 1123 1911 1248 1936 1246 1930 1122"/></Shape></Glyph><Glyph ID="char_6" CONTENT="ח" GC="1.0"><Shape><Polygon POINTS="1863 1125 1869 1249 1911 1248 1905 1123"/></Shape></Glyph><Glyph ID="char_7" CONTENT="י" GC="1.0"><Shape><Polygon POINTS="1821 1127 1827 1251 1869 1249 1863 1125"/></Shape></Glyph><Glyph ID="char_8" CONTENT="י" GC="1.0"><Shape><Polygon POINTS="1787 1129 1793 1253 1827 1251 1821 1127"/></Shape></Glyph><Glyph ID="char_9" CONTENT="נ" GC="1.0"><Shape><Polygon POINTS="1760 1131 1770 1255 1793 1253 1787 1129"/></Shape></Glyph><Glyph ID="char_10" CONTENT="ו" GC="1.0"><Shape><Polygon POINTS="1735 1133 1745 1257 1770 1255 1760 1131"/></Shape></Glyph><Glyph ID="char_11" CONTENT=" " GC="1.0"><Shape><Polygon POINTS="1701 1136 1711 1259 1745 1257 1735 1133"/></Shape></Glyph><Glyph ID="char_12" CONTENT="ב" GC="1.0"><Shape><Polygon POINTS="1659 1139 1669 1263 1711 1259 1701 1136"/></Shape></Glyph><Glyph ID="char_13" CONTENT="ל" GC="1.0"><Shape><Polygon POINTS="1626 1142 1636 1265 1669 1263 1659 1139"/></Shape></Glyph><Glyph ID="char_14" CONTENT="ב" GC="1.0"><Shape><Polygon POINTS="1600 1144 1610 1267 1636 1265 1626 1142"/></Shape></Glyph><Glyph ID="char_15" CONTENT=" " GC="1.0"><Shape><Polygon POINTS="1575 1146 1585 1269 1610 1267 1600 1144"/></Shape></Glyph><Glyph ID="char_16" CONTENT="י" GC="1.0"><Shape><Polygon POINTS="1542 1149 1553 1272 1585 1269 1575 1146"/></Shape></Glyph><Glyph ID="char_17" CONTENT="ג" GC="1.0"><Shape><Polygon POINTS="1501 1152 1511 1275 1553 1272 1542 1149"/></Shape></Glyph><Glyph ID="char_18" CONTENT="ו" GC="1.0"><Shape><Polygon POINTS="1459 1156 1469 1279 1511 1275 1501 1152"/></Shape></Glyph><Glyph ID="char_19" CONTENT="ן" GC="1.0"><Shape><Polygon POINTS="1435 1155 1428 1279 1469 1279 1459 1156"/></Shape></Glyph><Glyph ID="char_20" CONTENT=" " GC="1.0"><Shape><Polygon POINTS="1410 1154 1403 1278 1428 1279 1435 1155"/></Shape></Glyph><Glyph ID="char_21" CONTENT="י" GC="1.0"><Shape><Polygon POINTS="1385 1153 1378 1277 1403 1278 1410 1154"/></Shape></Glyph><Glyph ID="char_22" CONTENT=" " GC="1.0"><Shape><Polygon POINTS="1347 1225 1380 1226"/></Shape></Glyph></String>
          </TextLine>

          
          
          <TextLine ID="eSc_line_1787912" BASELINE="1357 1334 1637 1348 1973 1330 2112 1330" HPOS="1354.0" VPOS="1255.0" WIDTH="758.0" HEIGHT="142.0">
            <Shape><Polygon POINTS="1360 1259 1640 1273 1968 1255 2112 1255 2112 1380 1975 1379 1634 1397 1354 1383"/></Shape>
	    <String CONTENT=" לוא נאמי בחיינו " HPOS="1354.0" VPOS="1255.0" WIDTH="758.0" HEIGHT="142.0"><Glyph ID="char_23" CONTENT=" " GC="1.0"><Shape><Polygon POINTS="2069 1255 2069 1380 2102 1380 2102 1255"/></Shape></Glyph><Glyph ID="char_24" CONTENT="ל" GC="1.0"><Shape><Polygon POINTS="2035 1255 2035 1379 2069 1380 2069 1255"/></Shape></Glyph><Glyph ID="char_25" CONTENT="ו" GC="1.0"><Shape><Polygon POINTS="2010 1255 2010 1379 2035 1379 2035 1255"/></Shape></Glyph><Glyph ID="char_26" CONTENT="א" GC="1.0"><Shape><Polygon POINTS="1985 1255 1985 1379 2010 1379 2010 1255"/></Shape></Glyph><Glyph ID="char_27" CONTENT=" " GC="1.0"><Shape><Polygon POINTS="1947 1256 1954 1380 1985 1379 1985 1255"/></Shape></Glyph><Glyph ID="char_28" CONTENT="נ" GC="1.0"><Shape><Polygon POINTS="1905 1258 1912 1382 1954 1380 1947 1256"/></Shape></Glyph><Glyph ID="char_29" CONTENT="א" GC="1.0"><Shape><Polygon POINTS="1872 1260 1879 1384 1912 1382 1905 1258"/></Shape></Glyph><Glyph ID="char_30" CONTENT="מ" GC="1.0"><Shape><Polygon POINTS="1830 1263 1837 1386 1879 1384 1872 1260"/></Shape></Glyph><Glyph ID="char_31" CONTENT="י" GC="1.0"><Shape><Polygon POINTS="1779 1265 1786 1389 1837 1386 1830 1263"/></Shape></Glyph><Glyph ID="char_32" CONTENT=" " GC="1.0"><Shape><Polygon POINTS="1729 1268 1736 1392 1786 1389 1779 1265"/></Shape></Glyph><Glyph ID="char_33" CONTENT="ב" GC="1.0"><Shape><Polygon POINTS="1680 1271 1686 1394 1736 1392 1729 1268"/></Shape></Glyph><Glyph ID="char_34" CONTENT="ח" GC="1.0"><Shape><Polygon POINTS="1637 1273 1630 1397 1686 1394 1680 1271"/></Shape></Glyph><Glyph ID="char_35" CONTENT="י" GC="1.0"><Shape><Polygon POINTS="1604 1271 1597 1395 1630 1397 1637 1273"/></Shape></Glyph><Glyph ID="char_36" CONTENT="י" GC="1.0"><Shape><Polygon POINTS="1570 1269 1563 1393 1597 1395 1604 1271"/></Shape></Glyph><Glyph ID="char_37" CONTENT="נ" GC="1.0"><Shape><Polygon POINTS="1536 1268 1529 1392 1563 1393 1570 1269"/></Shape></Glyph><Glyph ID="char_38" CONTENT="ו" GC="1.0"><Shape><Polygon POINTS="1511 1267 1504 1391 1529 1392 1536 1268"/></Shape></Glyph><Glyph ID="char_39" CONTENT=" " GC="1.0"><Shape><Polygon POINTS="1419 1262 1412 1386 1504 1391 1511 1267"/></Shape></Glyph></String>
          </TextLine>

          
        </TextBlock>
        

        
      </PrintSpace>
    </Page>
  </Layout>
</alto>