<?xml version='1.0' encoding='UTF-8'?>
<alto xmlns:xsi="http://www.w3.org/2001/XMLSchema-instance" xmlns="http://www.loc.gov/standards/alto/ns-v4#" xsi:schemaLocation="http://www.loc.gov/standards/alto/ns-v4# http://www.loc.gov/standards/alto/v4/alto-4-2.xsd">
  <Description>
    <MeasurementUnit>pixel</MeasurementUnit>
    <sourceImageInformation>
      <fileName>P301-Fg003-R-C01-R01-D07052014-T141437-LR924_012.jpg</fileName>
      
    </sourceImageInformation>
  </Description>
  
  <Tags>
    <OtherTag ID="BT1443" LABEL="Parchment_or_papyrus" DESCRIPTION="block type Parchment_or_papyrus"/><OtherTag ID="BT2" LABEL="Main" DESCRIPTION="block type Main"/>
    
  </Tags>
  
  <Layout>
    <Page WIDTH="3608" HEIGHT="2706" PHYSICAL_IMG_NR="114" ID="eSc_dummypage_">
      <PrintSpace HPOS="0" VPOS="0" WIDTH="3608" HEIGHT="2706">
        
        <TextBlock HPOS="563.0" VPOS="418.0" WIDTH="1990.0" HEIGHT="1859.0" ID="eSc_textblock_288bfa01" TAGREFS="BT2">
          <Shape><Polygon POINTS="574 418 563 1772 2552 2277 2553 1627 2068 1235 1396 420"/></Shape>
          
          
          <TextLine ID="eSc_line_1803827" BASELINE="2440 1562 2512 2218" HPOS="2364.0" VPOS="1549.0" WIDTH="261.0" HEIGHT="677.0">
            <Shape><Polygon POINTS="2553 1549 2625 2205 2436 2226 2364 1570"/></Shape>
	    <String CONTENT=" ת תנגף רשע " HPOS="2364.0" VPOS="1549.0" WIDTH="261.0" HEIGHT="677.0"><Glyph ID="char_0" CONTENT=" " GC="1.0"><Shape><Polygon POINTS="2621 2167 2432 2188 2435 2213 2624 2192"/></Shape></Glyph><Glyph ID="char_1" CONTENT="ת" GC="1.0"><Shape><Polygon POINTS="2618 2141 2429 2162 2432 2188 2621 2167"/></Shape></Glyph><Glyph ID="char_2" CONTENT=" " GC="1.0"><Shape><Polygon POINTS="2614 2102 2425 2123 2429 2162 2618 2141"/></Shape></Glyph><Glyph ID="char_3" CONTENT="ת" GC="1.0"><Shape><Polygon POINTS="2608 2050 2419 2071 2425 2123 2614 2102"/></Shape></Glyph><Glyph ID="char_4" CONTENT="נ" GC="1.0"><Shape><Polygon POINTS="2604 2012 2415 2033 2419 2071 2608 2050"/></Shape></Glyph><Glyph ID="char_5" CONTENT="ג" GC="1.0"><Shape><Polygon POINTS="2598 1961 2409 1982 2415 2033 2604 2012"/></Shape></Glyph><Glyph ID="char_6" CONTENT="ף" GC="1.0"><Shape><Polygon POINTS="2593 1909 2404 1930 2409 1982 2598 1961"/></Shape></Glyph><Glyph ID="char_7" CONTENT=" " GC="1.0"><Shape><Polygon POINTS="2585 1845 2396 1866 2404 1930 2593 1909"/></Shape></Glyph><Glyph ID="char_8" CONTENT="ר" GC="1.0"><Shape><Polygon POINTS="2578 1780 2389 1801 2396 1866 2585 1845"/></Shape></Glyph><Glyph ID="char_9" CONTENT="ש" GC="1.0"><Shape><Polygon POINTS="2571 1716 2382 1737 2389 1801 2578 1780"/></Shape></Glyph><Glyph ID="char_10" CONTENT="ע" GC="1.0"><Shape><Polygon POINTS="2563 1639 2374 1660 2382 1737 2571 1716"/></Shape></Glyph><Glyph ID="char_11" CONTENT=" " GC="1.0"><Shape><Polygon POINTS="2439 1561 2449 1651"/></Shape></Glyph></String>
          </TextLine>

          
          
          <TextLine ID="eSc_line_1787957" BASELINE="2241 1447 2255 1544 2270 1740 2288 2020 2293 2142 2306 2214" HPOS="2165.0" VPOS="1430.0" WIDTH="253.0" HEIGHT="797.0">
            <Shape><Polygon POINTS="2353 1430 2367 1527 2383 1731 2401 2012 2406 2137 2418 2193 2231 2227 2217 2145 2212 2024 2194 1745 2179 1554 2165 1457"/></Shape>
	    <String CONTENT=" א העדה וכול יש " HPOS="2165.0" VPOS="1430.0" WIDTH="253.0" HEIGHT="797.0"><Glyph ID="char_12" CONTENT=" " GC="1.0"><Shape><Polygon POINTS="2410 2154 2224 2188 2231 2225 2418 2191"/></Shape></Glyph><Glyph ID="char_13" CONTENT="א" GC="1.0"><Shape><Polygon POINTS="2405 2119 2216 2127 2224 2188 2410 2154"/></Shape></Glyph><Glyph ID="char_14" CONTENT=" " GC="1.0"><Shape><Polygon POINTS="2403 2055 2214 2063 2216 2127 2405 2119"/></Shape></Glyph><Glyph ID="char_15" CONTENT="ה" GC="1.0"><Shape><Polygon POINTS="2400 2001 2211 2014 2214 2063 2403 2055"/></Shape></Glyph><Glyph ID="char_16" CONTENT="ע" GC="1.0"><Shape><Polygon POINTS="2396 1937 2207 1949 2211 2014 2400 2001"/></Shape></Glyph><Glyph ID="char_17" CONTENT="ד" GC="1.0"><Shape><Polygon POINTS="2391 1860 2202 1872 2207 1949 2396 1937"/></Shape></Glyph><Glyph ID="char_18" CONTENT="ה" GC="1.0"><Shape><Polygon POINTS="2387 1796 2198 1808 2202 1872 2391 1860"/></Shape></Glyph><Glyph ID="char_19" CONTENT=" " GC="1.0"><Shape><Polygon POINTS="2385 1758 2196 1770 2198 1808 2387 1796"/></Shape></Glyph><Glyph ID="char_20" CONTENT="ו" GC="1.0"><Shape><Polygon POINTS="2381 1706 2192 1720 2196 1770 2385 1758"/></Shape></Glyph><Glyph ID="char_21" CONTENT="כ" GC="1.0"><Shape><Polygon POINTS="2378 1667 2189 1681 2192 1720 2381 1706"/></Shape></Glyph><Glyph ID="char_22" CONTENT="ו" GC="1.0"><Shape><Polygon POINTS="2375 1629 2186 1643 2189 1681 2378 1667"/></Shape></Glyph><Glyph ID="char_23" CONTENT="ל" GC="1.0"><Shape><Polygon POINTS="2372 1590 2183 1605 2186 1643 2375 1629"/></Shape></Glyph><Glyph ID="char_24" CONTENT=" " GC="1.0"><Shape><Polygon POINTS="2369 1552 2180 1567 2183 1605 2372 1590"/></Shape></Glyph><Glyph ID="char_25" CONTENT="י" GC="1.0"><Shape><Polygon POINTS="2362 1492 2174 1521 2180 1567 2369 1552"/></Shape></Glyph><Glyph ID="char_26" CONTENT="ש" GC="1.0"><Shape><Polygon POINTS="2355 1442 2167 1470 2174 1521 2362 1492"/></Shape></Glyph><Glyph ID="char_27" CONTENT=" " GC="1.0"><Shape><Polygon POINTS="2240 1446 2241 1458"/></Shape></Glyph></String>
          </TextLine>

          
          
          <TextLine ID="eSc_line_1787949" BASELINE="2049 1305 2061 1483 2056 1594" HPOS="1973.0" VPOS="1297.0" WIDTH="201.0" HEIGHT="302.0">
            <Shape><Polygon POINTS="2162 1297 2174 1475 2169 1599 1980 1590 1985 1488 1973 1310"/></Shape>
	    <String CONTENT=" ה כתו " HPOS="1973.0" VPOS="1297.0" WIDTH="201.0" HEIGHT="302.0"><Glyph ID="char_28" CONTENT=" " GC="1.0"><Shape><Polygon POINTS="2171 1559 1982 1550 1980 1589 2169 1598"/></Shape></Glyph><Glyph ID="char_29" CONTENT="ה" GC="1.0"><Shape><Polygon POINTS="2172 1520 1984 1511 1982 1550 2171 1559"/></Shape></Glyph><Glyph ID="char_30" CONTENT=" " GC="1.0"><Shape><Polygon POINTS="2173 1466 1984 1480 1984 1511 2172 1520"/></Shape></Glyph><Glyph ID="char_31" CONTENT="כ" GC="1.0"><Shape><Polygon POINTS="2170 1414 1981 1428 1984 1480 2173 1466"/></Shape></Glyph><Glyph ID="char_32" CONTENT="ת" GC="1.0"><Shape><Polygon POINTS="2166 1362 1977 1375 1981 1428 2170 1414"/></Shape></Glyph><Glyph ID="char_33" CONTENT="ו" GC="1.0"><Shape><Polygon POINTS="2164 1323 1975 1336 1977 1375 2166 1362"/></Shape></Glyph><Glyph ID="char_34" CONTENT=" " GC="1.0"><Shape><Polygon POINTS="2048 1304 2049 1330"/></Shape></Glyph></String>
          </TextLine>

          
          
          <TextLine ID="eSc_line_1787950" BASELINE="1844 1307 1864 1456 1864 1698" HPOS="1768.0" VPOS="1291.0" WIDTH="210.0" HEIGHT="407.0">
            <Shape><Polygon POINTS="1956 1291 1976 1440 1978 1698 1788 1698 1788 1466 1768 1317"/></Shape>
	    <String CONTENT=" על הרי " HPOS="1768.0" VPOS="1291.0" WIDTH="210.0" HEIGHT="407.0"><Glyph ID="char_35" CONTENT=" " GC="1.0"><Shape><Polygon POINTS="1978 1647 1788 1647 1788 1685 1978 1685"/></Shape></Glyph><Glyph ID="char_36" CONTENT="ע" GC="1.0"><Shape><Polygon POINTS="1977 1609 1788 1609 1788 1647 1978 1647"/></Shape></Glyph><Glyph ID="char_37" CONTENT="ל" GC="1.0"><Shape><Polygon POINTS="1977 1559 1788 1559 1788 1609 1977 1609"/></Shape></Glyph><Glyph ID="char_38" CONTENT=" " GC="1.0"><Shape><Polygon POINTS="1977 1508 1788 1508 1788 1559 1977 1559"/></Shape></Glyph><Glyph ID="char_39" CONTENT="ה" GC="1.0"><Shape><Polygon POINTS="1973 1416 1785 1442 1788 1508 1977 1508"/></Shape></Glyph><Glyph ID="char_40" CONTENT="ר" GC="1.0"><Shape><Polygon POINTS="1964 1353 1776 1379 1785 1442 1973 1416"/></Shape></Glyph><Glyph ID="char_41" CONTENT="י" GC="1.0"><Shape><Polygon POINTS="1843 1306 1851 1368"/></Shape></Glyph><Glyph ID="char_42" CONTENT=" " GC="1.0"><Shape><Polygon POINTS="1843 1306 1843 1306"/></Shape></Glyph></String>
          </TextLine>

          
          
          <TextLine ID="eSc_line_1803826" BASELINE="1678 1422 1712 1888" HPOS="1602.0" VPOS="1413.0" WIDTH="223.0" HEIGHT="480.0">
            <Shape><Polygon POINTS="1791 1413 1825 1879 1636 1893 1602 1427"/></Shape>
	    <String CONTENT=" תיים " HPOS="1602.0" VPOS="1413.0" WIDTH="223.0" HEIGHT="480.0"><Glyph ID="char_43" CONTENT=" " GC="1.0"><Shape><Polygon POINTS="1815 1737 1626 1751 1632 1842 1821 1827"/></Shape></Glyph><Glyph ID="char_44" CONTENT="ת" GC="1.0"><Shape><Polygon POINTS="1812 1698 1623 1712 1626 1751 1815 1737"/></Shape></Glyph><Glyph ID="char_45" CONTENT="י" GC="1.0"><Shape><Polygon POINTS="1809 1659 1620 1673 1623 1712 1812 1698"/></Shape></Glyph><Glyph ID="char_46" CONTENT="י" GC="1.0"><Shape><Polygon POINTS="1804 1594 1615 1608 1620 1673 1809 1659"/></Shape></Glyph><Glyph ID="char_47" CONTENT="ם" GC="1.0"><Shape><Polygon POINTS="1798 1503 1609 1517 1615 1608 1804 1594"/></Shape></Glyph><Glyph ID="char_48" CONTENT=" " GC="1.0"><Shape><Polygon POINTS="1792 1426 1603 1441 1609 1517 1798 1503"/></Shape></Glyph></String>
          </TextLine>

          
          
          <TextLine ID="eSc_line_1787954" BASELINE="1395 676 1416 726 1447 879 1461 1023 1461 1082 1477 1316 1477 1438 1488 1634 1486 1664 1492 1882" HPOS="1324.0" VPOS="631.0" WIDTH="281.0" HEIGHT="1253.0">
            <Shape><Polygon POINTS="1500 631 1521 681 1558 856 1574 1011 1575 1082 1590 1308 1591 1438 1601 1627 1599 1671 1605 1878 1416 1884 1410 1658 1412 1638 1401 1438 1401 1321 1385 1082 1385 1030 1372 894 1345 755 1324 705"/></Shape>
	    <String CONTENT=" יא העדה עד הים ה " HPOS="1324.0" VPOS="631.0" WIDTH="281.0" HEIGHT="1253.0"><Glyph ID="char_49" CONTENT=" " GC="1.0"><Shape><Polygon POINTS="1604 1827 1415 1832 1416 1870 1605 1865"/></Shape></Glyph><Glyph ID="char_50" CONTENT="י" GC="1.0"><Shape><Polygon POINTS="1602 1776 1413 1781 1415 1832 1604 1827"/></Shape></Glyph><Glyph ID="char_51" CONTENT="א" GC="1.0"><Shape><Polygon POINTS="1600 1699 1411 1704 1413 1781 1602 1776"/></Shape></Glyph><Glyph ID="char_52" CONTENT=" " GC="1.0"><Shape><Polygon POINTS="1601 1618 1412 1629 1411 1704 1600 1699"/></Shape></Glyph><Glyph ID="char_53" CONTENT="ה" GC="1.0"><Shape><Polygon POINTS="1596 1542 1407 1552 1412 1629 1601 1618"/></Shape></Glyph><Glyph ID="char_54" CONTENT="ע" GC="1.0"><Shape><Polygon POINTS="1592 1453 1402 1463 1407 1552 1596 1542"/></Shape></Glyph><Glyph ID="char_55" CONTENT="ד" GC="1.0"><Shape><Polygon POINTS="1590 1369 1401 1369 1402 1463 1592 1453"/></Shape></Glyph><Glyph ID="char_56" CONTENT="ה" GC="1.0"><Shape><Polygon POINTS="1588 1272 1399 1285 1401 1369 1590 1369"/></Shape></Glyph><Glyph ID="char_57" CONTENT=" " GC="1.0"><Shape><Polygon POINTS="1583 1209 1394 1222 1399 1285 1588 1272"/></Shape></Glyph><Glyph ID="char_58" CONTENT="ע" GC="1.0"><Shape><Polygon POINTS="1579 1145 1390 1158 1394 1222 1583 1209"/></Shape></Glyph><Glyph ID="char_59" CONTENT="ד" GC="1.0"><Shape><Polygon POINTS="1575 1081 1386 1094 1390 1158 1579 1145"/></Shape></Glyph><Glyph ID="char_60" CONTENT=" " GC="1.0"><Shape><Polygon POINTS="1573 1001 1384 1019 1386 1094 1575 1081"/></Shape></Glyph><Glyph ID="char_61" CONTENT="ה" GC="1.0"><Shape><Polygon POINTS="1565 925 1377 943 1384 1019 1573 1001"/></Shape></Glyph><Glyph ID="char_62" CONTENT="י" GC="1.0"><Shape><Polygon POINTS="1554 837 1368 875 1377 943 1565 925"/></Shape></Glyph><Glyph ID="char_63" CONTENT="ם" GC="1.0"><Shape><Polygon POINTS="1541 775 1356 812 1368 875 1554 837"/></Shape></Glyph><Glyph ID="char_64" CONTENT=" " GC="1.0"><Shape><Polygon POINTS="1530 725 1346 762 1356 812 1541 775"/></Shape></Glyph><Glyph ID="char_65" CONTENT="ה" GC="1.0"><Shape><Polygon POINTS="1509 654 1334 729 1346 762 1530 725"/></Shape></Glyph><Glyph ID="char_66" CONTENT=" " GC="1.0"><Shape><Polygon POINTS="1394 675 1404 698"/></Shape></Glyph></String>
          </TextLine>

          
          
          <TextLine ID="eSc_line_1787952" BASELINE="1224 505 1224 611 1244 825 1240 820 1256 940 1298 1292 1298 1350 1294 1404 1294 1526 1305 1688 1301 1799" HPOS="1148.0" VPOS="505.0" WIDTH="270.0" HEIGHT="1298.0">
            <Shape><Polygon POINTS="1338 505 1338 611 1357 814 1150 891 1368 924 1411 1278 1412 1350 1407 1412 1408 1526 1418 1680 1414 1803 1225 1796 1229 1693 1218 1526 1218 1398 1222 1350 1222 1301 1180 950 1178.84 951.741 1168 832 1148 611 1148 505"/></Shape>
	    <String CONTENT=" מפני ישראל בעת ההיא " HPOS="1148.0" VPOS="505.0" WIDTH="270.0" HEIGHT="1298.0"><Glyph ID="char_67" CONTENT=" " GC="1.0"><Shape><Polygon POINTS="1418 1675 1229 1688 1226 1758 1415 1765"/></Shape></Glyph><Glyph ID="char_68" CONTENT="מ" GC="1.0"><Shape><Polygon POINTS="1414 1623 1225 1636 1229 1688 1418 1675"/></Shape></Glyph><Glyph ID="char_69" CONTENT="פ" GC="1.0"><Shape><Polygon POINTS="1411 1571 1222 1584 1225 1636 1414 1623"/></Shape></Glyph><Glyph ID="char_70" CONTENT="נ" GC="1.0"><Shape><Polygon POINTS="1408 1519 1218 1532 1222 1584 1411 1571"/></Shape></Glyph><Glyph ID="char_71" CONTENT="י" GC="1.0"><Shape><Polygon POINTS="1408 1488 1218 1488 1218 1532 1408 1519"/></Shape></Glyph><Glyph ID="char_72" CONTENT=" " GC="1.0"><Shape><Polygon POINTS="1407 1449 1218 1449 1218 1488 1408 1488"/></Shape></Glyph><Glyph ID="char_73" CONTENT="י" GC="1.0"><Shape><Polygon POINTS="1407 1406 1218 1392 1218 1449 1407 1449"/></Shape></Glyph><Glyph ID="char_74" CONTENT="ש" GC="1.0"><Shape><Polygon POINTS="1412 1320 1222 1320 1218 1392 1407 1406"/></Shape></Glyph><Glyph ID="char_75" CONTENT="ר" GC="1.0"><Shape><Polygon POINTS="1403 1216 1215 1239 1222 1320 1412 1320"/></Shape></Glyph><Glyph ID="char_76" CONTENT="א" GC="1.0"><Shape><Polygon POINTS="1397 1164 1208 1187 1215 1239 1403 1216"/></Shape></Glyph><Glyph ID="char_77" CONTENT="ל" GC="1.0"><Shape><Polygon POINTS="1391 1113 1202 1135 1208 1187 1397 1164"/></Shape></Glyph><Glyph ID="char_78" CONTENT=" " GC="1.0"><Shape><Polygon POINTS="1385 1061 1196 1084 1202 1135 1391 1113"/></Shape></Glyph><Glyph ID="char_79" CONTENT="ב" GC="1.0"><Shape><Polygon POINTS="1378 1010 1190 1032 1196 1084 1385 1061"/></Shape></Glyph><Glyph ID="char_80" CONTENT="ע" GC="1.0"><Shape><Polygon POINTS="1371 945 1182 968 1190 1032 1378 1010"/></Shape></Glyph><Glyph ID="char_81" CONTENT="ת" GC="1.0"><Shape><Polygon POINTS="1248 881 1258 958"/></Shape></Glyph><Glyph ID="char_82" CONTENT=" " GC="1.0"><Shape><Polygon POINTS="1243 816 1248 881"/></Shape></Glyph><Glyph ID="char_83" CONTENT="ה" GC="1.0"><Shape><Polygon POINTS="1350 741 1161 758 1167 823 1356 806"/></Shape></Glyph><Glyph ID="char_84" CONTENT="ה" GC="1.0"><Shape><Polygon POINTS="1343 663 1154 681 1161 758 1350 741"/></Shape></Glyph><Glyph ID="char_85" CONTENT="י" GC="1.0"><Shape><Polygon POINTS="1338 611 1150 629 1154 681 1343 663"/></Shape></Glyph><Glyph ID="char_86" CONTENT="א" GC="1.0"><Shape><Polygon POINTS="1338 570 1148 570 1150 629 1338 611"/></Shape></Glyph><Glyph ID="char_87" CONTENT=" " GC="1.0"><Shape><Polygon POINTS="1338 505 1148 505 1148 570 1338 570"/></Shape></Glyph></String>
          </TextLine>

          
          
          <TextLine ID="eSc_line_1787948" BASELINE="1001 487 1017 561 1032 696 1064 868 1086 1125 1095 1249 1093 1391 1100 1513 1104 1542 1104 1655 1113 1851" HPOS="926.0" VPOS="462.0" WIDTH="300.0" HEIGHT="1392.0">
            <Shape><Polygon POINTS="1112 462 1128 536 1145 683 1176 847 1199 1115 1208 1240 1206 1392 1213 1506 1216 1526 1218 1655 1226 1845 1037 1854 1028 1655 1028 1552 1024 1517 1017 1389 1019 1254 1010 1131 989 881 956 704 942 577 926 503"/></Shape>
	    <String CONTENT=" יעמוד עליהם ונעכרו עליהם " HPOS="926.0" VPOS="462.0" WIDTH="300.0" HEIGHT="1392.0"><Glyph ID="char_88" CONTENT=" " GC="1.0"><Shape><Polygon POINTS="1225 1819 1036 1828 1037 1852 1226 1843"/></Shape></Glyph><Glyph ID="char_89" CONTENT="י" GC="1.0"><Shape><Polygon POINTS="1224 1793 1035 1802 1036 1828 1225 1819"/></Shape></Glyph><Glyph ID="char_90" CONTENT="ע" GC="1.0"><Shape><Polygon POINTS="1221 1730 1032 1739 1035 1802 1224 1793"/></Shape></Glyph><Glyph ID="char_91" CONTENT="מ" GC="1.0"><Shape><Polygon POINTS="1218 1654 1028 1663 1032 1739 1221 1730"/></Shape></Glyph><Glyph ID="char_92" CONTENT="ו" GC="1.0"><Shape><Polygon POINTS="1217 1609 1028 1609 1028 1663 1218 1654"/></Shape></Glyph><Glyph ID="char_93" CONTENT="ד" GC="1.0"><Shape><Polygon POINTS="1215 1517 1027 1543 1028 1609 1217 1609"/></Shape></Glyph><Glyph ID="char_94" CONTENT=" " GC="1.0"><Shape><Polygon POINTS="1210 1449 1021 1460 1027 1543 1215 1517"/></Shape></Glyph><Glyph ID="char_95" CONTENT="ע" GC="1.0"><Shape><Polygon POINTS="1206 1387 1017 1397 1021 1460 1210 1449"/></Shape></Glyph><Glyph ID="char_96" CONTENT="ל" GC="1.0"><Shape><Polygon POINTS="1207 1344 1018 1341 1017 1397 1206 1387"/></Shape></Glyph><Glyph ID="char_97" CONTENT="י" GC="1.0"><Shape><Polygon POINTS="1207 1281 1019 1278 1018 1341 1207 1344"/></Shape></Glyph><Glyph ID="char_98" CONTENT="ה" GC="1.0"><Shape><Polygon POINTS="1205 1195 1016 1209 1019 1278 1207 1281"/></Shape></Glyph><Glyph ID="char_99" CONTENT="ם" GC="1.0"><Shape><Polygon POINTS="1200 1131 1011 1145 1016 1209 1205 1195"/></Shape></Glyph><Glyph ID="char_100" CONTENT=" " GC="1.0"><Shape><Polygon POINTS="1196 1079 1007 1095 1011 1145 1200 1131"/></Shape></Glyph><Glyph ID="char_101" CONTENT="ו" GC="1.0"><Shape><Polygon POINTS="1192 1029 1003 1045 1007 1095 1196 1079"/></Shape></Glyph><Glyph ID="char_102" CONTENT="נ" GC="1.0"><Shape><Polygon POINTS="1188 990 1000 1006 1003 1045 1192 1029"/></Shape></Glyph><Glyph ID="char_103" CONTENT="ע" GC="1.0"><Shape><Polygon POINTS="1183 927 994 944 1000 1006 1188 990"/></Shape></Glyph><Glyph ID="char_104" CONTENT="כ" GC="1.0"><Shape><Polygon POINTS="1179 877 990 893 994 944 1183 927"/></Shape></Glyph><Glyph ID="char_105" CONTENT="ר" GC="1.0"><Shape><Polygon POINTS="1170 815 983 850 990 893 1179 877"/></Shape></Glyph><Glyph ID="char_106" CONTENT="ו" GC="1.0"><Shape><Polygon POINTS="1161 766 974 801 983 850 1170 815"/></Shape></Glyph><Glyph ID="char_107" CONTENT=" " GC="1.0"><Shape><Polygon POINTS="1154 729 967 763 974 801 1161 766"/></Shape></Glyph><Glyph ID="char_108" CONTENT="ע" GC="1.0"><Shape><Polygon POINTS="1144 678 958 713 967 763 1154 729"/></Shape></Glyph><Glyph ID="char_109" CONTENT="ל" GC="1.0"><Shape><Polygon POINTS="1140 636 951 657 958 713 1144 678"/></Shape></Glyph><Glyph ID="char_110" CONTENT="י" GC="1.0"><Shape><Polygon POINTS="1134 585 945 606 951 657 1140 636"/></Shape></Glyph><Glyph ID="char_111" CONTENT="ה" GC="1.0"><Shape><Polygon POINTS="1122 511 937 553 945 606 1134 585"/></Shape></Glyph><Glyph ID="char_112" CONTENT="ם" GC="1.0"><Shape><Polygon POINTS="1000 486 1011 535"/></Shape></Glyph><Glyph ID="char_113" CONTENT=" " GC="1.0"><Shape><Polygon POINTS="1000 486 1000 486"/></Shape></Glyph></String>
          </TextLine>

          
          
          <TextLine ID="eSc_line_1787946" BASELINE="762 516 879 653 877 1017 881 1102 895 1188 902 1267 902 1429 915 1601 915 1686 908 1776" HPOS="704.0" VPOS="441.0" WIDTH="325.0" HEIGHT="1343.0">
            <Shape><Polygon POINTS="848 441 965 578 990 1017 994 1096 1007 1169 1015 1256 1016 1429 1028 1592 1029 1686 1021 1784 832 1770 839 1686 839 1606 826 1429 826 1273 819 1200 805 1105 801 1016 821 702 704 565"/></Shape>
	    <String CONTENT=" ושבו אל היבשה בעת ה " HPOS="704.0" VPOS="441.0" WIDTH="325.0" HEIGHT="1343.0"><Glyph ID="char_114" CONTENT=" " GC="1.0"><Shape><Polygon POINTS="1027 1707 838 1692 834 1743 1023 1758"/></Shape></Glyph><Glyph ID="char_115" CONTENT="ו" GC="1.0"><Shape><Polygon POINTS="1029 1660 839 1660 838 1692 1027 1707"/></Shape></Glyph><Glyph ID="char_116" CONTENT="ש" GC="1.0"><Shape><Polygon POINTS="1027 1575 838 1589 839 1660 1029 1660"/></Shape></Glyph><Glyph ID="char_117" CONTENT="ב" GC="1.0"><Shape><Polygon POINTS="1022 1511 833 1525 838 1589 1027 1575"/></Shape></Glyph><Glyph ID="char_118" CONTENT="ו" GC="1.0"><Shape><Polygon POINTS="1018 1460 829 1474 833 1525 1022 1511"/></Shape></Glyph><Glyph ID="char_119" CONTENT=" " GC="1.0"><Shape><Polygon POINTS="1016 1417 826 1417 829 1474 1018 1460"/></Shape></Glyph><Glyph ID="char_120" CONTENT="א" GC="1.0"><Shape><Polygon POINTS="1016 1353 826 1353 826 1417 1016 1417"/></Shape></Glyph><Glyph ID="char_121" CONTENT="ל" GC="1.0"><Shape><Polygon POINTS="1015 1315 826 1315 826 1353 1016 1353"/></Shape></Glyph><Glyph ID="char_122" CONTENT=" " GC="1.0"><Shape><Polygon POINTS="1015 1254 826 1271 826 1315 1015 1315"/></Shape></Glyph><Glyph ID="char_123" CONTENT="ה" GC="1.0"><Shape><Polygon POINTS="1009 1190 820 1207 826 1271 1015 1254"/></Shape></Glyph><Glyph ID="char_124" CONTENT="י" GC="1.0"><Shape><Polygon POINTS="998 1119 812 1149 820 1207 1009 1190"/></Shape></Glyph><Glyph ID="char_125" CONTENT="ב" GC="1.0"><Shape><Polygon POINTS="993 1068 804 1077 812 1149 998 1119"/></Shape></Glyph><Glyph ID="char_126" CONTENT="ש" GC="1.0"><Shape><Polygon POINTS="988 984 803 983 804 1077 993 1068"/></Shape></Glyph><Glyph ID="char_127" CONTENT="ה" GC="1.0"><Shape><Polygon POINTS="983 895 809 894 803 983 988 984"/></Shape></Glyph><Glyph ID="char_128" CONTENT=" " GC="1.0"><Shape><Polygon POINTS="979 831 813 830 809 894 983 895"/></Shape></Glyph><Glyph ID="char_129" CONTENT="ב" GC="1.0"><Shape><Polygon POINTS="975 754 818 753 813 830 979 831"/></Shape></Glyph><Glyph ID="char_130" CONTENT="ע" GC="1.0"><Shape><Polygon POINTS="971 690 810 689 818 753 975 754"/></Shape></Glyph><Glyph ID="char_131" CONTENT="ת" GC="1.0"><Shape><Polygon POINTS="964 577 820 700 810 689 971 690"/></Shape></Glyph><Glyph ID="char_132" CONTENT=" " GC="1.0"><Shape><Polygon POINTS="922 528 778 652 820 700 964 577"/></Shape></Glyph><Glyph ID="char_133" CONTENT="ה" GC="1.0"><Shape><Polygon POINTS="881 480 736 603 778 652 922 528"/></Shape></Glyph><Glyph ID="char_134" CONTENT=" " GC="1.0"><Shape><Polygon POINTS="761 515 794 553"/></Shape></Glyph></String>
          </TextLine>

          
          
          <TextLine ID="eSc_line_1804260" BASELINE="684 643 819 842 678 964 700 1498" HPOS="621.0" VPOS="579.0" WIDTH="292.0" HEIGHT="922.0">
            <Shape><Polygon POINTS="778 579 913 778 752 1050 813 1493 624 1501 628 906 756 884 621 685"/></Shape>
	    <String CONTENT=" ביאוהו ל שיא " HPOS="621.0" VPOS="579.0" WIDTH="292.0" HEIGHT="922.0"><Glyph ID="char_135" CONTENT=" " GC="1.0"><Shape><Polygon POINTS="797 1379 625 1386 624 1462 808 1455"/></Shape></Glyph><Glyph ID="char_136" CONTENT="ב" GC="1.0"><Shape><Polygon POINTS="790 1328 625 1335 625 1386 797 1379"/></Shape></Glyph><Glyph ID="char_137" CONTENT="י" GC="1.0"><Shape><Polygon POINTS="783 1279 625 1285 625 1335 790 1328"/></Shape></Glyph><Glyph ID="char_138" CONTENT="א" GC="1.0"><Shape><Polygon POINTS="775 1215 626 1221 625 1285 783 1279"/></Shape></Glyph><Glyph ID="char_139" CONTENT="ו" GC="1.0"><Shape><Polygon POINTS="766 1152 626 1158 626 1221 775 1215"/></Shape></Glyph><Glyph ID="char_140" CONTENT="ה" GC="1.0"><Shape><Polygon POINTS="757 1090 627 1095 626 1158 766 1152"/></Shape></Glyph><Glyph ID="char_141" CONTENT="ו" GC="1.0"><Shape><Polygon POINTS="759 1038 627 1044 627 1095 757 1090"/></Shape></Glyph><Glyph ID="char_142" CONTENT=" " GC="1.0"><Shape><Polygon POINTS="789 987 627 994 627 1044 759 1038"/></Shape></Glyph><Glyph ID="char_143" CONTENT="ל" GC="1.0"><Shape><Polygon POINTS="799 971 727 889 627 994 789 987"/></Shape></Glyph><Glyph ID="char_144" CONTENT=" " GC="1.0"><Shape><Polygon POINTS="891 746 628 925 727 889 799 971"/></Shape></Glyph><Glyph ID="char_145" CONTENT="ש" GC="1.0"><Shape><Polygon POINTS="849 683 692 790 628 925 891 746"/></Shape></Glyph><Glyph ID="char_146" CONTENT="י" GC="1.0"><Shape><Polygon POINTS="834 661 677 768 692 790 849 683"/></Shape></Glyph><Glyph ID="char_147" CONTENT="א" GC="1.0"><Shape><Polygon POINTS="813 630 656 737 677 768 834 661"/></Shape></Glyph><Glyph ID="char_148" CONTENT=" " GC="1.0"><Shape><Polygon POINTS="785 589 628 695 656 737 813 630"/></Shape></Glyph></String>
          </TextLine>

          
        </TextBlock>
        

        
        <TextBlock ID="eSc_dummyblock_">
          
          
          <TextLine ID="eSc_line_f14ea948" BASELINE="793 563 805 626" HPOS="671" VPOS="563" WIDTH="181" HEIGHT="79">
            <Shape><Polygon POINTS="793 563 841 563 852 608 805 626 678 642 671 588"/></Shape>
	    <String CONTENT="" HPOS="671" VPOS="563" WIDTH="181" HEIGHT="79"/>
          </TextLine>

          
          
          <TextLine ID="eSc_line_0f97b2dd" BASELINE="710 717 786 771 809 773" HPOS="635" VPOS="692" WIDTH="192" HEIGHT="223">
            <Shape><Polygon POINTS="710 717 730 692 766 717 798 717 827 735 708 915 676 892 667 861 635 832"/></Shape>
	    <String CONTENT="" HPOS="635" VPOS="692" WIDTH="192" HEIGHT="223"/>
          </TextLine>

          
          
          <TextLine ID="eSc_line_5bee07df" BASELINE="712 915 773 911" HPOS="712" VPOS="906" WIDTH="61" HEIGHT="14">
            <Shape><Polygon POINTS="712 915 739 906 773 911 717 920"/></Shape>
	    <String CONTENT="" HPOS="712" VPOS="906" WIDTH="61" HEIGHT="14"/>
          </TextLine>

          
          
          <TextLine ID="eSc_line_0db27d94" BASELINE="2052 1355 2054 1605" HPOS="1993" VPOS="1355" WIDTH="153" HEIGHT="246">
            <Shape><Polygon POINTS="2052 1355 2090 1359 2092 1429 2144 1519 2137 1553 2146 1598 1993 1601 1993 1562 2011 1540 2011 1495 1995 1479 2002 1456 1993 1434 1993 1416 2006 1402 1995 1382 2006 1359"/></Shape>
	    <String CONTENT="" HPOS="1993" VPOS="1355" WIDTH="153" HEIGHT="246"/>
          </TextLine>

          
          
          <TextLine ID="eSc_line_71ef6b5e" BASELINE="692 969 683 1206 701 1477" HPOS="590" VPOS="969" WIDTH="160" HEIGHT="508">
            <Shape><Polygon POINTS="692 969 741 971 741 1012 712 1044 721 1109 714 1177 717 1222 741 1260 723 1283 748 1328 730 1389 750 1425 750 1470 701 1477 649 1472 647 1380 624 1348 624 1325 604 1287 611 1280 595 1253 617 1190 593 1154 599 1120 590 1064 631 976"/></Shape>
	    <String CONTENT="" HPOS="590" VPOS="969" WIDTH="160" HEIGHT="508"/>
          </TextLine>

          
          
          <TextLine ID="eSc_line_8a6125e5" BASELINE="1853 1332 1858 1688" HPOS="1736" VPOS="1332" WIDTH="266" HEIGHT="352">
            <Shape><Polygon POINTS="1853 1332 1993 1339 1988 1368 2000 1409 1986 1456 1997 1474 1977 1544 2002 1614 1977 1646 1979 1682 1831 1684 1831 1641 1815 1625 1808 1587 1831 1544 1736 1436 1736 1337"/></Shape>
	    <String CONTENT="" HPOS="1736" VPOS="1332" WIDTH="266" HEIGHT="352"/>
          </TextLine>

          
          
          <TextLine ID="eSc_line_4b4e9ed4" BASELINE="1679 1486 1709 1862" HPOS="1578" VPOS="1486" WIDTH="192" HEIGHT="376">
            <Shape><Polygon POINTS="1679 1486 1720 1486 1716 1499 1747 1526 1749 1549 1718 1603 1720 1634 1734 1652 1722 1664 1729 1731 1765 1765 1770 1817 1756 1831 1756 1851 1709 1862 1639 1862 1623 1781 1630 1765 1607 1731 1621 1704 1621 1666 1589 1623 1596 1612 1583 1573 1578 1499"/></Shape>
	    <String CONTENT="" HPOS="1578" VPOS="1486" WIDTH="192" HEIGHT="376"/>
          </TextLine>

          
          
          <TextLine ID="eSc_line_90e0c56c" BASELINE="1445 834 1479 1364 1488 1864" HPOS="1371" VPOS="834" WIDTH="232" HEIGHT="1030">
            <Shape><Polygon POINTS="1445 834 1501 838 1506 998 1517 1030 1510 1048 1522 1062 1510 1086 1513 1141 1576 1235 1585 1438 1569 1497 1537 1558 1533 1610 1549 1648 1544 1707 1601 1801 1603 1851 1488 1864 1443 1860 1411 1826 1407 1722 1436 1659 1443 1614 1429 1596 1447 1551 1438 1497 1413 1465 1429 1422 1409 1386 1431 1355 1413 1337 1431 1314 1425 1301 1440 1262 1436 1188 1422 1165 1434 1145 1431 1050 1411 1026 1409 996 1375 956 1371 843"/></Shape>
	    <String CONTENT="" HPOS="1371" VPOS="834" WIDTH="232" HEIGHT="1030"/>
          </TextLine>

          
          
          <TextLine ID="eSc_line_93234073" BASELINE="1219 516 1260 1014 1294 1177 1292 1431 1305 1785" HPOS="1165" VPOS="516" WIDTH="192" HEIGHT="1269">
            <Shape><Polygon POINTS="1219 516 1287 518 1303 545 1303 586 1269 708 1285 786 1278 854 1307 1032 1294 1084 1330 1138 1321 1165 1346 1217 1357 1380 1348 1411 1353 1488 1339 1535 1350 1576 1334 1639 1343 1668 1334 1700 1339 1774 1305 1785 1247 1783 1271 1725 1240 1693 1235 1619 1247 1605 1231 1549 1258 1497 1256 1465 1240 1449 1251 1400 1228 1355 1247 1325 1231 1305 1244 1292 1237 1197 1226 1186 1233 1170 1224 1156 1231 1080 1222 1064 1228 1057 1208 1028 1222 974 1213 944 1197 931 1208 917 1199 899 1215 881 1213 856 1183 823 1165 523"/></Shape>
	    <String CONTENT="" HPOS="1165" VPOS="516" WIDTH="192" HEIGHT="1269"/>
          </TextLine>

          
          
          <TextLine ID="eSc_line_bd448b83" BASELINE="1012 545 1057 836 1084 1104 1109 1876" HPOS="969" VPOS="545" WIDTH="187" HEIGHT="1331">
            <Shape><Polygon POINTS="1012 545 1075 545 1080 570 1104 590 1109 690 1098 735 1080 753 1082 800 1107 841 1104 877 1093 890 1102 899 1089 917 1091 958 1098 998 1122 1026 1107 1057 1120 1100 1107 1132 1134 1163 1116 1217 1127 1251 1120 1265 1138 1287 1132 1312 1145 1373 1125 1393 1120 1438 1129 1447 1118 1483 1122 1564 1141 1592 1134 1625 1150 1657 1138 1698 1145 1754 1136 1767 1156 1794 1145 1810 1154 1822 1138 1840 1138 1867 1109 1876 1077 1871 1077 1840 1055 1822 1071 1794 1050 1767 1050 1738 1028 1702 1026 1623 1064 1573 1057 1447 1044 1438 1035 1402 1048 1375 1048 1339 1032 1316 1037 1278 1003 1231 1001 1152 1026 1120 1014 1086 1026 1062 992 1019 998 967 987 908 1007 861 994 834 1021 789 1021 762 1005 746 1005 723 985 705 992 660 971 631 969 590 969 577 994 550"/></Shape>
	    <String CONTENT="" HPOS="969" VPOS="545" WIDTH="187" HEIGHT="1331"/>
          </TextLine>

          
          
          <TextLine ID="eSc_line_136a5494" BASELINE="872 681 872 967 904 1350 913 1765" HPOS="766" VPOS="681" WIDTH="210" HEIGHT="1084">
            <Shape><Polygon POINTS="872 681 935 681 940 816 899 877 899 904 911 1064 940 1091 911 1127 911 1168 924 1188 917 1213 935 1253 922 1276 929 1294 920 1316 947 1346 942 1359 953 1380 953 1429 933 1454 940 1465 931 1486 933 1526 942 1535 931 1576 947 1592 947 1650 935 1668 951 1682 944 1722 976 1752 913 1765 877 1761 773 1650 766 1427 854 1303 841 1276 836 1226 854 1165 823 1086 841 1035 793 971 832 883 832 868 809 847 820 820 811 805 834 771 832 721 816 685"/></Shape>
	    <String CONTENT="" HPOS="766" VPOS="681" WIDTH="210" HEIGHT="1084"/>
          </TextLine>

          
          
          <TextLine ID="eSc_line_e723acb4" BASELINE="2466 1761 2494 2189" HPOS="2397" VPOS="1758" WIDTH="356" HEIGHT="429">
            <Shape><Polygon POINTS="2466 1761 2557 1758 2563 1864 2746 2047 2753 2167 2439 2187 2448 2160 2437 2103 2444 2085 2435 2063 2410 2043 2406 1977 2426 1932 2430 1885 2410 1867 2410 1835 2401 1826 2417 1806 2397 1767"/></Shape>
	    <String CONTENT="" HPOS="2397" VPOS="1758" WIDTH="356" HEIGHT="429"/>
          </TextLine>

          
          
          <TextLine ID="eSc_line_6a656070" BASELINE="2239 1418 2288 1982 2297 2218" HPOS="2088" VPOS="1418" WIDTH="257" HEIGHT="803">
            <Shape><Polygon POINTS="2239 1418 2277 1418 2275 1436 2333 1495 2345 1612 2342 1639 2293 1707 2302 1749 2295 1770 2329 1810 2320 1824 2331 1903 2318 1919 2318 1948 2338 1968 2315 1997 2338 2043 2320 2115 2340 2162 2327 2187 2329 2209 2297 2218 2180 2221 2176 2167 2130 2097 2121 1968 2144 1882 2133 1828 2146 1790 2139 1725 2094 1648 2097 1567 2088 1544 2115 1481 2117 1434"/></Shape>
	    <String CONTENT="" HPOS="2088" VPOS="1418" WIDTH="257" HEIGHT="803"/>
          </TextLine>

          
        </TextBlock>
        
      </PrintSpace>
    </Page>
  </Layout>
</alto>