<?xml version='1.0' encoding='UTF-8'?>
<alto xmlns:xsi="http://www.w3.org/2001/XMLSchema-instance" xmlns="http://www.loc.gov/standards/alto/ns-v4#" xsi:schemaLocation="http://www.loc.gov/standards/alto/ns-v4# http://www.loc.gov/standards/alto/v4/alto-4-2.xsd">
  <Description>
    <MeasurementUnit>pixel</MeasurementUnit>
    <sourceImageInformation>
      <fileName>P304-Fg008-R-C01-R01-D29082013-T122014-LR924_012.jpg</fileName>
      
    </sourceImageInformation>
  </Description>
  
  <Tags>
    <OtherTag ID="BT1443" LABEL="Parchment_or_papyrus" DESCRIPTION="block type Parchment_or_papyrus"/><OtherTag ID="BT2" LABEL="Main" DESCRIPTION="block type Main"/>
    
  </Tags>
  
  <Layout>
    <Page WIDTH="3608" HEIGHT="2706" PHYSICAL_IMG_NR="342" ID="eSc_dummypage_">
      <PrintSpace HPOS="0" VPOS="0" WIDTH="3608" HEIGHT="2706">
        
        <TextBlock HPOS="560.0" VPOS="1090.0" WIDTH="2386.0" HEIGHT="623.0" ID="eSc_textblock_919009d0" TAGREFS="BT2">
          <Shape><Polygon POINTS="560 1090 560 1713 2946 1713 2946 1090"/></Shape>
          
          
          <TextLine ID="eSc_line_1788003" BASELINE="796 1228 829 1240 933 1235 1443 1269 1492 1285 2521 1343 2683 1350 2796 1341" HPOS="774.0" VPOS="1140.0" WIDTH="2026.0" HEIGHT="271.0">
            <Shape><Polygon POINTS="827 1140 860 1152 928 1142 1449 1176 1520 1196 2526 1250 2687 1257 2788 1248 2800 1402 2680 1411 2517 1404 1472 1343 1438 1330 935 1296 807 1298 774 1286"/></Shape>
	    <String CONTENT=" ם לויים כל ל חלק ונחל יים עו " HPOS="774.0" VPOS="1140.0" WIDTH="2026.0" HEIGHT="271.0"><Glyph ID="char_0" CONTENT=" " GC="1.0"><Shape><Polygon POINTS="2715 1255 2727 1407 2779 1404 2766 1250"/></Shape></Glyph><Glyph ID="char_1" CONTENT="ם" GC="1.0"><Shape><Polygon POINTS="2685 1257 2678 1411 2727 1407 2715 1255"/></Shape></Glyph><Glyph ID="char_2" CONTENT=" " GC="1.0"><Shape><Polygon POINTS="2664 1256 2657 1410 2678 1411 2685 1257"/></Shape></Glyph><Glyph ID="char_3" CONTENT="ל" GC="1.0"><Shape><Polygon POINTS="2633 1255 2626 1409 2657 1410 2664 1256"/></Shape></Glyph><Glyph ID="char_4" CONTENT="ו" GC="1.0"><Shape><Polygon POINTS="2591 1253 2584 1407 2626 1409 2633 1255"/></Shape></Glyph><Glyph ID="char_5" CONTENT="י" GC="1.0"><Shape><Polygon POINTS="2560 1251 2553 1406 2584 1407 2591 1253"/></Shape></Glyph><Glyph ID="char_6" CONTENT="י" GC="1.0"><Shape><Polygon POINTS="2519 1250 2511 1404 2553 1406 2560 1251"/></Shape></Glyph><Glyph ID="char_7" CONTENT="ם" GC="1.0"><Shape><Polygon POINTS="2477 1247 2469 1401 2511 1404 2519 1250"/></Shape></Glyph><Glyph ID="char_8" CONTENT=" " GC="1.0"><Shape><Polygon POINTS="2437 1245 2428 1399 2469 1401 2477 1247"/></Shape></Glyph><Glyph ID="char_9" CONTENT="כ" GC="1.0"><Shape><Polygon POINTS="2395 1243 2386 1396 2428 1399 2437 1245"/></Shape></Glyph><Glyph ID="char_10" CONTENT="ל" GC="1.0"><Shape><Polygon POINTS="2364 1241 2355 1395 2386 1396 2395 1243"/></Shape></Glyph><Glyph ID="char_11" CONTENT=" " GC="1.0"><Shape><Polygon POINTS="2239 1235 2230 1387 2355 1395 2364 1241"/></Shape></Glyph><Glyph ID="char_12" CONTENT="ל" GC="1.0"><Shape><Polygon POINTS="2073 1226 2064 1378 2230 1387 2239 1235"/></Shape></Glyph><Glyph ID="char_13" CONTENT=" " GC="1.0"><Shape><Polygon POINTS="2000 1222 1992 1373 2064 1378 2073 1226"/></Shape></Glyph><Glyph ID="char_14" CONTENT="ח" GC="1.0"><Shape><Polygon POINTS="1885 1216 1877 1367 1992 1373 2000 1222"/></Shape></Glyph><Glyph ID="char_15" CONTENT="ל" GC="1.0"><Shape><Polygon POINTS="1792 1211 1784 1361 1877 1367 1885 1216"/></Shape></Glyph><Glyph ID="char_16" CONTENT="ק" GC="1.0"><Shape><Polygon POINTS="1751 1208 1742 1359 1784 1361 1792 1211"/></Shape></Glyph><Glyph ID="char_17" CONTENT=" " GC="1.0"><Shape><Polygon POINTS="1720 1207 1711 1357 1742 1359 1751 1208"/></Shape></Glyph><Glyph ID="char_18" CONTENT="ו" GC="1.0"><Shape><Polygon POINTS="1678 1204 1669 1355 1711 1357 1720 1207"/></Shape></Glyph><Glyph ID="char_19" CONTENT="נ" GC="1.0"><Shape><Polygon POINTS="1647 1203 1638 1353 1669 1355 1678 1204"/></Shape></Glyph><Glyph ID="char_20" CONTENT="ח" GC="1.0"><Shape><Polygon POINTS="1595 1200 1586 1350 1638 1353 1647 1203"/></Shape></Glyph><Glyph ID="char_21" CONTENT="ל" GC="1.0"><Shape><Polygon POINTS="1401 1173 1390 1327 1586 1350 1595 1200"/></Shape></Glyph><Glyph ID="char_22" CONTENT=" " GC="1.0"><Shape><Polygon POINTS="1162 1157 1152 1311 1390 1327 1401 1173"/></Shape></Glyph><Glyph ID="char_23" CONTENT="י" GC="1.0"><Shape><Polygon POINTS="1100 1153 1090 1306 1152 1311 1162 1157"/></Shape></Glyph><Glyph ID="char_24" CONTENT="י" GC="1.0"><Shape><Polygon POINTS="1069 1151 1059 1304 1090 1306 1100 1153"/></Shape></Glyph><Glyph ID="char_25" CONTENT="ם" GC="1.0"><Shape><Polygon POINTS="1027 1148 1017 1302 1059 1304 1069 1151"/></Shape></Glyph><Glyph ID="char_26" CONTENT=" " GC="1.0"><Shape><Polygon POINTS="986 1146 975 1299 1017 1302 1027 1148"/></Shape></Glyph><Glyph ID="char_27" CONTENT="ע" GC="1.0"><Shape><Polygon POINTS="923 1143 930 1296 975 1299 986 1146"/></Shape></Glyph><Glyph ID="char_28" CONTENT="ו" GC="1.0"><Shape><Polygon POINTS="850 1148 857 1297 930 1296 923 1143"/></Shape></Glyph><Glyph ID="char_29" CONTENT=" " GC="1.0"><Shape><Polygon POINTS="795 1227 854 1238"/></Shape></Glyph></String>
          </TextLine>

          
          
          <TextLine ID="eSc_line_1788002" BASELINE="1632 1438 1720 1454 2602 1480 2643 1471" HPOS="1620.0" VPOS="1346.0" WIDTH="1036.0" HEIGHT="195.0">
            <Shape><Polygon POINTS="1648 1346 1736 1362 2604 1387 2623 1380 2656 1531 2600 1541 1708 1514 1620 1498"/></Shape>
	    <String CONTENT=" ל ד " HPOS="1620.0" VPOS="1346.0" WIDTH="1036.0" HEIGHT="195.0"><Glyph ID="char_30" CONTENT=" " GC="1.0"><Shape><Polygon POINTS="2408 1381 2403 1535 2569 1540 2574 1386"/></Shape></Glyph><Glyph ID="char_31" CONTENT="ל" GC="1.0"><Shape><Polygon POINTS="2170 1374 2165 1528 2403 1535 2408 1381"/></Shape></Glyph><Glyph ID="char_32" CONTENT=" " GC="1.0"><Shape><Polygon POINTS="1953 1368 1949 1521 2165 1528 2170 1374"/></Shape></Glyph><Glyph ID="char_33" CONTENT="ד" GC="1.0"><Shape><Polygon POINTS="1870 1366 1866 1519 1949 1521 1953 1368"/></Shape></Glyph><Glyph ID="char_34" CONTENT=" " GC="1.0"><Shape><Polygon POINTS="1725 1360 1721 1514 1866 1519 1870 1366"/></Shape></Glyph></String>
          </TextLine>

          
        </TextBlock>
        

        
      </PrintSpace>
    </Page>
  </Layout>
</alto>