<?xml version='1.0' encoding='UTF-8'?>
<alto xmlns:xsi="http://www.w3.org/2001/XMLSchema-instance" xmlns="http://www.loc.gov/standards/alto/ns-v4#" xsi:schemaLocation="http://www.loc.gov/standards/alto/ns-v4# http://www.loc.gov/standards/alto/v4/alto-4-2.xsd">
  <Description>
    <MeasurementUnit>pixel</MeasurementUnit>
    <sourceImageInformation>
      <fileName>P308-Fg011-R-C01-R01-D16072012-T151122-LR924_012_F.jpg</fileName>
      
    </sourceImageInformation>
  </Description>
  
  <Tags>
    <OtherTag ID="BT1443" LABEL="Parchment_or_papyrus" DESCRIPTION="block type Parchment_or_papyrus"/><OtherTag ID="BT2" LABEL="Main" DESCRIPTION="block type Main"/>
    
  </Tags>
  
  <Layout>
    <Page WIDTH="3608" HEIGHT="2706" PHYSICAL_IMG_NR="418" ID="eSc_dummypage_">
      <PrintSpace HPOS="0" VPOS="0" WIDTH="3608" HEIGHT="2706">
        
        <TextBlock HPOS="221.0" VPOS="601.0" WIDTH="2703.0" HEIGHT="1585.0" ID="eSc_textblock_d979b21e" TAGREFS="BT2">
          <Shape><Polygon POINTS="2924 601 2924 2186 221 2186 221 601"/></Shape>
          
          
          <TextLine ID="eSc_line_1793155" BASELINE="878 674 1223 710 2602 737 2825 744" HPOS="869.0" VPOS="554.0" WIDTH="1959.0" HEIGHT="269.0">
            <Shape><Polygon POINTS="890 554 1235 590 2604 617 2828 624 2822 823 2600 816 1214 789 869 753"/></Shape>
	    <String CONTENT="ה " HPOS="869.0" VPOS="554.0" WIDTH="1959.0" HEIGHT="269.0"><Glyph ID="char_0" CONTENT="ה" GC="1.0"><Shape><Polygon POINTS="1932 604 1928 803 2794 822 2800 623"/></Shape></Glyph><Glyph ID="char_1" CONTENT=" " GC="1.0"><Shape><Polygon POINTS="982 564 961 763 1928 803 1932 604"/></Shape></Glyph></String>
          </TextLine>

          
          
          <TextLine ID="eSc_line_1788038" BASELINE="687 872 978 868 2651 931 2825 938" HPOS="685.0" VPOS="748.0" WIDTH="2144.0" HEIGHT="269.0">
            <Shape><Polygon POINTS="685 752 976 748 2655 811 2829 818 2821 1017 2647 1010 979 947 688 951"/></Shape>
	    <String CONTENT="ב ם השבת אל צואי " HPOS="685.0" VPOS="748.0" WIDTH="2144.0" HEIGHT="269.0"><Glyph ID="char_2" CONTENT="ב" GC="1.0"><Shape><Polygon POINTS="2709 813 2701 1012 2793 1016 2801 817"/></Shape></Glyph><Glyph ID="char_3" CONTENT=" " GC="1.0"><Shape><Polygon POINTS="2627 810 2620 1009 2701 1012 2709 813"/></Shape></Glyph><Glyph ID="char_4" CONTENT="ם" GC="1.0"><Shape><Polygon POINTS="2574 808 2567 1007 2620 1009 2627 810"/></Shape></Glyph><Glyph ID="char_5" CONTENT=" " GC="1.0"><Shape><Polygon POINTS="2507 805 2500 1004 2567 1007 2574 808"/></Shape></Glyph><Glyph ID="char_6" CONTENT="ה" GC="1.0"><Shape><Polygon POINTS="2414 802 2407 1001 2500 1004 2507 805"/></Shape></Glyph><Glyph ID="char_7" CONTENT="ש" GC="1.0"><Shape><Polygon POINTS="2308 798 2300 997 2407 1001 2414 802"/></Shape></Glyph><Glyph ID="char_8" CONTENT="ב" GC="1.0"><Shape><Polygon POINTS="2227 795 2219 994 2300 997 2308 798"/></Shape></Glyph><Glyph ID="char_9" CONTENT="ת" GC="1.0"><Shape><Polygon POINTS="2134 791 2126 990 2219 994 2227 795"/></Shape></Glyph><Glyph ID="char_10" CONTENT=" " GC="1.0"><Shape><Polygon POINTS="2067 789 2059 988 2126 990 2134 791"/></Shape></Glyph><Glyph ID="char_11" CONTENT="א" GC="1.0"><Shape><Polygon POINTS="2013 787 2005 986 2059 988 2067 789"/></Shape></Glyph><Glyph ID="char_12" CONTENT="ל" GC="1.0"><Shape><Polygon POINTS="1519 768 1512 967 2005 986 2013 787"/></Shape></Glyph><Glyph ID="char_13" CONTENT=" " GC="1.0"><Shape><Polygon POINTS="1011 749 1004 948 1512 967 1519 768"/></Shape></Glyph><Glyph ID="char_14" CONTENT="צ" GC="1.0"><Shape><Polygon POINTS="951 748 954 947 1004 948 1011 749"/></Shape></Glyph><Glyph ID="char_15" CONTENT="ו" GC="1.0"><Shape><Polygon POINTS="911 749 914 948 954 947 951 748"/></Shape></Glyph><Glyph ID="char_16" CONTENT="א" GC="1.0"><Shape><Polygon POINTS="858 750 861 949 914 948 911 749"/></Shape></Glyph><Glyph ID="char_17" CONTENT="י" GC="1.0"><Shape><Polygon POINTS="804 750 807 949 861 949 858 750"/></Shape></Glyph><Glyph ID="char_18" CONTENT=" " GC="1.0"><Shape><Polygon POINTS="711 752 714 951 807 949 804 750"/></Shape></Glyph></String>
          </TextLine>

          
          
          <TextLine ID="eSc_line_1788048" BASELINE="615 1035 856 1053 974 1066 1165 1068 1233 1073 1483 1098 1603 1107 1939 1109 2255 1107 2606 1127 2791 1141" HPOS="609.0" VPOS="915.0" WIDTH="2191.0" HEIGHT="305.0">
            <Shape><Polygon POINTS="623 915 864 933 987 946 1166 948 1241 953 1494 978 1611 987 1939 989 2254 987 2612 1007 2800 1021 2784 1220 2601 1206 2255 1186 1938 1188 1597 1186 1475 1177 1227 1152 1164 1147 965 1145 850 1132 609 1114"/></Shape>
	    <String CONTENT="אל איש בבגדים א הם עפר או " HPOS="609.0" VPOS="915.0" WIDTH="2191.0" HEIGHT="305.0"><Glyph ID="char_19" CONTENT="א" GC="1.0"><Shape><Polygon POINTS="2719 1015 2704 1214 2757 1218 2772 1019"/></Shape></Glyph><Glyph ID="char_20" CONTENT="ל" GC="1.0"><Shape><Polygon POINTS="2476 999 2465 1198 2704 1214 2719 1015"/></Shape></Glyph><Glyph ID="char_21" CONTENT=" " GC="1.0"><Shape><Polygon POINTS="2228 987 2229 1186 2465 1198 2476 999"/></Shape></Glyph><Glyph ID="char_22" CONTENT="א" GC="1.0"><Shape><Polygon POINTS="2188 987 2189 1186 2229 1186 2228 987"/></Shape></Glyph><Glyph ID="char_23" CONTENT="י" GC="1.0"><Shape><Polygon POINTS="2135 988 2136 1187 2189 1186 2188 987"/></Shape></Glyph><Glyph ID="char_24" CONTENT="ש" GC="1.0"><Shape><Polygon POINTS="2068 988 2069 1187 2136 1187 2135 988"/></Shape></Glyph><Glyph ID="char_25" CONTENT=" " GC="1.0"><Shape><Polygon POINTS="2001 989 2002 1188 2069 1187 2068 988"/></Shape></Glyph><Glyph ID="char_26" CONTENT="ב" GC="1.0"><Shape><Polygon POINTS="1961 989 1962 1188 2002 1188 2001 989"/></Shape></Glyph><Glyph ID="char_27" CONTENT="ב" GC="1.0"><Shape><Polygon POINTS="1908 989 1907 1188 1962 1188 1961 989"/></Shape></Glyph><Glyph ID="char_28" CONTENT="ג" GC="1.0"><Shape><Polygon POINTS="1841 988 1840 1187 1907 1188 1908 989"/></Shape></Glyph><Glyph ID="char_29" CONTENT="ד" GC="1.0"><Shape><Polygon POINTS="1775 988 1774 1187 1840 1187 1841 988"/></Shape></Glyph><Glyph ID="char_30" CONTENT="י" GC="1.0"><Shape><Polygon POINTS="1721 988 1720 1187 1774 1187 1775 988"/></Shape></Glyph><Glyph ID="char_31" CONTENT="ם" GC="1.0"><Shape><Polygon POINTS="1654 987 1653 1186 1720 1187 1721 988"/></Shape></Glyph><Glyph ID="char_32" CONTENT=" " GC="1.0"><Shape><Polygon POINTS="1596 986 1581 1185 1653 1186 1654 987"/></Shape></Glyph><Glyph ID="char_33" CONTENT="א" GC="1.0"><Shape><Polygon POINTS="1412 970 1393 1169 1581 1185 1596 986"/></Shape></Glyph><Glyph ID="char_34" CONTENT=" " GC="1.0"><Shape><Polygon POINTS="1162 948 1160 1147 1393 1169 1412 970"/></Shape></Glyph><Glyph ID="char_35" CONTENT="ה" GC="1.0"><Shape><Polygon POINTS="1042 947 1040 1146 1160 1147 1162 948"/></Shape></Glyph><Glyph ID="char_36" CONTENT="ם" GC="1.0"><Shape><Polygon POINTS="989 946 987 1145 1040 1146 1042 947"/></Shape></Glyph><Glyph ID="char_37" CONTENT=" " GC="1.0"><Shape><Polygon POINTS="947 942 925 1140 987 1145 989 946"/></Shape></Glyph><Glyph ID="char_38" CONTENT="ע" GC="1.0"><Shape><Polygon POINTS="894 936 872 1135 925 1140 947 942"/></Shape></Glyph><Glyph ID="char_39" CONTENT="פ" GC="1.0"><Shape><Polygon POINTS="837 931 821 1130 872 1135 894 936"/></Shape></Glyph><Glyph ID="char_40" CONTENT="ר" GC="1.0"><Shape><Polygon POINTS="784 927 768 1126 821 1130 837 931"/></Shape></Glyph><Glyph ID="char_41" CONTENT=" " GC="1.0"><Shape><Polygon POINTS="743 924 727 1123 768 1126 784 927"/></Shape></Glyph><Glyph ID="char_42" CONTENT="א" GC="1.0"><Shape><Polygon POINTS="677 919 662 1118 727 1123 743 924"/></Shape></Glyph><Glyph ID="char_43" CONTENT="ו" GC="1.0"><Shape><Polygon POINTS="636 916 621 1115 662 1118 677 919"/></Shape></Glyph><Glyph ID="char_44" CONTENT=" " GC="1.0"><Shape><Polygon POINTS="614 1034 626 1035"/></Shape></Glyph></String>
          </TextLine>

          
          
          <TextLine ID="eSc_line_1788047" BASELINE="313 1231 401 1240 678 1247 1084 1265 1675 1292 1907 1303 2088 1303 2609 1337 2744 1339 2821 1332" HPOS="304.0" VPOS="1111.0" WIDTH="2524.0" HEIGHT="307.0">
            <Shape><Polygon POINTS="325 1111 413 1120 681 1127 1089 1145 1680 1172 1912 1183 2088 1183 2616 1217 2745 1219 2810 1212 2828 1411 2742 1418 2603 1416 2088 1383 1903 1382 1671 1371 1080 1344 675 1326 392 1319 304 1310"/></Shape>
	    <String CONTENT="ביום השבת אל ש מאהלו כלי ומאכ " HPOS="304.0" VPOS="1111.0" WIDTH="2524.0" HEIGHT="307.0"><Glyph ID="char_45" CONTENT="ב" GC="1.0"><Shape><Polygon POINTS="2716 1219 2713 1418 2788 1414 2770 1216"/></Shape></Glyph><Glyph ID="char_46" CONTENT="י" GC="1.0"><Shape><Polygon POINTS="2676 1218 2673 1417 2713 1418 2716 1219"/></Shape></Glyph><Glyph ID="char_47" CONTENT="ו" GC="1.0"><Shape><Polygon POINTS="2649 1218 2646 1417 2673 1417 2676 1218"/></Shape></Glyph><Glyph ID="char_48" CONTENT="ם" GC="1.0"><Shape><Polygon POINTS="2468 1207 2455 1407 2646 1417 2649 1218"/></Shape></Glyph><Glyph ID="char_49" CONTENT=" " GC="1.0"><Shape><Polygon POINTS="2269 1195 2256 1394 2455 1407 2468 1207"/></Shape></Glyph><Glyph ID="char_50" CONTENT="ה" GC="1.0"><Shape><Polygon POINTS="2202 1190 2189 1389 2256 1394 2269 1195"/></Shape></Glyph><Glyph ID="char_51" CONTENT="ש" GC="1.0"><Shape><Polygon POINTS="2122 1185 2109 1384 2189 1389 2202 1190"/></Shape></Glyph><Glyph ID="char_52" CONTENT="ב" GC="1.0"><Shape><Polygon POINTS="2034 1183 2034 1383 2109 1384 2122 1185"/></Shape></Glyph><Glyph ID="char_53" CONTENT="ת" GC="1.0"><Shape><Polygon POINTS="1866 1181 1856 1380 2034 1383 2034 1183"/></Shape></Glyph><Glyph ID="char_54" CONTENT=" " GC="1.0"><Shape><Polygon POINTS="1706 1173 1697 1372 1856 1380 1866 1181"/></Shape></Glyph><Glyph ID="char_55" CONTENT="א" GC="1.0"><Shape><Polygon POINTS="1639 1170 1630 1369 1697 1372 1706 1173"/></Shape></Glyph><Glyph ID="char_56" CONTENT="ל" GC="1.0"><Shape><Polygon POINTS="1465 1162 1456 1361 1630 1369 1639 1170"/></Shape></Glyph><Glyph ID="char_57" CONTENT=" " GC="1.0"><Shape><Polygon POINTS="1225 1151 1216 1350 1456 1361 1465 1162"/></Shape></Glyph><Glyph ID="char_58" CONTENT="ש" GC="1.0"><Shape><Polygon POINTS="1091 1145 1082 1344 1216 1350 1225 1151"/></Shape></Glyph><Glyph ID="char_59" CONTENT=" " GC="1.0"><Shape><Polygon POINTS="1024 1142 1016 1341 1082 1344 1091 1145"/></Shape></Glyph><Glyph ID="char_60" CONTENT="מ" GC="1.0"><Shape><Polygon POINTS="971 1140 963 1339 1016 1341 1024 1142"/></Shape></Glyph><Glyph ID="char_61" CONTENT="א" GC="1.0"><Shape><Polygon POINTS="904 1137 896 1336 963 1339 971 1140"/></Shape></Glyph><Glyph ID="char_62" CONTENT="ה" GC="1.0"><Shape><Polygon POINTS="838 1134 829 1333 896 1336 904 1137"/></Shape></Glyph><Glyph ID="char_63" CONTENT="ל" GC="1.0"><Shape><Polygon POINTS="798 1132 789 1331 829 1333 838 1134"/></Shape></Glyph><Glyph ID="char_64" CONTENT="ו" GC="1.0"><Shape><Polygon POINTS="771 1131 762 1330 789 1331 798 1132"/></Shape></Glyph><Glyph ID="char_65" CONTENT=" " GC="1.0"><Shape><Polygon POINTS="731 1129 722 1328 762 1330 771 1131"/></Shape></Glyph><Glyph ID="char_66" CONTENT="כ" GC="1.0"><Shape><Polygon POINTS="675 1127 670 1326 722 1328 731 1129"/></Shape></Glyph><Glyph ID="char_67" CONTENT="ל" GC="1.0"><Shape><Polygon POINTS="621 1125 616 1325 670 1326 675 1127"/></Shape></Glyph><Glyph ID="char_68" CONTENT="י" GC="1.0"><Shape><Polygon POINTS="581 1124 576 1324 616 1325 621 1125"/></Shape></Glyph><Glyph ID="char_69" CONTENT=" " GC="1.0"><Shape><Polygon POINTS="541 1123 536 1323 576 1324 581 1124"/></Shape></Glyph><Glyph ID="char_70" CONTENT="ו" GC="1.0"><Shape><Polygon POINTS="501 1122 496 1322 536 1323 541 1123"/></Shape></Glyph><Glyph ID="char_71" CONTENT="מ" GC="1.0"><Shape><Polygon POINTS="448 1121 443 1320 496 1322 501 1122"/></Shape></Glyph><Glyph ID="char_72" CONTENT="א" GC="1.0"><Shape><Polygon POINTS="392 1118 370 1317 443 1320 448 1121"/></Shape></Glyph><Glyph ID="char_73" CONTENT="כ" GC="1.0"><Shape><Polygon POINTS="352 1114 330 1313 370 1317 392 1118"/></Shape></Glyph><Glyph ID="char_74" CONTENT=" " GC="1.0"><Shape><Polygon POINTS="312 1230 338 1233"/></Shape></Glyph></String>
          </TextLine>

          
          
          <TextLine ID="eSc_line_1788051" BASELINE="349 1440 498 1438 971 1458 1251 1463 1411 1470 1673 1468 1846 1474 2029 1472 2306 1488 2372 1470 2678 1528 2798 1524" HPOS="347.0" VPOS="1318.0" WIDTH="2453.0" HEIGHT="288.0">
            <Shape><Polygon POINTS="347 1320 496 1318 976 1338 1253 1343 1416 1350 1672 1348 1850 1354 2027 1352 2312 1368 2340 1354 2700 1410 2794 1404 2800 1603 2663 1606 2393 1547 2301 1567 2029 1551 1843 1553 1673 1547 1407 1549 1249 1542 967 1537 499 1517 350 1519"/></Shape>
	    <String CONTENT="ביום השבת אל יעל איש בהמה אשר תפול" HPOS="347.0" VPOS="1318.0" WIDTH="2453.0" HEIGHT="288.0"><Glyph ID="char_75" CONTENT="ב" GC="1.0"><Shape><Polygon POINTS="2699 1410 2706 1605 2772 1604 2766 1406"/></Shape></Glyph><Glyph ID="char_76" CONTENT="י" GC="1.0"><Shape><Polygon POINTS="2685 1408 2648 1603 2706 1605 2699 1410"/></Shape></Glyph><Glyph ID="char_77" CONTENT="ו" GC="1.0"><Shape><Polygon POINTS="2633 1400 2597 1592 2648 1603 2685 1408"/></Shape></Glyph><Glyph ID="char_78" CONTENT="ם" GC="1.0"><Shape><Polygon POINTS="2581 1391 2545 1580 2597 1592 2633 1400"/></Shape></Glyph><Glyph ID="char_79" CONTENT=" " GC="1.0"><Shape><Polygon POINTS="2291 1367 2279 1566 2545 1580 2581 1391"/></Shape></Glyph><Glyph ID="char_80" CONTENT="ה" GC="1.0"><Shape><Polygon POINTS="2002 1352 2004 1551 2279 1566 2291 1367"/></Shape></Glyph><Glyph ID="char_81" CONTENT="ש" GC="1.0"><Shape><Polygon POINTS="1936 1353 1938 1552 2004 1551 2002 1352"/></Shape></Glyph><Glyph ID="char_82" CONTENT="ב" GC="1.0"><Shape><Polygon POINTS="1847 1354 1841 1553 1938 1552 1936 1353"/></Shape></Glyph><Glyph ID="char_83" CONTENT="ת" GC="1.0"><Shape><Polygon POINTS="1740 1350 1734 1549 1841 1553 1847 1354"/></Shape></Glyph><Glyph ID="char_84" CONTENT=" " GC="1.0"><Shape><Polygon POINTS="1642 1348 1644 1547 1734 1549 1740 1350"/></Shape></Glyph><Glyph ID="char_85" CONTENT="א" GC="1.0"><Shape><Polygon POINTS="1575 1349 1577 1548 1644 1547 1642 1348"/></Shape></Glyph><Glyph ID="char_86" CONTENT="ל" GC="1.0"><Shape><Polygon POINTS="1535 1349 1537 1548 1577 1548 1575 1349"/></Shape></Glyph><Glyph ID="char_87" CONTENT=" " GC="1.0"><Shape><Polygon POINTS="1508 1349 1510 1548 1537 1548 1535 1349"/></Shape></Glyph><Glyph ID="char_88" CONTENT="י" GC="1.0"><Shape><Polygon POINTS="1468 1350 1470 1549 1510 1548 1508 1349"/></Shape></Glyph><Glyph ID="char_89" CONTENT="ע" GC="1.0"><Shape><Polygon POINTS="1415 1350 1417 1549 1470 1549 1468 1350"/></Shape></Glyph><Glyph ID="char_90" CONTENT="ל" GC="1.0"><Shape><Polygon POINTS="1368 1348 1359 1547 1417 1549 1415 1350"/></Shape></Glyph><Glyph ID="char_91" CONTENT=" " GC="1.0"><Shape><Polygon POINTS="1328 1346 1319 1545 1359 1547 1368 1348"/></Shape></Glyph><Glyph ID="char_92" CONTENT="א" GC="1.0"><Shape><Polygon POINTS="1261 1343 1252 1542 1319 1545 1328 1346"/></Shape></Glyph><Glyph ID="char_93" CONTENT="י" GC="1.0"><Shape><Polygon POINTS="1205 1342 1201 1541 1252 1542 1261 1343"/></Shape></Glyph><Glyph ID="char_94" CONTENT="ש" GC="1.0"><Shape><Polygon POINTS="1138 1341 1134 1540 1201 1541 1205 1342"/></Shape></Glyph><Glyph ID="char_95" CONTENT=" " GC="1.0"><Shape><Polygon POINTS="1085 1340 1081 1539 1134 1540 1138 1341"/></Shape></Glyph><Glyph ID="char_96" CONTENT="ב" GC="1.0"><Shape><Polygon POINTS="1031 1339 1027 1538 1081 1539 1085 1340"/></Shape></Glyph><Glyph ID="char_97" CONTENT="ה" GC="1.0"><Shape><Polygon POINTS="968 1338 959 1537 1027 1538 1031 1339"/></Shape></Glyph><Glyph ID="char_98" CONTENT="מ" GC="1.0"><Shape><Polygon POINTS="901 1335 892 1534 959 1537 968 1338"/></Shape></Glyph><Glyph ID="char_99" CONTENT="ה" GC="1.0"><Shape><Polygon POINTS="847 1333 838 1532 892 1534 901 1335"/></Shape></Glyph><Glyph ID="char_100" CONTENT=" " GC="1.0"><Shape><Polygon POINTS="807 1331 798 1530 838 1532 847 1333"/></Shape></Glyph><Glyph ID="char_101" CONTENT="א" GC="1.0"><Shape><Polygon POINTS="754 1329 745 1528 798 1530 807 1331"/></Shape></Glyph><Glyph ID="char_102" CONTENT="ש" GC="1.0"><Shape><Polygon POINTS="674 1325 665 1524 745 1528 754 1329"/></Shape></Glyph><Glyph ID="char_103" CONTENT="ר" GC="1.0"><Shape><Polygon POINTS="607 1323 599 1521 665 1524 674 1325"/></Shape></Glyph><Glyph ID="char_104" CONTENT=" " GC="1.0"><Shape><Polygon POINTS="553 1320 545 1519 599 1521 607 1323"/></Shape></Glyph><Glyph ID="char_105" CONTENT="ת" GC="1.0"><Shape><Polygon POINTS="493 1318 496 1517 545 1519 553 1320"/></Shape></Glyph><Glyph ID="char_106" CONTENT="פ" GC="1.0"><Shape><Polygon POINTS="440 1319 443 1518 496 1517 493 1318"/></Shape></Glyph><Glyph ID="char_107" CONTENT="ו" GC="1.0"><Shape><Polygon POINTS="399 1319 402 1518 443 1518 440 1319"/></Shape></Glyph><Glyph ID="char_108" CONTENT="ל" GC="1.0"><Shape><Polygon POINTS="348 1440 400 1439"/></Shape></Glyph></String>
          </TextLine>

          
          
          <TextLine ID="eSc_line_1788052" BASELINE="236 1661 516 1661 996 1677 1276 1682 1411 1688 1686 1688 1869 1693 2126 1707 2401 1711 2570 1718 2775 1718" HPOS="236.0" VPOS="1541.0" WIDTH="2539.0" HEIGHT="257.0">
            <Shape><Polygon POINTS="236 1541 516 1541 999 1557 1278 1562 1416 1568 1686 1568 1872 1573 2132 1587 2402 1591 2574 1598 2775 1598 2775 1798 2566 1797 2399 1790 2121 1786 1866 1772 1686 1768 1407 1767 1274 1761 993 1756 516 1741 236 1741"/></Shape>
	    <String CONTENT=" המים ביום השבת ואם נפש אדם היא אשר תפול אל המים" HPOS="236.0" VPOS="1541.0" WIDTH="2539.0" HEIGHT="257.0"><Glyph ID="char_109" CONTENT=" " GC="1.0"><Shape><Polygon POINTS="2641 1598 2641 1797 2736 1798 2736 1598"/></Shape></Glyph><Glyph ID="char_110" CONTENT="ה" GC="1.0"><Shape><Polygon POINTS="2566 1598 2558 1797 2641 1797 2641 1598"/></Shape></Glyph><Glyph ID="char_111" CONTENT="מ" GC="1.0"><Shape><Polygon POINTS="2512 1595 2504 1794 2558 1797 2566 1598"/></Shape></Glyph><Glyph ID="char_112" CONTENT="י" GC="1.0"><Shape><Polygon POINTS="2472 1594 2464 1793 2504 1794 2512 1595"/></Shape></Glyph><Glyph ID="char_113" CONTENT="ם" GC="1.0"><Shape><Polygon POINTS="2418 1592 2410 1790 2464 1793 2472 1594"/></Shape></Glyph><Glyph ID="char_114" CONTENT=" " GC="1.0"><Shape><Polygon POINTS="2375 1591 2372 1790 2410 1790 2418 1592"/></Shape></Glyph><Glyph ID="char_115" CONTENT="ב" GC="1.0"><Shape><Polygon POINTS="2321 1590 2318 1789 2372 1790 2375 1591"/></Shape></Glyph><Glyph ID="char_116" CONTENT="י" GC="1.0"><Shape><Polygon POINTS="2281 1589 2278 1788 2318 1789 2321 1590"/></Shape></Glyph><Glyph ID="char_117" CONTENT="ו" GC="1.0"><Shape><Polygon POINTS="2227 1588 2224 1787 2278 1788 2281 1589"/></Shape></Glyph><Glyph ID="char_118" CONTENT="ם" GC="1.0"><Shape><Polygon POINTS="2186 1588 2183 1787 2224 1787 2227 1588"/></Shape></Glyph><Glyph ID="char_119" CONTENT=" " GC="1.0"><Shape><Polygon POINTS="2146 1587 2143 1786 2183 1787 2186 1588"/></Shape></Glyph><Glyph ID="char_120" CONTENT="ה" GC="1.0"><Shape><Polygon POINTS="2084 1584 2073 1783 2143 1786 2146 1587"/></Shape></Glyph><Glyph ID="char_121" CONTENT="ש" GC="1.0"><Shape><Polygon POINTS="2017 1581 2006 1780 2073 1783 2084 1584"/></Shape></Glyph><Glyph ID="char_122" CONTENT="ב" GC="1.0"><Shape><Polygon POINTS="1949 1577 1938 1776 2006 1780 2017 1581"/></Shape></Glyph><Glyph ID="char_123" CONTENT="ת" GC="1.0"><Shape><Polygon POINTS="1909 1575 1898 1774 1938 1776 1949 1577"/></Shape></Glyph><Glyph ID="char_124" CONTENT=" " GC="1.0"><Shape><Polygon POINTS="1866 1573 1860 1772 1898 1774 1909 1575"/></Shape></Glyph><Glyph ID="char_125" CONTENT="ו" GC="1.0"><Shape><Polygon POINTS="1825 1572 1819 1771 1860 1772 1866 1573"/></Shape></Glyph><Glyph ID="char_126" CONTENT="א" GC="1.0"><Shape><Polygon POINTS="1758 1570 1752 1769 1819 1771 1825 1572"/></Shape></Glyph><Glyph ID="char_127" CONTENT="ם" GC="1.0"><Shape><Polygon POINTS="1718 1569 1712 1769 1752 1769 1758 1570"/></Shape></Glyph><Glyph ID="char_128" CONTENT=" " GC="1.0"><Shape><Polygon POINTS="1675 1568 1675 1768 1712 1769 1718 1569"/></Shape></Glyph><Glyph ID="char_129" CONTENT="נ" GC="1.0"><Shape><Polygon POINTS="1634 1568 1634 1768 1675 1768 1675 1568"/></Shape></Glyph><Glyph ID="char_130" CONTENT="פ" GC="1.0"><Shape><Polygon POINTS="1594 1568 1594 1768 1634 1768 1634 1568"/></Shape></Glyph><Glyph ID="char_131" CONTENT="ש" GC="1.0"><Shape><Polygon POINTS="1527 1568 1527 1767 1594 1768 1594 1568"/></Shape></Glyph><Glyph ID="char_132" CONTENT=" " GC="1.0"><Shape><Polygon POINTS="1459 1568 1459 1767 1527 1767 1527 1568"/></Shape></Glyph><Glyph ID="char_133" CONTENT="א" GC="1.0"><Shape><Polygon POINTS="1397 1567 1388 1766 1459 1767 1459 1568"/></Shape></Glyph><Glyph ID="char_134" CONTENT="ד" GC="1.0"><Shape><Polygon POINTS="1330 1564 1321 1763 1388 1766 1397 1567"/></Shape></Glyph><Glyph ID="char_135" CONTENT="ם" GC="1.0"><Shape><Polygon POINTS="1273 1562 1269 1761 1321 1763 1330 1564"/></Shape></Glyph><Glyph ID="char_136" CONTENT=" " GC="1.0"><Shape><Polygon POINTS="1219 1561 1215 1760 1269 1761 1273 1562"/></Shape></Glyph><Glyph ID="char_137" CONTENT="ה" GC="1.0"><Shape><Polygon POINTS="1166 1560 1162 1759 1215 1760 1219 1561"/></Shape></Glyph><Glyph ID="char_138" CONTENT="י" GC="1.0"><Shape><Polygon POINTS="1125 1559 1121 1758 1162 1759 1166 1560"/></Shape></Glyph><Glyph ID="char_139" CONTENT="א" GC="1.0"><Shape><Polygon POINTS="1072 1558 1068 1757 1121 1758 1125 1559"/></Shape></Glyph><Glyph ID="char_140" CONTENT=" " GC="1.0"><Shape><Polygon POINTS="1031 1558 1027 1757 1068 1757 1072 1558"/></Shape></Glyph><Glyph ID="char_141" CONTENT="א" GC="1.0"><Shape><Polygon POINTS="979 1556 972 1755 1027 1757 1031 1558"/></Shape></Glyph><Glyph ID="char_142" CONTENT="ש" GC="1.0"><Shape><Polygon POINTS="899 1554 892 1753 972 1755 979 1556"/></Shape></Glyph><Glyph ID="char_143" CONTENT="ר" GC="1.0"><Shape><Polygon POINTS="845 1552 838 1751 892 1753 899 1554"/></Shape></Glyph><Glyph ID="char_144" CONTENT=" " GC="1.0"><Shape><Polygon POINTS="805 1551 798 1750 838 1751 845 1552"/></Shape></Glyph><Glyph ID="char_145" CONTENT="ת" GC="1.0"><Shape><Polygon POINTS="751 1549 744 1748 798 1750 805 1551"/></Shape></Glyph><Glyph ID="char_146" CONTENT="פ" GC="1.0"><Shape><Polygon POINTS="711 1547 704 1747 744 1748 751 1549"/></Shape></Glyph><Glyph ID="char_147" CONTENT="ו" GC="1.0"><Shape><Polygon POINTS="670 1546 663 1746 704 1747 711 1547"/></Shape></Glyph><Glyph ID="char_148" CONTENT="ל" GC="1.0"><Shape><Polygon POINTS="630 1545 623 1744 663 1746 670 1546"/></Shape></Glyph><Glyph ID="char_149" CONTENT=" " GC="1.0"><Shape><Polygon POINTS="590 1543 583 1743 623 1744 630 1545"/></Shape></Glyph><Glyph ID="char_150" CONTENT="א" GC="1.0"><Shape><Polygon POINTS="536 1542 529 1741 583 1743 590 1543"/></Shape></Glyph><Glyph ID="char_151" CONTENT="ל" GC="1.0"><Shape><Polygon POINTS="505 1541 505 1741 529 1741 536 1542"/></Shape></Glyph><Glyph ID="char_152" CONTENT=" " GC="1.0"><Shape><Polygon POINTS="451 1541 451 1741 505 1741 505 1541"/></Shape></Glyph><Glyph ID="char_153" CONTENT="ה" GC="1.0"><Shape><Polygon POINTS="397 1541 397 1741 451 1741 451 1541"/></Shape></Glyph><Glyph ID="char_154" CONTENT="מ" GC="1.0"><Shape><Polygon POINTS="330 1541 330 1741 397 1741 397 1541"/></Shape></Glyph><Glyph ID="char_155" CONTENT="י" GC="1.0"><Shape><Polygon POINTS="276 1541 276 1741 330 1741 330 1541"/></Shape></Glyph><Glyph ID="char_156" CONTENT="ם" GC="1.0"><Shape><Polygon POINTS="236 1541 236 1741 276 1741 276 1541"/></Shape></Glyph></String>
          </TextLine>

          
          
          <TextLine ID="eSc_line_1788046" BASELINE="261 1867 448 1864 579 1871 976 1871 1174 1880 1319 1876 1407 1880 1637 1880 1871 1887 2049 1887 2327 1909 2509 1912" HPOS="259.0" VPOS="1744.0" WIDTH="2251.0" HEIGHT="247.0">
            <Shape><Polygon POINTS="259 1747 446 1744 585 1751 976 1751 1179 1760 1315 1756 1412 1760 1637 1760 1874 1767 2049 1767 2336 1789 2510 1792 2507 1991 2320 1988 2049 1967 1868 1966 1637 1960 1403 1959 1321 1955 1170 1959 976 1951 574 1950 449 1943 262 1946"/></Shape>
	    <String CONTENT=" שבת ישלח לו את בגדו להעלותו בו וכלי לא ישא" HPOS="259.0" VPOS="1744.0" WIDTH="2251.0" HEIGHT="247.0"><Glyph ID="char_157" CONTENT=" " GC="1.0"><Shape><Polygon POINTS="2429 1791 2426 1990 2493 1991 2496 1792"/></Shape></Glyph><Glyph ID="char_158" CONTENT="ש" GC="1.0"><Shape><Polygon POINTS="2348 1789 2345 1988 2426 1990 2429 1791"/></Shape></Glyph><Glyph ID="char_159" CONTENT="ב" GC="1.0"><Shape><Polygon POINTS="2289 1785 2273 1984 2345 1988 2348 1789"/></Shape></Glyph><Glyph ID="char_160" CONTENT="ת" GC="1.0"><Shape><Polygon POINTS="2236 1781 2221 1980 2273 1984 2289 1785"/></Shape></Glyph><Glyph ID="char_161" CONTENT=" " GC="1.0"><Shape><Polygon POINTS="2196 1778 2181 1977 2221 1980 2236 1781"/></Shape></Glyph><Glyph ID="char_162" CONTENT="י" GC="1.0"><Shape><Polygon POINTS="2155 1775 2140 1974 2181 1977 2196 1778"/></Shape></Glyph><Glyph ID="char_163" CONTENT="ש" GC="1.0"><Shape><Polygon POINTS="2103 1771 2087 1970 2140 1974 2155 1775"/></Shape></Glyph><Glyph ID="char_164" CONTENT="ל" GC="1.0"><Shape><Polygon POINTS="2039 1767 2039 1967 2087 1970 2103 1771"/></Shape></Glyph><Glyph ID="char_165" CONTENT="ח" GC="1.0"><Shape><Polygon POINTS="1986 1767 1986 1967 2039 1967 2039 1767"/></Shape></Glyph><Glyph ID="char_166" CONTENT=" " GC="1.0"><Shape><Polygon POINTS="1946 1767 1946 1966 1986 1967 1986 1767"/></Shape></Glyph><Glyph ID="char_167" CONTENT="ל" GC="1.0"><Shape><Polygon POINTS="1906 1767 1906 1966 1946 1966 1946 1767"/></Shape></Glyph><Glyph ID="char_168" CONTENT="ו" GC="1.0"><Shape><Polygon POINTS="1879 1767 1879 1966 1906 1966 1906 1767"/></Shape></Glyph><Glyph ID="char_169" CONTENT=" " GC="1.0"><Shape><Polygon POINTS="1843 1766 1837 1965 1879 1966 1879 1767"/></Shape></Glyph><Glyph ID="char_170" CONTENT="א" GC="1.0"><Shape><Polygon POINTS="1789 1764 1783 1964 1837 1965 1843 1766"/></Shape></Glyph><Glyph ID="char_171" CONTENT="ת" GC="1.0"><Shape><Polygon POINTS="1749 1763 1743 1963 1783 1964 1789 1764"/></Shape></Glyph><Glyph ID="char_172" CONTENT=" " GC="1.0"><Shape><Polygon POINTS="1709 1762 1703 1962 1743 1963 1749 1763"/></Shape></Glyph><Glyph ID="char_173" CONTENT="ב" GC="1.0"><Shape><Polygon POINTS="1655 1761 1649 1960 1703 1962 1709 1762"/></Shape></Glyph><Glyph ID="char_174" CONTENT="ג" GC="1.0"><Shape><Polygon POINTS="1584 1760 1584 1960 1649 1960 1655 1761"/></Shape></Glyph><Glyph ID="char_175" CONTENT="ד" GC="1.0"><Shape><Polygon POINTS="1531 1760 1531 1960 1584 1960 1584 1760"/></Shape></Glyph><Glyph ID="char_176" CONTENT="ו" GC="1.0"><Shape><Polygon POINTS="1504 1760 1504 1959 1531 1960 1531 1760"/></Shape></Glyph><Glyph ID="char_177" CONTENT=" " GC="1.0"><Shape><Polygon POINTS="1464 1760 1464 1959 1504 1959 1504 1760"/></Shape></Glyph><Glyph ID="char_178" CONTENT="ל" GC="1.0"><Shape><Polygon POINTS="1410 1760 1410 1959 1464 1959 1464 1760"/></Shape></Glyph><Glyph ID="char_179" CONTENT="ה" GC="1.0"><Shape><Polygon POINTS="1363 1758 1354 1957 1410 1959 1410 1760"/></Shape></Glyph><Glyph ID="char_180" CONTENT="ע" GC="1.0"><Shape><Polygon POINTS="1287 1757 1293 1956 1354 1957 1363 1758"/></Shape></Glyph><Glyph ID="char_181" CONTENT="ל" GC="1.0"><Shape><Polygon POINTS="1233 1758 1239 1957 1293 1956 1287 1757"/></Shape></Glyph><Glyph ID="char_182" CONTENT="ו" GC="1.0"><Shape><Polygon POINTS="1180 1760 1186 1959 1239 1957 1233 1758"/></Shape></Glyph><Glyph ID="char_183" CONTENT="ת" GC="1.0"><Shape><Polygon POINTS="1135 1758 1126 1957 1186 1959 1180 1760"/></Shape></Glyph><Glyph ID="char_184" CONTENT="ו" GC="1.0"><Shape><Polygon POINTS="1095 1756 1086 1956 1126 1957 1135 1758"/></Shape></Glyph><Glyph ID="char_185" CONTENT=" " GC="1.0"><Shape><Polygon POINTS="1055 1755 1046 1954 1086 1956 1095 1756"/></Shape></Glyph><Glyph ID="char_186" CONTENT="ב" GC="1.0"><Shape><Polygon POINTS="1015 1753 1006 1952 1046 1954 1055 1755"/></Shape></Glyph><Glyph ID="char_187" CONTENT="ו" GC="1.0"><Shape><Polygon POINTS="970 1751 970 1951 1006 1952 1015 1753"/></Shape></Glyph><Glyph ID="char_188" CONTENT=" " GC="1.0"><Shape><Polygon POINTS="929 1751 929 1951 970 1951 970 1751"/></Shape></Glyph><Glyph ID="char_189" CONTENT="ו" GC="1.0"><Shape><Polygon POINTS="876 1751 876 1951 929 1951 929 1751"/></Shape></Glyph><Glyph ID="char_190" CONTENT="כ" GC="1.0"><Shape><Polygon POINTS="822 1751 822 1951 876 1951 876 1751"/></Shape></Glyph><Glyph ID="char_191" CONTENT="ל" GC="1.0"><Shape><Polygon POINTS="782 1751 782 1951 822 1951 822 1751"/></Shape></Glyph><Glyph ID="char_192" CONTENT="י" GC="1.0"><Shape><Polygon POINTS="755 1751 755 1950 782 1951 782 1751"/></Shape></Glyph><Glyph ID="char_193" CONTENT=" " GC="1.0"><Shape><Polygon POINTS="715 1751 715 1950 755 1950 755 1751"/></Shape></Glyph><Glyph ID="char_194" CONTENT="ל" GC="1.0"><Shape><Polygon POINTS="675 1751 675 1950 715 1950 715 1751"/></Shape></Glyph><Glyph ID="char_195" CONTENT="א" GC="1.0"><Shape><Polygon POINTS="622 1751 622 1950 675 1950 675 1751"/></Shape></Glyph><Glyph ID="char_196" CONTENT=" " GC="1.0"><Shape><Polygon POINTS="581 1751 581 1950 622 1950 622 1751"/></Shape></Glyph><Glyph ID="char_197" CONTENT="י" GC="1.0"><Shape><Polygon POINTS="547 1749 537 1948 581 1950 581 1751"/></Shape></Glyph><Glyph ID="char_198" CONTENT="ש" GC="1.0"><Shape><Polygon POINTS="467 1745 457 1943 537 1948 547 1749"/></Shape></Glyph><Glyph ID="char_199" CONTENT="א" GC="1.0"><Shape><Polygon POINTS="325 1746 328 1945 457 1943 467 1745"/></Shape></Glyph></String>
          </TextLine>

          
          
          <TextLine ID="eSc_line_1793156" BASELINE="310 2082 479 2076 1228 2099 1481 2106 2020 2103 1975 2099" HPOS="305.0" VPOS="1956.0" WIDTH="1715.0" HEIGHT="262.0">
            <Shape><Polygon POINTS="305 1962 474 1956 1231 1979 1484 1986 2019 1983 1964 2218 2020 2182 1478 2185 1225 2178 481 2155 312 2161"/></Shape>
	    <String CONTENT=" השבת ואם צבא " HPOS="305.0" VPOS="1956.0" WIDTH="1715.0" HEIGHT="262.0"><Glyph ID="char_200" CONTENT=" " GC="1.0"><Shape><Polygon POINTS="1994 1983 1995 2198 2012 1983 1993 2199"/></Shape></Glyph><Glyph ID="char_201" CONTENT="ה" GC="1.0"><Shape><Polygon POINTS="1949 1983 1950 2182 1995 2198 1994 1983"/></Shape></Glyph><Glyph ID="char_202" CONTENT="ש" GC="1.0"><Shape><Polygon POINTS="1860 1984 1861 2183 1950 2182 1949 1983"/></Shape></Glyph><Glyph ID="char_203" CONTENT="ב" GC="1.0"><Shape><Polygon POINTS="1785 1984 1786 2183 1861 2183 1860 1984"/></Shape></Glyph><Glyph ID="char_204" CONTENT="ת" GC="1.0"><Shape><Polygon POINTS="1740 1985 1741 2184 1786 2183 1785 1984"/></Shape></Glyph><Glyph ID="char_205" CONTENT=" " GC="1.0"><Shape><Polygon POINTS="1681 1985 1682 2184 1741 2184 1740 1985"/></Shape></Glyph><Glyph ID="char_206" CONTENT="ו" GC="1.0"><Shape><Polygon POINTS="1621 1985 1622 2184 1682 2184 1681 1985"/></Shape></Glyph><Glyph ID="char_207" CONTENT="א" GC="1.0"><Shape><Polygon POINTS="1546 1986 1547 2185 1622 2184 1621 1985"/></Shape></Glyph><Glyph ID="char_208" CONTENT="ם" GC="1.0"><Shape><Polygon POINTS="1476 1986 1470 2185 1547 2185 1546 1986"/></Shape></Glyph><Glyph ID="char_209" CONTENT=" " GC="1.0"><Shape><Polygon POINTS="1431 1985 1425 2184 1470 2185 1476 1986"/></Shape></Glyph><Glyph ID="char_210" CONTENT="צ" GC="1.0"><Shape><Polygon POINTS="1371 1983 1365 2182 1425 2184 1431 1985"/></Shape></Glyph><Glyph ID="char_211" CONTENT="ב" GC="1.0"><Shape><Polygon POINTS="1327 1982 1321 2181 1365 2182 1371 1983"/></Shape></Glyph><Glyph ID="char_212" CONTENT="א" GC="1.0"><Shape><Polygon POINTS="1237 1979 1231 2178 1321 2181 1327 1982"/></Shape></Glyph><Glyph ID="char_213" CONTENT=" " GC="1.0"><Shape><Polygon POINTS="730 1964 724 2163 1231 2178 1237 1979"/></Shape></Glyph></String>
          </TextLine>

          
        </TextBlock>
        

        
      </PrintSpace>
    </Page>
  </Layout>
</alto>