<?xml version='1.0' encoding='UTF-8'?>
<alto xmlns:xsi="http://www.w3.org/2001/XMLSchema-instance" xmlns="http://www.loc.gov/standards/alto/ns-v4#" xsi:schemaLocation="http://www.loc.gov/standards/alto/ns-v4# http://www.loc.gov/standards/alto/v4/alto-4-2.xsd">
  <Description>
    <MeasurementUnit>pixel</MeasurementUnit>
    <sourceImageInformation>
      <fileName>P315-Fg005-R-C01-R01-D18032013-T083305-LR924_012.jpg</fileName>
      
    </sourceImageInformation>
  </Description>
  
  <Tags>
    <OtherTag ID="BT1443" LABEL="Parchment_or_papyrus" DESCRIPTION="block type Parchment_or_papyrus"/><OtherTag ID="BT2" LABEL="Main" DESCRIPTION="block type Main"/>
    
  </Tags>
  
  <Layout>
    <Page WIDTH="3608" HEIGHT="2706" PHYSICAL_IMG_NR="27" ID="eSc_dummypage_">
      <PrintSpace HPOS="0" VPOS="0" WIDTH="3608" HEIGHT="2706">
        
        <TextBlock HPOS="1613.0" VPOS="993.0" WIDTH="930.0" HEIGHT="806.0" ID="eSc_textblock_cce9df8d" TAGREFS="BT2">
          <Shape><Polygon POINTS="1613 993 1613 1799 2543 1799 2543 993"/></Shape>
          
          
          <TextLine ID="eSc_line_1788027" BASELINE="1743 1073 1783 1077 1833 1068 1914 1064" HPOS="1736.0" VPOS="963.0" WIDTH="181.0" HEIGHT="180.0">
            <Shape><Polygon POINTS="1752 973 1792 977 1815 969 1909 963 1917 1130 1844 1133 1776 1143 1736 1139"/></Shape>
	    <String CONTENT=" א " HPOS="1736.0" VPOS="963.0" WIDTH="181.0" HEIGHT="180.0"><Glyph ID="char_0" CONTENT=" " GC="1.0"><Shape><Polygon POINTS="1851 967 1859 1132 1905 1130 1897 964"/></Shape></Glyph><Glyph ID="char_1" CONTENT="א" GC="1.0"><Shape><Polygon POINTS="1793 977 1822 1136 1859 1132 1851 967"/></Shape></Glyph><Glyph ID="char_2" CONTENT=" " GC="1.0"><Shape><Polygon POINTS="1766 974 1746 1140 1822 1136 1793 977"/></Shape></Glyph></String>
          </TextLine>

          
          
          <TextLine ID="eSc_line_1788028" BASELINE="1675 1271 1743 1260 1842 1256 1932 1256 2056 1262 2164 1262 2322 1253" HPOS="1658.0" VPOS="1152.0" WIDTH="667.0" HEIGHT="184.0">
            <Shape><Polygon POINTS="1658 1172 1726 1161 1837 1155 1932 1155 2060 1161 2164 1161 2316 1152 2325 1319 2164 1328 2052 1328 1932 1322 1844 1322 1753 1325 1685 1336"/></Shape>
	    <String CONTENT=" להקריב " HPOS="1658.0" VPOS="1152.0" WIDTH="667.0" HEIGHT="184.0"><Glyph ID="char_3" CONTENT=" " GC="1.0"><Shape><Polygon POINTS="2258 1155 2267 1322 2312 1320 2303 1153"/></Shape></Glyph><Glyph ID="char_4" CONTENT="ל" GC="1.0"><Shape><Polygon POINTS="2212 1158 2222 1325 2267 1322 2258 1155"/></Shape></Glyph><Glyph ID="char_5" CONTENT="ה" GC="1.0"><Shape><Polygon POINTS="2128 1161 2128 1328 2222 1325 2212 1158"/></Shape></Glyph><Glyph ID="char_6" CONTENT="ק" GC="1.0"><Shape><Polygon POINTS="2030 1160 2022 1326 2128 1328 2128 1161"/></Shape></Glyph><Glyph ID="char_7" CONTENT="ר" GC="1.0"><Shape><Polygon POINTS="1962 1156 1954 1323 2022 1326 2030 1160"/></Shape></Glyph><Glyph ID="char_8" CONTENT="י" GC="1.0"><Shape><Polygon POINTS="1889 1155 1889 1322 1954 1323 1962 1156"/></Shape></Glyph><Glyph ID="char_9" CONTENT="ב" GC="1.0"><Shape><Polygon POINTS="1794 1157 1801 1323 1889 1322 1889 1155"/></Shape></Glyph><Glyph ID="char_10" CONTENT=" " GC="1.0"><Shape><Polygon POINTS="1692 1167 1718 1331 1801 1323 1794 1157"/></Shape></Glyph></String>
          </TextLine>

          
          
          <TextLine ID="eSc_line_1788029" BASELINE="1639 1409 1880 1409 1955 1404 2056 1404 2189 1411 2338 1409 2421 1425" HPOS="1639.0" VPOS="1303.0" WIDTH="800.0" HEIGHT="187.0">
            <Shape><Polygon POINTS="1639 1308 1880 1308 1948 1304 2056 1303 2194 1310 2336 1308 2439 1326 2408 1490 2338 1475 2185 1477 2056 1470 1959 1470 1880 1475 1639 1475"/></Shape>
	    <String CONTENT=" וד ת ולוא יואכלו " HPOS="1639.0" VPOS="1303.0" WIDTH="800.0" HEIGHT="187.0"><Glyph ID="char_11" CONTENT=" " GC="1.0"><Shape><Polygon POINTS="2374 1315 2343 1476 2398 1488 2429 1324"/></Shape></Glyph><Glyph ID="char_12" CONTENT="ו" GC="1.0"><Shape><Polygon POINTS="2298 1309 2301 1475 2343 1476 2374 1315"/></Shape></Glyph><Glyph ID="char_13" CONTENT="ד" GC="1.0"><Shape><Polygon POINTS="2242 1309 2245 1476 2301 1475 2298 1309"/></Shape></Glyph><Glyph ID="char_14" CONTENT=" " GC="1.0"><Shape><Polygon POINTS="2193 1310 2184 1477 2245 1476 2242 1309"/></Shape></Glyph><Glyph ID="char_15" CONTENT="ת" GC="1.0"><Shape><Polygon POINTS="2137 1307 2128 1474 2184 1477 2193 1310"/></Shape></Glyph><Glyph ID="char_16" CONTENT=" " GC="1.0"><Shape><Polygon POINTS="2092 1305 2083 1471 2128 1474 2137 1307"/></Shape></Glyph><Glyph ID="char_17" CONTENT="ו" GC="1.0"><Shape><Polygon POINTS="2042 1303 2042 1470 2083 1471 2092 1305"/></Shape></Glyph><Glyph ID="char_18" CONTENT="ל" GC="1.0"><Shape><Polygon POINTS="2009 1303 2009 1470 2042 1470 2042 1303"/></Shape></Glyph><Glyph ID="char_19" CONTENT="ו" GC="1.0"><Shape><Polygon POINTS="1975 1304 1975 1470 2009 1470 2009 1303"/></Shape></Glyph><Glyph ID="char_20" CONTENT="א" GC="1.0"><Shape><Polygon POINTS="1912 1306 1923 1472 1975 1470 1975 1304"/></Shape></Glyph><Glyph ID="char_21" CONTENT=" " GC="1.0"><Shape><Polygon POINTS="1874 1308 1874 1475 1923 1472 1912 1306"/></Shape></Glyph><Glyph ID="char_22" CONTENT="י" GC="1.0"><Shape><Polygon POINTS="1841 1308 1841 1475 1874 1475 1874 1308"/></Shape></Glyph><Glyph ID="char_23" CONTENT="ו" GC="1.0"><Shape><Polygon POINTS="1796 1308 1796 1475 1841 1475 1841 1308"/></Shape></Glyph><Glyph ID="char_24" CONTENT="א" GC="1.0"><Shape><Polygon POINTS="1751 1308 1751 1475 1796 1475 1796 1308"/></Shape></Glyph><Glyph ID="char_25" CONTENT="כ" GC="1.0"><Shape><Polygon POINTS="1717 1308 1717 1475 1751 1475 1751 1308"/></Shape></Glyph><Glyph ID="char_26" CONTENT="ל" GC="1.0"><Shape><Polygon POINTS="1695 1308 1695 1475 1717 1475 1717 1308"/></Shape></Glyph><Glyph ID="char_27" CONTENT="ו" GC="1.0"><Shape><Polygon POINTS="1661 1308 1661 1475 1695 1475 1695 1308"/></Shape></Glyph><Glyph ID="char_28" CONTENT=" " GC="1.0"><Shape><Polygon POINTS="1639 1308 1639 1475 1661 1475 1661 1308"/></Shape></Glyph></String>
          </TextLine>

          
          
          <TextLine ID="eSc_line_1788030" BASELINE="2061 1526 2117 1537 2297 1551 2421 1542" HPOS="2048.0" VPOS="1427.0" WIDTH="377.0" HEIGHT="190.0">
            <Shape><Polygon POINTS="2080 1427 2136 1438 2304 1451 2413 1442 2425 1608 2291 1617 2104 1602 2048 1591"/></Shape>
	    <String CONTENT=" ול נש " HPOS="2048.0" VPOS="1427.0" WIDTH="377.0" HEIGHT="190.0"><Glyph ID="char_29" CONTENT=" " GC="1.0"><Shape><Polygon POINTS="2345 1448 2357 1613 2402 1610 2390 1444"/></Shape></Glyph><Glyph ID="char_30" CONTENT="ו" GC="1.0"><Shape><Polygon POINTS="2311 1450 2323 1615 2357 1613 2345 1448"/></Shape></Glyph><Glyph ID="char_31" CONTENT="ל" GC="1.0"><Shape><Polygon POINTS="2258 1447 2245 1613 2323 1615 2311 1450"/></Shape></Glyph><Glyph ID="char_32" CONTENT=" " GC="1.0"><Shape><Polygon POINTS="2179 1441 2166 1607 2245 1613 2258 1447"/></Shape></Glyph><Glyph ID="char_33" CONTENT="נ" GC="1.0"><Shape><Polygon POINTS="2145 1439 2133 1604 2166 1607 2179 1441"/></Shape></Glyph><Glyph ID="char_34" CONTENT="ש" GC="1.0"><Shape><Polygon POINTS="2114 1434 2080 1597 2133 1604 2145 1439"/></Shape></Glyph><Glyph ID="char_35" CONTENT=" " GC="1.0"><Shape><Polygon POINTS="2060 1525 2093 1532"/></Shape></Glyph></String>
          </TextLine>

          
        </TextBlock>
        

        
      </PrintSpace>
    </Page>
  </Layout>
</alto>