<?xml version='1.0' encoding='UTF-8'?>
<alto xmlns:xsi="http://www.w3.org/2001/XMLSchema-instance" xmlns="http://www.loc.gov/standards/alto/ns-v4#" xsi:schemaLocation="http://www.loc.gov/standards/alto/ns-v4# http://www.loc.gov/standards/alto/v4/alto-4-2.xsd">
  <Description>
    <MeasurementUnit>pixel</MeasurementUnit>
    <sourceImageInformation>
      <fileName>P320-Fg016-R-C01-R01-D17112013-T152740-LR924_012.jpg</fileName>
      
    </sourceImageInformation>
  </Description>
  
  <Tags>
    <OtherTag ID="BT1443" LABEL="Parchment_or_papyrus" DESCRIPTION="block type Parchment_or_papyrus"/><OtherTag ID="BT2" LABEL="Main" DESCRIPTION="block type Main"/>
    
  </Tags>
  
  <Layout>
    <Page WIDTH="3608" HEIGHT="2706" PHYSICAL_IMG_NR="93" ID="eSc_dummypage_">
      <PrintSpace HPOS="0" VPOS="0" WIDTH="3608" HEIGHT="2706">
        
        <TextBlock HPOS="1283.0" VPOS="869.0" WIDTH="989.0" HEIGHT="952.0" ID="eSc_textblock_5ac17dbf" TAGREFS="BT2">
          <Shape><Polygon POINTS="1283 869 1283 1821 2272 1821 2272 869"/></Shape>
          
          
          <TextLine ID="eSc_line_1788031" BASELINE="1477 938 1790 931 2149 933" HPOS="1475.0" VPOS="841.0" WIDTH="674.0" HEIGHT="156.0">
            <Shape><Polygon POINTS="1475 848 1788 841 2149 843 2148 992 1791 990 1478 997"/></Shape>
	    <String CONTENT=" ה כ נ יש " HPOS="1475.0" VPOS="841.0" WIDTH="674.0" HEIGHT="156.0"><Glyph ID="char_0" CONTENT=" " GC="1.0"><Shape><Polygon POINTS="2078 843 2078 992 2128 992 2128 843"/></Shape></Glyph><Glyph ID="char_1" CONTENT="ה" GC="1.0"><Shape><Polygon POINTS="2018 842 2018 991 2078 992 2078 843"/></Shape></Glyph><Glyph ID="char_2" CONTENT=" " GC="1.0"><Shape><Polygon POINTS="1967 842 1967 991 2018 991 2018 842"/></Shape></Glyph><Glyph ID="char_3" CONTENT="כ" GC="1.0"><Shape><Polygon POINTS="1917 842 1917 991 1967 991 1967 842"/></Shape></Glyph><Glyph ID="char_4" CONTENT=" " GC="1.0"><Shape><Polygon POINTS="1827 841 1827 990 1917 991 1917 842"/></Shape></Glyph><Glyph ID="char_5" CONTENT="נ" GC="1.0"><Shape><Polygon POINTS="1745 842 1748 991 1827 990 1827 841"/></Shape></Glyph><Glyph ID="char_6" CONTENT=" " GC="1.0"><Shape><Polygon POINTS="1685 843 1688 992 1748 991 1745 842"/></Shape></Glyph><Glyph ID="char_7" CONTENT="י" GC="1.0"><Shape><Polygon POINTS="1655 844 1658 993 1688 992 1685 843"/></Shape></Glyph><Glyph ID="char_8" CONTENT="ש" GC="1.0"><Shape><Polygon POINTS="1604 845 1607 994 1658 993 1655 844"/></Shape></Glyph><Glyph ID="char_9" CONTENT=" " GC="1.0"><Shape><Polygon POINTS="1504 847 1507 996 1607 994 1604 845"/></Shape></Glyph></String>
          </TextLine>

          
          
          <TextLine ID="eSc_line_1788032" BASELINE="1402 1075 1704 1080 1844 1073 2259 1075" HPOS="1401.0" VPOS="983.0" WIDTH="858.0" HEIGHT="156.0">
            <Shape><Polygon POINTS="1403 985 1705 990 1839 983 2259 985 2258 1134 1846 1132 1703 1139 1401 1134"/></Shape>
	    <String CONTENT=" איש רכיל בעמו " HPOS="1401.0" VPOS="983.0" WIDTH="858.0" HEIGHT="156.0"><Glyph ID="char_10" CONTENT=" " GC="1.0"><Shape><Polygon POINTS="2167 985 2166 1134 2237 1134 2238 985"/></Shape></Glyph><Glyph ID="char_11" CONTENT="א" GC="1.0"><Shape><Polygon POINTS="2117 984 2116 1133 2166 1134 2167 985"/></Shape></Glyph><Glyph ID="char_12" CONTENT="י" GC="1.0"><Shape><Polygon POINTS="2066 984 2065 1133 2116 1133 2117 984"/></Shape></Glyph><Glyph ID="char_13" CONTENT="ש" GC="1.0"><Shape><Polygon POINTS="1986 984 1985 1133 2065 1133 2066 984"/></Shape></Glyph><Glyph ID="char_14" CONTENT=" " GC="1.0"><Shape><Polygon POINTS="1915 983 1914 1132 1985 1133 1986 984"/></Shape></Glyph><Glyph ID="char_15" CONTENT="ר" GC="1.0"><Shape><Polygon POINTS="1855 983 1854 1132 1914 1132 1915 983"/></Shape></Glyph><Glyph ID="char_16" CONTENT="כ" GC="1.0"><Shape><Polygon POINTS="1789 986 1797 1134 1854 1132 1855 983"/></Shape></Glyph><Glyph ID="char_17" CONTENT="י" GC="1.0"><Shape><Polygon POINTS="1749 988 1757 1136 1797 1134 1789 986"/></Shape></Glyph><Glyph ID="char_18" CONTENT="ל" GC="1.0"><Shape><Polygon POINTS="1719 989 1727 1138 1757 1136 1749 988"/></Shape></Glyph><Glyph ID="char_19" CONTENT=" " GC="1.0"><Shape><Polygon POINTS="1695 990 1692 1139 1727 1138 1719 989"/></Shape></Glyph><Glyph ID="char_20" CONTENT="ב" GC="1.0"><Shape><Polygon POINTS="1645 989 1642 1138 1692 1139 1695 990"/></Shape></Glyph><Glyph ID="char_21" CONTENT="ע" GC="1.0"><Shape><Polygon POINTS="1564 988 1561 1137 1642 1138 1645 989"/></Shape></Glyph><Glyph ID="char_22" CONTENT="מ" GC="1.0"><Shape><Polygon POINTS="1474 986 1471 1135 1561 1137 1564 988"/></Shape></Glyph><Glyph ID="char_23" CONTENT="ו" GC="1.0"><Shape><Polygon POINTS="1433 985 1430 1134 1471 1135 1474 986"/></Shape></Glyph><Glyph ID="char_24" CONTENT=" " GC="1.0"><Shape><Polygon POINTS="1401 1074 1430 1074"/></Shape></Glyph></String>
          </TextLine>

          
          
          <TextLine ID="eSc_line_1788033" BASELINE="1375 1170 2000 1177 2185 1186" HPOS="1374.0" VPOS="1080.0" WIDTH="815.0" HEIGHT="165.0">
            <Shape><Polygon POINTS="1376 1080 2001 1087 2189 1096 2182 1245 1999 1236 1374 1229"/></Shape>
	    <String CONTENT=" פי שלושה עדים " HPOS="1374.0" VPOS="1080.0" WIDTH="815.0" HEIGHT="165.0"><Glyph ID="char_25" CONTENT=" " GC="1.0"><Shape><Polygon POINTS="2149 1094 2142 1243 2172 1245 2179 1096"/></Shape></Glyph><Glyph ID="char_26" CONTENT="פ" GC="1.0"><Shape><Polygon POINTS="2109 1092 2102 1241 2142 1243 2149 1094"/></Shape></Glyph><Glyph ID="char_27" CONTENT="י" GC="1.0"><Shape><Polygon POINTS="2059 1090 2052 1239 2102 1241 2109 1092"/></Shape></Glyph><Glyph ID="char_28" CONTENT=" " GC="1.0"><Shape><Polygon POINTS="2009 1087 2002 1236 2052 1239 2059 1090"/></Shape></Glyph><Glyph ID="char_29" CONTENT="ש" GC="1.0"><Shape><Polygon POINTS="1936 1086 1934 1235 2002 1236 2009 1087"/></Shape></Glyph><Glyph ID="char_30" CONTENT="ל" GC="1.0"><Shape><Polygon POINTS="1876 1086 1874 1235 1934 1235 1936 1086"/></Shape></Glyph><Glyph ID="char_31" CONTENT="ו" GC="1.0"><Shape><Polygon POINTS="1826 1085 1824 1234 1874 1235 1876 1086"/></Shape></Glyph><Glyph ID="char_32" CONTENT="ש" GC="1.0"><Shape><Polygon POINTS="1745 1084 1743 1233 1824 1234 1826 1085"/></Shape></Glyph><Glyph ID="char_33" CONTENT="ה" GC="1.0"><Shape><Polygon POINTS="1665 1083 1663 1232 1743 1233 1745 1084"/></Shape></Glyph><Glyph ID="char_34" CONTENT=" " GC="1.0"><Shape><Polygon POINTS="1625 1083 1623 1232 1663 1232 1665 1083"/></Shape></Glyph><Glyph ID="char_35" CONTENT="ע" GC="1.0"><Shape><Polygon POINTS="1575 1082 1573 1231 1623 1232 1625 1083"/></Shape></Glyph><Glyph ID="char_36" CONTENT="ד" GC="1.0"><Shape><Polygon POINTS="1525 1082 1523 1231 1573 1231 1575 1082"/></Shape></Glyph><Glyph ID="char_37" CONTENT="י" GC="1.0"><Shape><Polygon POINTS="1495 1081 1493 1230 1523 1231 1525 1082"/></Shape></Glyph><Glyph ID="char_38" CONTENT="ם" GC="1.0"><Shape><Polygon POINTS="1455 1081 1453 1230 1493 1230 1495 1081"/></Shape></Glyph><Glyph ID="char_39" CONTENT=" " GC="1.0"><Shape><Polygon POINTS="1395 1080 1393 1229 1453 1230 1455 1081"/></Shape></Glyph></String>
          </TextLine>

          
          
          <TextLine ID="eSc_line_1788034" BASELINE="1380 1316 1528 1314 2013 1319 2176 1312" HPOS="1378.0" VPOS="1222.0" WIDTH="800.0" HEIGHT="156.0">
            <Shape><Polygon POINTS="1378 1226 1526 1224 2013 1229 2172 1222 2178 1371 2012 1378 1528 1373 1380 1375"/></Shape>
	    <String CONTENT=" ו את בני ישרא " HPOS="1378.0" VPOS="1222.0" WIDTH="800.0" HEIGHT="156.0"><Glyph ID="char_40" CONTENT=" " GC="1.0"><Shape><Polygon POINTS="2131 1224 2137 1373 2176 1371 2170 1222"/></Shape></Glyph><Glyph ID="char_41" CONTENT="ו" GC="1.0"><Shape><Polygon POINTS="2100 1225 2106 1374 2137 1373 2131 1224"/></Shape></Glyph><Glyph ID="char_42" CONTENT=" " GC="1.0"><Shape><Polygon POINTS="2060 1227 2066 1376 2106 1374 2100 1225"/></Shape></Glyph><Glyph ID="char_43" CONTENT="א" GC="1.0"><Shape><Polygon POINTS="1995 1229 1993 1378 2066 1376 2060 1227"/></Shape></Glyph><Glyph ID="char_44" CONTENT="ת" GC="1.0"><Shape><Polygon POINTS="1944 1228 1942 1377 1993 1378 1995 1229"/></Shape></Glyph><Glyph ID="char_45" CONTENT=" " GC="1.0"><Shape><Polygon POINTS="1904 1228 1902 1377 1942 1377 1944 1228"/></Shape></Glyph><Glyph ID="char_46" CONTENT="ב" GC="1.0"><Shape><Polygon POINTS="1833 1227 1831 1376 1902 1377 1904 1228"/></Shape></Glyph><Glyph ID="char_47" CONTENT="נ" GC="1.0"><Shape><Polygon POINTS="1773 1227 1771 1376 1831 1376 1833 1227"/></Shape></Glyph><Glyph ID="char_48" CONTENT="י" GC="1.0"><Shape><Polygon POINTS="1733 1226 1731 1375 1771 1376 1773 1227"/></Shape></Glyph><Glyph ID="char_49" CONTENT=" " GC="1.0"><Shape><Polygon POINTS="1702 1226 1700 1375 1731 1375 1733 1226"/></Shape></Glyph><Glyph ID="char_50" CONTENT="י" GC="1.0"><Shape><Polygon POINTS="1652 1225 1650 1374 1700 1375 1702 1226"/></Shape></Glyph><Glyph ID="char_51" CONTENT="ש" GC="1.0"><Shape><Polygon POINTS="1572 1224 1570 1373 1650 1374 1652 1225"/></Shape></Glyph><Glyph ID="char_52" CONTENT="ר" GC="1.0"><Shape><Polygon POINTS="1469 1225 1471 1374 1570 1373 1572 1224"/></Shape></Glyph><Glyph ID="char_53" CONTENT="א" GC="1.0"><Shape><Polygon POINTS="1408 1226 1410 1375 1471 1374 1469 1225"/></Shape></Glyph><Glyph ID="char_54" CONTENT=" " GC="1.0"><Shape><Polygon POINTS="1379 1316 1408 1315"/></Shape></Glyph></String>
          </TextLine>

          
          
          <TextLine ID="eSc_line_1788035" BASELINE="1301 1495 1377 1495 1610 1510 2115 1517" HPOS="1301.0" VPOS="1405.0" WIDTH="815.0" HEIGHT="171.0">
            <Shape><Polygon POINTS="1301 1405 1377 1405 1615 1420 2116 1427 2114 1576 1606 1569 1377 1554 1301 1554"/></Shape>
	    <String CONTENT=" תלבוש שטנז צ " HPOS="1301.0" VPOS="1405.0" WIDTH="815.0" HEIGHT="171.0"><Glyph ID="char_55" CONTENT=" " GC="1.0"><Shape><Polygon POINTS="1996 1425 1994 1574 2065 1575 2067 1426"/></Shape></Glyph><Glyph ID="char_56" CONTENT="ת" GC="1.0"><Shape><Polygon POINTS="1976 1425 1974 1574 1994 1574 1996 1425"/></Shape></Glyph><Glyph ID="char_57" CONTENT="ל" GC="1.0"><Shape><Polygon POINTS="1956 1425 1954 1574 1974 1574 1976 1425"/></Shape></Glyph><Glyph ID="char_58" CONTENT="ב" GC="1.0"><Shape><Polygon POINTS="1926 1424 1924 1573 1954 1574 1956 1425"/></Shape></Glyph><Glyph ID="char_59" CONTENT="ו" GC="1.0"><Shape><Polygon POINTS="1886 1424 1884 1573 1924 1573 1926 1424"/></Shape></Glyph><Glyph ID="char_60" CONTENT="ש" GC="1.0"><Shape><Polygon POINTS="1785 1422 1783 1571 1884 1573 1886 1424"/></Shape></Glyph><Glyph ID="char_61" CONTENT=" " GC="1.0"><Shape><Polygon POINTS="1704 1421 1702 1570 1783 1571 1785 1422"/></Shape></Glyph><Glyph ID="char_62" CONTENT="ש" GC="1.0"><Shape><Polygon POINTS="1614 1420 1612 1569 1702 1570 1704 1421"/></Shape></Glyph><Glyph ID="char_63" CONTENT="ט" GC="1.0"><Shape><Polygon POINTS="1518 1414 1508 1563 1612 1569 1614 1420"/></Shape></Glyph><Glyph ID="char_64" CONTENT="נ" GC="1.0"><Shape><Polygon POINTS="1458 1410 1448 1559 1508 1563 1518 1414"/></Shape></Glyph><Glyph ID="char_65" CONTENT="ז" GC="1.0"><Shape><Polygon POINTS="1408 1407 1398 1555 1448 1559 1458 1410"/></Shape></Glyph><Glyph ID="char_66" CONTENT=" " GC="1.0"><Shape><Polygon POINTS="1361 1405 1361 1554 1398 1555 1408 1407"/></Shape></Glyph><Glyph ID="char_67" CONTENT="צ" GC="1.0"><Shape><Polygon POINTS="1321 1405 1321 1554 1361 1554 1361 1405"/></Shape></Glyph><Glyph ID="char_68" CONTENT=" " GC="1.0"><Shape><Polygon POINTS="1301 1405 1301 1554 1321 1554 1321 1405"/></Shape></Glyph></String>
          </TextLine>

          
          
          <TextLine ID="eSc_line_1788036" BASELINE="1258 1693 1325 1682 1398 1679 1887 1679" HPOS="1243.0" VPOS="1589.0" WIDTH="644.0" HEIGHT="162.0">
            <Shape><Polygon POINTS="1243 1604 1310 1593 1394 1589 1887 1589 1887 1738 1400 1738 1334 1740 1267 1751"/></Shape>
	    <String CONTENT=" ל נ עירו " HPOS="1243.0" VPOS="1589.0" WIDTH="644.0" HEIGHT="162.0"><Glyph ID="char_69" CONTENT=" " GC="1.0"><Shape><Polygon POINTS="1856 1589 1856 1738 1876 1738 1876 1589"/></Shape></Glyph><Glyph ID="char_70" CONTENT="ל" GC="1.0"><Shape><Polygon POINTS="1836 1589 1836 1738 1856 1738 1856 1589"/></Shape></Glyph><Glyph ID="char_71" CONTENT=" " GC="1.0"><Shape><Polygon POINTS="1706 1589 1706 1738 1836 1738 1836 1589"/></Shape></Glyph><Glyph ID="char_72" CONTENT="נ" GC="1.0"><Shape><Polygon POINTS="1546 1589 1546 1738 1706 1738 1706 1589"/></Shape></Glyph><Glyph ID="char_73" CONTENT=" " GC="1.0"><Shape><Polygon POINTS="1466 1589 1466 1738 1546 1738 1546 1589"/></Shape></Glyph><Glyph ID="char_74" CONTENT="ע" GC="1.0"><Shape><Polygon POINTS="1406 1589 1406 1738 1466 1738 1466 1589"/></Shape></Glyph><Glyph ID="char_75" CONTENT="י" GC="1.0"><Shape><Polygon POINTS="1342 1591 1348 1740 1406 1738 1406 1589"/></Shape></Glyph><Glyph ID="char_76" CONTENT="ר" GC="1.0"><Shape><Polygon POINTS="1272 1599 1296 1746 1348 1740 1342 1591"/></Shape></Glyph><Glyph ID="char_77" CONTENT="ו" GC="1.0"><Shape><Polygon POINTS="1257 1693 1286 1688"/></Shape></Glyph><Glyph ID="char_78" CONTENT=" " GC="1.0"><Shape><Polygon POINTS="1257 1693 1257 1693"/></Shape></Glyph></String>
          </TextLine>

          
        </TextBlock>
        

        
      </PrintSpace>
    </Page>
  </Layout>
</alto>