<?xml version='1.0' encoding='UTF-8'?>
<alto xmlns:xsi="http://www.w3.org/2001/XMLSchema-instance" xmlns="http://www.loc.gov/standards/alto/ns-v4#" xsi:schemaLocation="http://www.loc.gov/standards/alto/ns-v4# http://www.loc.gov/standards/alto/v4/alto-4-2.xsd">
  <Description>
    <MeasurementUnit>pixel</MeasurementUnit>
    <sourceImageInformation>
      <fileName>P321-Fg017-R-C01-R01-D21022013-T085548-LR924_012.jpg</fileName>
      
    </sourceImageInformation>
  </Description>
  
  <Tags>
    <OtherTag ID="BT1443" LABEL="Parchment_or_papyrus" DESCRIPTION="block type Parchment_or_papyrus"/><OtherTag ID="BT2" LABEL="Main" DESCRIPTION="block type Main"/>
    
  </Tags>
  
  <Layout>
    <Page WIDTH="3608" HEIGHT="2706" PHYSICAL_IMG_NR="336" ID="eSc_dummypage_">
      <PrintSpace HPOS="0" VPOS="0" WIDTH="3608" HEIGHT="2706">
        
        <TextBlock HPOS="1242.0" VPOS="757.0" WIDTH="1054.0" HEIGHT="1203.0" ID="eSc_textblock_38abeff3" TAGREFS="BT2">
          <Shape><Polygon POINTS="1242 757 1242 1960 2296 1960 2296 757"/></Shape>
          
          
          <TextLine ID="eSc_line_1788090" BASELINE="1535 917 1790 902 2015 892 2189 897" HPOS="1529.0" VPOS="806.0" WIDTH="662.0" HEIGHT="167.0">
            <Shape><Polygon POINTS="1529 831 1784 816 2011 806 2191 811 2187 953 2017 948 1793 958 1538 973"/></Shape>
	    <String CONTENT=" נעשה " HPOS="1529.0" VPOS="806.0" WIDTH="662.0" HEIGHT="167.0"><Glyph ID="char_0" CONTENT=" " GC="1.0"><Shape><Polygon POINTS="2123 809 2119 951 2168 952 2172 810"/></Shape></Glyph><Glyph ID="char_1" CONTENT="נ" GC="1.0"><Shape><Polygon POINTS="2085 808 2081 950 2119 951 2123 809"/></Shape></Glyph><Glyph ID="char_2" CONTENT="ע" GC="1.0"><Shape><Polygon POINTS="2037 807 2033 948 2081 950 2085 808"/></Shape></Glyph><Glyph ID="char_3" CONTENT="ש" GC="1.0"><Shape><Polygon POINTS="1944 809 1950 951 2033 948 2037 807"/></Shape></Glyph><Glyph ID="char_4" CONTENT="ה" GC="1.0"><Shape><Polygon POINTS="1877 812 1883 954 1950 951 1944 809"/></Shape></Glyph><Glyph ID="char_5" CONTENT=" " GC="1.0"><Shape><Polygon POINTS="1683 822 1691 964 1883 954 1877 812"/></Shape></Glyph></String>
          </TextLine>

          
          
          <TextLine ID="eSc_line_1788091" BASELINE="1407 1037 1779 1037 1873 1032 2209 1026" HPOS="1407.0" VPOS="940.0" WIDTH="803.0" HEIGHT="153.0">
            <Shape><Polygon POINTS="1407 951 1779 951 1868 946 2207 940 2210 1082 1876 1088 1779 1093 1407 1093"/></Shape>
	    <String CONTENT=" לאות אל תסכילו " HPOS="1407.0" VPOS="940.0" WIDTH="803.0" HEIGHT="153.0"><Glyph ID="char_6" CONTENT=" " GC="1.0"><Shape><Polygon POINTS="2151 941 2154 1083 2192 1082 2189 940"/></Shape></Glyph><Glyph ID="char_7" CONTENT="ל" GC="1.0"><Shape><Polygon POINTS="2122 941 2125 1084 2154 1083 2151 941"/></Shape></Glyph><Glyph ID="char_8" CONTENT="א" GC="1.0"><Shape><Polygon POINTS="2074 942 2077 1084 2125 1084 2122 941"/></Shape></Glyph><Glyph ID="char_9" CONTENT="ו" GC="1.0"><Shape><Polygon POINTS="2026 943 2029 1085 2077 1084 2074 942"/></Shape></Glyph><Glyph ID="char_10" CONTENT="ת" GC="1.0"><Shape><Polygon POINTS="1979 944 1982 1086 2029 1085 2026 943"/></Shape></Glyph><Glyph ID="char_11" CONTENT=" " GC="1.0"><Shape><Polygon POINTS="1931 945 1934 1087 1982 1086 1979 944"/></Shape></Glyph><Glyph ID="char_12" CONTENT="א" GC="1.0"><Shape><Polygon POINTS="1861 946 1869 1088 1934 1087 1931 945"/></Shape></Glyph><Glyph ID="char_13" CONTENT="ל" GC="1.0"><Shape><Polygon POINTS="1804 950 1812 1091 1869 1088 1861 946"/></Shape></Glyph><Glyph ID="char_14" CONTENT=" " GC="1.0"><Shape><Polygon POINTS="1742 951 1742 1093 1812 1091 1804 950"/></Shape></Glyph><Glyph ID="char_15" CONTENT="ת" GC="1.0"><Shape><Polygon POINTS="1684 951 1684 1093 1742 1093 1742 951"/></Shape></Glyph><Glyph ID="char_16" CONTENT="ס" GC="1.0"><Shape><Polygon POINTS="1627 951 1627 1093 1684 1093 1684 951"/></Shape></Glyph><Glyph ID="char_17" CONTENT="כ" GC="1.0"><Shape><Polygon POINTS="1570 951 1570 1093 1627 1093 1627 951"/></Shape></Glyph><Glyph ID="char_18" CONTENT="י" GC="1.0"><Shape><Polygon POINTS="1531 951 1531 1093 1570 1093 1570 951"/></Shape></Glyph><Glyph ID="char_19" CONTENT="ל" GC="1.0"><Shape><Polygon POINTS="1503 951 1503 1093 1531 1093 1531 951"/></Shape></Glyph><Glyph ID="char_20" CONTENT="ו" GC="1.0"><Shape><Polygon POINTS="1474 951 1474 1093 1503 1093 1503 951"/></Shape></Glyph><Glyph ID="char_21" CONTENT=" " GC="1.0"><Shape><Polygon POINTS="1426 951 1426 1093 1474 1093 1474 951"/></Shape></Glyph></String>
          </TextLine>

          
          
          <TextLine ID="eSc_line_1788092" BASELINE="1310 1183 1673 1183 1790 1177 1964 1174 2155 1163 2236 1163" HPOS="1310.0" VPOS="1077.0" WIDTH="926.0" HEIGHT="162.0">
            <Shape><Polygon POINTS="1310 1097 1673 1097 1785 1091 1962 1088 2150 1077 2236 1077 2236 1219 2158 1219 1964 1230 1792 1233 1673 1239 1310 1239"/></Shape>
	    <String CONTENT=" ל מעשה ו תשבות " HPOS="1310.0" VPOS="1077.0" WIDTH="926.0" HEIGHT="162.0"><Glyph ID="char_22" CONTENT=" " GC="1.0"><Shape><Polygon POINTS="2236 1077 2236 1219 2236 1219 2236 1077"/></Shape></Glyph><Glyph ID="char_23" CONTENT="ל" GC="1.0"><Shape><Polygon POINTS="2227 1077 2227 1219 2236 1219 2236 1077"/></Shape></Glyph><Glyph ID="char_24" CONTENT=" " GC="1.0"><Shape><Polygon POINTS="2208 1077 2208 1219 2227 1219 2227 1077"/></Shape></Glyph><Glyph ID="char_25" CONTENT="מ" GC="1.0"><Shape><Polygon POINTS="2170 1077 2170 1219 2208 1219 2208 1077"/></Shape></Glyph><Glyph ID="char_26" CONTENT="ע" GC="1.0"><Shape><Polygon POINTS="2108 1079 2116 1221 2170 1219 2170 1077"/></Shape></Glyph><Glyph ID="char_27" CONTENT="ש" GC="1.0"><Shape><Polygon POINTS="2012 1085 2020 1227 2116 1221 2108 1079"/></Shape></Glyph><Glyph ID="char_28" CONTENT="ה" GC="1.0"><Shape><Polygon POINTS="1948 1088 1951 1230 2020 1227 2012 1085"/></Shape></Glyph><Glyph ID="char_29" CONTENT=" " GC="1.0"><Shape><Polygon POINTS="1901 1089 1904 1231 1951 1230 1948 1088"/></Shape></Glyph><Glyph ID="char_30" CONTENT="ו" GC="1.0"><Shape><Polygon POINTS="1736 1094 1743 1235 1904 1231 1901 1089"/></Shape></Glyph><Glyph ID="char_31" CONTENT=" " GC="1.0"><Shape><Polygon POINTS="1578 1097 1578 1239 1743 1235 1736 1094"/></Shape></Glyph><Glyph ID="char_32" CONTENT="ת" GC="1.0"><Shape><Polygon POINTS="1530 1097 1530 1239 1578 1239 1578 1097"/></Shape></Glyph><Glyph ID="char_33" CONTENT="ש" GC="1.0"><Shape><Polygon POINTS="1482 1097 1482 1239 1530 1239 1530 1097"/></Shape></Glyph><Glyph ID="char_34" CONTENT="ב" GC="1.0"><Shape><Polygon POINTS="1425 1097 1425 1239 1482 1239 1482 1097"/></Shape></Glyph><Glyph ID="char_35" CONTENT="ו" GC="1.0"><Shape><Polygon POINTS="1377 1097 1377 1239 1425 1239 1425 1097"/></Shape></Glyph><Glyph ID="char_36" CONTENT="ת" GC="1.0"><Shape><Polygon POINTS="1348 1097 1348 1239 1377 1239 1377 1097"/></Shape></Glyph><Glyph ID="char_37" CONTENT=" " GC="1.0"><Shape><Polygon POINTS="1320 1097 1320 1239 1348 1239 1348 1097"/></Shape></Glyph></String>
          </TextLine>

          
          
          <TextLine ID="eSc_line_1788093" BASELINE="1262 1341 1540 1332 1700 1332 1858 1321 2180 1325" HPOS="1259.0" VPOS="1236.0" WIDTH="922.0" HEIGHT="161.0">
            <Shape><Polygon POINTS="1259 1255 1537 1246 1700 1246 1852 1236 2181 1239 2179 1381 1861 1377 1700 1388 1541 1388 1263 1397"/></Shape>
	    <String CONTENT=" לם לעד ה אה י " HPOS="1259.0" VPOS="1236.0" WIDTH="922.0" HEIGHT="161.0"><Glyph ID="char_38" CONTENT=" " GC="1.0"><Shape><Polygon POINTS="1989 1237 1987 1379 2093 1380 2095 1238"/></Shape></Glyph><Glyph ID="char_39" CONTENT="ל" GC="1.0"><Shape><Polygon POINTS="1922 1237 1920 1378 1987 1379 1989 1237"/></Shape></Glyph><Glyph ID="char_40" CONTENT="ם" GC="1.0"><Shape><Polygon POINTS="1839 1237 1848 1378 1920 1378 1922 1237"/></Shape></Glyph><Glyph ID="char_41" CONTENT=" " GC="1.0"><Shape><Polygon POINTS="1810 1239 1819 1380 1848 1378 1839 1237"/></Shape></Glyph><Glyph ID="char_42" CONTENT="ל" GC="1.0"><Shape><Polygon POINTS="1791 1240 1801 1381 1819 1380 1810 1239"/></Shape></Glyph><Glyph ID="char_43" CONTENT="ע" GC="1.0"><Shape><Polygon POINTS="1753 1243 1763 1384 1801 1381 1791 1240"/></Shape></Glyph><Glyph ID="char_44" CONTENT="ד" GC="1.0"><Shape><Polygon POINTS="1695 1246 1705 1388 1763 1384 1753 1243"/></Shape></Glyph><Glyph ID="char_45" CONTENT=" " GC="1.0"><Shape><Polygon POINTS="1615 1246 1615 1388 1705 1388 1695 1246"/></Shape></Glyph><Glyph ID="char_46" CONTENT="ה" GC="1.0"><Shape><Polygon POINTS="1536 1246 1541 1388 1615 1388 1615 1246"/></Shape></Glyph><Glyph ID="char_47" CONTENT=" " GC="1.0"><Shape><Polygon POINTS="1497 1247 1502 1389 1541 1388 1536 1246"/></Shape></Glyph><Glyph ID="char_48" CONTENT="א" GC="1.0"><Shape><Polygon POINTS="1440 1249 1445 1391 1502 1389 1497 1247"/></Shape></Glyph><Glyph ID="char_49" CONTENT="ה" GC="1.0"><Shape><Polygon POINTS="1392 1251 1397 1393 1445 1391 1440 1249"/></Shape></Glyph><Glyph ID="char_50" CONTENT=" " GC="1.0"><Shape><Polygon POINTS="1344 1252 1349 1394 1397 1393 1392 1251"/></Shape></Glyph><Glyph ID="char_51" CONTENT="י" GC="1.0"><Shape><Polygon POINTS="1296 1254 1301 1396 1349 1394 1344 1252"/></Shape></Glyph><Glyph ID="char_52" CONTENT=" " GC="1.0"><Shape><Polygon POINTS="1261 1341 1298 1339"/></Shape></Glyph></String>
          </TextLine>

          
          
          <TextLine ID="eSc_line_1788094" BASELINE="1373 1468 1472 1474 1569 1474 1853 1463 1997 1468" HPOS="1369.0" VPOS="1377.0" WIDTH="630.0" HEIGHT="153.0">
            <Shape><Polygon POINTS="1378 1382 1477 1388 1569 1388 1849 1377 1999 1382 1995 1524 1855 1519 1569 1530 1468 1530 1369 1524"/></Shape>
	    <String CONTENT=" מת וכ וד ל " HPOS="1369.0" VPOS="1377.0" WIDTH="630.0" HEIGHT="153.0"><Glyph ID="char_53" CONTENT=" " GC="1.0"><Shape><Polygon POINTS="1960 1381 1956 1523 1985 1524 1989 1382"/></Shape></Glyph><Glyph ID="char_54" CONTENT="מ" GC="1.0"><Shape><Polygon POINTS="1893 1378 1889 1520 1956 1523 1960 1381"/></Shape></Glyph><Glyph ID="char_55" CONTENT="ת" GC="1.0"><Shape><Polygon POINTS="1820 1378 1826 1520 1889 1520 1893 1378"/></Shape></Glyph><Glyph ID="char_56" CONTENT=" " GC="1.0"><Shape><Polygon POINTS="1772 1380 1778 1522 1826 1520 1820 1378"/></Shape></Glyph><Glyph ID="char_57" CONTENT="ו" GC="1.0"><Shape><Polygon POINTS="1724 1382 1730 1524 1778 1522 1772 1380"/></Shape></Glyph><Glyph ID="char_58" CONTENT="כ" GC="1.0"><Shape><Polygon POINTS="1666 1384 1672 1526 1730 1524 1724 1382"/></Shape></Glyph><Glyph ID="char_59" CONTENT=" " GC="1.0"><Shape><Polygon POINTS="1618 1386 1624 1528 1672 1526 1666 1384"/></Shape></Glyph><Glyph ID="char_60" CONTENT="ו" GC="1.0"><Shape><Polygon POINTS="1564 1388 1564 1530 1624 1528 1618 1386"/></Shape></Glyph><Glyph ID="char_61" CONTENT="ד" GC="1.0"><Shape><Polygon POINTS="1516 1388 1516 1530 1564 1530 1564 1388"/></Shape></Glyph><Glyph ID="char_62" CONTENT=" " GC="1.0"><Shape><Polygon POINTS="1465 1387 1455 1529 1516 1530 1516 1388"/></Shape></Glyph><Glyph ID="char_63" CONTENT="ל" GC="1.0"><Shape><Polygon POINTS="1407 1384 1397 1526 1455 1529 1465 1387"/></Shape></Glyph><Glyph ID="char_64" CONTENT=" " GC="1.0"><Shape><Polygon POINTS="1372 1467 1400 1469"/></Shape></Glyph></String>
          </TextLine>

          
          
          <TextLine ID="eSc_line_1788095" BASELINE="1389 1596 1986 1601 2090 1594" HPOS="1388.0" VPOS="1508.0" WIDTH="705.0" HEIGHT="149.0">
            <Shape><Polygon POINTS="1389 1510 1986 1515 2084 1508 2093 1650 1985 1657 1388 1652"/></Shape>
	    <String CONTENT=" א ול י הש " HPOS="1388.0" VPOS="1508.0" WIDTH="705.0" HEIGHT="149.0"><Glyph ID="char_65" CONTENT=" " GC="1.0"><Shape><Polygon POINTS="1984 1515 1982 1657 2045 1653 2035 1511"/></Shape></Glyph><Glyph ID="char_66" CONTENT="א" GC="1.0"><Shape><Polygon POINTS="1927 1515 1925 1657 1982 1657 1984 1515"/></Shape></Glyph><Glyph ID="char_67" CONTENT=" " GC="1.0"><Shape><Polygon POINTS="1850 1514 1848 1656 1925 1657 1927 1515"/></Shape></Glyph><Glyph ID="char_68" CONTENT="ו" GC="1.0"><Shape><Polygon POINTS="1792 1513 1790 1655 1848 1656 1850 1514"/></Shape></Glyph><Glyph ID="char_69" CONTENT="ל" GC="1.0"><Shape><Polygon POINTS="1763 1513 1761 1655 1790 1655 1792 1513"/></Shape></Glyph><Glyph ID="char_70" CONTENT=" " GC="1.0"><Shape><Polygon POINTS="1696 1513 1694 1655 1761 1655 1763 1513"/></Shape></Glyph><Glyph ID="char_71" CONTENT="י" GC="1.0"><Shape><Polygon POINTS="1629 1512 1627 1654 1694 1655 1696 1513"/></Shape></Glyph><Glyph ID="char_72" CONTENT=" " GC="1.0"><Shape><Polygon POINTS="1600 1512 1598 1654 1627 1654 1629 1512"/></Shape></Glyph><Glyph ID="char_73" CONTENT="ה" GC="1.0"><Shape><Polygon POINTS="1543 1511 1541 1653 1598 1654 1600 1512"/></Shape></Glyph><Glyph ID="char_74" CONTENT="ש" GC="1.0"><Shape><Polygon POINTS="1485 1511 1483 1653 1541 1653 1543 1511"/></Shape></Glyph><Glyph ID="char_75" CONTENT=" " GC="1.0"><Shape><Polygon POINTS="1418 1510 1416 1652 1483 1653 1485 1511"/></Shape></Glyph></String>
          </TextLine>

          
          
          <TextLine ID="eSc_line_1788097" BASELINE="1501 1745 1666 1752 1734 1747 1939 1813 2070 1824" HPOS="1498.0" VPOS="1659.0" WIDTH="579.0" HEIGHT="221.0">
            <Shape><Polygon POINTS="1504 1659 1669 1666 1727 1662 1965 1731 2077 1739 2065 1880 1921 1867 1738 1803 1663 1808 1498 1801"/></Shape>
	    <String CONTENT=" וד ר " HPOS="1498.0" VPOS="1659.0" WIDTH="579.0" HEIGHT="221.0"><Glyph ID="char_76" CONTENT=" " GC="1.0"><Shape><Polygon POINTS="1895 1711 1853 1843 1977 1872 1989 1733"/></Shape></Glyph><Glyph ID="char_77" CONTENT="ו" GC="1.0"><Shape><Polygon POINTS="1868 1703 1825 1834 1853 1843 1895 1711"/></Shape></Glyph><Glyph ID="char_78" CONTENT="ד" GC="1.0"><Shape><Polygon POINTS="1830 1692 1789 1821 1825 1834 1868 1703"/></Shape></Glyph><Glyph ID="char_79" CONTENT=" " GC="1.0"><Shape><Polygon POINTS="1774 1676 1733 1803 1789 1821 1830 1692"/></Shape></Glyph><Glyph ID="char_80" CONTENT="ר" GC="1.0"><Shape><Polygon POINTS="1668 1666 1661 1808 1733 1803 1774 1676"/></Shape></Glyph><Glyph ID="char_81" CONTENT=" " GC="1.0"><Shape><Polygon POINTS="1553 1661 1546 1803 1661 1808 1668 1666"/></Shape></Glyph></String>
          </TextLine>

          
        </TextBlock>
        

        
      </PrintSpace>
    </Page>
  </Layout>
</alto>