<?xml version='1.0' encoding='UTF-8'?>
<alto xmlns:xsi="http://www.w3.org/2001/XMLSchema-instance" xmlns="http://www.loc.gov/standards/alto/ns-v4#" xsi:schemaLocation="http://www.loc.gov/standards/alto/ns-v4# http://www.loc.gov/standards/alto/v4/alto-4-2.xsd">
  <Description>
    <MeasurementUnit>pixel</MeasurementUnit>
    <sourceImageInformation>
      <fileName>P328-Fg001-R-C01-R01-D10122012-T144331-LR924 _012.jpg</fileName>
      
    </sourceImageInformation>
  </Description>
  
  <Tags>
    <OtherTag ID="BT1443" LABEL="Parchment_or_papyrus" DESCRIPTION="block type Parchment_or_papyrus"/><OtherTag ID="BT2" LABEL="Main" DESCRIPTION="block type Main"/>
    
  </Tags>
  
  <Layout>
    <Page WIDTH="2706" HEIGHT="3608" PHYSICAL_IMG_NR="204" ID="eSc_dummypage_">
      <PrintSpace HPOS="0" VPOS="0" WIDTH="2706" HEIGHT="3608">
        
        <TextBlock HPOS="554.0" VPOS="1028.0" WIDTH="1625.0" HEIGHT="1445.0" ID="eSc_textblock_9ffca5d2" TAGREFS="BT2">
          <Shape><Polygon POINTS="554 1028 554 2473 2179 2473 2179 1028"/></Shape>
          
          
          <TextLine ID="eSc_line_1772600" BASELINE="1524 1175 2041 1184" HPOS="1522.0" VPOS="1054.0" WIDTH="521.0" HEIGHT="210.0">
            <Shape><Polygon POINTS="1526 1054 2043 1063 2039 1264 1522 1255"/></Shape>
	    <String CONTENT=" ולאחירם " HPOS="1522.0" VPOS="1054.0" WIDTH="521.0" HEIGHT="210.0"><Glyph ID="char_0" CONTENT=" " GC="1.0"><Shape><Polygon POINTS="1989 1062 1985 1263 2026 1264 2030 1063"/></Shape></Glyph><Glyph ID="char_1" CONTENT="ו" GC="1.0"><Shape><Polygon POINTS="1948 1061 1944 1262 1985 1263 1989 1062"/></Shape></Glyph><Glyph ID="char_2" CONTENT="ל" GC="1.0"><Shape><Polygon POINTS="1907 1061 1903 1262 1944 1262 1948 1061"/></Shape></Glyph><Glyph ID="char_3" CONTENT="א" GC="1.0"><Shape><Polygon POINTS="1839 1059 1835 1260 1903 1262 1907 1061"/></Shape></Glyph><Glyph ID="char_4" CONTENT="ח" GC="1.0"><Shape><Polygon POINTS="1798 1059 1794 1260 1835 1260 1839 1059"/></Shape></Glyph><Glyph ID="char_5" CONTENT="י" GC="1.0"><Shape><Polygon POINTS="1744 1058 1740 1259 1794 1260 1798 1059"/></Shape></Glyph><Glyph ID="char_6" CONTENT="ר" GC="1.0"><Shape><Polygon POINTS="1675 1057 1671 1258 1740 1259 1744 1058"/></Shape></Glyph><Glyph ID="char_7" CONTENT="ם" GC="1.0"><Shape><Polygon POINTS="1634 1056 1630 1257 1671 1258 1675 1057"/></Shape></Glyph><Glyph ID="char_8" CONTENT=" " GC="1.0"><Shape><Polygon POINTS="1553 1054 1549 1255 1630 1257 1634 1056"/></Shape></Glyph></String>
          </TextLine>

          
          
          <TextLine ID="eSc_line_1772705" BASELINE="760 1451 1080 1425 1443 1353 1563 1349 1813 1365 2023 1371" HPOS="750.0" VPOS="1228.0" WIDTH="1276.0" HEIGHT="303.0">
            <Shape><Polygon POINTS="750 1330 1070 1304 1419 1234 1558 1228 1820 1244 2026 1250 2020 1451 1807 1445 1565 1429 1458 1431 1086 1505 766 1531"/></Shape>
	    <String CONTENT=" ענאל ולברקא ן " HPOS="750.0" VPOS="1228.0" WIDTH="1276.0" HEIGHT="303.0"><Glyph ID="char_9" CONTENT=" " GC="1.0"><Shape><Polygon POINTS="1999 1249 1993 1450 2019 1451 2025 1250"/></Shape></Glyph><Glyph ID="char_10" CONTENT="ע" GC="1.0"><Shape><Polygon POINTS="1972 1248 1966 1449 1993 1450 1999 1249"/></Shape></Glyph><Glyph ID="char_11" CONTENT="נ" GC="1.0"><Shape><Polygon POINTS="1931 1247 1925 1448 1966 1449 1972 1248"/></Shape></Glyph><Glyph ID="char_12" CONTENT="א" GC="1.0"><Shape><Polygon POINTS="1891 1246 1885 1447 1925 1448 1931 1247"/></Shape></Glyph><Glyph ID="char_13" CONTENT="ל" GC="1.0"><Shape><Polygon POINTS="1836 1244 1830 1446 1885 1447 1891 1246"/></Shape></Glyph><Glyph ID="char_14" CONTENT=" " GC="1.0"><Shape><Polygon POINTS="1800 1243 1787 1444 1830 1446 1836 1244"/></Shape></Glyph><Glyph ID="char_15" CONTENT="ו" GC="1.0"><Shape><Polygon POINTS="1746 1239 1733 1440 1787 1444 1800 1243"/></Shape></Glyph><Glyph ID="char_16" CONTENT="ל" GC="1.0"><Shape><Polygon POINTS="1692 1236 1679 1437 1733 1440 1746 1239"/></Shape></Glyph><Glyph ID="char_17" CONTENT="ב" GC="1.0"><Shape><Polygon POINTS="1638 1233 1626 1433 1679 1437 1692 1236"/></Shape></Glyph><Glyph ID="char_18" CONTENT="ר" GC="1.0"><Shape><Polygon POINTS="1559 1228 1565 1429 1626 1433 1638 1233"/></Shape></Glyph><Glyph ID="char_19" CONTENT="ק" GC="1.0"><Shape><Polygon POINTS="1518 1230 1524 1430 1565 1429 1559 1228"/></Shape></Glyph><Glyph ID="char_20" CONTENT="א" GC="1.0"><Shape><Polygon POINTS="1505 1230 1511 1430 1524 1430 1518 1230"/></Shape></Glyph><Glyph ID="char_21" CONTENT=" " GC="1.0"><Shape><Polygon POINTS="1139 1290 1178 1487 1511 1430 1505 1230"/></Shape></Glyph><Glyph ID="char_22" CONTENT="ן" GC="1.0"><Shape><Polygon POINTS="803 1326 819 1527 1178 1487 1139 1290"/></Shape></Glyph><Glyph ID="char_23" CONTENT=" " GC="1.0"><Shape><Polygon POINTS="759 1451 812 1446"/></Shape></Glyph></String>
          </TextLine>

          
          
          <TextLine ID="eSc_line_1772607" BASELINE="742 1635 826 1641 1013 1623 1166 1614 1229 1617 1316 1533 1482 1557 1563 1563 1746 1569 1972 1560 2110 1563" HPOS="736.0" VPOS="1437.0" WIDTH="1376.0" HEIGHT="284.0">
            <Shape><Polygon POINTS="750 1514 834 1520 1001 1502 1158 1493 1234 1496 1232 1446 1499 1437 1571 1442 1749 1448 1967 1439 2112 1442 2108 1643 1975 1640 1743 1649 1557 1643 1470 1636 1371 1590 1225 1697 1170 1694 1020 1703 820 1721 736 1715"/></Shape>
	    <String CONTENT=" ל לנעמאל ולר ולעמיא " HPOS="736.0" VPOS="1437.0" WIDTH="1376.0" HEIGHT="284.0"><Glyph ID="char_24" CONTENT=" " GC="1.0"><Shape><Polygon POINTS="1990 1439 1986 1640 2054 1642 2058 1441"/></Shape></Glyph><Glyph ID="char_25" CONTENT="ל" GC="1.0"><Shape><Polygon POINTS="1977 1439 1973 1640 1986 1640 1990 1439"/></Shape></Glyph><Glyph ID="char_26" CONTENT=" " GC="1.0"><Shape><Polygon POINTS="1929 1441 1937 1641 1973 1640 1977 1439"/></Shape></Glyph><Glyph ID="char_27" CONTENT="ל" GC="1.0"><Shape><Polygon POINTS="1875 1443 1883 1644 1937 1641 1929 1441"/></Shape></Glyph><Glyph ID="char_28" CONTENT="נ" GC="1.0"><Shape><Polygon POINTS="1835 1444 1843 1645 1883 1644 1875 1443"/></Shape></Glyph><Glyph ID="char_29" CONTENT="ע" GC="1.0"><Shape><Polygon POINTS="1780 1447 1788 1647 1843 1645 1835 1444"/></Shape></Glyph><Glyph ID="char_30" CONTENT="מ" GC="1.0"><Shape><Polygon POINTS="1735 1448 1728 1649 1788 1647 1780 1447"/></Shape></Glyph><Glyph ID="char_31" CONTENT="א" GC="1.0"><Shape><Polygon POINTS="1668 1445 1661 1646 1728 1649 1735 1448"/></Shape></Glyph><Glyph ID="char_32" CONTENT="ל" GC="1.0"><Shape><Polygon POINTS="1600 1443 1593 1644 1661 1646 1668 1445"/></Shape></Glyph><Glyph ID="char_33" CONTENT=" " GC="1.0"><Shape><Polygon POINTS="1538 1440 1523 1640 1593 1644 1600 1443"/></Shape></Glyph><Glyph ID="char_34" CONTENT="ו" GC="1.0"><Shape><Polygon POINTS="1492 1437 1464 1633 1523 1640 1538 1440"/></Shape></Glyph><Glyph ID="char_35" CONTENT="ל" GC="1.0"><Shape><Polygon POINTS="1437 1439 1413 1609 1464 1633 1492 1437"/></Shape></Glyph><Glyph ID="char_36" CONTENT="ר" GC="1.0"><Shape><Polygon POINTS="1201 1495 1325 1624 1413 1609 1437 1439"/></Shape></Glyph><Glyph ID="char_37" CONTENT=" " GC="1.0"><Shape><Polygon POINTS="1125 1495 1136 1696 1325 1624 1201 1495"/></Shape></Glyph><Glyph ID="char_38" CONTENT="ו" GC="1.0"><Shape><Polygon POINTS="1085 1497 1096 1698 1136 1696 1125 1495"/></Shape></Glyph><Glyph ID="char_39" CONTENT="ל" GC="1.0"><Shape><Polygon POINTS="1017 1501 1029 1702 1096 1698 1085 1497"/></Shape></Glyph><Glyph ID="char_40" CONTENT="ע" GC="1.0"><Shape><Polygon POINTS="945 1508 964 1708 1029 1702 1017 1501"/></Shape></Glyph><Glyph ID="char_41" CONTENT="מ" GC="1.0"><Shape><Polygon POINTS="891 1514 910 1713 964 1708 945 1508"/></Shape></Glyph><Glyph ID="char_42" CONTENT="י" GC="1.0"><Shape><Polygon POINTS="837 1520 856 1718 910 1713 891 1514"/></Shape></Glyph><Glyph ID="char_43" CONTENT="א" GC="1.0"><Shape><Polygon POINTS="792 1517 775 1718 856 1718 837 1520"/></Shape></Glyph><Glyph ID="char_44" CONTENT=" " GC="1.0"><Shape><Polygon POINTS="741 1634 781 1637"/></Shape></Glyph></String>
          </TextLine>

          
          
          <TextLine ID="eSc_line_1772706" BASELINE="584 1882 786 1845 820 1828 941 1816 1154 1810 1283 1755 1533 1761 1900 1791 2065 1794 2218 1804" HPOS="562.0" VPOS="1640.0" WIDTH="1663.0" HEIGHT="321.0">
            <Shape><Polygon POINTS="562 1763 764 1726 766 1720 929 1695 1150 1689 1235 1644 1535 1640 1909 1670 2067 1673 2225 1683 2212 1884 2063 1874 1893 1871 1531 1841 1314 1828 1156 1890 948 1896 855 1899 800 1924 598 1961"/></Shape>
	    <String CONTENT=" ול אלין גבריא מה חט לכה די קטל " HPOS="562.0" VPOS="1640.0" WIDTH="1663.0" HEIGHT="321.0"><Glyph ID="char_45" CONTENT=" " GC="1.0"><Shape><Polygon POINTS="2198 1681 2185 1882 2211 1884 2224 1683"/></Shape></Glyph><Glyph ID="char_46" CONTENT="ו" GC="1.0"><Shape><Polygon POINTS="2157 1679 2144 1879 2185 1882 2198 1681"/></Shape></Glyph><Glyph ID="char_47" CONTENT="ל" GC="1.0"><Shape><Polygon POINTS="2130 1677 2117 1878 2144 1879 2157 1679"/></Shape></Glyph><Glyph ID="char_48" CONTENT=" " GC="1.0"><Shape><Polygon POINTS="2089 1674 2076 1875 2117 1878 2130 1677"/></Shape></Glyph><Glyph ID="char_49" CONTENT="א" GC="1.0"><Shape><Polygon POINTS="2030 1672 2026 1873 2076 1875 2089 1674"/></Shape></Glyph><Glyph ID="char_50" CONTENT="ל" GC="1.0"><Shape><Polygon POINTS="1976 1671 1972 1872 2026 1873 2030 1672"/></Shape></Glyph><Glyph ID="char_51" CONTENT="י" GC="1.0"><Shape><Polygon POINTS="1949 1671 1945 1872 1972 1872 1976 1671"/></Shape></Glyph><Glyph ID="char_52" CONTENT="ן" GC="1.0"><Shape><Polygon POINTS="1921 1670 1917 1871 1945 1872 1949 1671"/></Shape></Glyph><Glyph ID="char_53" CONTENT=" " GC="1.0"><Shape><Polygon POINTS="1888 1668 1872 1869 1917 1871 1921 1670"/></Shape></Glyph><Glyph ID="char_54" CONTENT="ג" GC="1.0"><Shape><Polygon POINTS="1835 1664 1818 1865 1872 1869 1888 1668"/></Shape></Glyph><Glyph ID="char_55" CONTENT="ב" GC="1.0"><Shape><Polygon POINTS="1767 1659 1750 1859 1818 1865 1835 1664"/></Shape></Glyph><Glyph ID="char_56" CONTENT="ר" GC="1.0"><Shape><Polygon POINTS="1712 1654 1696 1855 1750 1859 1767 1659"/></Shape></Glyph><Glyph ID="char_57" CONTENT="י" GC="1.0"><Shape><Polygon POINTS="1672 1651 1656 1851 1696 1855 1712 1654"/></Shape></Glyph><Glyph ID="char_58" CONTENT="א" GC="1.0"><Shape><Polygon POINTS="1631 1648 1615 1848 1656 1851 1672 1651"/></Shape></Glyph><Glyph ID="char_59" CONTENT=" " GC="1.0"><Shape><Polygon POINTS="1590 1644 1574 1845 1615 1848 1631 1648"/></Shape></Glyph><Glyph ID="char_60" CONTENT="מ" GC="1.0"><Shape><Polygon POINTS="1517 1640 1512 1840 1574 1845 1590 1644"/></Shape></Glyph><Glyph ID="char_61" CONTENT="ה" GC="1.0"><Shape><Polygon POINTS="1462 1641 1457 1837 1512 1840 1517 1640"/></Shape></Glyph><Glyph ID="char_62" CONTENT=" " GC="1.0"><Shape><Polygon POINTS="1407 1642 1403 1833 1457 1837 1462 1641"/></Shape></Glyph><Glyph ID="char_63" CONTENT="ח" GC="1.0"><Shape><Polygon POINTS="1353 1642 1349 1830 1403 1833 1407 1642"/></Shape></Glyph><Glyph ID="char_64" CONTENT="ט" GC="1.0"><Shape><Polygon POINTS="1199 1663 1276 1843 1349 1830 1353 1642"/></Shape></Glyph><Glyph ID="char_65" CONTENT=" " GC="1.0"><Shape><Polygon POINTS="1115 1690 1120 1891 1276 1843 1199 1663"/></Shape></Glyph><Glyph ID="char_66" CONTENT="ל" GC="1.0"><Shape><Polygon POINTS="1060 1691 1065 1893 1120 1891 1115 1690"/></Shape></Glyph><Glyph ID="char_67" CONTENT="כ" GC="1.0"><Shape><Polygon POINTS="1006 1693 1011 1894 1065 1893 1060 1691"/></Shape></Glyph><Glyph ID="char_68" CONTENT="ה" GC="1.0"><Shape><Polygon POINTS="952 1694 957 1896 1011 1894 1006 1693"/></Shape></Glyph><Glyph ID="char_69" CONTENT=" " GC="1.0"><Shape><Polygon POINTS="889 1701 909 1897 957 1896 952 1694"/></Shape></Glyph><Glyph ID="char_70" CONTENT="ד" GC="1.0"><Shape><Polygon POINTS="835 1709 854 1900 909 1897 889 1701"/></Shape></Glyph><Glyph ID="char_71" CONTENT="י" GC="1.0"><Shape><Polygon POINTS="766 1720 855 1899 854 1900 835 1709"/></Shape></Glyph><Glyph ID="char_72" CONTENT=" " GC="1.0"><Shape><Polygon POINTS="762 1726 798 1924 855 1899 766 1720"/></Shape></Glyph><Glyph ID="char_73" CONTENT="ק" GC="1.0"><Shape><Polygon POINTS="708 1736 744 1934 798 1924 762 1726"/></Shape></Glyph><Glyph ID="char_74" CONTENT="ט" GC="1.0"><Shape><Polygon POINTS="642 1748 678 1946 744 1934 708 1736"/></Shape></Glyph><Glyph ID="char_75" CONTENT="ל" GC="1.0"><Shape><Polygon POINTS="602 1756 638 1954 678 1946 642 1748"/></Shape></Glyph><Glyph ID="char_76" CONTENT=" " GC="1.0"><Shape><Polygon POINTS="583 1882 623 1874"/></Shape></Glyph></String>
          </TextLine>

          
          
          <TextLine ID="eSc_line_1772606" BASELINE="826 2017 895 2032 1013 2035 1214 2017 1407 2014 1614 1999 2059 2002" HPOS="808.0" VPOS="1878.0" WIDTH="1251.0" HEIGHT="237.0">
            <Shape><Polygon POINTS="851 1899 920 1914 1016 1914 1203 1896 1405 1893 1605 1878 2059 1881 2058 2082 1619 2079 1408 2094 1221 2097 1010 2115 877 2110 808 2095"/></Shape>
	    <String CONTENT=" הלא כול אלין אזלו בחרבכה " HPOS="808.0" VPOS="1878.0" WIDTH="1251.0" HEIGHT="237.0"><Glyph ID="char_77" CONTENT=" " GC="1.0"><Shape><Polygon POINTS="2018 1881 2016 2082 2056 2082 2058 1881"/></Shape></Glyph><Glyph ID="char_78" CONTENT="ה" GC="1.0"><Shape><Polygon POINTS="1964 1880 1962 2081 2016 2082 2018 1881"/></Shape></Glyph><Glyph ID="char_79" CONTENT="ל" GC="1.0"><Shape><Polygon POINTS="1896 1880 1894 2081 1962 2081 1964 1880"/></Shape></Glyph><Glyph ID="char_80" CONTENT="א" GC="1.0"><Shape><Polygon POINTS="1842 1880 1840 2081 1894 2081 1896 1880"/></Shape></Glyph><Glyph ID="char_81" CONTENT=" " GC="1.0"><Shape><Polygon POINTS="1801 1879 1799 2080 1840 2081 1842 1880"/></Shape></Glyph><Glyph ID="char_82" CONTENT="כ" GC="1.0"><Shape><Polygon POINTS="1746 1879 1744 2080 1799 2080 1801 1879"/></Shape></Glyph><Glyph ID="char_83" CONTENT="ו" GC="1.0"><Shape><Polygon POINTS="1706 1879 1704 2080 1744 2080 1746 1879"/></Shape></Glyph><Glyph ID="char_84" CONTENT="ל" GC="1.0"><Shape><Polygon POINTS="1651 1878 1649 2079 1704 2080 1706 1879"/></Shape></Glyph><Glyph ID="char_85" CONTENT=" " GC="1.0"><Shape><Polygon POINTS="1601 1878 1616 2079 1649 2079 1651 1878"/></Shape></Glyph><Glyph ID="char_86" CONTENT="א" GC="1.0"><Shape><Polygon POINTS="1546 1882 1561 2083 1616 2079 1601 1878"/></Shape></Glyph><Glyph ID="char_87" CONTENT="ל" GC="1.0"><Shape><Polygon POINTS="1492 1886 1507 2087 1561 2083 1546 1882"/></Shape></Glyph><Glyph ID="char_88" CONTENT="י" GC="1.0"><Shape><Polygon POINTS="1451 1890 1466 2090 1507 2087 1492 1886"/></Shape></Glyph><Glyph ID="char_89" CONTENT="ן" GC="1.0"><Shape><Polygon POINTS="1425 1892 1439 2092 1466 2090 1451 1890"/></Shape></Glyph><Glyph ID="char_90" CONTENT=" " GC="1.0"><Shape><Polygon POINTS="1390 1893 1394 2094 1439 2092 1425 1892"/></Shape></Glyph><Glyph ID="char_91" CONTENT="א" GC="1.0"><Shape><Polygon POINTS="1350 1894 1354 2095 1394 2094 1390 1893"/></Shape></Glyph><Glyph ID="char_92" CONTENT="ז" GC="1.0"><Shape><Polygon POINTS="1295 1895 1299 2096 1354 2095 1350 1894"/></Shape></Glyph><Glyph ID="char_93" CONTENT="ל" GC="1.0"><Shape><Polygon POINTS="1255 1895 1259 2096 1299 2096 1295 1895"/></Shape></Glyph><Glyph ID="char_94" CONTENT="ו" GC="1.0"><Shape><Polygon POINTS="1192 1897 1210 2098 1259 2096 1255 1895"/></Shape></Glyph><Glyph ID="char_95" CONTENT=" " GC="1.0"><Shape><Polygon POINTS="1152 1901 1170 2101 1210 2098 1192 1897"/></Shape></Glyph><Glyph ID="char_96" CONTENT="ב" GC="1.0"><Shape><Polygon POINTS="1097 1906 1115 2106 1170 2101 1152 1901"/></Shape></Glyph><Glyph ID="char_97" CONTENT="ח" GC="1.0"><Shape><Polygon POINTS="1043 1911 1061 2111 1115 2106 1097 1906"/></Shape></Glyph><Glyph ID="char_98" CONTENT="ר" GC="1.0"><Shape><Polygon POINTS="1003 1914 998 2115 1061 2111 1043 1911"/></Shape></Glyph><Glyph ID="char_99" CONTENT="ב" GC="1.0"><Shape><Polygon POINTS="921 1914 916 2111 998 2115 1003 1914"/></Shape></Glyph><Glyph ID="char_100" CONTENT="כ" GC="1.0"><Shape><Polygon POINTS="878 1905 833 2101 916 2111 921 1914"/></Shape></Glyph><Glyph ID="char_101" CONTENT="ה" GC="1.0"><Shape><Polygon POINTS="865 1902 821 2098 833 2101 878 1905"/></Shape></Glyph><Glyph ID="char_102" CONTENT=" " GC="1.0"><Shape><Polygon POINTS="825 2016 838 2019"/></Shape></Glyph></String>
          </TextLine>

          
          
          <TextLine ID="eSc_line_1772604" BASELINE="1001 2206 1202 2206 1503 2188 1963 2176" HPOS="1001.0" VPOS="2055.0" WIDTH="964.0" HEIGHT="231.0">
            <Shape><Polygon POINTS="1001 2085 1202 2085 1495 2067 1959 2055 1965 2256 1507 2268 1202 2286 1001 2286"/></Shape>
	    <String CONTENT=" כנהרין רברבין על א " HPOS="1001.0" VPOS="2055.0" WIDTH="964.0" HEIGHT="231.0"><Glyph ID="char_103" CONTENT=" " GC="1.0"><Shape><Polygon POINTS="1960 2095 1964 2256 1964 2256 1960 2095"/></Shape></Glyph><Glyph ID="char_104" CONTENT="כ" GC="1.0"><Shape><Polygon POINTS="1946 2055 1951 2256 1964 2256 1960 2095"/></Shape></Glyph><Glyph ID="char_105" CONTENT="נ" GC="1.0"><Shape><Polygon POINTS="1878 2057 1883 2258 1951 2256 1946 2055"/></Shape></Glyph><Glyph ID="char_106" CONTENT="ה" GC="1.0"><Shape><Polygon POINTS="1784 2060 1789 2261 1883 2258 1878 2057"/></Shape></Glyph><Glyph ID="char_107" CONTENT="ר" GC="1.0"><Shape><Polygon POINTS="1729 2061 1734 2262 1789 2261 1784 2060"/></Shape></Glyph><Glyph ID="char_108" CONTENT="י" GC="1.0"><Shape><Polygon POINTS="1675 2062 1680 2263 1734 2262 1729 2061"/></Shape></Glyph><Glyph ID="char_109" CONTENT="ן" GC="1.0"><Shape><Polygon POINTS="1634 2063 1640 2265 1680 2263 1675 2062"/></Shape></Glyph><Glyph ID="char_110" CONTENT=" " GC="1.0"><Shape><Polygon POINTS="1553 2065 1559 2267 1640 2265 1634 2063"/></Shape></Glyph><Glyph ID="char_111" CONTENT="ר" GC="1.0"><Shape><Polygon POINTS="1454 2070 1466 2270 1559 2267 1553 2065"/></Shape></Glyph><Glyph ID="char_112" CONTENT="ב" GC="1.0"><Shape><Polygon POINTS="1400 2073 1412 2274 1466 2270 1454 2070"/></Shape></Glyph><Glyph ID="char_113" CONTENT="ר" GC="1.0"><Shape><Polygon POINTS="1333 2077 1345 2278 1412 2274 1400 2073"/></Shape></Glyph><Glyph ID="char_114" CONTENT="ב" GC="1.0"><Shape><Polygon POINTS="1279 2080 1291 2281 1345 2278 1333 2077"/></Shape></Glyph><Glyph ID="char_115" CONTENT="י" GC="1.0"><Shape><Polygon POINTS="1225 2084 1237 2284 1291 2281 1279 2080"/></Shape></Glyph><Glyph ID="char_116" CONTENT="ן" GC="1.0"><Shape><Polygon POINTS="1198 2085 1210 2286 1237 2284 1225 2084"/></Shape></Glyph><Glyph ID="char_117" CONTENT=" " GC="1.0"><Shape><Polygon POINTS="1177 2085 1177 2286 1210 2286 1198 2085"/></Shape></Glyph><Glyph ID="char_118" CONTENT="ע" GC="1.0"><Shape><Polygon POINTS="1123 2085 1123 2286 1177 2286 1177 2085"/></Shape></Glyph><Glyph ID="char_119" CONTENT="ל" GC="1.0"><Shape><Polygon POINTS="1083 2085 1083 2286 1123 2286 1123 2085"/></Shape></Glyph><Glyph ID="char_120" CONTENT=" " GC="1.0"><Shape><Polygon POINTS="1055 2085 1055 2286 1083 2286 1083 2085"/></Shape></Glyph><Glyph ID="char_121" CONTENT="א" GC="1.0"><Shape><Polygon POINTS="1042 2085 1042 2286 1055 2286 1055 2085"/></Shape></Glyph><Glyph ID="char_122" CONTENT=" " GC="1.0"><Shape><Polygon POINTS="1001 2085 1001 2286 1042 2286 1042 2085"/></Shape></Glyph></String>
          </TextLine>

          
          
          <TextLine ID="eSc_line_1772601" BASELINE="1536 2360 1936 2366" HPOS="1534.0" VPOS="2239.0" WIDTH="403.0" HEIGHT="207.0">
            <Shape><Polygon POINTS="1537 2239 1937 2245 1934 2446 1534 2440"/></Shape>
	    <String CONTENT=" עליכה " HPOS="1534.0" VPOS="2239.0" WIDTH="403.0" HEIGHT="207.0"><Glyph ID="char_123" CONTENT=" " GC="1.0"><Shape><Polygon POINTS="1937 2265 1934 2446 1934 2446 1937 2265"/></Shape></Glyph><Glyph ID="char_124" CONTENT="ע" GC="1.0"><Shape><Polygon POINTS="1896 2244 1893 2445 1934 2446 1937 2265"/></Shape></Glyph><Glyph ID="char_125" CONTENT="ל" GC="1.0"><Shape><Polygon POINTS="1855 2244 1852 2445 1893 2445 1896 2244"/></Shape></Glyph><Glyph ID="char_126" CONTENT="י" GC="1.0"><Shape><Polygon POINTS="1813 2243 1810 2444 1852 2445 1855 2244"/></Shape></Glyph><Glyph ID="char_127" CONTENT="כ" GC="1.0"><Shape><Polygon POINTS="1758 2242 1755 2443 1810 2444 1813 2243"/></Shape></Glyph><Glyph ID="char_128" CONTENT="ה" GC="1.0"><Shape><Polygon POINTS="1717 2242 1714 2443 1755 2443 1758 2242"/></Shape></Glyph><Glyph ID="char_129" CONTENT=" " GC="1.0"><Shape><Polygon POINTS="1607 2240 1604 2441 1714 2443 1717 2242"/></Shape></Glyph></String>
          </TextLine>

          
        </TextBlock>
        

        
      </PrintSpace>
    </Page>
  </Layout>
</alto>