<?xml version='1.0' encoding='UTF-8'?>
<alto xmlns:xsi="http://www.w3.org/2001/XMLSchema-instance" xmlns="http://www.loc.gov/standards/alto/ns-v4#" xsi:schemaLocation="http://www.loc.gov/standards/alto/ns-v4# http://www.loc.gov/standards/alto/v4/alto-4-2.xsd">
  <Description>
    <MeasurementUnit>pixel</MeasurementUnit>
    <sourceImageInformation>
      <fileName>P331-Fg005-R-C01-R01-D27082012-T140022-LR924_012_F.jpg</fileName>
      
    </sourceImageInformation>
  </Description>
  
  <Tags>
    <OtherTag ID="BT1443" LABEL="Parchment_or_papyrus" DESCRIPTION="block type Parchment_or_papyrus"/><OtherTag ID="BT2" LABEL="Main" DESCRIPTION="block type Main"/>
    
  </Tags>
  
  <Layout>
    <Page WIDTH="3608" HEIGHT="2706" PHYSICAL_IMG_NR="181" ID="eSc_dummypage_">
      <PrintSpace HPOS="0" VPOS="0" WIDTH="3608" HEIGHT="2706">
        
        <TextBlock HPOS="1520.0" VPOS="1138.0" WIDTH="521.0" HEIGHT="785.0" ID="eSc_textblock_8d3e91b5" TAGREFS="BT2">
          <Shape><Polygon POINTS="1520 1138 1520 1923 2041 1923 2041 1138"/></Shape>
          
          
          <TextLine ID="eSc_line_1788174" BASELINE="1652 1228 1855 1217" HPOS="1647.0" VPOS="1130.0" WIDTH="211.0" HEIGHT="155.0">
            <Shape><Polygon POINTS="1647 1141 1850 1130 1858 1274 1655 1285"/></Shape>
	    <String CONTENT=" לב " HPOS="1647.0" VPOS="1130.0" WIDTH="211.0" HEIGHT="155.0"><Glyph ID="char_0" CONTENT=" " GC="1.0"><Shape><Polygon POINTS="1801 1133 1809 1277 1839 1275 1831 1131"/></Shape></Glyph><Glyph ID="char_1" CONTENT="ל" GC="1.0"><Shape><Polygon POINTS="1792 1133 1800 1277 1809 1277 1801 1133"/></Shape></Glyph><Glyph ID="char_2" CONTENT="ב" GC="1.0"><Shape><Polygon POINTS="1772 1134 1780 1278 1800 1277 1792 1133"/></Shape></Glyph><Glyph ID="char_3" CONTENT=" " GC="1.0"><Shape><Polygon POINTS="1695 1138 1703 1282 1780 1278 1772 1134"/></Shape></Glyph></String>
          </TextLine>

          
          
          <TextLine ID="eSc_line_1788175" BASELINE="1490 1366 1549 1355 1598 1355 1758 1366 1986 1366" HPOS="1474.0" VPOS="1268.0" WIDTH="512.0" HEIGHT="155.0">
            <Shape><Polygon POINTS="1474 1281 1533 1270 1598 1268 1763 1279 1986 1279 1986 1423 1754 1423 1598 1412 1559 1411 1500 1422"/></Shape>
	    <String CONTENT="ללו נוסד ומ " HPOS="1474.0" VPOS="1268.0" WIDTH="512.0" HEIGHT="155.0"><Glyph ID="char_4" CONTENT="ל" GC="1.0"><Shape><Polygon POINTS="1927 1279 1927 1423 1966 1423 1966 1279"/></Shape></Glyph><Glyph ID="char_5" CONTENT="ל" GC="1.0"><Shape><Polygon POINTS="1908 1279 1908 1423 1927 1423 1927 1279"/></Shape></Glyph><Glyph ID="char_6" CONTENT="ו" GC="1.0"><Shape><Polygon POINTS="1869 1279 1869 1423 1908 1423 1908 1279"/></Shape></Glyph><Glyph ID="char_7" CONTENT=" " GC="1.0"><Shape><Polygon POINTS="1830 1279 1830 1423 1869 1423 1869 1279"/></Shape></Glyph><Glyph ID="char_8" CONTENT="נ" GC="1.0"><Shape><Polygon POINTS="1791 1279 1791 1423 1830 1423 1830 1279"/></Shape></Glyph><Glyph ID="char_9" CONTENT="ו" GC="1.0"><Shape><Polygon POINTS="1748 1278 1738 1422 1791 1423 1791 1279"/></Shape></Glyph><Glyph ID="char_10" CONTENT="ס" GC="1.0"><Shape><Polygon POINTS="1680 1273 1670 1417 1738 1422 1748 1278"/></Shape></Glyph><Glyph ID="char_11" CONTENT="ד" GC="1.0"><Shape><Polygon POINTS="1621 1270 1611 1413 1670 1417 1680 1273"/></Shape></Glyph><Glyph ID="char_12" CONTENT=" " GC="1.0"><Shape><Polygon POINTS="1576 1269 1576 1411 1611 1413 1621 1270"/></Shape></Glyph><Glyph ID="char_13" CONTENT="ו" GC="1.0"><Shape><Polygon POINTS="1522 1272 1547 1413 1576 1411 1576 1269"/></Shape></Glyph><Glyph ID="char_14" CONTENT="מ" GC="1.0"><Shape><Polygon POINTS="1493 1277 1519 1418 1547 1413 1522 1272"/></Shape></Glyph><Glyph ID="char_15" CONTENT=" " GC="1.0"><Shape><Polygon POINTS="1489 1366 1508 1362"/></Shape></Glyph></String>
          </TextLine>

          
          
          <TextLine ID="eSc_line_1788176" BASELINE="1483 1510 1898 1508 1973 1515 2018 1524" HPOS="1482.0" VPOS="1421.0" WIDTH="552.0" HEIGHT="159.0">
            <Shape><Polygon POINTS="1482 1423 1897 1421 1981 1428 2034 1439 2006 1580 1967 1572 1898 1565 1483 1567"/></Shape>
	    <String CONTENT="עולם תשובת " HPOS="1482.0" VPOS="1421.0" WIDTH="552.0" HEIGHT="159.0"><Glyph ID="char_16" CONTENT="ע" GC="1.0"><Shape><Polygon POINTS="1955 1426 1941 1569 1984 1575 2012 1434"/></Shape></Glyph><Glyph ID="char_17" CONTENT="ו" GC="1.0"><Shape><Polygon POINTS="1916 1423 1903 1565 1941 1569 1955 1426"/></Shape></Glyph><Glyph ID="char_18" CONTENT="ל" GC="1.0"><Shape><Polygon POINTS="1870 1421 1870 1565 1903 1565 1916 1423"/></Shape></Glyph><Glyph ID="char_19" CONTENT="ם" GC="1.0"><Shape><Polygon POINTS="1831 1421 1831 1565 1870 1565 1870 1421"/></Shape></Glyph><Glyph ID="char_20" CONTENT=" " GC="1.0"><Shape><Polygon POINTS="1782 1422 1782 1566 1831 1565 1831 1421"/></Shape></Glyph><Glyph ID="char_21" CONTENT="ת" GC="1.0"><Shape><Polygon POINTS="1734 1422 1734 1566 1782 1566 1782 1422"/></Shape></Glyph><Glyph ID="char_22" CONTENT="ש" GC="1.0"><Shape><Polygon POINTS="1676 1422 1676 1566 1734 1566 1734 1422"/></Shape></Glyph><Glyph ID="char_23" CONTENT="ו" GC="1.0"><Shape><Polygon POINTS="1627 1422 1627 1566 1676 1566 1676 1422"/></Shape></Glyph><Glyph ID="char_24" CONTENT="ב" GC="1.0"><Shape><Polygon POINTS="1579 1423 1579 1567 1627 1566 1627 1422"/></Shape></Glyph><Glyph ID="char_25" CONTENT="ת" GC="1.0"><Shape><Polygon POINTS="1530 1423 1530 1567 1579 1567 1579 1423"/></Shape></Glyph><Glyph ID="char_26" CONTENT=" " GC="1.0"><Shape><Polygon POINTS="1482 1510 1529 1509"/></Shape></Glyph></String>
          </TextLine>

          
          
          <TextLine ID="eSc_line_1788177" BASELINE="1501 1652 1713 1652 1964 1661" HPOS="1501.0" VPOS="1565.0" WIDTH="466.0" HEIGHT="153.0">
            <Shape><Polygon POINTS="1501 1565 1713 1565 1967 1574 1961 1718 1713 1709 1501 1709"/></Shape>
	    <String CONTENT=" ל רבכמה ו " HPOS="1501.0" VPOS="1565.0" WIDTH="466.0" HEIGHT="153.0"><Glyph ID="char_27" CONTENT=" " GC="1.0"><Shape><Polygon POINTS="1917 1572 1912 1716 1942 1717 1947 1573"/></Shape></Glyph><Glyph ID="char_28" CONTENT="ל" GC="1.0"><Shape><Polygon POINTS="1908 1572 1903 1716 1912 1716 1917 1572"/></Shape></Glyph><Glyph ID="char_29" CONTENT=" " GC="1.0"><Shape><Polygon POINTS="1878 1571 1873 1715 1903 1716 1908 1572"/></Shape></Glyph><Glyph ID="char_30" CONTENT="ר" GC="1.0"><Shape><Polygon POINTS="1819 1569 1814 1713 1873 1715 1878 1571"/></Shape></Glyph><Glyph ID="char_31" CONTENT="ב" GC="1.0"><Shape><Polygon POINTS="1760 1567 1755 1711 1814 1713 1819 1569"/></Shape></Glyph><Glyph ID="char_32" CONTENT="כ" GC="1.0"><Shape><Polygon POINTS="1708 1565 1708 1709 1755 1711 1760 1567"/></Shape></Glyph><Glyph ID="char_33" CONTENT="מ" GC="1.0"><Shape><Polygon POINTS="1649 1565 1649 1709 1708 1709 1708 1565"/></Shape></Glyph><Glyph ID="char_34" CONTENT="ה" GC="1.0"><Shape><Polygon POINTS="1600 1565 1600 1709 1649 1709 1649 1565"/></Shape></Glyph><Glyph ID="char_35" CONTENT=" " GC="1.0"><Shape><Polygon POINTS="1560 1565 1560 1709 1600 1709 1600 1565"/></Shape></Glyph><Glyph ID="char_36" CONTENT="ו" GC="1.0"><Shape><Polygon POINTS="1531 1565 1531 1709 1560 1709 1560 1565"/></Shape></Glyph><Glyph ID="char_37" CONTENT=" " GC="1.0"><Shape><Polygon POINTS="1501 1565 1501 1709 1531 1709 1531 1565"/></Shape></Glyph></String>
          </TextLine>

          
          
          <TextLine ID="eSc_line_1788178" BASELINE="1506 1788 1553 1806 1578 1808 1634 1806 1756 1810" HPOS="1485.0" VPOS="1707.0" WIDTH="273.0" HEIGHT="160.0">
            <Shape><Polygon POINTS="1536 1707 1583 1725 1584 1721 1630 1719 1758 1723 1754 1867 1636 1863 1573 1865 1532 1859 1485 1841"/></Shape>
	    <String CONTENT=" ול א " HPOS="1485.0" VPOS="1707.0" WIDTH="273.0" HEIGHT="160.0"><Glyph ID="char_38" CONTENT=" " GC="1.0"><Shape><Polygon POINTS="1718 1722 1713 1866 1742 1867 1747 1723"/></Shape></Glyph><Glyph ID="char_39" CONTENT="ו" GC="1.0"><Shape><Polygon POINTS="1679 1721 1674 1864 1713 1866 1718 1722"/></Shape></Glyph><Glyph ID="char_40" CONTENT="ל" GC="1.0"><Shape><Polygon POINTS="1640 1719 1635 1863 1674 1864 1679 1721"/></Shape></Glyph><Glyph ID="char_41" CONTENT=" " GC="1.0"><Shape><Polygon POINTS="1605 1720 1610 1864 1635 1863 1640 1719"/></Shape></Glyph><Glyph ID="char_42" CONTENT="א" GC="1.0"><Shape><Polygon POINTS="1576 1722 1581 1865 1610 1864 1605 1720"/></Shape></Glyph><Glyph ID="char_43" CONTENT=" " GC="1.0"><Shape><Polygon POINTS="1555 1714 1502 1848 1581 1865 1576 1722"/></Shape></Glyph></String>
          </TextLine>

          
        </TextBlock>
        

        
      </PrintSpace>
    </Page>
  </Layout>
</alto>