<?xml version='1.0' encoding='UTF-8'?>
<alto xmlns:xsi="http://www.w3.org/2001/XMLSchema-instance" xmlns="http://www.loc.gov/standards/alto/ns-v4#" xsi:schemaLocation="http://www.loc.gov/standards/alto/ns-v4# http://www.loc.gov/standards/alto/v4/alto-4-2.xsd">
  <Description>
    <MeasurementUnit>pixel</MeasurementUnit>
    <sourceImageInformation>
      <fileName>P337-Fg002-R-C01-R01-D03092012-T111158-LR924_012_F.jpg</fileName>
      
    </sourceImageInformation>
  </Description>
  
  <Tags>
    <OtherTag ID="BT1443" LABEL="Parchment_or_papyrus" DESCRIPTION="block type Parchment_or_papyrus"/><OtherTag ID="BT2" LABEL="Main" DESCRIPTION="block type Main"/>
    
  </Tags>
  
  <Layout>
    <Page WIDTH="3608" HEIGHT="2706" PHYSICAL_IMG_NR="132" ID="eSc_dummypage_">
      <PrintSpace HPOS="0" VPOS="0" WIDTH="3608" HEIGHT="2706">
        
        <TextBlock HPOS="413.0" VPOS="222.0" WIDTH="2504.0" HEIGHT="2058.0" ID="eSc_textblock_086c671e" TAGREFS="BT2">
          <Shape><Polygon POINTS="424 424 413 1176 993 1289 1143 2109 2917 2280 2869 934 1927 281 1519 222"/></Shape>
          
          
          <TextLine ID="eSc_line_1788242" BASELINE="1256 358 1337 354 1438 354 1558 365 1670 381 1797 385" HPOS="1251.0" VPOS="264.0" WIDTH="548.0" HEIGHT="180.0">
            <Shape><Polygon POINTS="1251 268 1332 264 1438 264 1566 275 1682 292 1799 295 1795 444 1661 440 1552 424 1438 413 1339 413 1258 417"/></Shape>
	    <String CONTENT=" ת השמי י " HPOS="1251.0" VPOS="264.0" WIDTH="548.0" HEIGHT="180.0"><Glyph ID="char_0" CONTENT=" " GC="1.0"><Shape><Polygon POINTS="1759 294 1754 443 1784 444 1789 295"/></Shape></Glyph><Glyph ID="char_1" CONTENT="ת" GC="1.0"><Shape><Polygon POINTS="1739 293 1734 442 1754 443 1759 294"/></Shape></Glyph><Glyph ID="char_2" CONTENT=" " GC="1.0"><Shape><Polygon POINTS="1708 293 1703 441 1734 442 1739 293"/></Shape></Glyph><Glyph ID="char_3" CONTENT="ה" GC="1.0"><Shape><Polygon POINTS="1658 289 1637 436 1703 441 1708 293"/></Shape></Glyph><Glyph ID="char_4" CONTENT="ש" GC="1.0"><Shape><Polygon POINTS="1599 280 1578 428 1637 436 1658 289"/></Shape></Glyph><Glyph ID="char_5" CONTENT="מ" GC="1.0"><Shape><Polygon POINTS="1555 274 1541 423 1578 428 1599 280"/></Shape></Glyph><Glyph ID="char_6" CONTENT="י" GC="1.0"><Shape><Polygon POINTS="1524 271 1510 420 1541 423 1555 274"/></Shape></Glyph><Glyph ID="char_7" CONTENT=" " GC="1.0"><Shape><Polygon POINTS="1474 267 1460 415 1510 420 1524 271"/></Shape></Glyph><Glyph ID="char_8" CONTENT="י" GC="1.0"><Shape><Polygon POINTS="1396 264 1396 413 1460 415 1474 267"/></Shape></Glyph><Glyph ID="char_9" CONTENT=" " GC="1.0"><Shape><Polygon POINTS="1291 266 1298 415 1396 413 1396 264"/></Shape></Glyph></String>
          </TextLine>

          
          
          <TextLine ID="eSc_line_1788244" BASELINE="496 538 475 529 719 518 865 514 1172 502 1292 496 1416 498 1497 505 1718 541 1767 538 1858 541" HPOS="439.0" VPOS="406.0" WIDTH="1421.0" HEIGHT="214.0">
            <Shape><Polygon POINTS="460 620 439 611 714 428 862 424 1168 412 1287 406 1417 408 1504 415 1732 452 1761 448 1860 451 1856 600 1770 597 1708 599 1491 564 1415 557 1294 555 1174 561 866 573 721 577 498 474 519 483"/></Shape>
	    <String CONTENT=" ך ה ובינה הל מה עם " HPOS="439.0" VPOS="406.0" WIDTH="1421.0" HEIGHT="214.0"><Glyph ID="char_10" CONTENT=" " GC="1.0"><Shape><Polygon POINTS="1777 448 1772 597 1812 598 1817 450"/></Shape></Glyph><Glyph ID="char_11" CONTENT="ך" GC="1.0"><Shape><Polygon POINTS="1738 451 1747 598 1772 597 1777 448"/></Shape></Glyph><Glyph ID="char_12" CONTENT=" " GC="1.0"><Shape><Polygon POINTS="1659 440 1635 587 1747 598 1738 451"/></Shape></Glyph><Glyph ID="char_13" CONTENT="ה" GC="1.0"><Shape><Polygon POINTS="1560 424 1536 571 1635 587 1659 440"/></Shape></Glyph><Glyph ID="char_14" CONTENT=" " GC="1.0"><Shape><Polygon POINTS="1531 419 1507 567 1536 571 1560 424"/></Shape></Glyph><Glyph ID="char_15" CONTENT="ו" GC="1.0"><Shape><Polygon POINTS="1494 414 1482 563 1507 567 1531 419"/></Shape></Glyph><Glyph ID="char_16" CONTENT="ב" GC="1.0"><Shape><Polygon POINTS="1455 411 1442 559 1482 563 1494 414"/></Shape></Glyph><Glyph ID="char_17" CONTENT="י" GC="1.0"><Shape><Polygon POINTS="1425 409 1412 557 1442 559 1455 411"/></Shape></Glyph><Glyph ID="char_18" CONTENT="נ" GC="1.0"><Shape><Polygon POINTS="1378 407 1376 556 1412 557 1425 409"/></Shape></Glyph><Glyph ID="char_19" CONTENT="ה" GC="1.0"><Shape><Polygon POINTS="1328 407 1326 556 1376 556 1378 407"/></Shape></Glyph><Glyph ID="char_20" CONTENT=" " GC="1.0"><Shape><Polygon POINTS="1298 406 1296 555 1326 556 1328 407"/></Shape></Glyph><Glyph ID="char_21" CONTENT="ה" GC="1.0"><Shape><Polygon POINTS="1252 408 1260 557 1296 555 1298 406"/></Shape></Glyph><Glyph ID="char_22" CONTENT="ל" GC="1.0"><Shape><Polygon POINTS="944 421 950 570 1260 557 1252 408"/></Shape></Glyph><Glyph ID="char_23" CONTENT=" " GC="1.0"><Shape><Polygon POINTS="655 467 659 548 950 570 944 421"/></Shape></Glyph><Glyph ID="char_24" CONTENT="מ" GC="1.0"><Shape><Polygon POINTS="616 493 618 529 659 548 655 467"/></Shape></Glyph><Glyph ID="char_25" CONTENT="ה" GC="1.0"><Shape><Polygon POINTS="577 524 617 522"/></Shape></Glyph><Glyph ID="char_26" CONTENT=" " GC="1.0"><Shape><Polygon POINTS="527 526 577 524"/></Shape></Glyph><Glyph ID="char_27" CONTENT="ע" GC="1.0"><Shape><Polygon POINTS="477 528 527 526"/></Shape></Glyph><Glyph ID="char_28" CONTENT="ם" GC="1.0"><Shape><Polygon POINTS="491 535 477 528"/></Shape></Glyph><Glyph ID="char_29" CONTENT=" " GC="1.0"><Shape><Polygon POINTS="513 562 541 494 514 481 457 619"/></Shape></Glyph></String>
          </TextLine>

          
          
          <TextLine ID="eSc_line_1788247" BASELINE="455 676 737 660 992 656 1192 651 1422 651 1544 658 1756 681 1880 681" HPOS="449.0" VPOS="561.0" WIDTH="1431.0" HEIGHT="179.0">
            <Shape><Polygon POINTS="449 586 731 570 990 566 1189 561 1422 561 1549 568 1765 592 1880 591 1880 740 1749 740 1540 717 1422 710 1193 710 992 715 740 719 458 735"/></Shape>
	    <String CONTENT=" ע ולבב להבין חק צדיקים " HPOS="449.0" VPOS="561.0" WIDTH="1431.0" HEIGHT="179.0"><Glyph ID="char_30" CONTENT=" " GC="1.0"><Shape><Polygon POINTS="1849 591 1849 740 1878 740 1878 591"/></Shape></Glyph><Glyph ID="char_31" CONTENT="ע" GC="1.0"><Shape><Polygon POINTS="1819 592 1819 740 1849 740 1849 591"/></Shape></Glyph><Glyph ID="char_32" CONTENT=" " GC="1.0"><Shape><Polygon POINTS="1778 592 1778 740 1819 740 1819 592"/></Shape></Glyph><Glyph ID="char_33" CONTENT="ו" GC="1.0"><Shape><Polygon POINTS="1758 591 1742 739 1778 740 1778 592"/></Shape></Glyph><Glyph ID="char_34" CONTENT="ל" GC="1.0"><Shape><Polygon POINTS="1718 587 1702 735 1742 739 1758 591"/></Shape></Glyph><Glyph ID="char_35" CONTENT="ב" GC="1.0"><Shape><Polygon POINTS="1668 581 1652 729 1702 735 1718 587"/></Shape></Glyph><Glyph ID="char_36" CONTENT="ב" GC="1.0"><Shape><Polygon POINTS="1629 577 1612 725 1652 729 1668 581"/></Shape></Glyph><Glyph ID="char_37" CONTENT=" " GC="1.0"><Shape><Polygon POINTS="1599 574 1583 722 1612 725 1629 577"/></Shape></Glyph><Glyph ID="char_38" CONTENT="ל" GC="1.0"><Shape><Polygon POINTS="1543 568 1535 717 1583 722 1599 574"/></Shape></Glyph><Glyph ID="char_39" CONTENT="ה" GC="1.0"><Shape><Polygon POINTS="1494 565 1485 714 1535 717 1543 568"/></Shape></Glyph><Glyph ID="char_40" CONTENT="ב" GC="1.0"><Shape><Polygon POINTS="1454 563 1445 711 1485 714 1494 565"/></Shape></Glyph><Glyph ID="char_41" CONTENT="י" GC="1.0"><Shape><Polygon POINTS="1418 561 1418 710 1445 711 1454 563"/></Shape></Glyph><Glyph ID="char_42" CONTENT="ן" GC="1.0"><Shape><Polygon POINTS="1388 561 1388 710 1418 710 1418 561"/></Shape></Glyph><Glyph ID="char_43" CONTENT=" " GC="1.0"><Shape><Polygon POINTS="1347 561 1347 710 1388 710 1388 561"/></Shape></Glyph><Glyph ID="char_44" CONTENT="ח" GC="1.0"><Shape><Polygon POINTS="1297 561 1297 710 1347 710 1347 561"/></Shape></Glyph><Glyph ID="char_45" CONTENT="ק" GC="1.0"><Shape><Polygon POINTS="1014 565 1018 714 1297 710 1297 561"/></Shape></Glyph><Glyph ID="char_46" CONTENT=" " GC="1.0"><Shape><Polygon POINTS="719 571 728 720 1018 714 1014 565"/></Shape></Glyph><Glyph ID="char_47" CONTENT="צ" GC="1.0"><Shape><Polygon POINTS="670 573 678 723 728 720 719 571"/></Shape></Glyph><Glyph ID="char_48" CONTENT="ד" GC="1.0"><Shape><Polygon POINTS="640 575 648 724 678 723 670 573"/></Shape></Glyph><Glyph ID="char_49" CONTENT="י" GC="1.0"><Shape><Polygon POINTS="590 578 598 727 648 724 640 575"/></Shape></Glyph><Glyph ID="char_50" CONTENT="ק" GC="1.0"><Shape><Polygon POINTS="550 580 558 729 598 727 590 578"/></Shape></Glyph><Glyph ID="char_51" CONTENT="י" GC="1.0"><Shape><Polygon POINTS="519 582 527 731 558 729 550 580"/></Shape></Glyph><Glyph ID="char_52" CONTENT="ם" GC="1.0"><Shape><Polygon POINTS="479 584 487 733 527 731 519 582"/></Shape></Glyph><Glyph ID="char_53" CONTENT=" " GC="1.0"><Shape><Polygon POINTS="454 676 483 674"/></Shape></Glyph></String>
          </TextLine>

          
          
          <TextLine ID="eSc_line_1788248" BASELINE="385 825 590 809 667 807 850 786 1055 786 1192 789 1628 807 2164 856 2665 861" HPOS="378.0" VPOS="696.0" WIDTH="2287.0" HEIGHT="224.0">
            <Shape><Polygon POINTS="378 735 583 719 664 717 839 697 1055 696 1193 699 1631 717 2172 766 2665 771 2664 920 2158 915 1625 866 1190 848 1055 845 856 845 668 866 594 868 389 884"/></Shape>
	    <String CONTENT=" השבית מהם אהללה י ב עליו שיח " HPOS="378.0" VPOS="696.0" WIDTH="2287.0" HEIGHT="224.0"><Glyph ID="char_54" CONTENT=" " GC="1.0"><Shape><Polygon POINTS="2596 770 2595 919 2625 920 2626 771"/></Shape></Glyph><Glyph ID="char_55" CONTENT="ה" GC="1.0"><Shape><Polygon POINTS="2566 770 2565 919 2595 919 2596 770"/></Shape></Glyph><Glyph ID="char_56" CONTENT="ש" GC="1.0"><Shape><Polygon POINTS="2506 769 2505 918 2565 919 2566 770"/></Shape></Glyph><Glyph ID="char_57" CONTENT="ב" GC="1.0"><Shape><Polygon POINTS="2445 769 2444 918 2505 918 2506 769"/></Shape></Glyph><Glyph ID="char_58" CONTENT="י" GC="1.0"><Shape><Polygon POINTS="2405 768 2404 917 2444 918 2445 769"/></Shape></Glyph><Glyph ID="char_59" CONTENT="ת" GC="1.0"><Shape><Polygon POINTS="2365 768 2364 917 2404 917 2405 768"/></Shape></Glyph><Glyph ID="char_60" CONTENT=" " GC="1.0"><Shape><Polygon POINTS="2335 768 2334 917 2364 917 2365 768"/></Shape></Glyph><Glyph ID="char_61" CONTENT="מ" GC="1.0"><Shape><Polygon POINTS="2295 767 2294 916 2334 917 2335 768"/></Shape></Glyph><Glyph ID="char_62" CONTENT="ה" GC="1.0"><Shape><Polygon POINTS="2255 767 2254 916 2294 916 2295 767"/></Shape></Glyph><Glyph ID="char_63" CONTENT="ם" GC="1.0"><Shape><Polygon POINTS="1923 743 1909 892 2254 916 2255 767"/></Shape></Glyph><Glyph ID="char_64" CONTENT=" " GC="1.0"><Shape><Polygon POINTS="1579 715 1572 864 1909 892 1923 743"/></Shape></Glyph><Glyph ID="char_65" CONTENT="א" GC="1.0"><Shape><Polygon POINTS="1519 712 1512 861 1572 864 1579 715"/></Shape></Glyph><Glyph ID="char_66" CONTENT="ה" GC="1.0"><Shape><Polygon POINTS="1469 710 1462 859 1512 861 1519 712"/></Shape></Glyph><Glyph ID="char_67" CONTENT="ל" GC="1.0"><Shape><Polygon POINTS="1419 708 1412 857 1462 859 1469 710"/></Shape></Glyph><Glyph ID="char_68" CONTENT="ל" GC="1.0"><Shape><Polygon POINTS="1369 706 1363 855 1412 857 1419 708"/></Shape></Glyph><Glyph ID="char_69" CONTENT="ה" GC="1.0"><Shape><Polygon POINTS="1329 705 1323 853 1363 855 1369 706"/></Shape></Glyph><Glyph ID="char_70" CONTENT=" " GC="1.0"><Shape><Polygon POINTS="1308 704 1302 853 1323 853 1329 705"/></Shape></Glyph><Glyph ID="char_71" CONTENT="י" GC="1.0"><Shape><Polygon POINTS="1054 696 1054 845 1302 853 1308 704"/></Shape></Glyph><Glyph ID="char_72" CONTENT=" " GC="1.0"><Shape><Polygon POINTS="773 705 790 852 1054 845 1054 696"/></Shape></Glyph><Glyph ID="char_73" CONTENT="ב" GC="1.0"><Shape><Polygon POINTS="734 709 751 857 790 852 773 705"/></Shape></Glyph><Glyph ID="char_74" CONTENT=" " GC="1.0"><Shape><Polygon POINTS="704 712 721 860 751 857 734 709"/></Shape></Glyph><Glyph ID="char_75" CONTENT="ע" GC="1.0"><Shape><Polygon POINTS="664 717 681 865 721 860 704 712"/></Shape></Glyph><Glyph ID="char_76" CONTENT="ל" GC="1.0"><Shape><Polygon POINTS="632 718 636 867 681 865 664 717"/></Shape></Glyph><Glyph ID="char_77" CONTENT="י" GC="1.0"><Shape><Polygon POINTS="602 719 606 868 636 867 632 718"/></Shape></Glyph><Glyph ID="char_78" CONTENT="ו" GC="1.0"><Shape><Polygon POINTS="577 719 589 868 606 868 602 719"/></Shape></Glyph><Glyph ID="char_79" CONTENT=" " GC="1.0"><Shape><Polygon POINTS="547 722 558 871 589 868 577 719"/></Shape></Glyph><Glyph ID="char_80" CONTENT="ש" GC="1.0"><Shape><Polygon POINTS="487 727 498 875 558 871 547 722"/></Shape></Glyph><Glyph ID="char_81" CONTENT="י" GC="1.0"><Shape><Polygon POINTS="437 730 448 879 498 875 487 727"/></Shape></Glyph><Glyph ID="char_82" CONTENT="ח" GC="1.0"><Shape><Polygon POINTS="397 734 409 882 448 879 437 730"/></Shape></Glyph><Glyph ID="char_83" CONTENT=" " GC="1.0"><Shape><Polygon POINTS="384 825 403 823"/></Shape></Glyph></String>
          </TextLine>

          
          
          <TextLine ID="eSc_line_1788251" BASELINE="376 967 694 944 933 933 1107 931 1420 944 1576 958 1623 958 2126 1001 2318 1005 2584 1005 2762 998" HPOS="369.0" VPOS="841.0" WIDTH="2395.0" HEIGHT="223.0">
            <Shape><Polygon POINTS="369 877 687 854 928 843 1105 841 1423 854 1583 868 1623 868 2133 911 2319 915 2584 915 2758 908 2764 1057 2584 1064 2316 1064 2120 1060 1623 1017 1570 1017 1417 1003 1107 990 935 992 698 1003 380 1026"/></Shape>
	    <String CONTENT=" לבב ללמד בינה פ ד משפט כי דברי מנפת ומיין יערבו לש " HPOS="369.0" VPOS="841.0" WIDTH="2395.0" HEIGHT="223.0"><Glyph ID="char_84" CONTENT=" " GC="1.0"><Shape><Polygon POINTS="2708 910 2714 1059 2744 1058 2738 909"/></Shape></Glyph><Glyph ID="char_85" CONTENT="ל" GC="1.0"><Shape><Polygon POINTS="2679 911 2684 1060 2714 1059 2708 910"/></Shape></Glyph><Glyph ID="char_86" CONTENT="ב" GC="1.0"><Shape><Polygon POINTS="2629 913 2634 1062 2684 1060 2679 911"/></Shape></Glyph><Glyph ID="char_87" CONTENT="ב" GC="1.0"><Shape><Polygon POINTS="2599 914 2604 1063 2634 1062 2629 913"/></Shape></Glyph><Glyph ID="char_88" CONTENT=" " GC="1.0"><Shape><Polygon POINTS="2572 915 2572 1064 2604 1063 2599 914"/></Shape></Glyph><Glyph ID="char_89" CONTENT="ל" GC="1.0"><Shape><Polygon POINTS="2522 915 2522 1064 2572 1064 2572 915"/></Shape></Glyph><Glyph ID="char_90" CONTENT="ל" GC="1.0"><Shape><Polygon POINTS="2482 915 2482 1064 2522 1064 2522 915"/></Shape></Glyph><Glyph ID="char_91" CONTENT="מ" GC="1.0"><Shape><Polygon POINTS="2432 915 2432 1064 2482 1064 2482 915"/></Shape></Glyph><Glyph ID="char_92" CONTENT="ד" GC="1.0"><Shape><Polygon POINTS="2402 915 2402 1064 2432 1064 2432 915"/></Shape></Glyph><Glyph ID="char_93" CONTENT=" " GC="1.0"><Shape><Polygon POINTS="2372 915 2372 1064 2402 1064 2402 915"/></Shape></Glyph><Glyph ID="char_94" CONTENT="ב" GC="1.0"><Shape><Polygon POINTS="2332 915 2332 1064 2372 1064 2372 915"/></Shape></Glyph><Glyph ID="char_95" CONTENT="י" GC="1.0"><Shape><Polygon POINTS="2304 915 2301 1064 2332 1064 2332 915"/></Shape></Glyph><Glyph ID="char_96" CONTENT="נ" GC="1.0"><Shape><Polygon POINTS="2264 914 2261 1063 2301 1064 2304 915"/></Shape></Glyph><Glyph ID="char_97" CONTENT="ה" GC="1.0"><Shape><Polygon POINTS="2224 913 2221 1062 2261 1063 2264 914"/></Shape></Glyph><Glyph ID="char_98" CONTENT=" " GC="1.0"><Shape><Polygon POINTS="2194 912 2191 1061 2221 1062 2224 913"/></Shape></Glyph><Glyph ID="char_99" CONTENT="פ" GC="1.0"><Shape><Polygon POINTS="2110 909 2097 1058 2191 1061 2194 912"/></Shape></Glyph><Glyph ID="char_100" CONTENT=" " GC="1.0"><Shape><Polygon POINTS="1990 899 1978 1048 2097 1058 2110 909"/></Shape></Glyph><Glyph ID="char_101" CONTENT="ד" GC="1.0"><Shape><Polygon POINTS="1921 893 1908 1042 1978 1048 1990 899"/></Shape></Glyph><Glyph ID="char_102" CONTENT=" " GC="1.0"><Shape><Polygon POINTS="1891 891 1878 1039 1908 1042 1921 893"/></Shape></Glyph><Glyph ID="char_103" CONTENT="מ" GC="1.0"><Shape><Polygon POINTS="1851 887 1838 1036 1878 1039 1891 891"/></Shape></Glyph><Glyph ID="char_104" CONTENT="ש" GC="1.0"><Shape><Polygon POINTS="1791 882 1778 1030 1838 1036 1851 887"/></Shape></Glyph><Glyph ID="char_105" CONTENT="פ" GC="1.0"><Shape><Polygon POINTS="1731 877 1719 1025 1778 1030 1791 882"/></Shape></Glyph><Glyph ID="char_106" CONTENT="ט" GC="1.0"><Shape><Polygon POINTS="1672 872 1659 1020 1719 1025 1731 877"/></Shape></Glyph><Glyph ID="char_107" CONTENT=" " GC="1.0"><Shape><Polygon POINTS="1632 869 1619 1017 1659 1020 1672 872"/></Shape></Glyph><Glyph ID="char_108" CONTENT="כ" GC="1.0"><Shape><Polygon POINTS="1584 868 1584 1017 1619 1017 1632 869"/></Shape></Glyph><Glyph ID="char_109" CONTENT="י" GC="1.0"><Shape><Polygon POINTS="1571 867 1558 1016 1584 1017 1584 868"/></Shape></Glyph><Glyph ID="char_110" CONTENT=" " GC="1.0"><Shape><Polygon POINTS="1541 864 1528 1013 1558 1016 1571 867"/></Shape></Glyph><Glyph ID="char_111" CONTENT="ד" GC="1.0"><Shape><Polygon POINTS="1491 860 1478 1009 1528 1013 1541 864"/></Shape></Glyph><Glyph ID="char_112" CONTENT="ב" GC="1.0"><Shape><Polygon POINTS="1452 857 1438 1005 1478 1009 1491 860"/></Shape></Glyph><Glyph ID="char_113" CONTENT="ר" GC="1.0"><Shape><Polygon POINTS="1407 853 1401 1002 1438 1005 1452 857"/></Shape></Glyph><Glyph ID="char_114" CONTENT="י" GC="1.0"><Shape><Polygon POINTS="1387 853 1381 1001 1401 1002 1407 853"/></Shape></Glyph><Glyph ID="char_115" CONTENT=" " GC="1.0"><Shape><Polygon POINTS="1357 851 1351 1000 1381 1001 1387 853"/></Shape></Glyph><Glyph ID="char_116" CONTENT="מ" GC="1.0"><Shape><Polygon POINTS="1317 850 1311 999 1351 1000 1357 851"/></Shape></Glyph><Glyph ID="char_117" CONTENT="נ" GC="1.0"><Shape><Polygon POINTS="1277 848 1271 997 1311 999 1317 850"/></Shape></Glyph><Glyph ID="char_118" CONTENT="פ" GC="1.0"><Shape><Polygon POINTS="1238 846 1231 995 1271 997 1277 848"/></Shape></Glyph><Glyph ID="char_119" CONTENT="ת" GC="1.0"><Shape><Polygon POINTS="1208 845 1201 994 1231 995 1238 846"/></Shape></Glyph><Glyph ID="char_120" CONTENT=" " GC="1.0"><Shape><Polygon POINTS="1053 842 1055 991 1201 994 1208 845"/></Shape></Glyph><Glyph ID="char_121" CONTENT="ו" GC="1.0"><Shape><Polygon POINTS="890 845 897 994 1055 991 1053 842"/></Shape></Glyph><Glyph ID="char_122" CONTENT="מ" GC="1.0"><Shape><Polygon POINTS="850 847 857 996 897 994 890 845"/></Shape></Glyph><Glyph ID="char_123" CONTENT="י" GC="1.0"><Shape><Polygon POINTS="820 848 827 997 857 996 850 847"/></Shape></Glyph><Glyph ID="char_124" CONTENT="י" GC="1.0"><Shape><Polygon POINTS="790 849 797 998 827 997 820 848"/></Shape></Glyph><Glyph ID="char_125" CONTENT="ן" GC="1.0"><Shape><Polygon POINTS="770 850 777 999 797 998 790 849"/></Shape></Glyph><Glyph ID="char_126" CONTENT=" " GC="1.0"><Shape><Polygon POINTS="740 852 747 1001 777 999 770 850"/></Shape></Glyph><Glyph ID="char_127" CONTENT="י" GC="1.0"><Shape><Polygon POINTS="700 853 707 1003 747 1001 740 852"/></Shape></Glyph><Glyph ID="char_128" CONTENT="ע" GC="1.0"><Shape><Polygon POINTS="648 857 659 1006 707 1003 700 853"/></Shape></Glyph><Glyph ID="char_129" CONTENT="ר" GC="1.0"><Shape><Polygon POINTS="598 860 609 1009 659 1006 648 857"/></Shape></Glyph><Glyph ID="char_130" CONTENT="ב" GC="1.0"><Shape><Polygon POINTS="558 863 569 1012 609 1009 598 860"/></Shape></Glyph><Glyph ID="char_131" CONTENT="ו" GC="1.0"><Shape><Polygon POINTS="528 865 539 1015 569 1012 558 863"/></Shape></Glyph><Glyph ID="char_132" CONTENT=" " GC="1.0"><Shape><Polygon POINTS="498 868 509 1017 539 1015 528 865"/></Shape></Glyph><Glyph ID="char_133" CONTENT="ל" GC="1.0"><Shape><Polygon POINTS="458 871 469 1020 509 1017 498 868"/></Shape></Glyph><Glyph ID="char_134" CONTENT="ש" GC="1.0"><Shape><Polygon POINTS="408 874 419 1023 469 1020 458 871"/></Shape></Glyph><Glyph ID="char_135" CONTENT=" " GC="1.0"><Shape><Polygon POINTS="375 967 414 964"/></Shape></Glyph></String>
          </TextLine>

          
          
          <TextLine ID="eSc_line_1788252" BASELINE="421 1089 478 1093 556 1089 892 1062 962 1059 1138 1068 1188 1066 1316 1075 1616 1098 1862 1122 2162 1147 2327 1147 2631 1138 2782 1143" HPOS="416.0" VPOS="969.0" WIDTH="2368.0" HEIGHT="237.0">
            <Shape><Polygon POINTS="427 999 484 1003 551 999 884 972 958 969 1142 978 1184 976 1322 985 1622 1008 1870 1033 2169 1057 2327 1057 2628 1048 2784 1053 2780 1202 2632 1197 2327 1206 2157 1206 1856 1181 1611 1157 1311 1134 1190 1125 1134 1127 964 1118 896 1121 559 1148 473 1152 416 1148"/></Shape>
	    <String CONTENT="אמת וכל אמרי פי צ לא ישחיתו מעדיהם ולא י ב מחלקותם כי כל " HPOS="416.0" VPOS="969.0" WIDTH="2368.0" HEIGHT="237.0"><Glyph ID="char_136" CONTENT="א" GC="1.0"><Shape><Polygon POINTS="2705 1050 2700 1199 2760 1201 2765 1052"/></Shape></Glyph><Glyph ID="char_137" CONTENT="מ" GC="1.0"><Shape><Polygon POINTS="2655 1049 2650 1198 2700 1199 2705 1050"/></Shape></Glyph><Glyph ID="char_138" CONTENT="ת" GC="1.0"><Shape><Polygon POINTS="2608 1049 2612 1198 2650 1198 2655 1049"/></Shape></Glyph><Glyph ID="char_139" CONTENT=" " GC="1.0"><Shape><Polygon POINTS="2578 1049 2582 1198 2612 1198 2608 1049"/></Shape></Glyph><Glyph ID="char_140" CONTENT="ו" GC="1.0"><Shape><Polygon POINTS="2548 1050 2553 1199 2582 1198 2578 1049"/></Shape></Glyph><Glyph ID="char_141" CONTENT="כ" GC="1.0"><Shape><Polygon POINTS="2518 1051 2523 1200 2553 1199 2548 1050"/></Shape></Glyph><Glyph ID="char_142" CONTENT="ל" GC="1.0"><Shape><Polygon POINTS="2488 1052 2493 1201 2523 1200 2518 1051"/></Shape></Glyph><Glyph ID="char_143" CONTENT=" " GC="1.0"><Shape><Polygon POINTS="2448 1053 2453 1202 2493 1201 2488 1052"/></Shape></Glyph><Glyph ID="char_144" CONTENT="א" GC="1.0"><Shape><Polygon POINTS="2398 1055 2403 1204 2453 1202 2448 1053"/></Shape></Glyph><Glyph ID="char_145" CONTENT="מ" GC="1.0"><Shape><Polygon POINTS="2358 1056 2363 1205 2403 1204 2398 1055"/></Shape></Glyph><Glyph ID="char_146" CONTENT="ר" GC="1.0"><Shape><Polygon POINTS="2321 1057 2321 1206 2363 1205 2358 1056"/></Shape></Glyph><Glyph ID="char_147" CONTENT="י" GC="1.0"><Shape><Polygon POINTS="2291 1057 2291 1206 2321 1206 2321 1057"/></Shape></Glyph><Glyph ID="char_148" CONTENT=" " GC="1.0"><Shape><Polygon POINTS="2260 1057 2260 1206 2291 1206 2291 1057"/></Shape></Glyph><Glyph ID="char_149" CONTENT="פ" GC="1.0"><Shape><Polygon POINTS="2230 1057 2230 1206 2260 1206 2260 1057"/></Shape></Glyph><Glyph ID="char_150" CONTENT="י" GC="1.0"><Shape><Polygon POINTS="2210 1057 2210 1206 2230 1206 2230 1057"/></Shape></Glyph><Glyph ID="char_151" CONTENT=" " GC="1.0"><Shape><Polygon POINTS="2170 1057 2170 1206 2210 1206 2210 1057"/></Shape></Glyph><Glyph ID="char_152" CONTENT="צ" GC="1.0"><Shape><Polygon POINTS="2108 1052 2095 1201 2170 1206 2170 1057"/></Shape></Glyph><Glyph ID="char_153" CONTENT=" " GC="1.0"><Shape><Polygon POINTS="2038 1046 2025 1195 2095 1201 2108 1052"/></Shape></Glyph><Glyph ID="char_154" CONTENT="ל" GC="1.0"><Shape><Polygon POINTS="1998 1043 1986 1192 2025 1195 2038 1046"/></Shape></Glyph><Glyph ID="char_155" CONTENT="א" GC="1.0"><Shape><Polygon POINTS="1968 1041 1956 1189 1986 1192 1998 1043"/></Shape></Glyph><Glyph ID="char_156" CONTENT=" " GC="1.0"><Shape><Polygon POINTS="1937 1038 1925 1187 1956 1189 1968 1041"/></Shape></Glyph><Glyph ID="char_157" CONTENT="י" GC="1.0"><Shape><Polygon POINTS="1907 1036 1895 1184 1925 1187 1937 1038"/></Shape></Glyph><Glyph ID="char_158" CONTENT="ש" GC="1.0"><Shape><Polygon POINTS="1839 1030 1824 1178 1895 1184 1907 1036"/></Shape></Glyph><Glyph ID="char_159" CONTENT="ח" GC="1.0"><Shape><Polygon POINTS="1779 1024 1765 1172 1824 1178 1839 1030"/></Shape></Glyph><Glyph ID="char_160" CONTENT="י" GC="1.0"><Shape><Polygon POINTS="1739 1020 1725 1168 1765 1172 1779 1024"/></Shape></Glyph><Glyph ID="char_161" CONTENT="ת" GC="1.0"><Shape><Polygon POINTS="1699 1016 1685 1164 1725 1168 1739 1020"/></Shape></Glyph><Glyph ID="char_162" CONTENT="ו" GC="1.0"><Shape><Polygon POINTS="1670 1013 1655 1161 1685 1164 1699 1016"/></Shape></Glyph><Glyph ID="char_163" CONTENT=" " GC="1.0"><Shape><Polygon POINTS="1640 1010 1625 1158 1655 1161 1670 1013"/></Shape></Glyph><Glyph ID="char_164" CONTENT="מ" GC="1.0"><Shape><Polygon POINTS="1597 1006 1586 1155 1625 1158 1640 1010"/></Shape></Glyph><Glyph ID="char_165" CONTENT="ע" GC="1.0"><Shape><Polygon POINTS="1547 1002 1536 1151 1586 1155 1597 1006"/></Shape></Glyph><Glyph ID="char_166" CONTENT="ד" GC="1.0"><Shape><Polygon POINTS="1497 998 1486 1147 1536 1151 1547 1002"/></Shape></Glyph><Glyph ID="char_167" CONTENT="י" GC="1.0"><Shape><Polygon POINTS="1457 995 1446 1144 1486 1147 1497 998"/></Shape></Glyph><Glyph ID="char_168" CONTENT="ה" GC="1.0"><Shape><Polygon POINTS="1418 992 1406 1141 1446 1144 1457 995"/></Shape></Glyph><Glyph ID="char_169" CONTENT="ם" GC="1.0"><Shape><Polygon POINTS="1378 989 1366 1138 1406 1141 1418 992"/></Shape></Glyph><Glyph ID="char_170" CONTENT=" " GC="1.0"><Shape><Polygon POINTS="1328 985 1316 1134 1366 1138 1378 989"/></Shape></Glyph><Glyph ID="char_171" CONTENT="ו" GC="1.0"><Shape><Polygon POINTS="1287 983 1277 1131 1316 1134 1328 985"/></Shape></Glyph><Glyph ID="char_172" CONTENT="ל" GC="1.0"><Shape><Polygon POINTS="1256 981 1246 1129 1277 1131 1287 983"/></Shape></Glyph><Glyph ID="char_173" CONTENT="א" GC="1.0"><Shape><Polygon POINTS="1216 978 1206 1126 1246 1129 1256 981"/></Shape></Glyph><Glyph ID="char_174" CONTENT=" " GC="1.0"><Shape><Polygon POINTS="1177 976 1183 1125 1206 1126 1216 978"/></Shape></Glyph><Glyph ID="char_175" CONTENT="י" GC="1.0"><Shape><Polygon POINTS="1147 978 1153 1126 1183 1125 1177 976"/></Shape></Glyph><Glyph ID="char_176" CONTENT=" " GC="1.0"><Shape><Polygon POINTS="1125 977 1117 1126 1153 1126 1147 978"/></Shape></Glyph><Glyph ID="char_177" CONTENT="ב" GC="1.0"><Shape><Polygon POINTS="1075 975 1067 1123 1117 1126 1125 977"/></Shape></Glyph><Glyph ID="char_178" CONTENT=" " GC="1.0"><Shape><Polygon POINTS="1005 971 997 1120 1067 1123 1075 975"/></Shape></Glyph><Glyph ID="char_179" CONTENT="מ" GC="1.0"><Shape><Polygon POINTS="937 970 943 1119 997 1120 1005 971"/></Shape></Glyph><Glyph ID="char_180" CONTENT="ח" GC="1.0"><Shape><Polygon POINTS="896 972 902 1121 943 1119 937 970"/></Shape></Glyph><Glyph ID="char_181" CONTENT="ל" GC="1.0"><Shape><Polygon POINTS="852 975 864 1124 902 1121 896 972"/></Shape></Glyph><Glyph ID="char_182" CONTENT="ק" GC="1.0"><Shape><Polygon POINTS="813 978 825 1127 864 1124 852 975"/></Shape></Glyph><Glyph ID="char_183" CONTENT="ו" GC="1.0"><Shape><Polygon POINTS="773 981 785 1130 825 1127 813 978"/></Shape></Glyph><Glyph ID="char_184" CONTENT="ת" GC="1.0"><Shape><Polygon POINTS="723 985 735 1134 785 1130 773 981"/></Shape></Glyph><Glyph ID="char_185" CONTENT="ם" GC="1.0"><Shape><Polygon POINTS="683 988 695 1137 735 1134 723 985"/></Shape></Glyph><Glyph ID="char_186" CONTENT=" " GC="1.0"><Shape><Polygon POINTS="643 992 655 1140 695 1137 683 988"/></Shape></Glyph><Glyph ID="char_187" CONTENT="כ" GC="1.0"><Shape><Polygon POINTS="603 995 615 1143 655 1140 643 992"/></Shape></Glyph><Glyph ID="char_188" CONTENT="י" GC="1.0"><Shape><Polygon POINTS="583 996 595 1145 615 1143 603 995"/></Shape></Glyph><Glyph ID="char_189" CONTENT=" " GC="1.0"><Shape><Polygon POINTS="552 999 564 1148 595 1145 583 996"/></Shape></Glyph><Glyph ID="char_190" CONTENT="כ" GC="1.0"><Shape><Polygon POINTS="525 1001 533 1149 564 1148 552 999"/></Shape></Glyph><Glyph ID="char_191" CONTENT="ל" GC="1.0"><Shape><Polygon POINTS="495 1002 503 1151 533 1149 525 1001"/></Shape></Glyph><Glyph ID="char_192" CONTENT=" " GC="1.0"><Shape><Polygon POINTS="448 1000 435 1149 503 1151 495 1002"/></Shape></Glyph></String>
          </TextLine>

          
          
          <TextLine ID="eSc_line_1788253" BASELINE="1055 1199 1172 1208 1258 1208 1420 1215 1758 1249 1982 1258 2209 1274 2516 1274 2771 1285" HPOS="1050.0" VPOS="1109.0" WIDTH="1724.0" HEIGHT="235.0">
            <Shape><Polygon POINTS="1061 1109 1178 1118 1258 1118 1423 1125 1766 1160 1985 1168 2215 1184 2516 1184 2774 1195 2768 1344 2516 1333 2204 1333 1979 1317 1752 1308 1417 1274 1258 1267 1167 1267 1050 1258"/></Shape>
	    <String CONTENT="יהוה פתח פי ומאתו ברי לשוני ודברו בי להגיד מי " HPOS="1050.0" VPOS="1109.0" WIDTH="1724.0" HEIGHT="235.0"><Glyph ID="char_193" CONTENT="י" GC="1.0"><Shape><Polygon POINTS="2724 1193 2717 1342 2757 1344 2764 1195"/></Shape></Glyph><Glyph ID="char_194" CONTENT="ה" GC="1.0"><Shape><Polygon POINTS="2683 1191 2676 1340 2717 1342 2724 1193"/></Shape></Glyph><Glyph ID="char_195" CONTENT="ו" GC="1.0"><Shape><Polygon POINTS="2643 1189 2636 1338 2676 1340 2683 1191"/></Shape></Glyph><Glyph ID="char_196" CONTENT="ה" GC="1.0"><Shape><Polygon POINTS="2603 1188 2596 1337 2636 1338 2643 1189"/></Shape></Glyph><Glyph ID="char_197" CONTENT=" " GC="1.0"><Shape><Polygon POINTS="2573 1186 2566 1335 2596 1337 2603 1188"/></Shape></Glyph><Glyph ID="char_198" CONTENT="פ" GC="1.0"><Shape><Polygon POINTS="2523 1184 2516 1333 2566 1335 2573 1186"/></Shape></Glyph><Glyph ID="char_199" CONTENT="ת" GC="1.0"><Shape><Polygon POINTS="2468 1184 2468 1333 2516 1333 2523 1184"/></Shape></Glyph><Glyph ID="char_200" CONTENT="ח" GC="1.0"><Shape><Polygon POINTS="2438 1184 2438 1333 2468 1333 2468 1184"/></Shape></Glyph><Glyph ID="char_201" CONTENT=" " GC="1.0"><Shape><Polygon POINTS="2408 1184 2408 1333 2438 1333 2438 1184"/></Shape></Glyph><Glyph ID="char_202" CONTENT="פ" GC="1.0"><Shape><Polygon POINTS="2368 1184 2368 1333 2408 1333 2408 1184"/></Shape></Glyph><Glyph ID="char_203" CONTENT="י" GC="1.0"><Shape><Polygon POINTS="2338 1184 2338 1333 2368 1333 2368 1184"/></Shape></Glyph><Glyph ID="char_204" CONTENT=" " GC="1.0"><Shape><Polygon POINTS="2308 1184 2308 1333 2338 1333 2338 1184"/></Shape></Glyph><Glyph ID="char_205" CONTENT="ו" GC="1.0"><Shape><Polygon POINTS="2277 1184 2277 1333 2308 1333 2308 1184"/></Shape></Glyph><Glyph ID="char_206" CONTENT="מ" GC="1.0"><Shape><Polygon POINTS="2237 1184 2237 1333 2277 1333 2277 1184"/></Shape></Glyph><Glyph ID="char_207" CONTENT="א" GC="1.0"><Shape><Polygon POINTS="2183 1182 2173 1331 2237 1333 2237 1184"/></Shape></Glyph><Glyph ID="char_208" CONTENT="ת" GC="1.0"><Shape><Polygon POINTS="2143 1179 2133 1328 2173 1331 2183 1182"/></Shape></Glyph><Glyph ID="char_209" CONTENT="ו" GC="1.0"><Shape><Polygon POINTS="2124 1178 2113 1327 2133 1328 2143 1179"/></Shape></Glyph><Glyph ID="char_210" CONTENT=" " GC="1.0"><Shape><Polygon POINTS="2083 1175 2072 1324 2113 1327 2124 1178"/></Shape></Glyph><Glyph ID="char_211" CONTENT="ב" GC="1.0"><Shape><Polygon POINTS="2043 1172 2032 1321 2072 1324 2083 1175"/></Shape></Glyph><Glyph ID="char_212" CONTENT="ר" GC="1.0"><Shape><Polygon POINTS="2023 1171 2012 1319 2032 1321 2043 1172"/></Shape></Glyph><Glyph ID="char_213" CONTENT="י" GC="1.0"><Shape><Polygon POINTS="1993 1169 1982 1317 2012 1319 2023 1171"/></Shape></Glyph><Glyph ID="char_214" CONTENT=" " GC="1.0"><Shape><Polygon POINTS="1960 1167 1954 1316 1982 1317 1993 1169"/></Shape></Glyph><Glyph ID="char_215" CONTENT="ל" GC="1.0"><Shape><Polygon POINTS="1909 1165 1903 1314 1954 1316 1960 1167"/></Shape></Glyph><Glyph ID="char_216" CONTENT="ש" GC="1.0"><Shape><Polygon POINTS="1859 1163 1853 1312 1903 1314 1909 1165"/></Shape></Glyph><Glyph ID="char_217" CONTENT="ו" GC="1.0"><Shape><Polygon POINTS="1819 1162 1813 1310 1853 1312 1859 1163"/></Shape></Glyph><Glyph ID="char_218" CONTENT="נ" GC="1.0"><Shape><Polygon POINTS="1789 1161 1783 1309 1813 1310 1819 1162"/></Shape></Glyph><Glyph ID="char_219" CONTENT="י" GC="1.0"><Shape><Polygon POINTS="1765 1160 1750 1308 1783 1309 1789 1161"/></Shape></Glyph><Glyph ID="char_220" CONTENT=" " GC="1.0"><Shape><Polygon POINTS="1735 1157 1720 1305 1750 1308 1765 1160"/></Shape></Glyph><Glyph ID="char_221" CONTENT="ו" GC="1.0"><Shape><Polygon POINTS="1694 1153 1679 1301 1720 1305 1735 1157"/></Shape></Glyph><Glyph ID="char_222" CONTENT="ד" GC="1.0"><Shape><Polygon POINTS="1654 1149 1639 1297 1679 1301 1694 1153"/></Shape></Glyph><Glyph ID="char_223" CONTENT="ב" GC="1.0"><Shape><Polygon POINTS="1614 1145 1600 1293 1639 1297 1654 1149"/></Shape></Glyph><Glyph ID="char_224" CONTENT="ר" GC="1.0"><Shape><Polygon POINTS="1575 1140 1560 1288 1600 1293 1614 1145"/></Shape></Glyph><Glyph ID="char_225" CONTENT="ו" GC="1.0"><Shape><Polygon POINTS="1545 1137 1530 1285 1560 1288 1575 1140"/></Shape></Glyph><Glyph ID="char_226" CONTENT=" " GC="1.0"><Shape><Polygon POINTS="1524 1135 1509 1283 1530 1285 1545 1137"/></Shape></Glyph><Glyph ID="char_227" CONTENT="ב" GC="1.0"><Shape><Polygon POINTS="1484 1131 1469 1279 1509 1283 1524 1135"/></Shape></Glyph><Glyph ID="char_228" CONTENT="י" GC="1.0"><Shape><Polygon POINTS="1464 1129 1449 1277 1469 1279 1484 1131"/></Shape></Glyph><Glyph ID="char_229" CONTENT=" " GC="1.0"><Shape><Polygon POINTS="1434 1126 1419 1274 1449 1277 1464 1129"/></Shape></Glyph><Glyph ID="char_230" CONTENT="ל" GC="1.0"><Shape><Polygon POINTS="1389 1124 1383 1272 1419 1274 1434 1126"/></Shape></Glyph><Glyph ID="char_231" CONTENT="ה" GC="1.0"><Shape><Polygon POINTS="1349 1122 1343 1271 1383 1272 1389 1124"/></Shape></Glyph><Glyph ID="char_232" CONTENT="ג" GC="1.0"><Shape><Polygon POINTS="1308 1120 1302 1269 1343 1271 1349 1122"/></Shape></Glyph><Glyph ID="char_233" CONTENT="י" GC="1.0"><Shape><Polygon POINTS="1255 1118 1255 1267 1302 1269 1308 1120"/></Shape></Glyph><Glyph ID="char_234" CONTENT="ד" GC="1.0"><Shape><Polygon POINTS="1225 1118 1225 1267 1255 1267 1255 1118"/></Shape></Glyph><Glyph ID="char_235" CONTENT=" " GC="1.0"><Shape><Polygon POINTS="1195 1118 1195 1267 1225 1267 1225 1118"/></Shape></Glyph><Glyph ID="char_236" CONTENT="מ" GC="1.0"><Shape><Polygon POINTS="1152 1116 1140 1265 1195 1267 1195 1118"/></Shape></Glyph><Glyph ID="char_237" CONTENT="י" GC="1.0"><Shape><Polygon POINTS="1121 1114 1109 1263 1140 1265 1152 1116"/></Shape></Glyph><Glyph ID="char_238" CONTENT=" " GC="1.0"><Shape><Polygon POINTS="1072 1110 1059 1259 1109 1263 1121 1114"/></Shape></Glyph></String>
          </TextLine>

          
          
          <TextLine ID="eSc_line_1788254" BASELINE="1075 1357 1280 1364 1779 1402 2142 1425 2764 1425" HPOS="1072.0" VPOS="1267.0" WIDTH="1692.0" HEIGHT="217.0">
            <Shape><Polygon POINTS="1078 1267 1283 1274 1785 1312 2147 1335 2764 1335 2764 1484 2138 1484 1774 1461 1277 1423 1072 1416"/></Shape>
	    <String CONTENT=" חמיו ולא יתן לגוי אחר חקיו ולא יעטרם לכל זר כ " HPOS="1072.0" VPOS="1267.0" WIDTH="1692.0" HEIGHT="217.0"><Glyph ID="char_239" CONTENT=" " GC="1.0"><Shape><Polygon POINTS="2694 1335 2694 1484 2744 1484 2744 1335"/></Shape></Glyph><Glyph ID="char_240" CONTENT="ח" GC="1.0"><Shape><Polygon POINTS="2654 1335 2654 1484 2694 1484 2694 1335"/></Shape></Glyph><Glyph ID="char_241" CONTENT="מ" GC="1.0"><Shape><Polygon POINTS="2614 1335 2614 1484 2654 1484 2654 1335"/></Shape></Glyph><Glyph ID="char_242" CONTENT="י" GC="1.0"><Shape><Polygon POINTS="2584 1335 2584 1484 2614 1484 2614 1335"/></Shape></Glyph><Glyph ID="char_243" CONTENT="ו" GC="1.0"><Shape><Polygon POINTS="2564 1335 2564 1484 2584 1484 2584 1335"/></Shape></Glyph><Glyph ID="char_244" CONTENT=" " GC="1.0"><Shape><Polygon POINTS="2534 1335 2534 1484 2564 1484 2564 1335"/></Shape></Glyph><Glyph ID="char_245" CONTENT="ו" GC="1.0"><Shape><Polygon POINTS="2504 1335 2504 1484 2534 1484 2534 1335"/></Shape></Glyph><Glyph ID="char_246" CONTENT="ל" GC="1.0"><Shape><Polygon POINTS="2464 1335 2464 1484 2504 1484 2504 1335"/></Shape></Glyph><Glyph ID="char_247" CONTENT="א" GC="1.0"><Shape><Polygon POINTS="2424 1335 2424 1484 2464 1484 2464 1335"/></Shape></Glyph><Glyph ID="char_248" CONTENT=" " GC="1.0"><Shape><Polygon POINTS="2394 1335 2394 1484 2424 1484 2424 1335"/></Shape></Glyph><Glyph ID="char_249" CONTENT="י" GC="1.0"><Shape><Polygon POINTS="2354 1335 2354 1484 2394 1484 2394 1335"/></Shape></Glyph><Glyph ID="char_250" CONTENT="ת" GC="1.0"><Shape><Polygon POINTS="2313 1335 2313 1484 2354 1484 2354 1335"/></Shape></Glyph><Glyph ID="char_251" CONTENT="ן" GC="1.0"><Shape><Polygon POINTS="2293 1335 2293 1484 2313 1484 2313 1335"/></Shape></Glyph><Glyph ID="char_252" CONTENT=" " GC="1.0"><Shape><Polygon POINTS="2273 1335 2273 1484 2293 1484 2293 1335"/></Shape></Glyph><Glyph ID="char_253" CONTENT="ל" GC="1.0"><Shape><Polygon POINTS="2243 1335 2243 1484 2273 1484 2273 1335"/></Shape></Glyph><Glyph ID="char_254" CONTENT="ג" GC="1.0"><Shape><Polygon POINTS="2203 1335 2203 1484 2243 1484 2243 1335"/></Shape></Glyph><Glyph ID="char_255" CONTENT="ו" GC="1.0"><Shape><Polygon POINTS="2173 1335 2173 1484 2203 1484 2203 1335"/></Shape></Glyph><Glyph ID="char_256" CONTENT="י" GC="1.0"><Shape><Polygon POINTS="2143 1335 2143 1484 2173 1484 2173 1335"/></Shape></Glyph><Glyph ID="char_257" CONTENT=" " GC="1.0"><Shape><Polygon POINTS="2118 1333 2109 1482 2143 1484 2143 1335"/></Shape></Glyph><Glyph ID="char_258" CONTENT="א" GC="1.0"><Shape><Polygon POINTS="2069 1330 2059 1479 2109 1482 2118 1333"/></Shape></Glyph><Glyph ID="char_259" CONTENT="ח" GC="1.0"><Shape><Polygon POINTS="2029 1327 2019 1476 2059 1479 2069 1330"/></Shape></Glyph><Glyph ID="char_260" CONTENT="ר" GC="1.0"><Shape><Polygon POINTS="1999 1326 1989 1475 2019 1476 2029 1327"/></Shape></Glyph><Glyph ID="char_261" CONTENT=" " GC="1.0"><Shape><Polygon POINTS="1969 1324 1959 1473 1989 1475 1999 1326"/></Shape></Glyph><Glyph ID="char_262" CONTENT="ח" GC="1.0"><Shape><Polygon POINTS="1919 1321 1909 1470 1959 1473 1969 1324"/></Shape></Glyph><Glyph ID="char_263" CONTENT="ק" GC="1.0"><Shape><Polygon POINTS="1859 1317 1850 1466 1909 1470 1919 1321"/></Shape></Glyph><Glyph ID="char_264" CONTENT="י" GC="1.0"><Shape><Polygon POINTS="1819 1314 1810 1463 1850 1466 1859 1317"/></Shape></Glyph><Glyph ID="char_265" CONTENT="ו" GC="1.0"><Shape><Polygon POINTS="1799 1313 1790 1462 1810 1463 1819 1314"/></Shape></Glyph><Glyph ID="char_266" CONTENT=" " GC="1.0"><Shape><Polygon POINTS="1770 1311 1759 1460 1790 1462 1799 1313"/></Shape></Glyph><Glyph ID="char_267" CONTENT="ו" GC="1.0"><Shape><Polygon POINTS="1740 1309 1729 1458 1759 1460 1770 1311"/></Shape></Glyph><Glyph ID="char_268" CONTENT="ל" GC="1.0"><Shape><Polygon POINTS="1710 1306 1699 1455 1729 1458 1740 1309"/></Shape></Glyph><Glyph ID="char_269" CONTENT="א" GC="1.0"><Shape><Polygon POINTS="1671 1303 1659 1452 1699 1455 1710 1306"/></Shape></Glyph><Glyph ID="char_270" CONTENT=" " GC="1.0"><Shape><Polygon POINTS="1631 1300 1619 1449 1659 1452 1671 1303"/></Shape></Glyph><Glyph ID="char_271" CONTENT="י" GC="1.0"><Shape><Polygon POINTS="1601 1298 1589 1447 1619 1449 1631 1300"/></Shape></Glyph><Glyph ID="char_272" CONTENT="ע" GC="1.0"><Shape><Polygon POINTS="1551 1294 1540 1443 1589 1447 1601 1298"/></Shape></Glyph><Glyph ID="char_273" CONTENT="ט" GC="1.0"><Shape><Polygon POINTS="1490 1290 1479 1438 1540 1443 1551 1294"/></Shape></Glyph><Glyph ID="char_274" CONTENT="ר" GC="1.0"><Shape><Polygon POINTS="1430 1285 1419 1434 1479 1438 1490 1290"/></Shape></Glyph><Glyph ID="char_275" CONTENT="ם" GC="1.0"><Shape><Polygon POINTS="1400 1283 1389 1432 1419 1434 1430 1285"/></Shape></Glyph><Glyph ID="char_276" CONTENT=" " GC="1.0"><Shape><Polygon POINTS="1360 1280 1349 1429 1389 1432 1400 1283"/></Shape></Glyph><Glyph ID="char_277" CONTENT="ל" GC="1.0"><Shape><Polygon POINTS="1321 1277 1309 1425 1349 1429 1360 1280"/></Shape></Glyph><Glyph ID="char_278" CONTENT="כ" GC="1.0"><Shape><Polygon POINTS="1277 1274 1272 1423 1309 1425 1321 1277"/></Shape></Glyph><Glyph ID="char_279" CONTENT="ל" GC="1.0"><Shape><Polygon POINTS="1247 1273 1242 1422 1272 1423 1277 1274"/></Shape></Glyph><Glyph ID="char_280" CONTENT=" " GC="1.0"><Shape><Polygon POINTS="1217 1272 1212 1421 1242 1422 1247 1273"/></Shape></Glyph><Glyph ID="char_281" CONTENT="ז" GC="1.0"><Shape><Polygon POINTS="1187 1271 1182 1420 1212 1421 1217 1272"/></Shape></Glyph><Glyph ID="char_282" CONTENT="ר" GC="1.0"><Shape><Polygon POINTS="1157 1270 1152 1419 1182 1420 1187 1271"/></Shape></Glyph><Glyph ID="char_283" CONTENT=" " GC="1.0"><Shape><Polygon POINTS="1127 1269 1122 1418 1152 1419 1157 1270"/></Shape></Glyph><Glyph ID="char_284" CONTENT="כ" GC="1.0"><Shape><Polygon POINTS="1097 1268 1092 1417 1122 1418 1127 1269"/></Shape></Glyph><Glyph ID="char_285" CONTENT=" " GC="1.0"><Shape><Polygon POINTS="1074 1356 1093 1356"/></Shape></Glyph></String>
          </TextLine>

          
          
          <TextLine ID="eSc_line_1788255" BASELINE="1068 1522 1177 1517 1501 1542 1851 1551 1979 1558 2176 1562 2712 1562" HPOS="1063.0" VPOS="1427.0" WIDTH="1649.0" HEIGHT="194.0">
            <Shape><Polygon POINTS="1063 1432 1172 1427 1507 1452 1853 1461 1983 1468 2177 1472 2712 1472 2712 1621 2174 1621 1975 1617 1849 1610 1496 1601 1179 1576 1070 1581"/></Shape>
	    <String CONTENT=" יהם אשר כרת עם יעקב להיות עמו עד עלמי ע " HPOS="1063.0" VPOS="1427.0" WIDTH="1649.0" HEIGHT="194.0"><Glyph ID="char_286" CONTENT=" " GC="1.0"><Shape><Polygon POINTS="2602 1472 2602 1621 2662 1621 2662 1472"/></Shape></Glyph><Glyph ID="char_287" CONTENT="י" GC="1.0"><Shape><Polygon POINTS="2581 1472 2581 1621 2602 1621 2602 1472"/></Shape></Glyph><Glyph ID="char_288" CONTENT="ה" GC="1.0"><Shape><Polygon POINTS="2541 1472 2541 1621 2581 1621 2581 1472"/></Shape></Glyph><Glyph ID="char_289" CONTENT="ם" GC="1.0"><Shape><Polygon POINTS="2501 1472 2501 1621 2541 1621 2541 1472"/></Shape></Glyph><Glyph ID="char_290" CONTENT=" " GC="1.0"><Shape><Polygon POINTS="2481 1472 2481 1621 2501 1621 2501 1472"/></Shape></Glyph><Glyph ID="char_291" CONTENT="א" GC="1.0"><Shape><Polygon POINTS="2431 1472 2431 1621 2481 1621 2481 1472"/></Shape></Glyph><Glyph ID="char_292" CONTENT="ש" GC="1.0"><Shape><Polygon POINTS="2371 1472 2371 1621 2431 1621 2431 1472"/></Shape></Glyph><Glyph ID="char_293" CONTENT="ר" GC="1.0"><Shape><Polygon POINTS="2331 1472 2331 1621 2371 1621 2371 1472"/></Shape></Glyph><Glyph ID="char_294" CONTENT=" " GC="1.0"><Shape><Polygon POINTS="2300 1472 2300 1621 2331 1621 2331 1472"/></Shape></Glyph><Glyph ID="char_295" CONTENT="כ" GC="1.0"><Shape><Polygon POINTS="2270 1472 2270 1621 2300 1621 2300 1472"/></Shape></Glyph><Glyph ID="char_296" CONTENT="ר" GC="1.0"><Shape><Polygon POINTS="2230 1472 2230 1621 2270 1621 2270 1472"/></Shape></Glyph><Glyph ID="char_297" CONTENT="ת" GC="1.0"><Shape><Polygon POINTS="2200 1472 2200 1621 2230 1621 2230 1472"/></Shape></Glyph><Glyph ID="char_298" CONTENT=" " GC="1.0"><Shape><Polygon POINTS="2180 1472 2180 1621 2200 1621 2200 1472"/></Shape></Glyph><Glyph ID="char_299" CONTENT="ע" GC="1.0"><Shape><Polygon POINTS="2141 1471 2138 1620 2180 1621 2180 1472"/></Shape></Glyph><Glyph ID="char_300" CONTENT="ם" GC="1.0"><Shape><Polygon POINTS="2091 1470 2088 1619 2138 1620 2141 1471"/></Shape></Glyph><Glyph ID="char_301" CONTENT=" " GC="1.0"><Shape><Polygon POINTS="2061 1470 2058 1619 2088 1619 2091 1470"/></Shape></Glyph><Glyph ID="char_302" CONTENT="י" GC="1.0"><Shape><Polygon POINTS="2031 1469 2028 1618 2058 1619 2061 1470"/></Shape></Glyph><Glyph ID="char_303" CONTENT="ע" GC="1.0"><Shape><Polygon POINTS="1990 1468 1987 1617 2028 1618 2031 1469"/></Shape></Glyph><Glyph ID="char_304" CONTENT="ק" GC="1.0"><Shape><Polygon POINTS="1934 1465 1925 1614 1987 1617 1990 1468"/></Shape></Glyph><Glyph ID="char_305" CONTENT="ב" GC="1.0"><Shape><Polygon POINTS="1894 1463 1886 1612 1925 1614 1934 1465"/></Shape></Glyph><Glyph ID="char_306" CONTENT=" " GC="1.0"><Shape><Polygon POINTS="1864 1462 1856 1610 1886 1612 1894 1463"/></Shape></Glyph><Glyph ID="char_307" CONTENT="ל" GC="1.0"><Shape><Polygon POINTS="1831 1460 1827 1609 1856 1610 1864 1462"/></Shape></Glyph><Glyph ID="char_308" CONTENT="ה" GC="1.0"><Shape><Polygon POINTS="1781 1459 1777 1608 1827 1609 1831 1460"/></Shape></Glyph><Glyph ID="char_309" CONTENT="י" GC="1.0"><Shape><Polygon POINTS="1740 1458 1736 1607 1777 1608 1781 1459"/></Shape></Glyph><Glyph ID="char_310" CONTENT="ו" GC="1.0"><Shape><Polygon POINTS="1700 1457 1696 1606 1736 1607 1740 1458"/></Shape></Glyph><Glyph ID="char_311" CONTENT="ת" GC="1.0"><Shape><Polygon POINTS="1670 1456 1666 1605 1696 1606 1700 1457"/></Shape></Glyph><Glyph ID="char_312" CONTENT=" " GC="1.0"><Shape><Polygon POINTS="1640 1455 1636 1605 1666 1605 1670 1456"/></Shape></Glyph><Glyph ID="char_313" CONTENT="ע" GC="1.0"><Shape><Polygon POINTS="1590 1454 1586 1603 1636 1605 1640 1455"/></Shape></Glyph><Glyph ID="char_314" CONTENT="מ" GC="1.0"><Shape><Polygon POINTS="1540 1453 1536 1602 1586 1603 1590 1454"/></Shape></Glyph><Glyph ID="char_315" CONTENT="ו" GC="1.0"><Shape><Polygon POINTS="1520 1452 1516 1602 1536 1602 1540 1453"/></Shape></Glyph><Glyph ID="char_316" CONTENT=" " GC="1.0"><Shape><Polygon POINTS="1495 1451 1483 1600 1516 1602 1520 1452"/></Shape></Glyph><Glyph ID="char_317" CONTENT="ע" GC="1.0"><Shape><Polygon POINTS="1444 1447 1433 1596 1483 1600 1495 1451"/></Shape></Glyph><Glyph ID="char_318" CONTENT="ד" GC="1.0"><Shape><Polygon POINTS="1414 1445 1403 1594 1433 1596 1444 1447"/></Shape></Glyph><Glyph ID="char_319" CONTENT=" " GC="1.0"><Shape><Polygon POINTS="1384 1443 1373 1591 1403 1594 1414 1445"/></Shape></Glyph><Glyph ID="char_320" CONTENT="ע" GC="1.0"><Shape><Polygon POINTS="1344 1440 1333 1588 1373 1591 1384 1443"/></Shape></Glyph><Glyph ID="char_321" CONTENT="ל" GC="1.0"><Shape><Polygon POINTS="1284 1435 1273 1583 1333 1588 1344 1440"/></Shape></Glyph><Glyph ID="char_322" CONTENT="מ" GC="1.0"><Shape><Polygon POINTS="1245 1432 1233 1580 1273 1583 1284 1435"/></Shape></Glyph><Glyph ID="char_323" CONTENT="י" GC="1.0"><Shape><Polygon POINTS="1225 1431 1213 1579 1233 1580 1245 1432"/></Shape></Glyph><Glyph ID="char_324" CONTENT=" " GC="1.0"><Shape><Polygon POINTS="1194 1429 1182 1576 1213 1579 1225 1431"/></Shape></Glyph><Glyph ID="char_325" CONTENT="ע" GC="1.0"><Shape><Polygon POINTS="1133 1429 1140 1578 1182 1576 1194 1429"/></Shape></Glyph><Glyph ID="char_326" CONTENT=" " GC="1.0"><Shape><Polygon POINTS="1073 1432 1080 1581 1140 1578 1133 1429"/></Shape></Glyph></String>
          </TextLine>

          
          
          <TextLine ID="eSc_line_1788256" BASELINE="1082 1664 1298 1675 1395 1684 1673 1700 1738 1700 1867 1707 2135 1709 2694 1698" HPOS="1078.0" VPOS="1574.0" WIDTH="1617.0" HEIGHT="194.0">
            <Shape><Polygon POINTS="1086 1574 1302 1585 1403 1594 1678 1610 1738 1610 1871 1617 2135 1619 2692 1608 2695 1757 2134 1768 1863 1766 1738 1759 1669 1759 1389 1743 1294 1734 1078 1723"/></Shape>
	    <String CONTENT=" ראל כלה להשמידו ביד גוים כל הנגעים בנחל " HPOS="1078.0" VPOS="1574.0" WIDTH="1617.0" HEIGHT="194.0"><Glyph ID="char_327" CONTENT=" " GC="1.0"><Shape><Polygon POINTS="2642 1609 2645 1758 2685 1757 2682 1608"/></Shape></Glyph><Glyph ID="char_328" CONTENT="ר" GC="1.0"><Shape><Polygon POINTS="2612 1610 2615 1759 2645 1758 2642 1609"/></Shape></Glyph><Glyph ID="char_329" CONTENT="א" GC="1.0"><Shape><Polygon POINTS="2562 1611 2565 1760 2615 1759 2612 1610"/></Shape></Glyph><Glyph ID="char_330" CONTENT="ל" GC="1.0"><Shape><Polygon POINTS="2522 1611 2525 1760 2565 1760 2562 1611"/></Shape></Glyph><Glyph ID="char_331" CONTENT=" " GC="1.0"><Shape><Polygon POINTS="2491 1612 2494 1761 2525 1760 2522 1611"/></Shape></Glyph><Glyph ID="char_332" CONTENT="כ" GC="1.0"><Shape><Polygon POINTS="2461 1613 2464 1762 2494 1761 2491 1612"/></Shape></Glyph><Glyph ID="char_333" CONTENT="ל" GC="1.0"><Shape><Polygon POINTS="2411 1614 2414 1763 2464 1762 2461 1613"/></Shape></Glyph><Glyph ID="char_334" CONTENT="ה" GC="1.0"><Shape><Polygon POINTS="2371 1614 2374 1763 2414 1763 2411 1614"/></Shape></Glyph><Glyph ID="char_335" CONTENT=" " GC="1.0"><Shape><Polygon POINTS="2341 1615 2344 1764 2374 1763 2371 1614"/></Shape></Glyph><Glyph ID="char_336" CONTENT="ל" GC="1.0"><Shape><Polygon POINTS="2301 1616 2304 1765 2344 1764 2341 1615"/></Shape></Glyph><Glyph ID="char_337" CONTENT="ה" GC="1.0"><Shape><Polygon POINTS="2251 1617 2254 1766 2304 1765 2301 1616"/></Shape></Glyph><Glyph ID="char_338" CONTENT="ש" GC="1.0"><Shape><Polygon POINTS="2201 1618 2204 1767 2254 1766 2251 1617"/></Shape></Glyph><Glyph ID="char_339" CONTENT="מ" GC="1.0"><Shape><Polygon POINTS="2151 1619 2154 1768 2204 1767 2201 1618"/></Shape></Glyph><Glyph ID="char_340" CONTENT="י" GC="1.0"><Shape><Polygon POINTS="2113 1619 2112 1768 2154 1768 2151 1619"/></Shape></Glyph><Glyph ID="char_341" CONTENT="ד" GC="1.0"><Shape><Polygon POINTS="2072 1619 2071 1768 2112 1768 2113 1619"/></Shape></Glyph><Glyph ID="char_342" CONTENT="ו" GC="1.0"><Shape><Polygon POINTS="2052 1618 2051 1767 2071 1768 2072 1619"/></Shape></Glyph><Glyph ID="char_343" CONTENT=" " GC="1.0"><Shape><Polygon POINTS="2012 1618 2011 1767 2051 1767 2052 1618"/></Shape></Glyph><Glyph ID="char_344" CONTENT="ב" GC="1.0"><Shape><Polygon POINTS="1972 1618 1971 1767 2011 1767 2012 1618"/></Shape></Glyph><Glyph ID="char_345" CONTENT="י" GC="1.0"><Shape><Polygon POINTS="1932 1617 1931 1767 1971 1767 1972 1618"/></Shape></Glyph><Glyph ID="char_346" CONTENT="ד" GC="1.0"><Shape><Polygon POINTS="1902 1617 1901 1766 1931 1767 1932 1617"/></Shape></Glyph><Glyph ID="char_347" CONTENT=" " GC="1.0"><Shape><Polygon POINTS="1872 1617 1871 1766 1901 1766 1902 1617"/></Shape></Glyph><Glyph ID="char_348" CONTENT="ג" GC="1.0"><Shape><Polygon POINTS="1837 1615 1828 1764 1871 1766 1872 1617"/></Shape></Glyph><Glyph ID="char_349" CONTENT="ו" GC="1.0"><Shape><Polygon POINTS="1797 1613 1789 1762 1828 1764 1837 1615"/></Shape></Glyph><Glyph ID="char_350" CONTENT="י" GC="1.0"><Shape><Polygon POINTS="1757 1611 1749 1760 1789 1762 1797 1613"/></Shape></Glyph><Glyph ID="char_351" CONTENT="ם" GC="1.0"><Shape><Polygon POINTS="1702 1610 1702 1759 1749 1760 1757 1611"/></Shape></Glyph><Glyph ID="char_352" CONTENT=" " GC="1.0"><Shape><Polygon POINTS="1676 1610 1667 1759 1702 1759 1702 1610"/></Shape></Glyph><Glyph ID="char_353" CONTENT="כ" GC="1.0"><Shape><Polygon POINTS="1626 1607 1617 1756 1667 1759 1676 1610"/></Shape></Glyph><Glyph ID="char_354" CONTENT="ל" GC="1.0"><Shape><Polygon POINTS="1596 1605 1588 1754 1617 1756 1626 1607"/></Shape></Glyph><Glyph ID="char_355" CONTENT=" " GC="1.0"><Shape><Polygon POINTS="1566 1603 1558 1753 1588 1754 1596 1605"/></Shape></Glyph><Glyph ID="char_356" CONTENT="ה" GC="1.0"><Shape><Polygon POINTS="1526 1601 1518 1750 1558 1753 1566 1603"/></Shape></Glyph><Glyph ID="char_357" CONTENT="נ" GC="1.0"><Shape><Polygon POINTS="1486 1599 1478 1748 1518 1750 1526 1601"/></Shape></Glyph><Glyph ID="char_358" CONTENT="ג" GC="1.0"><Shape><Polygon POINTS="1446 1597 1438 1746 1478 1748 1486 1599"/></Shape></Glyph><Glyph ID="char_359" CONTENT="ע" GC="1.0"><Shape><Polygon POINTS="1400 1594 1386 1743 1438 1746 1446 1597"/></Shape></Glyph><Glyph ID="char_360" CONTENT="י" GC="1.0"><Shape><Polygon POINTS="1350 1589 1336 1738 1386 1743 1400 1594"/></Shape></Glyph><Glyph ID="char_361" CONTENT="ם" GC="1.0"><Shape><Polygon POINTS="1310 1586 1296 1734 1336 1738 1350 1589"/></Shape></Glyph><Glyph ID="char_362" CONTENT=" " GC="1.0"><Shape><Polygon POINTS="1277 1584 1268 1733 1296 1734 1310 1586"/></Shape></Glyph><Glyph ID="char_363" CONTENT="ב" GC="1.0"><Shape><Polygon POINTS="1236 1582 1227 1731 1268 1733 1277 1584"/></Shape></Glyph><Glyph ID="char_364" CONTENT="נ" GC="1.0"><Shape><Polygon POINTS="1196 1580 1188 1729 1227 1731 1236 1582"/></Shape></Glyph><Glyph ID="char_365" CONTENT="ח" GC="1.0"><Shape><Polygon POINTS="1156 1578 1148 1727 1188 1729 1196 1580"/></Shape></Glyph><Glyph ID="char_366" CONTENT="ל" GC="1.0"><Shape><Polygon POINTS="1126 1576 1118 1725 1148 1727 1156 1578"/></Shape></Glyph><Glyph ID="char_367" CONTENT=" " GC="1.0"><Shape><Polygon POINTS="1096 1575 1088 1723 1118 1725 1126 1576"/></Shape></Glyph></String>
          </TextLine>

          
          
          <TextLine ID="eSc_line_1788257" BASELINE="1082 1822 1274 1822 1515 1840 1727 1849 1896 1860 2092 1867 2282 1867 2437 1860 2536 1862 2735 1855" HPOS="1082.0" VPOS="1732.0" WIDTH="1655.0" HEIGHT="194.0">
            <Shape><Polygon POINTS="1082 1732 1274 1732 1521 1750 1730 1759 1901 1770 2095 1777 2282 1777 2432 1770 2537 1772 2731 1765 2737 1914 2534 1921 2439 1919 2282 1926 2089 1926 1892 1919 1724 1908 1510 1899 1274 1881 1082 1881"/></Shape>
	    <String CONTENT=" ת דמם ידרוש מידם ראו מה עשה למדין א " HPOS="1082.0" VPOS="1732.0" WIDTH="1655.0" HEIGHT="194.0"><Glyph ID="char_368" CONTENT=" " GC="1.0"><Shape><Polygon POINTS="2456 1770 2453 1919 2627 1918 2622 1769"/></Shape></Glyph><Glyph ID="char_369" CONTENT="ת" GC="1.0"><Shape><Polygon POINTS="2380 1772 2387 1921 2453 1919 2456 1770"/></Shape></Glyph><Glyph ID="char_370" CONTENT=" " GC="1.0"><Shape><Polygon POINTS="2351 1774 2357 1923 2387 1921 2380 1772"/></Shape></Glyph><Glyph ID="char_371" CONTENT="ד" GC="1.0"><Shape><Polygon POINTS="2311 1776 2317 1924 2357 1923 2351 1774"/></Shape></Glyph><Glyph ID="char_372" CONTENT="מ" GC="1.0"><Shape><Polygon POINTS="2265 1777 2265 1926 2317 1924 2311 1776"/></Shape></Glyph><Glyph ID="char_373" CONTENT="ם" GC="1.0"><Shape><Polygon POINTS="2224 1777 2224 1926 2265 1926 2265 1777"/></Shape></Glyph><Glyph ID="char_374" CONTENT=" " GC="1.0"><Shape><Polygon POINTS="2194 1777 2194 1926 2224 1926 2224 1777"/></Shape></Glyph><Glyph ID="char_375" CONTENT="י" GC="1.0"><Shape><Polygon POINTS="2164 1777 2164 1926 2194 1926 2194 1777"/></Shape></Glyph><Glyph ID="char_376" CONTENT="ד" GC="1.0"><Shape><Polygon POINTS="2124 1777 2124 1926 2164 1926 2164 1777"/></Shape></Glyph><Glyph ID="char_377" CONTENT="ר" GC="1.0"><Shape><Polygon POINTS="2094 1777 2094 1926 2124 1926 2124 1777"/></Shape></Glyph><Glyph ID="char_378" CONTENT="ו" GC="1.0"><Shape><Polygon POINTS="2067 1776 2062 1925 2094 1926 2094 1777"/></Shape></Glyph><Glyph ID="char_379" CONTENT="ש" GC="1.0"><Shape><Polygon POINTS="2037 1775 2032 1924 2062 1925 2067 1776"/></Shape></Glyph><Glyph ID="char_380" CONTENT=" " GC="1.0"><Shape><Polygon POINTS="1997 1773 1992 1923 2032 1924 2037 1775"/></Shape></Glyph><Glyph ID="char_381" CONTENT="מ" GC="1.0"><Shape><Polygon POINTS="1957 1772 1952 1921 1992 1923 1997 1773"/></Shape></Glyph><Glyph ID="char_382" CONTENT="י" GC="1.0"><Shape><Polygon POINTS="1927 1771 1922 1920 1952 1921 1957 1772"/></Shape></Glyph><Glyph ID="char_383" CONTENT="ד" GC="1.0"><Shape><Polygon POINTS="1879 1769 1869 1917 1922 1920 1927 1771"/></Shape></Glyph><Glyph ID="char_384" CONTENT="ם" GC="1.0"><Shape><Polygon POINTS="1839 1766 1829 1915 1869 1917 1879 1769"/></Shape></Glyph><Glyph ID="char_385" CONTENT=" " GC="1.0"><Shape><Polygon POINTS="1809 1764 1799 1913 1829 1915 1839 1766"/></Shape></Glyph><Glyph ID="char_386" CONTENT="ר" GC="1.0"><Shape><Polygon POINTS="1769 1762 1759 1910 1799 1913 1809 1764"/></Shape></Glyph><Glyph ID="char_387" CONTENT="א" GC="1.0"><Shape><Polygon POINTS="1727 1759 1721 1908 1759 1910 1769 1762"/></Shape></Glyph><Glyph ID="char_388" CONTENT="ו" GC="1.0"><Shape><Polygon POINTS="1697 1758 1691 1907 1721 1908 1727 1759"/></Shape></Glyph><Glyph ID="char_389" CONTENT=" " GC="1.0"><Shape><Polygon POINTS="1667 1756 1661 1905 1691 1907 1697 1758"/></Shape></Glyph><Glyph ID="char_390" CONTENT="מ" GC="1.0"><Shape><Polygon POINTS="1627 1755 1621 1904 1661 1905 1667 1756"/></Shape></Glyph><Glyph ID="char_391" CONTENT="ה" GC="1.0"><Shape><Polygon POINTS="1597 1753 1591 1902 1621 1904 1627 1755"/></Shape></Glyph><Glyph ID="char_392" CONTENT=" " GC="1.0"><Shape><Polygon POINTS="1566 1752 1560 1901 1591 1902 1597 1753"/></Shape></Glyph><Glyph ID="char_393" CONTENT="ע" GC="1.0"><Shape><Polygon POINTS="1526 1750 1520 1899 1560 1901 1566 1752"/></Shape></Glyph><Glyph ID="char_394" CONTENT="ש" GC="1.0"><Shape><Polygon POINTS="1469 1746 1458 1895 1520 1899 1526 1750"/></Shape></Glyph><Glyph ID="char_395" CONTENT="ה" GC="1.0"><Shape><Polygon POINTS="1409 1742 1398 1890 1458 1895 1469 1746"/></Shape></Glyph><Glyph ID="char_396" CONTENT=" " GC="1.0"><Shape><Polygon POINTS="1379 1740 1368 1888 1398 1890 1409 1742"/></Shape></Glyph><Glyph ID="char_397" CONTENT="ל" GC="1.0"><Shape><Polygon POINTS="1340 1737 1328 1885 1368 1888 1379 1740"/></Shape></Glyph><Glyph ID="char_398" CONTENT="מ" GC="1.0"><Shape><Polygon POINTS="1300 1734 1289 1882 1328 1885 1340 1737"/></Shape></Glyph><Glyph ID="char_399" CONTENT="ד" GC="1.0"><Shape><Polygon POINTS="1253 1732 1253 1881 1289 1882 1300 1734"/></Shape></Glyph><Glyph ID="char_400" CONTENT="י" GC="1.0"><Shape><Polygon POINTS="1222 1732 1222 1881 1253 1881 1253 1732"/></Shape></Glyph><Glyph ID="char_401" CONTENT="ן" GC="1.0"><Shape><Polygon POINTS="1202 1732 1202 1881 1222 1881 1222 1732"/></Shape></Glyph><Glyph ID="char_402" CONTENT=" " GC="1.0"><Shape><Polygon POINTS="1172 1732 1172 1881 1202 1881 1202 1732"/></Shape></Glyph><Glyph ID="char_403" CONTENT="א" GC="1.0"><Shape><Polygon POINTS="1122 1732 1122 1881 1172 1881 1172 1732"/></Shape></Glyph><Glyph ID="char_404" CONTENT=" " GC="1.0"><Shape><Polygon POINTS="1082 1732 1082 1881 1122 1881 1122 1732"/></Shape></Glyph></String>
          </TextLine>

          
          
          <TextLine ID="eSc_line_1788258" BASELINE="1116 1964 1217 1973 1346 1977 1943 2020 2376 2018 2782 1995" HPOS="1110.0" VPOS="1874.0" WIDTH="1675.0" HEIGHT="205.0">
            <Shape><Polygon POINTS="1123 1874 1224 1883 1348 1887 1949 1930 2375 1928 2776 1905 2785 2054 2376 2077 1938 2079 1344 2036 1211 2032 1110 2023"/></Shape>
	    <String CONTENT="אחד הוא זמרי בן סל א וחמשת מלכי מדין נהרגו " HPOS="1110.0" VPOS="1874.0" WIDTH="1675.0" HEIGHT="205.0"><Glyph ID="char_405" CONTENT="א" GC="1.0"><Shape><Polygon POINTS="2675 1911 2684 2060 2755 2056 2746 1907"/></Shape></Glyph><Glyph ID="char_406" CONTENT="ח" GC="1.0"><Shape><Polygon POINTS="2625 1914 2634 2063 2684 2060 2675 1911"/></Shape></Glyph><Glyph ID="char_407" CONTENT="ד" GC="1.0"><Shape><Polygon POINTS="2595 1915 2604 2064 2634 2063 2625 1914"/></Shape></Glyph><Glyph ID="char_408" CONTENT=" " GC="1.0"><Shape><Polygon POINTS="2556 1918 2564 2066 2604 2064 2595 1915"/></Shape></Glyph><Glyph ID="char_409" CONTENT="ה" GC="1.0"><Shape><Polygon POINTS="2516 1920 2524 2069 2564 2066 2556 1918"/></Shape></Glyph><Glyph ID="char_410" CONTENT="ו" GC="1.0"><Shape><Polygon POINTS="2485 1922 2493 2070 2524 2069 2516 1920"/></Shape></Glyph><Glyph ID="char_411" CONTENT="א" GC="1.0"><Shape><Polygon POINTS="2445 1924 2453 2073 2493 2070 2485 1922"/></Shape></Glyph><Glyph ID="char_412" CONTENT=" " GC="1.0"><Shape><Polygon POINTS="2405 1926 2413 2075 2453 2073 2445 1924"/></Shape></Glyph><Glyph ID="char_413" CONTENT="ז" GC="1.0"><Shape><Polygon POINTS="2375 1928 2383 2077 2413 2075 2405 1926"/></Shape></Glyph><Glyph ID="char_414" CONTENT="מ" GC="1.0"><Shape><Polygon POINTS="2349 1928 2350 2077 2383 2077 2375 1928"/></Shape></Glyph><Glyph ID="char_415" CONTENT="ר" GC="1.0"><Shape><Polygon POINTS="2308 1928 2309 2077 2350 2077 2349 1928"/></Shape></Glyph><Glyph ID="char_416" CONTENT="י" GC="1.0"><Shape><Polygon POINTS="2278 1928 2279 2077 2309 2077 2308 1928"/></Shape></Glyph><Glyph ID="char_417" CONTENT=" " GC="1.0"><Shape><Polygon POINTS="2248 1929 2249 2078 2279 2077 2278 1928"/></Shape></Glyph><Glyph ID="char_418" CONTENT="ב" GC="1.0"><Shape><Polygon POINTS="2208 1929 2209 2078 2249 2078 2248 1929"/></Shape></Glyph><Glyph ID="char_419" CONTENT="ן" GC="1.0"><Shape><Polygon POINTS="2188 1929 2189 2078 2209 2078 2208 1929"/></Shape></Glyph><Glyph ID="char_420" CONTENT=" " GC="1.0"><Shape><Polygon POINTS="2158 1929 2159 2078 2189 2078 2188 1929"/></Shape></Glyph><Glyph ID="char_421" CONTENT="ס" GC="1.0"><Shape><Polygon POINTS="2107 1929 2108 2078 2159 2078 2158 1929"/></Shape></Glyph><Glyph ID="char_422" CONTENT="ל" GC="1.0"><Shape><Polygon POINTS="2077 1929 2078 2078 2108 2078 2107 1929"/></Shape></Glyph><Glyph ID="char_423" CONTENT=" " GC="1.0"><Shape><Polygon POINTS="2037 1930 2038 2079 2078 2078 2077 1929"/></Shape></Glyph><Glyph ID="char_424" CONTENT="א" GC="1.0"><Shape><Polygon POINTS="1987 1930 1988 2079 2038 2079 2037 1930"/></Shape></Glyph><Glyph ID="char_425" CONTENT=" " GC="1.0"><Shape><Polygon POINTS="1957 1930 1958 2079 1988 2079 1987 1930"/></Shape></Glyph><Glyph ID="char_426" CONTENT="ו" GC="1.0"><Shape><Polygon POINTS="1913 1927 1903 2076 1958 2079 1957 1930"/></Shape></Glyph><Glyph ID="char_427" CONTENT="ח" GC="1.0"><Shape><Polygon POINTS="1874 1925 1863 2074 1903 2076 1913 1927"/></Shape></Glyph><Glyph ID="char_428" CONTENT="מ" GC="1.0"><Shape><Polygon POINTS="1844 1922 1833 2071 1863 2074 1874 1925"/></Shape></Glyph><Glyph ID="char_429" CONTENT="ש" GC="1.0"><Shape><Polygon POINTS="1774 1917 1763 2066 1833 2071 1844 1922"/></Shape></Glyph><Glyph ID="char_430" CONTENT="ת" GC="1.0"><Shape><Polygon POINTS="1723 1914 1712 2063 1763 2066 1774 1917"/></Shape></Glyph><Glyph ID="char_431" CONTENT=" " GC="1.0"><Shape><Polygon POINTS="1693 1912 1682 2060 1712 2063 1723 1914"/></Shape></Glyph><Glyph ID="char_432" CONTENT="מ" GC="1.0"><Shape><Polygon POINTS="1653 1909 1642 2058 1682 2060 1693 1912"/></Shape></Glyph><Glyph ID="char_433" CONTENT="ל" GC="1.0"><Shape><Polygon POINTS="1613 1906 1603 2055 1642 2058 1653 1909"/></Shape></Glyph><Glyph ID="char_434" CONTENT="כ" GC="1.0"><Shape><Polygon POINTS="1572 1903 1562 2052 1603 2055 1613 1906"/></Shape></Glyph><Glyph ID="char_435" CONTENT="י" GC="1.0"><Shape><Polygon POINTS="1552 1902 1542 2050 1562 2052 1572 1903"/></Shape></Glyph><Glyph ID="char_436" CONTENT=" " GC="1.0"><Shape><Polygon POINTS="1522 1899 1512 2048 1542 2050 1552 1902"/></Shape></Glyph><Glyph ID="char_437" CONTENT="מ" GC="1.0"><Shape><Polygon POINTS="1483 1897 1472 2045 1512 2048 1522 1899"/></Shape></Glyph><Glyph ID="char_438" CONTENT="ד" GC="1.0"><Shape><Polygon POINTS="1443 1894 1432 2042 1472 2045 1483 1897"/></Shape></Glyph><Glyph ID="char_439" CONTENT="י" GC="1.0"><Shape><Polygon POINTS="1413 1892 1402 2040 1432 2042 1443 1894"/></Shape></Glyph><Glyph ID="char_440" CONTENT="ן" GC="1.0"><Shape><Polygon POINTS="1382 1889 1371 2038 1402 2040 1413 1892"/></Shape></Glyph><Glyph ID="char_441" CONTENT=" " GC="1.0"><Shape><Polygon POINTS="1362 1888 1351 2037 1371 2038 1382 1889"/></Shape></Glyph><Glyph ID="char_442" CONTENT="נ" GC="1.0"><Shape><Polygon POINTS="1308 1886 1304 2035 1351 2037 1362 1888"/></Shape></Glyph><Glyph ID="char_443" CONTENT="ה" GC="1.0"><Shape><Polygon POINTS="1268 1884 1264 2034 1304 2035 1308 1886"/></Shape></Glyph><Glyph ID="char_444" CONTENT="ר" GC="1.0"><Shape><Polygon POINTS="1228 1883 1224 2032 1264 2034 1268 1884"/></Shape></Glyph><Glyph ID="char_445" CONTENT="ג" GC="1.0"><Shape><Polygon POINTS="1193 1880 1179 2029 1224 2032 1228 1883"/></Shape></Glyph><Glyph ID="char_446" CONTENT="ו" GC="1.0"><Shape><Polygon POINTS="1154 1877 1139 2026 1179 2029 1193 1880"/></Shape></Glyph><Glyph ID="char_447" CONTENT=" " GC="1.0"><Shape><Polygon POINTS="1115 1963 1144 1965"/></Shape></Glyph></String>
          </TextLine>

          
          
          <TextLine ID="eSc_line_1788259" BASELINE="1321 2117 1458 2124 1772 2126 2021 2137 2299 2143" HPOS="1317.0" VPOS="2027.0" WIDTH="983.0" HEIGHT="175.0">
            <Shape><Polygon POINTS="1325 2027 1462 2034 1772 2036 2024 2047 2300 2053 2297 2202 2018 2196 1771 2185 1454 2183 1317 2176"/></Shape>
	    <String CONTENT=" ל " HPOS="1317.0" VPOS="2027.0" WIDTH="983.0" HEIGHT="175.0"><Glyph ID="char_448" CONTENT=" " GC="1.0"><Shape><Polygon POINTS="1798 2037 1791 2186 2138 2199 2141 2050"/></Shape></Glyph><Glyph ID="char_449" CONTENT="ל" GC="1.0"><Shape><Polygon POINTS="1606 2035 1605 2184 1791 2186 1798 2037"/></Shape></Glyph><Glyph ID="char_450" CONTENT=" " GC="1.0"><Shape><Polygon POINTS="1453 2034 1444 2183 1605 2184 1606 2035"/></Shape></Glyph></String>
          </TextLine>

          
        </TextBlock>
        

        
      </PrintSpace>
    </Page>
  </Layout>
</alto>