<?xml version='1.0' encoding='UTF-8'?>
<alto xmlns:xsi="http://www.w3.org/2001/XMLSchema-instance" xmlns="http://www.loc.gov/standards/alto/ns-v4#" xsi:schemaLocation="http://www.loc.gov/standards/alto/ns-v4# http://www.loc.gov/standards/alto/v4/alto-4-2.xsd">
  <Description>
    <MeasurementUnit>pixel</MeasurementUnit>
    <sourceImageInformation>
      <fileName>P337-Fg003-R-C01-R01-D03092012-T112948-LR924_012_F.jpg</fileName>
      
    </sourceImageInformation>
  </Description>
  
  <Tags>
    <OtherTag ID="BT1443" LABEL="Parchment_or_papyrus" DESCRIPTION="block type Parchment_or_papyrus"/><OtherTag ID="BT2" LABEL="Main" DESCRIPTION="block type Main"/>
    
  </Tags>
  
  <Layout>
    <Page WIDTH="3608" HEIGHT="2706" PHYSICAL_IMG_NR="13" ID="eSc_dummypage_">
      <PrintSpace HPOS="0" VPOS="0" WIDTH="3608" HEIGHT="2706">
        
        <TextBlock HPOS="904.0" VPOS="848.0" WIDTH="1891.0" HEIGHT="1134.0" ID="eSc_textblock_347f9a17" TAGREFS="BT2">
          <Shape><Polygon POINTS="904 848 904 1982 2790 1977 2795 848"/></Shape>
          
          
          <TextLine ID="eSc_line_1803838" BASELINE="2707 1287 2702 1583" HPOS="2617.0" VPOS="1285.0" WIDTH="146.0" HEIGHT="298.0">
            <Shape><Polygon POINTS="2622 1285 2617 1581 2758 1583 2763 1287"/></Shape>
	    <String CONTENT=" " HPOS="2617.0" VPOS="1285.0" WIDTH="146.0" HEIGHT="298.0"><Glyph ID="char_0" CONTENT=" " GC="1.0"><Shape><Polygon POINTS="2762 1373 2621 1371 2618 1533 2759 1535"/></Shape></Glyph></String>
          </TextLine>

          
          
          <TextLine ID="eSc_line_1803839" BASELINE="2580 1092 2571 1625" HPOS="2486.0" VPOS="1090.0" WIDTH="150.0" HEIGHT="535.0">
            <Shape><Polygon POINTS="2495 1090 2486 1623 2627 1625 2636 1092"/></Shape>
	    <String CONTENT=" יהוה שמים " HPOS="2486.0" VPOS="1090.0" WIDTH="150.0" HEIGHT="535.0"><Glyph ID="char_1" CONTENT=" " GC="1.0"><Shape><Polygon POINTS="2628 1558 2487 1556 2486 1603 2627 1606"/></Shape></Glyph><Glyph ID="char_2" CONTENT="י" GC="1.0"><Shape><Polygon POINTS="2629 1520 2488 1518 2487 1556 2628 1558"/></Shape></Glyph><Glyph ID="char_3" CONTENT="ה" GC="1.0"><Shape><Polygon POINTS="2629 1482 2488 1480 2488 1518 2629 1520"/></Shape></Glyph><Glyph ID="char_4" CONTENT="ו" GC="1.0"><Shape><Polygon POINTS="2630 1435 2489 1433 2488 1480 2629 1482"/></Shape></Glyph><Glyph ID="char_5" CONTENT="ה" GC="1.0"><Shape><Polygon POINTS="2631 1397 2490 1395 2489 1433 2630 1435"/></Shape></Glyph><Glyph ID="char_6" CONTENT=" " GC="1.0"><Shape><Polygon POINTS="2632 1339 2491 1337 2490 1395 2631 1397"/></Shape></Glyph><Glyph ID="char_7" CONTENT="ש" GC="1.0"><Shape><Polygon POINTS="2633 1273 2492 1271 2491 1337 2632 1339"/></Shape></Glyph><Glyph ID="char_8" CONTENT="מ" GC="1.0"><Shape><Polygon POINTS="2634 1225 2493 1223 2492 1271 2633 1273"/></Shape></Glyph><Glyph ID="char_9" CONTENT="י" GC="1.0"><Shape><Polygon POINTS="2634 1187 2493 1185 2493 1223 2634 1225"/></Shape></Glyph><Glyph ID="char_10" CONTENT="ם" GC="1.0"><Shape><Polygon POINTS="2635 1149 2494 1147 2493 1185 2634 1187"/></Shape></Glyph><Glyph ID="char_11" CONTENT=" " GC="1.0"><Shape><Polygon POINTS="2636 1102 2495 1100 2494 1147 2635 1149"/></Shape></Glyph></String>
          </TextLine>

          
          
          <TextLine ID="eSc_line_1803840" BASELINE="2444 914 2431 1706" HPOS="2346.0" VPOS="912.0" WIDTH="154.0" HEIGHT="794.0">
            <Shape><Polygon POINTS="2359 912 2346 1704 2487 1706 2500 914"/></Shape>
	    <String CONTENT=" בתהמות כל אבד " HPOS="2346.0" VPOS="912.0" WIDTH="154.0" HEIGHT="794.0"><Glyph ID="char_12" CONTENT=" " GC="1.0"><Shape><Polygon POINTS="2489 1591 2348 1589 2347 1656 2488 1658"/></Shape></Glyph><Glyph ID="char_13" CONTENT="ב" GC="1.0"><Shape><Polygon POINTS="2490 1553 2349 1551 2348 1589 2489 1591"/></Shape></Glyph><Glyph ID="char_14" CONTENT="ת" GC="1.0"><Shape><Polygon POINTS="2490 1496 2349 1494 2349 1551 2490 1553"/></Shape></Glyph><Glyph ID="char_15" CONTENT="ה" GC="1.0"><Shape><Polygon POINTS="2491 1439 2350 1437 2349 1494 2490 1496"/></Shape></Glyph><Glyph ID="char_16" CONTENT="מ" GC="1.0"><Shape><Polygon POINTS="2492 1401 2351 1399 2350 1437 2491 1439"/></Shape></Glyph><Glyph ID="char_17" CONTENT="ו" GC="1.0"><Shape><Polygon POINTS="2493 1353 2352 1351 2351 1399 2492 1401"/></Shape></Glyph><Glyph ID="char_18" CONTENT="ת" GC="1.0"><Shape><Polygon POINTS="2493 1315 2352 1313 2352 1351 2493 1353"/></Shape></Glyph><Glyph ID="char_19" CONTENT=" " GC="1.0"><Shape><Polygon POINTS="2495 1248 2354 1246 2352 1313 2493 1315"/></Shape></Glyph><Glyph ID="char_20" CONTENT="כ" GC="1.0"><Shape><Polygon POINTS="2496 1181 2355 1179 2354 1246 2495 1248"/></Shape></Glyph><Glyph ID="char_21" CONTENT="ל" GC="1.0"><Shape><Polygon POINTS="2496 1153 2355 1151 2355 1179 2496 1181"/></Shape></Glyph><Glyph ID="char_22" CONTENT=" " GC="1.0"><Shape><Polygon POINTS="2497 1114 2356 1112 2355 1151 2496 1153"/></Shape></Glyph><Glyph ID="char_23" CONTENT="א" GC="1.0"><Shape><Polygon POINTS="2497 1067 2356 1065 2356 1112 2497 1114"/></Shape></Glyph><Glyph ID="char_24" CONTENT="ב" GC="1.0"><Shape><Polygon POINTS="2498 1010 2357 1008 2356 1065 2497 1067"/></Shape></Glyph><Glyph ID="char_25" CONTENT="ד" GC="1.0"><Shape><Polygon POINTS="2499 971 2358 969 2357 1008 2498 1010"/></Shape></Glyph><Glyph ID="char_26" CONTENT=" " GC="1.0"><Shape><Polygon POINTS="2500 924 2359 922 2358 969 2499 971"/></Shape></Glyph></String>
          </TextLine>

          
          
          <TextLine ID="eSc_line_1803841" BASELINE="2313 880 2292 1731" HPOS="2207.0" VPOS="877.0" WIDTH="162.0" HEIGHT="855.0">
            <Shape><Polygon POINTS="2228 877 2207 1728 2348 1732 2369 881"/></Shape>
	    <String CONTENT=" ידו למלחמה הנוק " HPOS="2207.0" VPOS="877.0" WIDTH="162.0" HEIGHT="855.0"><Glyph ID="char_27" CONTENT=" " GC="1.0"><Shape><Polygon POINTS="2353 1533 2212 1530 2209 1644 2350 1647"/></Shape></Glyph><Glyph ID="char_28" CONTENT="י" GC="1.0"><Shape><Polygon POINTS="2354 1495 2213 1492 2212 1530 2353 1533"/></Shape></Glyph><Glyph ID="char_29" CONTENT="ד" GC="1.0"><Shape><Polygon POINTS="2355 1457 2214 1454 2213 1492 2354 1495"/></Shape></Glyph><Glyph ID="char_30" CONTENT="ו" GC="1.0"><Shape><Polygon POINTS="2355 1439 2214 1436 2214 1454 2355 1457"/></Shape></Glyph><Glyph ID="char_31" CONTENT=" " GC="1.0"><Shape><Polygon POINTS="2356 1410 2215 1407 2214 1436 2355 1439"/></Shape></Glyph><Glyph ID="char_32" CONTENT="ל" GC="1.0"><Shape><Polygon POINTS="2357 1363 2216 1360 2215 1407 2356 1410"/></Shape></Glyph><Glyph ID="char_33" CONTENT="מ" GC="1.0"><Shape><Polygon POINTS="2358 1325 2217 1322 2216 1360 2357 1363"/></Shape></Glyph><Glyph ID="char_34" CONTENT="ל" GC="1.0"><Shape><Polygon POINTS="2359 1278 2218 1275 2217 1322 2358 1325"/></Shape></Glyph><Glyph ID="char_35" CONTENT="ח" GC="1.0"><Shape><Polygon POINTS="2360 1230 2219 1227 2218 1275 2359 1278"/></Shape></Glyph><Glyph ID="char_36" CONTENT="מ" GC="1.0"><Shape><Polygon POINTS="2362 1183 2221 1180 2219 1227 2360 1230"/></Shape></Glyph><Glyph ID="char_37" CONTENT="ה" GC="1.0"><Shape><Polygon POINTS="2362 1145 2221 1142 2221 1180 2362 1183"/></Shape></Glyph><Glyph ID="char_38" CONTENT=" " GC="1.0"><Shape><Polygon POINTS="2363 1107 2222 1104 2221 1142 2362 1145"/></Shape></Glyph><Glyph ID="char_39" CONTENT="ה" GC="1.0"><Shape><Polygon POINTS="2365 1060 2224 1057 2222 1104 2363 1107"/></Shape></Glyph><Glyph ID="char_40" CONTENT="נ" GC="1.0"><Shape><Polygon POINTS="2365 1031 2224 1028 2224 1057 2365 1060"/></Shape></Glyph><Glyph ID="char_41" CONTENT="ו" GC="1.0"><Shape><Polygon POINTS="2366 994 2225 991 2224 1028 2365 1031"/></Shape></Glyph><Glyph ID="char_42" CONTENT="ק" GC="1.0"><Shape><Polygon POINTS="2368 937 2227 934 2225 991 2366 994"/></Shape></Glyph><Glyph ID="char_43" CONTENT=" " GC="1.0"><Shape><Polygon POINTS="2313 879 2311 935"/></Shape></Glyph></String>
          </TextLine>

          
          
          <TextLine ID="eSc_line_1803842" BASELINE="2161 859 2127 1761" HPOS="2042.0" VPOS="855.0" WIDTH="175.0" HEIGHT="908.0">
            <Shape><Polygon POINTS="2076 855 2042 1757 2183 1763 2217 861"/></Shape>
	    <String CONTENT=" לו שכל להבין לבנות " HPOS="2042.0" VPOS="855.0" WIDTH="175.0" HEIGHT="908.0"><Glyph ID="char_44" CONTENT=" " GC="1.0"><Shape><Polygon POINTS="2188 1630 2047 1624 2044 1700 2185 1706"/></Shape></Glyph><Glyph ID="char_45" CONTENT="ל" GC="1.0"><Shape><Polygon POINTS="2190 1573 2049 1567 2047 1624 2188 1630"/></Shape></Glyph><Glyph ID="char_46" CONTENT="ו" GC="1.0"><Shape><Polygon POINTS="2192 1525 2051 1519 2049 1567 2190 1573"/></Shape></Glyph><Glyph ID="char_47" CONTENT=" " GC="1.0"><Shape><Polygon POINTS="2193 1497 2052 1491 2051 1519 2192 1525"/></Shape></Glyph><Glyph ID="char_48" CONTENT="ש" GC="1.0"><Shape><Polygon POINTS="2194 1459 2053 1453 2052 1491 2193 1497"/></Shape></Glyph><Glyph ID="char_49" CONTENT="כ" GC="1.0"><Shape><Polygon POINTS="2196 1421 2055 1415 2053 1453 2194 1459"/></Shape></Glyph><Glyph ID="char_50" CONTENT="ל" GC="1.0"><Shape><Polygon POINTS="2197 1392 2056 1386 2055 1415 2196 1421"/></Shape></Glyph><Glyph ID="char_51" CONTENT=" " GC="1.0"><Shape><Polygon POINTS="2198 1354 2057 1348 2056 1386 2197 1392"/></Shape></Glyph><Glyph ID="char_52" CONTENT="ל" GC="1.0"><Shape><Polygon POINTS="2200 1307 2059 1301 2057 1348 2198 1354"/></Shape></Glyph><Glyph ID="char_53" CONTENT="ה" GC="1.0"><Shape><Polygon POINTS="2202 1259 2061 1254 2059 1301 2200 1307"/></Shape></Glyph><Glyph ID="char_54" CONTENT="ב" GC="1.0"><Shape><Polygon POINTS="2203 1221 2062 1216 2061 1254 2202 1259"/></Shape></Glyph><Glyph ID="char_55" CONTENT="י" GC="1.0"><Shape><Polygon POINTS="2205 1183 2064 1178 2062 1216 2203 1221"/></Shape></Glyph><Glyph ID="char_56" CONTENT="ן" GC="1.0"><Shape><Polygon POINTS="2206 1164 2065 1159 2064 1178 2205 1183"/></Shape></Glyph><Glyph ID="char_57" CONTENT=" " GC="1.0"><Shape><Polygon POINTS="2207 1136 2066 1131 2065 1159 2206 1164"/></Shape></Glyph><Glyph ID="char_58" CONTENT="ל" GC="1.0"><Shape><Polygon POINTS="2208 1098 2067 1093 2066 1131 2207 1136"/></Shape></Glyph><Glyph ID="char_59" CONTENT="ב" GC="1.0"><Shape><Polygon POINTS="2210 1050 2069 1045 2067 1093 2208 1098"/></Shape></Glyph><Glyph ID="char_60" CONTENT="נ" GC="1.0"><Shape><Polygon POINTS="2212 1003 2071 998 2069 1045 2210 1050"/></Shape></Glyph><Glyph ID="char_61" CONTENT="ו" GC="1.0"><Shape><Polygon POINTS="2213 965 2072 960 2071 998 2212 1003"/></Shape></Glyph><Glyph ID="char_62" CONTENT="ת" GC="1.0"><Shape><Polygon POINTS="2214 936 2073 931 2072 960 2213 965"/></Shape></Glyph><Glyph ID="char_63" CONTENT=" " GC="1.0"><Shape><Polygon POINTS="2216 879 2075 874 2073 931 2214 936"/></Shape></Glyph></String>
          </TextLine>

          
          
          <TextLine ID="eSc_line_1803843" BASELINE="2017 889 1991 1672" HPOS="1906.0" VPOS="886.0" WIDTH="167.0" HEIGHT="787.0">
            <Shape><Polygon POINTS="1932 886 1906 1669 2047 1673 2073 890"/></Shape>
	    <String CONTENT=" ות חמדו לעוד כרם " HPOS="1906.0" VPOS="886.0" WIDTH="167.0" HEIGHT="787.0"><Glyph ID="char_64" CONTENT=" " GC="1.0"><Shape><Polygon POINTS="2050 1588 1909 1584 1907 1641 2048 1645"/></Shape></Glyph><Glyph ID="char_65" CONTENT="ו" GC="1.0"><Shape><Polygon POINTS="2051 1540 1910 1536 1909 1584 2050 1588"/></Shape></Glyph><Glyph ID="char_66" CONTENT="ת" GC="1.0"><Shape><Polygon POINTS="2052 1512 1911 1507 1910 1536 2051 1540"/></Shape></Glyph><Glyph ID="char_67" CONTENT=" " GC="1.0"><Shape><Polygon POINTS="2054 1474 1913 1469 1911 1507 2052 1512"/></Shape></Glyph><Glyph ID="char_68" CONTENT="ח" GC="1.0"><Shape><Polygon POINTS="2055 1426 1914 1421 1913 1469 2054 1474"/></Shape></Glyph><Glyph ID="char_69" CONTENT="מ" GC="1.0"><Shape><Polygon POINTS="2057 1378 1916 1373 1914 1421 2055 1426"/></Shape></Glyph><Glyph ID="char_70" CONTENT="ד" GC="1.0"><Shape><Polygon POINTS="2058 1340 1917 1335 1916 1373 2057 1378"/></Shape></Glyph><Glyph ID="char_71" CONTENT="ו" GC="1.0"><Shape><Polygon POINTS="2059 1311 1918 1306 1917 1335 2058 1340"/></Shape></Glyph><Glyph ID="char_72" CONTENT=" " GC="1.0"><Shape><Polygon POINTS="2060 1282 1919 1277 1918 1306 2059 1311"/></Shape></Glyph><Glyph ID="char_73" CONTENT="ל" GC="1.0"><Shape><Polygon POINTS="2061 1244 1920 1239 1919 1277 2060 1282"/></Shape></Glyph><Glyph ID="char_74" CONTENT="ע" GC="1.0"><Shape><Polygon POINTS="2063 1196 1922 1191 1920 1239 2061 1244"/></Shape></Glyph><Glyph ID="char_75" CONTENT="ו" GC="1.0"><Shape><Polygon POINTS="2064 1158 1923 1153 1922 1191 2063 1196"/></Shape></Glyph><Glyph ID="char_76" CONTENT="ד" GC="1.0"><Shape><Polygon POINTS="2065 1129 1924 1124 1923 1153 2064 1158"/></Shape></Glyph><Glyph ID="char_77" CONTENT=" " GC="1.0"><Shape><Polygon POINTS="2066 1101 1925 1096 1924 1124 2065 1129"/></Shape></Glyph><Glyph ID="char_78" CONTENT="כ" GC="1.0"><Shape><Polygon POINTS="2067 1072 1926 1067 1925 1096 2066 1101"/></Shape></Glyph><Glyph ID="char_79" CONTENT="ר" GC="1.0"><Shape><Polygon POINTS="2069 1024 1928 1019 1926 1067 2067 1072"/></Shape></Glyph><Glyph ID="char_80" CONTENT="ם" GC="1.0"><Shape><Polygon POINTS="2070 995 1929 990 1928 1019 2069 1024"/></Shape></Glyph><Glyph ID="char_81" CONTENT=" " GC="1.0"><Shape><Polygon POINTS="2072 928 1931 923 1929 990 2070 995"/></Shape></Glyph></String>
          </TextLine>

          
          
          <TextLine ID="eSc_line_1803844" BASELINE="1907 863 1881 1668" HPOS="1796.0" VPOS="860.0" WIDTH="167.0" HEIGHT="809.0">
            <Shape><Polygon POINTS="1822 860 1796 1665 1937 1669 1963 864"/></Shape>
	    <String CONTENT=" עת כי נתן לך עוז לג " HPOS="1796.0" VPOS="860.0" WIDTH="167.0" HEIGHT="809.0"><Glyph ID="char_82" CONTENT=" " GC="1.0"><Shape><Polygon POINTS="1939 1599 1798 1595 1797 1643 1938 1647"/></Shape></Glyph><Glyph ID="char_83" CONTENT="ע" GC="1.0"><Shape><Polygon POINTS="1940 1561 1799 1557 1798 1595 1939 1599"/></Shape></Glyph><Glyph ID="char_84" CONTENT="ת" GC="1.0"><Shape><Polygon POINTS="1942 1513 1801 1509 1799 1557 1940 1561"/></Shape></Glyph><Glyph ID="char_85" CONTENT=" " GC="1.0"><Shape><Polygon POINTS="1943 1484 1802 1480 1801 1509 1942 1513"/></Shape></Glyph><Glyph ID="char_86" CONTENT="כ" GC="1.0"><Shape><Polygon POINTS="1944 1456 1803 1452 1802 1480 1943 1484"/></Shape></Glyph><Glyph ID="char_87" CONTENT="י" GC="1.0"><Shape><Polygon POINTS="1944 1438 1803 1433 1803 1452 1944 1456"/></Shape></Glyph><Glyph ID="char_88" CONTENT=" " GC="1.0"><Shape><Polygon POINTS="1945 1409 1804 1404 1803 1433 1944 1438"/></Shape></Glyph><Glyph ID="char_89" CONTENT="נ" GC="1.0"><Shape><Polygon POINTS="1947 1371 1806 1366 1804 1404 1945 1409"/></Shape></Glyph><Glyph ID="char_90" CONTENT="ת" GC="1.0"><Shape><Polygon POINTS="1948 1332 1807 1327 1806 1366 1947 1371"/></Shape></Glyph><Glyph ID="char_91" CONTENT="ן" GC="1.0"><Shape><Polygon POINTS="1949 1313 1808 1308 1807 1327 1948 1332"/></Shape></Glyph><Glyph ID="char_92" CONTENT=" " GC="1.0"><Shape><Polygon POINTS="1949 1285 1808 1280 1808 1308 1949 1313"/></Shape></Glyph><Glyph ID="char_93" CONTENT="ל" GC="1.0"><Shape><Polygon POINTS="1951 1237 1810 1232 1808 1280 1949 1285"/></Shape></Glyph><Glyph ID="char_94" CONTENT="ך" GC="1.0"><Shape><Polygon POINTS="1952 1208 1811 1203 1810 1232 1951 1237"/></Shape></Glyph><Glyph ID="char_95" CONTENT=" " GC="1.0"><Shape><Polygon POINTS="1953 1179 1812 1174 1811 1203 1952 1208"/></Shape></Glyph><Glyph ID="char_96" CONTENT="ע" GC="1.0"><Shape><Polygon POINTS="1954 1141 1813 1136 1812 1174 1953 1179"/></Shape></Glyph><Glyph ID="char_97" CONTENT="ו" GC="1.0"><Shape><Polygon POINTS="1956 1093 1815 1088 1813 1136 1954 1141"/></Shape></Glyph><Glyph ID="char_98" CONTENT="ז" GC="1.0"><Shape><Polygon POINTS="1956 1074 1815 1069 1815 1088 1956 1093"/></Shape></Glyph><Glyph ID="char_99" CONTENT=" " GC="1.0"><Shape><Polygon POINTS="1957 1046 1816 1041 1815 1069 1956 1074"/></Shape></Glyph><Glyph ID="char_100" CONTENT="ל" GC="1.0"><Shape><Polygon POINTS="1958 1007 1817 1002 1816 1041 1957 1046"/></Shape></Glyph><Glyph ID="char_101" CONTENT="ג" GC="1.0"><Shape><Polygon POINTS="1961 941 1820 936 1817 1002 1958 1007"/></Shape></Glyph><Glyph ID="char_102" CONTENT=" " GC="1.0"><Shape><Polygon POINTS="1963 874 1822 869 1820 936 1961 941"/></Shape></Glyph></String>
          </TextLine>

          
          
          <TextLine ID="eSc_line_1803845" BASELINE="1767 885 1703 1672" HPOS="1618.0" VPOS="878.0" WIDTH="205.0" HEIGHT="798.0">
            <Shape><Polygon POINTS="1682 878 1618 1665 1759 1676 1823 889"/></Shape>
	    <String CONTENT=" ויתנ ביד עמו במ " HPOS="1618.0" VPOS="878.0" WIDTH="205.0" HEIGHT="798.0"><Glyph ID="char_103" CONTENT=" " GC="1.0"><Shape><Polygon POINTS="1762 1639 1621 1628 1619 1656 1760 1667"/></Shape></Glyph><Glyph ID="char_104" CONTENT="ו" GC="1.0"><Shape><Polygon POINTS="1764 1620 1623 1609 1621 1628 1762 1639"/></Shape></Glyph><Glyph ID="char_105" CONTENT="י" GC="1.0"><Shape><Polygon POINTS="1767 1572 1626 1561 1623 1609 1764 1620"/></Shape></Glyph><Glyph ID="char_106" CONTENT="ת" GC="1.0"><Shape><Polygon POINTS="1771 1524 1630 1513 1626 1561 1767 1572"/></Shape></Glyph><Glyph ID="char_107" CONTENT="נ" GC="1.0"><Shape><Polygon POINTS="1775 1478 1634 1466 1630 1513 1771 1524"/></Shape></Glyph><Glyph ID="char_108" CONTENT=" " GC="1.0"><Shape><Polygon POINTS="1780 1421 1639 1409 1634 1466 1775 1478"/></Shape></Glyph><Glyph ID="char_109" CONTENT="ב" GC="1.0"><Shape><Polygon POINTS="1784 1373 1643 1362 1639 1409 1780 1421"/></Shape></Glyph><Glyph ID="char_110" CONTENT="י" GC="1.0"><Shape><Polygon POINTS="1787 1335 1646 1324 1643 1362 1784 1373"/></Shape></Glyph><Glyph ID="char_111" CONTENT="ד" GC="1.0"><Shape><Polygon POINTS="1789 1306 1648 1295 1646 1324 1787 1335"/></Shape></Glyph><Glyph ID="char_112" CONTENT=" " GC="1.0"><Shape><Polygon POINTS="1791 1278 1650 1267 1648 1295 1789 1306"/></Shape></Glyph><Glyph ID="char_113" CONTENT="ע" GC="1.0"><Shape><Polygon POINTS="1795 1230 1654 1219 1650 1267 1791 1278"/></Shape></Glyph><Glyph ID="char_114" CONTENT="מ" GC="1.0"><Shape><Polygon POINTS="1799 1183 1658 1171 1654 1219 1795 1230"/></Shape></Glyph><Glyph ID="char_115" CONTENT="ו" GC="1.0"><Shape><Polygon POINTS="1801 1155 1660 1143 1658 1171 1799 1183"/></Shape></Glyph><Glyph ID="char_116" CONTENT=" " GC="1.0"><Shape><Polygon POINTS="1804 1126 1663 1114 1660 1143 1801 1155"/></Shape></Glyph><Glyph ID="char_117" CONTENT="ב" GC="1.0"><Shape><Polygon POINTS="1808 1079 1667 1067 1663 1114 1804 1126"/></Shape></Glyph><Glyph ID="char_118" CONTENT="מ" GC="1.0"><Shape><Polygon POINTS="1811 1031 1670 1020 1667 1067 1808 1079"/></Shape></Glyph><Glyph ID="char_119" CONTENT=" " GC="1.0"><Shape><Polygon POINTS="1819 936 1678 925 1670 1020 1811 1031"/></Shape></Glyph></String>
          </TextLine>

          
          
          <TextLine ID="eSc_line_1803846" BASELINE="1589 927 1538 1913" HPOS="1453.0" VPOS="922.0" WIDTH="192.0" HEIGHT="993.0">
            <Shape><Polygon POINTS="1504 922 1453 1908 1594 1915 1645 929"/></Shape>
	    <String CONTENT=" ר הבשן ש ואת כל ערי " HPOS="1453.0" VPOS="922.0" WIDTH="192.0" HEIGHT="993.0"><Glyph ID="char_120" CONTENT=" " GC="1.0"><Shape><Polygon POINTS="1598 1831 1457 1823 1454 1880 1595 1888"/></Shape></Glyph><Glyph ID="char_121" CONTENT="ר" GC="1.0"><Shape><Polygon POINTS="1599 1812 1458 1804 1457 1823 1598 1831"/></Shape></Glyph><Glyph ID="char_122" CONTENT=" " GC="1.0"><Shape><Polygon POINTS="1601 1784 1460 1776 1458 1804 1599 1812"/></Shape></Glyph><Glyph ID="char_123" CONTENT="ה" GC="1.0"><Shape><Polygon POINTS="1603 1736 1462 1729 1460 1776 1601 1784"/></Shape></Glyph><Glyph ID="char_124" CONTENT="ב" GC="1.0"><Shape><Polygon POINTS="1606 1689 1465 1682 1462 1729 1603 1736"/></Shape></Glyph><Glyph ID="char_125" CONTENT="ש" GC="1.0"><Shape><Polygon POINTS="1609 1632 1468 1625 1465 1682 1606 1689"/></Shape></Glyph><Glyph ID="char_126" CONTENT="ן" GC="1.0"><Shape><Polygon POINTS="1611 1594 1470 1587 1468 1625 1609 1632"/></Shape></Glyph><Glyph ID="char_127" CONTENT=" " GC="1.0"><Shape><Polygon POINTS="1612 1565 1471 1558 1470 1587 1611 1594"/></Shape></Glyph><Glyph ID="char_128" CONTENT="ש" GC="1.0"><Shape><Polygon POINTS="1618 1451 1477 1444 1471 1558 1612 1565"/></Shape></Glyph><Glyph ID="char_129" CONTENT=" " GC="1.0"><Shape><Polygon POINTS="1625 1318 1484 1311 1477 1444 1618 1451"/></Shape></Glyph><Glyph ID="char_130" CONTENT="ו" GC="1.0"><Shape><Polygon POINTS="1627 1280 1486 1273 1484 1311 1625 1318"/></Shape></Glyph><Glyph ID="char_131" CONTENT="א" GC="1.0"><Shape><Polygon POINTS="1630 1224 1489 1216 1486 1273 1627 1280"/></Shape></Glyph><Glyph ID="char_132" CONTENT="ת" GC="1.0"><Shape><Polygon POINTS="1632 1186 1491 1178 1489 1216 1630 1224"/></Shape></Glyph><Glyph ID="char_133" CONTENT=" " GC="1.0"><Shape><Polygon POINTS="1633 1157 1492 1149 1491 1178 1632 1186"/></Shape></Glyph><Glyph ID="char_134" CONTENT="כ" GC="1.0"><Shape><Polygon POINTS="1635 1119 1494 1111 1492 1149 1633 1157"/></Shape></Glyph><Glyph ID="char_135" CONTENT="ל" GC="1.0"><Shape><Polygon POINTS="1637 1091 1496 1083 1494 1111 1635 1119"/></Shape></Glyph><Glyph ID="char_136" CONTENT=" " GC="1.0"><Shape><Polygon POINTS="1638 1062 1497 1054 1496 1083 1637 1091"/></Shape></Glyph><Glyph ID="char_137" CONTENT="ע" GC="1.0"><Shape><Polygon POINTS="1641 1015 1500 1007 1497 1054 1638 1062"/></Shape></Glyph><Glyph ID="char_138" CONTENT="ר" GC="1.0"><Shape><Polygon POINTS="1643 967 1502 960 1500 1007 1641 1015"/></Shape></Glyph><Glyph ID="char_139" CONTENT="י" GC="1.0"><Shape><Polygon POINTS="1644 939 1504 932 1502 960 1643 967"/></Shape></Glyph><Glyph ID="char_140" CONTENT=" " GC="1.0"><Shape><Polygon POINTS="1589 926 1588 935"/></Shape></Glyph></String>
          </TextLine>

          
          
          <TextLine ID="eSc_line_1803847" BASELINE="1454 952 1407 1879" HPOS="1322.0" VPOS="947.0" WIDTH="188.0" HEIGHT="934.0">
            <Shape><Polygon POINTS="1369 947 1322 1874 1463 1881 1510 954"/></Shape>
	    <String CONTENT=" מות לבש " HPOS="1322.0" VPOS="947.0" WIDTH="188.0" HEIGHT="934.0"><Glyph ID="char_141" CONTENT=" " GC="1.0"><Shape><Polygon POINTS="1465 1834 1324 1827 1322 1865 1463 1872"/></Shape></Glyph><Glyph ID="char_142" CONTENT="מ" GC="1.0"><Shape><Polygon POINTS="1468 1786 1327 1779 1324 1827 1465 1834"/></Shape></Glyph><Glyph ID="char_143" CONTENT="ו" GC="1.0"><Shape><Polygon POINTS="1470 1739 1329 1732 1327 1779 1468 1786"/></Shape></Glyph><Glyph ID="char_144" CONTENT="ת" GC="1.0"><Shape><Polygon POINTS="1481 1521 1340 1514 1329 1732 1470 1739"/></Shape></Glyph><Glyph ID="char_145" CONTENT=" " GC="1.0"><Shape><Polygon POINTS="1494 1275 1353 1268 1340 1514 1481 1521"/></Shape></Glyph><Glyph ID="char_146" CONTENT="ל" GC="1.0"><Shape><Polygon POINTS="1498 1191 1357 1183 1353 1268 1494 1275"/></Shape></Glyph><Glyph ID="char_147" CONTENT="ב" GC="1.0"><Shape><Polygon POINTS="1500 1153 1359 1145 1357 1183 1498 1191"/></Shape></Glyph><Glyph ID="char_148" CONTENT="ש" GC="1.0"><Shape><Polygon POINTS="1502 1106 1361 1099 1359 1145 1500 1153"/></Shape></Glyph><Glyph ID="char_149" CONTENT=" " GC="1.0"><Shape><Polygon POINTS="1508 1001 1367 994 1361 1099 1502 1106"/></Shape></Glyph></String>
          </TextLine>

          
          
          <TextLine ID="eSc_line_1803849" BASELINE="1158 1232 1098 1769" HPOS="1013.0" VPOS="1222.0" WIDTH="201.0" HEIGHT="553.0">
            <Shape><Polygon POINTS="1073 1222 1013 1759 1154 1775 1214 1238"/></Shape>
	    <String CONTENT=" אל כי נשבר לפניו " HPOS="1013.0" VPOS="1222.0" WIDTH="201.0" HEIGHT="553.0"><Glyph ID="char_150" CONTENT=" " GC="1.0"><Shape><Polygon POINTS="1158 1736 1017 1720 1014 1749 1155 1765"/></Shape></Glyph><Glyph ID="char_151" CONTENT="א" GC="1.0"><Shape><Polygon POINTS="1159 1727 1018 1711 1017 1720 1158 1736"/></Shape></Glyph><Glyph ID="char_152" CONTENT="ל" GC="1.0"><Shape><Polygon POINTS="1160 1717 1019 1702 1018 1711 1159 1727"/></Shape></Glyph><Glyph ID="char_153" CONTENT=" " GC="1.0"><Shape><Polygon POINTS="1162 1707 1021 1692 1019 1702 1160 1717"/></Shape></Glyph><Glyph ID="char_154" CONTENT="כ" GC="1.0"><Shape><Polygon POINTS="1164 1688 1023 1673 1021 1692 1162 1707"/></Shape></Glyph><Glyph ID="char_155" CONTENT="י" GC="1.0"><Shape><Polygon POINTS="1166 1670 1025 1654 1023 1673 1164 1688"/></Shape></Glyph><Glyph ID="char_156" CONTENT=" " GC="1.0"><Shape><Polygon POINTS="1169 1641 1028 1625 1025 1654 1166 1670"/></Shape></Glyph><Glyph ID="char_157" CONTENT="נ" GC="1.0"><Shape><Polygon POINTS="1172 1612 1031 1596 1028 1625 1169 1641"/></Shape></Glyph><Glyph ID="char_158" CONTENT="ש" GC="1.0"><Shape><Polygon POINTS="1178 1563 1037 1547 1031 1596 1172 1612"/></Shape></Glyph><Glyph ID="char_159" CONTENT="ב" GC="1.0"><Shape><Polygon POINTS="1184 1507 1043 1491 1037 1547 1178 1563"/></Shape></Glyph><Glyph ID="char_160" CONTENT="ר" GC="1.0"><Shape><Polygon POINTS="1187 1478 1046 1462 1043 1491 1184 1507"/></Shape></Glyph><Glyph ID="char_161" CONTENT=" " GC="1.0"><Shape><Polygon POINTS="1190 1449 1049 1433 1046 1462 1187 1478"/></Shape></Glyph><Glyph ID="char_162" CONTENT="ל" GC="1.0"><Shape><Polygon POINTS="1196 1400 1055 1385 1049 1433 1190 1449"/></Shape></Glyph><Glyph ID="char_163" CONTENT="פ" GC="1.0"><Shape><Polygon POINTS="1200 1362 1059 1347 1055 1385 1196 1400"/></Shape></Glyph><Glyph ID="char_164" CONTENT="נ" GC="1.0"><Shape><Polygon POINTS="1203 1334 1062 1318 1059 1347 1200 1362"/></Shape></Glyph><Glyph ID="char_165" CONTENT="י" GC="1.0"><Shape><Polygon POINTS="1206 1314 1065 1298 1062 1318 1203 1334"/></Shape></Glyph><Glyph ID="char_166" CONTENT="ו" GC="1.0"><Shape><Polygon POINTS="1208 1295 1067 1279 1065 1298 1206 1314"/></Shape></Glyph><Glyph ID="char_167" CONTENT=" " GC="1.0"><Shape><Polygon POINTS="1213 1247 1072 1231 1067 1279 1208 1295"/></Shape></Glyph></String>
          </TextLine>

          
          
          <TextLine ID="eSc_line_1803848" BASELINE="1297 1020 1234 1913" HPOS="1149.0" VPOS="1014.0" WIDTH="204.0" HEIGHT="902.0">
            <Shape><Polygon POINTS="1212 1014 1149 1907 1290 1916 1353 1023"/></Shape>
	    <String CONTENT=" המבטיח עמו על רת " HPOS="1149.0" VPOS="1014.0" WIDTH="204.0" HEIGHT="902.0"><Glyph ID="char_168" CONTENT=" " GC="1.0"><Shape><Polygon POINTS="1295 1851 1154 1841 1150 1889 1291 1899"/></Shape></Glyph><Glyph ID="char_169" CONTENT="ה" GC="1.0"><Shape><Polygon POINTS="1298 1803 1157 1793 1154 1841 1295 1851"/></Shape></Glyph><Glyph ID="char_170" CONTENT="מ" GC="1.0"><Shape><Polygon POINTS="1301 1756 1160 1746 1157 1793 1298 1803"/></Shape></Glyph><Glyph ID="char_171" CONTENT="ב" GC="1.0"><Shape><Polygon POINTS="1305 1708 1164 1698 1160 1746 1301 1756"/></Shape></Glyph><Glyph ID="char_172" CONTENT="ט" GC="1.0"><Shape><Polygon POINTS="1309 1651 1168 1641 1164 1698 1305 1708"/></Shape></Glyph><Glyph ID="char_173" CONTENT="י" GC="1.0"><Shape><Polygon POINTS="1312 1604 1171 1594 1168 1641 1309 1651"/></Shape></Glyph><Glyph ID="char_174" CONTENT="ח" GC="1.0"><Shape><Polygon POINTS="1314 1575 1173 1565 1171 1594 1312 1604"/></Shape></Glyph><Glyph ID="char_175" CONTENT=" " GC="1.0"><Shape><Polygon POINTS="1317 1537 1176 1527 1173 1565 1314 1575"/></Shape></Glyph><Glyph ID="char_176" CONTENT="ע" GC="1.0"><Shape><Polygon POINTS="1319 1499 1179 1489 1176 1527 1317 1537"/></Shape></Glyph><Glyph ID="char_177" CONTENT="מ" GC="1.0"><Shape><Polygon POINTS="1322 1461 1181 1451 1179 1489 1319 1499"/></Shape></Glyph><Glyph ID="char_178" CONTENT="ו" GC="1.0"><Shape><Polygon POINTS="1324 1432 1183 1422 1181 1451 1322 1461"/></Shape></Glyph><Glyph ID="char_179" CONTENT=" " GC="1.0"><Shape><Polygon POINTS="1326 1404 1185 1394 1183 1422 1324 1432"/></Shape></Glyph><Glyph ID="char_180" CONTENT="ע" GC="1.0"><Shape><Polygon POINTS="1329 1366 1188 1356 1185 1394 1326 1404"/></Shape></Glyph><Glyph ID="char_181" CONTENT="ל" GC="1.0"><Shape><Polygon POINTS="1332 1327 1191 1317 1188 1356 1329 1366"/></Shape></Glyph><Glyph ID="char_182" CONTENT=" " GC="1.0"><Shape><Polygon POINTS="1339 1222 1198 1213 1191 1317 1332 1327"/></Shape></Glyph><Glyph ID="char_183" CONTENT="ר" GC="1.0"><Shape><Polygon POINTS="1346 1119 1205 1109 1198 1213 1339 1222"/></Shape></Glyph><Glyph ID="char_184" CONTENT="ת" GC="1.0"><Shape><Polygon POINTS="1348 1090 1207 1080 1205 1109 1346 1119"/></Shape></Glyph><Glyph ID="char_185" CONTENT=" " GC="1.0"><Shape><Polygon POINTS="1352 1042 1211 1032 1207 1080 1348 1090"/></Shape></Glyph></String>
          </TextLine>

          
          
          <TextLine ID="eSc_line_1803850" BASELINE="1026 1210 954 1617" HPOS="870.0" VPOS="1195.0" WIDTH="211.0" HEIGHT="431.0">
            <Shape><Polygon POINTS="942 1195 870 1602 1009 1626 1081 1219"/></Shape>
	    <String CONTENT=" ראשו באבן המז " HPOS="870.0" VPOS="1195.0" WIDTH="211.0" HEIGHT="431.0"><Glyph ID="char_186" CONTENT=" " GC="1.0"><Shape><Polygon POINTS="954 1616 954 1616"/></Shape></Glyph><Glyph ID="char_187" CONTENT="ר" GC="1.0"><Shape><Polygon POINTS="955 1607 954 1616"/></Shape></Glyph><Glyph ID="char_188" CONTENT="א" GC="1.0"><Shape><Polygon POINTS="1012 1608 873 1583 872 1593 1010 1618"/></Shape></Glyph><Glyph ID="char_189" CONTENT="ש" GC="1.0"><Shape><Polygon POINTS="1014 1599 875 1574 873 1583 1012 1608"/></Shape></Glyph><Glyph ID="char_190" CONTENT="ו" GC="1.0"><Shape><Polygon POINTS="1016 1589 877 1564 875 1574 1014 1599"/></Shape></Glyph><Glyph ID="char_191" CONTENT=" " GC="1.0"><Shape><Polygon POINTS="1019 1570 880 1546 877 1564 1016 1589"/></Shape></Glyph><Glyph ID="char_192" CONTENT="ב" GC="1.0"><Shape><Polygon POINTS="1022 1552 883 1527 880 1546 1019 1570"/></Shape></Glyph><Glyph ID="char_193" CONTENT="א" GC="1.0"><Shape><Polygon POINTS="1027 1523 888 1498 883 1527 1022 1552"/></Shape></Glyph><Glyph ID="char_194" CONTENT="ב" GC="1.0"><Shape><Polygon POINTS="1034 1485 895 1460 888 1498 1027 1523"/></Shape></Glyph><Glyph ID="char_195" CONTENT="ן" GC="1.0"><Shape><Polygon POINTS="1039 1456 900 1432 895 1460 1034 1485"/></Shape></Glyph><Glyph ID="char_196" CONTENT=" " GC="1.0"><Shape><Polygon POINTS="1046 1419 907 1394 900 1432 1039 1456"/></Shape></Glyph><Glyph ID="char_197" CONTENT="ה" GC="1.0"><Shape><Polygon POINTS="1054 1370 915 1346 907 1394 1046 1419"/></Shape></Glyph><Glyph ID="char_198" CONTENT="מ" GC="1.0"><Shape><Polygon POINTS="1063 1323 924 1299 915 1346 1054 1370"/></Shape></Glyph><Glyph ID="char_199" CONTENT="ז" GC="1.0"><Shape><Polygon POINTS="1068 1295 929 1270 924 1299 1063 1323"/></Shape></Glyph><Glyph ID="char_200" CONTENT=" " GC="1.0"><Shape><Polygon POINTS="1076 1247 937 1223 929 1270 1068 1295"/></Shape></Glyph></String>
          </TextLine>

          
        </TextBlock>
        

        
      </PrintSpace>
    </Page>
  </Layout>
</alto>