<?xml version='1.0' encoding='UTF-8'?>
<alto xmlns:xsi="http://www.w3.org/2001/XMLSchema-instance" xmlns="http://www.loc.gov/standards/alto/ns-v4#" xsi:schemaLocation="http://www.loc.gov/standards/alto/ns-v4# http://www.loc.gov/standards/alto/v4/alto-4-2.xsd">
  <Description>
    <MeasurementUnit>pixel</MeasurementUnit>
    <sourceImageInformation>
      <fileName>P337-Fg014-R-C01-R01-D03092012-T134614-LR924_012_F.jpg</fileName>
      
    </sourceImageInformation>
  </Description>
  
  <Tags>
    <OtherTag ID="BT1443" LABEL="Parchment_or_papyrus" DESCRIPTION="block type Parchment_or_papyrus"/><OtherTag ID="BT2" LABEL="Main" DESCRIPTION="block type Main"/>
    
  </Tags>
  
  <Layout>
    <Page WIDTH="3608" HEIGHT="2706" PHYSICAL_IMG_NR="118" ID="eSc_dummypage_">
      <PrintSpace HPOS="0" VPOS="0" WIDTH="3608" HEIGHT="2706">
        
        <TextBlock HPOS="1611.0" VPOS="871.0" WIDTH="613.0" HEIGHT="745.0" ID="eSc_textblock_143fc281" TAGREFS="BT2">
          <Shape><Polygon POINTS="1630 1050 1611 1616 2224 1616 2180 871"/></Shape>
          
          
          <TextLine ID="eSc_line_1788267" BASELINE="1686 1102 2043 1044" HPOS="1672.0" VPOS="962.0" WIDTH="379.0" HEIGHT="194.0">
            <Shape><Polygon POINTS="1672 1020 2029 962 2051 1098 1694 1156"/></Shape>
	    <String CONTENT=" ם ם " HPOS="1672.0" VPOS="962.0" WIDTH="379.0" HEIGHT="194.0"><Glyph ID="char_0" CONTENT=" " GC="1.0"><Shape><Polygon POINTS="1984 969 2006 1105 2042 1099 2020 963"/></Shape></Glyph><Glyph ID="char_1" CONTENT="ם" GC="1.0"><Shape><Polygon POINTS="1956 974 1978 1110 2006 1105 1984 969"/></Shape></Glyph><Glyph ID="char_2" CONTENT=" " GC="1.0"><Shape><Polygon POINTS="1901 983 1923 1119 1978 1110 1956 974"/></Shape></Glyph><Glyph ID="char_3" CONTENT="ם" GC="1.0"><Shape><Polygon POINTS="1855 990 1877 1126 1923 1119 1901 983"/></Shape></Glyph><Glyph ID="char_4" CONTENT=" " GC="1.0"><Shape><Polygon POINTS="1745 1008 1767 1144 1877 1126 1855 990"/></Shape></Glyph></String>
          </TextLine>

          
          
          <TextLine ID="eSc_line_1788268" BASELINE="1623 1228 1776 1222 1840 1213 2074 1159 2126 1154 2178 1161" HPOS="1619.0" VPOS="1072.0" WIDTH="569.0" HEIGHT="210.0">
            <Shape><Polygon POINTS="1619 1145 1772 1139 1828 1131 2055 1078 2118 1072 2188 1079 2170 1215 2131 1208 2086 1212 1847 1267 1778 1276 1625 1282"/></Shape>
	    <String CONTENT=" ם ציץ ומצנפת " HPOS="1619.0" VPOS="1072.0" WIDTH="569.0" HEIGHT="210.0"><Glyph ID="char_5" CONTENT=" " GC="1.0"><Shape><Polygon POINTS="2095 1074 2108 1210 2151 1212 2170 1077"/></Shape></Glyph><Glyph ID="char_6" CONTENT="ם" GC="1.0"><Shape><Polygon POINTS="2068 1077 2081 1213 2108 1210 2095 1074"/></Shape></Glyph><Glyph ID="char_7" CONTENT=" " GC="1.0"><Shape><Polygon POINTS="2030 1084 2061 1218 2081 1213 2068 1077"/></Shape></Glyph><Glyph ID="char_8" CONTENT="צ" GC="1.0"><Shape><Polygon POINTS="1985 1094 2016 1228 2061 1218 2030 1084"/></Shape></Glyph><Glyph ID="char_9" CONTENT="י" GC="1.0"><Shape><Polygon POINTS="1940 1105 1971 1238 2016 1228 1985 1094"/></Shape></Glyph><Glyph ID="char_10" CONTENT="ץ" GC="1.0"><Shape><Polygon POINTS="1904 1113 1935 1247 1971 1238 1940 1105"/></Shape></Glyph><Glyph ID="char_11" CONTENT=" " GC="1.0"><Shape><Polygon POINTS="1877 1120 1908 1253 1935 1247 1904 1113"/></Shape></Glyph><Glyph ID="char_12" CONTENT="ו" GC="1.0"><Shape><Polygon POINTS="1842 1128 1873 1261 1908 1253 1877 1120"/></Shape></Glyph><Glyph ID="char_13" CONTENT="מ" GC="1.0"><Shape><Polygon POINTS="1803 1135 1822 1270 1873 1261 1842 1128"/></Shape></Glyph><Glyph ID="char_14" CONTENT="צ" GC="1.0"><Shape><Polygon POINTS="1767 1139 1786 1275 1822 1270 1803 1135"/></Shape></Glyph><Glyph ID="char_15" CONTENT="נ" GC="1.0"><Shape><Polygon POINTS="1748 1140 1753 1277 1786 1275 1767 1139"/></Shape></Glyph><Glyph ID="char_16" CONTENT="פ" GC="1.0"><Shape><Polygon POINTS="1702 1142 1707 1279 1753 1277 1748 1140"/></Shape></Glyph><Glyph ID="char_17" CONTENT="ת" GC="1.0"><Shape><Polygon POINTS="1665 1143 1670 1280 1707 1279 1702 1142"/></Shape></Glyph><Glyph ID="char_18" CONTENT=" " GC="1.0"><Shape><Polygon POINTS="1628 1145 1633 1282 1670 1280 1665 1143"/></Shape></Glyph></String>
          </TextLine>

          
          
          <TextLine ID="eSc_line_1788269" BASELINE="1616 1380 1754 1384 1970 1380 2079 1384" HPOS="1614.0" VPOS="1297.0" WIDTH="468.0" HEIGHT="141.0">
            <Shape><Polygon POINTS="1618 1297 1756 1301 1968 1297 2082 1301 2076 1438 1971 1434 1752 1438 1614 1434"/></Shape>
	    <String CONTENT=" תי ולא עשה " HPOS="1614.0" VPOS="1297.0" WIDTH="468.0" HEIGHT="141.0"><Glyph ID="char_19" CONTENT=" " GC="1.0"><Shape><Polygon POINTS="2053 1300 2048 1437 2067 1438 2072 1301"/></Shape></Glyph><Glyph ID="char_20" CONTENT="ת" GC="1.0"><Shape><Polygon POINTS="2044 1300 2039 1437 2048 1437 2053 1300"/></Shape></Glyph><Glyph ID="char_21" CONTENT="י" GC="1.0"><Shape><Polygon POINTS="2035 1299 2030 1436 2039 1437 2044 1300"/></Shape></Glyph><Glyph ID="char_22" CONTENT=" " GC="1.0"><Shape><Polygon POINTS="2007 1298 2002 1435 2030 1436 2035 1299"/></Shape></Glyph><Glyph ID="char_23" CONTENT="ו" GC="1.0"><Shape><Polygon POINTS="1965 1297 1968 1434 2002 1435 2007 1298"/></Shape></Glyph><Glyph ID="char_24" CONTENT="ל" GC="1.0"><Shape><Polygon POINTS="1919 1298 1922 1435 1968 1434 1965 1297"/></Shape></Glyph><Glyph ID="char_25" CONTENT="א" GC="1.0"><Shape><Polygon POINTS="1872 1299 1875 1436 1922 1435 1919 1298"/></Shape></Glyph><Glyph ID="char_26" CONTENT=" " GC="1.0"><Shape><Polygon POINTS="1844 1299 1847 1436 1875 1436 1872 1299"/></Shape></Glyph><Glyph ID="char_27" CONTENT="ע" GC="1.0"><Shape><Polygon POINTS="1789 1300 1792 1437 1847 1436 1844 1299"/></Shape></Glyph><Glyph ID="char_28" CONTENT="ש" GC="1.0"><Shape><Polygon POINTS="1720 1300 1715 1437 1792 1437 1789 1300"/></Shape></Glyph><Glyph ID="char_29" CONTENT="ה" GC="1.0"><Shape><Polygon POINTS="1674 1299 1669 1436 1715 1437 1720 1300"/></Shape></Glyph><Glyph ID="char_30" CONTENT=" " GC="1.0"><Shape><Polygon POINTS="1627 1297 1622 1434 1669 1436 1674 1299"/></Shape></Glyph></String>
          </TextLine>

          
          
          <TextLine ID="eSc_line_1788270" BASELINE="1673 1495 1704 1519 1754 1519 2038 1506" HPOS="1639.0" VPOS="1423.0" WIDTH="401.0" HEIGHT="150.0">
            <Shape><Polygon POINTS="1723 1430 1754 1454 1754 1436 2034 1423 2040 1560 1754 1573 1670 1562 1639 1538"/></Shape>
	    <String CONTENT=" " HPOS="1639.0" VPOS="1423.0" WIDTH="401.0" HEIGHT="150.0"><Glyph ID="char_31" CONTENT=" " GC="1.0"><Shape><Polygon POINTS="1710 1446 1710 1567 1909 1566 1902 1429"/></Shape></Glyph></String>
          </TextLine>

          
        </TextBlock>
        

        
      </PrintSpace>
    </Page>
  </Layout>
</alto>