<?xml version='1.0' encoding='UTF-8'?>
<alto xmlns:xsi="http://www.w3.org/2001/XMLSchema-instance" xmlns="http://www.loc.gov/standards/alto/ns-v4#" xsi:schemaLocation="http://www.loc.gov/standards/alto/ns-v4# http://www.loc.gov/standards/alto/v4/alto-4-2.xsd">
  <Description>
    <MeasurementUnit>pixel</MeasurementUnit>
    <sourceImageInformation>
      <fileName>P337-Fg008-R-C01-R01-D03092012-T125523-LR924_012_F.jpg</fileName>
      
    </sourceImageInformation>
  </Description>
  
  <Tags>
    <OtherTag ID="BT1443" LABEL="Parchment_or_papyrus" DESCRIPTION="block type Parchment_or_papyrus"/><OtherTag ID="BT2" LABEL="Main" DESCRIPTION="block type Main"/>
    
  </Tags>
  
  <Layout>
    <Page WIDTH="3608" HEIGHT="2706" PHYSICAL_IMG_NR="97" ID="eSc_dummypage_">
      <PrintSpace HPOS="0" VPOS="0" WIDTH="3608" HEIGHT="2706">
        
        <TextBlock HPOS="1541.0" VPOS="794.0" WIDTH="951.0" HEIGHT="1220.0" ID="eSc_textblock_a1a98bbd" TAGREFS="BT2">
          <Shape><Polygon POINTS="1541 805 1993 2014 2492 1966 2272 794"/></Shape>
          
          
          <TextLine ID="eSc_line_1788234" BASELINE="1551 976 1655 949 1756 931 1806 931 1873 949" HPOS="1530.0" VPOS="849.0" WIDTH="364.0" HEIGHT="179.0">
            <Shape><Polygon POINTS="1530 897 1634 870 1741 850 1806 849 1894 870 1858 1001 1806 985 1765 984 1668 1001 1564 1028"/></Shape>
	    <String CONTENT=" ה להגי " HPOS="1530.0" VPOS="849.0" WIDTH="364.0" HEIGHT="179.0"><Glyph ID="char_0" CONTENT=" " GC="1.0"><Shape><Polygon POINTS="1840 857 1806 985 1850 999 1885 868"/></Shape></Glyph><Glyph ID="char_1" CONTENT="ה" GC="1.0"><Shape><Polygon POINTS="1774 849 1774 984 1806 985 1840 857"/></Shape></Glyph><Glyph ID="char_2" CONTENT=" " GC="1.0"><Shape><Polygon POINTS="1733 852 1757 985 1774 984 1774 849"/></Shape></Glyph><Glyph ID="char_3" CONTENT="ל" GC="1.0"><Shape><Polygon POINTS="1687 860 1711 993 1757 985 1733 852"/></Shape></Glyph><Glyph ID="char_4" CONTENT="ה" GC="1.0"><Shape><Polygon POINTS="1642 868 1666 1002 1711 993 1687 860"/></Shape></Glyph><Glyph ID="char_5" CONTENT="ג" GC="1.0"><Shape><Polygon POINTS="1592 881 1625 1012 1666 1002 1642 868"/></Shape></Glyph><Glyph ID="char_6" CONTENT="י" GC="1.0"><Shape><Polygon POINTS="1557 890 1591 1021 1625 1012 1592 881"/></Shape></Glyph><Glyph ID="char_7" CONTENT=" " GC="1.0"><Shape><Polygon POINTS="1550 976 1577 969"/></Shape></Glyph></String>
          </TextLine>

          
          
          <TextLine ID="eSc_line_1788235" BASELINE="1598 1086 1695 1084 1925 1066 2038 1064 2142 1057 2284 1059" HPOS="1596.0" VPOS="975.0" WIDTH="689.0" HEIGHT="165.0">
            <Shape><Polygon POINTS="1596 1004 1693 1002 1918 984 2036 982 2136 975 2285 977 2283 1113 2145 1111 2038 1118 1929 1120 1696 1138 1599 1140"/></Shape>
	    <String CONTENT=" ת חרשים מש " HPOS="1596.0" VPOS="975.0" WIDTH="689.0" HEIGHT="165.0"><Glyph ID="char_8" CONTENT=" " GC="1.0"><Shape><Polygon POINTS="2058 980 2067 1116 2190 1112 2192 976"/></Shape></Glyph><Glyph ID="char_9" CONTENT="ת" GC="1.0"><Shape><Polygon POINTS="2026 982 2028 1118 2067 1116 2058 980"/></Shape></Glyph><Glyph ID="char_10" CONTENT=" " GC="1.0"><Shape><Polygon POINTS="1980 983 1982 1119 2028 1118 2026 982"/></Shape></Glyph><Glyph ID="char_11" CONTENT="ח" GC="1.0"><Shape><Polygon POINTS="1934 984 1936 1120 1982 1119 1980 983"/></Shape></Glyph><Glyph ID="char_12" CONTENT="ר" GC="1.0"><Shape><Polygon POINTS="1892 986 1903 1122 1936 1120 1934 984"/></Shape></Glyph><Glyph ID="char_13" CONTENT="ש" GC="1.0"><Shape><Polygon POINTS="1837 990 1848 1126 1903 1122 1892 986"/></Shape></Glyph><Glyph ID="char_14" CONTENT="י" GC="1.0"><Shape><Polygon POINTS="1782 995 1793 1131 1848 1126 1837 990"/></Shape></Glyph><Glyph ID="char_15" CONTENT="ם" GC="1.0"><Shape><Polygon POINTS="1737 998 1748 1134 1793 1131 1782 995"/></Shape></Glyph><Glyph ID="char_16" CONTENT=" " GC="1.0"><Shape><Polygon POINTS="1710 1001 1720 1136 1748 1134 1737 998"/></Shape></Glyph><Glyph ID="char_17" CONTENT="מ" GC="1.0"><Shape><Polygon POINTS="1687 1002 1690 1138 1720 1136 1710 1001"/></Shape></Glyph><Glyph ID="char_18" CONTENT="ש" GC="1.0"><Shape><Polygon POINTS="1650 1003 1653 1139 1690 1138 1687 1002"/></Shape></Glyph><Glyph ID="char_19" CONTENT=" " GC="1.0"><Shape><Polygon POINTS="1604 1004 1607 1140 1653 1139 1650 1003"/></Shape></Glyph></String>
          </TextLine>

          
          
          <TextLine ID="eSc_line_1788236" BASELINE="1754 1217 2040 1222 2171 1217 2333 1222" HPOS="1753.0" VPOS="1135.0" WIDTH="582.0" HEIGHT="141.0">
            <Shape><Polygon POINTS="1755 1135 2041 1140 2167 1135 2335 1140 2331 1276 2173 1271 2039 1276 1753 1271"/></Shape>
	    <String CONTENT=" לו אשר יושעו " HPOS="1753.0" VPOS="1135.0" WIDTH="582.0" HEIGHT="141.0"><Glyph ID="char_20" CONTENT=" " GC="1.0"><Shape><Polygon POINTS="2270 1138 2266 1274 2302 1275 2306 1139"/></Shape></Glyph><Glyph ID="char_21" CONTENT="ל" GC="1.0"><Shape><Polygon POINTS="2251 1138 2247 1273 2266 1274 2270 1138"/></Shape></Glyph><Glyph ID="char_22" CONTENT="ו" GC="1.0"><Shape><Polygon POINTS="2178 1135 2174 1271 2247 1273 2251 1138"/></Shape></Glyph><Glyph ID="char_23" CONTENT=" " GC="1.0"><Shape><Polygon POINTS="2081 1138 2086 1274 2174 1271 2178 1135"/></Shape></Glyph><Glyph ID="char_24" CONTENT="א" GC="1.0"><Shape><Polygon POINTS="2040 1140 2037 1276 2086 1274 2081 1138"/></Shape></Glyph><Glyph ID="char_25" CONTENT="ש" GC="1.0"><Shape><Polygon POINTS="1985 1139 1982 1275 2037 1276 2040 1140"/></Shape></Glyph><Glyph ID="char_26" CONTENT="ר" GC="1.0"><Shape><Polygon POINTS="1948 1138 1945 1274 1982 1275 1985 1139"/></Shape></Glyph><Glyph ID="char_27" CONTENT=" " GC="1.0"><Shape><Polygon POINTS="1920 1138 1917 1274 1945 1274 1948 1138"/></Shape></Glyph><Glyph ID="char_28" CONTENT="י" GC="1.0"><Shape><Polygon POINTS="1893 1137 1890 1273 1917 1274 1920 1138"/></Shape></Glyph><Glyph ID="char_29" CONTENT="ו" GC="1.0"><Shape><Polygon POINTS="1875 1137 1872 1273 1890 1273 1893 1137"/></Shape></Glyph><Glyph ID="char_30" CONTENT="ש" GC="1.0"><Shape><Polygon POINTS="1856 1137 1853 1273 1872 1273 1875 1137"/></Shape></Glyph><Glyph ID="char_31" CONTENT="ע" GC="1.0"><Shape><Polygon POINTS="1829 1136 1826 1272 1853 1273 1856 1137"/></Shape></Glyph><Glyph ID="char_32" CONTENT="ו" GC="1.0"><Shape><Polygon POINTS="1801 1136 1798 1272 1826 1272 1829 1136"/></Shape></Glyph><Glyph ID="char_33" CONTENT=" " GC="1.0"><Shape><Polygon POINTS="1753 1216 1798 1216"/></Shape></Glyph></String>
          </TextLine>

          
          
          <TextLine ID="eSc_line_1788237" BASELINE="1779 1357 2022 1357 2232 1346 2379 1350" HPOS="1779.0" VPOS="1264.0" WIDTH="602.0" HEIGHT="147.0">
            <Shape><Polygon POINTS="1779 1275 2022 1275 2227 1264 2381 1268 2377 1404 2234 1400 2022 1411 1779 1411"/></Shape>
	    <String CONTENT=" א מבינים לבבם " HPOS="1779.0" VPOS="1264.0" WIDTH="602.0" HEIGHT="147.0"><Glyph ID="char_34" CONTENT=" " GC="1.0"><Shape><Polygon POINTS="2336 1267 2332 1403 2369 1404 2373 1268"/></Shape></Glyph><Glyph ID="char_35" CONTENT="א" GC="1.0"><Shape><Polygon POINTS="2299 1266 2295 1402 2332 1403 2336 1267"/></Shape></Glyph><Glyph ID="char_36" CONTENT=" " GC="1.0"><Shape><Polygon POINTS="2262 1265 2258 1401 2295 1402 2299 1266"/></Shape></Glyph><Glyph ID="char_37" CONTENT="מ" GC="1.0"><Shape><Polygon POINTS="2218 1264 2226 1400 2258 1401 2262 1265"/></Shape></Glyph><Glyph ID="char_38" CONTENT="ב" GC="1.0"><Shape><Polygon POINTS="2181 1266 2189 1402 2226 1400 2218 1264"/></Shape></Glyph><Glyph ID="char_39" CONTENT="י" GC="1.0"><Shape><Polygon POINTS="2154 1268 2161 1404 2189 1402 2181 1266"/></Shape></Glyph><Glyph ID="char_40" CONTENT="נ" GC="1.0"><Shape><Polygon POINTS="2117 1270 2124 1406 2161 1404 2154 1268"/></Shape></Glyph><Glyph ID="char_41" CONTENT="י" GC="1.0"><Shape><Polygon POINTS="2089 1271 2096 1407 2124 1406 2117 1270"/></Shape></Glyph><Glyph ID="char_42" CONTENT="ם" GC="1.0"><Shape><Polygon POINTS="2043 1274 2050 1410 2096 1407 2089 1271"/></Shape></Glyph><Glyph ID="char_43" CONTENT=" " GC="1.0"><Shape><Polygon POINTS="2001 1275 2001 1411 2050 1410 2043 1274"/></Shape></Glyph><Glyph ID="char_44" CONTENT="ל" GC="1.0"><Shape><Polygon POINTS="1946 1275 1946 1411 2001 1411 2001 1275"/></Shape></Glyph><Glyph ID="char_45" CONTENT="ב" GC="1.0"><Shape><Polygon POINTS="1909 1275 1909 1411 1946 1411 1946 1275"/></Shape></Glyph><Glyph ID="char_46" CONTENT="ב" GC="1.0"><Shape><Polygon POINTS="1862 1275 1862 1411 1909 1411 1909 1275"/></Shape></Glyph><Glyph ID="char_47" CONTENT="ם" GC="1.0"><Shape><Polygon POINTS="1835 1275 1835 1411 1862 1411 1862 1275"/></Shape></Glyph><Glyph ID="char_48" CONTENT=" " GC="1.0"><Shape><Polygon POINTS="1788 1275 1788 1411 1835 1411 1835 1275"/></Shape></Glyph></String>
          </TextLine>

          
          
          <TextLine ID="eSc_line_1788238" BASELINE="1808 1492 2002 1492 2182 1486 2336 1474 2433 1458" HPOS="1808.0" VPOS="1377.0" WIDTH="633.0" HEIGHT="169.0">
            <Shape><Polygon POINTS="1808 1410 2002 1410 2179 1404 2329 1392 2419 1377 2441 1511 2340 1528 2183 1540 2002 1546 1808 1546"/></Shape>
	    <String CONTENT=" עליהם לא ישמעו " HPOS="1808.0" VPOS="1377.0" WIDTH="633.0" HEIGHT="169.0"><Glyph ID="char_49" CONTENT=" " GC="1.0"><Shape><Polygon POINTS="2375 1384 2397 1518 2425 1514 2403 1380"/></Shape></Glyph><Glyph ID="char_50" CONTENT="ע" GC="1.0"><Shape><Polygon POINTS="2339 1390 2361 1524 2397 1518 2375 1384"/></Shape></Glyph><Glyph ID="char_51" CONTENT="ל" GC="1.0"><Shape><Polygon POINTS="2309 1394 2320 1530 2361 1524 2339 1390"/></Shape></Glyph><Glyph ID="char_52" CONTENT="י" GC="1.0"><Shape><Polygon POINTS="2272 1397 2283 1532 2320 1530 2309 1394"/></Shape></Glyph><Glyph ID="char_53" CONTENT="ה" GC="1.0"><Shape><Polygon POINTS="2226 1400 2237 1536 2283 1532 2272 1397"/></Shape></Glyph><Glyph ID="char_54" CONTENT="ם" GC="1.0"><Shape><Polygon POINTS="2181 1404 2191 1539 2237 1536 2226 1400"/></Shape></Glyph><Glyph ID="char_55" CONTENT=" " GC="1.0"><Shape><Polygon POINTS="2156 1405 2161 1541 2191 1539 2181 1404"/></Shape></Glyph><Glyph ID="char_56" CONTENT="ל" GC="1.0"><Shape><Polygon POINTS="2110 1406 2115 1542 2161 1541 2156 1405"/></Shape></Glyph><Glyph ID="char_57" CONTENT="א" GC="1.0"><Shape><Polygon POINTS="2073 1408 2078 1543 2115 1542 2110 1406"/></Shape></Glyph><Glyph ID="char_58" CONTENT=" " GC="1.0"><Shape><Polygon POINTS="2036 1409 2041 1545 2078 1543 2073 1408"/></Shape></Glyph><Glyph ID="char_59" CONTENT="י" GC="1.0"><Shape><Polygon POINTS="2008 1410 2013 1546 2041 1545 2036 1409"/></Shape></Glyph><Glyph ID="char_60" CONTENT="ש" GC="1.0"><Shape><Polygon POINTS="1956 1410 1956 1546 2013 1546 2008 1410"/></Shape></Glyph><Glyph ID="char_61" CONTENT="מ" GC="1.0"><Shape><Polygon POINTS="1910 1410 1910 1546 1956 1546 1956 1410"/></Shape></Glyph><Glyph ID="char_62" CONTENT="ע" GC="1.0"><Shape><Polygon POINTS="1873 1410 1873 1546 1910 1546 1910 1410"/></Shape></Glyph><Glyph ID="char_63" CONTENT="ו" GC="1.0"><Shape><Polygon POINTS="1845 1410 1845 1546 1873 1546 1873 1410"/></Shape></Glyph><Glyph ID="char_64" CONTENT=" " GC="1.0"><Shape><Polygon POINTS="1817 1410 1817 1546 1845 1546 1845 1410"/></Shape></Glyph></String>
          </TextLine>

          
          
          <TextLine ID="eSc_line_1788239" BASELINE="1896 1643 2061 1632 2293 1630 2351 1628 2421 1616" HPOS="1890.0" VPOS="1535.0" WIDTH="540.0" HEIGHT="162.0">
            <Shape><Polygon POINTS="1890 1561 2055 1550 2292 1548 2348 1546 2407 1535 2430 1669 2352 1682 2293 1684 2064 1686 1899 1697"/></Shape>
	    <String CONTENT=" י לא יבינו ולא י " HPOS="1890.0" VPOS="1535.0" WIDTH="540.0" HEIGHT="162.0"><Glyph ID="char_65" CONTENT=" " GC="1.0"><Shape><Polygon POINTS="2352 1545 2374 1678 2411 1672 2388 1539"/></Shape></Glyph><Glyph ID="char_66" CONTENT="י" GC="1.0"><Shape><Polygon POINTS="2343 1546 2366 1680 2374 1678 2352 1545"/></Shape></Glyph><Glyph ID="char_67" CONTENT=" " GC="1.0"><Shape><Polygon POINTS="2345 1546 2349 1682 2366 1680 2343 1546"/></Shape></Glyph><Glyph ID="char_68" CONTENT="ל" GC="1.0"><Shape><Polygon POINTS="2317 1547 2321 1683 2349 1682 2345 1546"/></Shape></Glyph><Glyph ID="char_69" CONTENT="א" GC="1.0"><Shape><Polygon POINTS="2282 1548 2283 1684 2321 1683 2317 1547"/></Shape></Glyph><Glyph ID="char_70" CONTENT=" " GC="1.0"><Shape><Polygon POINTS="2255 1548 2256 1684 2283 1684 2282 1548"/></Shape></Glyph><Glyph ID="char_71" CONTENT="י" GC="1.0"><Shape><Polygon POINTS="2218 1549 2219 1685 2256 1684 2255 1548"/></Shape></Glyph><Glyph ID="char_72" CONTENT="ב" GC="1.0"><Shape><Polygon POINTS="2171 1549 2172 1685 2219 1685 2218 1549"/></Shape></Glyph><Glyph ID="char_73" CONTENT="י" GC="1.0"><Shape><Polygon POINTS="2144 1549 2145 1685 2172 1685 2171 1549"/></Shape></Glyph><Glyph ID="char_74" CONTENT="נ" GC="1.0"><Shape><Polygon POINTS="2125 1549 2126 1685 2145 1685 2144 1549"/></Shape></Glyph><Glyph ID="char_75" CONTENT="ו" GC="1.0"><Shape><Polygon POINTS="2097 1550 2098 1686 2126 1685 2125 1549"/></Shape></Glyph><Glyph ID="char_76" CONTENT=" " GC="1.0"><Shape><Polygon POINTS="2070 1550 2071 1686 2098 1686 2097 1550"/></Shape></Glyph><Glyph ID="char_77" CONTENT="ו" GC="1.0"><Shape><Polygon POINTS="2037 1551 2046 1687 2071 1686 2070 1550"/></Shape></Glyph><Glyph ID="char_78" CONTENT="ל" GC="1.0"><Shape><Polygon POINTS="2009 1553 2018 1689 2046 1687 2037 1551"/></Shape></Glyph><Glyph ID="char_79" CONTENT="א" GC="1.0"><Shape><Polygon POINTS="1972 1556 1981 1692 2018 1689 2009 1553"/></Shape></Glyph><Glyph ID="char_80" CONTENT=" " GC="1.0"><Shape><Polygon POINTS="1954 1557 1963 1693 1981 1692 1972 1556"/></Shape></Glyph><Glyph ID="char_81" CONTENT="י" GC="1.0"><Shape><Polygon POINTS="1926 1559 1935 1695 1963 1693 1954 1557"/></Shape></Glyph><Glyph ID="char_82" CONTENT=" " GC="1.0"><Shape><Polygon POINTS="1895 1643 1931 1640"/></Shape></Glyph></String>
          </TextLine>

          
          
          <TextLine ID="eSc_line_1788240" BASELINE="1957 1767 2309 1763 2475 1754" HPOS="1956.0" VPOS="1672.0" WIDTH="521.0" HEIGHT="149.0">
            <Shape><Polygon POINTS="1956 1685 2308 1681 2470 1672 2477 1808 2309 1817 1957 1821"/></Shape>
	    <String CONTENT=" ף וזהב למכש " HPOS="1956.0" VPOS="1672.0" WIDTH="521.0" HEIGHT="149.0"><Glyph ID="char_83" CONTENT=" " GC="1.0"><Shape><Polygon POINTS="2400 1676 2408 1812 2454 1809 2446 1673"/></Shape></Glyph><Glyph ID="char_84" CONTENT="ף" GC="1.0"><Shape><Polygon POINTS="2363 1678 2371 1814 2408 1812 2400 1676"/></Shape></Glyph><Glyph ID="char_85" CONTENT=" " GC="1.0"><Shape><Polygon POINTS="2336 1679 2344 1815 2371 1814 2363 1678"/></Shape></Glyph><Glyph ID="char_86" CONTENT="ו" GC="1.0"><Shape><Polygon POINTS="2309 1681 2316 1817 2344 1815 2336 1679"/></Shape></Glyph><Glyph ID="char_87" CONTENT="ז" GC="1.0"><Shape><Polygon POINTS="2266 1681 2268 1817 2316 1817 2309 1681"/></Shape></Glyph><Glyph ID="char_88" CONTENT="ה" GC="1.0"><Shape><Polygon POINTS="2221 1682 2223 1818 2268 1817 2266 1681"/></Shape></Glyph><Glyph ID="char_89" CONTENT="ב" GC="1.0"><Shape><Polygon POINTS="2184 1682 2186 1818 2223 1818 2221 1682"/></Shape></Glyph><Glyph ID="char_90" CONTENT=" " GC="1.0"><Shape><Polygon POINTS="2147 1683 2149 1819 2186 1818 2184 1682"/></Shape></Glyph><Glyph ID="char_91" CONTENT="ל" GC="1.0"><Shape><Polygon POINTS="2111 1683 2113 1819 2149 1819 2147 1683"/></Shape></Glyph><Glyph ID="char_92" CONTENT="מ" GC="1.0"><Shape><Polygon POINTS="2083 1684 2085 1820 2113 1819 2111 1683"/></Shape></Glyph><Glyph ID="char_93" CONTENT="כ" GC="1.0"><Shape><Polygon POINTS="2047 1684 2049 1820 2085 1820 2083 1684"/></Shape></Glyph><Glyph ID="char_94" CONTENT="ש" GC="1.0"><Shape><Polygon POINTS="2019 1684 2021 1820 2049 1820 2047 1684"/></Shape></Glyph><Glyph ID="char_95" CONTENT=" " GC="1.0"><Shape><Polygon POINTS="1964 1685 1966 1821 2021 1820 2019 1684"/></Shape></Glyph></String>
          </TextLine>

          
          
          <TextLine ID="eSc_line_1788241" BASELINE="2049 1896 2487 1912" HPOS="2047.0" VPOS="1814.0" WIDTH="442.0" HEIGHT="152.0">
            <Shape><Polygon POINTS="2051 1814 2489 1830 2485 1966 2047 1950"/></Shape>
	    <String CONTENT=" כל עובדיה " HPOS="2047.0" VPOS="1814.0" WIDTH="442.0" HEIGHT="152.0"><Glyph ID="char_96" CONTENT=" " GC="1.0"><Shape><Polygon POINTS="2454 1829 2449 1965 2477 1966 2482 1830"/></Shape></Glyph><Glyph ID="char_97" CONTENT="כ" GC="1.0"><Shape><Polygon POINTS="2427 1828 2422 1964 2449 1965 2454 1829"/></Shape></Glyph><Glyph ID="char_98" CONTENT="ל" GC="1.0"><Shape><Polygon POINTS="2399 1827 2394 1963 2422 1964 2427 1828"/></Shape></Glyph><Glyph ID="char_99" CONTENT=" " GC="1.0"><Shape><Polygon POINTS="2372 1826 2367 1962 2394 1963 2399 1827"/></Shape></Glyph><Glyph ID="char_100" CONTENT="ע" GC="1.0"><Shape><Polygon POINTS="2335 1824 2330 1960 2367 1962 2372 1826"/></Shape></Glyph><Glyph ID="char_101" CONTENT="ו" GC="1.0"><Shape><Polygon POINTS="2298 1823 2293 1959 2330 1960 2335 1824"/></Shape></Glyph><Glyph ID="char_102" CONTENT="ב" GC="1.0"><Shape><Polygon POINTS="2262 1822 2257 1958 2293 1959 2298 1823"/></Shape></Glyph><Glyph ID="char_103" CONTENT="ד" GC="1.0"><Shape><Polygon POINTS="2225 1820 2220 1956 2257 1958 2262 1822"/></Shape></Glyph><Glyph ID="char_104" CONTENT="י" GC="1.0"><Shape><Polygon POINTS="2189 1819 2184 1955 2220 1956 2225 1820"/></Shape></Glyph><Glyph ID="char_105" CONTENT="ה" GC="1.0"><Shape><Polygon POINTS="2124 1817 2119 1953 2184 1955 2189 1819"/></Shape></Glyph><Glyph ID="char_106" CONTENT=" " GC="1.0"><Shape><Polygon POINTS="2060 1814 2055 1950 2119 1953 2124 1817"/></Shape></Glyph></String>
          </TextLine>

          
        </TextBlock>
        

        
      </PrintSpace>
    </Page>
  </Layout>
</alto>