<?xml version='1.0' encoding='UTF-8'?>
<alto xmlns:xsi="http://www.w3.org/2001/XMLSchema-instance" xmlns="http://www.loc.gov/standards/alto/ns-v4#" xsi:schemaLocation="http://www.loc.gov/standards/alto/ns-v4# http://www.loc.gov/standards/alto/v4/alto-4-2.xsd">
  <Description>
    <MeasurementUnit>pixel</MeasurementUnit>
    <sourceImageInformation>
      <fileName>P337-Fg018-R-C01-R01-D03092012-T142302-LR924_012_F.jpg</fileName>
      
    </sourceImageInformation>
  </Description>
  
  <Tags>
    <OtherTag ID="BT1443" LABEL="Parchment_or_papyrus" DESCRIPTION="block type Parchment_or_papyrus"/><OtherTag ID="BT2" LABEL="Main" DESCRIPTION="block type Main"/>
    
  </Tags>
  
  <Layout>
    <Page WIDTH="3608" HEIGHT="2706" PHYSICAL_IMG_NR="318" ID="eSc_dummypage_">
      <PrintSpace HPOS="0" VPOS="0" WIDTH="3608" HEIGHT="2706">
        
        <TextBlock HPOS="1608.0" VPOS="934.0" WIDTH="736.0" HEIGHT="914.0" ID="eSc_textblock_53a34704" TAGREFS="BT2">
          <Shape><Polygon POINTS="1608 934 1608 1848 2344 1848 2344 934"/></Shape>
          
          
          <TextLine ID="eSc_line_1788324" BASELINE="1869 1053 2304 1066" HPOS="1867.0" VPOS="964.0" WIDTH="439.0" HEIGHT="160.0">
            <Shape><Polygon POINTS="1871 964 2306 977 2302 1124 1867 1111"/></Shape>
	    <String CONTENT=" כי בתבונות " HPOS="1867.0" VPOS="964.0" WIDTH="439.0" HEIGHT="160.0"><Glyph ID="char_0" CONTENT=" " GC="1.0"><Shape><Polygon POINTS="2257 976 2252 1123 2281 1123 2286 976"/></Shape></Glyph><Glyph ID="char_1" CONTENT="כ" GC="1.0"><Shape><Polygon POINTS="2227 975 2222 1122 2252 1123 2257 976"/></Shape></Glyph><Glyph ID="char_2" CONTENT="י" GC="1.0"><Shape><Polygon POINTS="2187 973 2182 1120 2222 1122 2227 975"/></Shape></Glyph><Glyph ID="char_3" CONTENT=" " GC="1.0"><Shape><Polygon POINTS="2158 973 2153 1120 2182 1120 2187 973"/></Shape></Glyph><Glyph ID="char_4" CONTENT="ב" GC="1.0"><Shape><Polygon POINTS="2108 971 2103 1118 2153 1120 2158 973"/></Shape></Glyph><Glyph ID="char_5" CONTENT="ת" GC="1.0"><Shape><Polygon POINTS="2059 970 2054 1117 2103 1118 2108 971"/></Shape></Glyph><Glyph ID="char_6" CONTENT="ב" GC="1.0"><Shape><Polygon POINTS="2019 968 2014 1115 2054 1117 2059 970"/></Shape></Glyph><Glyph ID="char_7" CONTENT="ו" GC="1.0"><Shape><Polygon POINTS="1990 968 1985 1115 2014 1115 2019 968"/></Shape></Glyph><Glyph ID="char_8" CONTENT="נ" GC="1.0"><Shape><Polygon POINTS="1960 967 1955 1114 1985 1115 1990 968"/></Shape></Glyph><Glyph ID="char_9" CONTENT="ו" GC="1.0"><Shape><Polygon POINTS="1920 965 1915 1112 1955 1114 1960 967"/></Shape></Glyph><Glyph ID="char_10" CONTENT="ת" GC="1.0"><Shape><Polygon POINTS="1891 965 1886 1112 1915 1112 1920 965"/></Shape></Glyph><Glyph ID="char_11" CONTENT=" " GC="1.0"><Shape><Polygon POINTS="1868 1052 1887 1052"/></Shape></Glyph></String>
          </TextLine>

          
          
          <TextLine ID="eSc_line_1788325" BASELINE="1729 1192 1822 1192 1937 1201 2004 1210 2115 1215" HPOS="1729.0" VPOS="1103.0" WIDTH="389.0" HEIGHT="170.0">
            <Shape><Polygon POINTS="1729 1103 1822 1103 1943 1113 2015 1122 2118 1126 2112 1273 1996 1268 1932 1259 1822 1250 1729 1250"/></Shape>
	    <String CONTENT=" ולא יכח " HPOS="1729.0" VPOS="1103.0" WIDTH="389.0" HEIGHT="170.0"><Glyph ID="char_12" CONTENT=" " GC="1.0"><Shape><Polygon POINTS="2069 1124 2062 1271 2102 1273 2109 1126"/></Shape></Glyph><Glyph ID="char_13" CONTENT="ו" GC="1.0"><Shape><Polygon POINTS="2030 1123 2023 1269 2062 1271 2069 1124"/></Shape></Glyph><Glyph ID="char_14" CONTENT="ל" GC="1.0"><Shape><Polygon POINTS="1998 1120 1978 1266 2023 1269 2030 1123"/></Shape></Glyph><Glyph ID="char_15" CONTENT="א" GC="1.0"><Shape><Polygon POINTS="1958 1115 1939 1260 1978 1266 1998 1120"/></Shape></Glyph><Glyph ID="char_16" CONTENT=" " GC="1.0"><Shape><Polygon POINTS="1925 1111 1913 1257 1939 1260 1958 1115"/></Shape></Glyph><Glyph ID="char_17" CONTENT="י" GC="1.0"><Shape><Polygon POINTS="1895 1109 1883 1255 1913 1257 1925 1111"/></Shape></Glyph><Glyph ID="char_18" CONTENT="כ" GC="1.0"><Shape><Polygon POINTS="1855 1106 1843 1252 1883 1255 1895 1109"/></Shape></Glyph><Glyph ID="char_19" CONTENT="ח" GC="1.0"><Shape><Polygon POINTS="1808 1103 1808 1250 1843 1252 1855 1106"/></Shape></Glyph><Glyph ID="char_20" CONTENT=" " GC="1.0"><Shape><Polygon POINTS="1749 1103 1749 1250 1808 1250 1808 1103"/></Shape></Glyph></String>
          </TextLine>

          
          
          <TextLine ID="eSc_line_1788326" BASELINE="1625 1323 1693 1328 1925 1353 2094 1353" HPOS="1620.0" VPOS="1235.0" WIDTH="474.0" HEIGHT="176.0">
            <Shape><Polygon POINTS="1631 1235 1699 1240 1934 1265 2094 1264 2094 1411 1918 1411 1688 1386 1620 1381"/></Shape>
	    <String CONTENT=" שפט וצד " HPOS="1620.0" VPOS="1235.0" WIDTH="474.0" HEIGHT="176.0"><Glyph ID="char_21" CONTENT=" " GC="1.0"><Shape><Polygon POINTS="2034 1264 2034 1411 2073 1411 2073 1264"/></Shape></Glyph><Glyph ID="char_22" CONTENT="ש" GC="1.0"><Shape><Polygon POINTS="1995 1265 1995 1411 2034 1411 2034 1264"/></Shape></Glyph><Glyph ID="char_23" CONTENT="פ" GC="1.0"><Shape><Polygon POINTS="1946 1265 1946 1411 1995 1411 1995 1265"/></Shape></Glyph><Glyph ID="char_24" CONTENT="ט" GC="1.0"><Shape><Polygon POINTS="1907 1262 1891 1408 1946 1411 1946 1265"/></Shape></Glyph><Glyph ID="char_25" CONTENT=" " GC="1.0"><Shape><Polygon POINTS="1858 1257 1843 1403 1891 1408 1907 1262"/></Shape></Glyph><Glyph ID="char_26" CONTENT="ו" GC="1.0"><Shape><Polygon POINTS="1819 1253 1803 1398 1843 1403 1858 1257"/></Shape></Glyph><Glyph ID="char_27" CONTENT="צ" GC="1.0"><Shape><Polygon POINTS="1770 1248 1754 1393 1803 1398 1819 1253"/></Shape></Glyph><Glyph ID="char_28" CONTENT="ד" GC="1.0"><Shape><Polygon POINTS="1721 1242 1705 1388 1754 1393 1770 1248"/></Shape></Glyph><Glyph ID="char_29" CONTENT=" " GC="1.0"><Shape><Polygon POINTS="1652 1237 1639 1382 1705 1388 1721 1242"/></Shape></Glyph></String>
          </TextLine>

          
          
          <TextLine ID="eSc_line_1788327" BASELINE="1664 1486 1822 1497 1982 1513 2167 1522" HPOS="1659.0" VPOS="1398.0" WIDTH="512.0" HEIGHT="182.0">
            <Shape><Polygon POINTS="1670 1398 1828 1409 1990 1425 2171 1433 2164 1580 1976 1571 1817 1555 1659 1544"/></Shape>
	    <String CONTENT=" מכזבים ולא " HPOS="1659.0" VPOS="1398.0" WIDTH="512.0" HEIGHT="182.0"><Glyph ID="char_30" CONTENT=" " GC="1.0"><Shape><Polygon POINTS="2121 1431 2114 1578 2154 1580 2161 1433"/></Shape></Glyph><Glyph ID="char_31" CONTENT="מ" GC="1.0"><Shape><Polygon POINTS="2092 1430 2085 1576 2114 1578 2121 1431"/></Shape></Glyph><Glyph ID="char_32" CONTENT="כ" GC="1.0"><Shape><Polygon POINTS="2052 1428 2045 1574 2085 1576 2092 1430"/></Shape></Glyph><Glyph ID="char_33" CONTENT="ז" GC="1.0"><Shape><Polygon POINTS="2013 1426 2006 1572 2045 1574 2052 1428"/></Shape></Glyph><Glyph ID="char_34" CONTENT="ב" GC="1.0"><Shape><Polygon POINTS="1978 1424 1963 1570 2006 1572 2013 1426"/></Shape></Glyph><Glyph ID="char_35" CONTENT="י" GC="1.0"><Shape><Polygon POINTS="1938 1420 1923 1566 1963 1570 1978 1424"/></Shape></Glyph><Glyph ID="char_36" CONTENT="ם" GC="1.0"><Shape><Polygon POINTS="1899 1416 1884 1562 1923 1566 1938 1420"/></Shape></Glyph><Glyph ID="char_37" CONTENT=" " GC="1.0"><Shape><Polygon POINTS="1869 1413 1855 1559 1884 1562 1899 1416"/></Shape></Glyph><Glyph ID="char_38" CONTENT="ו" GC="1.0"><Shape><Polygon POINTS="1839 1410 1825 1556 1855 1559 1869 1413"/></Shape></Glyph><Glyph ID="char_39" CONTENT="ל" GC="1.0"><Shape><Polygon POINTS="1798 1407 1787 1553 1825 1556 1839 1410"/></Shape></Glyph><Glyph ID="char_40" CONTENT="א" GC="1.0"><Shape><Polygon POINTS="1758 1404 1747 1550 1787 1553 1798 1407"/></Shape></Glyph><Glyph ID="char_41" CONTENT=" " GC="1.0"><Shape><Polygon POINTS="1699 1400 1688 1546 1747 1550 1758 1404"/></Shape></Glyph></String>
          </TextLine>

          
          
          <TextLine ID="eSc_line_1788328" BASELINE="1815 1646 2022 1655 2130 1650" HPOS="1812.0" VPOS="1557.0" WIDTH="320.0" HEIGHT="156.0">
            <Shape><Polygon POINTS="1818 1557 2025 1566 2125 1561 2132 1708 2019 1713 1812 1704"/></Shape>
	    <String CONTENT=" ו את ה " HPOS="1812.0" VPOS="1557.0" WIDTH="320.0" HEIGHT="156.0"><Glyph ID="char_42" CONTENT=" " GC="1.0"><Shape><Polygon POINTS="2094 1563 2100 1709 2130 1708 2124 1561"/></Shape></Glyph><Glyph ID="char_43" CONTENT="ו" GC="1.0"><Shape><Polygon POINTS="2074 1564 2080 1710 2100 1709 2094 1563"/></Shape></Glyph><Glyph ID="char_44" CONTENT=" " GC="1.0"><Shape><Polygon POINTS="2043 1565 2049 1712 2080 1710 2074 1564"/></Shape></Glyph><Glyph ID="char_45" CONTENT="א" GC="1.0"><Shape><Polygon POINTS="2001 1565 1994 1712 2049 1712 2043 1565"/></Shape></Glyph><Glyph ID="char_46" CONTENT="ת" GC="1.0"><Shape><Polygon POINTS="1950 1563 1943 1710 1994 1712 2001 1565"/></Shape></Glyph><Glyph ID="char_47" CONTENT=" " GC="1.0"><Shape><Polygon POINTS="1920 1561 1913 1708 1943 1710 1950 1563"/></Shape></Glyph><Glyph ID="char_48" CONTENT="ה" GC="1.0"><Shape><Polygon POINTS="1869 1559 1862 1706 1913 1708 1920 1561"/></Shape></Glyph><Glyph ID="char_49" CONTENT=" " GC="1.0"><Shape><Polygon POINTS="1814 1645 1864 1647"/></Shape></Glyph></String>
          </TextLine>

          
          
          <TextLine ID="eSc_line_1788329" BASELINE="1869 1783 2088 1792" HPOS="1866.0" VPOS="1694.0" WIDTH="225.0" HEIGHT="156.0">
            <Shape><Polygon POINTS="1872 1694 2091 1703 2085 1850 1866 1841"/></Shape>
	    <String CONTENT=" י " HPOS="1866.0" VPOS="1694.0" WIDTH="225.0" HEIGHT="156.0"><Glyph ID="char_50" CONTENT=" " GC="1.0"><Shape><Polygon POINTS="2022 1700 2015 1847 2065 1849 2072 1702"/></Shape></Glyph><Glyph ID="char_51" CONTENT="י" GC="1.0"><Shape><Polygon POINTS="2002 1699 1995 1846 2015 1847 2022 1700"/></Shape></Glyph><Glyph ID="char_52" CONTENT=" " GC="1.0"><Shape><Polygon POINTS="1922 1696 1915 1843 1995 1846 2002 1699"/></Shape></Glyph></String>
          </TextLine>

          
        </TextBlock>
        

        
      </PrintSpace>
    </Page>
  </Layout>
</alto>