<?xml version='1.0' encoding='UTF-8'?>
<alto xmlns:xsi="http://www.w3.org/2001/XMLSchema-instance" xmlns="http://www.loc.gov/standards/alto/ns-v4#" xsi:schemaLocation="http://www.loc.gov/standards/alto/ns-v4# http://www.loc.gov/standards/alto/v4/alto-4-2.xsd">
  <Description>
    <MeasurementUnit>pixel</MeasurementUnit>
    <sourceImageInformation>
      <fileName>P339-Fg016-R-C01-R01-D02042014-T095455-LR924_012.jpg</fileName>
      
    </sourceImageInformation>
  </Description>
  
  <Tags>
    <OtherTag ID="BT1443" LABEL="Parchment_or_papyrus" DESCRIPTION="block type Parchment_or_papyrus"/><OtherTag ID="BT2" LABEL="Main" DESCRIPTION="block type Main"/>
    
  </Tags>
  
  <Layout>
    <Page WIDTH="3608" HEIGHT="2706" PHYSICAL_IMG_NR="348" ID="eSc_dummypage_">
      <PrintSpace HPOS="0" VPOS="0" WIDTH="3608" HEIGHT="2706">
        
        <TextBlock HPOS="1785.0" VPOS="595.0" WIDTH="495.0" HEIGHT="1489.0" ID="eSc_textblock_715dd8a8" TAGREFS="BT2">
          <Shape><Polygon POINTS="1785 595 1785 2084 2280 2084 2280 595"/></Shape>
          
          
          <TextLine ID="eSc_line_1793165" BASELINE="1960 759 2183 764" HPOS="1958.0" VPOS="650.0" WIDTH="227.0" HEIGHT="186.0">
            <Shape><Polygon POINTS="1962 650 2185 655 2181 836 1958 831"/></Shape>
	    <String CONTENT=" " HPOS="1958.0" VPOS="650.0" WIDTH="227.0" HEIGHT="186.0"><Glyph ID="char_0" CONTENT=" " GC="1.0"><Shape><Polygon POINTS="2000 651 1995 832 2131 835 2136 654"/></Shape></Glyph></String>
          </TextLine>

          
          
          <TextLine ID="eSc_line_1788393" BASELINE="1860 949 2194 967" HPOS="1856.0" VPOS="840.0" WIDTH="343.0" HEIGHT="199.0">
            <Shape><Polygon POINTS="1865 840 2199 858 2190 1039 1856 1021"/></Shape>
	    <String CONTENT=" צדקה " HPOS="1856.0" VPOS="840.0" WIDTH="343.0" HEIGHT="199.0"><Glyph ID="char_1" CONTENT=" " GC="1.0"><Shape><Polygon POINTS="2163 856 2152 1037 2177 1038 2188 857"/></Shape></Glyph><Glyph ID="char_2" CONTENT="צ" GC="1.0"><Shape><Polygon POINTS="2126 854 2115 1035 2152 1037 2163 856"/></Shape></Glyph><Glyph ID="char_3" CONTENT="ד" GC="1.0"><Shape><Polygon POINTS="2076 851 2066 1032 2115 1035 2126 854"/></Shape></Glyph><Glyph ID="char_4" CONTENT="ק" GC="1.0"><Shape><Polygon POINTS="2014 848 2004 1029 2066 1032 2076 851"/></Shape></Glyph><Glyph ID="char_5" CONTENT="ה" GC="1.0"><Shape><Polygon POINTS="1940 844 1930 1025 2004 1029 2014 848"/></Shape></Glyph><Glyph ID="char_6" CONTENT=" " GC="1.0"><Shape><Polygon POINTS="1878 841 1868 1022 1930 1025 1940 844"/></Shape></Glyph></String>
          </TextLine>

          
          
          <TextLine ID="eSc_line_1788394" BASELINE="1844 1136 2164 1136" HPOS="1844.0" VPOS="1027.0" WIDTH="320.0" HEIGHT="181.0">
            <Shape><Polygon POINTS="1844 1027 2164 1027 2164 1208 1844 1208"/></Shape>
	    <String CONTENT=" איש ל " HPOS="1844.0" VPOS="1027.0" WIDTH="320.0" HEIGHT="181.0"><Glyph ID="char_7" CONTENT=" " GC="1.0"><Shape><Polygon POINTS="2103 1027 2103 1208 2140 1208 2140 1027"/></Shape></Glyph><Glyph ID="char_8" CONTENT="א" GC="1.0"><Shape><Polygon POINTS="2054 1027 2054 1208 2103 1208 2103 1027"/></Shape></Glyph><Glyph ID="char_9" CONTENT="י" GC="1.0"><Shape><Polygon POINTS="1992 1027 1992 1208 2054 1208 2054 1027"/></Shape></Glyph><Glyph ID="char_10" CONTENT="ש" GC="1.0"><Shape><Polygon POINTS="1955 1027 1955 1208 1992 1208 1992 1027"/></Shape></Glyph><Glyph ID="char_11" CONTENT=" " GC="1.0"><Shape><Polygon POINTS="1943 1027 1943 1208 1955 1208 1955 1027"/></Shape></Glyph><Glyph ID="char_12" CONTENT="ל" GC="1.0"><Shape><Polygon POINTS="1906 1027 1906 1208 1943 1208 1943 1027"/></Shape></Glyph><Glyph ID="char_13" CONTENT=" " GC="1.0"><Shape><Polygon POINTS="1857 1027 1857 1208 1906 1208 1906 1027"/></Shape></Glyph></String>
          </TextLine>

          
          
          <TextLine ID="eSc_line_1788395" BASELINE="1792 1310 1842 1310 1977 1334 2022 1339 2153 1334" HPOS="1792.0" VPOS="1201.0" WIDTH="363.0" HEIGHT="209.0">
            <Shape><Polygon POINTS="1792 1201 1842 1201 1996 1227 2033 1231 2148 1225 2155 1406 2014 1410 1964 1405 1842 1382 1792 1382"/></Shape>
	    <String CONTENT=" יה " HPOS="1792.0" VPOS="1201.0" WIDTH="363.0" HEIGHT="209.0"><Glyph ID="char_14" CONTENT=" " GC="1.0"><Shape><Polygon POINTS="2085 1228 2092 1408 2142 1406 2135 1226"/></Shape></Glyph><Glyph ID="char_15" CONTENT="י" GC="1.0"><Shape><Polygon POINTS="2015 1229 1995 1408 2092 1408 2085 1228"/></Shape></Glyph><Glyph ID="char_16" CONTENT="ה" GC="1.0"><Shape><Polygon POINTS="1935 1217 1903 1394 1995 1408 2015 1229"/></Shape></Glyph><Glyph ID="char_17" CONTENT=" " GC="1.0"><Shape><Polygon POINTS="1830 1201 1830 1382 1903 1394 1935 1217"/></Shape></Glyph></String>
          </TextLine>

          
          
          <TextLine ID="eSc_line_1788396" BASELINE="1817 1479 1995 1492 2110 1490 2171 1501" HPOS="1811.0" VPOS="1370.0" WIDTH="379.0" HEIGHT="202.0">
            <Shape><Polygon POINTS="1824 1370 2002 1383 2108 1381 2190 1394 2158 1572 2111 1562 1989 1564 1811 1551"/></Shape>
	    <String CONTENT=" רפא " HPOS="1811.0" VPOS="1370.0" WIDTH="379.0" HEIGHT="202.0"><Glyph ID="char_18" CONTENT=" " GC="1.0"><Shape><Polygon POINTS="2096 1381 2099 1562 2146 1569 2178 1392"/></Shape></Glyph><Glyph ID="char_19" CONTENT="ר" GC="1.0"><Shape><Polygon POINTS="2035 1382 2038 1563 2099 1562 2096 1381"/></Shape></Glyph><Glyph ID="char_20" CONTENT="פ" GC="1.0"><Shape><Polygon POINTS="1984 1382 1970 1563 2038 1563 2035 1382"/></Shape></Glyph><Glyph ID="char_21" CONTENT="א" GC="1.0"><Shape><Polygon POINTS="1935 1378 1921 1559 1970 1563 1984 1382"/></Shape></Glyph><Glyph ID="char_22" CONTENT=" " GC="1.0"><Shape><Polygon POINTS="1849 1372 1835 1553 1921 1559 1935 1378"/></Shape></Glyph></String>
          </TextLine>

          
          
          <TextLine ID="eSc_line_1788397" BASELINE="1756 1670 1955 1682 2178 1664" HPOS="1751.0" VPOS="1555.0" WIDTH="432.0" HEIGHT="199.0">
            <Shape><Polygon POINTS="1762 1561 1961 1573 2169 1555 2183 1736 1950 1754 1751 1742"/></Shape>
	    <String CONTENT=" ריהם " HPOS="1751.0" VPOS="1555.0" WIDTH="432.0" HEIGHT="199.0"><Glyph ID="char_23" CONTENT=" " GC="1.0"><Shape><Polygon POINTS="2032 1567 2046 1747 2145 1739 2130 1558"/></Shape></Glyph><Glyph ID="char_24" CONTENT="ר" GC="1.0"><Shape><Polygon POINTS="1957 1573 1971 1752 2046 1747 2032 1567"/></Shape></Glyph><Glyph ID="char_25" CONTENT="י" GC="1.0"><Shape><Polygon POINTS="1924 1571 1912 1752 1971 1752 1957 1573"/></Shape></Glyph><Glyph ID="char_26" CONTENT="ה" GC="1.0"><Shape><Polygon POINTS="1837 1566 1825 1746 1912 1752 1924 1571"/></Shape></Glyph><Glyph ID="char_27" CONTENT="ם" GC="1.0"><Shape><Polygon POINTS="1775 1562 1763 1743 1825 1746 1837 1566"/></Shape></Glyph><Glyph ID="char_28" CONTENT=" " GC="1.0"><Shape><Polygon POINTS="1755 1669 1767 1669"/></Shape></Glyph></String>
          </TextLine>

          
          
          <TextLine ID="eSc_line_1788398" BASELINE="1815 1833 1912 1840 2034 1855 2040 1862 2106 1860 2203 1862" HPOS="1809.0" VPOS="1724.0" WIDTH="396.0" HEIGHT="218.1500000000001">
            <Shape><Polygon POINTS="1822 1724 1919 1731 2047 1747 2122 1791 2102 1751 2205 1753 2201 1934 2068.84 1931.16 2162.29 1942.15 2025 1926 1906 1912 1809 1905"/></Shape>
	    <String CONTENT=" דש " HPOS="1809.0" VPOS="1724.0" WIDTH="396.0" HEIGHT="218.1500000000001"><Glyph ID="char_29" CONTENT=" " GC="1.0"><Shape><Polygon POINTS="2047 1747 2053 1929 2137 1933 2141 1752"/></Shape></Glyph><Glyph ID="char_30" CONTENT="ד" GC="1.0"><Shape><Polygon POINTS="1991 1740 1969 1919 2053 1929 2047 1747"/></Shape></Glyph><Glyph ID="char_31" CONTENT="ש" GC="1.0"><Shape><Polygon POINTS="1929 1732 1907 1912 1969 1919 1991 1740"/></Shape></Glyph><Glyph ID="char_32" CONTENT=" " GC="1.0"><Shape><Polygon POINTS="1849 1726 1834 1907 1907 1912 1929 1732"/></Shape></Glyph></String>
          </TextLine>

          
          
          <TextLine ID="eSc_line_1788400" BASELINE="1921 2009 2011 2009" HPOS="1921.0" VPOS="1900.0" WIDTH="90.0" HEIGHT="181.0">
            <Shape><Polygon POINTS="1921 1900 2011 1900 2011 2081 1921 2081"/></Shape>
	    <String CONTENT=" " HPOS="1921.0" VPOS="1900.0" WIDTH="90.0" HEIGHT="181.0"><Glyph ID="char_33" CONTENT=" " GC="1.0"><Shape><Polygon POINTS="1921 1900 1921 2081 1973 2081 1973 1900"/></Shape></Glyph></String>
          </TextLine>

          
        </TextBlock>
        

        
      </PrintSpace>
    </Page>
  </Layout>
</alto>