<?xml version='1.0' encoding='UTF-8'?>
<alto xmlns:xsi="http://www.w3.org/2001/XMLSchema-instance" xmlns="http://www.loc.gov/standards/alto/ns-v4#" xsi:schemaLocation="http://www.loc.gov/standards/alto/ns-v4# http://www.loc.gov/standards/alto/v4/alto-4-2.xsd">
  <Description>
    <MeasurementUnit>pixel</MeasurementUnit>
    <sourceImageInformation>
      <fileName>P339-Fg003-R-C01-R01-D01042014-T141434-LR924_012.jpg</fileName>
      
    </sourceImageInformation>
  </Description>
  
  <Tags>
    <OtherTag ID="BT1443" LABEL="Parchment_or_papyrus" DESCRIPTION="block type Parchment_or_papyrus"/><OtherTag ID="BT2" LABEL="Main" DESCRIPTION="block type Main"/>
    
  </Tags>
  
  <Layout>
    <Page WIDTH="3608" HEIGHT="2706" PHYSICAL_IMG_NR="49" ID="eSc_dummypage_">
      <PrintSpace HPOS="0" VPOS="0" WIDTH="3608" HEIGHT="2706">
        
        <TextBlock HPOS="1525.0" VPOS="719.0" WIDTH="973.0" HEIGHT="871.0" ID="eSc_textblock_47e03700" TAGREFS="BT2">
          <Shape><Polygon POINTS="1525 719 1525 1590 2498 1590 2498 719"/></Shape>
          
          
          <TextLine ID="eSc_line_1803873" BASELINE="1640 766 2393 787" HPOS="1638.0" VPOS="664.0" WIDTH="757.0" HEIGHT="190.0">
            <Shape><Polygon POINTS="1642 664 2395 685 2391 854 1638 833"/></Shape>
	    <String CONTENT=" " HPOS="1638.0" VPOS="664.0" WIDTH="757.0" HEIGHT="190.0"><Glyph ID="char_0" CONTENT=" " GC="1.0"><Shape><Polygon POINTS="1905 671 1900 840 2300 851 2305 682"/></Shape></Glyph></String>
          </TextLine>

          
          
          <TextLine ID="eSc_line_1788371" BASELINE="1560 933 1648 938 1770 933 1925 938 2370 931 2482 942" HPOS="1556.0" VPOS="829.0" WIDTH="935.0" HEIGHT="180.0">
            <Shape><Polygon POINTS="1565 831 1653 836 1765 831 1928 836 2368 829 2491 840 2475 1009 2371 998 1922 1005 1772 1000 1644 1005 1556 1000"/></Shape>
	    <String CONTENT=" ילה לתתם ביד כול גו " HPOS="1556.0" VPOS="829.0" WIDTH="935.0" HEIGHT="180.0"><Glyph ID="char_1" CONTENT=" " GC="1.0"><Shape><Polygon POINTS="2423 834 2407 1002 2464 1008 2480 839"/></Shape></Glyph><Glyph ID="char_2" CONTENT="י" GC="1.0"><Shape><Polygon POINTS="2366 829 2369 998 2407 1002 2423 834"/></Shape></Glyph><Glyph ID="char_3" CONTENT="ל" GC="1.0"><Shape><Polygon POINTS="2320 830 2323 999 2369 998 2366 829"/></Shape></Glyph><Glyph ID="char_4" CONTENT="ה" GC="1.0"><Shape><Polygon POINTS="2263 831 2266 1000 2323 999 2320 830"/></Shape></Glyph><Glyph ID="char_5" CONTENT=" " GC="1.0"><Shape><Polygon POINTS="2218 831 2221 1000 2266 1000 2263 831"/></Shape></Glyph><Glyph ID="char_6" CONTENT="ל" GC="1.0"><Shape><Polygon POINTS="2184 832 2187 1001 2221 1000 2218 831"/></Shape></Glyph><Glyph ID="char_7" CONTENT="ת" GC="1.0"><Shape><Polygon POINTS="2138 833 2141 1002 2187 1001 2184 832"/></Shape></Glyph><Glyph ID="char_8" CONTENT="ת" GC="1.0"><Shape><Polygon POINTS="2093 833 2096 1002 2141 1002 2138 833"/></Shape></Glyph><Glyph ID="char_9" CONTENT="ם" GC="1.0"><Shape><Polygon POINTS="2047 834 2050 1003 2096 1002 2093 833"/></Shape></Glyph><Glyph ID="char_10" CONTENT=" " GC="1.0"><Shape><Polygon POINTS="2001 835 2004 1004 2050 1003 2047 834"/></Shape></Glyph><Glyph ID="char_11" CONTENT="ב" GC="1.0"><Shape><Polygon POINTS="1956 836 1959 1004 2004 1004 2001 835"/></Shape></Glyph><Glyph ID="char_12" CONTENT="י" GC="1.0"><Shape><Polygon POINTS="1904 835 1898 1004 1959 1004 1956 836"/></Shape></Glyph><Glyph ID="char_13" CONTENT="ד" GC="1.0"><Shape><Polygon POINTS="1870 834 1864 1003 1898 1004 1904 835"/></Shape></Glyph><Glyph ID="char_14" CONTENT=" " GC="1.0"><Shape><Polygon POINTS="1836 833 1831 1002 1864 1003 1870 834"/></Shape></Glyph><Glyph ID="char_15" CONTENT="כ" GC="1.0"><Shape><Polygon POINTS="1779 831 1774 1000 1831 1002 1836 833"/></Shape></Glyph><Glyph ID="char_16" CONTENT="ו" GC="1.0"><Shape><Polygon POINTS="1726 833 1732 1002 1774 1000 1779 831"/></Shape></Glyph><Glyph ID="char_17" CONTENT="ל" GC="1.0"><Shape><Polygon POINTS="1715 833 1721 1002 1732 1002 1726 833"/></Shape></Glyph><Glyph ID="char_18" CONTENT=" " GC="1.0"><Shape><Polygon POINTS="1692 834 1698 1003 1721 1002 1715 833"/></Shape></Glyph><Glyph ID="char_19" CONTENT="ג" GC="1.0"><Shape><Polygon POINTS="1658 836 1665 1004 1698 1003 1692 834"/></Shape></Glyph><Glyph ID="char_20" CONTENT="ו" GC="1.0"><Shape><Polygon POINTS="1612 834 1600 1003 1665 1004 1658 836"/></Shape></Glyph><Glyph ID="char_21" CONTENT=" " GC="1.0"><Shape><Polygon POINTS="1559 932 1604 935"/></Shape></Glyph></String>
          </TextLine>

          
          
          <TextLine ID="eSc_line_1788372" BASELINE="1601 1109 1772 1120 1930 1120 2214 1104 2412 1102 2485 1107" HPOS="1596.0" VPOS="1000.0" WIDTH="895.0" HEIGHT="188.0">
            <Shape><Polygon POINTS="1607 1007 1778 1018 1930 1018 2208 1002 2410 1000 2491 1005 2480 1174 2412 1169 2217 1171 1930 1188 1767 1187 1596 1176"/></Shape>
	    <String CONTENT=" לקצ יעמוד איש חיל " HPOS="1596.0" VPOS="1000.0" WIDTH="895.0" HEIGHT="188.0"><Glyph ID="char_22" CONTENT=" " GC="1.0"><Shape><Polygon POINTS="2423 1001 2412 1169 2456 1172 2468 1004"/></Shape></Glyph><Glyph ID="char_23" CONTENT="ל" GC="1.0"><Shape><Polygon POINTS="2381 1000 2383 1169 2412 1169 2423 1001"/></Shape></Glyph><Glyph ID="char_24" CONTENT="ק" GC="1.0"><Shape><Polygon POINTS="2336 1001 2338 1170 2383 1169 2381 1000"/></Shape></Glyph><Glyph ID="char_25" CONTENT="צ" GC="1.0"><Shape><Polygon POINTS="2290 1001 2292 1170 2338 1170 2336 1001"/></Shape></Glyph><Glyph ID="char_26" CONTENT=" " GC="1.0"><Shape><Polygon POINTS="2256 1002 2258 1171 2292 1170 2290 1001"/></Shape></Glyph><Glyph ID="char_27" CONTENT="י" GC="1.0"><Shape><Polygon POINTS="2194 1003 2204 1172 2258 1171 2256 1002"/></Shape></Glyph><Glyph ID="char_28" CONTENT="ע" GC="1.0"><Shape><Polygon POINTS="2138 1006 2148 1175 2204 1172 2194 1003"/></Shape></Glyph><Glyph ID="char_29" CONTENT="מ" GC="1.0"><Shape><Polygon POINTS="2082 1009 2091 1178 2148 1175 2138 1006"/></Shape></Glyph><Glyph ID="char_30" CONTENT="ו" GC="1.0"><Shape><Polygon POINTS="2048 1011 2057 1180 2091 1178 2082 1009"/></Shape></Glyph><Glyph ID="char_31" CONTENT="ד" GC="1.0"><Shape><Polygon POINTS="2014 1013 2023 1182 2057 1180 2048 1011"/></Shape></Glyph><Glyph ID="char_32" CONTENT=" " GC="1.0"><Shape><Polygon POINTS="1957 1016 1966 1186 2023 1182 2014 1013"/></Shape></Glyph><Glyph ID="char_33" CONTENT="א" GC="1.0"><Shape><Polygon POINTS="1918 1018 1918 1188 1966 1186 1957 1016"/></Shape></Glyph><Glyph ID="char_34" CONTENT="י" GC="1.0"><Shape><Polygon POINTS="1861 1018 1861 1188 1918 1188 1918 1018"/></Shape></Glyph><Glyph ID="char_35" CONTENT="ש" GC="1.0"><Shape><Polygon POINTS="1804 1018 1804 1187 1861 1188 1861 1018"/></Shape></Glyph><Glyph ID="char_36" CONTENT=" " GC="1.0"><Shape><Polygon POINTS="1766 1017 1754 1186 1804 1187 1804 1018"/></Shape></Glyph><Glyph ID="char_37" CONTENT="ח" GC="1.0"><Shape><Polygon POINTS="1709 1014 1697 1183 1754 1186 1766 1017"/></Shape></Glyph><Glyph ID="char_38" CONTENT="י" GC="1.0"><Shape><Polygon POINTS="1664 1011 1652 1180 1697 1183 1709 1014"/></Shape></Glyph><Glyph ID="char_39" CONTENT="ל" GC="1.0"><Shape><Polygon POINTS="1630 1008 1618 1177 1652 1180 1664 1011"/></Shape></Glyph><Glyph ID="char_40" CONTENT=" " GC="1.0"><Shape><Polygon POINTS="1600 1108 1622 1109"/></Shape></Glyph></String>
          </TextLine>

          
          
          <TextLine ID="eSc_line_1788373" BASELINE="1612 1289 1704 1296 1846 1296 2085 1307 2324 1292 2446 1294" HPOS="1606.0" VPOS="1187.0" WIDTH="841.0" HEIGHT="187.0">
            <Shape><Polygon POINTS="1619 1187 1711 1194 1846 1194 2089 1205 2317 1190 2447 1192 2444 1361 2328 1359 2081 1374 1846 1364 1698 1363 1606 1356"/></Shape>
	    <String CONTENT=" כי לכול רוחות ויש " HPOS="1606.0" VPOS="1187.0" WIDTH="841.0" HEIGHT="187.0"><Glyph ID="char_41" CONTENT=" " GC="1.0"><Shape><Polygon POINTS="2367 1191 2364 1360 2421 1361 2424 1192"/></Shape></Glyph><Glyph ID="char_42" CONTENT="כ" GC="1.0"><Shape><Polygon POINTS="2313 1190 2323 1359 2364 1360 2367 1191"/></Shape></Glyph><Glyph ID="char_43" CONTENT="י" GC="1.0"><Shape><Polygon POINTS="2267 1193 2277 1362 2323 1359 2313 1190"/></Shape></Glyph><Glyph ID="char_44" CONTENT=" " GC="1.0"><Shape><Polygon POINTS="2244 1195 2254 1363 2277 1362 2267 1193"/></Shape></Glyph><Glyph ID="char_45" CONTENT="ל" GC="1.0"><Shape><Polygon POINTS="2210 1197 2220 1366 2254 1363 2244 1195"/></Shape></Glyph><Glyph ID="char_46" CONTENT="כ" GC="1.0"><Shape><Polygon POINTS="2164 1200 2174 1368 2220 1366 2210 1197"/></Shape></Glyph><Glyph ID="char_47" CONTENT="ו" GC="1.0"><Shape><Polygon POINTS="2130 1202 2140 1370 2174 1368 2164 1200"/></Shape></Glyph><Glyph ID="char_48" CONTENT="ל" GC="1.0"><Shape><Polygon POINTS="2107 1204 2118 1372 2140 1370 2130 1202"/></Shape></Glyph><Glyph ID="char_49" CONTENT=" " GC="1.0"><Shape><Polygon POINTS="2084 1205 2076 1374 2118 1372 2107 1204"/></Shape></Glyph><Glyph ID="char_50" CONTENT="ר" GC="1.0"><Shape><Polygon POINTS="2038 1203 2030 1372 2076 1374 2084 1205"/></Shape></Glyph><Glyph ID="char_51" CONTENT="ו" GC="1.0"><Shape><Polygon POINTS="1992 1201 1984 1370 2030 1372 2038 1203"/></Shape></Glyph><Glyph ID="char_52" CONTENT="ח" GC="1.0"><Shape><Polygon POINTS="1947 1199 1939 1368 1984 1370 1992 1201"/></Shape></Glyph><Glyph ID="char_53" CONTENT="ו" GC="1.0"><Shape><Polygon POINTS="1901 1197 1893 1366 1939 1368 1947 1199"/></Shape></Glyph><Glyph ID="char_54" CONTENT="ת" GC="1.0"><Shape><Polygon POINTS="1855 1194 1848 1364 1893 1366 1901 1197"/></Shape></Glyph><Glyph ID="char_55" CONTENT=" " GC="1.0"><Shape><Polygon POINTS="1817 1194 1817 1364 1848 1364 1855 1194"/></Shape></Glyph><Glyph ID="char_56" CONTENT="ו" GC="1.0"><Shape><Polygon POINTS="1771 1194 1771 1363 1817 1364 1817 1194"/></Shape></Glyph><Glyph ID="char_57" CONTENT="י" GC="1.0"><Shape><Polygon POINTS="1737 1194 1737 1363 1771 1363 1771 1194"/></Shape></Glyph><Glyph ID="char_58" CONTENT="ש" GC="1.0"><Shape><Polygon POINTS="1688 1192 1674 1361 1737 1363 1737 1194"/></Shape></Glyph><Glyph ID="char_59" CONTENT=" " GC="1.0"><Shape><Polygon POINTS="1632 1188 1617 1357 1674 1361 1688 1192"/></Shape></Glyph></String>
          </TextLine>

          
          
          <TextLine ID="eSc_line_1788374" BASELINE="1738 1472 1767 1483 1880 1481 1943 1477 2058 1458" HPOS="1713.0" VPOS="1357.0" WIDTH="356.0" HEIGHT="191.0">
            <Shape><Polygon POINTS="1774 1376 1803 1387 1878 1379 1936 1375 2041 1357 2069 1525 1947 1544 1881 1548 1742 1546 1713 1535"/></Shape>
	    <String CONTENT=" ביאים " HPOS="1713.0" VPOS="1357.0" WIDTH="356.0" HEIGHT="191.0"><Glyph ID="char_60" CONTENT=" " GC="1.0"><Shape><Polygon POINTS="2006 1363 2033 1531 2056 1527 2028 1359"/></Shape></Glyph><Glyph ID="char_61" CONTENT="ב" GC="1.0"><Shape><Polygon POINTS="1971 1369 1999 1536 2033 1531 2006 1363"/></Shape></Glyph><Glyph ID="char_62" CONTENT="י" GC="1.0"><Shape><Polygon POINTS="1936 1375 1947 1544 1999 1536 1971 1369"/></Shape></Glyph><Glyph ID="char_63" CONTENT="א" GC="1.0"><Shape><Polygon POINTS="1878 1379 1889 1548 1947 1544 1936 1375"/></Shape></Glyph><Glyph ID="char_64" CONTENT="י" GC="1.0"><Shape><Polygon POINTS="1814 1386 1817 1547 1889 1548 1878 1379"/></Shape></Glyph><Glyph ID="char_65" CONTENT="ם" GC="1.0"><Shape><Polygon POINTS="1768 1391 1771 1546 1817 1547 1814 1386"/></Shape></Glyph><Glyph ID="char_66" CONTENT=" " GC="1.0"><Shape><Polygon POINTS="1737 1471 1769 1482"/></Shape></Glyph></String>
          </TextLine>

          
        </TextBlock>
        

        
      </PrintSpace>
    </Page>
  </Layout>
</alto>