<?xml version='1.0' encoding='UTF-8'?>
<alto xmlns:xsi="http://www.w3.org/2001/XMLSchema-instance" xmlns="http://www.loc.gov/standards/alto/ns-v4#" xsi:schemaLocation="http://www.loc.gov/standards/alto/ns-v4# http://www.loc.gov/standards/alto/v4/alto-4-2.xsd">
  <Description>
    <MeasurementUnit>pixel</MeasurementUnit>
    <sourceImageInformation>
      <fileName>P340-Fg002-R-C01-R01-D24042014-T092232-LR924_012.jpg</fileName>
      
    </sourceImageInformation>
  </Description>
  
  <Tags>
    <OtherTag ID="BT1443" LABEL="Parchment_or_papyrus" DESCRIPTION="block type Parchment_or_papyrus"/><OtherTag ID="BT2" LABEL="Main" DESCRIPTION="block type Main"/>
    
  </Tags>
  
  <Layout>
    <Page WIDTH="3608" HEIGHT="2706" PHYSICAL_IMG_NR="363" ID="eSc_dummypage_">
      <PrintSpace HPOS="0" VPOS="0" WIDTH="3608" HEIGHT="2706">
        
        <TextBlock HPOS="1377.0" VPOS="633.0" WIDTH="645.0" HEIGHT="1247.0" ID="eSc_textblock_b1d98ce6" TAGREFS="BT2">
          <Shape><Polygon POINTS="1377 633 1377 1880 2022 1880 2022 633"/></Shape>
          
          
          <TextLine ID="eSc_line_1793166" BASELINE="1585 655 1938 688" HPOS="1578.0" VPOS="553.0" WIDTH="369.0" HEIGHT="202.0">
            <Shape><Polygon POINTS="1594 553 1947 586 1931 755 1578 722"/></Shape>
	    <String CONTENT=" " HPOS="1578.0" VPOS="553.0" WIDTH="369.0" HEIGHT="202.0"><Glyph ID="char_0" CONTENT=" " GC="1.0"><Shape><Polygon POINTS="1719 565 1703 734 1897 752 1913 583"/></Shape></Glyph></String>
          </TextLine>

          
          
          <TextLine ID="eSc_line_1788466" BASELINE="1562 899 1628 895 1886 894" HPOS="1555.0" VPOS="792.0" WIDTH="331.0" HEIGHT="174.0">
            <Shape><Polygon POINTS="1555 797 1621 793 1885 792 1886 961 1632 962 1566 966"/></Shape>
	    <String CONTENT=" לאלהי " HPOS="1555.0" VPOS="792.0" WIDTH="331.0" HEIGHT="174.0"><Glyph ID="char_1" CONTENT=" " GC="1.0"><Shape><Polygon POINTS="1849 792 1850 961 1873 961 1872 792"/></Shape></Glyph><Glyph ID="char_2" CONTENT="ל" GC="1.0"><Shape><Polygon POINTS="1814 792 1815 961 1850 961 1849 792"/></Shape></Glyph><Glyph ID="char_3" CONTENT="א" GC="1.0"><Shape><Polygon POINTS="1757 792 1758 962 1815 961 1814 792"/></Shape></Glyph><Glyph ID="char_4" CONTENT="ל" GC="1.0"><Shape><Polygon POINTS="1710 793 1711 962 1758 962 1757 792"/></Shape></Glyph><Glyph ID="char_5" CONTENT="ה" GC="1.0"><Shape><Polygon POINTS="1687 793 1688 962 1711 962 1710 793"/></Shape></Glyph><Glyph ID="char_6" CONTENT="י" GC="1.0"><Shape><Polygon POINTS="1664 793 1665 962 1688 962 1687 793"/></Shape></Glyph><Glyph ID="char_7" CONTENT=" " GC="1.0"><Shape><Polygon POINTS="1590 795 1600 964 1665 962 1664 793"/></Shape></Glyph></String>
          </TextLine>

          
          
          <TextLine ID="eSc_line_1788467" BASELINE="1353 1001 1479 1007 1637 1003 1813 1014 1959 1007" HPOS="1349.0" VPOS="899.0" WIDTH="613.0" HEIGHT="182.0">
            <Shape><Polygon POINTS="1357 899 1483 905 1634 901 1819 912 1954 905 1962 1074 1808 1081 1638 1070 1475 1074 1349 1068"/></Shape>
	    <String CONTENT="מראות ש " HPOS="1349.0" VPOS="899.0" WIDTH="613.0" HEIGHT="182.0"><Glyph ID="char_8" CONTENT="מ" GC="1.0"><Shape><Polygon POINTS="1839 911 1847 1079 1926 1076 1918 907"/></Shape></Glyph><Glyph ID="char_9" CONTENT="ר" GC="1.0"><Shape><Polygon POINTS="1793 910 1782 1079 1847 1079 1839 911"/></Shape></Glyph><Glyph ID="char_10" CONTENT="א" GC="1.0"><Shape><Polygon POINTS="1747 908 1736 1076 1782 1079 1793 910"/></Shape></Glyph><Glyph ID="char_11" CONTENT="ו" GC="1.0"><Shape><Polygon POINTS="1702 905 1691 1073 1736 1076 1747 908"/></Shape></Glyph><Glyph ID="char_12" CONTENT="ת" GC="1.0"><Shape><Polygon POINTS="1656 902 1646 1070 1691 1073 1702 905"/></Shape></Glyph><Glyph ID="char_13" CONTENT=" " GC="1.0"><Shape><Polygon POINTS="1567 903 1571 1072 1646 1070 1656 902"/></Shape></Glyph><Glyph ID="char_14" CONTENT="ש" GC="1.0"><Shape><Polygon POINTS="1472 904 1463 1073 1571 1072 1567 903"/></Shape></Glyph><Glyph ID="char_15" CONTENT=" " GC="1.0"><Shape><Polygon POINTS="1381 900 1371 1069 1463 1073 1472 904"/></Shape></Glyph></String>
          </TextLine>

          
          
          <TextLine ID="eSc_line_1788468" BASELINE="1357 1150 1544 1147 1794 1156 1930 1152" HPOS="1355.0" VPOS="1045.0" WIDTH="576.0" HEIGHT="178.0">
            <Shape><Polygon POINTS="1355 1048 1542 1045 1797 1054 1927 1050 1931 1219 1791 1223 1545 1214 1358 1217"/></Shape>
	    <String CONTENT="ויבושו עמ " HPOS="1355.0" VPOS="1045.0" WIDTH="576.0" HEIGHT="178.0"><Glyph ID="char_16" CONTENT="ו" GC="1.0"><Shape><Polygon POINTS="1846 1052 1851 1221 1909 1220 1904 1051"/></Shape></Glyph><Glyph ID="char_17" CONTENT="י" GC="1.0"><Shape><Polygon POINTS="1795 1054 1789 1223 1851 1221 1846 1052"/></Shape></Glyph><Glyph ID="char_18" CONTENT="ב" GC="1.0"><Shape><Polygon POINTS="1739 1052 1732 1221 1789 1223 1795 1054"/></Shape></Glyph><Glyph ID="char_19" CONTENT="ו" GC="1.0"><Shape><Polygon POINTS="1693 1050 1686 1219 1732 1221 1739 1052"/></Shape></Glyph><Glyph ID="char_20" CONTENT="ש" GC="1.0"><Shape><Polygon POINTS="1624 1048 1618 1217 1686 1219 1693 1050"/></Shape></Glyph><Glyph ID="char_21" CONTENT="ו" GC="1.0"><Shape><Polygon POINTS="1578 1046 1572 1215 1618 1217 1624 1048"/></Shape></Glyph><Glyph ID="char_22" CONTENT=" " GC="1.0"><Shape><Polygon POINTS="1555 1045 1549 1214 1572 1215 1578 1046"/></Shape></Glyph><Glyph ID="char_23" CONTENT="ע" GC="1.0"><Shape><Polygon POINTS="1503 1046 1506 1215 1549 1214 1555 1045"/></Shape></Glyph><Glyph ID="char_24" CONTENT="מ" GC="1.0"><Shape><Polygon POINTS="1435 1047 1438 1216 1506 1215 1503 1046"/></Shape></Glyph><Glyph ID="char_25" CONTENT=" " GC="1.0"><Shape><Polygon POINTS="1366 1048 1369 1217 1438 1216 1435 1047"/></Shape></Glyph></String>
          </TextLine>

          
          
          <TextLine ID="eSc_line_1788469" BASELINE="1436 1294 1544 1292 1650 1301 1725 1303 1912 1292 2029 1287" HPOS="1434.0" VPOS="1185.0" WIDTH="597.0" HEIGHT="185.0">
            <Shape><Polygon POINTS="1434 1192 1542 1190 1658 1199 1727 1201 1906 1190 2024 1185 2031 1354 1915 1359 1723 1370 1644 1368 1545 1359 1437 1361"/></Shape>
	    <String CONTENT="כול הארץ " HPOS="1434.0" VPOS="1185.0" WIDTH="597.0" HEIGHT="185.0"><Glyph ID="char_26" CONTENT="כ" GC="1.0"><Shape><Polygon POINTS="1839 1194 1849 1363 1962 1357 1955 1188"/></Shape></Glyph><Glyph ID="char_27" CONTENT="ו" GC="1.0"><Shape><Polygon POINTS="1794 1197 1804 1365 1849 1363 1839 1194"/></Shape></Glyph><Glyph ID="char_28" CONTENT="ל" GC="1.0"><Shape><Polygon POINTS="1749 1200 1758 1368 1804 1365 1794 1197"/></Shape></Glyph><Glyph ID="char_29" CONTENT=" " GC="1.0"><Shape><Polygon POINTS="1723 1201 1719 1370 1758 1368 1749 1200"/></Shape></Glyph><Glyph ID="char_30" CONTENT="ה" GC="1.0"><Shape><Polygon POINTS="1665 1199 1661 1368 1719 1370 1723 1201"/></Shape></Glyph><Glyph ID="char_31" CONTENT="א" GC="1.0"><Shape><Polygon POINTS="1614 1196 1600 1364 1661 1368 1665 1199"/></Shape></Glyph><Glyph ID="char_32" CONTENT="ר" GC="1.0"><Shape><Polygon POINTS="1558 1191 1543 1359 1600 1364 1614 1196"/></Shape></Glyph><Glyph ID="char_33" CONTENT="ץ" GC="1.0"><Shape><Polygon POINTS="1502 1191 1505 1360 1543 1359 1558 1191"/></Shape></Glyph><Glyph ID="char_34" CONTENT=" " GC="1.0"><Shape><Polygon POINTS="1445 1192 1448 1361 1505 1360 1502 1191"/></Shape></Glyph></String>
          </TextLine>

          
          
          <TextLine ID="eSc_line_1788470" BASELINE="1468 1472 1592 1492 1684 1499 1779 1492 1909 1497" HPOS="1457.0" VPOS="1371.0" WIDTH="455.0" HEIGHT="195.0">
            <Shape><Polygon POINTS="1484 1371 1608 1391 1691 1397 1771 1390 1912 1395 1906 1564 1783 1559 1678 1566 1581 1559 1457 1539"/></Shape>
	    <String CONTENT=" החיות " HPOS="1457.0" VPOS="1371.0" WIDTH="455.0" HEIGHT="195.0"><Glyph ID="char_35" CONTENT=" " GC="1.0"><Shape><Polygon POINTS="1844 1393 1837 1561 1882 1563 1889 1394"/></Shape></Glyph><Glyph ID="char_36" CONTENT="ה" GC="1.0"><Shape><Polygon POINTS="1821 1392 1814 1560 1837 1561 1844 1393"/></Shape></Glyph><Glyph ID="char_37" CONTENT="ח" GC="1.0"><Shape><Polygon POINTS="1798 1391 1791 1559 1814 1560 1821 1392"/></Shape></Glyph><Glyph ID="char_38" CONTENT="י" GC="1.0"><Shape><Polygon POINTS="1752 1392 1765 1560 1791 1559 1798 1391"/></Shape></Glyph><Glyph ID="char_39" CONTENT="ו" GC="1.0"><Shape><Polygon POINTS="1718 1395 1731 1562 1765 1560 1752 1392"/></Shape></Glyph><Glyph ID="char_40" CONTENT="ת" GC="1.0"><Shape><Polygon POINTS="1689 1397 1676 1566 1731 1562 1718 1395"/></Shape></Glyph><Glyph ID="char_41" CONTENT=" " GC="1.0"><Shape><Polygon POINTS="1574 1385 1545 1553 1676 1566 1689 1397"/></Shape></Glyph></String>
          </TextLine>

          
          
          <TextLine ID="eSc_line_1788471" BASELINE="1420 1641 1704 1646 1923 1634" HPOS="1418.0" VPOS="1532.0" WIDTH="508.0" HEIGHT="181.0">
            <Shape><Polygon POINTS="1421 1539 1705 1544 1917 1532 1926 1701 1702 1713 1418 1708"/></Shape>
	    <String CONTENT=" ובריאה תה " HPOS="1418.0" VPOS="1532.0" WIDTH="508.0" HEIGHT="181.0"><Glyph ID="char_42" CONTENT=" " GC="1.0"><Shape><Polygon POINTS="1859 1535 1868 1704 1902 1702 1893 1533"/></Shape></Glyph><Glyph ID="char_43" CONTENT="ו" GC="1.0"><Shape><Polygon POINTS="1824 1537 1833 1706 1868 1704 1859 1535"/></Shape></Glyph><Glyph ID="char_44" CONTENT="ב" GC="1.0"><Shape><Polygon POINTS="1767 1540 1776 1709 1833 1706 1824 1537"/></Shape></Glyph><Glyph ID="char_45" CONTENT="ר" GC="1.0"><Shape><Polygon POINTS="1722 1543 1732 1711 1776 1709 1767 1540"/></Shape></Glyph><Glyph ID="char_46" CONTENT="י" GC="1.0"><Shape><Polygon POINTS="1673 1543 1670 1712 1732 1711 1722 1543"/></Shape></Glyph><Glyph ID="char_47" CONTENT="א" GC="1.0"><Shape><Polygon POINTS="1627 1543 1624 1712 1670 1712 1673 1543"/></Shape></Glyph><Glyph ID="char_48" CONTENT="ה" GC="1.0"><Shape><Polygon POINTS="1604 1542 1601 1711 1624 1712 1627 1543"/></Shape></Glyph><Glyph ID="char_49" CONTENT=" " GC="1.0"><Shape><Polygon POINTS="1558 1541 1555 1710 1601 1711 1604 1542"/></Shape></Glyph><Glyph ID="char_50" CONTENT="ת" GC="1.0"><Shape><Polygon POINTS="1501 1540 1498 1709 1555 1710 1558 1541"/></Shape></Glyph><Glyph ID="char_51" CONTENT="ה" GC="1.0"><Shape><Polygon POINTS="1455 1540 1452 1709 1498 1709 1501 1540"/></Shape></Glyph><Glyph ID="char_52" CONTENT=" " GC="1.0"><Shape><Polygon POINTS="1419 1640 1452 1640"/></Shape></Glyph></String>
          </TextLine>

          
        </TextBlock>
        

        
      </PrintSpace>
    </Page>
  </Layout>
</alto>