<?xml version='1.0' encoding='UTF-8'?>
<alto xmlns:xsi="http://www.w3.org/2001/XMLSchema-instance" xmlns="http://www.loc.gov/standards/alto/ns-v4#" xsi:schemaLocation="http://www.loc.gov/standards/alto/ns-v4# http://www.loc.gov/standards/alto/v4/alto-4-2.xsd">
  <Description>
    <MeasurementUnit>pixel</MeasurementUnit>
    <sourceImageInformation>
      <fileName>P351-Fg003-R-C01-R01-D20032014-T102944-LR924_012.jpg</fileName>
      
    </sourceImageInformation>
  </Description>
  
  <Tags>
    <OtherTag ID="BT1443" LABEL="Parchment_or_papyrus" DESCRIPTION="block type Parchment_or_papyrus"/><OtherTag ID="BT2" LABEL="Main" DESCRIPTION="block type Main"/>
    
  </Tags>
  
  <Layout>
    <Page WIDTH="3608" HEIGHT="2706" PHYSICAL_IMG_NR="344" ID="eSc_dummypage_">
      <PrintSpace HPOS="0" VPOS="0" WIDTH="3608" HEIGHT="2706">
        
        <TextBlock HPOS="1070.0" VPOS="918.0" WIDTH="1269.0" HEIGHT="811.0" ID="eSc_textblock_3277edcf" TAGREFS="BT2">
          <Shape><Polygon POINTS="1070 918 1070 1729 2339 1729 2339 918"/></Shape>
          
          
          <TextLine ID="eSc_line_1788577" BASELINE="1522 1037 1657 1048 1894 1057" HPOS="1516.0" VPOS="934.0" WIDTH="381.0" HEIGHT="191.0">
            <Shape><Polygon POINTS="1530 934 1665 945 1897 954 1891 1125 1651 1116 1516 1105"/></Shape>
	    <String CONTENT=" " HPOS="1516.0" VPOS="934.0" WIDTH="381.0" HEIGHT="191.0"><Glyph ID="char_0" CONTENT=" " GC="1.0"><Shape><Polygon POINTS="1676 945 1670 1117 1879 1125 1885 954"/></Shape></Glyph></String>
          </TextLine>

          
          
          <TextLine ID="eSc_line_1788578" BASELINE="1129 1190 1427 1199 1630 1210 1964 1210 2121 1222" HPOS="1126.0" VPOS="1087.0" WIDTH="1002.0" HEIGHT="203.0">
            <Shape><Polygon POINTS="1132 1087 1430 1096 1635 1107 1964 1107 2128 1119 2115 1290 1964 1278 1626 1278 1424 1267 1126 1258"/></Shape>
	    <String CONTENT=" ויחביאים חמשים ח " HPOS="1126.0" VPOS="1087.0" WIDTH="1002.0" HEIGHT="203.0"><Glyph ID="char_1" CONTENT=" " GC="1.0"><Shape><Polygon POINTS="2024 1111 2011 1282 2080 1287 2093 1116"/></Shape></Glyph><Glyph ID="char_2" CONTENT="ו" GC="1.0"><Shape><Polygon POINTS="1989 1109 1976 1279 2011 1282 2024 1111"/></Shape></Glyph><Glyph ID="char_3" CONTENT="י" GC="1.0"><Shape><Polygon POINTS="1948 1107 1948 1278 1976 1279 1989 1109"/></Shape></Glyph><Glyph ID="char_4" CONTENT="ח" GC="1.0"><Shape><Polygon POINTS="1878 1107 1878 1278 1948 1278 1948 1107"/></Shape></Glyph><Glyph ID="char_5" CONTENT="ב" GC="1.0"><Shape><Polygon POINTS="1821 1107 1821 1278 1878 1278 1878 1107"/></Shape></Glyph><Glyph ID="char_6" CONTENT="י" GC="1.0"><Shape><Polygon POINTS="1763 1107 1763 1278 1821 1278 1821 1107"/></Shape></Glyph><Glyph ID="char_7" CONTENT="א" GC="1.0"><Shape><Polygon POINTS="1717 1107 1717 1278 1763 1278 1763 1107"/></Shape></Glyph><Glyph ID="char_8" CONTENT="י" GC="1.0"><Shape><Polygon POINTS="1659 1107 1659 1278 1717 1278 1717 1107"/></Shape></Glyph><Glyph ID="char_9" CONTENT="ם" GC="1.0"><Shape><Polygon POINTS="1618 1106 1609 1277 1659 1278 1659 1107"/></Shape></Glyph><Glyph ID="char_10" CONTENT=" " GC="1.0"><Shape><Polygon POINTS="1572 1104 1563 1275 1609 1277 1618 1106"/></Shape></Glyph><Glyph ID="char_11" CONTENT="ח" GC="1.0"><Shape><Polygon POINTS="1503 1100 1494 1271 1563 1275 1572 1104"/></Shape></Glyph><Glyph ID="char_12" CONTENT="מ" GC="1.0"><Shape><Polygon POINTS="1445 1097 1436 1268 1494 1271 1503 1100"/></Shape></Glyph><Glyph ID="char_13" CONTENT="ש" GC="1.0"><Shape><Polygon POINTS="1374 1094 1369 1265 1436 1268 1445 1097"/></Shape></Glyph><Glyph ID="char_14" CONTENT="י" GC="1.0"><Shape><Polygon POINTS="1304 1092 1299 1263 1369 1265 1374 1094"/></Shape></Glyph><Glyph ID="char_15" CONTENT="ם" GC="1.0"><Shape><Polygon POINTS="1258 1091 1253 1262 1299 1263 1304 1092"/></Shape></Glyph><Glyph ID="char_16" CONTENT=" " GC="1.0"><Shape><Polygon POINTS="1223 1090 1218 1261 1253 1262 1258 1091"/></Shape></Glyph><Glyph ID="char_17" CONTENT="ח" GC="1.0"><Shape><Polygon POINTS="1200 1089 1195 1260 1218 1261 1223 1090"/></Shape></Glyph><Glyph ID="char_18" CONTENT=" " GC="1.0"><Shape><Polygon POINTS="1154 1088 1149 1259 1195 1260 1200 1089"/></Shape></Glyph></String>
          </TextLine>

          
          
          <TextLine ID="eSc_line_1788579" BASELINE="1127 1362 1513 1375 1761 1395 2027 1402 2230 1393" HPOS="1124.0" VPOS="1259.0" WIDTH="1109.0" HEIGHT="211.0">
            <Shape><Polygon POINTS="1130 1259 1516 1272 1769 1292 2029 1299 2225 1290 2233 1461 2025 1470 1755 1463 1510 1443 1124 1430"/></Shape>
	    <String CONTENT=" ירא מאיזבל ומאחאב " HPOS="1124.0" VPOS="1259.0" WIDTH="1109.0" HEIGHT="211.0"><Glyph ID="char_19" CONTENT=" " GC="1.0"><Shape><Polygon POINTS="2075 1297 2083 1467 2175 1464 2167 1293"/></Shape></Glyph><Glyph ID="char_20" CONTENT="י" GC="1.0"><Shape><Polygon POINTS="2029 1299 2037 1469 2083 1467 2075 1297"/></Shape></Glyph><Glyph ID="char_21" CONTENT="ר" GC="1.0"><Shape><Polygon POINTS="1991 1298 1986 1469 2037 1469 2029 1299"/></Shape></Glyph><Glyph ID="char_22" CONTENT="א" GC="1.0"><Shape><Polygon POINTS="1945 1297 1940 1468 1986 1469 1991 1298"/></Shape></Glyph><Glyph ID="char_23" CONTENT=" " GC="1.0"><Shape><Polygon POINTS="1899 1295 1894 1467 1940 1468 1945 1297"/></Shape></Glyph><Glyph ID="char_24" CONTENT="מ" GC="1.0"><Shape><Polygon POINTS="1842 1294 1837 1465 1894 1467 1899 1295"/></Shape></Glyph><Glyph ID="char_25" CONTENT="א" GC="1.0"><Shape><Polygon POINTS="1784 1292 1779 1464 1837 1465 1842 1294"/></Shape></Glyph><Glyph ID="char_26" CONTENT="י" GC="1.0"><Shape><Polygon POINTS="1743 1290 1730 1461 1779 1464 1784 1292"/></Shape></Glyph><Glyph ID="char_27" CONTENT="ז" GC="1.0"><Shape><Polygon POINTS="1697 1286 1684 1457 1730 1461 1743 1290"/></Shape></Glyph><Glyph ID="char_28" CONTENT="ב" GC="1.0"><Shape><Polygon POINTS="1640 1282 1626 1452 1684 1457 1697 1286"/></Shape></Glyph><Glyph ID="char_29" CONTENT="ל" GC="1.0"><Shape><Polygon POINTS="1594 1278 1580 1449 1626 1452 1640 1282"/></Shape></Glyph><Glyph ID="char_30" CONTENT=" " GC="1.0"><Shape><Polygon POINTS="1560 1275 1546 1446 1580 1449 1594 1278"/></Shape></Glyph><Glyph ID="char_31" CONTENT="ו" GC="1.0"><Shape><Polygon POINTS="1509 1272 1503 1443 1546 1446 1560 1275"/></Shape></Glyph><Glyph ID="char_32" CONTENT="מ" GC="1.0"><Shape><Polygon POINTS="1464 1270 1457 1441 1503 1443 1509 1272"/></Shape></Glyph><Glyph ID="char_33" CONTENT="א" GC="1.0"><Shape><Polygon POINTS="1395 1268 1388 1439 1457 1441 1464 1270"/></Shape></Glyph><Glyph ID="char_34" CONTENT="ח" GC="1.0"><Shape><Polygon POINTS="1326 1266 1319 1437 1388 1439 1395 1268"/></Shape></Glyph><Glyph ID="char_35" CONTENT="א" GC="1.0"><Shape><Polygon POINTS="1268 1264 1261 1435 1319 1437 1326 1266"/></Shape></Glyph><Glyph ID="char_36" CONTENT="ב" GC="1.0"><Shape><Polygon POINTS="1211 1262 1204 1433 1261 1435 1268 1264"/></Shape></Glyph><Glyph ID="char_37" CONTENT=" " GC="1.0"><Shape><Polygon POINTS="1142 1259 1135 1430 1204 1433 1211 1262"/></Shape></Glyph></String>
          </TextLine>

          
          
          <TextLine ID="eSc_line_1788580" BASELINE="1233 1544 1731 1564 1873 1580 1973 1587 2146 1589" HPOS="1230.0" VPOS="1441.0" WIDTH="917.0" HEIGHT="216.0">
            <Shape><Polygon POINTS="1237 1441 1735 1461 1884 1478 1980 1484 2147 1486 2145 1657 1968 1655 1865 1647 1728 1632 1230 1612"/></Shape>
	    <String CONTENT=" בדיה בא יש אל " HPOS="1230.0" VPOS="1441.0" WIDTH="917.0" HEIGHT="216.0"><Glyph ID="char_38" CONTENT=" " GC="1.0"><Shape><Polygon POINTS="2054 1485 2052 1656 2110 1657 2112 1486"/></Shape></Glyph><Glyph ID="char_39" CONTENT="ב" GC="1.0"><Shape><Polygon POINTS="1996 1484 1994 1655 2052 1656 2054 1485"/></Shape></Glyph><Glyph ID="char_40" CONTENT="ד" GC="1.0"><Shape><Polygon POINTS="1944 1482 1932 1652 1994 1655 1996 1484"/></Shape></Glyph><Glyph ID="char_41" CONTENT="י" GC="1.0"><Shape><Polygon POINTS="1879 1477 1860 1646 1932 1652 1944 1482"/></Shape></Glyph><Glyph ID="char_42" CONTENT="ה" GC="1.0"><Shape><Polygon POINTS="1833 1472 1814 1641 1860 1646 1879 1477"/></Shape></Glyph><Glyph ID="char_43" CONTENT=" " GC="1.0"><Shape><Polygon POINTS="1787 1467 1768 1636 1814 1641 1833 1472"/></Shape></Glyph><Glyph ID="char_44" CONTENT="ב" GC="1.0"><Shape><Polygon POINTS="1722 1460 1715 1631 1768 1636 1787 1467"/></Shape></Glyph><Glyph ID="char_45" CONTENT="א" GC="1.0"><Shape><Polygon POINTS="1595 1455 1588 1626 1715 1631 1722 1460"/></Shape></Glyph><Glyph ID="char_46" CONTENT=" " GC="1.0"><Shape><Polygon POINTS="1491 1451 1484 1622 1588 1626 1595 1455"/></Shape></Glyph><Glyph ID="char_47" CONTENT="י" GC="1.0"><Shape><Polygon POINTS="1456 1450 1449 1621 1484 1622 1491 1451"/></Shape></Glyph><Glyph ID="char_48" CONTENT="ש" GC="1.0"><Shape><Polygon POINTS="1398 1447 1391 1618 1449 1621 1456 1450"/></Shape></Glyph><Glyph ID="char_49" CONTENT=" " GC="1.0"><Shape><Polygon POINTS="1340 1445 1333 1616 1391 1618 1398 1447"/></Shape></Glyph><Glyph ID="char_50" CONTENT="א" GC="1.0"><Shape><Polygon POINTS="1294 1443 1287 1614 1333 1616 1340 1445"/></Shape></Glyph><Glyph ID="char_51" CONTENT="ל" GC="1.0"><Shape><Polygon POINTS="1259 1442 1252 1613 1287 1614 1294 1443"/></Shape></Glyph><Glyph ID="char_52" CONTENT=" " GC="1.0"><Shape><Polygon POINTS="1232 1543 1254 1543"/></Shape></Glyph></String>
          </TextLine>

          
        </TextBlock>
        

        
      </PrintSpace>
    </Page>
  </Layout>
</alto>