<?xml version='1.0' encoding='UTF-8'?>
<alto xmlns:xsi="http://www.w3.org/2001/XMLSchema-instance" xmlns="http://www.loc.gov/standards/alto/ns-v4#" xsi:schemaLocation="http://www.loc.gov/standards/alto/ns-v4# http://www.loc.gov/standards/alto/v4/alto-4-2.xsd">
  <Description>
    <MeasurementUnit>pixel</MeasurementUnit>
    <sourceImageInformation>
      <fileName>P354-Fg001-R-C01-R01-D02092013-T133307-LR924_012.jpg</fileName>
      
    </sourceImageInformation>
  </Description>
  
  <Tags>
    <OtherTag ID="BT1443" LABEL="Parchment_or_papyrus" DESCRIPTION="block type Parchment_or_papyrus"/><OtherTag ID="BT2" LABEL="Main" DESCRIPTION="block type Main"/>
    
  </Tags>
  
  <Layout>
    <Page WIDTH="3608" HEIGHT="2706" PHYSICAL_IMG_NR="422" ID="eSc_dummypage_">
      <PrintSpace HPOS="0" VPOS="0" WIDTH="3608" HEIGHT="2706">
        
        <TextBlock HPOS="426.0" VPOS="660.0" WIDTH="2498.0" HEIGHT="1263.0" ID="eSc_textblock_b811c4d5" TAGREFS="BT2">
          <Shape><Polygon POINTS="2924 660 2924 1923 426 1923 426 660"/></Shape>
          
          
          <TextLine ID="eSc_line_1793282" BASELINE="1914 782 2036 777 2236 777 2365 784 2545 786" HPOS="1909.0" VPOS="677.0" WIDTH="637.0" HEIGHT="175.0">
            <Shape><Polygon POINTS="1909 682 2031 677 2236 677 2370 684 2546 686 2544 852 2361 850 2236 843 2038 843 1916 848"/></Shape>
	    <String CONTENT=" מזור " HPOS="1909.0" VPOS="677.0" WIDTH="637.0" HEIGHT="175.0"><Glyph ID="char_0" CONTENT=" " GC="1.0"><Shape><Polygon POINTS="2313 681 2304 847 2454 851 2456 685"/></Shape></Glyph><Glyph ID="char_1" CONTENT="מ" GC="1.0"><Shape><Polygon POINTS="2245 677 2236 843 2304 847 2313 681"/></Shape></Glyph><Glyph ID="char_2" CONTENT="ז" GC="1.0"><Shape><Polygon POINTS="2195 677 2195 843 2236 843 2245 677"/></Shape></Glyph><Glyph ID="char_3" CONTENT="ו" GC="1.0"><Shape><Polygon POINTS="2139 677 2139 843 2195 843 2195 677"/></Shape></Glyph><Glyph ID="char_4" CONTENT="ר" GC="1.0"><Shape><Polygon POINTS="2022 677 2029 843 2139 843 2139 677"/></Shape></Glyph><Glyph ID="char_5" CONTENT=" " GC="1.0"><Shape><Polygon POINTS="1921 682 1928 848 2029 843 2022 677"/></Shape></Glyph></String>
          </TextLine>

          
          
          <TextLine ID="eSc_line_1793283" BASELINE="798 956 1118 949 1301 949 1528 960 1745 958 1932 967 2076 969 2286 967 2518 974 2638 967 2760 967" HPOS="795.0" VPOS="849.0" WIDTH="1965.0" HEIGHT="191.0">
            <Shape><Polygon POINTS="795 856 1115 849 1301 849 1532 860 1744 858 1936 867 2077 869 2285 867 2521 874 2632 867 2760 867 2760 1033 2641 1033 2515 1040 2286 1033 2075 1035 1928 1033 1745 1024 1524 1026 1301 1015 1119 1015 799 1022"/></Shape>
	    <String CONTENT=" כפיר החרון כי נוכי כש " HPOS="795.0" VPOS="849.0" WIDTH="1965.0" HEIGHT="191.0"><Glyph ID="char_6" CONTENT=" " GC="1.0"><Shape><Polygon POINTS="2659 867 2659 1033 2726 1033 2726 867"/></Shape></Glyph><Glyph ID="char_7" CONTENT="כ" GC="1.0"><Shape><Polygon POINTS="2608 868 2618 1034 2659 1033 2659 867"/></Shape></Glyph><Glyph ID="char_8" CONTENT="פ" GC="1.0"><Shape><Polygon POINTS="2552 872 2562 1037 2618 1034 2608 868"/></Shape></Glyph><Glyph ID="char_9" CONTENT="י" GC="1.0"><Shape><Polygon POINTS="2505 874 2500 1040 2562 1037 2552 872"/></Shape></Glyph><Glyph ID="char_10" CONTENT="ר" GC="1.0"><Shape><Polygon POINTS="2461 872 2456 1038 2500 1040 2505 874"/></Shape></Glyph><Glyph ID="char_11" CONTENT=" " GC="1.0"><Shape><Polygon POINTS="2405 871 2400 1036 2456 1038 2461 872"/></Shape></Glyph><Glyph ID="char_12" CONTENT="ה" GC="1.0"><Shape><Polygon POINTS="2349 869 2344 1035 2400 1036 2405 871"/></Shape></Glyph><Glyph ID="char_13" CONTENT="ח" GC="1.0"><Shape><Polygon POINTS="2278 867 2280 1033 2344 1035 2349 869"/></Shape></Glyph><Glyph ID="char_14" CONTENT="ר" GC="1.0"><Shape><Polygon POINTS="2211 868 2213 1034 2280 1033 2278 867"/></Shape></Glyph><Glyph ID="char_15" CONTENT="ו" GC="1.0"><Shape><Polygon POINTS="2167 868 2169 1034 2213 1034 2211 868"/></Shape></Glyph><Glyph ID="char_16" CONTENT="ן" GC="1.0"><Shape><Polygon POINTS="2133 868 2135 1034 2169 1034 2167 868"/></Shape></Glyph><Glyph ID="char_17" CONTENT=" " GC="1.0"><Shape><Polygon POINTS="2078 869 2080 1035 2135 1034 2133 868"/></Shape></Glyph><Glyph ID="char_18" CONTENT="כ" GC="1.0"><Shape><Polygon POINTS="2014 868 2012 1034 2080 1035 2078 869"/></Shape></Glyph><Glyph ID="char_19" CONTENT="י" GC="1.0"><Shape><Polygon POINTS="1980 868 1978 1034 2012 1034 2014 868"/></Shape></Glyph><Glyph ID="char_20" CONTENT=" " GC="1.0"><Shape><Polygon POINTS="1927 867 1919 1033 1978 1034 1980 868"/></Shape></Glyph><Glyph ID="char_21" CONTENT="נ" GC="1.0"><Shape><Polygon POINTS="1861 863 1853 1029 1919 1033 1927 867"/></Shape></Glyph><Glyph ID="char_22" CONTENT="ו" GC="1.0"><Shape><Polygon POINTS="1805 861 1797 1027 1853 1029 1861 863"/></Shape></Glyph><Glyph ID="char_23" CONTENT="כ" GC="1.0"><Shape><Polygon POINTS="1760 859 1752 1024 1797 1027 1805 861"/></Shape></Glyph><Glyph ID="char_24" CONTENT="י" GC="1.0"><Shape><Polygon POINTS="1722 858 1723 1024 1752 1024 1760 859"/></Shape></Glyph><Glyph ID="char_25" CONTENT=" " GC="1.0"><Shape><Polygon POINTS="1688 859 1689 1025 1723 1024 1722 858"/></Shape></Glyph><Glyph ID="char_26" CONTENT="כ" GC="1.0"><Shape><Polygon POINTS="1633 859 1634 1025 1689 1025 1688 859"/></Shape></Glyph><Glyph ID="char_27" CONTENT="ש" GC="1.0"><Shape><Polygon POINTS="1315 850 1307 1015 1634 1025 1633 859"/></Shape></Glyph><Glyph ID="char_28" CONTENT=" " GC="1.0"><Shape><Polygon POINTS="895 854 898 1020 1307 1015 1315 850"/></Shape></Glyph></String>
          </TextLine>

          
          
          <TextLine ID="eSc_line_1793284" BASELINE="534 1089 883 1098 1017 1104 1404 1100 1655 1113 1923 1138 2090 1147 2397 1150 2575 1136" HPOS="532.0" VPOS="989.0" WIDTH="2048.0" HEIGHT="227.0">
            <Shape><Polygon POINTS="536 989 885 998 1021 1004 1402 1000 1660 1013 1932 1038 2095 1047 2397 1050 2567 1036 2580 1202 2396 1216 2086 1213 1916 1204 1651 1179 1404 1166 1014 1170 881 1164 532 1155"/></Shape>
	    <String CONTENT=" ל כוהן האחרון אשר ישלח ידו להכות באפרים" HPOS="532.0" VPOS="989.0" WIDTH="2048.0" HEIGHT="227.0"><Glyph ID="char_29" CONTENT=" " GC="1.0"><Shape><Polygon POINTS="2533 1039 2546 1205 2579 1202 2566 1036"/></Shape></Glyph><Glyph ID="char_30" CONTENT="ל" GC="1.0"><Shape><Polygon POINTS="2500 1042 2513 1207 2546 1205 2533 1039"/></Shape></Glyph><Glyph ID="char_31" CONTENT=" " GC="1.0"><Shape><Polygon POINTS="2478 1043 2491 1209 2513 1207 2500 1042"/></Shape></Glyph><Glyph ID="char_32" CONTENT="כ" GC="1.0"><Shape><Polygon POINTS="2466 1044 2479 1210 2491 1209 2478 1043"/></Shape></Glyph><Glyph ID="char_33" CONTENT="ו" GC="1.0"><Shape><Polygon POINTS="2433 1047 2446 1212 2479 1210 2466 1044"/></Shape></Glyph><Glyph ID="char_34" CONTENT="ה" GC="1.0"><Shape><Polygon POINTS="2386 1050 2384 1216 2446 1212 2433 1047"/></Shape></Glyph><Glyph ID="char_35" CONTENT="ן" GC="1.0"><Shape><Polygon POINTS="2353 1050 2351 1216 2384 1216 2386 1050"/></Shape></Glyph><Glyph ID="char_36" CONTENT=" " GC="1.0"><Shape><Polygon POINTS="2308 1049 2306 1215 2351 1216 2353 1050"/></Shape></Glyph><Glyph ID="char_37" CONTENT="ה" GC="1.0"><Shape><Polygon POINTS="2241 1048 2239 1214 2306 1215 2308 1049"/></Shape></Glyph><Glyph ID="char_38" CONTENT="א" GC="1.0"><Shape><Polygon POINTS="2174 1048 2172 1214 2239 1214 2241 1048"/></Shape></Glyph><Glyph ID="char_39" CONTENT="ח" GC="1.0"><Shape><Polygon POINTS="2107 1047 2105 1213 2172 1214 2174 1048"/></Shape></Glyph><Glyph ID="char_40" CONTENT="ר" GC="1.0"><Shape><Polygon POINTS="2055 1045 2046 1211 2105 1213 2107 1047"/></Shape></Glyph><Glyph ID="char_41" CONTENT="ו" GC="1.0"><Shape><Polygon POINTS="2010 1042 2002 1209 2046 1211 2055 1045"/></Shape></Glyph><Glyph ID="char_42" CONTENT="ן" GC="1.0"><Shape><Polygon POINTS="1978 1041 1969 1207 2002 1209 2010 1042"/></Shape></Glyph><Glyph ID="char_43" CONTENT=" " GC="1.0"><Shape><Polygon POINTS="1944 1039 1935 1205 1969 1207 1978 1041"/></Shape></Glyph><Glyph ID="char_44" CONTENT="א" GC="1.0"><Shape><Polygon POINTS="1892 1034 1876 1200 1935 1205 1944 1039"/></Shape></Glyph><Glyph ID="char_45" CONTENT="ש" GC="1.0"><Shape><Polygon POINTS="1814 1027 1799 1193 1876 1200 1892 1034"/></Shape></Glyph><Glyph ID="char_46" CONTENT="ר" GC="1.0"><Shape><Polygon POINTS="1747 1021 1732 1187 1799 1193 1814 1027"/></Shape></Glyph><Glyph ID="char_47" CONTENT=" " GC="1.0"><Shape><Polygon POINTS="1714 1018 1699 1184 1732 1187 1747 1021"/></Shape></Glyph><Glyph ID="char_48" CONTENT="י" GC="1.0"><Shape><Polygon POINTS="1670 1014 1654 1179 1699 1184 1714 1018"/></Shape></Glyph><Glyph ID="char_49" CONTENT="ש" GC="1.0"><Shape><Polygon POINTS="1588 1009 1579 1175 1654 1179 1670 1014"/></Shape></Glyph><Glyph ID="char_50" CONTENT="ל" GC="1.0"><Shape><Polygon POINTS="1499 1005 1490 1171 1579 1175 1588 1009"/></Shape></Glyph><Glyph ID="char_51" CONTENT="ח" GC="1.0"><Shape><Polygon POINTS="1454 1003 1445 1168 1490 1171 1499 1005"/></Shape></Glyph><Glyph ID="char_52" CONTENT=" " GC="1.0"><Shape><Polygon POINTS="1403 1000 1404 1166 1445 1168 1454 1003"/></Shape></Glyph><Glyph ID="char_53" CONTENT="י" GC="1.0"><Shape><Polygon POINTS="1359 1000 1360 1166 1404 1166 1403 1000"/></Shape></Glyph><Glyph ID="char_54" CONTENT="ד" GC="1.0"><Shape><Polygon POINTS="1314 1001 1315 1167 1360 1166 1359 1000"/></Shape></Glyph><Glyph ID="char_55" CONTENT="ו" GC="1.0"><Shape><Polygon POINTS="1280 1001 1281 1167 1315 1167 1314 1001"/></Shape></Glyph><Glyph ID="char_56" CONTENT=" " GC="1.0"><Shape><Polygon POINTS="1247 1002 1248 1168 1281 1167 1280 1001"/></Shape></Glyph><Glyph ID="char_57" CONTENT="ל" GC="1.0"><Shape><Polygon POINTS="1191 1002 1192 1168 1248 1168 1247 1002"/></Shape></Glyph><Glyph ID="char_58" CONTENT="ה" GC="1.0"><Shape><Polygon POINTS="1124 1003 1125 1169 1192 1168 1191 1002"/></Shape></Glyph><Glyph ID="char_59" CONTENT="כ" GC="1.0"><Shape><Polygon POINTS="1079 1003 1080 1169 1125 1169 1124 1003"/></Shape></Glyph><Glyph ID="char_60" CONTENT="ו" GC="1.0"><Shape><Polygon POINTS="1023 1004 1024 1170 1080 1169 1079 1003"/></Shape></Glyph><Glyph ID="char_61" CONTENT="ת" GC="1.0"><Shape><Polygon POINTS="984 1002 977 1168 1024 1170 1023 1004"/></Shape></Glyph><Glyph ID="char_62" CONTENT=" " GC="1.0"><Shape><Polygon POINTS="928 1000 921 1166 977 1168 984 1002"/></Shape></Glyph><Glyph ID="char_63" CONTENT="ב" GC="1.0"><Shape><Polygon POINTS="860 997 855 1163 921 1166 928 1000"/></Shape></Glyph><Glyph ID="char_64" CONTENT="א" GC="1.0"><Shape><Polygon POINTS="804 996 799 1162 855 1163 860 997"/></Shape></Glyph><Glyph ID="char_65" CONTENT="פ" GC="1.0"><Shape><Polygon POINTS="748 994 743 1160 799 1162 804 996"/></Shape></Glyph><Glyph ID="char_66" CONTENT="ר" GC="1.0"><Shape><Polygon POINTS="704 993 699 1159 743 1160 748 994"/></Shape></Glyph><Glyph ID="char_67" CONTENT="י" GC="1.0"><Shape><Polygon POINTS="648 992 643 1158 699 1159 704 993"/></Shape></Glyph><Glyph ID="char_68" CONTENT="ם" GC="1.0"><Shape><Polygon POINTS="558 990 553 1156 643 1158 648 992"/></Shape></Glyph></String>
          </TextLine>

          
          
          <TextLine ID="eSc_line_1793285" BASELINE="2255 1314 2327 1307 2403 1310" HPOS="2245.0" VPOS="1207.0" WIDTH="161.0" HEIGHT="173.0">
            <Shape><Polygon POINTS="2245 1214 2317 1207 2406 1210 2400 1376 2333 1373 2261 1380"/></Shape>
	    <String CONTENT=" דו " HPOS="2245.0" VPOS="1207.0" WIDTH="161.0" HEIGHT="173.0"><Glyph ID="char_69" CONTENT=" " GC="1.0"><Shape><Polygon POINTS="2372 1209 2365 1374 2398 1376 2405 1210"/></Shape></Glyph><Glyph ID="char_70" CONTENT="ד" GC="1.0"><Shape><Polygon POINTS="2338 1208 2331 1373 2365 1374 2372 1209"/></Shape></Glyph><Glyph ID="char_71" CONTENT="ו" GC="1.0"><Shape><Polygon POINTS="2278 1211 2294 1377 2331 1373 2338 1208"/></Shape></Glyph><Glyph ID="char_72" CONTENT=" " GC="1.0"><Shape><Polygon POINTS="2254 1314 2287 1310"/></Shape></Glyph></String>
          </TextLine>

          
          
          <TextLine ID="eSc_line_1793286" BASELINE="419 1422 547 1429 1204 1429 1578 1454 1711 1458 1806 1468 1909 1470" HPOS="415.0" VPOS="1322.0" WIDTH="1495.0" HEIGHT="214.0">
            <Shape><Polygon POINTS="424 1322 552 1329 1204 1329 1584 1354 1713 1358 1816 1368 1910 1370 1907 1536 1799 1534 1709 1524 1573 1520 1204 1495 543 1495 415 1488"/></Shape>
	    <String CONTENT=" אשר אשמו ובקשו פני בצר" HPOS="415.0" VPOS="1322.0" WIDTH="1495.0" HEIGHT="214.0"><Glyph ID="char_73" CONTENT=" " GC="1.0"><Shape><Polygon POINTS="1783 1365 1766 1530 1850 1535 1853 1369"/></Shape></Glyph><Glyph ID="char_74" CONTENT="א" GC="1.0"><Shape><Polygon POINTS="1727 1359 1710 1524 1766 1530 1783 1365"/></Shape></Glyph><Glyph ID="char_75" CONTENT="ש" GC="1.0"><Shape><Polygon POINTS="1631 1355 1626 1522 1710 1524 1727 1359"/></Shape></Glyph><Glyph ID="char_76" CONTENT="ר" GC="1.0"><Shape><Polygon POINTS="1567 1353 1556 1519 1626 1522 1631 1355"/></Shape></Glyph><Glyph ID="char_77" CONTENT=" " GC="1.0"><Shape><Polygon POINTS="1500 1348 1489 1514 1556 1519 1567 1353"/></Shape></Glyph><Glyph ID="char_78" CONTENT="א" GC="1.0"><Shape><Polygon POINTS="1422 1343 1411 1509 1489 1514 1500 1348"/></Shape></Glyph><Glyph ID="char_79" CONTENT="ש" GC="1.0"><Shape><Polygon POINTS="1343 1338 1332 1504 1411 1509 1422 1343"/></Shape></Glyph><Glyph ID="char_80" CONTENT="מ" GC="1.0"><Shape><Polygon POINTS="1276 1334 1265 1499 1332 1504 1343 1338"/></Shape></Glyph><Glyph ID="char_81" CONTENT="ו" GC="1.0"><Shape><Polygon POINTS="1231 1331 1220 1496 1265 1499 1276 1334"/></Shape></Glyph><Glyph ID="char_82" CONTENT=" " GC="1.0"><Shape><Polygon POINTS="1180 1329 1180 1495 1220 1496 1231 1331"/></Shape></Glyph><Glyph ID="char_83" CONTENT="ו" GC="1.0"><Shape><Polygon POINTS="1124 1329 1124 1495 1180 1495 1180 1329"/></Shape></Glyph><Glyph ID="char_84" CONTENT="ב" GC="1.0"><Shape><Polygon POINTS="1068 1329 1068 1495 1124 1495 1124 1329"/></Shape></Glyph><Glyph ID="char_85" CONTENT="ק" GC="1.0"><Shape><Polygon POINTS="1001 1329 1001 1495 1068 1495 1068 1329"/></Shape></Glyph><Glyph ID="char_86" CONTENT="ש" GC="1.0"><Shape><Polygon POINTS="911 1329 911 1495 1001 1495 1001 1329"/></Shape></Glyph><Glyph ID="char_87" CONTENT="ו" GC="1.0"><Shape><Polygon POINTS="844 1329 844 1495 911 1495 911 1329"/></Shape></Glyph><Glyph ID="char_88" CONTENT=" " GC="1.0"><Shape><Polygon POINTS="810 1329 810 1495 844 1495 844 1329"/></Shape></Glyph><Glyph ID="char_89" CONTENT="פ" GC="1.0"><Shape><Polygon POINTS="766 1329 766 1495 810 1495 810 1329"/></Shape></Glyph><Glyph ID="char_90" CONTENT="נ" GC="1.0"><Shape><Polygon POINTS="721 1329 721 1495 766 1495 766 1329"/></Shape></Glyph><Glyph ID="char_91" CONTENT="י" GC="1.0"><Shape><Polygon POINTS="687 1329 687 1495 721 1495 721 1329"/></Shape></Glyph><Glyph ID="char_92" CONTENT=" " GC="1.0"><Shape><Polygon POINTS="642 1329 642 1495 687 1495 687 1329"/></Shape></Glyph><Glyph ID="char_93" CONTENT="ב" GC="1.0"><Shape><Polygon POINTS="575 1329 575 1495 642 1495 642 1329"/></Shape></Glyph><Glyph ID="char_94" CONTENT="צ" GC="1.0"><Shape><Polygon POINTS="514 1327 504 1493 575 1495 575 1329"/></Shape></Glyph><Glyph ID="char_95" CONTENT="ר" GC="1.0"><Shape><Polygon POINTS="447 1323 437 1489 504 1493 514 1327"/></Shape></Glyph></String>
          </TextLine>

          
          
          <TextLine ID="eSc_line_1793287" BASELINE="1271 1646 1409 1650 1666 1664 1864 1666 1973 1675" HPOS="1269.0" VPOS="1546.0" WIDTH="712.0" HEIGHT="195.0">
            <Shape><Polygon POINTS="1273 1546 1411 1550 1671 1564 1865 1566 1981 1575 1967 1741 1863 1732 1662 1730 1407 1716 1269 1712"/></Shape>
	    <String CONTENT=" ר אל את פניו מ " HPOS="1269.0" VPOS="1546.0" WIDTH="712.0" HEIGHT="195.0"><Glyph ID="char_96" CONTENT=" " GC="1.0"><Shape><Polygon POINTS="1936 1571 1922 1737 1956 1740 1969 1574"/></Shape></Glyph><Glyph ID="char_97" CONTENT="ר" GC="1.0"><Shape><Polygon POINTS="1903 1569 1889 1734 1922 1737 1936 1571"/></Shape></Glyph><Glyph ID="char_98" CONTENT=" " GC="1.0"><Shape><Polygon POINTS="1851 1566 1849 1732 1889 1734 1903 1569"/></Shape></Glyph><Glyph ID="char_99" CONTENT="א" GC="1.0"><Shape><Polygon POINTS="1795 1565 1793 1731 1849 1732 1851 1566"/></Shape></Glyph><Glyph ID="char_100" CONTENT="ל" GC="1.0"><Shape><Polygon POINTS="1740 1565 1738 1731 1793 1731 1795 1565"/></Shape></Glyph><Glyph ID="char_101" CONTENT=" " GC="1.0"><Shape><Polygon POINTS="1695 1564 1693 1730 1738 1731 1740 1565"/></Shape></Glyph><Glyph ID="char_102" CONTENT="א" GC="1.0"><Shape><Polygon POINTS="1632 1562 1623 1728 1693 1730 1695 1564"/></Shape></Glyph><Glyph ID="char_103" CONTENT="ת" GC="1.0"><Shape><Polygon POINTS="1576 1559 1567 1725 1623 1728 1632 1562"/></Shape></Glyph><Glyph ID="char_104" CONTENT=" " GC="1.0"><Shape><Polygon POINTS="1543 1557 1534 1723 1567 1725 1576 1559"/></Shape></Glyph><Glyph ID="char_105" CONTENT="פ" GC="1.0"><Shape><Polygon POINTS="1509 1555 1500 1721 1534 1723 1543 1557"/></Shape></Glyph><Glyph ID="char_106" CONTENT="נ" GC="1.0"><Shape><Polygon POINTS="1487 1554 1478 1720 1500 1721 1509 1555"/></Shape></Glyph><Glyph ID="char_107" CONTENT="י" GC="1.0"><Shape><Polygon POINTS="1454 1552 1445 1718 1478 1720 1487 1554"/></Shape></Glyph><Glyph ID="char_108" CONTENT="ו" GC="1.0"><Shape><Polygon POINTS="1408 1550 1402 1716 1445 1718 1454 1552"/></Shape></Glyph><Glyph ID="char_109" CONTENT=" " GC="1.0"><Shape><Polygon POINTS="1363 1549 1357 1715 1402 1716 1408 1550"/></Shape></Glyph><Glyph ID="char_110" CONTENT="מ" GC="1.0"><Shape><Polygon POINTS="1319 1547 1313 1713 1357 1715 1363 1549"/></Shape></Glyph><Glyph ID="char_111" CONTENT=" " GC="1.0"><Shape><Polygon POINTS="1270 1645 1314 1646"/></Shape></Glyph></String>
          </TextLine>

          
          
          <TextLine ID="eSc_line_1793288" BASELINE="1328 1815 2036 1844" HPOS="1325.0" VPOS="1715.0" WIDTH="715.0" HEIGHT="195.0">
            <Shape><Polygon POINTS="1332 1715 2040 1744 2033 1910 1325 1881"/></Shape>
	    <String CONTENT=" הו ולוא שמעו " HPOS="1325.0" VPOS="1715.0" WIDTH="715.0" HEIGHT="195.0"><Glyph ID="char_112" CONTENT=" " GC="1.0"><Shape><Polygon POINTS="1996 1742 1989 1908 2033 1910 2040 1744"/></Shape></Glyph><Glyph ID="char_113" CONTENT="ה" GC="1.0"><Shape><Polygon POINTS="1951 1740 1944 1906 1989 1908 1996 1742"/></Shape></Glyph><Glyph ID="char_114" CONTENT="ו" GC="1.0"><Shape><Polygon POINTS="1917 1739 1910 1905 1944 1906 1951 1740"/></Shape></Glyph><Glyph ID="char_115" CONTENT=" " GC="1.0"><Shape><Polygon POINTS="1872 1737 1865 1903 1910 1905 1917 1739"/></Shape></Glyph><Glyph ID="char_116" CONTENT="ו" GC="1.0"><Shape><Polygon POINTS="1827 1735 1820 1901 1865 1903 1872 1737"/></Shape></Glyph><Glyph ID="char_117" CONTENT="ל" GC="1.0"><Shape><Polygon POINTS="1770 1733 1763 1899 1820 1901 1827 1735"/></Shape></Glyph><Glyph ID="char_118" CONTENT="ו" GC="1.0"><Shape><Polygon POINTS="1714 1731 1707 1897 1763 1899 1770 1733"/></Shape></Glyph><Glyph ID="char_119" CONTENT="א" GC="1.0"><Shape><Polygon POINTS="1669 1729 1662 1895 1707 1897 1714 1731"/></Shape></Glyph><Glyph ID="char_120" CONTENT=" " GC="1.0"><Shape><Polygon POINTS="1613 1727 1606 1893 1662 1895 1669 1729"/></Shape></Glyph><Glyph ID="char_121" CONTENT="ש" GC="1.0"><Shape><Polygon POINTS="1556 1724 1549 1890 1606 1893 1613 1727"/></Shape></Glyph><Glyph ID="char_122" CONTENT="מ" GC="1.0"><Shape><Polygon POINTS="1489 1721 1482 1887 1549 1890 1556 1724"/></Shape></Glyph><Glyph ID="char_123" CONTENT="ע" GC="1.0"><Shape><Polygon POINTS="1433 1719 1426 1885 1482 1887 1489 1721"/></Shape></Glyph><Glyph ID="char_124" CONTENT="ו" GC="1.0"><Shape><Polygon POINTS="1376 1717 1369 1883 1426 1885 1433 1719"/></Shape></Glyph><Glyph ID="char_125" CONTENT=" " GC="1.0"><Shape><Polygon POINTS="1327 1814 1371 1815"/></Shape></Glyph></String>
          </TextLine>

          
        </TextBlock>
        

        
      </PrintSpace>
    </Page>
  </Layout>
</alto>