<?xml version='1.0' encoding='UTF-8'?>
<alto xmlns:xsi="http://www.w3.org/2001/XMLSchema-instance" xmlns="http://www.loc.gov/standards/alto/ns-v4#" xsi:schemaLocation="http://www.loc.gov/standards/alto/ns-v4# http://www.loc.gov/standards/alto/v4/alto-4-2.xsd">
  <Description>
    <MeasurementUnit>pixel</MeasurementUnit>
    <sourceImageInformation>
      <fileName>P354-Fg008-R-C01-R01-D02092013-T145807-LR924_012.jpg</fileName>
      
    </sourceImageInformation>
  </Description>
  
  <Tags>
    <OtherTag ID="BT1443" LABEL="Parchment_or_papyrus" DESCRIPTION="block type Parchment_or_papyrus"/><OtherTag ID="BT2" LABEL="Main" DESCRIPTION="block type Main"/>
    
  </Tags>
  
  <Layout>
    <Page WIDTH="3608" HEIGHT="2706" PHYSICAL_IMG_NR="306" ID="eSc_dummypage_">
      <PrintSpace HPOS="0" VPOS="0" WIDTH="3608" HEIGHT="2706">
        
        <TextBlock HPOS="1501.0" VPOS="787.0" WIDTH="598.0" HEIGHT="1237.0" ID="eSc_textblock_3ef679f4" TAGREFS="BT2">
          <Shape><Polygon POINTS="1501 787 1501 2024 2099 2024 2099 787"/></Shape>
          
          
          <TextLine ID="eSc_line_1793274" BASELINE="1587 890 1842 877 1909 877 1966 886" HPOS="1582.0" VPOS="784.0" WIDTH="398.0" HEIGHT="167.0">
            <Shape><Polygon POINTS="1582 797 1837 784 1909 784 1980 794 1956 947 1909 939 1845 938 1590 951"/></Shape>
	    <String CONTENT=" שר ה " HPOS="1582.0" VPOS="784.0" WIDTH="398.0" HEIGHT="167.0"><Glyph ID="char_0" CONTENT=" " GC="1.0"><Shape><Polygon POINTS="1881 784 1881 939 1935 943 1959 791"/></Shape></Glyph><Glyph ID="char_1" CONTENT="ש" GC="1.0"><Shape><Polygon POINTS="1803 786 1811 940 1881 939 1881 784"/></Shape></Glyph><Glyph ID="char_2" CONTENT="ר" GC="1.0"><Shape><Polygon POINTS="1750 788 1758 942 1811 940 1803 786"/></Shape></Glyph><Glyph ID="char_3" CONTENT=" " GC="1.0"><Shape><Polygon POINTS="1718 790 1726 944 1758 942 1750 788"/></Shape></Glyph><Glyph ID="char_4" CONTENT="ה" GC="1.0"><Shape><Polygon POINTS="1666 793 1674 947 1726 944 1718 790"/></Shape></Glyph><Glyph ID="char_5" CONTENT=" " GC="1.0"><Shape><Polygon POINTS="1602 796 1610 950 1674 947 1666 793"/></Shape></Glyph></String>
          </TextLine>

          
          
          <TextLine ID="eSc_line_1793275" BASELINE="1580 1059 1650 1064 2043 1030" HPOS="1575.0" VPOS="937.0" WIDTH="473.0" HEIGHT="188.0">
            <Shape><Polygon POINTS="1586 966 1656 971 2034 937 2048 1091 1645 1125 1575 1120"/></Shape>
	    <String CONTENT=" וח את " HPOS="1575.0" VPOS="937.0" WIDTH="473.0" HEIGHT="188.0"><Glyph ID="char_6" CONTENT=" " GC="1.0"><Shape><Polygon POINTS="1993 941 2007 1094 2038 1092 2024 938"/></Shape></Glyph><Glyph ID="char_7" CONTENT="ו" GC="1.0"><Shape><Polygon POINTS="1932 946 1945 1100 2007 1094 1993 941"/></Shape></Glyph><Glyph ID="char_8" CONTENT="ח" GC="1.0"><Shape><Polygon POINTS="1880 951 1893 1104 1945 1100 1932 946"/></Shape></Glyph><Glyph ID="char_9" CONTENT=" " GC="1.0"><Shape><Polygon POINTS="1839 955 1852 1108 1893 1104 1880 951"/></Shape></Glyph><Glyph ID="char_10" CONTENT="א" GC="1.0"><Shape><Polygon POINTS="1777 960 1790 1113 1852 1108 1839 955"/></Shape></Glyph><Glyph ID="char_11" CONTENT="ת" GC="1.0"><Shape><Polygon POINTS="1716 966 1729 1118 1790 1113 1777 960"/></Shape></Glyph><Glyph ID="char_12" CONTENT=" " GC="1.0"><Shape><Polygon POINTS="1639 970 1626 1124 1729 1118 1716 966"/></Shape></Glyph></String>
          </TextLine>

          
          
          <TextLine ID="eSc_line_1793276" BASELINE="1610 1233 1675 1240 1752 1237 1900 1217 2065 1208" HPOS="1603.0" VPOS="1115.0" WIDTH="465.0" HEIGHT="186.0">
            <Shape><Polygon POINTS="1619 1140 1684 1147 1748 1144 1887 1124 2059 1115 2068 1269 1908 1278 1754 1298 1668 1301 1603 1294"/></Shape>
	    <String CONTENT=" נים י " HPOS="1603.0" VPOS="1115.0" WIDTH="465.0" HEIGHT="186.0"><Glyph ID="char_13" CONTENT=" " GC="1.0"><Shape><Polygon POINTS="1955 1120 1963 1275 2025 1271 2017 1117"/></Shape></Glyph><Glyph ID="char_14" CONTENT="נ" GC="1.0"><Shape><Polygon POINTS="1924 1122 1932 1277 1963 1275 1955 1120"/></Shape></Glyph><Glyph ID="char_15" CONTENT="י" GC="1.0"><Shape><Polygon POINTS="1855 1129 1876 1282 1932 1277 1924 1122"/></Shape></Glyph><Glyph ID="char_16" CONTENT="ם" GC="1.0"><Shape><Polygon POINTS="1793 1138 1813 1290 1876 1282 1855 1129"/></Shape></Glyph><Glyph ID="char_17" CONTENT=" " GC="1.0"><Shape><Polygon POINTS="1740 1144 1746 1298 1813 1290 1793 1138"/></Shape></Glyph><Glyph ID="char_18" CONTENT="י" GC="1.0"><Shape><Polygon POINTS="1699 1146 1705 1300 1746 1298 1740 1144"/></Shape></Glyph><Glyph ID="char_19" CONTENT=" " GC="1.0"><Shape><Polygon POINTS="1651 1143 1632 1297 1705 1300 1699 1146"/></Shape></Glyph></String>
          </TextLine>

          
          
          <TextLine ID="eSc_line_1793277" BASELINE="1623 1411 1695 1409 1826 1393 1997 1395" HPOS="1620.0" VPOS="1300.0" WIDTH="378.0" HEIGHT="172.0">
            <Shape><Polygon POINTS="1620 1318 1692 1316 1814 1300 1998 1302 1996 1456 1833 1454 1696 1470 1624 1472"/></Shape>
	    <String CONTENT=" אשר " HPOS="1620.0" VPOS="1300.0" WIDTH="378.0" HEIGHT="172.0"><Glyph ID="char_20" CONTENT=" " GC="1.0"><Shape><Polygon POINTS="1893 1301 1891 1455 1953 1455 1955 1302"/></Shape></Glyph><Glyph ID="char_21" CONTENT="א" GC="1.0"><Shape><Polygon POINTS="1830 1300 1828 1455 1891 1455 1893 1301"/></Shape></Glyph><Glyph ID="char_22" CONTENT="ש" GC="1.0"><Shape><Polygon POINTS="1735 1310 1754 1463 1828 1455 1830 1300"/></Shape></Glyph><Glyph ID="char_23" CONTENT="ר" GC="1.0"><Shape><Polygon POINTS="1671 1317 1676 1471 1754 1463 1735 1310"/></Shape></Glyph><Glyph ID="char_24" CONTENT=" " GC="1.0"><Shape><Polygon POINTS="1622 1411 1673 1409"/></Shape></Glyph></String>
          </TextLine>

          
          
          <TextLine ID="eSc_line_1793278" BASELINE="1655 1537 1767 1537 1925 1526 2011 1528" HPOS="1655.0" VPOS="1433.0" WIDTH="358.0" HEIGHT="166.0">
            <Shape><Polygon POINTS="1655 1444 1767 1444 1918 1433 2013 1435 2009 1589 1929 1587 1767 1599 1655 1599"/></Shape>
	    <String CONTENT=" סר " HPOS="1655.0" VPOS="1433.0" WIDTH="358.0" HEIGHT="166.0"><Glyph ID="char_25" CONTENT=" " GC="1.0"><Shape><Polygon POINTS="1930 1433 1926 1587 1978 1588 1982 1434"/></Shape></Glyph><Glyph ID="char_26" CONTENT="ס" GC="1.0"><Shape><Polygon POINTS="1858 1437 1869 1591 1926 1587 1930 1433"/></Shape></Glyph><Glyph ID="char_27" CONTENT="ר" GC="1.0"><Shape><Polygon POINTS="1795 1442 1806 1596 1869 1591 1858 1437"/></Shape></Glyph><Glyph ID="char_28" CONTENT=" " GC="1.0"><Shape><Polygon POINTS="1708 1444 1708 1599 1806 1596 1795 1442"/></Shape></Glyph></String>
          </TextLine>

          
          
          <TextLine ID="eSc_line_1793279" BASELINE="1682 1664 1797 1673 2063 1679" HPOS="1677.0" VPOS="1571.0" WIDTH="388.0" HEIGHT="169.0">
            <Shape><Polygon POINTS="1689 1571 1804 1580 2065 1586 2061 1740 1792 1734 1677 1725"/></Shape>
	    <String CONTENT=" דה ה " HPOS="1677.0" VPOS="1571.0" WIDTH="388.0" HEIGHT="169.0"><Glyph ID="char_29" CONTENT=" " GC="1.0"><Shape><Polygon POINTS="1959 1584 1955 1738 2018 1739 2022 1585"/></Shape></Glyph><Glyph ID="char_30" CONTENT="ד" GC="1.0"><Shape><Polygon POINTS="1895 1582 1891 1736 1955 1738 1959 1584"/></Shape></Glyph><Glyph ID="char_31" CONTENT="ה" GC="1.0"><Shape><Polygon POINTS="1832 1581 1828 1735 1891 1736 1895 1582"/></Shape></Glyph><Glyph ID="char_32" CONTENT=" " GC="1.0"><Shape><Polygon POINTS="1785 1578 1771 1732 1828 1735 1832 1581"/></Shape></Glyph><Glyph ID="char_33" CONTENT="ה" GC="1.0"><Shape><Polygon POINTS="1753 1576 1739 1730 1771 1732 1785 1578"/></Shape></Glyph><Glyph ID="char_34" CONTENT=" " GC="1.0"><Shape><Polygon POINTS="1700 1572 1687 1726 1739 1730 1753 1576"/></Shape></Glyph></String>
          </TextLine>

          
          
          <TextLine ID="eSc_line_1793280" BASELINE="1664 1792 1952 1824 2040 1824" HPOS="1657.0" VPOS="1699.0" WIDTH="383.0" HEIGHT="187.0">
            <Shape><Polygon POINTS="1674 1699 1962 1731 2040 1731 2040 1886 1945 1885 1657 1853"/></Shape>
	    <String CONTENT=" יוס " HPOS="1657.0" VPOS="1699.0" WIDTH="383.0" HEIGHT="187.0"><Glyph ID="char_35" CONTENT=" " GC="1.0"><Shape><Polygon POINTS="1934 1728 1916 1882 2007 1886 2007 1731"/></Shape></Glyph><Glyph ID="char_36" CONTENT="י" GC="1.0"><Shape><Polygon POINTS="1851 1719 1834 1873 1916 1882 1934 1728"/></Shape></Glyph><Glyph ID="char_37" CONTENT="ו" GC="1.0"><Shape><Polygon POINTS="1778 1711 1760 1864 1834 1873 1851 1719"/></Shape></Glyph><Glyph ID="char_38" CONTENT="ס" GC="1.0"><Shape><Polygon POINTS="1736 1706 1719 1860 1760 1864 1778 1711"/></Shape></Glyph><Glyph ID="char_39" CONTENT=" " GC="1.0"><Shape><Polygon POINTS="1684 1700 1667 1854 1719 1860 1736 1706"/></Shape></Glyph></String>
          </TextLine>

          
          
          <TextLine ID="eSc_line_1793281" BASELINE="1716 1961 1916 1979 1950 1975" HPOS="1710.0" VPOS="1868.0" WIDTH="247.0" HEIGHT="172.0">
            <Shape><Polygon POINTS="1724 1868 1924 1886 1939 1882 1957 2036 1910 2040 1710 2022"/></Shape>
	    <String CONTENT=" ל " HPOS="1710.0" VPOS="1868.0" WIDTH="247.0" HEIGHT="172.0"><Glyph ID="char_40" CONTENT=" " GC="1.0"><Shape><Polygon POINTS="1830 1878 1816 2032 1934 2038 1916 1885"/></Shape></Glyph><Glyph ID="char_41" CONTENT="ל" GC="1.0"><Shape><Polygon POINTS="1746 1870 1731 2024 1816 2032 1830 1878"/></Shape></Glyph><Glyph ID="char_42" CONTENT=" " GC="1.0"><Shape><Polygon POINTS="1715 1960 1736 1962"/></Shape></Glyph></String>
          </TextLine>

          
        </TextBlock>
        

        
      </PrintSpace>
    </Page>
  </Layout>
</alto>