<?xml version='1.0' encoding='UTF-8'?>
<alto xmlns:xsi="http://www.w3.org/2001/XMLSchema-instance" xmlns="http://www.loc.gov/standards/alto/ns-v4#" xsi:schemaLocation="http://www.loc.gov/standards/alto/ns-v4# http://www.loc.gov/standards/alto/v4/alto-4-2.xsd">
  <Description>
    <MeasurementUnit>pixel</MeasurementUnit>
    <sourceImageInformation>
      <fileName>P361-Fg005-R-C01-R01-D02042013-T114933-LR924_012.jpg</fileName>
      
    </sourceImageInformation>
  </Description>
  
  <Tags>
    <OtherTag ID="BT1443" LABEL="Parchment_or_papyrus" DESCRIPTION="block type Parchment_or_papyrus"/><OtherTag ID="BT2" LABEL="Main" DESCRIPTION="block type Main"/>
    
  </Tags>
  
  <Layout>
    <Page WIDTH="3608" HEIGHT="2706" PHYSICAL_IMG_NR="252" ID="eSc_dummypage_">
      <PrintSpace HPOS="0" VPOS="0" WIDTH="3608" HEIGHT="2706">
        
        <TextBlock HPOS="1122.0" VPOS="765.0" WIDTH="1241.0" HEIGHT="1083.0" ID="eSc_textblock_9934d8b5" TAGREFS="BT2">
          <Shape><Polygon POINTS="1122 765 1122 1848 2363 1848 2363 929"/></Shape>
          
          
          <TextLine ID="eSc_line_1803900" BASELINE="1314 897 1517 901" HPOS="1312.0" VPOS="817.0" WIDTH="206.0" HEIGHT="136.0">
            <Shape><Polygon POINTS="1315 817 1518 821 1515 953 1312 949"/></Shape>
	    <String CONTENT=" ם " HPOS="1312.0" VPOS="817.0" WIDTH="206.0" HEIGHT="136.0"><Glyph ID="char_0" CONTENT=" " GC="1.0"><Shape><Polygon POINTS="1457 820 1454 952 1498 953 1501 821"/></Shape></Glyph><Glyph ID="char_1" CONTENT="ם" GC="1.0"><Shape><Polygon POINTS="1439 819 1436 951 1454 952 1457 820"/></Shape></Glyph><Glyph ID="char_2" CONTENT=" " GC="1.0"><Shape><Polygon POINTS="1368 818 1365 950 1436 951 1439 819"/></Shape></Glyph></String>
          </TextLine>

          
          
          <TextLine ID="eSc_line_1793305" BASELINE="1179 1035 1141 1032 2264 1021 2250 1032" HPOS="1134.0" VPOS="941.0" WIDTH="1164.0" HEIGHT="172.0">
            <Shape><Polygon POINTS="1172 1113 1134 1110 2263 941 2298 1094 2264 1073 1145 979 1183 982"/></Shape>
	    <String CONTENT="ב ת שר ראה את בנו מחז " HPOS="1134.0" VPOS="941.0" WIDTH="1164.0" HEIGHT="172.0"><Glyph ID="char_3" CONTENT="ב" GC="1.0"><Shape><Polygon POINTS="1944 989 1944 1046 1982 1049 1982 983"/></Shape></Glyph><Glyph ID="char_4" CONTENT=" " GC="1.0"><Shape><Polygon POINTS="1850 1003 1850 1038 1944 1046 1944 989"/></Shape></Glyph><Glyph ID="char_5" CONTENT="ת" GC="1.0"><Shape><Polygon POINTS="1780 1013 1780 1032 1850 1038 1850 1003"/></Shape></Glyph><Glyph ID="char_6" CONTENT=" " GC="1.0"><Shape><Polygon POINTS="1741 1019 1741 1029 1780 1032 1780 1013"/></Shape></Glyph><Glyph ID="char_7" CONTENT="ש" GC="1.0"><Shape><Polygon POINTS="1678 1024 1678 1029 1741 1029 1741 1019"/></Shape></Glyph><Glyph ID="char_8" CONTENT="ר" GC="1.0"><Shape><Polygon POINTS="1616 1019 1616 1038 1678 1029 1678 1024"/></Shape></Glyph><Glyph ID="char_9" CONTENT=" " GC="1.0"><Shape><Polygon POINTS="1577 1015 1577 1044 1616 1038 1616 1019"/></Shape></Glyph><Glyph ID="char_10" CONTENT="ר" GC="1.0"><Shape><Polygon POINTS="1538 1012 1538 1049 1577 1044 1577 1015"/></Shape></Glyph><Glyph ID="char_11" CONTENT="א" GC="1.0"><Shape><Polygon POINTS="1444 1004 1444 1064 1538 1049 1538 1012"/></Shape></Glyph><Glyph ID="char_12" CONTENT="ה" GC="1.0"><Shape><Polygon POINTS="1366 998 1366 1075 1444 1064 1444 1004"/></Shape></Glyph><Glyph ID="char_13" CONTENT=" " GC="1.0"><Shape><Polygon POINTS="1335 995 1335 1080 1366 1075 1366 998"/></Shape></Glyph><Glyph ID="char_14" CONTENT="א" GC="1.0"><Shape><Polygon POINTS="1280 990 1281 1088 1335 1080 1335 995"/></Shape></Glyph><Glyph ID="char_15" CONTENT="ת" GC="1.0"><Shape><Polygon POINTS="1233 986 1234 1095 1281 1088 1280 990"/></Shape></Glyph><Glyph ID="char_16" CONTENT=" " GC="1.0"><Shape><Polygon POINTS="1194 983 1195 1101 1234 1095 1233 986"/></Shape></Glyph><Glyph ID="char_17" CONTENT="ב" GC="1.0"><Shape><Polygon POINTS="1154 980 1156 1112 1195 1101 1194 983"/></Shape></Glyph><Glyph ID="char_18" CONTENT="נ" GC="1.0"><Shape><Polygon POINTS="1160 1112 1170 981 1156 1112 1154 980"/></Shape></Glyph><Glyph ID="char_19" CONTENT="ו" GC="1.0"><Shape><Polygon POINTS="1200 1100 1209 984 1170 981 1160 1112"/></Shape></Glyph><Glyph ID="char_20" CONTENT=" " GC="1.0"><Shape><Polygon POINTS="1248 1093 1256 988 1209 984 1200 1100"/></Shape></Glyph><Glyph ID="char_21" CONTENT="מ" GC="1.0"><Shape><Polygon POINTS="1294 1086 1302 992 1256 988 1248 1093"/></Shape></Glyph><Glyph ID="char_22" CONTENT="ח" GC="1.0"><Shape><Polygon POINTS="1327 1081 1333 995 1302 992 1294 1086"/></Shape></Glyph><Glyph ID="char_23" CONTENT="ז" GC="1.0"><Shape><Polygon POINTS="1366 1075 1372 998 1333 995 1327 1081"/></Shape></Glyph><Glyph ID="char_24" CONTENT=" " GC="1.0"><Shape><Polygon POINTS="1437 1065 1442 1004 1372 998 1366 1075"/></Shape></Glyph></String>
          </TextLine>

          
          
          <TextLine ID="eSc_line_1793306" BASELINE="1199 1161 1287 1156 1882 1156 2047 1150 2236 1150 2313 1143" HPOS="1194.0" VPOS="1064.0" WIDTH="1123.0" HEIGHT="149.0">
            <Shape><Polygon POINTS="1194 1081 1282 1076 1882 1076 2044 1070 2236 1070 2305 1064 2317 1195 2236 1202 2048 1202 1882 1208 1289 1208 1201 1213"/></Shape>
	    <String CONTENT="את כול הרעות אשר " HPOS="1194.0" VPOS="1064.0" WIDTH="1123.0" HEIGHT="149.0"><Glyph ID="char_25" CONTENT="א" GC="1.0"><Shape><Polygon POINTS="2223 1070 2223 1202 2289 1197 2277 1066"/></Shape></Glyph><Glyph ID="char_26" CONTENT="ת" GC="1.0"><Shape><Polygon POINTS="2196 1070 2196 1202 2223 1202 2223 1070"/></Shape></Glyph><Glyph ID="char_27" CONTENT=" " GC="1.0"><Shape><Polygon POINTS="2169 1070 2169 1202 2196 1202 2196 1070"/></Shape></Glyph><Glyph ID="char_28" CONTENT="כ" GC="1.0"><Shape><Polygon POINTS="2125 1070 2125 1202 2169 1202 2169 1070"/></Shape></Glyph><Glyph ID="char_29" CONTENT="ו" GC="1.0"><Shape><Polygon POINTS="2080 1070 2080 1202 2125 1202 2125 1070"/></Shape></Glyph><Glyph ID="char_30" CONTENT="ל" GC="1.0"><Shape><Polygon POINTS="2033 1070 2038 1202 2080 1202 2080 1070"/></Shape></Glyph><Glyph ID="char_31" CONTENT=" " GC="1.0"><Shape><Polygon POINTS="1988 1072 1993 1204 2038 1202 2033 1070"/></Shape></Glyph><Glyph ID="char_32" CONTENT="ה" GC="1.0"><Shape><Polygon POINTS="1935 1074 1940 1206 1993 1204 1988 1072"/></Shape></Glyph><Glyph ID="char_33" CONTENT="ר" GC="1.0"><Shape><Polygon POINTS="1881 1076 1886 1208 1940 1206 1935 1074"/></Shape></Glyph><Glyph ID="char_34" CONTENT="ע" GC="1.0"><Shape><Polygon POINTS="1831 1076 1831 1208 1886 1208 1881 1076"/></Shape></Glyph><Glyph ID="char_35" CONTENT="ו" GC="1.0"><Shape><Polygon POINTS="1777 1076 1777 1208 1831 1208 1831 1076"/></Shape></Glyph><Glyph ID="char_36" CONTENT="ת" GC="1.0"><Shape><Polygon POINTS="1715 1076 1715 1208 1777 1208 1777 1076"/></Shape></Glyph><Glyph ID="char_37" CONTENT=" " GC="1.0"><Shape><Polygon POINTS="1635 1076 1635 1208 1715 1208 1715 1076"/></Shape></Glyph><Glyph ID="char_38" CONTENT="א" GC="1.0"><Shape><Polygon POINTS="1563 1076 1563 1208 1635 1208 1635 1076"/></Shape></Glyph><Glyph ID="char_39" CONTENT="ש" GC="1.0"><Shape><Polygon POINTS="1483 1076 1483 1208 1563 1208 1563 1076"/></Shape></Glyph><Glyph ID="char_40" CONTENT="ר" GC="1.0"><Shape><Polygon POINTS="1403 1076 1403 1208 1483 1208 1483 1076"/></Shape></Glyph><Glyph ID="char_41" CONTENT=" " GC="1.0"><Shape><Polygon POINTS="1273 1076 1281 1208 1403 1208 1403 1076"/></Shape></Glyph></String>
          </TextLine>

          
          
          <TextLine ID="eSc_line_1793307" BASELINE="1159 1321 1490 1319 1743 1310 2063 1310 2234 1301 2345 1289" HPOS="1158.0" VPOS="1210.0" WIDTH="1192.0" HEIGHT="163.0">
            <Shape><Polygon POINTS="1158 1241 1489 1239 1740 1230 2063 1230 2229 1221 2336 1210 2350 1341 2236 1353 2063 1362 1744 1362 1490 1371 1159 1373"/></Shape>
	    <String CONTENT="ולוא זכר את השבועה אש " HPOS="1158.0" VPOS="1210.0" WIDTH="1192.0" HEIGHT="163.0"><Glyph ID="char_42" CONTENT="ו" GC="1.0"><Shape><Polygon POINTS="2247 1219 2261 1350 2323 1344 2309 1213"/></Shape></Glyph><Glyph ID="char_43" CONTENT="ל" GC="1.0"><Shape><Polygon POINTS="2215 1222 2222 1354 2261 1350 2247 1219"/></Shape></Glyph><Glyph ID="char_44" CONTENT="ו" GC="1.0"><Shape><Polygon POINTS="2170 1224 2177 1356 2222 1354 2215 1222"/></Shape></Glyph><Glyph ID="char_45" CONTENT="א" GC="1.0"><Shape><Polygon POINTS="2118 1227 2124 1359 2177 1356 2170 1224"/></Shape></Glyph><Glyph ID="char_46" CONTENT=" " GC="1.0"><Shape><Polygon POINTS="2073 1229 2080 1361 2124 1359 2118 1227"/></Shape></Glyph><Glyph ID="char_47" CONTENT="ז" GC="1.0"><Shape><Polygon POINTS="2024 1230 2024 1362 2080 1361 2073 1229"/></Shape></Glyph><Glyph ID="char_48" CONTENT="כ" GC="1.0"><Shape><Polygon POINTS="1979 1230 1979 1362 2024 1362 2024 1230"/></Shape></Glyph><Glyph ID="char_49" CONTENT="ר" GC="1.0"><Shape><Polygon POINTS="1943 1230 1943 1362 1979 1362 1979 1230"/></Shape></Glyph><Glyph ID="char_50" CONTENT=" " GC="1.0"><Shape><Polygon POINTS="1908 1230 1908 1362 1943 1362 1943 1230"/></Shape></Glyph><Glyph ID="char_51" CONTENT="א" GC="1.0"><Shape><Polygon POINTS="1845 1230 1845 1362 1908 1362 1908 1230"/></Shape></Glyph><Glyph ID="char_52" CONTENT="ת" GC="1.0"><Shape><Polygon POINTS="1792 1230 1792 1362 1845 1362 1845 1230"/></Shape></Glyph><Glyph ID="char_53" CONTENT=" " GC="1.0"><Shape><Polygon POINTS="1747 1230 1747 1362 1792 1362 1792 1230"/></Shape></Glyph><Glyph ID="char_54" CONTENT="ה" GC="1.0"><Shape><Polygon POINTS="1646 1233 1651 1365 1747 1362 1747 1230"/></Shape></Glyph><Glyph ID="char_55" CONTENT="ש" GC="1.0"><Shape><Polygon POINTS="1566 1236 1571 1368 1651 1365 1646 1233"/></Shape></Glyph><Glyph ID="char_56" CONTENT="ב" GC="1.0"><Shape><Polygon POINTS="1521 1238 1526 1370 1571 1368 1566 1236"/></Shape></Glyph><Glyph ID="char_57" CONTENT="ו" GC="1.0"><Shape><Polygon POINTS="1479 1239 1479 1371 1526 1370 1521 1238"/></Shape></Glyph><Glyph ID="char_58" CONTENT="ע" GC="1.0"><Shape><Polygon POINTS="1417 1239 1417 1371 1479 1371 1479 1239"/></Shape></Glyph><Glyph ID="char_59" CONTENT="ה" GC="1.0"><Shape><Polygon POINTS="1345 1240 1345 1372 1417 1371 1417 1239"/></Shape></Glyph><Glyph ID="char_60" CONTENT=" " GC="1.0"><Shape><Polygon POINTS="1283 1240 1283 1372 1345 1372 1345 1240"/></Shape></Glyph><Glyph ID="char_61" CONTENT="א" GC="1.0"><Shape><Polygon POINTS="1238 1241 1238 1373 1283 1372 1283 1240"/></Shape></Glyph><Glyph ID="char_62" CONTENT="ש" GC="1.0"><Shape><Polygon POINTS="1185 1241 1185 1373 1238 1373 1238 1241"/></Shape></Glyph><Glyph ID="char_63" CONTENT=" " GC="1.0"><Shape><Polygon POINTS="1158 1321 1184 1320"/></Shape></Glyph></String>
          </TextLine>

          
          
          <TextLine ID="eSc_line_1793308" BASELINE="1143 1458 1231 1454 1310 1456 1540 1445 1682 1443 1844 1431 2110 1420 2309 1404 2390 1407" HPOS="1139.0" VPOS="1325.0" WIDTH="1253.0" HEIGHT="185.0">
            <Shape><Polygon POINTS="1139 1378 1227 1374 1312 1376 1536 1365 1680 1363 1838 1352 2106 1340 2302 1325 2392 1327 2388 1459 2313 1456 2112 1472 1847 1483 1682 1495 1542 1497 1308 1508 1233 1506 1145 1510"/></Shape>
	    <String CONTENT="ליעקוב ובכול זה לוא יד " HPOS="1139.0" VPOS="1325.0" WIDTH="1253.0" HEIGHT="185.0"><Glyph ID="char_64" CONTENT="ל" GC="1.0"><Shape><Polygon POINTS="2240 1330 2251 1461 2333 1457 2338 1326"/></Shape></Glyph><Glyph ID="char_65" CONTENT="י" GC="1.0"><Shape><Polygon POINTS="2187 1334 2198 1465 2251 1461 2240 1330"/></Shape></Glyph><Glyph ID="char_66" CONTENT="ע" GC="1.0"><Shape><Polygon POINTS="2124 1339 2135 1470 2198 1465 2187 1334"/></Shape></Glyph><Glyph ID="char_67" CONTENT="ק" GC="1.0"><Shape><Polygon POINTS="2066 1342 2071 1474 2135 1470 2124 1339"/></Shape></Glyph><Glyph ID="char_68" CONTENT="ו" GC="1.0"><Shape><Polygon POINTS="2012 1344 2017 1476 2071 1474 2066 1342"/></Shape></Glyph><Glyph ID="char_69" CONTENT="ב" GC="1.0"><Shape><Polygon POINTS="1959 1347 1964 1478 2017 1476 2012 1344"/></Shape></Glyph><Glyph ID="char_70" CONTENT=" " GC="1.0"><Shape><Polygon POINTS="1905 1349 1910 1480 1964 1478 1959 1347"/></Shape></Glyph><Glyph ID="char_71" CONTENT="ו" GC="1.0"><Shape><Polygon POINTS="1852 1351 1857 1483 1910 1480 1905 1349"/></Shape></Glyph><Glyph ID="char_72" CONTENT="ב" GC="1.0"><Shape><Polygon POINTS="1786 1356 1796 1487 1857 1483 1852 1351"/></Shape></Glyph><Glyph ID="char_73" CONTENT="כ" GC="1.0"><Shape><Polygon POINTS="1743 1359 1752 1490 1796 1487 1786 1356"/></Shape></Glyph><Glyph ID="char_74" CONTENT="ו" GC="1.0"><Shape><Polygon POINTS="1698 1362 1707 1493 1752 1490 1743 1359"/></Shape></Glyph><Glyph ID="char_75" CONTENT="ל" GC="1.0"><Shape><Polygon POINTS="1666 1363 1668 1495 1707 1493 1698 1362"/></Shape></Glyph><Glyph ID="char_76" CONTENT=" " GC="1.0"><Shape><Polygon POINTS="1649 1363 1651 1495 1668 1495 1666 1363"/></Shape></Glyph><Glyph ID="char_77" CONTENT="ז" GC="1.0"><Shape><Polygon POINTS="1604 1364 1606 1496 1651 1495 1649 1363"/></Shape></Glyph><Glyph ID="char_78" CONTENT="ה" GC="1.0"><Shape><Polygon POINTS="1550 1365 1552 1497 1606 1496 1604 1364"/></Shape></Glyph><Glyph ID="char_79" CONTENT=" " GC="1.0"><Shape><Polygon POINTS="1504 1367 1510 1498 1552 1497 1550 1365"/></Shape></Glyph><Glyph ID="char_80" CONTENT="ל" GC="1.0"><Shape><Polygon POINTS="1468 1368 1474 1500 1510 1498 1504 1367"/></Shape></Glyph><Glyph ID="char_81" CONTENT="ו" GC="1.0"><Shape><Polygon POINTS="1415 1371 1421 1503 1474 1500 1468 1368"/></Shape></Glyph><Glyph ID="char_82" CONTENT="א" GC="1.0"><Shape><Polygon POINTS="1334 1375 1340 1506 1421 1503 1415 1371"/></Shape></Glyph><Glyph ID="char_83" CONTENT=" " GC="1.0"><Shape><Polygon POINTS="1287 1375 1284 1507 1340 1506 1334 1375"/></Shape></Glyph><Glyph ID="char_84" CONTENT="י" GC="1.0"><Shape><Polygon POINTS="1242 1374 1239 1506 1284 1507 1287 1375"/></Shape></Glyph><Glyph ID="char_85" CONTENT="ד" GC="1.0"><Shape><Polygon POINTS="1183 1376 1189 1508 1239 1506 1242 1374"/></Shape></Glyph><Glyph ID="char_86" CONTENT=" " GC="1.0"><Shape><Polygon POINTS="1142 1458 1186 1455"/></Shape></Glyph></String>
          </TextLine>

          
          
          <TextLine ID="eSc_line_1793309" BASELINE="1156 1585 1531 1583 1734 1576 1950 1564 2065 1551 2139 1546 2311 1546" HPOS="1155.0" VPOS="1466.0" WIDTH="1156.0" HEIGHT="171.0">
            <Shape><Polygon POINTS="1155 1505 1530 1503 1731 1496 1945 1484 2056 1472 2133 1466 2311 1466 2311 1598 2142 1598 2070 1603 1952 1616 1735 1628 1531 1635 1156 1637"/></Shape>
	    <String CONTENT="היה מתאבל על אשתו עד " HPOS="1155.0" VPOS="1466.0" WIDTH="1156.0" HEIGHT="171.0"><Glyph ID="char_87" CONTENT="ה" GC="1.0"><Shape><Polygon POINTS="2213 1466 2213 1598 2275 1598 2275 1466"/></Shape></Glyph><Glyph ID="char_88" CONTENT="י" GC="1.0"><Shape><Polygon POINTS="2160 1466 2160 1598 2213 1598 2213 1466"/></Shape></Glyph><Glyph ID="char_89" CONTENT="ה" GC="1.0"><Shape><Polygon POINTS="2109 1468 2118 1600 2160 1598 2160 1466"/></Shape></Glyph><Glyph ID="char_90" CONTENT=" " GC="1.0"><Shape><Polygon POINTS="2053 1472 2068 1603 2118 1600 2109 1468"/></Shape></Glyph><Glyph ID="char_91" CONTENT="מ" GC="1.0"><Shape><Polygon POINTS="1999 1478 2014 1609 2068 1603 2053 1472"/></Shape></Glyph><Glyph ID="char_92" CONTENT="ת" GC="1.0"><Shape><Polygon POINTS="1947 1484 1961 1615 2014 1609 1999 1478"/></Shape></Glyph><Glyph ID="char_93" CONTENT="א" GC="1.0"><Shape><Polygon POINTS="1898 1487 1905 1619 1961 1615 1947 1484"/></Shape></Glyph><Glyph ID="char_94" CONTENT="ב" GC="1.0"><Shape><Polygon POINTS="1844 1490 1852 1622 1905 1619 1898 1487"/></Shape></Glyph><Glyph ID="char_95" CONTENT="ל" GC="1.0"><Shape><Polygon POINTS="1791 1493 1799 1624 1852 1622 1844 1490"/></Shape></Glyph><Glyph ID="char_96" CONTENT=" " GC="1.0"><Shape><Polygon POINTS="1746 1495 1754 1627 1799 1624 1791 1493"/></Shape></Glyph><Glyph ID="char_97" CONTENT="ע" GC="1.0"><Shape><Polygon POINTS="1695 1497 1700 1629 1754 1627 1746 1495"/></Shape></Glyph><Glyph ID="char_98" CONTENT="ל" GC="1.0"><Shape><Polygon POINTS="1659 1499 1664 1630 1700 1629 1695 1497"/></Shape></Glyph><Glyph ID="char_99" CONTENT=" " GC="1.0"><Shape><Polygon POINTS="1624 1500 1629 1632 1664 1630 1659 1499"/></Shape></Glyph><Glyph ID="char_100" CONTENT="א" GC="1.0"><Shape><Polygon POINTS="1579 1501 1584 1633 1629 1632 1624 1500"/></Shape></Glyph><Glyph ID="char_101" CONTENT="ש" GC="1.0"><Shape><Polygon POINTS="1511 1503 1511 1635 1584 1633 1579 1501"/></Shape></Glyph><Glyph ID="char_102" CONTENT="ת" GC="1.0"><Shape><Polygon POINTS="1440 1503 1440 1635 1511 1635 1511 1503"/></Shape></Glyph><Glyph ID="char_103" CONTENT="ו" GC="1.0"><Shape><Polygon POINTS="1369 1504 1369 1636 1440 1635 1440 1503"/></Shape></Glyph><Glyph ID="char_104" CONTENT=" " GC="1.0"><Shape><Polygon POINTS="1306 1504 1306 1636 1369 1636 1369 1504"/></Shape></Glyph><Glyph ID="char_105" CONTENT="ע" GC="1.0"><Shape><Polygon POINTS="1253 1504 1253 1636 1306 1636 1306 1504"/></Shape></Glyph><Glyph ID="char_106" CONTENT="ד" GC="1.0"><Shape><Polygon POINTS="1208 1505 1208 1637 1253 1636 1253 1504"/></Shape></Glyph><Glyph ID="char_107" CONTENT=" " GC="1.0"><Shape><Polygon POINTS="1164 1505 1164 1637 1208 1637 1208 1505"/></Shape></Glyph></String>
          </TextLine>

          
          
          <TextLine ID="eSc_line_1793310" BASELINE="1113 1711 1684 1718 1819 1711 2029 1693 2365 1675" HPOS="1112.0" VPOS="1595.0" WIDTH="1255.0" HEIGHT="175.0">
            <Shape><Polygon POINTS="1113 1631 1684 1638 1814 1631 2022 1614 2360 1595 2367 1727 2033 1745 1821 1763 1683 1770 1112 1763"/></Shape>
	    <String CONTENT="גבור למלחמה וישלחו " HPOS="1112.0" VPOS="1595.0" WIDTH="1255.0" HEIGHT="175.0"><Glyph ID="char_108" CONTENT="ג" GC="1.0"><Shape><Polygon POINTS="2208 1604 2216 1735 2313 1730 2306 1598"/></Shape></Glyph><Glyph ID="char_109" CONTENT="ב" GC="1.0"><Shape><Polygon POINTS="2147 1607 2154 1739 2216 1735 2208 1604"/></Shape></Glyph><Glyph ID="char_110" CONTENT="ו" GC="1.0"><Shape><Polygon POINTS="2102 1610 2109 1741 2154 1739 2147 1607"/></Shape></Glyph><Glyph ID="char_111" CONTENT="ר" GC="1.0"><Shape><Polygon POINTS="2058 1612 2065 1743 2109 1741 2102 1610"/></Shape></Glyph><Glyph ID="char_112" CONTENT=" " GC="1.0"><Shape><Polygon POINTS="2019 1614 2030 1745 2065 1743 2058 1612"/></Shape></Glyph><Glyph ID="char_113" CONTENT="ל" GC="1.0"><Shape><Polygon POINTS="1975 1618 1987 1749 2030 1745 2019 1614"/></Shape></Glyph><Glyph ID="char_114" CONTENT="מ" GC="1.0"><Shape><Polygon POINTS="1923 1622 1934 1753 1987 1749 1975 1618"/></Shape></Glyph><Glyph ID="char_115" CONTENT="ל" GC="1.0"><Shape><Polygon POINTS="1878 1626 1889 1757 1934 1753 1923 1622"/></Shape></Glyph><Glyph ID="char_116" CONTENT="ח" GC="1.0"><Shape><Polygon POINTS="1825 1630 1836 1762 1889 1757 1878 1626"/></Shape></Glyph><Glyph ID="char_117" CONTENT="מ" GC="1.0"><Shape><Polygon POINTS="1739 1635 1746 1767 1836 1762 1825 1630"/></Shape></Glyph><Glyph ID="char_118" CONTENT="ה" GC="1.0"><Shape><Polygon POINTS="1673 1638 1671 1770 1746 1767 1739 1635"/></Shape></Glyph><Glyph ID="char_119" CONTENT=" " GC="1.0"><Shape><Polygon POINTS="1628 1637 1626 1769 1671 1770 1673 1638"/></Shape></Glyph><Glyph ID="char_120" CONTENT="ו" GC="1.0"><Shape><Polygon POINTS="1575 1637 1573 1769 1626 1769 1628 1637"/></Shape></Glyph><Glyph ID="char_121" CONTENT="י" GC="1.0"><Shape><Polygon POINTS="1531 1636 1529 1768 1573 1769 1575 1637"/></Shape></Glyph><Glyph ID="char_122" CONTENT="ש" GC="1.0"><Shape><Polygon POINTS="1468 1635 1466 1767 1529 1768 1531 1636"/></Shape></Glyph><Glyph ID="char_123" CONTENT="ל" GC="1.0"><Shape><Polygon POINTS="1388 1634 1386 1766 1466 1767 1468 1635"/></Shape></Glyph><Glyph ID="char_124" CONTENT="ח" GC="1.0"><Shape><Polygon POINTS="1335 1634 1333 1766 1386 1766 1388 1634"/></Shape></Glyph><Glyph ID="char_125" CONTENT="ו" GC="1.0"><Shape><Polygon POINTS="1300 1633 1298 1765 1333 1766 1335 1634"/></Shape></Glyph><Glyph ID="char_126" CONTENT=" " GC="1.0"><Shape><Polygon POINTS="1184 1632 1182 1764 1298 1765 1300 1633"/></Shape></Glyph></String>
          </TextLine>

          
        </TextBlock>
        

        
      </PrintSpace>
    </Page>
  </Layout>
</alto>