<?xml version='1.0' encoding='UTF-8'?>
<alto xmlns:xsi="http://www.w3.org/2001/XMLSchema-instance" xmlns="http://www.loc.gov/standards/alto/ns-v4#" xsi:schemaLocation="http://www.loc.gov/standards/alto/ns-v4# http://www.loc.gov/standards/alto/v4/alto-4-2.xsd">
  <Description>
    <MeasurementUnit>pixel</MeasurementUnit>
    <sourceImageInformation>
      <fileName>P361-Fg001-R-C01-R01-D02042013-T110300-LR924_012.jpg</fileName>
      
    </sourceImageInformation>
  </Description>
  
  <Tags>
    <OtherTag ID="BT1443" LABEL="Parchment_or_papyrus" DESCRIPTION="block type Parchment_or_papyrus"/><OtherTag ID="BT2" LABEL="Main" DESCRIPTION="block type Main"/>
    
  </Tags>
  
  <Layout>
    <Page WIDTH="3608" HEIGHT="2706" PHYSICAL_IMG_NR="435" ID="eSc_dummypage_">
      <PrintSpace HPOS="0" VPOS="0" WIDTH="3608" HEIGHT="2706">
        
        <TextBlock HPOS="1065.0" VPOS="762.0" WIDTH="1650.0" HEIGHT="1252.0" ID="eSc_textblock_9f8c9ad7" TAGREFS="BT2">
          <Shape><Polygon POINTS="2715 762 2715 2014 1065 2014 1065 762"/></Shape>
          
          
          <TextLine ID="eSc_line_1793293" BASELINE="1321 902 1285 895 1305 892 1434 897 1878 917 1833 908" HPOS="1269.0" VPOS="812.0" WIDTH="612.0" HEIGHT="174.0">
            <Shape><Polygon POINTS="1305 980 1269 973 1293 812 1437 816 1881 836 1817 986 1875 970 1431 950 1312 945 1295 842 1331 849"/></Shape>
	    <String CONTENT=" הם שמת " HPOS="1269.0" VPOS="812.0" WIDTH="612.0" HEIGHT="174.0"><Glyph ID="char_0" CONTENT=" " GC="1.0"><Shape><Polygon POINTS="1383 814 1378 948 1505 953 1511 819"/></Shape></Glyph><Glyph ID="char_1" CONTENT="ה" GC="1.0"><Shape><Polygon POINTS="1314 813 1308 966 1378 948 1383 814"/></Shape></Glyph><Glyph ID="char_2" CONTENT="ם" GC="1.0"><Shape><Polygon POINTS="1320 945 1346 813 1308 966 1314 813"/></Shape></Glyph><Glyph ID="char_3" CONTENT=" " GC="1.0"><Shape><Polygon POINTS="1339 946 1365 814 1346 813 1320 945"/></Shape></Glyph><Glyph ID="char_4" CONTENT="ש" GC="1.0"><Shape><Polygon POINTS="1400 949 1426 816 1365 814 1339 946"/></Shape></Glyph><Glyph ID="char_5" CONTENT="מ" GC="1.0"><Shape><Polygon POINTS="1489 953 1515 820 1426 816 1400 949"/></Shape></Glyph><Glyph ID="char_6" CONTENT="ת" GC="1.0"><Shape><Polygon POINTS="1529 954 1555 821 1515 820 1489 953"/></Shape></Glyph><Glyph ID="char_7" CONTENT=" " GC="1.0"><Shape><Polygon POINTS="1589 957 1615 824 1555 821 1529 954"/></Shape></Glyph></String>
          </TextLine>

          
          
          <TextLine ID="eSc_line_1793294" BASELINE="1109 1023 1208 1019 1461 1039 1749 1041 1905 1050 2029 1058 2478 1041" HPOS="1105.0" VPOS="938.0" WIDTH="1375.0" HEIGHT="173.0">
            <Shape><Polygon POINTS="1105 942 1204 938 1467 958 1749 960 1909 969 2034 977 2474 960 2480 1094 2025 1111 1901 1103 1748 1094 1456 1092 1210 1072 1111 1076"/></Shape>
	    <String CONTENT=" ו ממכה ונית כ " HPOS="1105.0" VPOS="938.0" WIDTH="1375.0" HEIGHT="173.0"><Glyph ID="char_8" CONTENT=" " GC="1.0"><Shape><Polygon POINTS="1969 973 1960 1107 2308 1100 2303 967"/></Shape></Glyph><Glyph ID="char_9" CONTENT="ו" GC="1.0"><Shape><Polygon POINTS="1779 962 1771 1095 1960 1107 1969 973"/></Shape></Glyph><Glyph ID="char_10" CONTENT=" " GC="1.0"><Shape><Polygon POINTS="1721 960 1720 1094 1771 1095 1779 962"/></Shape></Glyph><Glyph ID="char_11" CONTENT="מ" GC="1.0"><Shape><Polygon POINTS="1658 959 1657 1093 1720 1094 1721 960"/></Shape></Glyph><Glyph ID="char_12" CONTENT="מ" GC="1.0"><Shape><Polygon POINTS="1595 959 1594 1093 1657 1093 1658 959"/></Shape></Glyph><Glyph ID="char_13" CONTENT="כ" GC="1.0"><Shape><Polygon POINTS="1532 958 1531 1093 1594 1093 1595 959"/></Shape></Glyph><Glyph ID="char_14" CONTENT="ה" GC="1.0"><Shape><Polygon POINTS="1457 957 1446 1091 1531 1093 1532 958"/></Shape></Glyph><Glyph ID="char_15" CONTENT=" " GC="1.0"><Shape><Polygon POINTS="1385 952 1374 1085 1446 1091 1457 957"/></Shape></Glyph><Glyph ID="char_16" CONTENT="ו" GC="1.0"><Shape><Polygon POINTS="1349 949 1338 1082 1374 1085 1385 952"/></Shape></Glyph><Glyph ID="char_17" CONTENT="נ" GC="1.0"><Shape><Polygon POINTS="1303 946 1292 1079 1338 1082 1349 949"/></Shape></Glyph><Glyph ID="char_18" CONTENT="י" GC="1.0"><Shape><Polygon POINTS="1249 941 1239 1074 1292 1079 1303 946"/></Shape></Glyph><Glyph ID="char_19" CONTENT="ת" GC="1.0"><Shape><Polygon POINTS="1186 939 1191 1073 1239 1074 1249 941"/></Shape></Glyph><Glyph ID="char_20" CONTENT=" " GC="1.0"><Shape><Polygon POINTS="1159 940 1164 1074 1191 1073 1186 939"/></Shape></Glyph><Glyph ID="char_21" CONTENT="כ" GC="1.0"><Shape><Polygon POINTS="1141 941 1146 1075 1164 1074 1159 940"/></Shape></Glyph><Glyph ID="char_22" CONTENT=" " GC="1.0"><Shape><Polygon POINTS="1108 1023 1143 1021"/></Shape></Glyph></String>
          </TextLine>

          
          
          <TextLine ID="eSc_line_1793296" BASELINE="1353 1174 1463 1192 1594 1201 1898 1201 2006 1170 2083 1163 2149 1161 2291 1165 2403 1174 2505 1174" HPOS="1344.0" VPOS="1080.0" WIDTH="1161.0" HEIGHT="174.0">
            <Shape><Polygon POINTS="1365 1094 1475 1112 1599 1120 1898 1120 1983 1092 2075 1082 2146 1080 2293 1084 2409 1093 2505 1093 2505 1227 2398 1227 2289 1218 2150 1214 2087 1216 2020 1221 1898 1254 1590 1254 1454 1244 1344 1226"/></Shape>
	    <String CONTENT=" ואת זרעך ת השמים " HPOS="1344.0" VPOS="1080.0" WIDTH="1161.0" HEIGHT="174.0"><Glyph ID="char_23" CONTENT=" " GC="1.0"><Shape><Polygon POINTS="2477 1093 2477 1227 2503 1227 2503 1093"/></Shape></Glyph><Glyph ID="char_24" CONTENT="ו" GC="1.0"><Shape><Polygon POINTS="2431 1093 2431 1227 2477 1227 2477 1093"/></Shape></Glyph><Glyph ID="char_25" CONTENT="א" GC="1.0"><Shape><Polygon POINTS="2384 1091 2373 1225 2431 1227 2431 1093"/></Shape></Glyph><Glyph ID="char_26" CONTENT="ת" GC="1.0"><Shape><Polygon POINTS="2339 1088 2328 1221 2373 1225 2384 1091"/></Shape></Glyph><Glyph ID="char_27" CONTENT=" " GC="1.0"><Shape><Polygon POINTS="2290 1084 2286 1218 2328 1221 2339 1088"/></Shape></Glyph><Glyph ID="char_28" CONTENT="ז" GC="1.0"><Shape><Polygon POINTS="2235 1082 2231 1216 2286 1218 2290 1084"/></Shape></Glyph><Glyph ID="char_29" CONTENT="ר" GC="1.0"><Shape><Polygon POINTS="2190 1081 2186 1215 2231 1216 2235 1082"/></Shape></Glyph><Glyph ID="char_30" CONTENT="ע" GC="1.0"><Shape><Polygon POINTS="2131 1080 2135 1214 2186 1215 2190 1081"/></Shape></Glyph><Glyph ID="char_31" CONTENT="ך" GC="1.0"><Shape><Polygon POINTS="2085 1082 2089 1216 2135 1214 2131 1080"/></Shape></Glyph><Glyph ID="char_32" CONTENT=" " GC="1.0"><Shape><Polygon POINTS="1916 1114 1952 1239 2089 1216 2085 1082"/></Shape></Glyph><Glyph ID="char_33" CONTENT="ת" GC="1.0"><Shape><Polygon POINTS="1776 1120 1776 1254 1952 1239 1916 1114"/></Shape></Glyph><Glyph ID="char_34" CONTENT=" " GC="1.0"><Shape><Polygon POINTS="1712 1120 1712 1254 1776 1254 1776 1120"/></Shape></Glyph><Glyph ID="char_35" CONTENT="ה" GC="1.0"><Shape><Polygon POINTS="1658 1120 1658 1254 1712 1254 1712 1120"/></Shape></Glyph><Glyph ID="char_36" CONTENT="ש" GC="1.0"><Shape><Polygon POINTS="1591 1119 1581 1253 1658 1254 1658 1120"/></Shape></Glyph><Glyph ID="char_37" CONTENT="מ" GC="1.0"><Shape><Polygon POINTS="1519 1115 1510 1248 1581 1253 1591 1119"/></Shape></Glyph><Glyph ID="char_38" CONTENT="י" GC="1.0"><Shape><Polygon POINTS="1464 1110 1442 1242 1510 1248 1519 1115"/></Shape></Glyph><Glyph ID="char_39" CONTENT="ם" GC="1.0"><Shape><Polygon POINTS="1419 1103 1396 1235 1442 1242 1464 1110"/></Shape></Glyph><Glyph ID="char_40" CONTENT=" " GC="1.0"><Shape><Polygon POINTS="1374 1096 1352 1227 1396 1235 1419 1103"/></Shape></Glyph></String>
          </TextLine>

          
          
          <TextLine ID="eSc_line_1793297" BASELINE="1109 1289 1256 1294 1531 1321 1587 1321 1668 1314 1756 1316 1878 1314 1946 1305 2031 1301 2209 1303 2399 1298 2487 1305" HPOS="1107.0" VPOS="1208.0" WIDTH="1386.0" HEIGHT="166.0">
            <Shape><Polygon POINTS="1111 1208 1258 1213 1538 1240 1587 1240 1661 1233 1757 1235 1876 1233 1935 1225 2027 1220 2209 1222 2396 1217 2493 1224 2482 1358 2400 1351 2208 1356 2033 1354 1953 1358 1878 1367 1754 1369 1672 1367 1587 1374 1525 1374 1254 1347 1107 1342"/></Shape>
	    <String CONTENT=" אבד שמך ך מכול הארץ " HPOS="1107.0" VPOS="1208.0" WIDTH="1386.0" HEIGHT="166.0"><Glyph ID="char_41" CONTENT=" " GC="1.0"><Shape><Polygon POINTS="2448 1221 2437 1354 2473 1357 2484 1223"/></Shape></Glyph><Glyph ID="char_42" CONTENT="א" GC="1.0"><Shape><Polygon POINTS="2412 1218 2401 1351 2437 1354 2448 1221"/></Shape></Glyph><Glyph ID="char_43" CONTENT="ב" GC="1.0"><Shape><Polygon POINTS="2340 1218 2344 1352 2401 1351 2412 1218"/></Shape></Glyph><Glyph ID="char_44" CONTENT="ד" GC="1.0"><Shape><Polygon POINTS="2285 1220 2289 1354 2344 1352 2340 1218"/></Shape></Glyph><Glyph ID="char_45" CONTENT=" " GC="1.0"><Shape><Polygon POINTS="2240 1221 2244 1355 2289 1354 2285 1220"/></Shape></Glyph><Glyph ID="char_46" CONTENT="ש" GC="1.0"><Shape><Polygon POINTS="2162 1221 2161 1355 2244 1355 2240 1221"/></Shape></Glyph><Glyph ID="char_47" CONTENT="מ" GC="1.0"><Shape><Polygon POINTS="2023 1220 2029 1354 2161 1355 2162 1221"/></Shape></Glyph><Glyph ID="char_48" CONTENT="ך" GC="1.0"><Shape><Polygon POINTS="1907 1229 1925 1361 2029 1354 2023 1220"/></Shape></Glyph><Glyph ID="char_49" CONTENT=" " GC="1.0"><Shape><Polygon POINTS="1836 1234 1838 1368 1925 1361 1907 1229"/></Shape></Glyph><Glyph ID="char_50" CONTENT="ך" GC="1.0"><Shape><Polygon POINTS="1755 1235 1757 1369 1838 1368 1836 1234"/></Shape></Glyph><Glyph ID="char_51" CONTENT=" " GC="1.0"><Shape><Polygon POINTS="1695 1234 1692 1367 1757 1369 1755 1235"/></Shape></Glyph><Glyph ID="char_52" CONTENT="מ" GC="1.0"><Shape><Polygon POINTS="1596 1239 1607 1372 1692 1367 1695 1234"/></Shape></Glyph><Glyph ID="char_53" CONTENT="כ" GC="1.0"><Shape><Polygon POINTS="1549 1240 1549 1374 1607 1372 1596 1239"/></Shape></Glyph><Glyph ID="char_54" CONTENT="ו" GC="1.0"><Shape><Polygon POINTS="1521 1238 1507 1372 1549 1374 1549 1240"/></Shape></Glyph><Glyph ID="char_55" CONTENT="ל" GC="1.0"><Shape><Polygon POINTS="1494 1236 1481 1370 1507 1372 1521 1238"/></Shape></Glyph><Glyph ID="char_56" CONTENT=" " GC="1.0"><Shape><Polygon POINTS="1431 1230 1418 1363 1481 1370 1494 1236"/></Shape></Glyph><Glyph ID="char_57" CONTENT="ה" GC="1.0"><Shape><Polygon POINTS="1341 1221 1328 1354 1418 1363 1431 1230"/></Shape></Glyph><Glyph ID="char_58" CONTENT="א" GC="1.0"><Shape><Polygon POINTS="1288 1216 1275 1349 1328 1354 1341 1221"/></Shape></Glyph><Glyph ID="char_59" CONTENT="ר" GC="1.0"><Shape><Polygon POINTS="1237 1212 1232 1346 1275 1349 1288 1216"/></Shape></Glyph><Glyph ID="char_60" CONTENT="ץ" GC="1.0"><Shape><Polygon POINTS="1219 1212 1214 1346 1232 1346 1237 1212"/></Shape></Glyph><Glyph ID="char_61" CONTENT=" " GC="1.0"><Shape><Polygon POINTS="1156 1210 1151 1343 1214 1346 1219 1212"/></Shape></Glyph></String>
          </TextLine>

          
          
          <TextLine ID="eSc_line_1793299" BASELINE="1041 1425 1420 1445 1513 1438 1544 1449 1718 1445 1826 1436 2018 1427 2124 1431 2304 1427 2532 1429" HPOS="1038.0" VPOS="1344.0" WIDTH="1494.0" HEIGHT="155.0">
            <Shape><Polygon POINTS="1045 1344 1424 1364 1506 1357 1570 1373 1716 1364 1819 1355 2014 1346 2127 1350 2302 1346 2532 1348 2531 1482 2305 1480 2121 1484 2020 1480 1830 1489 1719 1498 1526 1499 1517 1491 1417 1498 1038 1478"/></Shape>
	    <String CONTENT=" עבתם ושמור משמ עליו " HPOS="1038.0" VPOS="1344.0" WIDTH="1494.0" HEIGHT="155.0"><Glyph ID="char_62" CONTENT=" " GC="1.0"><Shape><Polygon POINTS="2477 1348 2476 1482 2521 1482 2522 1348"/></Shape></Glyph><Glyph ID="char_63" CONTENT="ע" GC="1.0"><Shape><Polygon POINTS="2432 1347 2431 1481 2476 1482 2477 1348"/></Shape></Glyph><Glyph ID="char_64" CONTENT="ב" GC="1.0"><Shape><Polygon POINTS="2369 1347 2368 1481 2431 1481 2432 1347"/></Shape></Glyph><Glyph ID="char_65" CONTENT="ת" GC="1.0"><Shape><Polygon POINTS="2306 1346 2305 1480 2368 1481 2369 1347"/></Shape></Glyph><Glyph ID="char_66" CONTENT="ם" GC="1.0"><Shape><Polygon POINTS="2241 1347 2244 1481 2305 1480 2306 1346"/></Shape></Glyph><Glyph ID="char_67" CONTENT=" " GC="1.0"><Shape><Polygon POINTS="2178 1349 2181 1483 2244 1481 2241 1347"/></Shape></Glyph><Glyph ID="char_68" CONTENT="ו" GC="1.0"><Shape><Polygon POINTS="2124 1350 2127 1484 2181 1483 2178 1349"/></Shape></Glyph><Glyph ID="char_69" CONTENT="ש" GC="1.0"><Shape><Polygon POINTS="2057 1348 2052 1481 2127 1484 2124 1350"/></Shape></Glyph><Glyph ID="char_70" CONTENT="מ" GC="1.0"><Shape><Polygon POINTS="1987 1347 1993 1481 2052 1481 2057 1348"/></Shape></Glyph><Glyph ID="char_71" CONTENT="ו" GC="1.0"><Shape><Polygon POINTS="1942 1349 1948 1483 1993 1481 1987 1347"/></Shape></Glyph><Glyph ID="char_72" CONTENT="ר" GC="1.0"><Shape><Polygon POINTS="1888 1352 1894 1486 1948 1483 1942 1349"/></Shape></Glyph><Glyph ID="char_73" CONTENT=" " GC="1.0"><Shape><Polygon POINTS="1813 1356 1824 1489 1894 1486 1888 1352"/></Shape></Glyph><Glyph ID="char_74" CONTENT="מ" GC="1.0"><Shape><Polygon POINTS="1759 1360 1770 1494 1824 1489 1813 1356"/></Shape></Glyph><Glyph ID="char_75" CONTENT="ש" GC="1.0"><Shape><Polygon POINTS="1701 1365 1704 1498 1770 1494 1759 1360"/></Shape></Glyph><Glyph ID="char_76" CONTENT="מ" GC="1.0"><Shape><Polygon POINTS="1501 1357 1511 1491 1704 1498 1701 1365"/></Shape></Glyph><Glyph ID="char_77" CONTENT=" " GC="1.0"><Shape><Polygon POINTS="1323 1359 1316 1493 1511 1491 1501 1357"/></Shape></Glyph><Glyph ID="char_78" CONTENT="ע" GC="1.0"><Shape><Polygon POINTS="1260 1355 1253 1489 1316 1493 1323 1359"/></Shape></Glyph><Glyph ID="char_79" CONTENT="ל" GC="1.0"><Shape><Polygon POINTS="1215 1353 1208 1487 1253 1489 1260 1355"/></Shape></Glyph><Glyph ID="char_80" CONTENT="י" GC="1.0"><Shape><Polygon POINTS="1170 1351 1163 1485 1208 1487 1215 1353"/></Shape></Glyph><Glyph ID="char_81" CONTENT="ו" GC="1.0"><Shape><Polygon POINTS="1134 1349 1127 1483 1163 1485 1170 1351"/></Shape></Glyph><Glyph ID="char_82" CONTENT=" " GC="1.0"><Shape><Polygon POINTS="1071 1345 1064 1479 1127 1483 1134 1349"/></Shape></Glyph></String>
          </TextLine>

          
          
          <TextLine ID="eSc_line_1793301" BASELINE="1517 1583 1740 1580 1885 1569 2171 1562 2273 1555 2430 1553 2539 1558" HPOS="1515.0" VPOS="1472.0" WIDTH="1027.0" HEIGHT="164.0">
            <Shape><Polygon POINTS="1515 1502 1738 1499 1878 1488 2169 1481 2267 1474 2428 1472 2542 1477 2536 1611 2430 1606 2276 1608 2172 1615 1889 1622 1740 1633 1517 1636"/></Shape>
	    <String CONTENT=" מכול תועבתם וש " HPOS="1515.0" VPOS="1472.0" WIDTH="1027.0" HEIGHT="164.0"><Glyph ID="char_83" CONTENT=" " GC="1.0"><Shape><Polygon POINTS="2442 1473 2436 1606 2509 1610 2515 1476"/></Shape></Glyph><Glyph ID="char_84" CONTENT="מ" GC="1.0"><Shape><Polygon POINTS="2383 1473 2385 1607 2436 1606 2442 1473"/></Shape></Glyph><Glyph ID="char_85" CONTENT="כ" GC="1.0"><Shape><Polygon POINTS="2347 1473 2349 1607 2385 1607 2383 1473"/></Shape></Glyph><Glyph ID="char_86" CONTENT="ו" GC="1.0"><Shape><Polygon POINTS="2293 1474 2295 1608 2349 1607 2347 1473"/></Shape></Glyph><Glyph ID="char_87" CONTENT="ל" GC="1.0"><Shape><Polygon POINTS="2225 1477 2234 1611 2295 1608 2293 1474"/></Shape></Glyph><Glyph ID="char_88" CONTENT=" " GC="1.0"><Shape><Polygon POINTS="2180 1480 2189 1614 2234 1611 2225 1477"/></Shape></Glyph><Glyph ID="char_89" CONTENT="ת" GC="1.0"><Shape><Polygon POINTS="2139 1482 2142 1616 2189 1614 2180 1480"/></Shape></Glyph><Glyph ID="char_90" CONTENT="ו" GC="1.0"><Shape><Polygon POINTS="2093 1483 2096 1617 2142 1616 2139 1482"/></Shape></Glyph><Glyph ID="char_91" CONTENT="ע" GC="1.0"><Shape><Polygon POINTS="2039 1484 2042 1618 2096 1617 2093 1483"/></Shape></Glyph><Glyph ID="char_92" CONTENT="ב" GC="1.0"><Shape><Polygon POINTS="1994 1485 1997 1619 2042 1618 2039 1484"/></Shape></Glyph><Glyph ID="char_93" CONTENT="ת" GC="1.0"><Shape><Polygon POINTS="1903 1487 1906 1622 1997 1619 1994 1485"/></Shape></Glyph><Glyph ID="char_94" CONTENT="ם" GC="1.0"><Shape><Polygon POINTS="1818 1493 1828 1627 1906 1622 1903 1487"/></Shape></Glyph><Glyph ID="char_95" CONTENT=" " GC="1.0"><Shape><Polygon POINTS="1714 1499 1716 1633 1828 1627 1818 1493"/></Shape></Glyph><Glyph ID="char_96" CONTENT="ו" GC="1.0"><Shape><Polygon POINTS="1588 1501 1590 1635 1716 1633 1714 1499"/></Shape></Glyph><Glyph ID="char_97" CONTENT="ש" GC="1.0"><Shape><Polygon POINTS="1542 1502 1544 1636 1590 1635 1588 1501"/></Shape></Glyph><Glyph ID="char_98" CONTENT=" " GC="1.0"><Shape><Polygon POINTS="1516 1583 1542 1582"/></Shape></Glyph></String>
          </TextLine>

          
          
          <TextLine ID="eSc_line_1793302" BASELINE="1833 1695 1900 1691 2058 1695 2117 1691 2270 1688 2428 1679 2525 1682 2627 1670" HPOS="1828.0" VPOS="1590.0" WIDTH="805.0" HEIGHT="158.0">
            <Shape><Polygon POINTS="1828 1614 1895 1610 2060 1614 2111 1610 2268 1607 2423 1598 2527 1601 2617 1590 2633 1723 2523 1735 2431 1732 2271 1741 2120 1744 2056 1748 1903 1744 1836 1748"/></Shape>
	    <String CONTENT=" צלח בכול וברכ ב " HPOS="1828.0" VPOS="1590.0" WIDTH="805.0" HEIGHT="158.0"><Glyph ID="char_99" CONTENT=" " GC="1.0"><Shape><Polygon POINTS="2582 1594 2597 1727 2624 1724 2608 1591"/></Shape></Glyph><Glyph ID="char_100" CONTENT="צ" GC="1.0"><Shape><Polygon POINTS="2546 1599 2561 1731 2597 1727 2582 1594"/></Shape></Glyph><Glyph ID="char_101" CONTENT="ל" GC="1.0"><Shape><Polygon POINTS="2494 1600 2490 1734 2561 1731 2546 1599"/></Shape></Glyph><Glyph ID="char_102" CONTENT="ח" GC="1.0"><Shape><Polygon POINTS="2449 1599 2445 1732 2490 1734 2494 1600"/></Shape></Glyph><Glyph ID="char_103" CONTENT=" " GC="1.0"><Shape><Polygon POINTS="2397 1600 2404 1733 2445 1732 2449 1599"/></Shape></Glyph><Glyph ID="char_104" CONTENT="ב" GC="1.0"><Shape><Polygon POINTS="2324 1604 2332 1738 2404 1733 2397 1600"/></Shape></Glyph><Glyph ID="char_105" CONTENT="כ" GC="1.0"><Shape><Polygon POINTS="2279 1606 2287 1740 2332 1738 2324 1604"/></Shape></Glyph><Glyph ID="char_106" CONTENT="ו" GC="1.0"><Shape><Polygon POINTS="2228 1608 2231 1742 2287 1740 2279 1606"/></Shape></Glyph><Glyph ID="char_107" CONTENT="ל" GC="1.0"><Shape><Polygon POINTS="2156 1609 2159 1743 2231 1742 2228 1608"/></Shape></Glyph><Glyph ID="char_108" CONTENT=" " GC="1.0"><Shape><Polygon POINTS="2088 1612 2097 1745 2159 1743 2156 1609"/></Shape></Glyph><Glyph ID="char_109" CONTENT="ו" GC="1.0"><Shape><Polygon POINTS="2051 1614 2047 1748 2097 1745 2088 1612"/></Shape></Glyph><Glyph ID="char_110" CONTENT="ב" GC="1.0"><Shape><Polygon POINTS="1997 1612 1994 1746 2047 1748 2051 1614"/></Shape></Glyph><Glyph ID="char_111" CONTENT="ר" GC="1.0"><Shape><Polygon POINTS="1952 1611 1949 1745 1994 1746 1997 1612"/></Shape></Glyph><Glyph ID="char_112" CONTENT="כ" GC="1.0"><Shape><Polygon POINTS="1915 1610 1912 1744 1949 1745 1952 1611"/></Shape></Glyph><Glyph ID="char_113" CONTENT=" " GC="1.0"><Shape><Polygon POINTS="1890 1610 1898 1744 1912 1744 1915 1610"/></Shape></Glyph><Glyph ID="char_114" CONTENT="ב" GC="1.0"><Shape><Polygon POINTS="1863 1612 1871 1746 1898 1744 1890 1610"/></Shape></Glyph><Glyph ID="char_115" CONTENT=" " GC="1.0"><Shape><Polygon POINTS="1832 1695 1867 1692"/></Shape></Glyph></String>
          </TextLine>

          
          
          <TextLine ID="eSc_line_1803899" BASELINE="1450 1883 1864 1875 2063 1826 2275 1824 2419 1813 2615 1813" HPOS="1448.0" VPOS="1732.0" WIDTH="1167.0" HEIGHT="204.0">
            <Shape><Polygon POINTS="1448 1802 1862 1794 2043 1747 2274 1743 2412 1732 2615 1732 2615 1866 2423 1866 2275 1877 2075 1878 1865 1928 1451 1936"/></Shape>
	    <String CONTENT=" ץ לכול דו ל " HPOS="1448.0" VPOS="1732.0" WIDTH="1167.0" HEIGHT="204.0"><Glyph ID="char_116" CONTENT=" " GC="1.0"><Shape><Polygon POINTS="2561 1732 2561 1866 2606 1866 2606 1732"/></Shape></Glyph><Glyph ID="char_117" CONTENT="ץ" GC="1.0"><Shape><Polygon POINTS="2516 1732 2516 1866 2561 1866 2561 1732"/></Shape></Glyph><Glyph ID="char_118" CONTENT=" " GC="1.0"><Shape><Polygon POINTS="2462 1732 2462 1866 2516 1866 2516 1732"/></Shape></Glyph><Glyph ID="char_119" CONTENT="ל" GC="1.0"><Shape><Polygon POINTS="2410 1732 2421 1866 2462 1866 2462 1732"/></Shape></Glyph><Glyph ID="char_120" CONTENT="כ" GC="1.0"><Shape><Polygon POINTS="2374 1735 2385 1869 2421 1866 2410 1732"/></Shape></Glyph><Glyph ID="char_121" CONTENT="ו" GC="1.0"><Shape><Polygon POINTS="2330 1739 2340 1872 2385 1869 2374 1735"/></Shape></Glyph><Glyph ID="char_122" CONTENT="ל" GC="1.0"><Shape><Polygon POINTS="2275 1743 2285 1876 2340 1872 2330 1739"/></Shape></Glyph><Glyph ID="char_123" CONTENT=" " GC="1.0"><Shape><Polygon POINTS="2235 1744 2236 1877 2285 1876 2275 1743"/></Shape></Glyph><Glyph ID="char_124" CONTENT="ד" GC="1.0"><Shape><Polygon POINTS="2181 1745 2182 1877 2236 1877 2235 1744"/></Shape></Glyph><Glyph ID="char_125" CONTENT="ו" GC="1.0"><Shape><Polygon POINTS="1941 1774 1973 1902 2182 1877 2181 1745"/></Shape></Glyph><Glyph ID="char_126" CONTENT=" " GC="1.0"><Shape><Polygon POINTS="1736 1796 1739 1930 1973 1902 1941 1774"/></Shape></Glyph><Glyph ID="char_127" CONTENT="ל" GC="1.0"><Shape><Polygon POINTS="1627 1799 1630 1933 1739 1930 1736 1796"/></Shape></Glyph><Glyph ID="char_128" CONTENT=" " GC="1.0"><Shape><Polygon POINTS="1492 1801 1495 1935 1630 1933 1627 1799"/></Shape></Glyph></String>
          </TextLine>

          
          
          <TextLine ID="eSc_line_1793304" BASELINE="2372 1968 2539 1979 2579 1970" HPOS="2368.0" VPOS="1887.0" WIDTH="222.0" HEIGHT="145.0">
            <Shape><Polygon POINTS="2377 1887 2544 1898 2561 1891 2590 2022 2535 2032 2368 2021"/></Shape>
	    <String CONTENT=" ל הי " HPOS="2368.0" VPOS="1887.0" WIDTH="222.0" HEIGHT="145.0"><Glyph ID="char_129" CONTENT=" " GC="1.0"><Shape><Polygon POINTS="2540 1898 2531 2032 2573 2025 2544 1898"/></Shape></Glyph><Glyph ID="char_130" CONTENT="ל" GC="1.0"><Shape><Polygon POINTS="2530 1897 2521 2031 2531 2032 2540 1898"/></Shape></Glyph><Glyph ID="char_131" CONTENT=" " GC="1.0"><Shape><Polygon POINTS="2503 1895 2494 2029 2521 2031 2530 1897"/></Shape></Glyph><Glyph ID="char_132" CONTENT="ה" GC="1.0"><Shape><Polygon POINTS="2468 1893 2458 2027 2494 2029 2503 1895"/></Shape></Glyph><Glyph ID="char_133" CONTENT="י" GC="1.0"><Shape><Polygon POINTS="2432 1891 2422 2025 2458 2027 2468 1893"/></Shape></Glyph><Glyph ID="char_134" CONTENT=" " GC="1.0"><Shape><Polygon POINTS="2386 1888 2376 2022 2422 2025 2432 1891"/></Shape></Glyph></String>
          </TextLine>

          
        </TextBlock>
        

        
      </PrintSpace>
    </Page>
  </Layout>
</alto>