<?xml version='1.0' encoding='UTF-8'?>
<alto xmlns:xsi="http://www.w3.org/2001/XMLSchema-instance" xmlns="http://www.loc.gov/standards/alto/ns-v4#" xsi:schemaLocation="http://www.loc.gov/standards/alto/ns-v4# http://www.loc.gov/standards/alto/v4/alto-4-2.xsd">
  <Description>
    <MeasurementUnit>pixel</MeasurementUnit>
    <sourceImageInformation>
      <fileName>P363-Fg002-R-C01-R01-D16062014-T141402-LR924_012.jpg</fileName>
      
    </sourceImageInformation>
  </Description>
  
  <Tags>
    <OtherTag ID="BT1443" LABEL="Parchment_or_papyrus" DESCRIPTION="block type Parchment_or_papyrus"/><OtherTag ID="BT2" LABEL="Main" DESCRIPTION="block type Main"/>
    
  </Tags>
  
  <Layout>
    <Page WIDTH="3608" HEIGHT="2706" PHYSICAL_IMG_NR="96" ID="eSc_dummypage_">
      <PrintSpace HPOS="0" VPOS="0" WIDTH="3608" HEIGHT="2706">
        
        <TextBlock HPOS="289.0" VPOS="681.0" WIDTH="2805.0" HEIGHT="1317.0" ID="eSc_textblock_c3fffca9" TAGREFS="BT2">
          <Shape><Polygon POINTS="289 681 289 1998 3094 1998 3094 681"/></Shape>
          
          
          <TextLine ID="eSc_line_1793354" BASELINE="399 821 660 869 2040 836 2130 832 2245 836 2372 836 2629 832 2730 847" HPOS="389.0" VPOS="740.0" WIDTH="2352.0" HEIGHT="182.0">
            <Shape><Polygon POINTS="413 740 674 788 2038 754 2126 750 2247 754 2372 754 2627 750 2741 766 2722 900 2629 886 2372 890 2243 890 2132 886 2041 890 650 922 389 874"/></Shape>
	    <String CONTENT=" צ " HPOS="389.0" VPOS="740.0" WIDTH="2352.0" HEIGHT="182.0"><Glyph ID="char_0" CONTENT=" " GC="1.0"><Shape><Polygon POINTS="2619 750 2621 886 2693 896 2713 762"/></Shape></Glyph><Glyph ID="char_1" CONTENT="צ" GC="1.0"><Shape><Polygon POINTS="2417 753 2419 889 2621 886 2619 750"/></Shape></Glyph><Glyph ID="char_2" CONTENT=" " GC="1.0"><Shape><Polygon POINTS="1317 772 1321 907 2419 889 2417 753"/></Shape></Glyph></String>
          </TextLine>

          
          
          <TextLine ID="eSc_line_1803902" BASELINE="391 897 751 1037 969 1044 1066 1039 1452 1048 1675 960 1997 958 2306 960 2397 965 2762 962 2881 969 3026 960" HPOS="371.0" VPOS="820.0" WIDTH="2658.0" HEIGHT="282.0">
            <Shape><Polygon POINTS="420 820 780 960 971 962 1061 957 1453 966 1645 884 1996 876 2306 878 2401 883 2761 880 2885 887 3020 878 3029 1014 2877 1023 2762 1016 2394 1019 2305 1014 1997 1012 1694 1010 1450 1102 1068 1093 967 1098 731 1087 371 947"/></Shape>
	    <String CONTENT="ימות רשע והיה צדק א ציו וג " HPOS="371.0" VPOS="820.0" WIDTH="2658.0" HEIGHT="282.0"><Glyph ID="char_3" CONTENT="י" GC="1.0"><Shape><Polygon POINTS="2929 884 2937 1019 2991 1016 2983 880"/></Shape></Glyph><Glyph ID="char_4" CONTENT="מ" GC="1.0"><Shape><Polygon POINTS="2892 887 2900 1022 2937 1019 2929 884"/></Shape></Glyph><Glyph ID="char_5" CONTENT="ו" GC="1.0"><Shape><Polygon POINTS="2856 885 2848 1021 2900 1022 2892 887"/></Shape></Glyph><Glyph ID="char_6" CONTENT="ת" GC="1.0"><Shape><Polygon POINTS="2820 883 2812 1019 2848 1021 2856 885"/></Shape></Glyph><Glyph ID="char_7" CONTENT=" " GC="1.0"><Shape><Polygon POINTS="2774 881 2766 1016 2812 1019 2820 883"/></Shape></Glyph><Glyph ID="char_8" CONTENT="ר" GC="1.0"><Shape><Polygon POINTS="2714 880 2715 1016 2766 1016 2774 881"/></Shape></Glyph><Glyph ID="char_9" CONTENT="ש" GC="1.0"><Shape><Polygon POINTS="2650 881 2651 1017 2715 1016 2714 880"/></Shape></Glyph><Glyph ID="char_10" CONTENT="ע" GC="1.0"><Shape><Polygon POINTS="2577 882 2578 1018 2651 1017 2650 881"/></Shape></Glyph><Glyph ID="char_11" CONTENT=" " GC="1.0"><Shape><Polygon POINTS="2531 882 2532 1018 2578 1018 2577 882"/></Shape></Glyph><Glyph ID="char_12" CONTENT="ו" GC="1.0"><Shape><Polygon POINTS="2486 882 2487 1018 2532 1018 2531 882"/></Shape></Glyph><Glyph ID="char_13" CONTENT="ה" GC="1.0"><Shape><Polygon POINTS="2422 883 2423 1019 2487 1018 2486 882"/></Shape></Glyph><Glyph ID="char_14" CONTENT="י" GC="1.0"><Shape><Polygon POINTS="2363 881 2355 1017 2423 1019 2422 883"/></Shape></Glyph><Glyph ID="char_15" CONTENT="ה" GC="1.0"><Shape><Polygon POINTS="2295 878 2294 1014 2355 1017 2363 881"/></Shape></Glyph><Glyph ID="char_16" CONTENT=" " GC="1.0"><Shape><Polygon POINTS="2240 878 2239 1014 2294 1014 2295 878"/></Shape></Glyph><Glyph ID="char_17" CONTENT="צ" GC="1.0"><Shape><Polygon POINTS="2194 877 2193 1013 2239 1014 2240 878"/></Shape></Glyph><Glyph ID="char_18" CONTENT="ד" GC="1.0"><Shape><Polygon POINTS="2130 877 2129 1013 2193 1013 2194 877"/></Shape></Glyph><Glyph ID="char_19" CONTENT="ק" GC="1.0"><Shape><Polygon POINTS="2075 877 2074 1013 2129 1013 2130 877"/></Shape></Glyph><Glyph ID="char_20" CONTENT=" " GC="1.0"><Shape><Polygon POINTS="2029 876 2028 1012 2074 1013 2075 877"/></Shape></Glyph><Glyph ID="char_21" CONTENT="א" GC="1.0"><Shape><Polygon POINTS="1754 882 1755 1010 2028 1012 2029 876"/></Shape></Glyph><Glyph ID="char_22" CONTENT=" " GC="1.0"><Shape><Polygon POINTS="1438 966 1486 1088 1755 1010 1754 882"/></Shape></Glyph><Glyph ID="char_23" CONTENT="צ" GC="1.0"><Shape><Polygon POINTS="1407 965 1404 1101 1486 1088 1438 966"/></Shape></Glyph><Glyph ID="char_24" CONTENT="י" GC="1.0"><Shape><Polygon POINTS="1389 965 1386 1100 1404 1101 1407 965"/></Shape></Glyph><Glyph ID="char_25" CONTENT="ו" GC="1.0"><Shape><Polygon POINTS="1008 960 1015 1096 1386 1100 1389 965"/></Shape></Glyph><Glyph ID="char_26" CONTENT=" " GC="1.0"><Shape><Polygon POINTS="590 886 541 1013 1015 1096 1008 960"/></Shape></Glyph><Glyph ID="char_27" CONTENT="ו" GC="1.0"><Shape><Polygon POINTS="488 846 438 973 541 1013 590 886"/></Shape></Glyph><Glyph ID="char_28" CONTENT="ג" GC="1.0"><Shape><Polygon POINTS="454 833 405 960 438 973 488 846"/></Shape></Glyph><Glyph ID="char_29" CONTENT=" " GC="1.0"><Shape><Polygon POINTS="390 896 424 909"/></Shape></Glyph></String>
          </TextLine>

          
          
          <TextLine ID="eSc_line_1793352" BASELINE="306 1075 426 1122 509 1147 965 1183 1339 1150 1454 1141 1652 1107 1707 1102 1923 1095 2076 1104 2796 1113 2956 1107 3105 1091" HPOS="286.0" VPOS="999.0" WIDTH="2824.0" HEIGHT="238.0">
            <Shape><Polygon POINTS="335 999 455 1046 532 1068 971 1101 1331 1068 1447 1059 1638 1026 1699 1020 1920 1013 2080 1022 2797 1031 2952 1025 3096 1009 3110 1145 2958 1161 2795 1167 2072 1158 1924 1149 1711 1156 1661 1160 1458 1195 1343 1204 960 1237 493 1199 406 1172 286 1125"/></Shape>
	    <String CONTENT="ונמר עם גדי ירבצו ועגל וכפיר ומריא יחדיו ונער קטן נו " HPOS="286.0" VPOS="999.0" WIDTH="2824.0" HEIGHT="238.0"><Glyph ID="char_30" CONTENT="ו" GC="1.0"><Shape><Polygon POINTS="2976 1022 2991 1158 3063 1150 3049 1014"/></Shape></Glyph><Glyph ID="char_31" CONTENT="נ" GC="1.0"><Shape><Polygon POINTS="2927 1026 2932 1162 2991 1158 2976 1022"/></Shape></Glyph><Glyph ID="char_32" CONTENT="מ" GC="1.0"><Shape><Polygon POINTS="2854 1029 2859 1165 2932 1162 2927 1026"/></Shape></Glyph><Glyph ID="char_33" CONTENT="ר" GC="1.0"><Shape><Polygon POINTS="2799 1031 2804 1167 2859 1165 2854 1029"/></Shape></Glyph><Glyph ID="char_34" CONTENT=" " GC="1.0"><Shape><Polygon POINTS="2766 1031 2765 1167 2804 1167 2799 1031"/></Shape></Glyph><Glyph ID="char_35" CONTENT="ע" GC="1.0"><Shape><Polygon POINTS="2702 1030 2701 1166 2765 1167 2766 1031"/></Shape></Glyph><Glyph ID="char_36" CONTENT="ם" GC="1.0"><Shape><Polygon POINTS="2638 1029 2637 1165 2701 1166 2702 1030"/></Shape></Glyph><Glyph ID="char_37" CONTENT=" " GC="1.0"><Shape><Polygon POINTS="2574 1028 2573 1164 2637 1165 2638 1029"/></Shape></Glyph><Glyph ID="char_38" CONTENT="ג" GC="1.0"><Shape><Polygon POINTS="2510 1027 2509 1163 2573 1164 2574 1028"/></Shape></Glyph><Glyph ID="char_39" CONTENT="ד" GC="1.0"><Shape><Polygon POINTS="2446 1027 2445 1163 2509 1163 2510 1027"/></Shape></Glyph><Glyph ID="char_40" CONTENT="י" GC="1.0"><Shape><Polygon POINTS="2400 1026 2399 1162 2445 1163 2446 1027"/></Shape></Glyph><Glyph ID="char_41" CONTENT=" " GC="1.0"><Shape><Polygon POINTS="2364 1026 2363 1162 2399 1162 2400 1026"/></Shape></Glyph><Glyph ID="char_42" CONTENT="י" GC="1.0"><Shape><Polygon POINTS="2318 1025 2317 1161 2363 1162 2364 1026"/></Shape></Glyph><Glyph ID="char_43" CONTENT="ר" GC="1.0"><Shape><Polygon POINTS="2263 1024 2262 1160 2317 1161 2318 1025"/></Shape></Glyph><Glyph ID="char_44" CONTENT="ב" GC="1.0"><Shape><Polygon POINTS="2199 1023 2198 1160 2262 1160 2263 1024"/></Shape></Glyph><Glyph ID="char_45" CONTENT="צ" GC="1.0"><Shape><Polygon POINTS="2135 1023 2134 1159 2198 1160 2199 1023"/></Shape></Glyph><Glyph ID="char_46" CONTENT="ו" GC="1.0"><Shape><Polygon POINTS="2089 1022 2088 1158 2134 1159 2135 1023"/></Shape></Glyph><Glyph ID="char_47" CONTENT=" " GC="1.0"><Shape><Polygon POINTS="2056 1021 2048 1157 2088 1158 2089 1022"/></Shape></Glyph><Glyph ID="char_48" CONTENT="ו" GC="1.0"><Shape><Polygon POINTS="2011 1018 2003 1154 2048 1157 2056 1021"/></Shape></Glyph><Glyph ID="char_49" CONTENT="ע" GC="1.0"><Shape><Polygon POINTS="1956 1015 1948 1150 2003 1154 2011 1018"/></Shape></Glyph><Glyph ID="char_50" CONTENT="ג" GC="1.0"><Shape><Polygon POINTS="1821 1016 1825 1152 1948 1150 1956 1015"/></Shape></Glyph><Glyph ID="char_51" CONTENT="ל" GC="1.0"><Shape><Polygon POINTS="1720 1019 1725 1156 1825 1152 1821 1016"/></Shape></Glyph><Glyph ID="char_52" CONTENT=" " GC="1.0"><Shape><Polygon POINTS="1697 1020 1710 1156 1725 1156 1720 1019"/></Shape></Glyph><Glyph ID="char_53" CONTENT="ו" GC="1.0"><Shape><Polygon POINTS="1652 1025 1664 1160 1710 1156 1697 1020"/></Shape></Glyph><Glyph ID="char_54" CONTENT="כ" GC="1.0"><Shape><Polygon POINTS="1600 1033 1623 1167 1664 1160 1652 1025"/></Shape></Glyph><Glyph ID="char_55" CONTENT="פ" GC="1.0"><Shape><Polygon POINTS="1573 1037 1596 1171 1623 1167 1600 1033"/></Shape></Glyph><Glyph ID="char_56" CONTENT="י" GC="1.0"><Shape><Polygon POINTS="1528 1045 1551 1179 1596 1171 1573 1037"/></Shape></Glyph><Glyph ID="char_57" CONTENT="ר" GC="1.0"><Shape><Polygon POINTS="1491 1051 1514 1185 1551 1179 1528 1045"/></Shape></Glyph><Glyph ID="char_58" CONTENT=" " GC="1.0"><Shape><Polygon POINTS="1474 1054 1497 1188 1514 1185 1491 1051"/></Shape></Glyph><Glyph ID="char_59" CONTENT="ו" GC="1.0"><Shape><Polygon POINTS="1445 1059 1455 1195 1497 1188 1474 1054"/></Shape></Glyph><Glyph ID="char_60" CONTENT="מ" GC="1.0"><Shape><Polygon POINTS="1390 1063 1400 1200 1455 1195 1445 1059"/></Shape></Glyph><Glyph ID="char_61" CONTENT="ר" GC="1.0"><Shape><Polygon POINTS="1325 1069 1337 1205 1400 1200 1390 1063"/></Shape></Glyph><Glyph ID="char_62" CONTENT="י" GC="1.0"><Shape><Polygon POINTS="1280 1073 1292 1208 1337 1205 1325 1069"/></Shape></Glyph><Glyph ID="char_63" CONTENT="א" GC="1.0"><Shape><Polygon POINTS="1225 1078 1237 1213 1292 1208 1280 1073"/></Shape></Glyph><Glyph ID="char_64" CONTENT=" " GC="1.0"><Shape><Polygon POINTS="1180 1082 1192 1217 1237 1213 1225 1078"/></Shape></Glyph><Glyph ID="char_65" CONTENT="י" GC="1.0"><Shape><Polygon POINTS="1143 1085 1155 1220 1192 1217 1180 1082"/></Shape></Glyph><Glyph ID="char_66" CONTENT="ח" GC="1.0"><Shape><Polygon POINTS="1098 1089 1110 1224 1155 1220 1143 1085"/></Shape></Glyph><Glyph ID="char_67" CONTENT="ד" GC="1.0"><Shape><Polygon POINTS="997 1099 1009 1233 1110 1224 1098 1089"/></Shape></Glyph><Glyph ID="char_68" CONTENT="י" GC="1.0"><Shape><Polygon POINTS="929 1098 919 1234 1009 1233 997 1099"/></Shape></Glyph><Glyph ID="char_69" CONTENT="ו" GC="1.0"><Shape><Polygon POINTS="910 1096 900 1232 919 1234 929 1098"/></Shape></Glyph><Glyph ID="char_70" CONTENT=" " GC="1.0"><Shape><Polygon POINTS="892 1095 882 1231 900 1232 910 1096"/></Shape></Glyph><Glyph ID="char_71" CONTENT="ו" GC="1.0"><Shape><Polygon POINTS="874 1094 864 1229 882 1231 892 1095"/></Shape></Glyph><Glyph ID="char_72" CONTENT="נ" GC="1.0"><Shape><Polygon POINTS="847 1092 836 1227 864 1229 874 1094"/></Shape></Glyph><Glyph ID="char_73" CONTENT="ע" GC="1.0"><Shape><Polygon POINTS="765 1085 754 1220 836 1227 847 1092"/></Shape></Glyph><Glyph ID="char_74" CONTENT="ר" GC="1.0"><Shape><Polygon POINTS="692 1080 681 1214 754 1220 765 1085"/></Shape></Glyph><Glyph ID="char_75" CONTENT=" " GC="1.0"><Shape><Polygon POINTS="664 1078 653 1212 681 1214 692 1080"/></Shape></Glyph><Glyph ID="char_76" CONTENT="ק" GC="1.0"><Shape><Polygon POINTS="609 1074 599 1208 653 1212 664 1078"/></Shape></Glyph><Glyph ID="char_77" CONTENT="ט" GC="1.0"><Shape><Polygon POINTS="536 1068 526 1202 599 1208 609 1074"/></Shape></Glyph><Glyph ID="char_78" CONTENT="ן" GC="1.0"><Shape><Polygon POINTS="492 1056 452 1186 526 1202 536 1068"/></Shape></Glyph><Glyph ID="char_79" CONTENT=" " GC="1.0"><Shape><Polygon POINTS="456 1046 417 1175 452 1186 492 1056"/></Shape></Glyph><Glyph ID="char_80" CONTENT="נ" GC="1.0"><Shape><Polygon POINTS="411 1029 361 1154 417 1175 456 1046"/></Shape></Glyph><Glyph ID="char_81" CONTENT="ו" GC="1.0"><Shape><Polygon POINTS="369 1012 319 1138 361 1154 411 1029"/></Shape></Glyph><Glyph ID="char_82" CONTENT=" " GC="1.0"><Shape><Polygon POINTS="305 1074 339 1087"/></Shape></Glyph></String>
          </TextLine>

          
          
          <TextLine ID="eSc_line_1793337" BASELINE="428 1294 563 1303 827 1301 1032 1310 1118 1310 1233 1298 1758 1226 1925 1231 2024 1237 2128 1237 2214 1244 2475 1253 3120 1244" HPOS="424.0" VPOS="1145.0" WIDTH="2696.0" HEIGHT="219.0">
            <Shape><Polygon POINTS="433 1212 568 1221 826 1219 1035 1228 1118 1228 1224 1216 1746 1145 1927 1149 2028 1155 2128 1155 2220 1162 2477 1171 3118 1162 3120 1298 2473 1307 2209 1298 2128 1291 2020 1291 1923 1285 1765 1279 1238 1352 1118 1364 1029 1364 827 1355 559 1357 424 1348"/></Shape>
	    <String CONTENT="ודוב תרעינה יחדיו ירבצו לדיהן וארי כבקר יואכל ת " HPOS="424.0" VPOS="1145.0" WIDTH="2696.0" HEIGHT="219.0"><Glyph ID="char_83" CONTENT="ו" GC="1.0"><Shape><Polygon POINTS="2990 1164 2992 1300 3074 1299 3072 1163"/></Shape></Glyph><Glyph ID="char_84" CONTENT="ד" GC="1.0"><Shape><Polygon POINTS="2926 1165 2928 1301 2992 1300 2990 1164"/></Shape></Glyph><Glyph ID="char_85" CONTENT="ו" GC="1.0"><Shape><Polygon POINTS="2862 1166 2864 1302 2928 1301 2926 1165"/></Shape></Glyph><Glyph ID="char_86" CONTENT="ב" GC="1.0"><Shape><Polygon POINTS="2816 1166 2818 1302 2864 1302 2862 1166"/></Shape></Glyph><Glyph ID="char_87" CONTENT=" " GC="1.0"><Shape><Polygon POINTS="2770 1167 2772 1303 2818 1302 2816 1166"/></Shape></Glyph><Glyph ID="char_88" CONTENT="ת" GC="1.0"><Shape><Polygon POINTS="2697 1168 2699 1304 2772 1303 2770 1167"/></Shape></Glyph><Glyph ID="char_89" CONTENT="ר" GC="1.0"><Shape><Polygon POINTS="2633 1169 2635 1305 2699 1304 2697 1168"/></Shape></Glyph><Glyph ID="char_90" CONTENT="ע" GC="1.0"><Shape><Polygon POINTS="2560 1170 2562 1306 2635 1305 2633 1169"/></Shape></Glyph><Glyph ID="char_91" CONTENT="י" GC="1.0"><Shape><Polygon POINTS="2496 1171 2498 1307 2562 1306 2560 1170"/></Shape></Glyph><Glyph ID="char_92" CONTENT="נ" GC="1.0"><Shape><Polygon POINTS="2436 1170 2431 1306 2498 1307 2496 1171"/></Shape></Glyph><Glyph ID="char_93" CONTENT="ה" GC="1.0"><Shape><Polygon POINTS="2381 1168 2376 1304 2431 1306 2436 1170"/></Shape></Glyph><Glyph ID="char_94" CONTENT=" " GC="1.0"><Shape><Polygon POINTS="2335 1166 2330 1302 2376 1304 2381 1168"/></Shape></Glyph><Glyph ID="char_95" CONTENT="י" GC="1.0"><Shape><Polygon POINTS="2289 1164 2284 1301 2330 1302 2335 1166"/></Shape></Glyph><Glyph ID="char_96" CONTENT="ח" GC="1.0"><Shape><Polygon POINTS="2220 1162 2209 1298 2284 1301 2289 1164"/></Shape></Glyph><Glyph ID="char_97" CONTENT="ד" GC="1.0"><Shape><Polygon POINTS="2156 1157 2145 1292 2209 1298 2220 1162"/></Shape></Glyph><Glyph ID="char_98" CONTENT="י" GC="1.0"><Shape><Polygon POINTS="2104 1155 2104 1291 2145 1292 2156 1157"/></Shape></Glyph><Glyph ID="char_99" CONTENT="ו" GC="1.0"><Shape><Polygon POINTS="2059 1155 2059 1291 2104 1291 2104 1155"/></Shape></Glyph><Glyph ID="char_100" CONTENT=" " GC="1.0"><Shape><Polygon POINTS="2018 1154 2009 1290 2059 1291 2059 1155"/></Shape></Glyph><Glyph ID="char_101" CONTENT="י" GC="1.0"><Shape><Polygon POINTS="1963 1151 1954 1287 2009 1290 2018 1154"/></Shape></Glyph><Glyph ID="char_102" CONTENT="ר" GC="1.0"><Shape><Polygon POINTS="1905 1149 1901 1284 1954 1287 1963 1151"/></Shape></Glyph><Glyph ID="char_103" CONTENT="ב" GC="1.0"><Shape><Polygon POINTS="1850 1147 1846 1282 1901 1284 1905 1149"/></Shape></Glyph><Glyph ID="char_104" CONTENT="צ" GC="1.0"><Shape><Polygon POINTS="1777 1146 1773 1279 1846 1282 1850 1147"/></Shape></Glyph><Glyph ID="char_105" CONTENT="ו" GC="1.0"><Shape><Polygon POINTS="1691 1152 1710 1287 1773 1279 1777 1146"/></Shape></Glyph><Glyph ID="char_106" CONTENT=" " GC="1.0"><Shape><Polygon POINTS="1628 1161 1646 1295 1710 1287 1691 1152"/></Shape></Glyph><Glyph ID="char_107" CONTENT="ל" GC="1.0"><Shape><Polygon POINTS="1573 1168 1592 1303 1646 1295 1628 1161"/></Shape></Glyph><Glyph ID="char_108" CONTENT="ד" GC="1.0"><Shape><Polygon POINTS="1537 1173 1555 1308 1592 1303 1573 1168"/></Shape></Glyph><Glyph ID="char_109" CONTENT="י" GC="1.0"><Shape><Polygon POINTS="1482 1181 1501 1316 1555 1308 1537 1173"/></Shape></Glyph><Glyph ID="char_110" CONTENT="ה" GC="1.0"><Shape><Polygon POINTS="1419 1190 1437 1324 1501 1316 1482 1181"/></Shape></Glyph><Glyph ID="char_111" CONTENT="ן" GC="1.0"><Shape><Polygon POINTS="1374 1196 1393 1331 1437 1324 1419 1190"/></Shape></Glyph><Glyph ID="char_112" CONTENT=" " GC="1.0"><Shape><Polygon POINTS="1346 1199 1365 1334 1393 1331 1374 1196"/></Shape></Glyph><Glyph ID="char_113" CONTENT="ו" GC="1.0"><Shape><Polygon POINTS="1301 1206 1319 1341 1365 1334 1346 1199"/></Shape></Glyph><Glyph ID="char_114" CONTENT="א" GC="1.0"><Shape><Polygon POINTS="1237 1214 1256 1350 1319 1341 1301 1206"/></Shape></Glyph><Glyph ID="char_115" CONTENT="ר" GC="1.0"><Shape><Polygon POINTS="1186 1220 1201 1356 1256 1350 1237 1214"/></Shape></Glyph><Glyph ID="char_116" CONTENT="י" GC="1.0"><Shape><Polygon POINTS="1150 1224 1164 1359 1201 1356 1186 1220"/></Shape></Glyph><Glyph ID="char_117" CONTENT=" " GC="1.0"><Shape><Polygon POINTS="1113 1228 1127 1363 1164 1359 1150 1224"/></Shape></Glyph><Glyph ID="char_118" CONTENT="כ" GC="1.0"><Shape><Polygon POINTS="1076 1228 1076 1364 1127 1363 1113 1228"/></Shape></Glyph><Glyph ID="char_119" CONTENT="ב" GC="1.0"><Shape><Polygon POINTS="1034 1228 1028 1364 1076 1364 1076 1228"/></Shape></Glyph><Glyph ID="char_120" CONTENT="ק" GC="1.0"><Shape><Polygon POINTS="979 1226 973 1362 1028 1364 1034 1228"/></Shape></Glyph><Glyph ID="char_121" CONTENT="ר" GC="1.0"><Shape><Polygon POINTS="942 1224 936 1360 973 1362 979 1226"/></Shape></Glyph><Glyph ID="char_122" CONTENT=" " GC="1.0"><Shape><Polygon POINTS="887 1222 881 1357 936 1360 942 1224"/></Shape></Glyph><Glyph ID="char_123" CONTENT="י" GC="1.0"><Shape><Polygon POINTS="810 1219 811 1355 881 1357 887 1222"/></Shape></Glyph><Glyph ID="char_124" CONTENT="ו" GC="1.0"><Shape><Polygon POINTS="755 1220 756 1356 811 1355 810 1219"/></Shape></Glyph><Glyph ID="char_125" CONTENT="א" GC="1.0"><Shape><Polygon POINTS="691 1220 692 1356 756 1356 755 1220"/></Shape></Glyph><Glyph ID="char_126" CONTENT="כ" GC="1.0"><Shape><Polygon POINTS="636 1220 637 1356 692 1356 691 1220"/></Shape></Glyph><Glyph ID="char_127" CONTENT="ל" GC="1.0"><Shape><Polygon POINTS="591 1221 592 1357 637 1356 636 1220"/></Shape></Glyph><Glyph ID="char_128" CONTENT=" " GC="1.0"><Shape><Polygon POINTS="552 1220 542 1356 592 1357 591 1221"/></Shape></Glyph><Glyph ID="char_129" CONTENT="ת" GC="1.0"><Shape><Polygon POINTS="488 1216 478 1352 542 1356 552 1220"/></Shape></Glyph><Glyph ID="char_130" CONTENT=" " GC="1.0"><Shape><Polygon POINTS="427 1293 481 1297"/></Shape></Glyph></String>
          </TextLine>

          
          
          <TextLine ID="eSc_line_1793341" BASELINE="572 1456 699 1465 958 1465 1102 1461 1204 1447 1458 1386 1564 1373 1652 1366 1758 1366 2000 1382 2194 1400 2279 1411 2381 1418 3114 1427" HPOS="568.0" VPOS="1284.0" WIDTH="2547.0" HEIGHT="235.0">
            <Shape><Polygon POINTS="577 1374 704 1383 958 1383 1099 1379 1192 1366 1438 1306 1554 1292 1645 1284 1758 1284 2005 1300 2201 1318 2289 1330 2386 1336 3115 1345 3113 1481 2377 1472 2272 1464 2188 1454 1996 1436 1758 1420 1656 1420 1570 1426 1470 1438 1211 1500 1103 1515 958 1519 695 1519 568 1510"/></Shape>
	    <String CONTENT="חור פתן ועל מאורת צפעונים גמול ידו יהדה לוא י " HPOS="568.0" VPOS="1284.0" WIDTH="2547.0" HEIGHT="235.0"><Glyph ID="char_131" CONTENT="ח" GC="1.0"><Shape><Polygon POINTS="2977 1343 2975 1479 3057 1480 3059 1344"/></Shape></Glyph><Glyph ID="char_132" CONTENT="ו" GC="1.0"><Shape><Polygon POINTS="2913 1343 2911 1479 2975 1479 2977 1343"/></Shape></Glyph><Glyph ID="char_133" CONTENT="ר" GC="1.0"><Shape><Polygon POINTS="2867 1342 2865 1478 2911 1479 2913 1343"/></Shape></Glyph><Glyph ID="char_134" CONTENT=" " GC="1.0"><Shape><Polygon POINTS="2830 1341 2828 1478 2865 1478 2867 1342"/></Shape></Glyph><Glyph ID="char_135" CONTENT="פ" GC="1.0"><Shape><Polygon POINTS="2775 1341 2773 1477 2828 1478 2830 1341"/></Shape></Glyph><Glyph ID="char_136" CONTENT="ת" GC="1.0"><Shape><Polygon POINTS="2720 1340 2718 1476 2773 1477 2775 1341"/></Shape></Glyph><Glyph ID="char_137" CONTENT="ן" GC="1.0"><Shape><Polygon POINTS="2675 1340 2673 1476 2718 1476 2720 1340"/></Shape></Glyph><Glyph ID="char_138" CONTENT=" " GC="1.0"><Shape><Polygon POINTS="2629 1339 2627 1475 2673 1476 2675 1340"/></Shape></Glyph><Glyph ID="char_139" CONTENT="ו" GC="1.0"><Shape><Polygon POINTS="2574 1338 2572 1474 2627 1475 2629 1339"/></Shape></Glyph><Glyph ID="char_140" CONTENT="ע" GC="1.0"><Shape><Polygon POINTS="2519 1338 2517 1474 2572 1474 2574 1338"/></Shape></Glyph><Glyph ID="char_141" CONTENT="ל" GC="1.0"><Shape><Polygon POINTS="2464 1337 2462 1473 2517 1474 2519 1338"/></Shape></Glyph><Glyph ID="char_142" CONTENT=" " GC="1.0"><Shape><Polygon POINTS="2427 1337 2425 1473 2462 1473 2464 1337"/></Shape></Glyph><Glyph ID="char_143" CONTENT="מ" GC="1.0"><Shape><Polygon POINTS="2368 1335 2358 1471 2425 1473 2427 1337"/></Shape></Glyph><Glyph ID="char_144" CONTENT="א" GC="1.0"><Shape><Polygon POINTS="2295 1330 2286 1465 2358 1471 2368 1335"/></Shape></Glyph><Glyph ID="char_145" CONTENT="ו" GC="1.0"><Shape><Polygon POINTS="2227 1322 2210 1457 2286 1465 2295 1330"/></Shape></Glyph><Glyph ID="char_146" CONTENT="ר" GC="1.0"><Shape><Polygon POINTS="2161 1314 2148 1450 2210 1457 2227 1322"/></Shape></Glyph><Glyph ID="char_147" CONTENT="ת" GC="1.0"><Shape><Polygon POINTS="2115 1310 2102 1446 2148 1450 2161 1314"/></Shape></Glyph><Glyph ID="char_148" CONTENT=" " GC="1.0"><Shape><Polygon POINTS="2060 1305 2048 1441 2102 1446 2115 1310"/></Shape></Glyph><Glyph ID="char_149" CONTENT="צ" GC="1.0"><Shape><Polygon POINTS="1994 1299 1985 1435 2048 1441 2060 1305"/></Shape></Glyph><Glyph ID="char_150" CONTENT="פ" GC="1.0"><Shape><Polygon POINTS="1948 1296 1939 1432 1985 1435 1994 1299"/></Shape></Glyph><Glyph ID="char_151" CONTENT="ע" GC="1.0"><Shape><Polygon POINTS="1893 1293 1884 1429 1939 1432 1948 1296"/></Shape></Glyph><Glyph ID="char_152" CONTENT="ו" GC="1.0"><Shape><Polygon POINTS="1839 1289 1830 1425 1884 1429 1893 1293"/></Shape></Glyph><Glyph ID="char_153" CONTENT="נ" GC="1.0"><Shape><Polygon POINTS="1785 1286 1776 1421 1830 1425 1839 1289"/></Shape></Glyph><Glyph ID="char_154" CONTENT="י" GC="1.0"><Shape><Polygon POINTS="1705 1284 1705 1420 1776 1421 1785 1286"/></Shape></Glyph><Glyph ID="char_155" CONTENT="ם" GC="1.0"><Shape><Polygon POINTS="1635 1285 1646 1421 1705 1420 1705 1284"/></Shape></Glyph><Glyph ID="char_156" CONTENT=" " GC="1.0"><Shape><Polygon POINTS="1608 1287 1619 1423 1646 1421 1635 1285"/></Shape></Glyph><Glyph ID="char_157" CONTENT="ג" GC="1.0"><Shape><Polygon POINTS="1562 1291 1573 1426 1619 1423 1608 1287"/></Shape></Glyph><Glyph ID="char_158" CONTENT="מ" GC="1.0"><Shape><Polygon POINTS="1513 1297 1529 1431 1573 1426 1562 1291"/></Shape></Glyph><Glyph ID="char_159" CONTENT="ו" GC="1.0"><Shape><Polygon POINTS="1477 1301 1494 1435 1529 1431 1513 1297"/></Shape></Glyph><Glyph ID="char_160" CONTENT="ל" GC="1.0"><Shape><Polygon POINTS="1431 1308 1463 1440 1494 1435 1477 1301"/></Shape></Glyph><Glyph ID="char_161" CONTENT=" " GC="1.0"><Shape><Polygon POINTS="1405 1314 1437 1446 1463 1440 1431 1308"/></Shape></Glyph><Glyph ID="char_162" CONTENT="י" GC="1.0"><Shape><Polygon POINTS="1369 1323 1401 1455 1437 1446 1405 1314"/></Shape></Glyph><Glyph ID="char_163" CONTENT="ד" GC="1.0"><Shape><Polygon POINTS="1333 1332 1365 1463 1401 1455 1369 1323"/></Shape></Glyph><Glyph ID="char_164" CONTENT="ו" GC="1.0"><Shape><Polygon POINTS="1298 1340 1330 1472 1365 1463 1333 1332"/></Shape></Glyph><Glyph ID="char_165" CONTENT=" " GC="1.0"><Shape><Polygon POINTS="1262 1349 1294 1480 1330 1472 1298 1340"/></Shape></Glyph><Glyph ID="char_166" CONTENT="י" GC="1.0"><Shape><Polygon POINTS="1218 1360 1249 1491 1294 1480 1262 1349"/></Shape></Glyph><Glyph ID="char_167" CONTENT="ה" GC="1.0"><Shape><Polygon POINTS="1154 1371 1172 1505 1249 1491 1218 1360"/></Shape></Glyph><Glyph ID="char_168" CONTENT="ד" GC="1.0"><Shape><Polygon POINTS="1090 1379 1094 1515 1172 1505 1154 1371"/></Shape></Glyph><Glyph ID="char_169" CONTENT="ה" GC="1.0"><Shape><Polygon POINTS="1007 1382 1011 1518 1094 1515 1090 1379"/></Shape></Glyph><Glyph ID="char_170" CONTENT=" " GC="1.0"><Shape><Polygon POINTS="946 1383 946 1519 1011 1518 1007 1382"/></Shape></Glyph><Glyph ID="char_171" CONTENT="ל" GC="1.0"><Shape><Polygon POINTS="901 1383 901 1519 946 1519 946 1383"/></Shape></Glyph><Glyph ID="char_172" CONTENT="ו" GC="1.0"><Shape><Polygon POINTS="846 1383 846 1519 901 1519 901 1383"/></Shape></Glyph><Glyph ID="char_173" CONTENT="א" GC="1.0"><Shape><Polygon POINTS="800 1383 800 1519 846 1519 846 1383"/></Shape></Glyph><Glyph ID="char_174" CONTENT=" " GC="1.0"><Shape><Polygon POINTS="745 1383 745 1519 800 1519 800 1383"/></Shape></Glyph><Glyph ID="char_175" CONTENT="י" GC="1.0"><Shape><Polygon POINTS="669 1381 658 1516 745 1519 745 1383"/></Shape></Glyph><Glyph ID="char_176" CONTENT=" " GC="1.0"><Shape><Polygon POINTS="586 1375 576 1511 658 1516 669 1381"/></Shape></Glyph></String>
          </TextLine>

          
          
          <TextLine ID="eSc_line_1793349" BASELINE="868 1612 1066 1583 1298 1535 1380 1522 1461 1515 1623 1510 1849 1526 2063 1553 2331 1567 2724 1567 2924 1573 3105 1573" HPOS="856.0" VPOS="1428.0" WIDTH="2249.0" HEIGHT="237.0">
            <Shape><Polygon POINTS="856 1531 1054 1502 1281 1455 1367 1441 1453 1433 1620 1428 1854 1444 2073 1472 2335 1485 2724 1485 2926 1491 3105 1491 3105 1627 2922 1627 2724 1621 2328 1621 2056 1606 1845 1580 1624 1564 1465 1569 1388 1575 1309 1588 1073 1636 875 1665"/></Shape>
	    <String CONTENT="הר קודשי כיא מלאה הארץ לדעה את כבוד יהוה " HPOS="856.0" VPOS="1428.0" WIDTH="2249.0" HEIGHT="237.0"><Glyph ID="char_177" CONTENT="ה" GC="1.0"><Shape><Polygon POINTS="2959 1491 2959 1627 3050 1627 3050 1491"/></Shape></Glyph><Glyph ID="char_178" CONTENT="ר" GC="1.0"><Shape><Polygon POINTS="2915 1491 2911 1627 2959 1627 2959 1491"/></Shape></Glyph><Glyph ID="char_179" CONTENT=" " GC="1.0"><Shape><Polygon POINTS="2869 1489 2865 1625 2911 1627 2915 1491"/></Shape></Glyph><Glyph ID="char_180" CONTENT="ק" GC="1.0"><Shape><Polygon POINTS="2814 1488 2810 1624 2865 1625 2869 1489"/></Shape></Glyph><Glyph ID="char_181" CONTENT="ו" GC="1.0"><Shape><Polygon POINTS="2750 1486 2746 1622 2810 1624 2814 1488"/></Shape></Glyph><Glyph ID="char_182" CONTENT="ד" GC="1.0"><Shape><Polygon POINTS="2694 1485 2694 1621 2746 1622 2750 1486"/></Shape></Glyph><Glyph ID="char_183" CONTENT="ש" GC="1.0"><Shape><Polygon POINTS="2630 1485 2630 1621 2694 1621 2694 1485"/></Shape></Glyph><Glyph ID="char_184" CONTENT="י" GC="1.0"><Shape><Polygon POINTS="2584 1485 2584 1621 2630 1621 2630 1485"/></Shape></Glyph><Glyph ID="char_185" CONTENT=" " GC="1.0"><Shape><Polygon POINTS="2547 1485 2547 1621 2584 1621 2584 1485"/></Shape></Glyph><Glyph ID="char_186" CONTENT="כ" GC="1.0"><Shape><Polygon POINTS="2492 1485 2492 1621 2547 1621 2547 1485"/></Shape></Glyph><Glyph ID="char_187" CONTENT="י" GC="1.0"><Shape><Polygon POINTS="2438 1485 2438 1621 2492 1621 2492 1485"/></Shape></Glyph><Glyph ID="char_188" CONTENT="א" GC="1.0"><Shape><Polygon POINTS="2383 1485 2383 1621 2438 1621 2438 1485"/></Shape></Glyph><Glyph ID="char_189" CONTENT=" " GC="1.0"><Shape><Polygon POINTS="2337 1485 2337 1621 2383 1621 2383 1485"/></Shape></Glyph><Glyph ID="char_190" CONTENT="מ" GC="1.0"><Shape><Polygon POINTS="2277 1482 2270 1618 2337 1621 2337 1485"/></Shape></Glyph><Glyph ID="char_191" CONTENT="ל" GC="1.0"><Shape><Polygon POINTS="2204 1479 2197 1614 2270 1618 2277 1482"/></Shape></Glyph><Glyph ID="char_192" CONTENT="א" GC="1.0"><Shape><Polygon POINTS="2131 1475 2124 1610 2197 1614 2204 1479"/></Shape></Glyph><Glyph ID="char_193" CONTENT="ה" GC="1.0"><Shape><Polygon POINTS="2065 1471 2048 1605 2124 1610 2131 1475"/></Shape></Glyph><Glyph ID="char_194" CONTENT=" " GC="1.0"><Shape><Polygon POINTS="1991 1462 1974 1596 2048 1605 2065 1471"/></Shape></Glyph><Glyph ID="char_195" CONTENT="ה" GC="1.0"><Shape><Polygon POINTS="1919 1452 1902 1587 1974 1596 1991 1462"/></Shape></Glyph><Glyph ID="char_196" CONTENT="א" GC="1.0"><Shape><Polygon POINTS="1842 1443 1832 1579 1902 1587 1919 1452"/></Shape></Glyph><Glyph ID="char_197" CONTENT="ר" GC="1.0"><Shape><Polygon POINTS="1769 1438 1759 1574 1832 1579 1842 1443"/></Shape></Glyph><Glyph ID="char_198" CONTENT="ץ" GC="1.0"><Shape><Polygon POINTS="1714 1434 1705 1570 1759 1574 1769 1438"/></Shape></Glyph><Glyph ID="char_199" CONTENT=" " GC="1.0"><Shape><Polygon POINTS="1678 1432 1669 1567 1705 1570 1714 1434"/></Shape></Glyph><Glyph ID="char_200" CONTENT="ל" GC="1.0"><Shape><Polygon POINTS="1615 1428 1619 1564 1669 1567 1678 1432"/></Shape></Glyph><Glyph ID="char_201" CONTENT="ד" GC="1.0"><Shape><Polygon POINTS="1569 1430 1573 1566 1619 1564 1615 1428"/></Shape></Glyph><Glyph ID="char_202" CONTENT="ע" GC="1.0"><Shape><Polygon POINTS="1514 1431 1518 1567 1573 1566 1569 1430"/></Shape></Glyph><Glyph ID="char_203" CONTENT="ה" GC="1.0"><Shape><Polygon POINTS="1469 1433 1473 1569 1518 1567 1514 1431"/></Shape></Glyph><Glyph ID="char_204" CONTENT=" " GC="1.0"><Shape><Polygon POINTS="1437 1435 1448 1570 1473 1569 1469 1433"/></Shape></Glyph><Glyph ID="char_205" CONTENT="א" GC="1.0"><Shape><Polygon POINTS="1391 1439 1403 1574 1448 1570 1437 1435"/></Shape></Glyph><Glyph ID="char_206" CONTENT="ת" GC="1.0"><Shape><Polygon POINTS="1349 1444 1371 1578 1403 1574 1391 1439"/></Shape></Glyph><Glyph ID="char_207" CONTENT=" " GC="1.0"><Shape><Polygon POINTS="1322 1448 1343 1582 1371 1578 1349 1444"/></Shape></Glyph><Glyph ID="char_208" CONTENT="כ" GC="1.0"><Shape><Polygon POINTS="1286 1454 1307 1588 1343 1582 1322 1448"/></Shape></Glyph><Glyph ID="char_209" CONTENT="ב" GC="1.0"><Shape><Polygon POINTS="1229 1466 1256 1599 1307 1588 1286 1454"/></Shape></Glyph><Glyph ID="char_210" CONTENT="ו" GC="1.0"><Shape><Polygon POINTS="1175 1477 1202 1610 1256 1599 1229 1466"/></Shape></Glyph><Glyph ID="char_211" CONTENT="ד" GC="1.0"><Shape><Polygon POINTS="1121 1488 1148 1621 1202 1610 1175 1477"/></Shape></Glyph><Glyph ID="char_212" CONTENT=" " GC="1.0"><Shape><Polygon POINTS="1077 1497 1104 1630 1148 1621 1121 1488"/></Shape></Glyph><Glyph ID="char_213" CONTENT="י" GC="1.0"><Shape><Polygon POINTS="1009 1509 1028 1643 1104 1630 1077 1497"/></Shape></Glyph><Glyph ID="char_214" CONTENT="ה" GC="1.0"><Shape><Polygon POINTS="927 1521 947 1654 1028 1643 1009 1509"/></Shape></Glyph><Glyph ID="char_215" CONTENT="ו" GC="1.0"><Shape><Polygon POINTS="901 1524 920 1658 947 1654 927 1521"/></Shape></Glyph><Glyph ID="char_216" CONTENT="ה" GC="1.0"><Shape><Polygon POINTS="882 1527 901 1661 920 1658 901 1524"/></Shape></Glyph><Glyph ID="char_217" CONTENT=" " GC="1.0"><Shape><Polygon POINTS="867 1612 893 1608"/></Shape></Glyph></String>
          </TextLine>

          
          
          <TextLine ID="eSc_line_1793351" BASELINE="895 1731 976 1745 1147 1709 1332 1670 1430 1616 1564 1628 1695 1623" HPOS="885.0" VPOS="1541.0" WIDTH="812.0" HEIGHT="257.0">
            <Shape><Polygon POINTS="908 1650 989 1664 1130 1629 1315 1590 1390 1544 1571 1546 1691 1541 1697 1677 1559 1682 1456 1663 1343 1723 1158 1762 966 1798 885 1784"/></Shape>
	    <String CONTENT="והיה ביום ההוא " HPOS="885.0" VPOS="1541.0" WIDTH="812.0" HEIGHT="257.0"><Glyph ID="char_218" CONTENT="ו" GC="1.0"><Shape><Polygon POINTS="1563 1546 1568 1682 1650 1679 1645 1543"/></Shape></Glyph><Glyph ID="char_219" CONTENT="ה" GC="1.0"><Shape><Polygon POINTS="1528 1546 1516 1674 1568 1682 1563 1546"/></Shape></Glyph><Glyph ID="char_220" CONTENT="י" GC="1.0"><Shape><Polygon POINTS="1490 1545 1480 1667 1516 1674 1528 1546"/></Shape></Glyph><Glyph ID="char_221" CONTENT="ה" GC="1.0"><Shape><Polygon POINTS="1454 1545 1443 1670 1480 1667 1490 1545"/></Shape></Glyph><Glyph ID="char_222" CONTENT=" " GC="1.0"><Shape><Polygon POINTS="1382 1549 1447 1668 1443 1670 1454 1545"/></Shape></Glyph><Glyph ID="char_223" CONTENT="ב" GC="1.0"><Shape><Polygon POINTS="1343 1573 1407 1689 1447 1668 1382 1549"/></Shape></Glyph><Glyph ID="char_224" CONTENT="י" GC="1.0"><Shape><Polygon POINTS="1319 1587 1383 1702 1407 1689 1343 1573"/></Shape></Glyph><Glyph ID="char_225" CONTENT="ו" GC="1.0"><Shape><Polygon POINTS="1293 1595 1359 1715 1383 1702 1319 1587"/></Shape></Glyph><Glyph ID="char_226" CONTENT="ם" GC="1.0"><Shape><Polygon POINTS="1281 1597 1309 1730 1359 1715 1293 1595"/></Shape></Glyph><Glyph ID="char_227" CONTENT=" " GC="1.0"><Shape><Polygon POINTS="1236 1607 1264 1740 1309 1730 1281 1597"/></Shape></Glyph><Glyph ID="char_228" CONTENT="ה" GC="1.0"><Shape><Polygon POINTS="1209 1612 1237 1745 1264 1740 1236 1607"/></Shape></Glyph><Glyph ID="char_229" CONTENT="ה" GC="1.0"><Shape><Polygon POINTS="1128 1629 1156 1762 1237 1745 1209 1612"/></Shape></Glyph><Glyph ID="char_230" CONTENT="ו" GC="1.0"><Shape><Polygon POINTS="1031 1654 1058 1781 1156 1762 1128 1629"/></Shape></Glyph><Glyph ID="char_231" CONTENT="א" GC="1.0"><Shape><Polygon POINTS="986 1663 1013 1789 1058 1781 1031 1654"/></Shape></Glyph><Glyph ID="char_232" CONTENT=" " GC="1.0"><Shape><Polygon POINTS="945 1656 921 1790 1013 1789 986 1663"/></Shape></Glyph></String>
          </TextLine>

          
          
          <TextLine ID="eSc_line_1793346" BASELINE="980 1858 1145 1858 1283 1837 1328 1806 1507 1751 1698 1815 1799 1824 2002 1851 2209 1851" HPOS="980.0" VPOS="1672.0" WIDTH="1229.0" HEIGHT="240.0">
            <Shape><Polygon POINTS="980 1776 1145 1776 1270 1756 1281 1738 1483 1672 1723 1737 1806 1742 2012 1770 2209 1769 2209 1905 1994 1904 1794 1878 1680 1866 1522 1803 1358 1850 1291 1890 1145 1912 980 1912"/></Shape>
	    <String CONTENT=" רושו והיתה תו כבוד " HPOS="980.0" VPOS="1672.0" WIDTH="1229.0" HEIGHT="240.0"><Glyph ID="char_233" CONTENT=" " GC="1.0"><Shape><Polygon POINTS="2119 1769 2119 1905 2183 1905 2183 1769"/></Shape></Glyph><Glyph ID="char_234" CONTENT="ר" GC="1.0"><Shape><Polygon POINTS="2055 1770 2055 1904 2119 1905 2119 1769"/></Shape></Glyph><Glyph ID="char_235" CONTENT="ו" GC="1.0"><Shape><Polygon POINTS="2011 1770 1993 1904 2055 1904 2055 1770"/></Shape></Glyph><Glyph ID="char_236" CONTENT="ש" GC="1.0"><Shape><Polygon POINTS="1937 1760 1919 1894 1993 1904 2011 1770"/></Shape></Glyph><Glyph ID="char_237" CONTENT="ו" GC="1.0"><Shape><Polygon POINTS="1874 1751 1856 1886 1919 1894 1937 1760"/></Shape></Glyph><Glyph ID="char_238" CONTENT=" " GC="1.0"><Shape><Polygon POINTS="1838 1746 1820 1881 1856 1886 1874 1751"/></Shape></Glyph><Glyph ID="char_239" CONTENT="ו" GC="1.0"><Shape><Polygon POINTS="1771 1740 1759 1874 1820 1881 1838 1746"/></Shape></Glyph><Glyph ID="char_240" CONTENT="ה" GC="1.0"><Shape><Polygon POINTS="1707 1733 1695 1868 1759 1874 1771 1740"/></Shape></Glyph><Glyph ID="char_241" CONTENT="י" GC="1.0"><Shape><Polygon POINTS="1664 1721 1623 1843 1695 1868 1707 1733"/></Shape></Glyph><Glyph ID="char_242" CONTENT="ת" GC="1.0"><Shape><Polygon POINTS="1594 1702 1555 1816 1623 1843 1664 1721"/></Shape></Glyph><Glyph ID="char_243" CONTENT="ה" GC="1.0"><Shape><Polygon POINTS="1532 1685 1489 1812 1555 1816 1594 1702"/></Shape></Glyph><Glyph ID="char_244" CONTENT=" " GC="1.0"><Shape><Polygon POINTS="1433 1688 1472 1817 1489 1812 1532 1685"/></Shape></Glyph><Glyph ID="char_245" CONTENT="ת" GC="1.0"><Shape><Polygon POINTS="1345 1717 1384 1843 1472 1817 1433 1688"/></Shape></Glyph><Glyph ID="char_246" CONTENT="ו" GC="1.0"><Shape><Polygon POINTS="1268 1756 1340 1861 1384 1843 1345 1717"/></Shape></Glyph><Glyph ID="char_247" CONTENT=" " GC="1.0"><Shape><Polygon POINTS="1268 1756 1289 1890 1340 1861 1268 1756"/></Shape></Glyph><Glyph ID="char_248" CONTENT="כ" GC="1.0"><Shape><Polygon POINTS="1214 1765 1234 1899 1289 1890 1268 1756"/></Shape></Glyph><Glyph ID="char_249" CONTENT="ב" GC="1.0"><Shape><Polygon POINTS="1168 1772 1189 1905 1234 1899 1214 1765"/></Shape></Glyph><Glyph ID="char_250" CONTENT="ו" GC="1.0"><Shape><Polygon POINTS="1135 1776 1135 1912 1189 1905 1168 1772"/></Shape></Glyph><Glyph ID="char_251" CONTENT="ד" GC="1.0"><Shape><Polygon POINTS="1071 1776 1071 1912 1135 1912 1135 1776"/></Shape></Glyph><Glyph ID="char_252" CONTENT=" " GC="1.0"><Shape><Polygon POINTS="989 1776 989 1912 1071 1912 1071 1776"/></Shape></Glyph></String>
          </TextLine>

          
          
          <TextLine ID="eSc_line_1803901" BASELINE="1297 1998 1466 1892" HPOS="1253.0" VPOS="1822.0" WIDTH="241.0" HEIGHT="222.0">
            <Shape><Polygon POINTS="1253 1928 1422 1822 1494 1938 1325 2044"/></Shape>
	    <String CONTENT=" ר מא " HPOS="1253.0" VPOS="1822.0" WIDTH="241.0" HEIGHT="222.0"><Glyph ID="char_253" CONTENT=" " GC="1.0"><Shape><Polygon POINTS="1374 1852 1446 1968 1478 1948 1406 1832"/></Shape></Glyph><Glyph ID="char_254" CONTENT="ר" GC="1.0"><Shape><Polygon POINTS="1358 1862 1430 1978 1446 1968 1374 1852"/></Shape></Glyph><Glyph ID="char_255" CONTENT=" " GC="1.0"><Shape><Polygon POINTS="1334 1877 1406 1993 1430 1978 1358 1862"/></Shape></Glyph><Glyph ID="char_256" CONTENT="מ" GC="1.0"><Shape><Polygon POINTS="1293 1903 1365 2019 1406 1993 1334 1877"/></Shape></Glyph><Glyph ID="char_257" CONTENT="א" GC="1.0"><Shape><Polygon POINTS="1269 1918 1342 2034 1365 2019 1293 1903"/></Shape></Glyph><Glyph ID="char_258" CONTENT=" " GC="1.0"><Shape><Polygon POINTS="1296 1998 1312 1987"/></Shape></Glyph></String>
          </TextLine>

          
        </TextBlock>
        

        
      </PrintSpace>
    </Page>
  </Layout>
</alto>