<?xml version='1.0' encoding='UTF-8'?>
<alto xmlns:xsi="http://www.w3.org/2001/XMLSchema-instance" xmlns="http://www.loc.gov/standards/alto/ns-v4#" xsi:schemaLocation="http://www.loc.gov/standards/alto/ns-v4# http://www.loc.gov/standards/alto/v4/alto-4-2.xsd">
  <Description>
    <MeasurementUnit>pixel</MeasurementUnit>
    <sourceImageInformation>
      <fileName>P373-Fg001-R-C01-R01-D12082013-T112751-LR924_012.jpg</fileName>
      
    </sourceImageInformation>
  </Description>
  
  <Tags>
    <OtherTag ID="BT1443" LABEL="Parchment_or_papyrus" DESCRIPTION="block type Parchment_or_papyrus"/><OtherTag ID="BT2" LABEL="Main" DESCRIPTION="block type Main"/>
    
  </Tags>
  
  <Layout>
    <Page WIDTH="2706" HEIGHT="3608" PHYSICAL_IMG_NR="411" ID="eSc_dummypage_">
      <PrintSpace HPOS="0" VPOS="0" WIDTH="2706" HEIGHT="3608">
        
        <TextBlock HPOS="193.0" VPOS="709.0" WIDTH="2408.0" HEIGHT="2515.0" ID="eSc_textblock_2ba8f48f" TAGREFS="BT2">
          <Shape><Polygon POINTS="2601 709 2601 3224 193 3224 193 709"/></Shape>
          
          
          <TextLine ID="eSc_line_1772802" BASELINE="598 838 1386 838 1788 844 1770 847 1849 850" HPOS="598.0" VPOS="731.0" WIDTH="1255.0" HEIGHT="221.0">
            <Shape><Polygon POINTS="598 731 1386 731 1789 737 1787 952 1853 743 1846 921 1842.88 915.853 1786 915 1386 909 598 909"/></Shape>
	    <String CONTENT=" חרונות הלוא כן תבואינה ול" HPOS="598.0" VPOS="731.0" WIDTH="1255.0" HEIGHT="221.0"><Glyph ID="char_0" CONTENT=" " GC="1.0"><Shape><Polygon POINTS="1788 855 1768 737 1823 915 1827 827"/></Shape></Glyph><Glyph ID="char_1" CONTENT="ח" GC="1.0"><Shape><Polygon POINTS="1719 736 1716 914 1768 737 1788 855"/></Shape></Glyph><Glyph ID="char_2" CONTENT="ר" GC="1.0"><Shape><Polygon POINTS="1647 735 1644 913 1716 914 1719 736"/></Shape></Glyph><Glyph ID="char_3" CONTENT="ו" GC="1.0"><Shape><Polygon POINTS="1599 734 1596 912 1644 913 1647 735"/></Shape></Glyph><Glyph ID="char_4" CONTENT="נ" GC="1.0"><Shape><Polygon POINTS="1563 734 1560 912 1596 912 1599 734"/></Shape></Glyph><Glyph ID="char_5" CONTENT="ו" GC="1.0"><Shape><Polygon POINTS="1515 733 1512 911 1560 912 1563 734"/></Shape></Glyph><Glyph ID="char_6" CONTENT="ת" GC="1.0"><Shape><Polygon POINTS="1455 732 1452 910 1512 911 1515 733"/></Shape></Glyph><Glyph ID="char_7" CONTENT=" " GC="1.0"><Shape><Polygon POINTS="1406 731 1403 909 1452 910 1455 732"/></Shape></Glyph><Glyph ID="char_8" CONTENT="ה" GC="1.0"><Shape><Polygon POINTS="1344 731 1344 909 1403 909 1406 731"/></Shape></Glyph><Glyph ID="char_9" CONTENT="ל" GC="1.0"><Shape><Polygon POINTS="1308 731 1308 909 1344 909 1344 731"/></Shape></Glyph><Glyph ID="char_10" CONTENT="ו" GC="1.0"><Shape><Polygon POINTS="1248 731 1248 909 1308 909 1308 731"/></Shape></Glyph><Glyph ID="char_11" CONTENT="א" GC="1.0"><Shape><Polygon POINTS="1200 731 1200 909 1248 909 1248 731"/></Shape></Glyph><Glyph ID="char_12" CONTENT=" " GC="1.0"><Shape><Polygon POINTS="1164 731 1164 909 1200 909 1200 731"/></Shape></Glyph><Glyph ID="char_13" CONTENT="כ" GC="1.0"><Shape><Polygon POINTS="1116 731 1116 909 1164 909 1164 731"/></Shape></Glyph><Glyph ID="char_14" CONTENT="ן" GC="1.0"><Shape><Polygon POINTS="1092 731 1092 909 1116 909 1116 731"/></Shape></Glyph><Glyph ID="char_15" CONTENT=" " GC="1.0"><Shape><Polygon POINTS="1055 731 1055 909 1092 909 1092 731"/></Shape></Glyph><Glyph ID="char_16" CONTENT="ת" GC="1.0"><Shape><Polygon POINTS="983 731 983 909 1055 909 1055 731"/></Shape></Glyph><Glyph ID="char_17" CONTENT="ב" GC="1.0"><Shape><Polygon POINTS="923 731 923 909 983 909 983 731"/></Shape></Glyph><Glyph ID="char_18" CONTENT="ו" GC="1.0"><Shape><Polygon POINTS="863 731 863 909 923 909 923 731"/></Shape></Glyph><Glyph ID="char_19" CONTENT="א" GC="1.0"><Shape><Polygon POINTS="803 731 803 909 863 909 863 731"/></Shape></Glyph><Glyph ID="char_20" CONTENT="י" GC="1.0"><Shape><Polygon POINTS="743 731 743 909 803 909 803 731"/></Shape></Glyph><Glyph ID="char_21" CONTENT="נ" GC="1.0"><Shape><Polygon POINTS="706 731 706 909 743 909 743 731"/></Shape></Glyph><Glyph ID="char_22" CONTENT="ה" GC="1.0"><Shape><Polygon POINTS="658 731 658 909 706 909 706 731"/></Shape></Glyph><Glyph ID="char_23" CONTENT=" " GC="1.0"><Shape><Polygon POINTS="622 731 622 909 658 909 658 731"/></Shape></Glyph><Glyph ID="char_24" CONTENT="ו" GC="1.0"><Shape><Polygon POINTS="598 731 598 909 622 909 622 731"/></Shape></Glyph><Glyph ID="char_25" CONTENT="ל" GC="1.0"><Shape><Polygon POINTS="598 731 598 909 598 909 598 731"/></Shape></Glyph></String>
          </TextLine>

          
          
          <TextLine ID="eSc_line_1772807" BASELINE="592 1016 1449 1013 1767 1043 1822 1043 1939 1031" HPOS="591.0" VPOS="906.0" WIDTH="1355.0" HEIGHT="208.0">
            <Shape><Polygon POINTS="591 909 1448 906 1777 936 1822 936 1928 924 1946 1101 1822 1114 1760 1113 1449 1084 592 1087"/></Shape>
	    <String CONTENT=" איזה תחלתו ואיזה סופו ו י" HPOS="591.0" VPOS="906.0" WIDTH="1355.0" HEIGHT="208.0"><Glyph ID="char_26" CONTENT=" " GC="1.0"><Shape><Polygon POINTS="1821 936 1839 1112 1909 1105 1891 928"/></Shape></Glyph><Glyph ID="char_27" CONTENT="א" GC="1.0"><Shape><Polygon POINTS="1772 936 1772 1113 1839 1112 1821 936"/></Shape></Glyph><Glyph ID="char_28" CONTENT="י" GC="1.0"><Shape><Polygon POINTS="1734 932 1717 1109 1772 1113 1772 936"/></Shape></Glyph><Glyph ID="char_29" CONTENT="ז" GC="1.0"><Shape><Polygon POINTS="1674 927 1657 1103 1717 1109 1734 932"/></Shape></Glyph><Glyph ID="char_30" CONTENT="ה" GC="1.0"><Shape><Polygon POINTS="1627 922 1611 1099 1657 1103 1674 927"/></Shape></Glyph><Glyph ID="char_31" CONTENT=" " GC="1.0"><Shape><Polygon POINTS="1579 918 1563 1095 1611 1099 1627 922"/></Shape></Glyph><Glyph ID="char_32" CONTENT="ת" GC="1.0"><Shape><Polygon POINTS="1508 911 1491 1088 1563 1095 1579 918"/></Shape></Glyph><Glyph ID="char_33" CONTENT="ח" GC="1.0"><Shape><Polygon POINTS="1427 906 1427 1084 1491 1088 1508 911"/></Shape></Glyph><Glyph ID="char_34" CONTENT="ל" GC="1.0"><Shape><Polygon POINTS="1355 906 1355 1084 1427 1084 1427 906"/></Shape></Glyph><Glyph ID="char_35" CONTENT="ת" GC="1.0"><Shape><Polygon POINTS="1307 906 1307 1084 1355 1084 1355 906"/></Shape></Glyph><Glyph ID="char_36" CONTENT="ו" GC="1.0"><Shape><Polygon POINTS="1271 907 1271 1085 1307 1084 1307 906"/></Shape></Glyph><Glyph ID="char_37" CONTENT=" " GC="1.0"><Shape><Polygon POINTS="1224 907 1224 1085 1271 1085 1271 907"/></Shape></Glyph><Glyph ID="char_38" CONTENT="ו" GC="1.0"><Shape><Polygon POINTS="1176 907 1176 1085 1224 1085 1224 907"/></Shape></Glyph><Glyph ID="char_39" CONTENT="א" GC="1.0"><Shape><Polygon POINTS="1116 907 1116 1085 1176 1085 1176 907"/></Shape></Glyph><Glyph ID="char_40" CONTENT="י" GC="1.0"><Shape><Polygon POINTS="1069 907 1069 1085 1116 1085 1116 907"/></Shape></Glyph><Glyph ID="char_41" CONTENT="ז" GC="1.0"><Shape><Polygon POINTS="1021 907 1021 1085 1069 1085 1069 907"/></Shape></Glyph><Glyph ID="char_42" CONTENT="ה" GC="1.0"><Shape><Polygon POINTS="973 908 973 1086 1021 1085 1021 907"/></Shape></Glyph><Glyph ID="char_43" CONTENT=" " GC="1.0"><Shape><Polygon POINTS="925 908 925 1086 973 1086 973 908"/></Shape></Glyph><Glyph ID="char_44" CONTENT="ס" GC="1.0"><Shape><Polygon POINTS="866 908 866 1086 925 1086 925 908"/></Shape></Glyph><Glyph ID="char_45" CONTENT="ו" GC="1.0"><Shape><Polygon POINTS="806 908 806 1086 866 1086 866 908"/></Shape></Glyph><Glyph ID="char_46" CONTENT="פ" GC="1.0"><Shape><Polygon POINTS="746 908 746 1086 806 1086 806 908"/></Shape></Glyph><Glyph ID="char_47" CONTENT="ו" GC="1.0"><Shape><Polygon POINTS="698 909 698 1087 746 1086 746 908"/></Shape></Glyph><Glyph ID="char_48" CONTENT=" " GC="1.0"><Shape><Polygon POINTS="651 909 651 1087 698 1087 698 909"/></Shape></Glyph><Glyph ID="char_49" CONTENT="ו" GC="1.0"><Shape><Polygon POINTS="615 909 615 1087 651 1087 651 909"/></Shape></Glyph><Glyph ID="char_50" CONTENT=" " GC="1.0"><Shape><Polygon POINTS="591 1016 614 1015"/></Shape></Glyph><Glyph ID="char_51" CONTENT="י" GC="1.0"><Shape><Polygon POINTS="591 1016 591 1016"/></Shape></Glyph></String>
          </TextLine>

          
          
          <TextLine ID="eSc_line_1772809" BASELINE="589 1211 721 1205 1121 1205 1392 1193 1560 1199" HPOS="584.0" VPOS="1086.0" WIDTH="979.0" HEIGHT="196.0">
            <Shape><Polygon POINTS="584 1104 716 1098 1121 1098 1387 1086 1563 1092 1557 1270 1395 1264 1121 1276 724 1276 592 1282"/></Shape>
	    <String CONTENT=" אשר יבוא במה כי ד " HPOS="584.0" VPOS="1086.0" WIDTH="979.0" HEIGHT="196.0"><Glyph ID="char_52" CONTENT=" " GC="1.0"><Shape><Polygon POINTS="1502 1090 1496 1268 1544 1270 1550 1092"/></Shape></Glyph><Glyph ID="char_53" CONTENT="א" GC="1.0"><Shape><Polygon POINTS="1454 1088 1448 1266 1496 1268 1502 1090"/></Shape></Glyph><Glyph ID="char_54" CONTENT="ש" GC="1.0"><Shape><Polygon POINTS="1362 1087 1370 1265 1448 1266 1454 1088"/></Shape></Glyph><Glyph ID="char_55" CONTENT="ר" GC="1.0"><Shape><Polygon POINTS="1290 1090 1298 1268 1370 1265 1362 1087"/></Shape></Glyph><Glyph ID="char_56" CONTENT=" " GC="1.0"><Shape><Polygon POINTS="1254 1092 1262 1270 1298 1268 1290 1090"/></Shape></Glyph><Glyph ID="char_57" CONTENT="י" GC="1.0"><Shape><Polygon POINTS="1206 1094 1214 1272 1262 1270 1254 1092"/></Shape></Glyph><Glyph ID="char_58" CONTENT="ב" GC="1.0"><Shape><Polygon POINTS="1158 1096 1166 1274 1214 1272 1206 1094"/></Shape></Glyph><Glyph ID="char_59" CONTENT="ו" GC="1.0"><Shape><Polygon POINTS="1103 1098 1103 1276 1166 1274 1158 1096"/></Shape></Glyph><Glyph ID="char_60" CONTENT="א" GC="1.0"><Shape><Polygon POINTS="1056 1098 1056 1276 1103 1276 1103 1098"/></Shape></Glyph><Glyph ID="char_61" CONTENT=" " GC="1.0"><Shape><Polygon POINTS="1008 1098 1008 1276 1056 1276 1056 1098"/></Shape></Glyph><Glyph ID="char_62" CONTENT="ב" GC="1.0"><Shape><Polygon POINTS="936 1098 936 1276 1008 1276 1008 1098"/></Shape></Glyph><Glyph ID="char_63" CONTENT="מ" GC="1.0"><Shape><Polygon POINTS="864 1098 864 1276 936 1276 936 1098"/></Shape></Glyph><Glyph ID="char_64" CONTENT="ה" GC="1.0"><Shape><Polygon POINTS="804 1098 804 1276 864 1276 864 1098"/></Shape></Glyph><Glyph ID="char_65" CONTENT=" " GC="1.0"><Shape><Polygon POINTS="768 1098 768 1276 804 1276 804 1098"/></Shape></Glyph><Glyph ID="char_66" CONTENT="כ" GC="1.0"><Shape><Polygon POINTS="703 1099 711 1277 768 1276 768 1098"/></Shape></Glyph><Glyph ID="char_67" CONTENT="י" GC="1.0"><Shape><Polygon POINTS="667 1100 675 1278 711 1277 703 1099"/></Shape></Glyph><Glyph ID="char_68" CONTENT=" " GC="1.0"><Shape><Polygon POINTS="643 1101 651 1279 675 1278 667 1100"/></Shape></Glyph><Glyph ID="char_69" CONTENT="ד" GC="1.0"><Shape><Polygon POINTS="619 1102 627 1280 651 1279 643 1101"/></Shape></Glyph><Glyph ID="char_70" CONTENT=" " GC="1.0"><Shape><Polygon POINTS="588 1211 623 1209"/></Shape></Glyph></String>
          </TextLine>

          
          
          <TextLine ID="eSc_line_1772811" BASELINE="553 1383 802 1389 1031 1374 1328 1362 1545 1368" HPOS="551.0" VPOS="1255.0" WIDTH="996.0" HEIGHT="205.0">
            <Shape><Polygon POINTS="555 1276 804 1282 1024 1267 1323 1255 1547 1261 1543 1439 1330 1433 1035 1445 800 1460 551 1454"/></Shape>
	    <String CONTENT=" לקדם ל חר ממועדי " HPOS="551.0" VPOS="1255.0" WIDTH="996.0" HEIGHT="205.0"><Glyph ID="char_71" CONTENT=" " GC="1.0"><Shape><Polygon POINTS="1546 1261 1541 1439 1541 1439 1546 1261"/></Shape></Glyph><Glyph ID="char_72" CONTENT="ל" GC="1.0"><Shape><Polygon POINTS="1511 1260 1506 1438 1541 1439 1546 1261"/></Shape></Glyph><Glyph ID="char_73" CONTENT="ק" GC="1.0"><Shape><Polygon POINTS="1439 1258 1434 1436 1506 1438 1511 1260"/></Shape></Glyph><Glyph ID="char_74" CONTENT="ד" GC="1.0"><Shape><Polygon POINTS="1356 1256 1351 1434 1434 1436 1439 1258"/></Shape></Glyph><Glyph ID="char_75" CONTENT="ם" GC="1.0"><Shape><Polygon POINTS="1277 1257 1284 1435 1351 1434 1356 1256"/></Shape></Glyph><Glyph ID="char_76" CONTENT=" " GC="1.0"><Shape><Polygon POINTS="1229 1259 1236 1437 1284 1435 1277 1257"/></Shape></Glyph><Glyph ID="char_77" CONTENT="ל" GC="1.0"><Shape><Polygon POINTS="1193 1260 1200 1438 1236 1437 1229 1259"/></Shape></Glyph><Glyph ID="char_78" CONTENT=" " GC="1.0"><Shape><Polygon POINTS="1121 1263 1128 1441 1200 1438 1193 1260"/></Shape></Glyph><Glyph ID="char_79" CONTENT="ח" GC="1.0"><Shape><Polygon POINTS="1038 1266 1045 1445 1128 1441 1121 1263"/></Shape></Glyph><Glyph ID="char_80" CONTENT="ר" GC="1.0"><Shape><Polygon POINTS="987 1269 999 1447 1045 1445 1038 1266"/></Shape></Glyph><Glyph ID="char_81" CONTENT=" " GC="1.0"><Shape><Polygon POINTS="952 1272 963 1450 999 1447 987 1269"/></Shape></Glyph><Glyph ID="char_82" CONTENT="מ" GC="1.0"><Shape><Polygon POINTS="892 1276 903 1453 963 1450 952 1272"/></Shape></Glyph><Glyph ID="char_83" CONTENT="מ" GC="1.0"><Shape><Polygon POINTS="820 1281 831 1458 903 1453 892 1276"/></Shape></Glyph><Glyph ID="char_84" CONTENT="ו" GC="1.0"><Shape><Polygon POINTS="782 1281 777 1459 831 1458 820 1281"/></Shape></Glyph><Glyph ID="char_85" CONTENT="ע" GC="1.0"><Shape><Polygon POINTS="723 1280 718 1458 777 1459 782 1281"/></Shape></Glyph><Glyph ID="char_86" CONTENT="ד" GC="1.0"><Shape><Polygon POINTS="651 1278 646 1456 718 1458 723 1280"/></Shape></Glyph><Glyph ID="char_87" CONTENT="י" GC="1.0"><Shape><Polygon POINTS="615 1277 610 1455 646 1456 651 1278"/></Shape></Glyph><Glyph ID="char_88" CONTENT=" " GC="1.0"><Shape><Polygon POINTS="567 1276 562 1454 610 1455 615 1277"/></Shape></Glyph></String>
          </TextLine>

          
          
          <TextLine ID="eSc_line_1772810" BASELINE="562 1581 962 1554 1193 1545" HPOS="554.0" VPOS="1438.0" WIDTH="641.0" HEIGHT="214.0">
            <Shape><Polygon POINTS="554 1474 954 1447 1188 1438 1195 1616 966 1625 566 1652"/></Shape>
	    <String CONTENT="ש ם חקק קצי " HPOS="554.0" VPOS="1438.0" WIDTH="641.0" HEIGHT="214.0"><Glyph ID="char_89" CONTENT="ש" GC="1.0"><Shape><Polygon POINTS="1139 1440 1146 1618 1182 1617 1175 1439"/></Shape></Glyph><Glyph ID="char_90" CONTENT=" " GC="1.0"><Shape><Polygon POINTS="1127 1440 1134 1618 1146 1618 1139 1440"/></Shape></Glyph><Glyph ID="char_91" CONTENT="ם" GC="1.0"><Shape><Polygon POINTS="1115 1441 1122 1619 1134 1618 1127 1440"/></Shape></Glyph><Glyph ID="char_92" CONTENT=" " GC="1.0"><Shape><Polygon POINTS="1091 1442 1098 1620 1122 1619 1115 1441"/></Shape></Glyph><Glyph ID="char_93" CONTENT="ח" GC="1.0"><Shape><Polygon POINTS="1030 1444 1037 1622 1098 1620 1091 1442"/></Shape></Glyph><Glyph ID="char_94" CONTENT="ק" GC="1.0"><Shape><Polygon POINTS="942 1448 954 1626 1037 1622 1030 1444"/></Shape></Glyph><Glyph ID="char_95" CONTENT="ק" GC="1.0"><Shape><Polygon POINTS="869 1453 881 1631 954 1626 942 1448"/></Shape></Glyph><Glyph ID="char_96" CONTENT=" " GC="1.0"><Shape><Polygon POINTS="833 1455 845 1633 881 1631 869 1453"/></Shape></Glyph><Glyph ID="char_97" CONTENT="ק" GC="1.0"><Shape><Polygon POINTS="748 1461 760 1639 845 1633 833 1455"/></Shape></Glyph><Glyph ID="char_98" CONTENT="צ" GC="1.0"><Shape><Polygon POINTS="676 1466 688 1644 760 1639 748 1461"/></Shape></Glyph><Glyph ID="char_99" CONTENT="י" GC="1.0"><Shape><Polygon POINTS="627 1469 639 1647 688 1644 676 1466"/></Shape></Glyph><Glyph ID="char_100" CONTENT=" " GC="1.0"><Shape><Polygon POINTS="567 1473 579 1651 639 1647 627 1469"/></Shape></Glyph></String>
          </TextLine>

          
          
          <TextLine ID="eSc_line_1772808" BASELINE="435 1743 754 1737 917 1719 1377 1683 1575 1671 2166 1648" HPOS="432.0" VPOS="1541.0" WIDTH="1736.0" HEIGHT="273.0">
            <Shape><Polygon POINTS="432 1636 751 1630 905 1612 1368 1576 1568 1564 2161 1541 2168 1719 1579 1742 1382 1753 924 1789 755 1808 436 1814"/></Shape>
	    <String CONTENT=" וא רצון לדורשי מצוותיו ו " HPOS="432.0" VPOS="1541.0" WIDTH="1736.0" HEIGHT="273.0"><Glyph ID="char_101" CONTENT=" " GC="1.0"><Shape><Polygon POINTS="1934 1550 1941 1728 2072 1723 2065 1545"/></Shape></Glyph><Glyph ID="char_102" CONTENT="ו" GC="1.0"><Shape><Polygon POINTS="1910 1551 1917 1729 1941 1728 1934 1550"/></Shape></Glyph><Glyph ID="char_103" CONTENT="א" GC="1.0"><Shape><Polygon POINTS="1826 1554 1833 1732 1917 1729 1910 1551"/></Shape></Glyph><Glyph ID="char_104" CONTENT=" " GC="1.0"><Shape><Polygon POINTS="1695 1559 1702 1737 1833 1732 1826 1554"/></Shape></Glyph><Glyph ID="char_105" CONTENT="ר" GC="1.0"><Shape><Polygon POINTS="1599 1563 1606 1741 1702 1737 1695 1559"/></Shape></Glyph><Glyph ID="char_106" CONTENT="צ" GC="1.0"><Shape><Polygon POINTS="1525 1567 1536 1744 1606 1741 1599 1563"/></Shape></Glyph><Glyph ID="char_107" CONTENT="ו" GC="1.0"><Shape><Polygon POINTS="1477 1569 1488 1747 1536 1744 1525 1567"/></Shape></Glyph><Glyph ID="char_108" CONTENT="ן" GC="1.0"><Shape><Polygon POINTS="1441 1572 1452 1749 1488 1747 1477 1569"/></Shape></Glyph><Glyph ID="char_109" CONTENT=" " GC="1.0"><Shape><Polygon POINTS="1394 1574 1405 1752 1452 1749 1441 1572"/></Shape></Glyph><Glyph ID="char_110" CONTENT="ל" GC="1.0"><Shape><Polygon POINTS="1320 1580 1334 1757 1405 1752 1394 1574"/></Shape></Glyph><Glyph ID="char_111" CONTENT="ד" GC="1.0"><Shape><Polygon POINTS="1260 1584 1274 1761 1334 1757 1320 1580"/></Shape></Glyph><Glyph ID="char_112" CONTENT="ו" GC="1.0"><Shape><Polygon POINTS="1201 1589 1215 1766 1274 1761 1260 1584"/></Shape></Glyph><Glyph ID="char_113" CONTENT="ר" GC="1.0"><Shape><Polygon POINTS="1130 1595 1144 1772 1215 1766 1201 1589"/></Shape></Glyph><Glyph ID="char_114" CONTENT="ש" GC="1.0"><Shape><Polygon POINTS="1046 1601 1060 1778 1144 1772 1130 1595"/></Shape></Glyph><Glyph ID="char_115" CONTENT="י" GC="1.0"><Shape><Polygon POINTS="974 1607 988 1784 1060 1778 1046 1601"/></Shape></Glyph><Glyph ID="char_116" CONTENT=" " GC="1.0"><Shape><Polygon POINTS="927 1610 940 1788 988 1784 974 1607"/></Shape></Glyph><Glyph ID="char_117" CONTENT="מ" GC="1.0"><Shape><Polygon POINTS="863 1617 883 1794 940 1788 927 1610"/></Shape></Glyph><Glyph ID="char_118" CONTENT="צ" GC="1.0"><Shape><Polygon POINTS="793 1625 812 1802 883 1794 863 1617"/></Shape></Glyph><Glyph ID="char_119" CONTENT="ו" GC="1.0"><Shape><Polygon POINTS="745 1630 765 1807 812 1802 793 1625"/></Shape></Glyph><Glyph ID="char_120" CONTENT="ו" GC="1.0"><Shape><Polygon POINTS="707 1631 710 1809 765 1807 745 1630"/></Shape></Glyph><Glyph ID="char_121" CONTENT="ת" GC="1.0"><Shape><Polygon POINTS="635 1632 638 1810 710 1809 707 1631"/></Shape></Glyph><Glyph ID="char_122" CONTENT="י" GC="1.0"><Shape><Polygon POINTS="576 1633 579 1811 638 1810 635 1632"/></Shape></Glyph><Glyph ID="char_123" CONTENT="ו" GC="1.0"><Shape><Polygon POINTS="516 1634 519 1812 579 1811 576 1633"/></Shape></Glyph><Glyph ID="char_124" CONTENT=" " GC="1.0"><Shape><Polygon POINTS="480 1635 483 1813 519 1812 516 1634"/></Shape></Glyph><Glyph ID="char_125" CONTENT="ו" GC="1.0"><Shape><Polygon POINTS="456 1636 459 1814 483 1813 480 1635"/></Shape></Glyph><Glyph ID="char_126" CONTENT=" " GC="1.0"><Shape><Polygon POINTS="434 1743 457 1742"/></Shape></Glyph></String>
          </TextLine>

          
          
          <TextLine ID="eSc_line_1772806" BASELINE="282 1945 399 1951 718 1936 1109 1882 1274 1870 1548 1858 1858 1861 1969 1852 2161 1828 2621 1768" HPOS="278.0" VPOS="1662.0" WIDTH="2352.0" HEIGHT="360.0">
            <Shape><Polygon POINTS="287 1838 404 1844 712 1829 1094 1776 1266 1763 1543 1751 1859 1754 1960 1745 2147 1722 2607 1662 2630 1838 2169 1898 1974 1922 1857 1932 1551 1929 1279 1941 1118 1952 721 2007 395 2022 278 2016"/></Shape>
	    <String CONTENT="דרך ויגל ע מה בנסתרות ואוזנמה פתח ו " HPOS="278.0" VPOS="1662.0" WIDTH="2352.0" HEIGHT="360.0"><Glyph ID="char_127" CONTENT="ד" GC="1.0"><Shape><Polygon POINTS="2464 1681 2487 1857 2570 1846 2547 1670"/></Shape></Glyph><Glyph ID="char_128" CONTENT="ר" GC="1.0"><Shape><Polygon POINTS="2428 1685 2451 1861 2487 1857 2464 1681"/></Shape></Glyph><Glyph ID="char_129" CONTENT="ך" GC="1.0"><Shape><Polygon POINTS="2368 1693 2391 1869 2451 1861 2428 1685"/></Shape></Glyph><Glyph ID="char_130" CONTENT=" " GC="1.0"><Shape><Polygon POINTS="2321 1699 2344 1875 2391 1869 2368 1693"/></Shape></Glyph><Glyph ID="char_131" CONTENT="ו" GC="1.0"><Shape><Polygon POINTS="2273 1706 2296 1881 2344 1875 2321 1699"/></Shape></Glyph><Glyph ID="char_132" CONTENT="י" GC="1.0"><Shape><Polygon POINTS="2226 1712 2249 1888 2296 1881 2273 1706"/></Shape></Glyph><Glyph ID="char_133" CONTENT="ג" GC="1.0"><Shape><Polygon POINTS="2166 1719 2189 1895 2249 1888 2226 1712"/></Shape></Glyph><Glyph ID="char_134" CONTENT="ל" GC="1.0"><Shape><Polygon POINTS="2119 1725 2141 1901 2189 1895 2166 1719"/></Shape></Glyph><Glyph ID="char_135" CONTENT=" " GC="1.0"><Shape><Polygon POINTS="2071 1731 2093 1907 2141 1901 2119 1725"/></Shape></Glyph><Glyph ID="char_136" CONTENT="ע" GC="1.0"><Shape><Polygon POINTS="1922 1748 1936 1925 2093 1907 2071 1731"/></Shape></Glyph><Glyph ID="char_137" CONTENT=" " GC="1.0"><Shape><Polygon POINTS="1788 1753 1786 1931 1936 1925 1922 1748"/></Shape></Glyph><Glyph ID="char_138" CONTENT="מ" GC="1.0"><Shape><Polygon POINTS="1728 1753 1726 1931 1786 1931 1788 1753"/></Shape></Glyph><Glyph ID="char_139" CONTENT="ה" GC="1.0"><Shape><Polygon POINTS="1656 1752 1654 1930 1726 1931 1728 1753"/></Shape></Glyph><Glyph ID="char_140" CONTENT=" " GC="1.0"><Shape><Polygon POINTS="1584 1751 1582 1929 1654 1930 1656 1752"/></Shape></Glyph><Glyph ID="char_141" CONTENT="ב" GC="1.0"><Shape><Polygon POINTS="1506 1753 1514 1931 1582 1929 1584 1751"/></Shape></Glyph><Glyph ID="char_142" CONTENT="נ" GC="1.0"><Shape><Polygon POINTS="1434 1756 1442 1934 1514 1931 1506 1753"/></Shape></Glyph><Glyph ID="char_143" CONTENT="ס" GC="1.0"><Shape><Polygon POINTS="1351 1759 1358 1938 1442 1934 1434 1756"/></Shape></Glyph><Glyph ID="char_144" CONTENT="ת" GC="1.0"><Shape><Polygon POINTS="1252 1764 1264 1942 1358 1938 1351 1759"/></Shape></Glyph><Glyph ID="char_145" CONTENT="ר" GC="1.0"><Shape><Polygon POINTS="1180 1770 1193 1947 1264 1942 1252 1764"/></Shape></Glyph><Glyph ID="char_146" CONTENT="ו" GC="1.0"><Shape><Polygon POINTS="1120 1774 1133 1951 1193 1947 1180 1770"/></Shape></Glyph><Glyph ID="char_147" CONTENT="ת" GC="1.0"><Shape><Polygon POINTS="1053 1782 1078 1958 1133 1951 1120 1774"/></Shape></Glyph><Glyph ID="char_148" CONTENT=" " GC="1.0"><Shape><Polygon POINTS="994 1790 1018 1966 1078 1958 1053 1782"/></Shape></Glyph><Glyph ID="char_149" CONTENT="ו" GC="1.0"><Shape><Polygon POINTS="935 1798 959 1974 1018 1966 994 1790"/></Shape></Glyph><Glyph ID="char_150" CONTENT="א" GC="1.0"><Shape><Polygon POINTS="888 1805 912 1980 959 1974 935 1798"/></Shape></Glyph><Glyph ID="char_151" CONTENT="ו" GC="1.0"><Shape><Polygon POINTS="841 1811 865 1987 912 1980 888 1805"/></Shape></Glyph><Glyph ID="char_152" CONTENT="ז" GC="1.0"><Shape><Polygon POINTS="805 1816 829 1992 865 1987 841 1811"/></Shape></Glyph><Glyph ID="char_153" CONTENT="נ" GC="1.0"><Shape><Polygon POINTS="745 1824 770 2000 829 1992 805 1816"/></Shape></Glyph><Glyph ID="char_154" CONTENT="מ" GC="1.0"><Shape><Polygon POINTS="683 1830 692 2008 770 2000 745 1824"/></Shape></Glyph><Glyph ID="char_155" CONTENT="ה" GC="1.0"><Shape><Polygon POINTS="624 1833 632 2011 692 2008 683 1830"/></Shape></Glyph><Glyph ID="char_156" CONTENT=" " GC="1.0"><Shape><Polygon POINTS="576 1836 584 2013 632 2011 624 1833"/></Shape></Glyph><Glyph ID="char_157" CONTENT="פ" GC="1.0"><Shape><Polygon POINTS="504 1839 512 2017 584 2013 576 1836"/></Shape></Glyph><Glyph ID="char_158" CONTENT="ת" GC="1.0"><Shape><Polygon POINTS="420 1843 428 2020 512 2017 504 1839"/></Shape></Glyph><Glyph ID="char_159" CONTENT="ח" GC="1.0"><Shape><Polygon POINTS="371 1842 361 2020 428 2020 420 1843"/></Shape></Glyph><Glyph ID="char_160" CONTENT=" " GC="1.0"><Shape><Polygon POINTS="335 1840 325 2018 361 2020 371 1842"/></Shape></Glyph><Glyph ID="char_161" CONTENT="ו" GC="1.0"><Shape><Polygon POINTS="311 1839 301 2017 325 2018 335 1840"/></Shape></Glyph><Glyph ID="char_162" CONTENT=" " GC="1.0"><Shape><Polygon POINTS="281 1944 304 1945"/></Shape></Glyph></String>
          </TextLine>

          
          
          <TextLine ID="eSc_line_1772797" BASELINE="673 2110 1605 2047 1969 2029 2017 1996 2155 2002 2357 1984 2639 1984" HPOS="665.0" VPOS="1877.0" WIDTH="1974.0" HEIGHT="304.0">
            <Shape><Polygon POINTS="665 2003 1597 1940 1963 1922 1956 1907 2159 1895 2347 1877 2639 1877 2639 2055 2363 2054 2151 2073 2057 2054 1972 2100 1609 2118 677 2181"/></Shape>
	    <String CONTENT="ויבינו בכול נהיות עד מה יבוא במה " HPOS="665.0" VPOS="1877.0" WIDTH="1974.0" HEIGHT="304.0"><Glyph ID="char_163" CONTENT="ו" GC="1.0"><Shape><Polygon POINTS="2554 1877 2554 2055 2614 2055 2614 1877"/></Shape></Glyph><Glyph ID="char_164" CONTENT="י" GC="1.0"><Shape><Polygon POINTS="2482 1877 2482 2054 2554 2055 2554 1877"/></Shape></Glyph><Glyph ID="char_165" CONTENT="ב" GC="1.0"><Shape><Polygon POINTS="2410 1877 2410 2054 2482 2054 2482 1877"/></Shape></Glyph><Glyph ID="char_166" CONTENT="י" GC="1.0"><Shape><Polygon POINTS="2341 1878 2357 2055 2410 2054 2410 1877"/></Shape></Glyph><Glyph ID="char_167" CONTENT="נ" GC="1.0"><Shape><Polygon POINTS="2293 1882 2309 2059 2357 2055 2341 1878"/></Shape></Glyph><Glyph ID="char_168" CONTENT="ו" GC="1.0"><Shape><Polygon POINTS="2257 1886 2273 2062 2309 2059 2293 1882"/></Shape></Glyph><Glyph ID="char_169" CONTENT=" " GC="1.0"><Shape><Polygon POINTS="2209 1890 2225 2066 2273 2062 2257 1886"/></Shape></Glyph><Glyph ID="char_170" CONTENT="ב" GC="1.0"><Shape><Polygon POINTS="2150 1896 2165 2072 2225 2066 2209 1890"/></Shape></Glyph><Glyph ID="char_171" CONTENT="כ" GC="1.0"><Shape><Polygon POINTS="2104 1898 2096 2062 2165 2072 2150 1896"/></Shape></Glyph><Glyph ID="char_172" CONTENT="ו" GC="1.0"><Shape><Polygon POINTS="2043 1902 2036 2065 2096 2062 2104 1898"/></Shape></Glyph><Glyph ID="char_173" CONTENT="ל" GC="1.0"><Shape><Polygon POINTS="1950 1923 2045 2061 2036 2065 2043 1902"/></Shape></Glyph><Glyph ID="char_174" CONTENT=" " GC="1.0"><Shape><Polygon POINTS="1960 1922 1969 2100 2045 2061 1950 1923"/></Shape></Glyph><Glyph ID="char_175" CONTENT="נ" GC="1.0"><Shape><Polygon POINTS="1900 1925 1909 2103 1969 2100 1960 1922"/></Shape></Glyph><Glyph ID="char_176" CONTENT="ה" GC="1.0"><Shape><Polygon POINTS="1828 1929 1837 2107 1909 2103 1900 1925"/></Shape></Glyph><Glyph ID="char_177" CONTENT="י" GC="1.0"><Shape><Polygon POINTS="1768 1932 1777 2110 1837 2107 1828 1929"/></Shape></Glyph><Glyph ID="char_178" CONTENT="ו" GC="1.0"><Shape><Polygon POINTS="1708 1935 1717 2113 1777 2110 1768 1932"/></Shape></Glyph><Glyph ID="char_179" CONTENT="ת" GC="1.0"><Shape><Polygon POINTS="1661 1937 1669 2115 1717 2113 1708 1935"/></Shape></Glyph><Glyph ID="char_180" CONTENT=" " GC="1.0"><Shape><Polygon POINTS="1601 1940 1609 2118 1669 2115 1661 1937"/></Shape></Glyph><Glyph ID="char_181" CONTENT="ע" GC="1.0"><Shape><Polygon POINTS="1527 1945 1539 2123 1609 2118 1601 1940"/></Shape></Glyph><Glyph ID="char_182" CONTENT="ד" GC="1.0"><Shape><Polygon POINTS="1455 1950 1467 2128 1539 2123 1527 1945"/></Shape></Glyph><Glyph ID="char_183" CONTENT=" " GC="1.0"><Shape><Polygon POINTS="1395 1954 1407 2132 1467 2128 1455 1950"/></Shape></Glyph><Glyph ID="char_184" CONTENT="מ" GC="1.0"><Shape><Polygon POINTS="1335 1958 1347 2136 1407 2132 1395 1954"/></Shape></Glyph><Glyph ID="char_185" CONTENT="ה" GC="1.0"><Shape><Polygon POINTS="1275 1962 1287 2140 1347 2136 1335 1958"/></Shape></Glyph><Glyph ID="char_186" CONTENT=" " GC="1.0"><Shape><Polygon POINTS="1216 1966 1228 2144 1287 2140 1275 1962"/></Shape></Glyph><Glyph ID="char_187" CONTENT="י" GC="1.0"><Shape><Polygon POINTS="1156 1970 1168 2148 1228 2144 1216 1966"/></Shape></Glyph><Glyph ID="char_188" CONTENT="ב" GC="1.0"><Shape><Polygon POINTS="1096 1974 1108 2152 1168 2148 1156 1970"/></Shape></Glyph><Glyph ID="char_189" CONTENT="ו" GC="1.0"><Shape><Polygon POINTS="1036 1978 1048 2156 1108 2152 1096 1974"/></Shape></Glyph><Glyph ID="char_190" CONTENT="א" GC="1.0"><Shape><Polygon POINTS="976 1982 988 2160 1048 2156 1036 1978"/></Shape></Glyph><Glyph ID="char_191" CONTENT=" " GC="1.0"><Shape><Polygon POINTS="916 1986 928 2164 988 2160 976 1982"/></Shape></Glyph><Glyph ID="char_192" CONTENT="ב" GC="1.0"><Shape><Polygon POINTS="832 1992 844 2170 928 2164 916 1986"/></Shape></Glyph><Glyph ID="char_193" CONTENT="מ" GC="1.0"><Shape><Polygon POINTS="761 1997 773 2175 844 2170 832 1992"/></Shape></Glyph><Glyph ID="char_194" CONTENT="ה" GC="1.0"><Shape><Polygon POINTS="701 2001 713 2179 773 2175 761 1997"/></Shape></Glyph><Glyph ID="char_195" CONTENT=" " GC="1.0"><Shape><Polygon POINTS="672 2110 707 2107"/></Shape></Glyph></String>
          </TextLine>

          
          
          <TextLine ID="eSc_line_1772798" BASELINE="243 2324 327 2330 571 2315 763 2315 859 2306 898 2297 1151 2264 1229 2258 1380 2251 1785 2221 2077 2209 2648 2135" HPOS="237.0" VPOS="2029.0" WIDTH="2420.0" HEIGHT="372.0">
            <Shape><Polygon POINTS="250 2217 334 2223 564 2208 763 2208 849 2199 873 2192 1137 2158 1220 2151 1375 2144 1777 2114 2072 2102 2634 2029 2657 2205 2079 2280 1790 2292 1383 2322 1234 2328 1160 2334 914 2366 865 2376 763 2386 575 2386 321 2401 237 2395"/></Shape>
	    <String CONTENT=" ה שמעו לי כול יודעי צדק ובינו במעש אל " HPOS="237.0" VPOS="2029.0" WIDTH="2420.0" HEIGHT="372.0"><Glyph ID="char_196" CONTENT=" " GC="1.0"><Shape><Polygon POINTS="2444 2054 2467 2230 2621 2210 2598 2034"/></Shape></Glyph><Glyph ID="char_197" CONTENT="ה" GC="1.0"><Shape><Polygon POINTS="2230 2082 2253 2257 2467 2230 2444 2054"/></Shape></Glyph><Glyph ID="char_198" CONTENT=" " GC="1.0"><Shape><Polygon POINTS="2100 2098 2123 2274 2253 2257 2230 2082"/></Shape></Glyph><Glyph ID="char_199" CONTENT="ש" GC="1.0"><Shape><Polygon POINTS="2026 2104 2033 2282 2123 2274 2100 2098"/></Shape></Glyph><Glyph ID="char_200" CONTENT="מ" GC="1.0"><Shape><Polygon POINTS="1942 2107 1949 2285 2033 2282 2026 2104"/></Shape></Glyph><Glyph ID="char_201" CONTENT="ע" GC="1.0"><Shape><Polygon POINTS="1883 2110 1890 2288 1949 2285 1942 2107"/></Shape></Glyph><Glyph ID="char_202" CONTENT="ו" GC="1.0"><Shape><Polygon POINTS="1823 2112 1830 2290 1890 2288 1883 2110"/></Shape></Glyph><Glyph ID="char_203" CONTENT=" " GC="1.0"><Shape><Polygon POINTS="1787 2114 1794 2292 1830 2290 1823 2112"/></Shape></Glyph><Glyph ID="char_204" CONTENT="ל" GC="1.0"><Shape><Polygon POINTS="1735 2117 1749 2295 1794 2292 1787 2114"/></Shape></Glyph><Glyph ID="char_205" CONTENT="י" GC="1.0"><Shape><Polygon POINTS="1699 2120 1713 2298 1749 2295 1735 2117"/></Shape></Glyph><Glyph ID="char_206" CONTENT=" " GC="1.0"><Shape><Polygon POINTS="1652 2123 1665 2301 1713 2298 1699 2120"/></Shape></Glyph><Glyph ID="char_207" CONTENT="כ" GC="1.0"><Shape><Polygon POINTS="1604 2127 1617 2305 1665 2301 1652 2123"/></Shape></Glyph><Glyph ID="char_208" CONTENT="ו" GC="1.0"><Shape><Polygon POINTS="1557 2130 1570 2308 1617 2305 1604 2127"/></Shape></Glyph><Glyph ID="char_209" CONTENT="ל" GC="1.0"><Shape><Polygon POINTS="1509 2134 1522 2312 1570 2308 1557 2130"/></Shape></Glyph><Glyph ID="char_210" CONTENT=" " GC="1.0"><Shape><Polygon POINTS="1461 2138 1474 2315 1522 2312 1509 2134"/></Shape></Glyph><Glyph ID="char_211" CONTENT="י" GC="1.0"><Shape><Polygon POINTS="1413 2141 1426 2319 1474 2315 1461 2138"/></Shape></Glyph><Glyph ID="char_212" CONTENT="ו" GC="1.0"><Shape><Polygon POINTS="1368 2144 1377 2322 1426 2319 1413 2141"/></Shape></Glyph><Glyph ID="char_213" CONTENT="ד" GC="1.0"><Shape><Polygon POINTS="1308 2147 1317 2325 1377 2322 1368 2144"/></Shape></Glyph><Glyph ID="char_214" CONTENT="ע" GC="1.0"><Shape><Polygon POINTS="1225 2151 1234 2328 1317 2325 1308 2147"/></Shape></Glyph><Glyph ID="char_215" CONTENT="י" GC="1.0"><Shape><Polygon POINTS="1162 2156 1176 2333 1234 2328 1225 2151"/></Shape></Glyph><Glyph ID="char_216" CONTENT=" " GC="1.0"><Shape><Polygon POINTS="1109 2162 1132 2338 1176 2333 1162 2156"/></Shape></Glyph><Glyph ID="char_217" CONTENT="צ" GC="1.0"><Shape><Polygon POINTS="1038 2171 1061 2347 1132 2338 1109 2162"/></Shape></Glyph><Glyph ID="char_218" CONTENT="ד" GC="1.0"><Shape><Polygon POINTS="967 2180 990 2356 1061 2347 1038 2171"/></Shape></Glyph><Glyph ID="char_219" CONTENT="ק" GC="1.0"><Shape><Polygon POINTS="896 2189 919 2365 990 2356 967 2180"/></Shape></Glyph><Glyph ID="char_220" CONTENT=" " GC="1.0"><Shape><Polygon POINTS="838 2200 878 2373 919 2365 896 2189"/></Shape></Glyph><Glyph ID="char_221" CONTENT="ו" GC="1.0"><Shape><Polygon POINTS="793 2205 810 2381 878 2373 838 2200"/></Shape></Glyph><Glyph ID="char_222" CONTENT="ב" GC="1.0"><Shape><Polygon POINTS="743 2208 743 2386 810 2381 793 2205"/></Shape></Glyph><Glyph ID="char_223" CONTENT="י" GC="1.0"><Shape><Polygon POINTS="684 2208 684 2386 743 2386 743 2208"/></Shape></Glyph><Glyph ID="char_224" CONTENT="נ" GC="1.0"><Shape><Polygon POINTS="648 2208 648 2386 684 2386 684 2208"/></Shape></Glyph><Glyph ID="char_225" CONTENT="ו" GC="1.0"><Shape><Polygon POINTS="600 2208 600 2386 648 2386 648 2208"/></Shape></Glyph><Glyph ID="char_226" CONTENT=" " GC="1.0"><Shape><Polygon POINTS="546 2209 557 2387 600 2386 600 2208"/></Shape></Glyph><Glyph ID="char_227" CONTENT="ב" GC="1.0"><Shape><Polygon POINTS="474 2214 485 2391 557 2387 546 2209"/></Shape></Glyph><Glyph ID="char_228" CONTENT="מ" GC="1.0"><Shape><Polygon POINTS="414 2218 425 2395 485 2391 474 2214"/></Shape></Glyph><Glyph ID="char_229" CONTENT="ע" GC="1.0"><Shape><Polygon POINTS="355 2222 366 2398 425 2395 414 2218"/></Shape></Glyph><Glyph ID="char_230" CONTENT="ש" GC="1.0"><Shape><Polygon POINTS="335 2223 320 2401 366 2398 355 2222"/></Shape></Glyph><Glyph ID="char_231" CONTENT=" " GC="1.0"><Shape><Polygon POINTS="323 2222 308 2400 320 2401 335 2223"/></Shape></Glyph><Glyph ID="char_232" CONTENT="א" GC="1.0"><Shape><Polygon POINTS="299 2220 284 2398 308 2400 323 2222"/></Shape></Glyph><Glyph ID="char_233" CONTENT="ל" GC="1.0"><Shape><Polygon POINTS="275 2219 260 2397 284 2398 299 2220"/></Shape></Glyph><Glyph ID="char_234" CONTENT=" " GC="1.0"><Shape><Polygon POINTS="242 2323 265 2324"/></Shape></Glyph></String>
          </TextLine>

          
          
          <TextLine ID="eSc_line_1772793" BASELINE="291 2519 381 2519 787 2495 892 2480 1313 2450 1491 2423 1623 2426 1653 2405 1731 2396 1785 2399" HPOS="291.0" VPOS="2289.0" WIDTH="1499.0" HEIGHT="301.0">
            <Shape><Polygon POINTS="291 2412 381 2412 780 2388 876 2374 1305 2343 1474 2317 1625 2319 1591 2317 1718 2289 1790 2292 1781 2470 1739 2466 1693 2463 1621 2497 1501 2493 1318 2521 902 2550 791 2566 381 2590 291 2590"/></Shape>
	    <String CONTENT=" שפט יעשה בכול מנאציו כי ב לם " HPOS="291.0" VPOS="2289.0" WIDTH="1499.0" HEIGHT="301.0"><Glyph ID="char_235" CONTENT=" " GC="1.0"><Shape><Polygon POINTS="1604 2319 1599 2496 1721 2465 1701 2293"/></Shape></Glyph><Glyph ID="char_236" CONTENT="ש" GC="1.0"><Shape><Polygon POINTS="1556 2318 1552 2495 1599 2496 1604 2319"/></Shape></Glyph><Glyph ID="char_237" CONTENT="פ" GC="1.0"><Shape><Polygon POINTS="1544 2318 1540 2494 1552 2495 1556 2318"/></Shape></Glyph><Glyph ID="char_238" CONTENT="ט" GC="1.0"><Shape><Polygon POINTS="1520 2318 1516 2493 1540 2494 1544 2318"/></Shape></Glyph><Glyph ID="char_239" CONTENT=" " GC="1.0"><Shape><Polygon POINTS="1465 2318 1492 2494 1516 2493 1520 2318"/></Shape></Glyph><Glyph ID="char_240" CONTENT="י" GC="1.0"><Shape><Polygon POINTS="1430 2324 1456 2500 1492 2494 1465 2318"/></Shape></Glyph><Glyph ID="char_241" CONTENT="ע" GC="1.0"><Shape><Polygon POINTS="1371 2333 1398 2509 1456 2500 1430 2324"/></Shape></Glyph><Glyph ID="char_242" CONTENT="ש" GC="1.0"><Shape><Polygon POINTS="1285 2344 1297 2522 1398 2509 1371 2333"/></Shape></Glyph><Glyph ID="char_243" CONTENT="ה" GC="1.0"><Shape><Polygon POINTS="1201 2351 1213 2528 1297 2522 1285 2344"/></Shape></Glyph><Glyph ID="char_244" CONTENT=" " GC="1.0"><Shape><Polygon POINTS="1130 2356 1143 2533 1213 2528 1201 2351"/></Shape></Glyph><Glyph ID="char_245" CONTENT="ב" GC="1.0"><Shape><Polygon POINTS="1058 2361 1071 2538 1143 2533 1130 2356"/></Shape></Glyph><Glyph ID="char_246" CONTENT="כ" GC="1.0"><Shape><Polygon POINTS="1010 2364 1023 2542 1071 2538 1058 2361"/></Shape></Glyph><Glyph ID="char_247" CONTENT="ו" GC="1.0"><Shape><Polygon POINTS="962 2368 975 2545 1023 2542 1010 2364"/></Shape></Glyph><Glyph ID="char_248" CONTENT="ל" GC="1.0"><Shape><Polygon POINTS="915 2371 927 2548 975 2545 962 2368"/></Shape></Glyph><Glyph ID="char_249" CONTENT=" " GC="1.0"><Shape><Polygon POINTS="860 2376 885 2552 927 2548 915 2371"/></Shape></Glyph><Glyph ID="char_250" CONTENT="מ" GC="1.0"><Shape><Polygon POINTS="801 2385 826 2561 885 2552 860 2376"/></Shape></Glyph><Glyph ID="char_251" CONTENT="נ" GC="1.0"><Shape><Polygon POINTS="762 2389 773 2567 826 2561 801 2385"/></Shape></Glyph><Glyph ID="char_252" CONTENT="א" GC="1.0"><Shape><Polygon POINTS="690 2393 701 2571 773 2567 762 2389"/></Shape></Glyph><Glyph ID="char_253" CONTENT="צ" GC="1.0"><Shape><Polygon POINTS="619 2398 630 2575 701 2571 690 2393"/></Shape></Glyph><Glyph ID="char_254" CONTENT="י" GC="1.0"><Shape><Polygon POINTS="559 2401 570 2579 630 2575 619 2398"/></Shape></Glyph><Glyph ID="char_255" CONTENT="ו" GC="1.0"><Shape><Polygon POINTS="523 2403 534 2581 570 2579 559 2401"/></Shape></Glyph><Glyph ID="char_256" CONTENT=" " GC="1.0"><Shape><Polygon POINTS="476 2406 486 2584 534 2581 523 2403"/></Shape></Glyph><Glyph ID="char_257" CONTENT="כ" GC="1.0"><Shape><Polygon POINTS="416 2410 426 2587 486 2584 476 2406"/></Shape></Glyph><Glyph ID="char_258" CONTENT="י" GC="1.0"><Shape><Polygon POINTS="375 2412 375 2590 426 2587 416 2410"/></Shape></Glyph><Glyph ID="char_259" CONTENT=" " GC="1.0"><Shape><Polygon POINTS="339 2412 339 2590 375 2590 375 2412"/></Shape></Glyph><Glyph ID="char_260" CONTENT="ב" GC="1.0"><Shape><Polygon POINTS="315 2412 315 2590 339 2590 339 2412"/></Shape></Glyph><Glyph ID="char_261" CONTENT=" " GC="1.0"><Shape><Polygon POINTS="291 2412 291 2590 315 2590 315 2412"/></Shape></Glyph><Glyph ID="char_262" CONTENT="ל" GC="1.0"><Shape><Polygon POINTS="291 2412 291 2590 291 2590 291 2412"/></Shape></Glyph><Glyph ID="char_263" CONTENT="ם" GC="1.0"><Shape><Polygon POINTS="291 2412 291 2590 291 2590 291 2412"/></Shape></Glyph><Glyph ID="char_264" CONTENT=" " GC="1.0"><Shape><Polygon POINTS="291 2412 291 2590 291 2590 291 2412"/></Shape></Glyph></String>
          </TextLine>

          
          
          <TextLine ID="eSc_line_1772813" BASELINE="300 2715 514 2699 553 2690 790 2684 1085 2642 1368 2597 1497 2591 2023 2573 2080 2585 2191 2573 2291 2579" HPOS="292.0" VPOS="2466.0" WIDTH="2005.0" HEIGHT="320.0">
            <Shape><Polygon POINTS="292 2608 506 2592 528 2585 787 2577 1069 2536 1351 2491 1492 2484 2019 2466 2102 2480 2179 2466 2297 2472 2286 2650 2198 2643 2065 2654 2025 2644 1500 2662 1379 2667 1095 2712 791 2755 569 2759 519 2770 305 2786"/></Shape>
	    <String CONTENT=" הסת שראל ממקדשו ויתנם " HPOS="292.0" VPOS="2466.0" WIDTH="2005.0" HEIGHT="320.0"><Glyph ID="char_265" CONTENT=" " GC="1.0"><Shape><Polygon POINTS="2249 2470 2238 2646 2274 2649 2285 2471"/></Shape></Glyph><Glyph ID="char_266" CONTENT="ה" GC="1.0"><Shape><Polygon POINTS="2171 2467 2190 2644 2238 2646 2249 2470"/></Shape></Glyph><Glyph ID="char_267" CONTENT="ס" GC="1.0"><Shape><Polygon POINTS="2085 2477 2049 2650 2190 2644 2171 2467"/></Shape></Glyph><Glyph ID="char_268" CONTENT="ת" GC="1.0"><Shape><Polygon POINTS="1773 2474 1779 2652 2049 2650 2085 2477"/></Shape></Glyph><Glyph ID="char_269" CONTENT=" " GC="1.0"><Shape><Polygon POINTS="1473 2485 1481 2663 1779 2652 1773 2474"/></Shape></Glyph><Glyph ID="char_270" CONTENT="ש" GC="1.0"><Shape><Polygon POINTS="1329 2494 1357 2670 1481 2663 1473 2485"/></Shape></Glyph><Glyph ID="char_271" CONTENT="ר" GC="1.0"><Shape><Polygon POINTS="1246 2508 1274 2684 1357 2670 1329 2494"/></Shape></Glyph><Glyph ID="char_272" CONTENT="א" GC="1.0"><Shape><Polygon POINTS="1187 2517 1215 2693 1274 2684 1246 2508"/></Shape></Glyph><Glyph ID="char_273" CONTENT="ל" GC="1.0"><Shape><Polygon POINTS="1104 2530 1132 2706 1215 2693 1187 2517"/></Shape></Glyph><Glyph ID="char_274" CONTENT=" " GC="1.0"><Shape><Polygon POINTS="1046 2539 1072 2715 1132 2706 1104 2530"/></Shape></Glyph><Glyph ID="char_275" CONTENT="מ" GC="1.0"><Shape><Polygon POINTS="987 2548 1012 2724 1072 2715 1046 2539"/></Shape></Glyph><Glyph ID="char_276" CONTENT="מ" GC="1.0"><Shape><Polygon POINTS="928 2557 953 2732 1012 2724 987 2548"/></Shape></Glyph><Glyph ID="char_277" CONTENT="ק" GC="1.0"><Shape><Polygon POINTS="845 2569 870 2744 953 2732 928 2557"/></Shape></Glyph><Glyph ID="char_278" CONTENT="ד" GC="1.0"><Shape><Polygon POINTS="787 2577 791 2755 870 2744 845 2569"/></Shape></Glyph><Glyph ID="char_279" CONTENT="ש" GC="1.0"><Shape><Polygon POINTS="715 2579 719 2756 791 2755 787 2577"/></Shape></Glyph><Glyph ID="char_280" CONTENT="ו" GC="1.0"><Shape><Polygon POINTS="643 2581 647 2758 719 2756 715 2579"/></Shape></Glyph><Glyph ID="char_281" CONTENT=" " GC="1.0"><Shape><Polygon POINTS="583 2583 587 2759 647 2758 643 2581"/></Shape></Glyph><Glyph ID="char_282" CONTENT="ו" GC="1.0"><Shape><Polygon POINTS="514 2590 554 2762 587 2759 583 2583"/></Shape></Glyph><Glyph ID="char_283" CONTENT="י" GC="1.0"><Shape><Polygon POINTS="471 2595 484 2773 554 2762 514 2590"/></Shape></Glyph><Glyph ID="char_284" CONTENT="ת" GC="1.0"><Shape><Polygon POINTS="411 2599 424 2777 484 2773 471 2595"/></Shape></Glyph><Glyph ID="char_285" CONTENT="נ" GC="1.0"><Shape><Polygon POINTS="363 2603 376 2781 424 2777 411 2599"/></Shape></Glyph><Glyph ID="char_286" CONTENT="ם" GC="1.0"><Shape><Polygon POINTS="327 2605 340 2783 376 2781 363 2603"/></Shape></Glyph><Glyph ID="char_287" CONTENT=" " GC="1.0"><Shape><Polygon POINTS="299 2715 334 2712"/></Shape></Glyph></String>
          </TextLine>

          
          
          <TextLine ID="eSc_line_1772796" BASELINE="306 2877 571 2868 754 2868 905 2847 1813 2751 1915 2745 2134 2745 2330 2727" HPOS="302.0" VPOS="2620.0" WIDTH="2034.0" HEIGHT="328.0">
            <Shape><Polygon POINTS="302 2770 567 2761 754 2761 890 2741 1801 2644 1908 2638 2134 2638 2320 2620 2336 2797 2134 2816 1919 2816 1820 2821 914 2917 754 2939 573 2939 308 2948"/></Shape>
	    <String CONTENT=" רא שונים ה ית לישראל ולו " HPOS="302.0" VPOS="2620.0" WIDTH="2034.0" HEIGHT="328.0"><Glyph ID="char_288" CONTENT=" " GC="1.0"><Shape><Polygon POINTS="2248 2627 2264 2804 2324 2798 2308 2621"/></Shape></Glyph><Glyph ID="char_289" CONTENT="ר" GC="1.0"><Shape><Polygon POINTS="2200 2632 2216 2808 2264 2804 2248 2627"/></Shape></Glyph><Glyph ID="char_290" CONTENT="א" GC="1.0"><Shape><Polygon POINTS="2188 2633 2204 2809 2216 2808 2200 2632"/></Shape></Glyph><Glyph ID="char_291" CONTENT=" " GC="1.0"><Shape><Polygon POINTS="2129 2638 2146 2815 2204 2809 2188 2633"/></Shape></Glyph><Glyph ID="char_292" CONTENT="ש" GC="1.0"><Shape><Polygon POINTS="2055 2638 2055 2816 2146 2815 2129 2638"/></Shape></Glyph><Glyph ID="char_293" CONTENT="ו" GC="1.0"><Shape><Polygon POINTS="1995 2638 1995 2816 2055 2816 2055 2638"/></Shape></Glyph><Glyph ID="char_294" CONTENT="נ" GC="1.0"><Shape><Polygon POINTS="1947 2638 1947 2816 1995 2816 1995 2638"/></Shape></Glyph><Glyph ID="char_295" CONTENT="י" GC="1.0"><Shape><Polygon POINTS="1882 2639 1892 2817 1947 2816 1947 2638"/></Shape></Glyph><Glyph ID="char_296" CONTENT="ם" GC="1.0"><Shape><Polygon POINTS="1822 2643 1832 2820 1892 2817 1882 2639"/></Shape></Glyph><Glyph ID="char_297" CONTENT=" " GC="1.0"><Shape><Polygon POINTS="1733 2651 1752 2828 1832 2820 1822 2643"/></Shape></Glyph><Glyph ID="char_298" CONTENT="ה" GC="1.0"><Shape><Polygon POINTS="1448 2682 1467 2858 1752 2828 1733 2651"/></Shape></Glyph><Glyph ID="char_299" CONTENT=" " GC="1.0"><Shape><Polygon POINTS="1128 2716 1147 2892 1467 2858 1448 2682"/></Shape></Glyph><Glyph ID="char_300" CONTENT="י" GC="1.0"><Shape><Polygon POINTS="997 2730 1015 2906 1147 2892 1128 2716"/></Shape></Glyph><Glyph ID="char_301" CONTENT="ת" GC="1.0"><Shape><Polygon POINTS="961 2733 979 2910 1015 2906 997 2730"/></Shape></Glyph><Glyph ID="char_302" CONTENT=" " GC="1.0"><Shape><Polygon POINTS="902 2740 921 2916 979 2910 961 2733"/></Shape></Glyph><Glyph ID="char_303" CONTENT="ל" GC="1.0"><Shape><Polygon POINTS="863 2745 887 2921 921 2916 902 2740"/></Shape></Glyph><Glyph ID="char_304" CONTENT="י" GC="1.0"><Shape><Polygon POINTS="815 2752 840 2927 887 2921 863 2745"/></Shape></Glyph><Glyph ID="char_305" CONTENT="ש" GC="1.0"><Shape><Polygon POINTS="735 2761 735 2939 840 2927 815 2752"/></Shape></Glyph><Glyph ID="char_306" CONTENT="ר" GC="1.0"><Shape><Polygon POINTS="664 2761 664 2939 735 2939 735 2761"/></Shape></Glyph><Glyph ID="char_307" CONTENT="א" GC="1.0"><Shape><Polygon POINTS="604 2761 604 2939 664 2939 664 2761"/></Shape></Glyph><Glyph ID="char_308" CONTENT="ל" GC="1.0"><Shape><Polygon POINTS="552 2762 558 2940 604 2939 604 2761"/></Shape></Glyph><Glyph ID="char_309" CONTENT=" " GC="1.0"><Shape><Polygon POINTS="504 2763 510 2941 558 2940 552 2762"/></Shape></Glyph><Glyph ID="char_310" CONTENT="ו" GC="1.0"><Shape><Polygon POINTS="444 2765 450 2943 510 2941 504 2763"/></Shape></Glyph><Glyph ID="char_311" CONTENT="ל" GC="1.0"><Shape><Polygon POINTS="409 2766 415 2944 450 2943 444 2765"/></Shape></Glyph><Glyph ID="char_312" CONTENT="ו" GC="1.0"><Shape><Polygon POINTS="361 2768 367 2946 415 2944 409 2766"/></Shape></Glyph><Glyph ID="char_313" CONTENT=" " GC="1.0"><Shape><Polygon POINTS="305 2877 364 2874"/></Shape></Glyph></String>
          </TextLine>

          
          
          <TextLine ID="eSc_line_1772794" BASELINE="1019 2973 1283 2973 1737 2928 1924 2928 2101 2916 2176 2916 2267 2931" HPOS="1019.0" VPOS="2809.0" WIDTH="1265.0" HEIGHT="235.0">
            <Shape><Polygon POINTS="1019 2866 1283 2866 1726 2821 1924 2821 2093 2809 2176 2809 2284 2825 2255 3001 2176 2987 2105 2987 1924 2999 1744 2998 1283 3044 1019 3044"/></Shape>
	    <String CONTENT=" ים שלוש מאות ותשע " HPOS="1019.0" VPOS="2809.0" WIDTH="1265.0" HEIGHT="235.0"><Glyph ID="char_314" CONTENT=" " GC="1.0"><Shape><Polygon POINTS="2225 2816 2197 2991 2244 2999 2273 2823"/></Shape></Glyph><Glyph ID="char_315" CONTENT="י" GC="1.0"><Shape><Polygon POINTS="2159 2809 2159 2987 2197 2991 2225 2816"/></Shape></Glyph><Glyph ID="char_316" CONTENT="ם" GC="1.0"><Shape><Polygon POINTS="2080 2810 2092 2988 2159 2987 2159 2809"/></Shape></Glyph><Glyph ID="char_317" CONTENT=" " GC="1.0"><Shape><Polygon POINTS="2008 2815 2020 2993 2092 2988 2080 2810"/></Shape></Glyph><Glyph ID="char_318" CONTENT="ש" GC="1.0"><Shape><Polygon POINTS="1925 2821 1937 2998 2020 2993 2008 2815"/></Shape></Glyph><Glyph ID="char_319" CONTENT="ל" GC="1.0"><Shape><Polygon POINTS="1860 2821 1860 2999 1937 2998 1925 2821"/></Shape></Glyph><Glyph ID="char_320" CONTENT="ו" GC="1.0"><Shape><Polygon POINTS="1799 2821 1799 2998 1860 2999 1860 2821"/></Shape></Glyph><Glyph ID="char_321" CONTENT="ש" GC="1.0"><Shape><Polygon POINTS="1739 2821 1739 2999 1799 2998 1799 2821"/></Shape></Glyph><Glyph ID="char_322" CONTENT=" " GC="1.0"><Shape><Polygon POINTS="1668 2827 1686 3004 1739 2999 1739 2821"/></Shape></Glyph><Glyph ID="char_323" CONTENT="מ" GC="1.0"><Shape><Polygon POINTS="1597 2834 1614 3011 1686 3004 1668 2827"/></Shape></Glyph><Glyph ID="char_324" CONTENT="א" GC="1.0"><Shape><Polygon POINTS="1537 2840 1555 3017 1614 3011 1597 2834"/></Shape></Glyph><Glyph ID="char_325" CONTENT="ו" GC="1.0"><Shape><Polygon POINTS="1466 2847 1483 3024 1555 3017 1537 2840"/></Shape></Glyph><Glyph ID="char_326" CONTENT="ת" GC="1.0"><Shape><Polygon POINTS="1393 2855 1410 3031 1483 3024 1466 2847"/></Shape></Glyph><Glyph ID="char_327" CONTENT=" " GC="1.0"><Shape><Polygon POINTS="1333 2861 1351 3037 1410 3031 1393 2855"/></Shape></Glyph><Glyph ID="char_328" CONTENT="ו" GC="1.0"><Shape><Polygon POINTS="1273 2866 1291 3043 1351 3037 1333 2861"/></Shape></Glyph><Glyph ID="char_329" CONTENT="ת" GC="1.0"><Shape><Polygon POINTS="1212 2866 1212 3044 1291 3043 1273 2866"/></Shape></Glyph><Glyph ID="char_330" CONTENT="ש" GC="1.0"><Shape><Polygon POINTS="1152 2866 1152 3044 1212 3044 1212 2866"/></Shape></Glyph><Glyph ID="char_331" CONTENT="ע" GC="1.0"><Shape><Polygon POINTS="1115 2866 1115 3044 1152 3044 1152 2866"/></Shape></Glyph><Glyph ID="char_332" CONTENT=" " GC="1.0"><Shape><Polygon POINTS="1031 2866 1031 3044 1115 3044 1115 2866"/></Shape></Glyph></String>
          </TextLine>

          
          
          <TextLine ID="eSc_line_1772799" BASELINE="1725 3108 2107 3108" HPOS="1725.0" VPOS="3001.0" WIDTH="382.0" HEIGHT="178.0">
            <Shape><Polygon POINTS="1725 3001 2107 3001 2107 3179 1725 3179"/></Shape>
	    <String CONTENT=" קדם ו ומא ן ש " HPOS="1725.0" VPOS="3001.0" WIDTH="382.0" HEIGHT="178.0"><Glyph ID="char_333" CONTENT=" " GC="1.0"><Shape><Polygon POINTS="2072 3001 2072 3179 2096 3179 2096 3001"/></Shape></Glyph><Glyph ID="char_334" CONTENT="ק" GC="1.0"><Shape><Polygon POINTS="2024 3001 2024 3179 2072 3179 2072 3001"/></Shape></Glyph><Glyph ID="char_335" CONTENT="ד" GC="1.0"><Shape><Polygon POINTS="1928 3001 1928 3179 2024 3179 2024 3001"/></Shape></Glyph><Glyph ID="char_336" CONTENT="ם" GC="1.0"><Shape><Polygon POINTS="1857 3001 1857 3179 1928 3179 1928 3001"/></Shape></Glyph><Glyph ID="char_337" CONTENT=" " GC="1.0"><Shape><Polygon POINTS="1833 3001 1833 3179 1857 3179 1857 3001"/></Shape></Glyph><Glyph ID="char_338" CONTENT="ו" GC="1.0"><Shape><Polygon POINTS="1821 3001 1821 3179 1833 3179 1833 3001"/></Shape></Glyph><Glyph ID="char_339" CONTENT=" " GC="1.0"><Shape><Polygon POINTS="1809 3001 1809 3179 1821 3179 1821 3001"/></Shape></Glyph><Glyph ID="char_340" CONTENT="ו" GC="1.0"><Shape><Polygon POINTS="1797 3001 1797 3179 1809 3179 1809 3001"/></Shape></Glyph><Glyph ID="char_341" CONTENT="מ" GC="1.0"><Shape><Polygon POINTS="1785 3001 1785 3179 1797 3179 1797 3001"/></Shape></Glyph><Glyph ID="char_342" CONTENT="א" GC="1.0"><Shape><Polygon POINTS="1773 3001 1773 3179 1785 3179 1785 3001"/></Shape></Glyph><Glyph ID="char_343" CONTENT=" " GC="1.0"><Shape><Polygon POINTS="1761 3001 1761 3179 1773 3179 1773 3001"/></Shape></Glyph><Glyph ID="char_344" CONTENT="ן" GC="1.0"><Shape><Polygon POINTS="1737 3001 1737 3179 1761 3179 1761 3001"/></Shape></Glyph><Glyph ID="char_345" CONTENT=" " GC="1.0"><Shape><Polygon POINTS="1725 3001 1725 3179 1737 3179 1737 3001"/></Shape></Glyph><Glyph ID="char_346" CONTENT="ש" GC="1.0"><Shape><Polygon POINTS="1725 3001 1725 3179 1725 3179 1725 3001"/></Shape></Glyph><Glyph ID="char_347" CONTENT=" " GC="1.0"><Shape><Polygon POINTS="1725 3001 1725 3179 1725 3179 1725 3001"/></Shape></Glyph></String>
          </TextLine>

          
        </TextBlock>
        

        
      </PrintSpace>
    </Page>
  </Layout>
</alto>