<?xml version='1.0' encoding='UTF-8'?>
<alto xmlns:xsi="http://www.w3.org/2001/XMLSchema-instance" xmlns="http://www.loc.gov/standards/alto/ns-v4#" xsi:schemaLocation="http://www.loc.gov/standards/alto/ns-v4# http://www.loc.gov/standards/alto/v4/alto-4-2.xsd">
  <Description>
    <MeasurementUnit>pixel</MeasurementUnit>
    <sourceImageInformation>
      <fileName>P381-Fg006-R-C01-R01-D17072012-T152150-LR924_012_F.jpg</fileName>
      
    </sourceImageInformation>
  </Description>
  
  <Tags>
    <OtherTag ID="BT1443" LABEL="Parchment_or_papyrus" DESCRIPTION="block type Parchment_or_papyrus"/><OtherTag ID="BT2" LABEL="Main" DESCRIPTION="block type Main"/>
    
  </Tags>
  
  <Layout>
    <Page WIDTH="3608" HEIGHT="2706" PHYSICAL_IMG_NR="335" ID="eSc_dummypage_">
      <PrintSpace HPOS="0" VPOS="0" WIDTH="3608" HEIGHT="2706">
        
        <TextBlock HPOS="1060.0" VPOS="1170.0" WIDTH="1660.0" HEIGHT="651.0" ID="eSc_textblock_9a7a43cb" TAGREFS="BT2">
          <Shape><Polygon POINTS="1060 1251 1060 1821 2720 1821 2720 1170"/></Shape>
          
          
          <TextLine ID="eSc_line_1793396" BASELINE="1111 1301 1256 1289 1587 1285 2006 1285 2692 1298" HPOS="1105.0" VPOS="1213.0" WIDTH="1588.0" HEIGHT="135.0">
            <Shape><Polygon POINTS="1105 1229 1250 1217 1586 1213 2006 1213 2693 1226 2691 1345 2006 1332 1587 1332 1259 1336 1114 1348"/></Shape>
	    <String CONTENT=" אותמה ויברכו את שם קודשכה בב כו " HPOS="1105.0" VPOS="1213.0" WIDTH="1588.0" HEIGHT="135.0"><Glyph ID="char_0" CONTENT=" " GC="1.0"><Shape><Polygon POINTS="2564 1224 2561 1343 2642 1344 2645 1225"/></Shape></Glyph><Glyph ID="char_1" CONTENT="א" GC="1.0"><Shape><Polygon POINTS="2516 1223 2514 1342 2561 1343 2564 1224"/></Shape></Glyph><Glyph ID="char_2" CONTENT="ו" GC="1.0"><Shape><Polygon POINTS="2468 1222 2466 1341 2514 1342 2516 1223"/></Shape></Glyph><Glyph ID="char_3" CONTENT="ת" GC="1.0"><Shape><Polygon POINTS="2428 1221 2426 1340 2466 1341 2468 1222"/></Shape></Glyph><Glyph ID="char_4" CONTENT="מ" GC="1.0"><Shape><Polygon POINTS="2364 1220 2362 1339 2426 1340 2428 1221"/></Shape></Glyph><Glyph ID="char_5" CONTENT="ה" GC="1.0"><Shape><Polygon POINTS="2316 1219 2314 1338 2362 1339 2364 1220"/></Shape></Glyph><Glyph ID="char_6" CONTENT=" " GC="1.0"><Shape><Polygon POINTS="2283 1218 2281 1337 2314 1338 2316 1219"/></Shape></Glyph><Glyph ID="char_7" CONTENT="ו" GC="1.0"><Shape><Polygon POINTS="2251 1218 2249 1337 2281 1337 2283 1218"/></Shape></Glyph><Glyph ID="char_8" CONTENT="י" GC="1.0"><Shape><Polygon POINTS="2211 1217 2209 1336 2249 1337 2251 1218"/></Shape></Glyph><Glyph ID="char_9" CONTENT="ב" GC="1.0"><Shape><Polygon POINTS="2163 1216 2161 1335 2209 1336 2211 1217"/></Shape></Glyph><Glyph ID="char_10" CONTENT="ר" GC="1.0"><Shape><Polygon POINTS="2115 1215 2113 1334 2161 1335 2163 1216"/></Shape></Glyph><Glyph ID="char_11" CONTENT="כ" GC="1.0"><Shape><Polygon POINTS="2083 1214 2081 1333 2113 1334 2115 1215"/></Shape></Glyph><Glyph ID="char_12" CONTENT="ו" GC="1.0"><Shape><Polygon POINTS="2059 1214 2057 1333 2081 1333 2083 1214"/></Shape></Glyph><Glyph ID="char_13" CONTENT=" " GC="1.0"><Shape><Polygon POINTS="2034 1214 2032 1332 2057 1333 2059 1214"/></Shape></Glyph><Glyph ID="char_14" CONTENT="א" GC="1.0"><Shape><Polygon POINTS="1976 1213 1976 1332 2032 1332 2034 1214"/></Shape></Glyph><Glyph ID="char_15" CONTENT="ת" GC="1.0"><Shape><Polygon POINTS="1928 1213 1928 1332 1976 1332 1976 1213"/></Shape></Glyph><Glyph ID="char_16" CONTENT=" " GC="1.0"><Shape><Polygon POINTS="1904 1213 1904 1332 1928 1332 1928 1213"/></Shape></Glyph><Glyph ID="char_17" CONTENT="ש" GC="1.0"><Shape><Polygon POINTS="1840 1213 1840 1332 1904 1332 1904 1213"/></Shape></Glyph><Glyph ID="char_18" CONTENT="ם" GC="1.0"><Shape><Polygon POINTS="1776 1213 1776 1332 1840 1332 1840 1213"/></Shape></Glyph><Glyph ID="char_19" CONTENT=" " GC="1.0"><Shape><Polygon POINTS="1743 1213 1743 1332 1776 1332 1776 1213"/></Shape></Glyph><Glyph ID="char_20" CONTENT="ק" GC="1.0"><Shape><Polygon POINTS="1687 1213 1687 1332 1743 1332 1743 1213"/></Shape></Glyph><Glyph ID="char_21" CONTENT="ו" GC="1.0"><Shape><Polygon POINTS="1631 1213 1631 1332 1687 1332 1687 1213"/></Shape></Glyph><Glyph ID="char_22" CONTENT="ד" GC="1.0"><Shape><Polygon POINTS="1591 1213 1591 1332 1631 1332 1631 1213"/></Shape></Glyph><Glyph ID="char_23" CONTENT="ש" GC="1.0"><Shape><Polygon POINTS="1543 1214 1544 1333 1591 1332 1591 1213"/></Shape></Glyph><Glyph ID="char_24" CONTENT="כ" GC="1.0"><Shape><Polygon POINTS="1462 1214 1463 1334 1544 1333 1543 1214"/></Shape></Glyph><Glyph ID="char_25" CONTENT="ה" GC="1.0"><Shape><Polygon POINTS="1390 1215 1391 1334 1463 1334 1462 1214"/></Shape></Glyph><Glyph ID="char_26" CONTENT=" " GC="1.0"><Shape><Polygon POINTS="1358 1216 1359 1335 1391 1334 1390 1215"/></Shape></Glyph><Glyph ID="char_27" CONTENT="ב" GC="1.0"><Shape><Polygon POINTS="1310 1216 1311 1335 1359 1335 1358 1216"/></Shape></Glyph><Glyph ID="char_28" CONTENT="ב" GC="1.0"><Shape><Polygon POINTS="1262 1217 1263 1336 1311 1335 1310 1216"/></Shape></Glyph><Glyph ID="char_29" CONTENT=" " GC="1.0"><Shape><Polygon POINTS="1208 1220 1218 1339 1263 1336 1262 1217"/></Shape></Glyph><Glyph ID="char_30" CONTENT="כ" GC="1.0"><Shape><Polygon POINTS="1168 1224 1178 1343 1218 1339 1208 1220"/></Shape></Glyph><Glyph ID="char_31" CONTENT="ו" GC="1.0"><Shape><Polygon POINTS="1144 1226 1154 1345 1178 1343 1168 1224"/></Shape></Glyph><Glyph ID="char_32" CONTENT=" " GC="1.0"><Shape><Polygon POINTS="1112 1228 1122 1347 1154 1345 1144 1226"/></Shape></Glyph></String>
          </TextLine>

          
          
          <TextLine ID="eSc_line_1793397" BASELINE="1186 1422 1247 1418 1416 1418 1650 1409 1977 1409 2261 1420 2394 1418 2615 1425" HPOS="1181.0" VPOS="1337.0" WIDTH="1436.0" HEIGHT="135.0">
            <Shape><Polygon POINTS="1181 1350 1242 1346 1416 1346 1647 1337 1977 1337 2263 1348 2392 1346 2617 1353 2613 1472 2394 1465 2259 1467 1977 1456 1651 1456 1416 1465 1250 1465 1189 1469"/></Shape>
	    <String CONTENT=" כה כול בריאות הבשר כולמה אשר בר " HPOS="1181.0" VPOS="1337.0" WIDTH="1436.0" HEIGHT="135.0"><Glyph ID="char_33" CONTENT=" " GC="1.0"><Shape><Polygon POINTS="2561 1351 2557 1470 2597 1471 2601 1352"/></Shape></Glyph><Glyph ID="char_34" CONTENT="כ" GC="1.0"><Shape><Polygon POINTS="2513 1350 2509 1469 2557 1470 2561 1351"/></Shape></Glyph><Glyph ID="char_35" CONTENT="ה" GC="1.0"><Shape><Polygon POINTS="2472 1348 2468 1467 2509 1469 2513 1350"/></Shape></Glyph><Glyph ID="char_36" CONTENT=" " GC="1.0"><Shape><Polygon POINTS="2432 1347 2428 1466 2468 1467 2472 1348"/></Shape></Glyph><Glyph ID="char_37" CONTENT="כ" GC="1.0"><Shape><Polygon POINTS="2388 1346 2390 1465 2428 1466 2432 1347"/></Shape></Glyph><Glyph ID="char_38" CONTENT="ו" GC="1.0"><Shape><Polygon POINTS="2356 1347 2358 1466 2390 1465 2388 1346"/></Shape></Glyph><Glyph ID="char_39" CONTENT="ל" GC="1.0"><Shape><Polygon POINTS="2324 1347 2326 1466 2358 1466 2356 1347"/></Shape></Glyph><Glyph ID="char_40" CONTENT=" " GC="1.0"><Shape><Polygon POINTS="2300 1347 2302 1466 2326 1466 2324 1347"/></Shape></Glyph><Glyph ID="char_41" CONTENT="ב" GC="1.0"><Shape><Polygon POINTS="2263 1348 2259 1467 2302 1466 2300 1347"/></Shape></Glyph><Glyph ID="char_42" CONTENT="ר" GC="1.0"><Shape><Polygon POINTS="2223 1346 2219 1465 2259 1467 2263 1348"/></Shape></Glyph><Glyph ID="char_43" CONTENT="י" GC="1.0"><Shape><Polygon POINTS="2183 1345 2179 1464 2219 1465 2223 1346"/></Shape></Glyph><Glyph ID="char_44" CONTENT="א" GC="1.0"><Shape><Polygon POINTS="2135 1343 2131 1462 2179 1464 2183 1345"/></Shape></Glyph><Glyph ID="char_45" CONTENT="ו" GC="1.0"><Shape><Polygon POINTS="2095 1342 2091 1460 2131 1462 2135 1343"/></Shape></Glyph><Glyph ID="char_46" CONTENT="ת" GC="1.0"><Shape><Polygon POINTS="2063 1340 2059 1459 2091 1460 2095 1342"/></Shape></Glyph><Glyph ID="char_47" CONTENT=" " GC="1.0"><Shape><Polygon POINTS="2031 1339 2027 1458 2059 1459 2063 1340"/></Shape></Glyph><Glyph ID="char_48" CONTENT="ה" GC="1.0"><Shape><Polygon POINTS="1982 1337 1978 1456 2027 1458 2031 1339"/></Shape></Glyph><Glyph ID="char_49" CONTENT="ב" GC="1.0"><Shape><Polygon POINTS="1940 1337 1940 1456 1978 1456 1982 1337"/></Shape></Glyph><Glyph ID="char_50" CONTENT="ש" GC="1.0"><Shape><Polygon POINTS="1884 1337 1884 1456 1940 1456 1940 1337"/></Shape></Glyph><Glyph ID="char_51" CONTENT="ר" GC="1.0"><Shape><Polygon POINTS="1828 1337 1828 1456 1884 1456 1884 1337"/></Shape></Glyph><Glyph ID="char_52" CONTENT=" " GC="1.0"><Shape><Polygon POINTS="1796 1337 1796 1456 1828 1456 1828 1337"/></Shape></Glyph><Glyph ID="char_53" CONTENT="כ" GC="1.0"><Shape><Polygon POINTS="1755 1337 1755 1456 1796 1456 1796 1337"/></Shape></Glyph><Glyph ID="char_54" CONTENT="ו" GC="1.0"><Shape><Polygon POINTS="1723 1337 1723 1456 1755 1456 1755 1337"/></Shape></Glyph><Glyph ID="char_55" CONTENT="ל" GC="1.0"><Shape><Polygon POINTS="1691 1337 1691 1456 1723 1456 1723 1337"/></Shape></Glyph><Glyph ID="char_56" CONTENT="מ" GC="1.0"><Shape><Polygon POINTS="1632 1338 1637 1457 1691 1456 1691 1337"/></Shape></Glyph><Glyph ID="char_57" CONTENT="ה" GC="1.0"><Shape><Polygon POINTS="1584 1339 1589 1458 1637 1457 1632 1338"/></Shape></Glyph><Glyph ID="char_58" CONTENT=" " GC="1.0"><Shape><Polygon POINTS="1544 1341 1549 1460 1589 1458 1584 1339"/></Shape></Glyph><Glyph ID="char_59" CONTENT="א" GC="1.0"><Shape><Polygon POINTS="1495 1343 1500 1462 1549 1460 1544 1341"/></Shape></Glyph><Glyph ID="char_60" CONTENT="ש" GC="1.0"><Shape><Polygon POINTS="1431 1345 1436 1464 1500 1462 1495 1343"/></Shape></Glyph><Glyph ID="char_61" CONTENT="ר" GC="1.0"><Shape><Polygon POINTS="1378 1346 1378 1465 1436 1464 1431 1345"/></Shape></Glyph><Glyph ID="char_62" CONTENT=" " GC="1.0"><Shape><Polygon POINTS="1346 1346 1346 1465 1378 1465 1378 1346"/></Shape></Glyph><Glyph ID="char_63" CONTENT="ב" GC="1.0"><Shape><Polygon POINTS="1306 1346 1306 1465 1346 1465 1346 1346"/></Shape></Glyph><Glyph ID="char_64" CONTENT="ר" GC="1.0"><Shape><Polygon POINTS="1257 1346 1257 1465 1306 1465 1306 1346"/></Shape></Glyph><Glyph ID="char_65" CONTENT=" " GC="1.0"><Shape><Polygon POINTS="1196 1349 1204 1468 1257 1465 1257 1346"/></Shape></Glyph></String>
          </TextLine>

          
          
          <TextLine ID="eSc_line_1793398" BASELINE="1240 1537 1413 1537 1535 1533 1909 1535 2162 1542 2376 1542 2489 1546" HPOS="1240.0" VPOS="1461.0" WIDTH="1251.0" HEIGHT="132.0">
            <Shape><Polygon POINTS="1240 1465 1413 1465 1532 1461 1909 1463 2163 1470 2376 1470 2491 1474 2487 1593 2376 1589 2160 1589 1908 1582 1536 1580 1413 1584 1240 1584"/></Shape>
	    <String CONTENT=" המות ועוף ורמש ודג מים וכול " HPOS="1240.0" VPOS="1461.0" WIDTH="1251.0" HEIGHT="132.0"><Glyph ID="char_66" CONTENT=" " GC="1.0"><Shape><Polygon POINTS="2419 1472 2415 1590 2455 1592 2459 1473"/></Shape></Glyph><Glyph ID="char_67" CONTENT="ה" GC="1.0"><Shape><Polygon POINTS="2387 1470 2383 1589 2415 1590 2419 1472"/></Shape></Glyph><Glyph ID="char_68" CONTENT="מ" GC="1.0"><Shape><Polygon POINTS="2337 1470 2337 1589 2383 1589 2387 1470"/></Shape></Glyph><Glyph ID="char_69" CONTENT="ו" GC="1.0"><Shape><Polygon POINTS="2297 1470 2297 1589 2337 1589 2337 1470"/></Shape></Glyph><Glyph ID="char_70" CONTENT="ת" GC="1.0"><Shape><Polygon POINTS="2265 1470 2265 1589 2297 1589 2297 1470"/></Shape></Glyph><Glyph ID="char_71" CONTENT=" " GC="1.0"><Shape><Polygon POINTS="2241 1470 2241 1589 2265 1589 2265 1470"/></Shape></Glyph><Glyph ID="char_72" CONTENT="ו" GC="1.0"><Shape><Polygon POINTS="2201 1470 2201 1589 2241 1589 2241 1470"/></Shape></Glyph><Glyph ID="char_73" CONTENT="ע" GC="1.0"><Shape><Polygon POINTS="2155 1470 2152 1589 2201 1589 2201 1470"/></Shape></Glyph><Glyph ID="char_74" CONTENT="ו" GC="1.0"><Shape><Polygon POINTS="2107 1468 2104 1587 2152 1589 2155 1470"/></Shape></Glyph><Glyph ID="char_75" CONTENT="ף" GC="1.0"><Shape><Polygon POINTS="2075 1468 2072 1587 2104 1587 2107 1468"/></Shape></Glyph><Glyph ID="char_76" CONTENT=" " GC="1.0"><Shape><Polygon POINTS="2051 1467 2048 1586 2072 1587 2075 1468"/></Shape></Glyph><Glyph ID="char_77" CONTENT="ו" GC="1.0"><Shape><Polygon POINTS="2011 1466 2008 1585 2048 1586 2051 1467"/></Shape></Glyph><Glyph ID="char_78" CONTENT="ר" GC="1.0"><Shape><Polygon POINTS="1971 1465 1968 1584 2008 1585 2011 1466"/></Shape></Glyph><Glyph ID="char_79" CONTENT="מ" GC="1.0"><Shape><Polygon POINTS="1923 1463 1920 1582 1968 1584 1971 1465"/></Shape></Glyph><Glyph ID="char_80" CONTENT="ש" GC="1.0"><Shape><Polygon POINTS="1856 1463 1856 1582 1920 1582 1923 1463"/></Shape></Glyph><Glyph ID="char_81" CONTENT=" " GC="1.0"><Shape><Polygon POINTS="1816 1463 1816 1582 1856 1582 1856 1463"/></Shape></Glyph><Glyph ID="char_82" CONTENT="ו" GC="1.0"><Shape><Polygon POINTS="1784 1462 1784 1581 1816 1582 1816 1463"/></Shape></Glyph><Glyph ID="char_83" CONTENT="ד" GC="1.0"><Shape><Polygon POINTS="1760 1462 1760 1581 1784 1581 1784 1462"/></Shape></Glyph><Glyph ID="char_84" CONTENT="ג" GC="1.0"><Shape><Polygon POINTS="1696 1462 1696 1581 1760 1581 1760 1462"/></Shape></Glyph><Glyph ID="char_85" CONTENT=" " GC="1.0"><Shape><Polygon POINTS="1616 1461 1616 1580 1696 1581 1696 1462"/></Shape></Glyph><Glyph ID="char_86" CONTENT="מ" GC="1.0"><Shape><Polygon POINTS="1576 1461 1576 1580 1616 1580 1616 1461"/></Shape></Glyph><Glyph ID="char_87" CONTENT="י" GC="1.0"><Shape><Polygon POINTS="1536 1461 1536 1580 1576 1580 1576 1461"/></Shape></Glyph><Glyph ID="char_88" CONTENT="ם" GC="1.0"><Shape><Polygon POINTS="1494 1462 1497 1581 1536 1580 1536 1461"/></Shape></Glyph><Glyph ID="char_89" CONTENT=" " GC="1.0"><Shape><Polygon POINTS="1462 1463 1466 1582 1497 1581 1494 1462"/></Shape></Glyph><Glyph ID="char_90" CONTENT="ו" GC="1.0"><Shape><Polygon POINTS="1422 1465 1426 1584 1466 1582 1462 1463"/></Shape></Glyph><Glyph ID="char_91" CONTENT="כ" GC="1.0"><Shape><Polygon POINTS="1392 1465 1392 1584 1426 1584 1422 1465"/></Shape></Glyph><Glyph ID="char_92" CONTENT="ו" GC="1.0"><Shape><Polygon POINTS="1360 1465 1360 1584 1392 1584 1392 1465"/></Shape></Glyph><Glyph ID="char_93" CONTENT="ל" GC="1.0"><Shape><Polygon POINTS="1328 1465 1328 1584 1360 1584 1360 1465"/></Shape></Glyph><Glyph ID="char_94" CONTENT=" " GC="1.0"><Shape><Polygon POINTS="1272 1465 1272 1584 1328 1584 1328 1465"/></Shape></Glyph></String>
          </TextLine>

          
          
          <TextLine ID="eSc_line_1793399" BASELINE="1244 1675 1546 1668 1583 1670 1567 1675 1578 1679 1747 1682 2444 1659" HPOS="1242.0" VPOS="1587.0" WIDTH="1203.0" HEIGHT="156.0">
            <Shape><Polygon POINTS="1242 1603 1544 1596 1586 1598 1588 1743 1602 1611 1748 1610 2441 1587 2445 1706 1746 1729 1561 1723 1560.31 1715.81 1580 1717 1547 1715 1245 1722"/></Shape>
	    <String CONTENT=" ה ב אתה את כ למ מחד " HPOS="1242.0" VPOS="1587.0" WIDTH="1203.0" HEIGHT="156.0"><Glyph ID="char_95" CONTENT=" " GC="1.0"><Shape><Polygon POINTS="2257 1593 2261 1712 2405 1707 2401 1588"/></Shape></Glyph><Glyph ID="char_96" CONTENT="ה" GC="1.0"><Shape><Polygon POINTS="2153 1597 2157 1715 2261 1712 2257 1593"/></Shape></Glyph><Glyph ID="char_97" CONTENT=" " GC="1.0"><Shape><Polygon POINTS="2120 1598 2124 1717 2157 1715 2153 1597"/></Shape></Glyph><Glyph ID="char_98" CONTENT="ב" GC="1.0"><Shape><Polygon POINTS="2072 1599 2076 1718 2124 1717 2120 1598"/></Shape></Glyph><Glyph ID="char_99" CONTENT=" " GC="1.0"><Shape><Polygon POINTS="2032 1601 2036 1719 2076 1718 2072 1599"/></Shape></Glyph><Glyph ID="char_100" CONTENT="א" GC="1.0"><Shape><Polygon POINTS="1984 1602 1988 1721 2036 1719 2032 1601"/></Shape></Glyph><Glyph ID="char_101" CONTENT="ת" GC="1.0"><Shape><Polygon POINTS="1920 1604 1924 1723 1988 1721 1984 1602"/></Shape></Glyph><Glyph ID="char_102" CONTENT="ה" GC="1.0"><Shape><Polygon POINTS="1880 1606 1884 1724 1924 1723 1920 1604"/></Shape></Glyph><Glyph ID="char_103" CONTENT=" " GC="1.0"><Shape><Polygon POINTS="1848 1607 1852 1726 1884 1724 1880 1606"/></Shape></Glyph><Glyph ID="char_104" CONTENT="א" GC="1.0"><Shape><Polygon POINTS="1792 1609 1796 1727 1852 1726 1848 1607"/></Shape></Glyph><Glyph ID="char_105" CONTENT="ת" GC="1.0"><Shape><Polygon POINTS="1752 1610 1756 1729 1796 1727 1792 1609"/></Shape></Glyph><Glyph ID="char_106" CONTENT=" " GC="1.0"><Shape><Polygon POINTS="1732 1610 1730 1728 1756 1729 1752 1610"/></Shape></Glyph><Glyph ID="char_107" CONTENT="כ" GC="1.0"><Shape><Polygon POINTS="1708 1610 1706 1728 1730 1728 1732 1610"/></Shape></Glyph><Glyph ID="char_108" CONTENT=" " GC="1.0"><Shape><Polygon POINTS="1668 1611 1666 1726 1706 1728 1708 1610"/></Shape></Glyph><Glyph ID="char_109" CONTENT="ל" GC="1.0"><Shape><Polygon POINTS="1628 1611 1626 1725 1666 1726 1668 1611"/></Shape></Glyph><Glyph ID="char_110" CONTENT="מ" GC="1.0"><Shape><Polygon POINTS="1576 1598 1569 1723 1626 1725 1628 1611"/></Shape></Glyph><Glyph ID="char_111" CONTENT=" " GC="1.0"><Shape><Polygon POINTS="1465 1598 1468 1717 1569 1723 1576 1598"/></Shape></Glyph><Glyph ID="char_112" CONTENT="מ" GC="1.0"><Shape><Polygon POINTS="1409 1599 1412 1718 1468 1717 1465 1598"/></Shape></Glyph><Glyph ID="char_113" CONTENT="ח" GC="1.0"><Shape><Polygon POINTS="1361 1600 1364 1719 1412 1718 1409 1599"/></Shape></Glyph><Glyph ID="char_114" CONTENT="ד" GC="1.0"><Shape><Polygon POINTS="1313 1601 1316 1720 1364 1719 1361 1600"/></Shape></Glyph><Glyph ID="char_115" CONTENT=" " GC="1.0"><Shape><Polygon POINTS="1257 1603 1260 1722 1316 1720 1313 1601"/></Shape></Glyph></String>
          </TextLine>

          
          
          <TextLine ID="eSc_line_1803909" BASELINE="1344 1778 1450 1778" HPOS="1344.0" VPOS="1706.0" WIDTH="106.0" HEIGHT="119.0">
            <Shape><Polygon POINTS="1344 1706 1450 1706 1450 1825 1344 1825"/></Shape>
	    <String CONTENT=" " HPOS="1344.0" VPOS="1706.0" WIDTH="106.0" HEIGHT="119.0"><Glyph ID="char_116" CONTENT=" " GC="1.0"><Shape><Polygon POINTS="1353 1706 1353 1825 1418 1825 1418 1706"/></Shape></Glyph></String>
          </TextLine>

          
        </TextBlock>
        

        
      </PrintSpace>
    </Page>
  </Layout>
</alto>