<?xml version='1.0' encoding='UTF-8'?>
<alto xmlns:xsi="http://www.w3.org/2001/XMLSchema-instance" xmlns="http://www.loc.gov/standards/alto/ns-v4#" xsi:schemaLocation="http://www.loc.gov/standards/alto/ns-v4# http://www.loc.gov/standards/alto/v4/alto-4-2.xsd">
  <Description>
    <MeasurementUnit>pixel</MeasurementUnit>
    <sourceImageInformation>
      <fileName>P382-Fg008-R-C01-R01-D01102013-T103514-LR924_012.jpg</fileName>
      
    </sourceImageInformation>
  </Description>
  
  <Tags>
    <OtherTag ID="BT1443" LABEL="Parchment_or_papyrus" DESCRIPTION="block type Parchment_or_papyrus"/><OtherTag ID="BT2" LABEL="Main" DESCRIPTION="block type Main"/>
    
  </Tags>
  
  <Layout>
    <Page WIDTH="3608" HEIGHT="2706" PHYSICAL_IMG_NR="189" ID="eSc_dummypage_">
      <PrintSpace HPOS="0" VPOS="0" WIDTH="3608" HEIGHT="2706">
        
        <TextBlock HPOS="1783.0" VPOS="499.0" WIDTH="457.0" HEIGHT="1515.0" ID="eSc_textblock_9c046228" TAGREFS="BT2">
          <Shape><Polygon POINTS="1783 499 1783 2014 2240 2014 2116 536"/></Shape>
          
          
          <TextLine ID="eSc_line_1803910" BASELINE="1835 618 2122 605" HPOS="1831.0" VPOS="517.0" WIDTH="293.0" HEIGHT="159.0">
            <Shape><Polygon POINTS="1831 530 2118 517 2124 663 1837 676"/></Shape>
	    <String CONTENT=" ע " HPOS="1831.0" VPOS="517.0" WIDTH="293.0" HEIGHT="159.0"><Glyph ID="char_0" CONTENT=" " GC="1.0"><Shape><Polygon POINTS="1900 527 1907 673 2025 667 2019 521"/></Shape></Glyph><Glyph ID="char_1" CONTENT="ע" GC="1.0"><Shape><Polygon POINTS="1860 529 1867 675 1907 673 1900 527"/></Shape></Glyph><Glyph ID="char_2" CONTENT=" " GC="1.0"><Shape><Polygon POINTS="1834 618 1863 616"/></Shape></Glyph></String>
          </TextLine>

          
          
          <TextLine ID="eSc_line_1793400" BASELINE="1833 755 1997 750 2124 753" HPOS="1830.0" VPOS="662.0" WIDTH="296.0" HEIGHT="151.0">
            <Shape><Polygon POINTS="1830 667 1994 662 2126 665 2122 811 1998 808 1834 813"/></Shape>
	    <String CONTENT="תחז " HPOS="1830.0" VPOS="662.0" WIDTH="296.0" HEIGHT="151.0"><Glyph ID="char_3" CONTENT="ת" GC="1.0"><Shape><Polygon POINTS="1980 662 1985 808 2072 810 2075 664"/></Shape></Glyph><Glyph ID="char_4" CONTENT="ח" GC="1.0"><Shape><Polygon POINTS="1909 665 1914 811 1985 808 1980 662"/></Shape></Glyph><Glyph ID="char_5" CONTENT="ז" GC="1.0"><Shape><Polygon POINTS="1879 665 1884 811 1914 811 1909 665"/></Shape></Glyph><Glyph ID="char_6" CONTENT=" " GC="1.0"><Shape><Polygon POINTS="1839 667 1844 813 1884 811 1879 665"/></Shape></Glyph></String>
          </TextLine>

          
          
          <TextLine ID="eSc_line_1793401" BASELINE="1828 899 1925 904 2004 897 2112 899" HPOS="1824.0" VPOS="809.0" WIDTH="289.0" HEIGHT="153.0">
            <Shape><Polygon POINTS="1832 811 1929 816 1996 809 2113 811 2110 957 2009 955 1921 962 1824 957"/></Shape>
	    <String CONTENT="איה " HPOS="1824.0" VPOS="809.0" WIDTH="289.0" HEIGHT="153.0"><Glyph ID="char_7" CONTENT="א" GC="1.0"><Shape><Polygon POINTS="2021 809 2018 955 2088 957 2091 811"/></Shape></Glyph><Glyph ID="char_8" CONTENT="י" GC="1.0"><Shape><Polygon POINTS="1941 815 1954 959 2018 955 2021 809"/></Shape></Glyph><Glyph ID="char_9" CONTENT="ה" GC="1.0"><Shape><Polygon POINTS="1893 814 1884 960 1954 959 1941 815"/></Shape></Glyph><Glyph ID="char_10" CONTENT=" " GC="1.0"><Shape><Polygon POINTS="1843 812 1834 958 1884 960 1893 814"/></Shape></Glyph></String>
          </TextLine>

          
          
          <TextLine ID="eSc_line_1793402" BASELINE="1792 1062 1919 1059 2133 1037" HPOS="1789.0" VPOS="949.0" WIDTH="349.0" HEIGHT="171.0">
            <Shape><Polygon POINTS="1789 974 1916 971 2124 949 2138 1095 1920 1117 1793 1120"/></Shape>
	    <String CONTENT="לוא ת " HPOS="1789.0" VPOS="949.0" WIDTH="349.0" HEIGHT="171.0"><Glyph ID="char_11" CONTENT="ל" GC="1.0"><Shape><Polygon POINTS="2042 958 2057 1103 2107 1098 2092 952"/></Shape></Glyph><Glyph ID="char_12" CONTENT="ו" GC="1.0"><Shape><Polygon POINTS="1983 964 1998 1109 2057 1103 2042 958"/></Shape></Glyph><Glyph ID="char_13" CONTENT="א" GC="1.0"><Shape><Polygon POINTS="1933 969 1948 1114 1998 1109 1983 964"/></Shape></Glyph><Glyph ID="char_14" CONTENT=" " GC="1.0"><Shape><Polygon POINTS="1900 971 1903 1117 1948 1114 1933 969"/></Shape></Glyph><Glyph ID="char_15" CONTENT="ת" GC="1.0"><Shape><Polygon POINTS="1840 973 1843 1119 1903 1117 1900 971"/></Shape></Glyph><Glyph ID="char_16" CONTENT=" " GC="1.0"><Shape><Polygon POINTS="1791 1062 1841 1060"/></Shape></Glyph></String>
          </TextLine>

          
          
          <TextLine ID="eSc_line_1793403" BASELINE="1772 1204 2006 1204 2151 1195" HPOS="1772.0" VPOS="1107.0" WIDTH="382.0" HEIGHT="155.0">
            <Shape><Polygon POINTS="1772 1116 2006 1116 2145 1107 2154 1253 2006 1262 1772 1262"/></Shape>
	    <String CONTENT="ציון ק " HPOS="1772.0" VPOS="1107.0" WIDTH="382.0" HEIGHT="155.0"><Glyph ID="char_17" CONTENT="צ" GC="1.0"><Shape><Polygon POINTS="2035 1114 2045 1260 2114 1255 2105 1110"/></Shape></Glyph><Glyph ID="char_18" CONTENT="י" GC="1.0"><Shape><Polygon POINTS="2001 1116 2001 1262 2045 1260 2035 1114"/></Shape></Glyph><Glyph ID="char_19" CONTENT="ו" GC="1.0"><Shape><Polygon POINTS="1962 1116 1962 1262 2001 1262 2001 1116"/></Shape></Glyph><Glyph ID="char_20" CONTENT="ן" GC="1.0"><Shape><Polygon POINTS="1922 1116 1922 1262 1962 1262 1962 1116"/></Shape></Glyph><Glyph ID="char_21" CONTENT=" " GC="1.0"><Shape><Polygon POINTS="1882 1116 1882 1262 1922 1262 1922 1116"/></Shape></Glyph><Glyph ID="char_22" CONTENT="ק" GC="1.0"><Shape><Polygon POINTS="1812 1116 1812 1262 1882 1262 1882 1116"/></Shape></Glyph><Glyph ID="char_23" CONTENT=" " GC="1.0"><Shape><Polygon POINTS="1772 1116 1772 1262 1812 1262 1812 1116"/></Shape></Glyph></String>
          </TextLine>

          
          
          <TextLine ID="eSc_line_1793404" BASELINE="1729 1359 1862 1355 2160 1355" HPOS="1726.0" VPOS="1267.0" WIDTH="434.0" HEIGHT="150.0">
            <Shape><Polygon POINTS="1726 1271 1859 1267 2160 1267 2160 1413 1863 1413 1730 1417"/></Shape>
	    <String CONTENT="אוהל ב " HPOS="1726.0" VPOS="1267.0" WIDTH="434.0" HEIGHT="150.0"><Glyph ID="char_24" CONTENT="א" GC="1.0"><Shape><Polygon POINTS="2023 1267 2023 1413 2111 1413 2111 1267"/></Shape></Glyph><Glyph ID="char_25" CONTENT="ו" GC="1.0"><Shape><Polygon POINTS="1964 1267 1964 1413 2023 1413 2023 1267"/></Shape></Glyph><Glyph ID="char_26" CONTENT="ה" GC="1.0"><Shape><Polygon POINTS="1905 1267 1905 1413 1964 1413 1964 1267"/></Shape></Glyph><Glyph ID="char_27" CONTENT="ל" GC="1.0"><Shape><Polygon POINTS="1853 1267 1858 1413 1905 1413 1905 1267"/></Shape></Glyph><Glyph ID="char_28" CONTENT=" " GC="1.0"><Shape><Polygon POINTS="1813 1268 1818 1414 1858 1413 1853 1267"/></Shape></Glyph><Glyph ID="char_29" CONTENT="ב" GC="1.0"><Shape><Polygon POINTS="1764 1270 1769 1416 1818 1414 1813 1268"/></Shape></Glyph><Glyph ID="char_30" CONTENT=" " GC="1.0"><Shape><Polygon POINTS="1728 1359 1766 1357"/></Shape></Glyph></String>
          </TextLine>

          
          
          <TextLine ID="eSc_line_1793405" BASELINE="1698 1517 1842 1517 2015 1499 2162 1490" HPOS="1698.0" VPOS="1402.0" WIDTH="467.0" HEIGHT="173.0">
            <Shape><Polygon POINTS="1698 1429 1842 1429 2005 1411 2156 1402 2165 1548 2021 1557 1842 1575 1698 1575"/></Shape>
	    <String CONTENT="כי אם " HPOS="1698.0" VPOS="1402.0" WIDTH="467.0" HEIGHT="173.0"><Glyph ID="char_31" CONTENT="כ" GC="1.0"><Shape><Polygon POINTS="2048 1408 2057 1555 2125 1550 2116 1404"/></Shape></Glyph><Glyph ID="char_32" CONTENT="י" GC="1.0"><Shape><Polygon POINTS="1975 1414 1990 1560 2057 1555 2048 1408"/></Shape></Glyph><Glyph ID="char_33" CONTENT=" " GC="1.0"><Shape><Polygon POINTS="1897 1423 1912 1568 1990 1560 1975 1414"/></Shape></Glyph><Glyph ID="char_34" CONTENT="א" GC="1.0"><Shape><Polygon POINTS="1837 1429 1837 1575 1912 1568 1897 1423"/></Shape></Glyph><Glyph ID="char_35" CONTENT="ם" GC="1.0"><Shape><Polygon POINTS="1767 1429 1767 1575 1837 1575 1837 1429"/></Shape></Glyph><Glyph ID="char_36" CONTENT=" " GC="1.0"><Shape><Polygon POINTS="1708 1429 1708 1575 1767 1575 1767 1429"/></Shape></Glyph></String>
          </TextLine>

          
          
          <TextLine ID="eSc_line_1793406" BASELINE="1668 1664 1797 1652 1876 1652 2169 1630" HPOS="1659.0" VPOS="1542.0" WIDTH="514.0" HEIGHT="180.0">
            <Shape><Polygon POINTS="1659 1576 1788 1564 1876 1564 2162 1542 2173 1688 1876 1710 1802 1710 1673 1722"/></Shape>
	    <String CONTENT="ידים בל " HPOS="1659.0" VPOS="1542.0" WIDTH="514.0" HEIGHT="180.0"><Glyph ID="char_37" CONTENT="י" GC="1.0"><Shape><Polygon POINTS="2053 1550 2064 1696 2133 1691 2122 1545"/></Shape></Glyph><Glyph ID="char_38" CONTENT="ד" GC="1.0"><Shape><Polygon POINTS="1985 1556 1995 1701 2064 1696 2053 1550"/></Shape></Glyph><Glyph ID="char_39" CONTENT="י" GC="1.0"><Shape><Polygon POINTS="1926 1560 1937 1706 1995 1701 1985 1556"/></Shape></Glyph><Glyph ID="char_40" CONTENT="ם" GC="1.0"><Shape><Polygon POINTS="1877 1564 1888 1709 1937 1706 1926 1560"/></Shape></Glyph><Glyph ID="char_41" CONTENT=" " GC="1.0"><Shape><Polygon POINTS="1824 1564 1824 1710 1888 1709 1877 1564"/></Shape></Glyph><Glyph ID="char_42" CONTENT="ב" GC="1.0"><Shape><Polygon POINTS="1747 1568 1761 1714 1824 1710 1824 1564"/></Shape></Glyph><Glyph ID="char_43" CONTENT="ל" GC="1.0"><Shape><Polygon POINTS="1689 1573 1702 1719 1761 1714 1747 1568"/></Shape></Glyph><Glyph ID="char_44" CONTENT=" " GC="1.0"><Shape><Polygon POINTS="1667 1664 1696 1661"/></Shape></Glyph></String>
          </TextLine>

          
          
          <TextLine ID="eSc_line_1793407" BASELINE="1740 1781 1919 1781 2117 1770 2214 1770" HPOS="1740.0" VPOS="1682.0" WIDTH="474.0" HEIGHT="157.0">
            <Shape><Polygon POINTS="1740 1693 1919 1693 2112 1682 2214 1682 2214 1828 2120 1828 1919 1839 1740 1839"/></Shape>
	    <String CONTENT="שופטנו " HPOS="1740.0" VPOS="1682.0" WIDTH="474.0" HEIGHT="157.0"><Glyph ID="char_45" CONTENT="ש" GC="1.0"><Shape><Polygon POINTS="2062 1685 2070 1831 2165 1828 2165 1682"/></Shape></Glyph><Glyph ID="char_46" CONTENT="ו" GC="1.0"><Shape><Polygon POINTS="1992 1689 2000 1835 2070 1831 2062 1685"/></Shape></Glyph><Glyph ID="char_47" CONTENT="פ" GC="1.0"><Shape><Polygon POINTS="1943 1692 1951 1837 2000 1835 1992 1689"/></Shape></Glyph><Glyph ID="char_48" CONTENT="ט" GC="1.0"><Shape><Polygon POINTS="1879 1693 1879 1839 1951 1837 1943 1692"/></Shape></Glyph><Glyph ID="char_49" CONTENT="נ" GC="1.0"><Shape><Polygon POINTS="1829 1693 1829 1839 1879 1839 1879 1693"/></Shape></Glyph><Glyph ID="char_50" CONTENT="ו" GC="1.0"><Shape><Polygon POINTS="1790 1693 1790 1839 1829 1839 1829 1693"/></Shape></Glyph><Glyph ID="char_51" CONTENT=" " GC="1.0"><Shape><Polygon POINTS="1750 1693 1750 1839 1790 1839 1790 1693"/></Shape></Glyph></String>
          </TextLine>

          
          
          <TextLine ID="eSc_line_1793408" BASELINE="1740 1928 1783 1937 1955 1934 2101 1930 2191 1919" HPOS="1728.0" VPOS="1832.0" WIDTH="470.0" HEIGHT="162.0">
            <Shape><Polygon POINTS="1757 1842 1800 1851 1953 1846 2098 1842 2180 1832 2198 1976 2102 1988 1956 1992 1771 1994 1728 1985"/></Shape>
	    <String CONTENT="נטשו ח " HPOS="1728.0" VPOS="1832.0" WIDTH="470.0" HEIGHT="162.0"><Glyph ID="char_52" CONTENT="נ" GC="1.0"><Shape><Polygon POINTS="2089 1842 2093 1988 2167 1980 2150 1836"/></Shape></Glyph><Glyph ID="char_53" CONTENT="ט" GC="1.0"><Shape><Polygon POINTS="2021 1844 2025 1990 2093 1988 2089 1842"/></Shape></Glyph><Glyph ID="char_54" CONTENT="ש" GC="1.0"><Shape><Polygon POINTS="1933 1847 1936 1992 2025 1990 2021 1844"/></Shape></Glyph><Glyph ID="char_55" CONTENT="ו" GC="1.0"><Shape><Polygon POINTS="1884 1848 1887 1993 1936 1992 1933 1847"/></Shape></Glyph><Glyph ID="char_56" CONTENT=" " GC="1.0"><Shape><Polygon POINTS="1835 1850 1838 1993 1887 1993 1884 1848"/></Shape></Glyph><Glyph ID="char_57" CONTENT="ח" GC="1.0"><Shape><Polygon POINTS="1785 1848 1788 1994 1838 1993 1835 1850"/></Shape></Glyph><Glyph ID="char_58" CONTENT=" " GC="1.0"><Shape><Polygon POINTS="1739 1927 1786 1936"/></Shape></Glyph></String>
          </TextLine>

          
        </TextBlock>
        

        
      </PrintSpace>
    </Page>
  </Layout>
</alto>