<?xml version='1.0' encoding='UTF-8'?>
<alto xmlns:xsi="http://www.w3.org/2001/XMLSchema-instance" xmlns="http://www.loc.gov/standards/alto/ns-v4#" xsi:schemaLocation="http://www.loc.gov/standards/alto/ns-v4# http://www.loc.gov/standards/alto/v4/alto-4-2.xsd">
  <Description>
    <MeasurementUnit>pixel</MeasurementUnit>
    <sourceImageInformation>
      <fileName>P396-Fg001-R-C01-R01-D11072012-T140117-LR924_012_F.jpg</fileName>
      
    </sourceImageInformation>
  </Description>
  
  <Tags>
    <OtherTag ID="BT1443" LABEL="Parchment_or_papyrus" DESCRIPTION="block type Parchment_or_papyrus"/><OtherTag ID="BT2" LABEL="Main" DESCRIPTION="block type Main"/>
    
  </Tags>
  
  <Layout>
    <Page WIDTH="3608" HEIGHT="2706" PHYSICAL_IMG_NR="229" ID="eSc_dummypage_">
      <PrintSpace HPOS="0" VPOS="0" WIDTH="3608" HEIGHT="2706">
        
        <TextBlock HPOS="751.0" VPOS="499.0" WIDTH="1591.0" HEIGHT="1601.0" ID="eSc_textblock_23bc69fd" TAGREFS="BT2">
          <Shape><Polygon POINTS="751 499 751 2100 2342 2100 2342 499 751 499"/></Shape>
          
          
          <TextLine ID="eSc_line_1803911" BASELINE="2161 901 2271 1782" HPOS="2085.0" VPOS="886.0" WIDTH="298.0" HEIGHT="905.0">
            <Shape><Polygon POINTS="2273 886 2383 1767 2195 1791 2085 910"/></Shape>
	    <String CONTENT=" שה אל העם זכור א " HPOS="2085.0" VPOS="886.0" WIDTH="298.0" HEIGHT="905.0"><Glyph ID="char_0" CONTENT=" " GC="1.0"><Shape><Polygon POINTS="2372 1683 2184 1706 2191 1757 2379 1733"/></Shape></Glyph><Glyph ID="char_1" CONTENT="ש" GC="1.0"><Shape><Polygon POINTS="2365 1619 2176 1643 2184 1706 2372 1683"/></Shape></Glyph><Glyph ID="char_2" CONTENT="ה" GC="1.0"><Shape><Polygon POINTS="2357 1556 2169 1579 2176 1643 2365 1619"/></Shape></Glyph><Glyph ID="char_3" CONTENT=" " GC="1.0"><Shape><Polygon POINTS="2350 1505 2162 1529 2169 1579 2357 1556"/></Shape></Glyph><Glyph ID="char_4" CONTENT="א" GC="1.0"><Shape><Polygon POINTS="2342 1442 2154 1466 2162 1529 2350 1505"/></Shape></Glyph><Glyph ID="char_5" CONTENT="ל" GC="1.0"><Shape><Polygon POINTS="2338 1404 2150 1427 2154 1466 2342 1442"/></Shape></Glyph><Glyph ID="char_6" CONTENT=" " GC="1.0"><Shape><Polygon POINTS="2335 1379 2147 1403 2150 1427 2338 1404"/></Shape></Glyph><Glyph ID="char_7" CONTENT="ה" GC="1.0"><Shape><Polygon POINTS="2328 1328 2140 1352 2147 1403 2335 1379"/></Shape></Glyph><Glyph ID="char_8" CONTENT="ע" GC="1.0"><Shape><Polygon POINTS="2319 1252 2131 1276 2140 1352 2328 1328"/></Shape></Glyph><Glyph ID="char_9" CONTENT="ם" GC="1.0"><Shape><Polygon POINTS="2311 1189 2123 1213 2131 1276 2319 1252"/></Shape></Glyph><Glyph ID="char_10" CONTENT=" " GC="1.0"><Shape><Polygon POINTS="2306 1152 2118 1175 2123 1213 2311 1189"/></Shape></Glyph><Glyph ID="char_11" CONTENT="ז" GC="1.0"><Shape><Polygon POINTS="2300 1101 2112 1125 2118 1175 2306 1152"/></Shape></Glyph><Glyph ID="char_12" CONTENT="כ" GC="1.0"><Shape><Polygon POINTS="2295 1062 2107 1086 2112 1125 2300 1101"/></Shape></Glyph><Glyph ID="char_13" CONTENT="ו" GC="1.0"><Shape><Polygon POINTS="2289 1012 2101 1035 2107 1086 2295 1062"/></Shape></Glyph><Glyph ID="char_14" CONTENT="ר" GC="1.0"><Shape><Polygon POINTS="2282 961 2094 985 2101 1035 2289 1012"/></Shape></Glyph><Glyph ID="char_15" CONTENT=" " GC="1.0"><Shape><Polygon POINTS="2278 923 2090 947 2094 985 2282 961"/></Shape></Glyph><Glyph ID="char_16" CONTENT="א" GC="1.0"><Shape><Polygon POINTS="2160 900 2164 937"/></Shape></Glyph><Glyph ID="char_17" CONTENT=" " GC="1.0"><Shape><Polygon POINTS="2160 900 2160 900"/></Shape></Glyph></String>
          </TextLine>

          
          
          <TextLine ID="eSc_line_1803912" BASELINE="1957 622 2059 1816" HPOS="1881.0" VPOS="612.0" WIDTH="290.0" HEIGHT="1210.0">
            <Shape><Polygon POINTS="2069 612 2171 1806 1983 1822 1881 628"/></Shape>
	    <String CONTENT=" צ תם מארץ מצרים כי ב " HPOS="1881.0" VPOS="612.0" WIDTH="290.0" HEIGHT="1210.0"><Glyph ID="char_18" CONTENT=" " GC="1.0"><Shape><Polygon POINTS="2164 1718 1976 1734 1981 1797 2169 1781"/></Shape></Glyph><Glyph ID="char_19" CONTENT="צ" GC="1.0"><Shape><Polygon POINTS="2158 1655 1970 1672 1976 1734 2164 1718"/></Shape></Glyph><Glyph ID="char_20" CONTENT=" " GC="1.0"><Shape><Polygon POINTS="2152 1580 1964 1596 1970 1672 2158 1655"/></Shape></Glyph><Glyph ID="char_21" CONTENT="ת" GC="1.0"><Shape><Polygon POINTS="2145 1504 1957 1520 1964 1596 2152 1580"/></Shape></Glyph><Glyph ID="char_22" CONTENT="ם" GC="1.0"><Shape><Polygon POINTS="2142 1466 1954 1482 1957 1520 2145 1504"/></Shape></Glyph><Glyph ID="char_23" CONTENT=" " GC="1.0"><Shape><Polygon POINTS="2139 1428 1951 1444 1954 1482 2142 1466"/></Shape></Glyph><Glyph ID="char_24" CONTENT="מ" GC="1.0"><Shape><Polygon POINTS="2134 1378 1946 1395 1951 1444 2139 1428"/></Shape></Glyph><Glyph ID="char_25" CONTENT="א" GC="1.0"><Shape><Polygon POINTS="2129 1316 1941 1332 1946 1395 2134 1378"/></Shape></Glyph><Glyph ID="char_26" CONTENT="ר" GC="1.0"><Shape><Polygon POINTS="2124 1253 1936 1269 1941 1332 2129 1316"/></Shape></Glyph><Glyph ID="char_27" CONTENT="ץ" GC="1.0"><Shape><Polygon POINTS="2121 1215 1933 1231 1936 1269 2124 1253"/></Shape></Glyph><Glyph ID="char_28" CONTENT=" " GC="1.0"><Shape><Polygon POINTS="2117 1177 1929 1193 1933 1231 2121 1215"/></Shape></Glyph><Glyph ID="char_29" CONTENT="מ" GC="1.0"><Shape><Polygon POINTS="2112 1114 1924 1131 1929 1193 2117 1177"/></Shape></Glyph><Glyph ID="char_30" CONTENT="צ" GC="1.0"><Shape><Polygon POINTS="2108 1064 1920 1080 1924 1131 2112 1114"/></Shape></Glyph><Glyph ID="char_31" CONTENT="ר" GC="1.0"><Shape><Polygon POINTS="2103 1014 1915 1030 1920 1080 2108 1064"/></Shape></Glyph><Glyph ID="char_32" CONTENT="י" GC="1.0"><Shape><Polygon POINTS="2098 951 1910 967 1915 1030 2103 1014"/></Shape></Glyph><Glyph ID="char_33" CONTENT="ם" GC="1.0"><Shape><Polygon POINTS="2094 900 1906 916 1910 967 2098 951"/></Shape></Glyph><Glyph ID="char_34" CONTENT=" " GC="1.0"><Shape><Polygon POINTS="2090 862 1902 879 1906 916 2094 900"/></Shape></Glyph><Glyph ID="char_35" CONTENT="כ" GC="1.0"><Shape><Polygon POINTS="2086 813 1898 829 1902 879 2090 862"/></Shape></Glyph><Glyph ID="char_36" CONTENT="י" GC="1.0"><Shape><Polygon POINTS="2083 775 1895 791 1898 829 2086 813"/></Shape></Glyph><Glyph ID="char_37" CONTENT=" " GC="1.0"><Shape><Polygon POINTS="2080 737 1892 753 1895 791 2083 775"/></Shape></Glyph><Glyph ID="char_38" CONTENT="ב" GC="1.0"><Shape><Polygon POINTS="2074 674 1886 690 1892 753 2080 737"/></Shape></Glyph><Glyph ID="char_39" CONTENT=" " GC="1.0"><Shape><Polygon POINTS="1956 621 1961 683"/></Shape></Glyph></String>
          </TextLine>

          
          
          <TextLine ID="eSc_line_1803913" BASELINE="1809 580 1869 1596" HPOS="1733.0" VPOS="573.0" WIDTH="249.0" HEIGHT="1027.0">
            <Shape><Polygon POINTS="1922 573 1982 1589 1793 1600 1733 584"/></Shape>
	    <String CONTENT=" אתכם מזה לא יאכל " HPOS="1733.0" VPOS="573.0" WIDTH="249.0" HEIGHT="1027.0"><Glyph ID="char_40" CONTENT=" " GC="1.0"><Shape><Polygon POINTS="1977 1501 1788 1512 1792 1588 1981 1576"/></Shape></Glyph><Glyph ID="char_41" CONTENT="א" GC="1.0"><Shape><Polygon POINTS="1973 1437 1784 1448 1788 1512 1977 1501"/></Shape></Glyph><Glyph ID="char_42" CONTENT="ת" GC="1.0"><Shape><Polygon POINTS="1969 1373 1780 1384 1784 1448 1973 1437"/></Shape></Glyph><Glyph ID="char_43" CONTENT="כ" GC="1.0"><Shape><Polygon POINTS="1966 1322 1777 1333 1780 1384 1969 1373"/></Shape></Glyph><Glyph ID="char_44" CONTENT="ם" GC="1.0"><Shape><Polygon POINTS="1963 1272 1774 1283 1777 1333 1966 1322"/></Shape></Glyph><Glyph ID="char_45" CONTENT=" " GC="1.0"><Shape><Polygon POINTS="1960 1221 1771 1232 1774 1283 1963 1272"/></Shape></Glyph><Glyph ID="char_46" CONTENT="מ" GC="1.0"><Shape><Polygon POINTS="1957 1170 1768 1181 1771 1232 1960 1221"/></Shape></Glyph><Glyph ID="char_47" CONTENT="ז" GC="1.0"><Shape><Polygon POINTS="1954 1119 1765 1131 1768 1181 1957 1170"/></Shape></Glyph><Glyph ID="char_48" CONTENT="ה" GC="1.0"><Shape><Polygon POINTS="1951 1068 1762 1080 1765 1131 1954 1119"/></Shape></Glyph><Glyph ID="char_49" CONTENT=" " GC="1.0"><Shape><Polygon POINTS="1948 1017 1759 1029 1762 1080 1951 1068"/></Shape></Glyph><Glyph ID="char_50" CONTENT="ל" GC="1.0"><Shape><Polygon POINTS="1944 954 1755 965 1759 1029 1948 1017"/></Shape></Glyph><Glyph ID="char_51" CONTENT="א" GC="1.0"><Shape><Polygon POINTS="1940 878 1751 889 1755 965 1944 954"/></Shape></Glyph><Glyph ID="char_52" CONTENT=" " GC="1.0"><Shape><Polygon POINTS="1937 827 1748 838 1751 889 1940 878"/></Shape></Glyph><Glyph ID="char_53" CONTENT="י" GC="1.0"><Shape><Polygon POINTS="1935 789 1746 800 1748 838 1937 827"/></Shape></Glyph><Glyph ID="char_54" CONTENT="א" GC="1.0"><Shape><Polygon POINTS="1931 725 1742 736 1746 800 1935 789"/></Shape></Glyph><Glyph ID="char_55" CONTENT="כ" GC="1.0"><Shape><Polygon POINTS="1927 661 1738 672 1742 736 1931 725"/></Shape></Glyph><Glyph ID="char_56" CONTENT="ל" GC="1.0"><Shape><Polygon POINTS="1926 636 1737 647 1738 672 1927 661"/></Shape></Glyph><Glyph ID="char_57" CONTENT=" " GC="1.0"><Shape><Polygon POINTS="1923 585 1734 596 1737 647 1926 636"/></Shape></Glyph></String>
          </TextLine>

          
          
          <TextLine ID="eSc_line_1803914" BASELINE="1602 618 1678 1481" HPOS="1526.0" VPOS="608.0" WIDTH="264.0" HEIGHT="879.0">
            <Shape><Polygon POINTS="1714 608 1790 1471 1602 1487 1526 624"/></Shape>
	    <String CONTENT=" ים בחדש " HPOS="1526.0" VPOS="608.0" WIDTH="264.0" HEIGHT="879.0"><Glyph ID="char_58" CONTENT=" " GC="1.0"><Shape><Polygon POINTS="1783 1394 1595 1411 1601 1474 1789 1458"/></Shape></Glyph><Glyph ID="char_59" CONTENT="י" GC="1.0"><Shape><Polygon POINTS="1778 1331 1590 1348 1595 1411 1783 1394"/></Shape></Glyph><Glyph ID="char_60" CONTENT="ם" GC="1.0"><Shape><Polygon POINTS="1773 1280 1585 1297 1590 1348 1778 1331"/></Shape></Glyph><Glyph ID="char_61" CONTENT=" " GC="1.0"><Shape><Polygon POINTS="1770 1241 1582 1258 1585 1297 1773 1280"/></Shape></Glyph><Glyph ID="char_62" CONTENT="ב" GC="1.0"><Shape><Polygon POINTS="1764 1179 1576 1195 1582 1258 1770 1241"/></Shape></Glyph><Glyph ID="char_63" CONTENT="ח" GC="1.0"><Shape><Polygon POINTS="1758 1102 1570 1119 1576 1195 1764 1179"/></Shape></Glyph><Glyph ID="char_64" CONTENT="ד" GC="1.0"><Shape><Polygon POINTS="1752 1039 1564 1056 1570 1119 1758 1102"/></Shape></Glyph><Glyph ID="char_65" CONTENT="ש" GC="1.0"><Shape><Polygon POINTS="1745 963 1557 979 1564 1056 1752 1039"/></Shape></Glyph><Glyph ID="char_66" CONTENT=" " GC="1.0"><Shape><Polygon POINTS="1726 746 1538 763 1557 979 1745 963"/></Shape></Glyph></String>
          </TextLine>

          
          
          <TextLine ID="eSc_line_1803915" BASELINE="1395 584 1479 1498" HPOS="1319.0" VPOS="573.0" WIDTH="272.0" HEIGHT="931.0">
            <Shape><Polygon POINTS="1507 573 1591 1487 1403 1504 1319 590"/></Shape>
	    <String CONTENT=" ך ה אלוהיך אל אר ה " HPOS="1319.0" VPOS="573.0" WIDTH="272.0" HEIGHT="931.0"><Glyph ID="char_67" CONTENT=" " GC="1.0"><Shape><Polygon POINTS="1590 1475 1402 1492 1450 1500 1591 1487"/></Shape></Glyph><Glyph ID="char_68" CONTENT="ך" GC="1.0"><Shape><Polygon POINTS="1589 1462 1401 1479 1402 1492 1590 1475"/></Shape></Glyph><Glyph ID="char_69" CONTENT=" " GC="1.0"><Shape><Polygon POINTS="1586 1437 1398 1454 1401 1479 1589 1462"/></Shape></Glyph><Glyph ID="char_70" CONTENT="ה" GC="1.0"><Shape><Polygon POINTS="1584 1411 1396 1428 1398 1454 1586 1437"/></Shape></Glyph><Glyph ID="char_71" CONTENT=" " GC="1.0"><Shape><Polygon POINTS="1582 1386 1394 1404 1396 1428 1584 1411"/></Shape></Glyph><Glyph ID="char_72" CONTENT="א" GC="1.0"><Shape><Polygon POINTS="1577 1335 1389 1353 1394 1404 1582 1386"/></Shape></Glyph><Glyph ID="char_73" CONTENT="ל" GC="1.0"><Shape><Polygon POINTS="1571 1272 1383 1289 1389 1353 1577 1335"/></Shape></Glyph><Glyph ID="char_74" CONTENT="ו" GC="1.0"><Shape><Polygon POINTS="1568 1234 1380 1251 1383 1289 1571 1272"/></Shape></Glyph><Glyph ID="char_75" CONTENT="ה" GC="1.0"><Shape><Polygon POINTS="1562 1170 1374 1187 1380 1251 1568 1234"/></Shape></Glyph><Glyph ID="char_76" CONTENT="י" GC="1.0"><Shape><Polygon POINTS="1557 1119 1369 1137 1374 1187 1562 1170"/></Shape></Glyph><Glyph ID="char_77" CONTENT="ך" GC="1.0"><Shape><Polygon POINTS="1555 1093 1367 1111 1369 1137 1557 1119"/></Shape></Glyph><Glyph ID="char_78" CONTENT=" " GC="1.0"><Shape><Polygon POINTS="1550 1043 1362 1060 1367 1111 1555 1093"/></Shape></Glyph><Glyph ID="char_79" CONTENT="א" GC="1.0"><Shape><Polygon POINTS="1543 967 1355 984 1362 1060 1550 1043"/></Shape></Glyph><Glyph ID="char_80" CONTENT="ל" GC="1.0"><Shape><Polygon POINTS="1539 916 1351 934 1355 984 1543 967"/></Shape></Glyph><Glyph ID="char_81" CONTENT=" " GC="1.0"><Shape><Polygon POINTS="1535 877 1347 895 1351 934 1539 916"/></Shape></Glyph><Glyph ID="char_82" CONTENT="א" GC="1.0"><Shape><Polygon POINTS="1530 826 1342 844 1347 895 1535 877"/></Shape></Glyph><Glyph ID="char_83" CONTENT="ר" GC="1.0"><Shape><Polygon POINTS="1525 764 1337 781 1342 844 1530 826"/></Shape></Glyph><Glyph ID="char_84" CONTENT=" " GC="1.0"><Shape><Polygon POINTS="1517 687 1330 704 1337 781 1525 764"/></Shape></Glyph><Glyph ID="char_85" CONTENT="ה" GC="1.0"><Shape><Polygon POINTS="1512 623 1324 641 1330 704 1517 687"/></Shape></Glyph><Glyph ID="char_86" CONTENT=" " GC="1.0"><Shape><Polygon POINTS="1394 583 1398 633"/></Shape></Glyph></String>
          </TextLine>

          
          
          <TextLine ID="eSc_line_1803916" BASELINE="1221 584 1361 2116" HPOS="1145.0" VPOS="573.0" WIDTH="328.0" HEIGHT="1549.0">
            <Shape><Polygon POINTS="1333 573 1473 2105 1285 2122 1145 590"/></Shape>
	    <String CONTENT=" חתי החוי האמרי היבוסי כאשר " HPOS="1145.0" VPOS="573.0" WIDTH="328.0" HEIGHT="1549.0"><Glyph ID="char_87" CONTENT=" " GC="1.0"><Shape><Polygon POINTS="1467 2041 1279 2059 1284 2110 1472 2092"/></Shape></Glyph><Glyph ID="char_88" CONTENT="ח" GC="1.0"><Shape><Polygon POINTS="1463 1991 1275 2008 1279 2059 1467 2041"/></Shape></Glyph><Glyph ID="char_89" CONTENT="ת" GC="1.0"><Shape><Polygon POINTS="1457 1928 1269 1945 1275 2008 1463 1991"/></Shape></Glyph><Glyph ID="char_90" CONTENT="י" GC="1.0"><Shape><Polygon POINTS="1452 1877 1264 1894 1269 1945 1457 1928"/></Shape></Glyph><Glyph ID="char_91" CONTENT=" " GC="1.0"><Shape><Polygon POINTS="1448 1826 1260 1844 1264 1894 1452 1877"/></Shape></Glyph><Glyph ID="char_92" CONTENT="ה" GC="1.0"><Shape><Polygon POINTS="1442 1764 1254 1781 1260 1844 1448 1826"/></Shape></Glyph><Glyph ID="char_93" CONTENT="ח" GC="1.0"><Shape><Polygon POINTS="1436 1700 1248 1717 1254 1781 1442 1764"/></Shape></Glyph><Glyph ID="char_94" CONTENT="ו" GC="1.0"><Shape><Polygon POINTS="1431 1649 1243 1666 1248 1717 1436 1700"/></Shape></Glyph><Glyph ID="char_95" CONTENT="י" GC="1.0"><Shape><Polygon POINTS="1429 1624 1241 1642 1243 1666 1431 1649"/></Shape></Glyph><Glyph ID="char_96" CONTENT=" " GC="1.0"><Shape><Polygon POINTS="1426 1585 1238 1603 1241 1642 1429 1624"/></Shape></Glyph><Glyph ID="char_97" CONTENT="ה" GC="1.0"><Shape><Polygon POINTS="1420 1523 1232 1540 1238 1603 1426 1585"/></Shape></Glyph><Glyph ID="char_98" CONTENT="א" GC="1.0"><Shape><Polygon POINTS="1413 1447 1225 1464 1232 1540 1420 1523"/></Shape></Glyph><Glyph ID="char_99" CONTENT="מ" GC="1.0"><Shape><Polygon POINTS="1407 1383 1219 1401 1225 1464 1413 1447"/></Shape></Glyph><Glyph ID="char_100" CONTENT="ר" GC="1.0"><Shape><Polygon POINTS="1401 1319 1213 1337 1219 1401 1407 1383"/></Shape></Glyph><Glyph ID="char_101" CONTENT="י" GC="1.0"><Shape><Polygon POINTS="1397 1270 1209 1287 1213 1337 1401 1319"/></Shape></Glyph><Glyph ID="char_102" CONTENT=" " GC="1.0"><Shape><Polygon POINTS="1393 1231 1205 1248 1209 1287 1397 1270"/></Shape></Glyph><Glyph ID="char_103" CONTENT="ה" GC="1.0"><Shape><Polygon POINTS="1387 1168 1199 1185 1205 1248 1393 1231"/></Shape></Glyph><Glyph ID="char_104" CONTENT="י" GC="1.0"><Shape><Polygon POINTS="1383 1117 1195 1135 1199 1185 1387 1168"/></Shape></Glyph><Glyph ID="char_105" CONTENT="ב" GC="1.0"><Shape><Polygon POINTS="1378 1067 1190 1084 1195 1135 1383 1117"/></Shape></Glyph><Glyph ID="char_106" CONTENT="ו" GC="1.0"><Shape><Polygon POINTS="1371 991 1183 1008 1190 1084 1378 1067"/></Shape></Glyph><Glyph ID="char_107" CONTENT="ס" GC="1.0"><Shape><Polygon POINTS="1365 927 1177 944 1183 1008 1371 991"/></Shape></Glyph><Glyph ID="char_108" CONTENT="י" GC="1.0"><Shape><Polygon POINTS="1361 876 1173 894 1177 944 1365 927"/></Shape></Glyph><Glyph ID="char_109" CONTENT=" " GC="1.0"><Shape><Polygon POINTS="1358 851 1170 869 1173 894 1361 876"/></Shape></Glyph><Glyph ID="char_110" CONTENT="כ" GC="1.0"><Shape><Polygon POINTS="1355 814 1167 831 1170 869 1358 851"/></Shape></Glyph><Glyph ID="char_111" CONTENT="א" GC="1.0"><Shape><Polygon POINTS="1348 737 1160 754 1167 831 1355 814"/></Shape></Glyph><Glyph ID="char_112" CONTENT="ש" GC="1.0"><Shape><Polygon POINTS="1341 661 1153 679 1160 754 1348 737"/></Shape></Glyph><Glyph ID="char_113" CONTENT="ר" GC="1.0"><Shape><Polygon POINTS="1336 610 1148 628 1153 679 1341 661"/></Shape></Glyph><Glyph ID="char_114" CONTENT=" " GC="1.0"><Shape><Polygon POINTS="1220 583 1223 620"/></Shape></Glyph></String>
          </TextLine>

          
          
          <TextLine ID="eSc_line_1803917" BASELINE="1022 550 1170 2150" HPOS="946.0" VPOS="539.0" WIDTH="336.0" HEIGHT="1617.0">
            <Shape><Polygon POINTS="1134 539 1282 2139 1094 2156 946 556"/></Shape>
	    <String CONTENT="לאבותיך לתת לך ארץ זבת חל ו " HPOS="946.0" VPOS="539.0" WIDTH="336.0" HEIGHT="1617.0"><Glyph ID="char_115" CONTENT="ל" GC="1.0"><Shape><Polygon POINTS="1275 2060 1087 2077 1091 2127 1279 2110"/></Shape></Glyph><Glyph ID="char_116" CONTENT="א" GC="1.0"><Shape><Polygon POINTS="1269 1996 1081 2014 1087 2077 1275 2060"/></Shape></Glyph><Glyph ID="char_117" CONTENT="ב" GC="1.0"><Shape><Polygon POINTS="1264 1945 1076 1963 1081 2014 1269 1996"/></Shape></Glyph><Glyph ID="char_118" CONTENT="ו" GC="1.0"><Shape><Polygon POINTS="1259 1895 1071 1912 1076 1963 1264 1945"/></Shape></Glyph><Glyph ID="char_119" CONTENT="ת" GC="1.0"><Shape><Polygon POINTS="1255 1844 1067 1861 1071 1912 1259 1895"/></Shape></Glyph><Glyph ID="char_120" CONTENT="י" GC="1.0"><Shape><Polygon POINTS="1249 1780 1061 1798 1067 1861 1255 1844"/></Shape></Glyph><Glyph ID="char_121" CONTENT="ך" GC="1.0"><Shape><Polygon POINTS="1245 1742 1057 1760 1061 1798 1249 1780"/></Shape></Glyph><Glyph ID="char_122" CONTENT=" " GC="1.0"><Shape><Polygon POINTS="1243 1717 1055 1735 1057 1760 1245 1742"/></Shape></Glyph><Glyph ID="char_123" CONTENT="ל" GC="1.0"><Shape><Polygon POINTS="1238 1667 1050 1684 1055 1735 1243 1717"/></Shape></Glyph><Glyph ID="char_124" CONTENT="ת" GC="1.0"><Shape><Polygon POINTS="1232 1603 1044 1620 1050 1684 1238 1667"/></Shape></Glyph><Glyph ID="char_125" CONTENT="ת" GC="1.0"><Shape><Polygon POINTS="1228 1552 1040 1570 1044 1620 1232 1603"/></Shape></Glyph><Glyph ID="char_126" CONTENT=" " GC="1.0"><Shape><Polygon POINTS="1224 1514 1036 1532 1040 1570 1228 1552"/></Shape></Glyph><Glyph ID="char_127" CONTENT="ל" GC="1.0"><Shape><Polygon POINTS="1221 1476 1033 1494 1036 1532 1224 1514"/></Shape></Glyph><Glyph ID="char_128" CONTENT="ך" GC="1.0"><Shape><Polygon POINTS="1217 1439 1029 1456 1033 1494 1221 1476"/></Shape></Glyph><Glyph ID="char_129" CONTENT=" " GC="1.0"><Shape><Polygon POINTS="1211 1375 1023 1392 1029 1456 1217 1439"/></Shape></Glyph><Glyph ID="char_130" CONTENT="א" GC="1.0"><Shape><Polygon POINTS="1204 1299 1016 1317 1023 1392 1211 1375"/></Shape></Glyph><Glyph ID="char_131" CONTENT="ר" GC="1.0"><Shape><Polygon POINTS="1197 1223 1009 1240 1016 1317 1204 1299"/></Shape></Glyph><Glyph ID="char_132" CONTENT="ץ" GC="1.0"><Shape><Polygon POINTS="1193 1173 1005 1190 1009 1240 1197 1223"/></Shape></Glyph><Glyph ID="char_133" CONTENT=" " GC="1.0"><Shape><Polygon POINTS="1189 1134 1001 1151 1005 1190 1193 1173"/></Shape></Glyph><Glyph ID="char_134" CONTENT="ז" GC="1.0"><Shape><Polygon POINTS="1184 1083 996 1101 1001 1151 1189 1134"/></Shape></Glyph><Glyph ID="char_135" CONTENT="ב" GC="1.0"><Shape><Polygon POINTS="1177 1007 989 1025 996 1101 1184 1083"/></Shape></Glyph><Glyph ID="char_136" CONTENT="ת" GC="1.0"><Shape><Polygon POINTS="1171 944 983 961 989 1025 1177 1007"/></Shape></Glyph><Glyph ID="char_137" CONTENT=" " GC="1.0"><Shape><Polygon POINTS="1166 881 978 899 983 961 1171 944"/></Shape></Glyph><Glyph ID="char_138" CONTENT="ח" GC="1.0"><Shape><Polygon POINTS="1159 804 971 822 978 899 1166 881"/></Shape></Glyph><Glyph ID="char_139" CONTENT="ל" GC="1.0"><Shape><Polygon POINTS="1152 729 964 746 971 822 1159 804"/></Shape></Glyph><Glyph ID="char_140" CONTENT=" " GC="1.0"><Shape><Polygon POINTS="1145 653 957 670 964 746 1152 729"/></Shape></Glyph><Glyph ID="char_141" CONTENT="ו" GC="1.0"><Shape><Polygon POINTS="1141 614 953 632 957 670 1145 653"/></Shape></Glyph><Glyph ID="char_142" CONTENT=" " GC="1.0"><Shape><Polygon POINTS="1135 551 947 569 953 632 1141 614"/></Shape></Glyph></String>
          </TextLine>

          
          
          <TextLine ID="eSc_line_1803918" BASELINE="827 529 959 2095" HPOS="751.0" VPOS="519.0" WIDTH="320.0" HEIGHT="1582.0">
            <Shape><Polygon POINTS="939 519 1071 2085 883 2101 751 535"/></Shape>
	    <String CONTENT=" בד את העבדה הז ת חדש " HPOS="751.0" VPOS="519.0" WIDTH="320.0" HEIGHT="1582.0"><Glyph ID="char_143" CONTENT=" " GC="1.0"><Shape><Polygon POINTS="1059 1937 871 1953 877 2029 1065 2013"/></Shape></Glyph><Glyph ID="char_144" CONTENT="ב" GC="1.0"><Shape><Polygon POINTS="1053 1874 865 1890 871 1953 1059 1937"/></Shape></Glyph><Glyph ID="char_145" CONTENT="ד" GC="1.0"><Shape><Polygon POINTS="1049 1823 861 1839 865 1890 1053 1874"/></Shape></Glyph><Glyph ID="char_146" CONTENT=" " GC="1.0"><Shape><Polygon POINTS="1039 1709 851 1725 861 1839 1049 1823"/></Shape></Glyph><Glyph ID="char_147" CONTENT="א" GC="1.0"><Shape><Polygon POINTS="1030 1595 842 1611 851 1725 1039 1709"/></Shape></Glyph><Glyph ID="char_148" CONTENT="ת" GC="1.0"><Shape><Polygon POINTS="1024 1532 836 1548 842 1611 1030 1595"/></Shape></Glyph><Glyph ID="char_149" CONTENT=" " GC="1.0"><Shape><Polygon POINTS="1019 1468 831 1484 836 1548 1024 1532"/></Shape></Glyph><Glyph ID="char_150" CONTENT="ה" GC="1.0"><Shape><Polygon POINTS="1015 1417 827 1433 831 1484 1019 1468"/></Shape></Glyph><Glyph ID="char_151" CONTENT="ע" GC="1.0"><Shape><Polygon POINTS="1009 1354 821 1370 827 1433 1015 1417"/></Shape></Glyph><Glyph ID="char_152" CONTENT="ב" GC="1.0"><Shape><Polygon POINTS="1004 1291 816 1307 821 1370 1009 1354"/></Shape></Glyph><Glyph ID="char_153" CONTENT="ד" GC="1.0"><Shape><Polygon POINTS="999 1228 811 1244 816 1307 1004 1291"/></Shape></Glyph><Glyph ID="char_154" CONTENT="ה" GC="1.0"><Shape><Polygon POINTS="994 1177 806 1193 811 1244 999 1228"/></Shape></Glyph><Glyph ID="char_155" CONTENT=" " GC="1.0"><Shape><Polygon POINTS="989 1113 801 1129 806 1193 994 1177"/></Shape></Glyph><Glyph ID="char_156" CONTENT="ה" GC="1.0"><Shape><Polygon POINTS="984 1051 796 1066 801 1129 989 1113"/></Shape></Glyph><Glyph ID="char_157" CONTENT="ז" GC="1.0"><Shape><Polygon POINTS="981 1013 793 1029 796 1066 984 1051"/></Shape></Glyph><Glyph ID="char_158" CONTENT=" " GC="1.0"><Shape><Polygon POINTS="974 936 786 952 793 1029 981 1013"/></Shape></Glyph><Glyph ID="char_159" CONTENT="ת" GC="1.0"><Shape><Polygon POINTS="967 848 779 864 786 952 974 936"/></Shape></Glyph><Glyph ID="char_160" CONTENT=" " GC="1.0"><Shape><Polygon POINTS="959 760 771 776 779 864 967 848"/></Shape></Glyph><Glyph ID="char_161" CONTENT="ח" GC="1.0"><Shape><Polygon POINTS="953 683 765 699 771 776 959 760"/></Shape></Glyph><Glyph ID="char_162" CONTENT="ד" GC="1.0"><Shape><Polygon POINTS="949 632 761 648 765 699 953 683"/></Shape></Glyph><Glyph ID="char_163" CONTENT="ש" GC="1.0"><Shape><Polygon POINTS="943 569 755 585 761 648 949 632"/></Shape></Glyph><Glyph ID="char_164" CONTENT=" " GC="1.0"><Shape><Polygon POINTS="826 528 830 578"/></Shape></Glyph></String>
          </TextLine>

          
        </TextBlock>
        

        
      </PrintSpace>
    </Page>
  </Layout>
</alto>