<?xml version='1.0' encoding='UTF-8'?>
<alto xmlns:xsi="http://www.w3.org/2001/XMLSchema-instance" xmlns="http://www.loc.gov/standards/alto/ns-v4#" xsi:schemaLocation="http://www.loc.gov/standards/alto/ns-v4# http://www.loc.gov/standards/alto/v4/alto-4-2.xsd">
  <Description>
    <MeasurementUnit>pixel</MeasurementUnit>
    <sourceImageInformation>
      <fileName>P400-Fg007-R-C01-R01-D11072012-T105057-LR924_012_F.jpg</fileName>
      
    </sourceImageInformation>
  </Description>
  
  <Tags>
    <OtherTag ID="BT1443" LABEL="Parchment_or_papyrus" DESCRIPTION="block type Parchment_or_papyrus"/><OtherTag ID="BT2" LABEL="Main" DESCRIPTION="block type Main"/>
    
  </Tags>
  
  <Layout>
    <Page WIDTH="3608" HEIGHT="2706" PHYSICAL_IMG_NR="410" ID="eSc_dummypage_">
      <PrintSpace HPOS="0" VPOS="0" WIDTH="3608" HEIGHT="2706">
        
        <TextBlock HPOS="1199.0" VPOS="552.0" WIDTH="1505.0" HEIGHT="1419.0" ID="eSc_textblock_2d1cc481" TAGREFS="BT2">
          <Shape><Polygon POINTS="1199 552 1199 1971 2704 1971 2704 552"/></Shape>
          
          
          <TextLine ID="eSc_line_1803937" BASELINE="2063 736 2630 990" HPOS="2039.0" VPOS="656.0" WIDTH="626.0" HEIGHT="386.0">
            <Shape><Polygon POINTS="2098 656 2665 910 2606 1042 2039 788"/></Shape>
	    <String CONTENT=" בות איש בחט " HPOS="2039.0" VPOS="656.0" WIDTH="626.0" HEIGHT="386.0"><Glyph ID="char_0" CONTENT=" " GC="1.0"><Shape><Polygon POINTS="2593 878 2534 1010 2588 1034 2647 902"/></Shape></Glyph><Glyph ID="char_1" CONTENT="ב" GC="1.0"><Shape><Polygon POINTS="2539 854 2480 986 2534 1010 2593 878"/></Shape></Glyph><Glyph ID="char_2" CONTENT="ו" GC="1.0"><Shape><Polygon POINTS="2512 841 2453 973 2480 986 2539 854"/></Shape></Glyph><Glyph ID="char_3" CONTENT="ת" GC="1.0"><Shape><Polygon POINTS="2494 833 2434 965 2453 973 2512 841"/></Shape></Glyph><Glyph ID="char_4" CONTENT=" " GC="1.0"><Shape><Polygon POINTS="2458 817 2399 949 2434 965 2494 833"/></Shape></Glyph><Glyph ID="char_5" CONTENT="א" GC="1.0"><Shape><Polygon POINTS="2422 801 2362 933 2399 949 2458 817"/></Shape></Glyph><Glyph ID="char_6" CONTENT="י" GC="1.0"><Shape><Polygon POINTS="2359 773 2299 905 2362 933 2422 801"/></Shape></Glyph><Glyph ID="char_7" CONTENT="ש" GC="1.0"><Shape><Polygon POINTS="2305 749 2246 881 2299 905 2359 773"/></Shape></Glyph><Glyph ID="char_8" CONTENT=" " GC="1.0"><Shape><Polygon POINTS="2278 737 2219 869 2246 881 2305 749"/></Shape></Glyph><Glyph ID="char_9" CONTENT="ב" GC="1.0"><Shape><Polygon POINTS="2242 720 2183 852 2219 869 2278 737"/></Shape></Glyph><Glyph ID="char_10" CONTENT="ח" GC="1.0"><Shape><Polygon POINTS="2197 700 2138 832 2183 852 2242 720"/></Shape></Glyph><Glyph ID="char_11" CONTENT="ט" GC="1.0"><Shape><Polygon POINTS="2161 684 2101 816 2138 832 2197 700"/></Shape></Glyph><Glyph ID="char_12" CONTENT=" " GC="1.0"><Shape><Polygon POINTS="2107 660 2047 792 2101 816 2161 684"/></Shape></Glyph></String>
          </TextLine>

          
          
          <TextLine ID="eSc_line_1803938" BASELINE="2042 872 2766 1151" HPOS="2021.0" VPOS="790.0" WIDTH="776.0" HEIGHT="415.0">
            <Shape><Polygon POINTS="2073 790 2797 1069 2745 1205 2021 926"/></Shape>
	    <String CONTENT=" אלמנה וזכרת כי ע " HPOS="2021.0" VPOS="790.0" WIDTH="776.0" HEIGHT="415.0"><Glyph ID="char_13" CONTENT=" " GC="1.0"><Shape><Polygon POINTS="2623 1002 2570 1138 2671 1177 2724 1041"/></Shape></Glyph><Glyph ID="char_14" CONTENT="א" GC="1.0"><Shape><Polygon POINTS="2587 988 2534 1124 2570 1138 2623 1002"/></Shape></Glyph><Glyph ID="char_15" CONTENT="ל" GC="1.0"><Shape><Polygon POINTS="2549 974 2497 1109 2534 1124 2587 988"/></Shape></Glyph><Glyph ID="char_16" CONTENT="מ" GC="1.0"><Shape><Polygon POINTS="2522 963 2470 1099 2497 1109 2549 974"/></Shape></Glyph><Glyph ID="char_17" CONTENT="נ" GC="1.0"><Shape><Polygon POINTS="2486 949 2433 1085 2470 1099 2522 963"/></Shape></Glyph><Glyph ID="char_18" CONTENT="ה" GC="1.0"><Shape><Polygon POINTS="2448 935 2396 1070 2433 1085 2486 949"/></Shape></Glyph><Glyph ID="char_19" CONTENT=" " GC="1.0"><Shape><Polygon POINTS="2431 928 2378 1064 2396 1070 2448 935"/></Shape></Glyph><Glyph ID="char_20" CONTENT="ו" GC="1.0"><Shape><Polygon POINTS="2412 921 2360 1056 2378 1064 2431 928"/></Shape></Glyph><Glyph ID="char_21" CONTENT="ז" GC="1.0"><Shape><Polygon POINTS="2384 910 2332 1046 2360 1056 2412 921"/></Shape></Glyph><Glyph ID="char_22" CONTENT="כ" GC="1.0"><Shape><Polygon POINTS="2348 896 2295 1032 2332 1046 2384 910"/></Shape></Glyph><Glyph ID="char_23" CONTENT="ר" GC="1.0"><Shape><Polygon POINTS="2302 878 2249 1014 2295 1032 2348 896"/></Shape></Glyph><Glyph ID="char_24" CONTENT="ת" GC="1.0"><Shape><Polygon POINTS="2266 864 2213 1000 2249 1014 2302 878"/></Shape></Glyph><Glyph ID="char_25" CONTENT=" " GC="1.0"><Shape><Polygon POINTS="2228 850 2176 986 2213 1000 2266 864"/></Shape></Glyph><Glyph ID="char_26" CONTENT="כ" GC="1.0"><Shape><Polygon POINTS="2192 836 2139 972 2176 986 2228 850"/></Shape></Glyph><Glyph ID="char_27" CONTENT="י" GC="1.0"><Shape><Polygon POINTS="2164 825 2111 961 2139 972 2192 836"/></Shape></Glyph><Glyph ID="char_28" CONTENT=" " GC="1.0"><Shape><Polygon POINTS="2137 815 2084 950 2111 961 2164 825"/></Shape></Glyph><Glyph ID="char_29" CONTENT="ע" GC="1.0"><Shape><Polygon POINTS="2109 804 2056 940 2084 950 2137 815"/></Shape></Glyph><Glyph ID="char_30" CONTENT=" " GC="1.0"><Shape><Polygon POINTS="2041 871 2077 885"/></Shape></Glyph></String>
          </TextLine>

          
          
          <TextLine ID="eSc_line_1803939" BASELINE="1403 986 2059 1055 2766 1278" HPOS="1396.0" VPOS="899.0" WIDTH="1396.0" HEIGHT="434.0">
            <Shape><Polygon POINTS="1412 899 2068 968 2792 1195 2748 1333 2052 1112 1396 1043"/></Shape>
	    <String CONTENT=" אנכי מצוך לעשות את הדבר ה " HPOS="1396.0" VPOS="899.0" WIDTH="1396.0" HEIGHT="434.0"><Glyph ID="char_31" CONTENT=" " GC="1.0"><Shape><Polygon POINTS="2707 1168 2664 1306 2720 1324 2763 1186"/></Shape></Glyph><Glyph ID="char_32" CONTENT="א" GC="1.0"><Shape><Polygon POINTS="2670 1157 2627 1294 2664 1306 2707 1168"/></Shape></Glyph><Glyph ID="char_33" CONTENT="נ" GC="1.0"><Shape><Polygon POINTS="2634 1145 2590 1283 2627 1294 2670 1157"/></Shape></Glyph><Glyph ID="char_34" CONTENT="כ" GC="1.0"><Shape><Polygon POINTS="2615 1139 2571 1277 2590 1283 2634 1145"/></Shape></Glyph><Glyph ID="char_35" CONTENT="י" GC="1.0"><Shape><Polygon POINTS="2597 1134 2553 1271 2571 1277 2615 1139"/></Shape></Glyph><Glyph ID="char_36" CONTENT=" " GC="1.0"><Shape><Polygon POINTS="2568 1125 2525 1262 2553 1271 2597 1134"/></Shape></Glyph><Glyph ID="char_37" CONTENT="מ" GC="1.0"><Shape><Polygon POINTS="2532 1113 2488 1251 2525 1262 2568 1125"/></Shape></Glyph><Glyph ID="char_38" CONTENT="צ" GC="1.0"><Shape><Polygon POINTS="2503 1104 2460 1241 2488 1251 2532 1113"/></Shape></Glyph><Glyph ID="char_39" CONTENT="ו" GC="1.0"><Shape><Polygon POINTS="2475 1096 2432 1233 2460 1241 2503 1104"/></Shape></Glyph><Glyph ID="char_40" CONTENT="ך" GC="1.0"><Shape><Polygon POINTS="2448 1087 2404 1224 2432 1233 2475 1096"/></Shape></Glyph><Glyph ID="char_41" CONTENT=" " GC="1.0"><Shape><Polygon POINTS="2392 1070 2349 1206 2404 1224 2448 1087"/></Shape></Glyph><Glyph ID="char_42" CONTENT="ל" GC="1.0"><Shape><Polygon POINTS="2318 1046 2275 1183 2349 1206 2392 1070"/></Shape></Glyph><Glyph ID="char_43" CONTENT="ע" GC="1.0"><Shape><Polygon POINTS="2290 1038 2247 1174 2275 1183 2318 1046"/></Shape></Glyph><Glyph ID="char_44" CONTENT="ש" GC="1.0"><Shape><Polygon POINTS="2271 1032 2228 1168 2247 1174 2290 1038"/></Shape></Glyph><Glyph ID="char_45" CONTENT="ו" GC="1.0"><Shape><Polygon POINTS="2243 1023 2201 1159 2228 1168 2271 1032"/></Shape></Glyph><Glyph ID="char_46" CONTENT="ת" GC="1.0"><Shape><Polygon POINTS="2234 1020 2191 1156 2201 1159 2243 1023"/></Shape></Glyph><Glyph ID="char_47" CONTENT=" " GC="1.0"><Shape><Polygon POINTS="2188 1006 2145 1142 2191 1156 2234 1020"/></Shape></Glyph><Glyph ID="char_48" CONTENT="א" GC="1.0"><Shape><Polygon POINTS="2132 988 2089 1124 2145 1142 2188 1006"/></Shape></Glyph><Glyph ID="char_49" CONTENT="ת" GC="1.0"><Shape><Polygon POINTS="2060 967 2044 1111 2089 1124 2132 988"/></Shape></Glyph><Glyph ID="char_50" CONTENT=" " GC="1.0"><Shape><Polygon POINTS="1914 952 1899 1096 2044 1111 2060 967"/></Shape></Glyph><Glyph ID="char_51" CONTENT="ה" GC="1.0"><Shape><Polygon POINTS="1788 939 1773 1083 1899 1096 1914 952"/></Shape></Glyph><Glyph ID="char_52" CONTENT="ד" GC="1.0"><Shape><Polygon POINTS="1740 934 1725 1078 1773 1083 1788 939"/></Shape></Glyph><Glyph ID="char_53" CONTENT="ב" GC="1.0"><Shape><Polygon POINTS="1702 929 1686 1074 1725 1078 1740 934"/></Shape></Glyph><Glyph ID="char_54" CONTENT="ר" GC="1.0"><Shape><Polygon POINTS="1673 926 1657 1070 1686 1074 1702 929"/></Shape></Glyph><Glyph ID="char_55" CONTENT=" " GC="1.0"><Shape><Polygon POINTS="1644 923 1629 1067 1657 1070 1673 926"/></Shape></Glyph><Glyph ID="char_56" CONTENT="ה" GC="1.0"><Shape><Polygon POINTS="1585 917 1570 1061 1629 1067 1644 923"/></Shape></Glyph><Glyph ID="char_57" CONTENT=" " GC="1.0"><Shape><Polygon POINTS="1469 905 1454 1049 1570 1061 1585 917"/></Shape></Glyph></String>
          </TextLine>

          
          
          <TextLine ID="eSc_line_1803945" BASELINE="1280 1105 2021 1204 2783 1409" HPOS="1272.0" VPOS="1018.0" WIDTH="1533.0" HEIGHT="447.0">
            <Shape><Polygon POINTS="1291 1018 2032 1117 2805 1324 2767 1465 2013 1261 1272 1162"/></Shape>
	    <String CONTENT=" מר בשדה לא תשוב לקחתו לגר ליתום " HPOS="1272.0" VPOS="1018.0" WIDTH="1533.0" HEIGHT="447.0"><Glyph ID="char_58" CONTENT=" " GC="1.0"><Shape><Polygon POINTS="2684 1292 2646 1432 2712 1450 2750 1309"/></Shape></Glyph><Glyph ID="char_59" CONTENT="מ" GC="1.0"><Shape><Polygon POINTS="2656 1284 2618 1425 2646 1432 2684 1292"/></Shape></Glyph><Glyph ID="char_60" CONTENT="ר" GC="1.0"><Shape><Polygon POINTS="2619 1274 2581 1415 2618 1425 2656 1284"/></Shape></Glyph><Glyph ID="char_61" CONTENT=" " GC="1.0"><Shape><Polygon POINTS="2600 1269 2562 1410 2581 1415 2619 1274"/></Shape></Glyph><Glyph ID="char_62" CONTENT="ב" GC="1.0"><Shape><Polygon POINTS="2572 1262 2534 1402 2562 1410 2600 1269"/></Shape></Glyph><Glyph ID="char_63" CONTENT="ש" GC="1.0"><Shape><Polygon POINTS="2516 1247 2478 1387 2534 1402 2572 1262"/></Shape></Glyph><Glyph ID="char_64" CONTENT="ד" GC="1.0"><Shape><Polygon POINTS="2451 1229 2413 1369 2478 1387 2516 1247"/></Shape></Glyph><Glyph ID="char_65" CONTENT="ה" GC="1.0"><Shape><Polygon POINTS="2404 1217 2366 1357 2413 1369 2451 1229"/></Shape></Glyph><Glyph ID="char_66" CONTENT=" " GC="1.0"><Shape><Polygon POINTS="2376 1209 2339 1349 2366 1357 2404 1217"/></Shape></Glyph><Glyph ID="char_67" CONTENT="ל" GC="1.0"><Shape><Polygon POINTS="2348 1202 2311 1341 2339 1349 2376 1209"/></Shape></Glyph><Glyph ID="char_68" CONTENT="א" GC="1.0"><Shape><Polygon POINTS="2320 1194 2283 1334 2311 1341 2348 1202"/></Shape></Glyph><Glyph ID="char_69" CONTENT=" " GC="1.0"><Shape><Polygon POINTS="2282 1184 2245 1324 2283 1334 2320 1194"/></Shape></Glyph><Glyph ID="char_70" CONTENT="ת" GC="1.0"><Shape><Polygon POINTS="2226 1169 2189 1309 2245 1324 2282 1184"/></Shape></Glyph><Glyph ID="char_71" CONTENT="ש" GC="1.0"><Shape><Polygon POINTS="2170 1154 2133 1293 2189 1309 2226 1169"/></Shape></Glyph><Glyph ID="char_72" CONTENT="ו" GC="1.0"><Shape><Polygon POINTS="2133 1144 2095 1283 2133 1293 2170 1154"/></Shape></Glyph><Glyph ID="char_73" CONTENT="ב" GC="1.0"><Shape><Polygon POINTS="2029 1117 2010 1261 2095 1283 2133 1144"/></Shape></Glyph><Glyph ID="char_74" CONTENT=" " GC="1.0"><Shape><Polygon POINTS="1914 1101 1895 1245 2010 1261 2029 1117"/></Shape></Glyph><Glyph ID="char_75" CONTENT="ל" GC="1.0"><Shape><Polygon POINTS="1847 1092 1827 1236 1895 1245 1914 1101"/></Shape></Glyph><Glyph ID="char_76" CONTENT="ק" GC="1.0"><Shape><Polygon POINTS="1789 1085 1770 1229 1827 1236 1847 1092"/></Shape></Glyph><Glyph ID="char_77" CONTENT="ח" GC="1.0"><Shape><Polygon POINTS="1732 1077 1712 1221 1770 1229 1789 1085"/></Shape></Glyph><Glyph ID="char_78" CONTENT="ת" GC="1.0"><Shape><Polygon POINTS="1693 1072 1674 1216 1712 1221 1732 1077"/></Shape></Glyph><Glyph ID="char_79" CONTENT="ו" GC="1.0"><Shape><Polygon POINTS="1664 1068 1645 1212 1674 1216 1693 1072"/></Shape></Glyph><Glyph ID="char_80" CONTENT=" " GC="1.0"><Shape><Polygon POINTS="1645 1065 1626 1209 1645 1212 1664 1068"/></Shape></Glyph><Glyph ID="char_81" CONTENT="ל" GC="1.0"><Shape><Polygon POINTS="1617 1062 1597 1205 1626 1209 1645 1065"/></Shape></Glyph><Glyph ID="char_82" CONTENT="ג" GC="1.0"><Shape><Polygon POINTS="1568 1055 1549 1199 1597 1205 1617 1062"/></Shape></Glyph><Glyph ID="char_83" CONTENT="ר" GC="1.0"><Shape><Polygon POINTS="1530 1050 1511 1194 1549 1199 1568 1055"/></Shape></Glyph><Glyph ID="char_84" CONTENT=" " GC="1.0"><Shape><Polygon POINTS="1502 1046 1482 1190 1511 1194 1530 1050"/></Shape></Glyph><Glyph ID="char_85" CONTENT="ל" GC="1.0"><Shape><Polygon POINTS="1473 1042 1454 1186 1482 1190 1502 1046"/></Shape></Glyph><Glyph ID="char_86" CONTENT="י" GC="1.0"><Shape><Polygon POINTS="1444 1038 1425 1182 1454 1186 1473 1042"/></Shape></Glyph><Glyph ID="char_87" CONTENT="ת" GC="1.0"><Shape><Polygon POINTS="1406 1033 1386 1177 1425 1182 1444 1038"/></Shape></Glyph><Glyph ID="char_88" CONTENT="ו" GC="1.0"><Shape><Polygon POINTS="1377 1029 1357 1173 1386 1177 1406 1033"/></Shape></Glyph><Glyph ID="char_89" CONTENT="ם" GC="1.0"><Shape><Polygon POINTS="1348 1026 1329 1170 1357 1173 1377 1029"/></Shape></Glyph><Glyph ID="char_90" CONTENT=" " GC="1.0"><Shape><Polygon POINTS="1301 1019 1281 1163 1329 1170 1348 1026"/></Shape></Glyph></String>
          </TextLine>

          
          
          <TextLine ID="eSc_line_1803944" BASELINE="1331 1206 2698 1507" HPOS="1318.0" VPOS="1121.0" WIDTH="1398.0" HEIGHT="442.0">
            <Shape><Polygon POINTS="1349 1121 2716 1422 2685 1563 1318 1262"/></Shape>
	    <String CONTENT=" אלהיך בכל מעשה ידיך כי תח " HPOS="1318.0" VPOS="1121.0" WIDTH="1398.0" HEIGHT="442.0"><Glyph ID="char_91" CONTENT=" " GC="1.0"><Shape><Polygon POINTS="2640 1405 2609 1546 2665 1559 2696 1418"/></Shape></Glyph><Glyph ID="char_92" CONTENT="א" GC="1.0"><Shape><Polygon POINTS="2593 1395 2562 1536 2609 1546 2640 1405"/></Shape></Glyph><Glyph ID="char_93" CONTENT="ל" GC="1.0"><Shape><Polygon POINTS="2563 1388 2532 1529 2562 1536 2593 1395"/></Shape></Glyph><Glyph ID="char_94" CONTENT="ה" GC="1.0"><Shape><Polygon POINTS="2525 1380 2494 1521 2532 1529 2563 1388"/></Shape></Glyph><Glyph ID="char_95" CONTENT="י" GC="1.0"><Shape><Polygon POINTS="2488 1372 2457 1513 2494 1521 2525 1380"/></Shape></Glyph><Glyph ID="char_96" CONTENT="ך" GC="1.0"><Shape><Polygon POINTS="2431 1359 2400 1500 2457 1513 2488 1372"/></Shape></Glyph><Glyph ID="char_97" CONTENT=" " GC="1.0"><Shape><Polygon POINTS="2384 1349 2353 1490 2400 1500 2431 1359"/></Shape></Glyph><Glyph ID="char_98" CONTENT="ב" GC="1.0"><Shape><Polygon POINTS="2364 1345 2333 1486 2353 1490 2384 1349"/></Shape></Glyph><Glyph ID="char_99" CONTENT="כ" GC="1.0"><Shape><Polygon POINTS="2336 1338 2305 1479 2333 1486 2364 1345"/></Shape></Glyph><Glyph ID="char_100" CONTENT="ל" GC="1.0"><Shape><Polygon POINTS="2308 1332 2276 1473 2305 1479 2336 1338"/></Shape></Glyph><Glyph ID="char_101" CONTENT=" " GC="1.0"><Shape><Polygon POINTS="2270 1324 2238 1465 2276 1473 2308 1332"/></Shape></Glyph><Glyph ID="char_102" CONTENT="מ" GC="1.0"><Shape><Polygon POINTS="2213 1311 2182 1452 2238 1465 2270 1324"/></Shape></Glyph><Glyph ID="char_103" CONTENT="ע" GC="1.0"><Shape><Polygon POINTS="2146 1297 2115 1438 2182 1452 2213 1311"/></Shape></Glyph><Glyph ID="char_104" CONTENT="ש" GC="1.0"><Shape><Polygon POINTS="2099 1286 2067 1427 2115 1438 2146 1297"/></Shape></Glyph><Glyph ID="char_105" CONTENT="ה" GC="1.0"><Shape><Polygon POINTS="2080 1282 2049 1423 2067 1427 2099 1286"/></Shape></Glyph><Glyph ID="char_106" CONTENT=" " GC="1.0"><Shape><Polygon POINTS="2004 1265 1973 1406 2049 1423 2080 1282"/></Shape></Glyph><Glyph ID="char_107" CONTENT="י" GC="1.0"><Shape><Polygon POINTS="1918 1246 1887 1387 1973 1406 2004 1265"/></Shape></Glyph><Glyph ID="char_108" CONTENT="ד" GC="1.0"><Shape><Polygon POINTS="1871 1236 1840 1377 1887 1387 1918 1246"/></Shape></Glyph><Glyph ID="char_109" CONTENT="י" GC="1.0"><Shape><Polygon POINTS="1728 1205 1697 1346 1840 1377 1871 1236"/></Shape></Glyph><Glyph ID="char_110" CONTENT="ך" GC="1.0"><Shape><Polygon POINTS="1605 1177 1574 1318 1697 1346 1728 1205"/></Shape></Glyph><Glyph ID="char_111" CONTENT=" " GC="1.0"><Shape><Polygon POINTS="1576 1171 1545 1312 1574 1318 1605 1177"/></Shape></Glyph><Glyph ID="char_112" CONTENT="כ" GC="1.0"><Shape><Polygon POINTS="1548 1165 1517 1306 1545 1312 1576 1171"/></Shape></Glyph><Glyph ID="char_113" CONTENT="י" GC="1.0"><Shape><Polygon POINTS="1529 1161 1498 1302 1517 1306 1548 1165"/></Shape></Glyph><Glyph ID="char_114" CONTENT=" " GC="1.0"><Shape><Polygon POINTS="1501 1154 1470 1295 1498 1302 1529 1161"/></Shape></Glyph><Glyph ID="char_115" CONTENT="ת" GC="1.0"><Shape><Polygon POINTS="1472 1148 1440 1289 1470 1295 1501 1154"/></Shape></Glyph><Glyph ID="char_116" CONTENT="ח" GC="1.0"><Shape><Polygon POINTS="1435 1140 1403 1281 1440 1289 1472 1148"/></Shape></Glyph><Glyph ID="char_117" CONTENT=" " GC="1.0"><Shape><Polygon POINTS="1377 1127 1346 1268 1403 1281 1435 1140"/></Shape></Glyph></String>
          </TextLine>

          
          
          <TextLine ID="eSc_line_1803943" BASELINE="1191 1312 2732 1693" HPOS="1177.0" VPOS="1227.0" WIDTH="1575.0" HEIGHT="522.0">
            <Shape><Polygon POINTS="1211 1227 2752 1608 2718 1749 1177 1368"/></Shape>
	    <String CONTENT=" ולאלמנה יהיה כי תבצר כרמך לא " HPOS="1177.0" VPOS="1227.0" WIDTH="1575.0" HEIGHT="522.0"><Glyph ID="char_118" CONTENT=" " GC="1.0"><Shape><Polygon POINTS="2628 1577 2593 1718 2669 1737 2704 1596"/></Shape></Glyph><Glyph ID="char_119" CONTENT="ו" GC="1.0"><Shape><Polygon POINTS="2590 1568 2555 1709 2593 1718 2628 1577"/></Shape></Glyph><Glyph ID="char_120" CONTENT="ל" GC="1.0"><Shape><Polygon POINTS="2544 1556 2509 1697 2555 1709 2590 1568"/></Shape></Glyph><Glyph ID="char_121" CONTENT="א" GC="1.0"><Shape><Polygon POINTS="2496 1545 2461 1686 2509 1697 2544 1556"/></Shape></Glyph><Glyph ID="char_122" CONTENT="ל" GC="1.0"><Shape><Polygon POINTS="2440 1531 2405 1672 2461 1686 2496 1545"/></Shape></Glyph><Glyph ID="char_123" CONTENT="מ" GC="1.0"><Shape><Polygon POINTS="2383 1517 2348 1657 2405 1672 2440 1531"/></Shape></Glyph><Glyph ID="char_124" CONTENT="נ" GC="1.0"><Shape><Polygon POINTS="2326 1503 2291 1644 2348 1657 2383 1517"/></Shape></Glyph><Glyph ID="char_125" CONTENT="ה" GC="1.0"><Shape><Polygon POINTS="2269 1489 2234 1629 2291 1644 2326 1503"/></Shape></Glyph><Glyph ID="char_126" CONTENT=" " GC="1.0"><Shape><Polygon POINTS="2241 1482 2206 1622 2234 1629 2269 1489"/></Shape></Glyph><Glyph ID="char_127" CONTENT="י" GC="1.0"><Shape><Polygon POINTS="2185 1468 2150 1608 2206 1622 2241 1482"/></Shape></Glyph><Glyph ID="char_128" CONTENT="ה" GC="1.0"><Shape><Polygon POINTS="2127 1454 2092 1594 2150 1608 2185 1468"/></Shape></Glyph><Glyph ID="char_129" CONTENT="י" GC="1.0"><Shape><Polygon POINTS="2089 1444 2054 1585 2092 1594 2127 1454"/></Shape></Glyph><Glyph ID="char_130" CONTENT="ה" GC="1.0"><Shape><Polygon POINTS="2043 1433 2008 1573 2054 1585 2089 1444"/></Shape></Glyph><Glyph ID="char_131" CONTENT=" " GC="1.0"><Shape><Polygon POINTS="1939 1407 1904 1548 2008 1573 2043 1433"/></Shape></Glyph><Glyph ID="char_132" CONTENT="כ" GC="1.0"><Shape><Polygon POINTS="1835 1381 1800 1522 1904 1548 1939 1407"/></Shape></Glyph><Glyph ID="char_133" CONTENT="י" GC="1.0"><Shape><Polygon POINTS="1806 1374 1771 1515 1800 1522 1835 1381"/></Shape></Glyph><Glyph ID="char_134" CONTENT=" " GC="1.0"><Shape><Polygon POINTS="1768 1365 1733 1506 1771 1515 1806 1374"/></Shape></Glyph><Glyph ID="char_135" CONTENT="ת" GC="1.0"><Shape><Polygon POINTS="1721 1353 1687 1494 1733 1506 1768 1365"/></Shape></Glyph><Glyph ID="char_136" CONTENT="ב" GC="1.0"><Shape><Polygon POINTS="1664 1339 1629 1480 1687 1494 1721 1353"/></Shape></Glyph><Glyph ID="char_137" CONTENT="צ" GC="1.0"><Shape><Polygon POINTS="1608 1325 1573 1466 1629 1480 1664 1339"/></Shape></Glyph><Glyph ID="char_138" CONTENT="ר" GC="1.0"><Shape><Polygon POINTS="1560 1313 1525 1454 1573 1466 1608 1325"/></Shape></Glyph><Glyph ID="char_139" CONTENT=" " GC="1.0"><Shape><Polygon POINTS="1532 1306 1497 1447 1525 1454 1560 1313"/></Shape></Glyph><Glyph ID="char_140" CONTENT="כ" GC="1.0"><Shape><Polygon POINTS="1485 1295 1450 1435 1497 1447 1532 1306"/></Shape></Glyph><Glyph ID="char_141" CONTENT="ר" GC="1.0"><Shape><Polygon POINTS="1438 1283 1403 1424 1450 1435 1485 1295"/></Shape></Glyph><Glyph ID="char_142" CONTENT="מ" GC="1.0"><Shape><Polygon POINTS="1400 1274 1365 1415 1403 1424 1438 1283"/></Shape></Glyph><Glyph ID="char_143" CONTENT="ך" GC="1.0"><Shape><Polygon POINTS="1362 1264 1327 1405 1365 1415 1400 1274"/></Shape></Glyph><Glyph ID="char_144" CONTENT=" " GC="1.0"><Shape><Polygon POINTS="1324 1255 1290 1396 1327 1405 1362 1264"/></Shape></Glyph><Glyph ID="char_145" CONTENT="ל" GC="1.0"><Shape><Polygon POINTS="1296 1248 1261 1389 1290 1396 1324 1255"/></Shape></Glyph><Glyph ID="char_146" CONTENT="א" GC="1.0"><Shape><Polygon POINTS="1258 1239 1224 1379 1261 1389 1296 1248"/></Shape></Glyph><Glyph ID="char_147" CONTENT=" " GC="1.0"><Shape><Polygon POINTS="1221 1229 1186 1370 1224 1379 1258 1239"/></Shape></Glyph></String>
          </TextLine>

          
          
          <TextLine ID="eSc_line_1803942" BASELINE="1094 1469 2639 1841" HPOS="1080.0" VPOS="1384.0" WIDTH="1579.0" HEIGHT="513.0">
            <Shape><Polygon POINTS="1114 1384 2659 1756 2625 1897 1080 1525"/></Shape>
	    <String CONTENT=" היה וזכרת כי עבד היית בארץ " HPOS="1080.0" VPOS="1384.0" WIDTH="1579.0" HEIGHT="513.0"><Glyph ID="char_148" CONTENT=" " GC="1.0"><Shape><Polygon POINTS="2554 1731 2520 1872 2596 1890 2630 1749"/></Shape></Glyph><Glyph ID="char_149" CONTENT="ה" GC="1.0"><Shape><Polygon POINTS="2488 1715 2454 1856 2520 1872 2554 1731"/></Shape></Glyph><Glyph ID="char_150" CONTENT="י" GC="1.0"><Shape><Polygon POINTS="2431 1701 2397 1842 2454 1856 2488 1715"/></Shape></Glyph><Glyph ID="char_151" CONTENT="ה" GC="1.0"><Shape><Polygon POINTS="2383 1690 2349 1831 2397 1842 2431 1701"/></Shape></Glyph><Glyph ID="char_152" CONTENT=" " GC="1.0"><Shape><Polygon POINTS="2355 1683 2321 1824 2349 1831 2383 1690"/></Shape></Glyph><Glyph ID="char_153" CONTENT="ו" GC="1.0"><Shape><Polygon POINTS="2307 1671 2273 1812 2321 1824 2355 1683"/></Shape></Glyph><Glyph ID="char_154" CONTENT="ז" GC="1.0"><Shape><Polygon POINTS="2269 1662 2235 1803 2273 1812 2307 1671"/></Shape></Glyph><Glyph ID="char_155" CONTENT="כ" GC="1.0"><Shape><Polygon POINTS="2223 1651 2189 1792 2235 1803 2269 1662"/></Shape></Glyph><Glyph ID="char_156" CONTENT="ר" GC="1.0"><Shape><Polygon POINTS="2156 1635 2122 1776 2189 1792 2223 1651"/></Shape></Glyph><Glyph ID="char_157" CONTENT="ת" GC="1.0"><Shape><Polygon POINTS="2099 1621 2065 1762 2122 1776 2156 1635"/></Shape></Glyph><Glyph ID="char_158" CONTENT=" " GC="1.0"><Shape><Polygon POINTS="2071 1614 2037 1755 2065 1762 2099 1621"/></Shape></Glyph><Glyph ID="char_159" CONTENT="כ" GC="1.0"><Shape><Polygon POINTS="2033 1605 1999 1746 2037 1755 2071 1614"/></Shape></Glyph><Glyph ID="char_160" CONTENT="י" GC="1.0"><Shape><Polygon POINTS="1995 1596 1961 1737 1999 1746 2033 1605"/></Shape></Glyph><Glyph ID="char_161" CONTENT=" " GC="1.0"><Shape><Polygon POINTS="1966 1589 1932 1730 1961 1737 1995 1596"/></Shape></Glyph><Glyph ID="char_162" CONTENT="ע" GC="1.0"><Shape><Polygon POINTS="1900 1573 1866 1714 1932 1730 1966 1589"/></Shape></Glyph><Glyph ID="char_163" CONTENT="ב" GC="1.0"><Shape><Polygon POINTS="1824 1555 1790 1696 1866 1714 1900 1573"/></Shape></Glyph><Glyph ID="char_164" CONTENT="ד" GC="1.0"><Shape><Polygon POINTS="1776 1543 1742 1684 1790 1696 1824 1555"/></Shape></Glyph><Glyph ID="char_165" CONTENT=" " GC="1.0"><Shape><Polygon POINTS="1730 1532 1696 1673 1742 1684 1776 1543"/></Shape></Glyph><Glyph ID="char_166" CONTENT="ה" GC="1.0"><Shape><Polygon POINTS="1672 1518 1638 1659 1696 1673 1730 1532"/></Shape></Glyph><Glyph ID="char_167" CONTENT="י" GC="1.0"><Shape><Polygon POINTS="1616 1505 1582 1646 1638 1659 1672 1518"/></Shape></Glyph><Glyph ID="char_168" CONTENT="י" GC="1.0"><Shape><Polygon POINTS="1568 1493 1534 1634 1582 1646 1616 1505"/></Shape></Glyph><Glyph ID="char_169" CONTENT="ת" GC="1.0"><Shape><Polygon POINTS="1521 1482 1487 1623 1534 1634 1568 1493"/></Shape></Glyph><Glyph ID="char_170" CONTENT=" " GC="1.0"><Shape><Polygon POINTS="1492 1475 1458 1616 1487 1623 1521 1482"/></Shape></Glyph><Glyph ID="char_171" CONTENT="ב" GC="1.0"><Shape><Polygon POINTS="1464 1468 1430 1609 1458 1616 1492 1475"/></Shape></Glyph><Glyph ID="char_172" CONTENT="א" GC="1.0"><Shape><Polygon POINTS="1407 1455 1373 1596 1430 1609 1464 1468"/></Shape></Glyph><Glyph ID="char_173" CONTENT="ר" GC="1.0"><Shape><Polygon POINTS="1341 1439 1307 1580 1373 1596 1407 1455"/></Shape></Glyph><Glyph ID="char_174" CONTENT="ץ" GC="1.0"><Shape><Polygon POINTS="1321 1434 1287 1575 1307 1580 1341 1439"/></Shape></Glyph><Glyph ID="char_175" CONTENT=" " GC="1.0"><Shape><Polygon POINTS="1199 1404 1165 1545 1287 1575 1321 1434"/></Shape></Glyph></String>
          </TextLine>

          
        </TextBlock>
        

        
      </PrintSpace>
    </Page>
  </Layout>
</alto>