<?xml version='1.0' encoding='UTF-8'?>
<alto xmlns:xsi="http://www.w3.org/2001/XMLSchema-instance" xmlns="http://www.loc.gov/standards/alto/ns-v4#" xsi:schemaLocation="http://www.loc.gov/standards/alto/ns-v4# http://www.loc.gov/standards/alto/v4/alto-4-2.xsd">
  <Description>
    <MeasurementUnit>pixel</MeasurementUnit>
    <sourceImageInformation>
      <fileName>P401-Fg003-R-C01-R01-D29092013-T130852-LR924_012.jpg</fileName>
      
    </sourceImageInformation>
  </Description>
  
  <Tags>
    <OtherTag ID="BT1443" LABEL="Parchment_or_papyrus" DESCRIPTION="block type Parchment_or_papyrus"/><OtherTag ID="BT2" LABEL="Main" DESCRIPTION="block type Main"/>
    
  </Tags>
  
  <Layout>
    <Page WIDTH="3608" HEIGHT="2706" PHYSICAL_IMG_NR="192" ID="eSc_dummypage_">
      <PrintSpace HPOS="0" VPOS="0" WIDTH="3608" HEIGHT="2706">
        
        <TextBlock HPOS="1117.0" VPOS="1025.0" WIDTH="1397.0" HEIGHT="1134.0" ID="eSc_textblock_dbbf711d" TAGREFS="BT2">
          <Shape><Polygon POINTS="1117 1138 1117 2159 2514 2159 2390 1025"/></Shape>
          
          
          <TextLine ID="eSc_line_1789008" BASELINE="1183 1262 1458 1256 1686 1244 1752 1235 1781 1226 1824 1219 2126 1195 2381 1179" HPOS="1180.0" VPOS="1080.0" WIDTH="1205.0" HEIGHT="247.0">
            <Shape><Polygon POINTS="1180 1163 1455 1157 1680 1145 1738 1136 1751 1131 1808 1121 2118 1096 2374 1080 2385 1244 2131 1260 1834 1284 1800 1289 1760 1300 1689 1309 1459 1321 1184 1327"/></Shape>
	    <String CONTENT="לטהרם הזה עליהם מי חטאת ו " HPOS="1180.0" VPOS="1080.0" WIDTH="1205.0" HEIGHT="247.0"><Glyph ID="char_0" CONTENT="ל" GC="1.0"><Shape><Polygon POINTS="2276 1086 2286 1250 2352 1246 2341 1082"/></Shape></Glyph><Glyph ID="char_1" CONTENT="ט" GC="1.0"><Shape><Polygon POINTS="2220 1090 2230 1254 2286 1250 2276 1086"/></Shape></Glyph><Glyph ID="char_2" CONTENT="ה" GC="1.0"><Shape><Polygon POINTS="2165 1093 2175 1257 2230 1254 2220 1090"/></Shape></Glyph><Glyph ID="char_3" CONTENT="ר" GC="1.0"><Shape><Polygon POINTS="2108 1097 2121 1261 2175 1257 2165 1093"/></Shape></Glyph><Glyph ID="char_4" CONTENT="ם" GC="1.0"><Shape><Polygon POINTS="2064 1100 2077 1264 2121 1261 2108 1097"/></Shape></Glyph><Glyph ID="char_5" CONTENT=" " GC="1.0"><Shape><Polygon POINTS="2021 1104 2034 1268 2077 1264 2064 1100"/></Shape></Glyph><Glyph ID="char_6" CONTENT="ה" GC="1.0"><Shape><Polygon POINTS="1977 1107 1990 1271 2034 1268 2021 1104"/></Shape></Glyph><Glyph ID="char_7" CONTENT="ז" GC="1.0"><Shape><Polygon POINTS="1933 1111 1946 1275 1990 1271 1977 1107"/></Shape></Glyph><Glyph ID="char_8" CONTENT="ה" GC="1.0"><Shape><Polygon POINTS="1899 1114 1912 1278 1946 1275 1933 1111"/></Shape></Glyph><Glyph ID="char_9" CONTENT=" " GC="1.0"><Shape><Polygon POINTS="1866 1116 1879 1280 1912 1278 1899 1114"/></Shape></Glyph><Glyph ID="char_10" CONTENT="ע" GC="1.0"><Shape><Polygon POINTS="1803 1122 1830 1285 1879 1280 1866 1116"/></Shape></Glyph><Glyph ID="char_11" CONTENT="ל" GC="1.0"><Shape><Polygon POINTS="1746 1133 1795 1290 1830 1285 1803 1122"/></Shape></Glyph><Glyph ID="char_12" CONTENT="י" GC="1.0"><Shape><Polygon POINTS="1731 1137 1753 1301 1795 1290 1746 1133"/></Shape></Glyph><Glyph ID="char_13" CONTENT="ה" GC="1.0"><Shape><Polygon POINTS="1687 1144 1709 1306 1753 1301 1731 1137"/></Shape></Glyph><Glyph ID="char_14" CONTENT="ם" GC="1.0"><Shape><Polygon POINTS="1640 1147 1649 1311 1709 1306 1687 1144"/></Shape></Glyph><Glyph ID="char_15" CONTENT=" " GC="1.0"><Shape><Polygon POINTS="1585 1150 1593 1314 1649 1311 1640 1147"/></Shape></Glyph><Glyph ID="char_16" CONTENT="מ" GC="1.0"><Shape><Polygon POINTS="1541 1152 1549 1316 1593 1314 1585 1150"/></Shape></Glyph><Glyph ID="char_17" CONTENT="י" GC="1.0"><Shape><Polygon POINTS="1508 1154 1516 1318 1549 1316 1541 1152"/></Shape></Glyph><Glyph ID="char_18" CONTENT=" " GC="1.0"><Shape><Polygon POINTS="1475 1156 1483 1320 1516 1318 1508 1154"/></Shape></Glyph><Glyph ID="char_19" CONTENT="ח" GC="1.0"><Shape><Polygon POINTS="1423 1158 1426 1322 1483 1320 1475 1156"/></Shape></Glyph><Glyph ID="char_20" CONTENT="ט" GC="1.0"><Shape><Polygon POINTS="1368 1159 1371 1323 1426 1322 1423 1158"/></Shape></Glyph><Glyph ID="char_21" CONTENT="א" GC="1.0"><Shape><Polygon POINTS="1312 1160 1315 1324 1371 1323 1368 1159"/></Shape></Glyph><Glyph ID="char_22" CONTENT="ת" GC="1.0"><Shape><Polygon POINTS="1268 1161 1271 1325 1315 1324 1312 1160"/></Shape></Glyph><Glyph ID="char_23" CONTENT=" " GC="1.0"><Shape><Polygon POINTS="1235 1162 1238 1326 1271 1325 1268 1161"/></Shape></Glyph><Glyph ID="char_24" CONTENT="ו" GC="1.0"><Shape><Polygon POINTS="1213 1162 1216 1326 1238 1326 1235 1162"/></Shape></Glyph><Glyph ID="char_25" CONTENT=" " GC="1.0"><Shape><Polygon POINTS="1182 1262 1214 1261"/></Shape></Glyph></String>
          </TextLine>

          
          
          <TextLine ID="eSc_line_1789009" BASELINE="1219 1411 1488 1411 1756 1402 1937 1375 2239 1350 2385 1341" HPOS="1219.0" VPOS="1242.0" WIDTH="1170.0" HEIGHT="235.0">
            <Shape><Polygon POINTS="1219 1312 1488 1312 1752 1303 1922 1277 2230 1251 2378 1242 2389 1406 2244 1415 1946 1440 1758 1467 1488 1477 1219 1477"/></Shape>
	    <String CONTENT="פר בן בקר ומנחתו סלת בלולה ב " HPOS="1219.0" VPOS="1242.0" WIDTH="1170.0" HEIGHT="235.0"><Glyph ID="char_26" CONTENT="פ" GC="1.0"><Shape><Polygon POINTS="2302 1247 2312 1411 2368 1407 2357 1243"/></Shape></Glyph><Glyph ID="char_27" CONTENT="ר" GC="1.0"><Shape><Polygon POINTS="2268 1249 2278 1413 2312 1411 2302 1247"/></Shape></Glyph><Glyph ID="char_28" CONTENT=" " GC="1.0"><Shape><Polygon POINTS="2235 1251 2245 1415 2278 1413 2268 1249"/></Shape></Glyph><Glyph ID="char_29" CONTENT="ב" GC="1.0"><Shape><Polygon POINTS="2200 1254 2213 1418 2245 1415 2235 1251"/></Shape></Glyph><Glyph ID="char_30" CONTENT="ן" GC="1.0"><Shape><Polygon POINTS="2166 1256 2179 1420 2213 1418 2200 1254"/></Shape></Glyph><Glyph ID="char_31" CONTENT=" " GC="1.0"><Shape><Polygon POINTS="2133 1259 2147 1423 2179 1420 2166 1256"/></Shape></Glyph><Glyph ID="char_32" CONTENT="ב" GC="1.0"><Shape><Polygon POINTS="2077 1264 2091 1428 2147 1423 2133 1259"/></Shape></Glyph><Glyph ID="char_33" CONTENT="ק" GC="1.0"><Shape><Polygon POINTS="2021 1269 2035 1433 2091 1428 2077 1264"/></Shape></Glyph><Glyph ID="char_34" CONTENT="ר" GC="1.0"><Shape><Polygon POINTS="1988 1271 2002 1435 2035 1433 2021 1269"/></Shape></Glyph><Glyph ID="char_35" CONTENT=" " GC="1.0"><Shape><Polygon POINTS="1956 1274 1969 1438 2002 1435 1988 1271"/></Shape></Glyph><Glyph ID="char_36" CONTENT="ו" GC="1.0"><Shape><Polygon POINTS="1904 1280 1929 1442 1969 1438 1956 1274"/></Shape></Glyph><Glyph ID="char_37" CONTENT="מ" GC="1.0"><Shape><Polygon POINTS="1860 1286 1884 1449 1929 1442 1904 1280"/></Shape></Glyph><Glyph ID="char_38" CONTENT="נ" GC="1.0"><Shape><Polygon POINTS="1816 1293 1841 1455 1884 1449 1860 1286"/></Shape></Glyph><Glyph ID="char_39" CONTENT="ח" GC="1.0"><Shape><Polygon POINTS="1772 1300 1796 1462 1841 1455 1816 1293"/></Shape></Glyph><Glyph ID="char_40" CONTENT="ת" GC="1.0"><Shape><Polygon POINTS="1740 1303 1745 1467 1796 1462 1772 1300"/></Shape></Glyph><Glyph ID="char_41" CONTENT="ו" GC="1.0"><Shape><Polygon POINTS="1717 1304 1722 1468 1745 1467 1740 1303"/></Shape></Glyph><Glyph ID="char_42" CONTENT=" " GC="1.0"><Shape><Polygon POINTS="1684 1305 1689 1470 1722 1468 1717 1304"/></Shape></Glyph><Glyph ID="char_43" CONTENT="ס" GC="1.0"><Shape><Polygon POINTS="1639 1307 1644 1471 1689 1470 1684 1305"/></Shape></Glyph><Glyph ID="char_44" CONTENT="ל" GC="1.0"><Shape><Polygon POINTS="1595 1308 1600 1473 1644 1471 1639 1307"/></Shape></Glyph><Glyph ID="char_45" CONTENT="ת" GC="1.0"><Shape><Polygon POINTS="1561 1310 1566 1474 1600 1473 1595 1308"/></Shape></Glyph><Glyph ID="char_46" CONTENT=" " GC="1.0"><Shape><Polygon POINTS="1528 1311 1533 1475 1566 1474 1561 1310"/></Shape></Glyph><Glyph ID="char_47" CONTENT="ב" GC="1.0"><Shape><Polygon POINTS="1486 1312 1486 1477 1533 1475 1528 1311"/></Shape></Glyph><Glyph ID="char_48" CONTENT="ל" GC="1.0"><Shape><Polygon POINTS="1442 1312 1442 1477 1486 1477 1486 1312"/></Shape></Glyph><Glyph ID="char_49" CONTENT="ו" GC="1.0"><Shape><Polygon POINTS="1409 1312 1409 1477 1442 1477 1442 1312"/></Shape></Glyph><Glyph ID="char_50" CONTENT="ל" GC="1.0"><Shape><Polygon POINTS="1364 1312 1364 1477 1409 1477 1409 1312"/></Shape></Glyph><Glyph ID="char_51" CONTENT="ה" GC="1.0"><Shape><Polygon POINTS="1319 1312 1319 1477 1364 1477 1364 1312"/></Shape></Glyph><Glyph ID="char_52" CONTENT=" " GC="1.0"><Shape><Polygon POINTS="1275 1312 1275 1477 1319 1477 1319 1312"/></Shape></Glyph><Glyph ID="char_53" CONTENT="ב" GC="1.0"><Shape><Polygon POINTS="1241 1312 1241 1477 1275 1477 1275 1312"/></Shape></Glyph><Glyph ID="char_54" CONTENT=" " GC="1.0"><Shape><Polygon POINTS="1219 1312 1219 1477 1241 1477 1241 1312"/></Shape></Glyph></String>
          </TextLine>

          
          
          <TextLine ID="eSc_line_1789010" BASELINE="1274 1558 1375 1564 1461 1564 1792 1558 1964 1551 2255 1531 2446 1526" HPOS="1270.0" VPOS="1427.0" WIDTH="1177.0" HEIGHT="203.0">
            <Shape><Polygon POINTS="1279 1459 1380 1465 1461 1465 1790 1459 1959 1452 2248 1432 2443 1427 2447 1591 2259 1596 1966 1616 1793 1623 1461 1630 1371 1629 1270 1623"/></Shape>
	    <String CONTENT="לפני אהל מועד והקהלת את " HPOS="1270.0" VPOS="1427.0" WIDTH="1177.0" HEIGHT="203.0"><Glyph ID="char_55" CONTENT="ל" GC="1.0"><Shape><Polygon POINTS="2331 1430 2336 1594 2403 1592 2398 1428"/></Shape></Glyph><Glyph ID="char_56" CONTENT="פ" GC="1.0"><Shape><Polygon POINTS="2287 1431 2292 1595 2336 1594 2331 1430"/></Shape></Glyph><Glyph ID="char_57" CONTENT="נ" GC="1.0"><Shape><Polygon POINTS="2254 1432 2259 1596 2292 1595 2287 1431"/></Shape></Glyph><Glyph ID="char_58" CONTENT="י" GC="1.0"><Shape><Polygon POINTS="2217 1434 2228 1598 2259 1596 2254 1432"/></Shape></Glyph><Glyph ID="char_59" CONTENT=" " GC="1.0"><Shape><Polygon POINTS="2172 1437 2184 1601 2228 1598 2217 1434"/></Shape></Glyph><Glyph ID="char_60" CONTENT="א" GC="1.0"><Shape><Polygon POINTS="2117 1441 2129 1605 2184 1601 2172 1437"/></Shape></Glyph><Glyph ID="char_61" CONTENT="ה" GC="1.0"><Shape><Polygon POINTS="2073 1444 2085 1608 2129 1605 2117 1441"/></Shape></Glyph><Glyph ID="char_62" CONTENT="ל" GC="1.0"><Shape><Polygon POINTS="2041 1446 2052 1610 2085 1608 2073 1444"/></Shape></Glyph><Glyph ID="char_63" CONTENT=" " GC="1.0"><Shape><Polygon POINTS="2007 1449 2018 1612 2052 1610 2041 1446"/></Shape></Glyph><Glyph ID="char_64" CONTENT="מ" GC="1.0"><Shape><Polygon POINTS="1963 1452 1974 1615 2018 1612 2007 1449"/></Shape></Glyph><Glyph ID="char_65" CONTENT="ו" GC="1.0"><Shape><Polygon POINTS="1922 1454 1928 1618 1974 1615 1963 1452"/></Shape></Glyph><Glyph ID="char_66" CONTENT="ע" GC="1.0"><Shape><Polygon POINTS="1867 1456 1873 1620 1928 1618 1922 1454"/></Shape></Glyph><Glyph ID="char_67" CONTENT="ד" GC="1.0"><Shape><Polygon POINTS="1822 1458 1828 1622 1873 1620 1867 1456"/></Shape></Glyph><Glyph ID="char_68" CONTENT=" " GC="1.0"><Shape><Polygon POINTS="1789 1459 1795 1623 1828 1622 1822 1458"/></Shape></Glyph><Glyph ID="char_69" CONTENT="ו" GC="1.0"><Shape><Polygon POINTS="1758 1460 1761 1624 1795 1623 1789 1459"/></Shape></Glyph><Glyph ID="char_70" CONTENT="ה" GC="1.0"><Shape><Polygon POINTS="1714 1460 1717 1625 1761 1624 1758 1460"/></Shape></Glyph><Glyph ID="char_71" CONTENT="ק" GC="1.0"><Shape><Polygon POINTS="1647 1462 1650 1626 1717 1625 1714 1460"/></Shape></Glyph><Glyph ID="char_72" CONTENT="ה" GC="1.0"><Shape><Polygon POINTS="1592 1463 1595 1627 1650 1626 1647 1462"/></Shape></Glyph><Glyph ID="char_73" CONTENT="ל" GC="1.0"><Shape><Polygon POINTS="1537 1464 1540 1628 1595 1627 1592 1463"/></Shape></Glyph><Glyph ID="char_74" CONTENT="ת" GC="1.0"><Shape><Polygon POINTS="1492 1464 1495 1629 1540 1628 1537 1464"/></Shape></Glyph><Glyph ID="char_75" CONTENT=" " GC="1.0"><Shape><Polygon POINTS="1450 1465 1450 1630 1495 1629 1492 1464"/></Shape></Glyph><Glyph ID="char_76" CONTENT="א" GC="1.0"><Shape><Polygon POINTS="1395 1465 1395 1629 1450 1630 1450 1465"/></Shape></Glyph><Glyph ID="char_77" CONTENT="ת" GC="1.0"><Shape><Polygon POINTS="1347 1463 1335 1627 1395 1629 1395 1465"/></Shape></Glyph><Glyph ID="char_78" CONTENT=" " GC="1.0"><Shape><Polygon POINTS="1291 1460 1279 1624 1335 1627 1347 1463"/></Shape></Glyph></String>
          </TextLine>

          
          
          <TextLine ID="eSc_line_1789011" BASELINE="1217 1747 1501 1725 1616 1720 1700 1711 1946 1702 2119 1691 2266 1688 2448 1693" HPOS="1209.0" VPOS="1589.0" WIDTH="1241.0" HEIGHT="223.0">
            <Shape><Polygon POINTS="1209 1648 1493 1626 1611 1621 1689 1612 1942 1603 2112 1592 2263 1589 2450 1594 2446 1758 2267 1753 2123 1756 1948 1767 1707 1776 1618 1785 1506 1790 1222 1812"/></Shape>
	    <String CONTENT=" ראל את ידי על הלוים " HPOS="1209.0" VPOS="1589.0" WIDTH="1241.0" HEIGHT="223.0"><Glyph ID="char_79" CONTENT=" " GC="1.0"><Shape><Polygon POINTS="2181 1591 2184 1755 2346 1755 2351 1591"/></Shape></Glyph><Glyph ID="char_80" CONTENT="ר" GC="1.0"><Shape><Polygon POINTS="2078 1594 2088 1758 2184 1755 2181 1591"/></Shape></Glyph><Glyph ID="char_81" CONTENT="א" GC="1.0"><Shape><Polygon POINTS="2034 1597 2044 1761 2088 1758 2078 1594"/></Shape></Glyph><Glyph ID="char_82" CONTENT="ל" GC="1.0"><Shape><Polygon POINTS="2001 1599 2011 1763 2044 1761 2034 1597"/></Shape></Glyph><Glyph ID="char_83" CONTENT=" " GC="1.0"><Shape><Polygon POINTS="1957 1602 1967 1766 2011 1763 2001 1599"/></Shape></Glyph><Glyph ID="char_84" CONTENT="א" GC="1.0"><Shape><Polygon POINTS="1905 1604 1911 1768 1967 1766 1957 1602"/></Shape></Glyph><Glyph ID="char_85" CONTENT="ת" GC="1.0"><Shape><Polygon POINTS="1861 1606 1867 1770 1911 1768 1905 1604"/></Shape></Glyph><Glyph ID="char_86" CONTENT=" " GC="1.0"><Shape><Polygon POINTS="1827 1607 1833 1771 1867 1770 1861 1606"/></Shape></Glyph><Glyph ID="char_87" CONTENT="י" GC="1.0"><Shape><Polygon POINTS="1783 1609 1789 1773 1833 1771 1827 1607"/></Shape></Glyph><Glyph ID="char_88" CONTENT="ד" GC="1.0"><Shape><Polygon POINTS="1739 1610 1745 1775 1789 1773 1783 1609"/></Shape></Glyph><Glyph ID="char_89" CONTENT="י" GC="1.0"><Shape><Polygon POINTS="1633 1618 1651 1782 1745 1775 1739 1610"/></Shape></Glyph><Glyph ID="char_90" CONTENT=" " GC="1.0"><Shape><Polygon POINTS="1552 1624 1559 1788 1651 1782 1633 1618"/></Shape></Glyph><Glyph ID="char_91" CONTENT="ע" GC="1.0"><Shape><Polygon POINTS="1519 1625 1526 1789 1559 1788 1552 1624"/></Shape></Glyph><Glyph ID="char_92" CONTENT="ל" GC="1.0"><Shape><Polygon POINTS="1472 1628 1484 1792 1526 1789 1519 1625"/></Shape></Glyph><Glyph ID="char_93" CONTENT=" " GC="1.0"><Shape><Polygon POINTS="1439 1630 1451 1794 1484 1792 1472 1628"/></Shape></Glyph><Glyph ID="char_94" CONTENT="ה" GC="1.0"><Shape><Polygon POINTS="1395 1634 1407 1798 1451 1794 1439 1630"/></Shape></Glyph><Glyph ID="char_95" CONTENT="ל" GC="1.0"><Shape><Polygon POINTS="1351 1637 1364 1801 1407 1798 1395 1634"/></Shape></Glyph><Glyph ID="char_96" CONTENT="ו" GC="1.0"><Shape><Polygon POINTS="1318 1640 1331 1804 1364 1801 1351 1637"/></Shape></Glyph><Glyph ID="char_97" CONTENT="י" GC="1.0"><Shape><Polygon POINTS="1274 1643 1287 1807 1331 1804 1318 1640"/></Shape></Glyph><Glyph ID="char_98" CONTENT="ם" GC="1.0"><Shape><Polygon POINTS="1230 1646 1243 1810 1287 1807 1274 1643"/></Shape></Glyph><Glyph ID="char_99" CONTENT=" " GC="1.0"><Shape><Polygon POINTS="1216 1747 1237 1745"/></Shape></Glyph></String>
          </TextLine>

          
          
          <TextLine ID="eSc_line_1789014" BASELINE="1389 1898 1549 1898 1592 1889 1677 1855 1774 1860 1946 1851 2158 1853" HPOS="1389.0" VPOS="1752.0" WIDTH="769.0" HEIGHT="212.0">
            <Shape><Polygon POINTS="1389 1799 1549 1799 1571 1792 1640 1763 1779 1761 1940 1752 2158 1754 2157 1918 1949 1916 1770 1925 1701 1916 1605 1953 1549 1964 1389 1964"/></Shape>
	    <String CONTENT=" ל והיו לעבד עבד " HPOS="1389.0" VPOS="1752.0" WIDTH="769.0" HEIGHT="212.0"><Glyph ID="char_100" CONTENT=" " GC="1.0"><Shape><Polygon POINTS="2137 1754 2136 1918 2157 1918 2158 1778"/></Shape></Glyph><Glyph ID="char_101" CONTENT="ל" GC="1.0"><Shape><Polygon POINTS="2126 1754 2125 1918 2136 1918 2137 1754"/></Shape></Glyph><Glyph ID="char_102" CONTENT=" " GC="1.0"><Shape><Polygon POINTS="2115 1754 2114 1918 2125 1918 2126 1754"/></Shape></Glyph><Glyph ID="char_103" CONTENT="ו" GC="1.0"><Shape><Polygon POINTS="2081 1753 2080 1917 2114 1918 2115 1754"/></Shape></Glyph><Glyph ID="char_104" CONTENT="ה" GC="1.0"><Shape><Polygon POINTS="2037 1753 2036 1917 2080 1917 2081 1753"/></Shape></Glyph><Glyph ID="char_105" CONTENT="י" GC="1.0"><Shape><Polygon POINTS="1992 1752 1991 1916 2036 1917 2037 1753"/></Shape></Glyph><Glyph ID="char_106" CONTENT="ו" GC="1.0"><Shape><Polygon POINTS="1970 1752 1969 1916 1991 1916 1992 1752"/></Shape></Glyph><Glyph ID="char_107" CONTENT=" " GC="1.0"><Shape><Polygon POINTS="1931 1753 1940 1916 1969 1916 1970 1752"/></Shape></Glyph><Glyph ID="char_108" CONTENT="ל" GC="1.0"><Shape><Polygon POINTS="1887 1755 1896 1919 1940 1916 1931 1753"/></Shape></Glyph><Glyph ID="char_109" CONTENT="ע" GC="1.0"><Shape><Polygon POINTS="1831 1758 1840 1921 1896 1919 1887 1755"/></Shape></Glyph><Glyph ID="char_110" CONTENT="ב" GC="1.0"><Shape><Polygon POINTS="1787 1761 1796 1924 1840 1921 1831 1758"/></Shape></Glyph><Glyph ID="char_111" CONTENT="ד" GC="1.0"><Shape><Polygon POINTS="1697 1762 1689 1921 1796 1924 1787 1761"/></Shape></Glyph><Glyph ID="char_112" CONTENT=" " GC="1.0"><Shape><Polygon POINTS="1562 1795 1623 1946 1689 1921 1697 1762"/></Shape></Glyph><Glyph ID="char_113" CONTENT="ע" GC="1.0"><Shape><Polygon POINTS="1535 1799 1569 1960 1623 1946 1562 1795"/></Shape></Glyph><Glyph ID="char_114" CONTENT="ב" GC="1.0"><Shape><Polygon POINTS="1511 1799 1511 1964 1569 1960 1535 1799"/></Shape></Glyph><Glyph ID="char_115" CONTENT="ד" GC="1.0"><Shape><Polygon POINTS="1456 1799 1456 1964 1511 1964 1511 1799"/></Shape></Glyph><Glyph ID="char_116" CONTENT=" " GC="1.0"><Shape><Polygon POINTS="1389 1799 1389 1964 1456 1964 1456 1799"/></Shape></Glyph></String>
          </TextLine>

          
          
          <TextLine ID="eSc_line_1789013" BASELINE="1589 2063 1817 2058 2133 2038" HPOS="1586.0" VPOS="1939.0" WIDTH="551.0" HEIGHT="189.0">
            <Shape><Polygon POINTS="1586 1964 1814 1959 2126 1939 2137 2103 1818 2123 1590 2128"/></Shape>
	    <String CONTENT=" את ואת ה " HPOS="1586.0" VPOS="1939.0" WIDTH="551.0" HEIGHT="189.0"><Glyph ID="char_117" CONTENT=" " GC="1.0"><Shape><Polygon POINTS="2070 1943 2081 2107 2125 2104 2115 1940"/></Shape></Glyph><Glyph ID="char_118" CONTENT="א" GC="1.0"><Shape><Polygon POINTS="2004 1947 2015 2111 2081 2107 2070 1943"/></Shape></Glyph><Glyph ID="char_119" CONTENT="ת" GC="1.0"><Shape><Polygon POINTS="1959 1950 1970 2113 2015 2111 2004 1947"/></Shape></Glyph><Glyph ID="char_120" CONTENT=" " GC="1.0"><Shape><Polygon POINTS="1926 1952 1937 2116 1970 2113 1959 1950"/></Shape></Glyph><Glyph ID="char_121" CONTENT="ו" GC="1.0"><Shape><Polygon POINTS="1882 1955 1892 2118 1937 2116 1926 1952"/></Shape></Glyph><Glyph ID="char_122" CONTENT="א" GC="1.0"><Shape><Polygon POINTS="1827 1958 1837 2122 1892 2118 1882 1955"/></Shape></Glyph><Glyph ID="char_123" CONTENT="ת" GC="1.0"><Shape><Polygon POINTS="1786 1960 1789 2124 1837 2122 1827 1958"/></Shape></Glyph><Glyph ID="char_124" CONTENT=" " GC="1.0"><Shape><Polygon POINTS="1742 1961 1745 2125 1789 2124 1786 1960"/></Shape></Glyph><Glyph ID="char_125" CONTENT="ה" GC="1.0"><Shape><Polygon POINTS="1675 1962 1678 2126 1745 2125 1742 1961"/></Shape></Glyph><Glyph ID="char_126" CONTENT=" " GC="1.0"><Shape><Polygon POINTS="1597 1964 1600 2128 1678 2126 1675 1962"/></Shape></Glyph></String>
          </TextLine>

          
        </TextBlock>
        

        
      </PrintSpace>
    </Page>
  </Layout>
</alto>