<?xml version='1.0' encoding='UTF-8'?>
<alto xmlns:xsi="http://www.w3.org/2001/XMLSchema-instance" xmlns="http://www.loc.gov/standards/alto/ns-v4#" xsi:schemaLocation="http://www.loc.gov/standards/alto/ns-v4# http://www.loc.gov/standards/alto/v4/alto-4-2.xsd">
  <Description>
    <MeasurementUnit>pixel</MeasurementUnit>
    <sourceImageInformation>
      <fileName>P403-Fg002-R-C01-R01-D04112014-T170029-ML924 _012.jpg</fileName>
      
    </sourceImageInformation>
  </Description>
  
  <Tags>
    <OtherTag ID="BT1443" LABEL="Parchment_or_papyrus" DESCRIPTION="block type Parchment_or_papyrus"/><OtherTag ID="BT2" LABEL="Main" DESCRIPTION="block type Main"/>
    
  </Tags>
  
  <Layout>
    <Page WIDTH="3608" HEIGHT="2706" PHYSICAL_IMG_NR="30" ID="eSc_dummypage_">
      <PrintSpace HPOS="0" VPOS="0" WIDTH="3608" HEIGHT="2706">
        
        <TextBlock HPOS="802.0" VPOS="316.0" WIDTH="2445.0" HEIGHT="1693.0" ID="eSc_textblock_248f73d9" TAGREFS="BT2">
          <Shape><Polygon POINTS="802 316 807 2009 3247 1767 3231 316"/></Shape>
          
          
          <TextLine ID="eSc_line_1772939" BASELINE="854 457 960 453 1001 455 1064 430 1240 414" HPOS="849.0" VPOS="297.0" WIDTH="398.0" HEIGHT="237.0">
            <Shape><Polygon POINTS="849 340 955 336 1006 338 1020 321 1229 297 1247 491 1092 502 997 532 962 530 856 534"/></Shape>
	    <String CONTENT=" שלותם" HPOS="849.0" VPOS="297.0" WIDTH="398.0" HEIGHT="237.0"><Glyph ID="char_0" CONTENT=" " GC="1.0"><Shape><Polygon POINTS="1164 304 1182 496 1233 492 1216 299"/></Shape></Glyph><Glyph ID="char_1" CONTENT="ש" GC="1.0"><Shape><Polygon POINTS="1111 310 1129 499 1182 496 1164 304"/></Shape></Glyph><Glyph ID="char_2" CONTENT="ל" GC="1.0"><Shape><Polygon POINTS="1015 326 1086 504 1129 499 1111 310"/></Shape></Glyph><Glyph ID="char_3" CONTENT="ו" GC="1.0"><Shape><Polygon POINTS="1003 338 993 532 1086 504 1015 326"/></Shape></Glyph><Glyph ID="char_4" CONTENT="ת" GC="1.0"><Shape><Polygon POINTS="927 337 934 531 993 532 1003 338"/></Shape></Glyph><Glyph ID="char_5" CONTENT="ם" GC="1.0"><Shape><Polygon POINTS="853 457 930 454"/></Shape></Glyph></String>
          </TextLine>

          
          
          <TextLine ID="eSc_line_1772940" BASELINE="877 644 944 651 1077 649 1168 651 1223 648 3001 539" HPOS="868.0" VPOS="422.0" WIDTH="2137.0" HEIGHT="306.0">
            <Shape><Polygon POINTS="889 527 956 534 1075 532 1170 534 1216 531 2993 422 3005 616 1227 725 1166 728 1078 726 935 728 868 721"/></Shape>
	    <String CONTENT=" רץ ובכול" HPOS="868.0" VPOS="422.0" WIDTH="2137.0" HEIGHT="306.0"><Glyph ID="char_6" CONTENT=" " GC="1.0"><Shape><Polygon POINTS="2550 449 2562 643 2822 627 2810 433"/></Shape></Glyph><Glyph ID="char_7" CONTENT="ר" GC="1.0"><Shape><Polygon POINTS="1846 492 1858 686 2562 643 2550 449"/></Shape></Glyph><Glyph ID="char_8" CONTENT="ץ" GC="1.0"><Shape><Polygon POINTS="1182 533 1193 727 1858 686 1846 492"/></Shape></Glyph><Glyph ID="char_9" CONTENT=" " GC="1.0"><Shape><Polygon POINTS="1152 534 1148 728 1193 727 1182 533"/></Shape></Glyph><Glyph ID="char_10" CONTENT="ו" GC="1.0"><Shape><Polygon POINTS="1100 533 1096 726 1148 728 1152 534"/></Shape></Glyph><Glyph ID="char_11" CONTENT="ב" GC="1.0"><Shape><Polygon POINTS="1031 533 1034 727 1096 726 1100 533"/></Shape></Glyph><Glyph ID="char_12" CONTENT="כ" GC="1.0"><Shape><Polygon POINTS="992 533 995 727 1034 727 1031 533"/></Shape></Glyph><Glyph ID="char_13" CONTENT="ו" GC="1.0"><Shape><Polygon POINTS="952 534 955 728 995 727 992 533"/></Shape></Glyph><Glyph ID="char_14" CONTENT="ל" GC="1.0"><Shape><Polygon POINTS="903 528 880 722 955 728 952 534"/></Shape></Glyph></String>
          </TextLine>

          
          
          <TextLine ID="eSc_line_1772943" BASELINE="863 836 1030 850 1247 852 1404 861 1831 802 1946 802 2079 791 2207 744 2322 739 2406 728 2809 710 3082 678" HPOS="856.0" VPOS="561.0" WIDTH="2235.0" HEIGHT="377.0">
            <Shape><Polygon POINTS="872 719 1039 733 1248 735 1410 744 1814 686 1946 685 2069 674 2166 634 2316 622 2390 611 2803 593 3068 561 3091 755 2812 787 2416 805 2325 816 2233 817 2085 868 1946 880 1841 879 1399 938 1246 929 1023 927 856 913"/></Shape>
	    <String CONTENT=" וחות ממשלתה תמיד יב הו בקציהם" HPOS="856.0" VPOS="561.0" WIDTH="2235.0" HEIGHT="377.0"><Glyph ID="char_15" CONTENT=" " GC="1.0"><Shape><Polygon POINTS="3003 569 3026 763 3077 757 3054 563"/></Shape></Glyph><Glyph ID="char_16" CONTENT="ו" GC="1.0"><Shape><Polygon POINTS="2938 577 2961 770 3026 763 3003 569"/></Shape></Glyph><Glyph ID="char_17" CONTENT="ח" GC="1.0"><Shape><Polygon POINTS="2887 583 2909 776 2961 770 2938 577"/></Shape></Glyph><Glyph ID="char_18" CONTENT="ו" GC="1.0"><Shape><Polygon POINTS="2822 591 2845 783 2909 776 2887 583"/></Shape></Glyph><Glyph ID="char_19" CONTENT="ת" GC="1.0"><Shape><Polygon POINTS="2779 594 2787 788 2845 783 2822 591"/></Shape></Glyph><Glyph ID="char_20" CONTENT=" " GC="1.0"><Shape><Polygon POINTS="2727 596 2735 790 2787 788 2779 594"/></Shape></Glyph><Glyph ID="char_21" CONTENT="מ" GC="1.0"><Shape><Polygon POINTS="2662 599 2671 793 2735 790 2727 596"/></Shape></Glyph><Glyph ID="char_22" CONTENT="מ" GC="1.0"><Shape><Polygon POINTS="2584 603 2593 797 2671 793 2662 599"/></Shape></Glyph><Glyph ID="char_23" CONTENT="ש" GC="1.0"><Shape><Polygon POINTS="2493 607 2502 801 2593 797 2584 603"/></Shape></Glyph><Glyph ID="char_24" CONTENT="ל" GC="1.0"><Shape><Polygon POINTS="2402 610 2411 806 2502 801 2493 607"/></Shape></Glyph><Glyph ID="char_25" CONTENT="ת" GC="1.0"><Shape><Polygon POINTS="2315 622 2340 814 2411 806 2402 610"/></Shape></Glyph><Glyph ID="char_26" CONTENT="ה" GC="1.0"><Shape><Polygon POINTS="2221 630 2229 818 2340 814 2315 622"/></Shape></Glyph><Glyph ID="char_27" CONTENT=" " GC="1.0"><Shape><Polygon POINTS="2100 661 2166 840 2229 818 2221 630"/></Shape></Glyph><Glyph ID="char_28" CONTENT="ת" GC="1.0"><Shape><Polygon POINTS="2069 674 2085 868 2166 840 2100 661"/></Shape></Glyph><Glyph ID="char_29" CONTENT="מ" GC="1.0"><Shape><Polygon POINTS="2004 680 2020 874 2085 868 2069 674"/></Shape></Glyph><Glyph ID="char_30" CONTENT="י" GC="1.0"><Shape><Polygon POINTS="1923 685 1923 880 2020 874 2004 680"/></Shape></Glyph><Glyph ID="char_31" CONTENT="ד" GC="1.0"><Shape><Polygon POINTS="1845 686 1845 879 1923 880 1923 685"/></Shape></Glyph><Glyph ID="char_32" CONTENT=" " GC="1.0"><Shape><Polygon POINTS="1764 693 1791 886 1845 879 1845 686"/></Shape></Glyph><Glyph ID="char_33" CONTENT="י" GC="1.0"><Shape><Polygon POINTS="1687 704 1714 896 1791 886 1764 693"/></Shape></Glyph><Glyph ID="char_34" CONTENT="ב" GC="1.0"><Shape><Polygon POINTS="1584 719 1611 910 1714 896 1687 704"/></Shape></Glyph><Glyph ID="char_35" CONTENT=" " GC="1.0"><Shape><Polygon POINTS="1469 736 1495 925 1611 910 1584 719"/></Shape></Glyph><Glyph ID="char_36" CONTENT="ה" GC="1.0"><Shape><Polygon POINTS="1391 743 1417 936 1495 925 1469 736"/></Shape></Glyph><Glyph ID="char_37" CONTENT="ו" GC="1.0"><Shape><Polygon POINTS="1362 741 1351 935 1417 936 1391 743"/></Shape></Glyph><Glyph ID="char_38" CONTENT=" " GC="1.0"><Shape><Polygon POINTS="1310 738 1299 932 1351 935 1362 741"/></Shape></Glyph><Glyph ID="char_39" CONTENT="ב" GC="1.0"><Shape><Polygon POINTS="1239 735 1238 929 1299 932 1310 738"/></Shape></Glyph><Glyph ID="char_40" CONTENT="ק" GC="1.0"><Shape><Polygon POINTS="1161 734 1160 928 1238 929 1239 735"/></Shape></Glyph><Glyph ID="char_41" CONTENT="צ" GC="1.0"><Shape><Polygon POINTS="1109 734 1108 928 1160 928 1161 734"/></Shape></Glyph><Glyph ID="char_42" CONTENT="י" GC="1.0"><Shape><Polygon POINTS="1031 732 1030 927 1108 928 1109 734"/></Shape></Glyph><Glyph ID="char_43" CONTENT="ה" GC="1.0"><Shape><Polygon POINTS="963 727 946 921 1030 927 1031 732"/></Shape></Glyph><Glyph ID="char_44" CONTENT="ם" GC="1.0"><Shape><Polygon POINTS="885 720 868 914 946 921 963 727"/></Shape></Glyph></String>
          </TextLine>

          
          
          <TextLine ID="eSc_line_1772946" BASELINE="886 1021 1224 1021 1474 1032 1666 1014 1783 1007 1982 978 2203 971 2658 888 2850 888 2999 877 3109 877" HPOS="886.0" VPOS="760.0" WIDTH="2223.0" HEIGHT="349.0">
            <Shape><Polygon POINTS="886 904 1224 904 1479 915 1655 897 1776 890 1965 862 2199 854 2637 772 2850 771 2990 760 3109 760 3109 955 3004 954 2850 966 2671 964 2205 1048 1993 1055 1787 1084 1673 1091 1470 1109 1224 1099 886 1099"/></Shape>
	    <String CONTENT="הימים וכול חיתם ישמיעו תפארת" HPOS="886.0" VPOS="760.0" WIDTH="2223.0" HEIGHT="349.0"><Glyph ID="char_45" CONTENT="ה" GC="1.0"><Shape><Polygon POINTS="3005 760 3005 954 3084 955 3084 760"/></Shape></Glyph><Glyph ID="char_46" CONTENT="י" GC="1.0"><Shape><Polygon POINTS="2918 766 2932 960 3005 954 3005 760"/></Shape></Glyph><Glyph ID="char_47" CONTENT="מ" GC="1.0"><Shape><Polygon POINTS="2849 771 2849 966 2932 960 2918 766"/></Shape></Glyph><Glyph ID="char_48" CONTENT="י" GC="1.0"><Shape><Polygon POINTS="2783 771 2783 965 2849 966 2849 771"/></Shape></Glyph><Glyph ID="char_49" CONTENT="ם" GC="1.0"><Shape><Polygon POINTS="2705 772 2705 964 2783 965 2783 771"/></Shape></Glyph><Glyph ID="char_50" CONTENT=" " GC="1.0"><Shape><Polygon POINTS="2618 776 2653 967 2705 964 2705 772"/></Shape></Glyph><Glyph ID="char_51" CONTENT="ו" GC="1.0"><Shape><Polygon POINTS="2567 785 2602 976 2653 967 2618 776"/></Shape></Glyph><Glyph ID="char_52" CONTENT="כ" GC="1.0"><Shape><Polygon POINTS="2516 795 2551 986 2602 976 2567 785"/></Shape></Glyph><Glyph ID="char_53" CONTENT="ו" GC="1.0"><Shape><Polygon POINTS="2465 804 2500 995 2551 986 2516 795"/></Shape></Glyph><Glyph ID="char_54" CONTENT="ל" GC="1.0"><Shape><Polygon POINTS="2400 816 2435 1007 2500 995 2465 804"/></Shape></Glyph><Glyph ID="char_55" CONTENT=" " GC="1.0"><Shape><Polygon POINTS="2336 828 2371 1018 2435 1007 2400 816"/></Shape></Glyph><Glyph ID="char_56" CONTENT="ח" GC="1.0"><Shape><Polygon POINTS="2272 840 2307 1030 2371 1018 2336 828"/></Shape></Glyph><Glyph ID="char_57" CONTENT="י" GC="1.0"><Shape><Polygon POINTS="2207 852 2242 1041 2307 1030 2272 840"/></Shape></Glyph><Glyph ID="char_58" CONTENT="ת" GC="1.0"><Shape><Polygon POINTS="2147 856 2153 1050 2242 1041 2207 852"/></Shape></Glyph><Glyph ID="char_59" CONTENT="ם" GC="1.0"><Shape><Polygon POINTS="2068 858 2074 1052 2153 1050 2147 856"/></Shape></Glyph><Glyph ID="char_60" CONTENT=" " GC="1.0"><Shape><Polygon POINTS="2003 861 2009 1054 2074 1052 2068 858"/></Shape></Glyph><Glyph ID="char_61" CONTENT="י" GC="1.0"><Shape><Polygon POINTS="1938 866 1966 1059 2009 1054 2003 861"/></Shape></Glyph><Glyph ID="char_62" CONTENT="ש" GC="1.0"><Shape><Polygon POINTS="1847 879 1875 1072 1966 1059 1938 866"/></Shape></Glyph><Glyph ID="char_63" CONTENT="מ" GC="1.0"><Shape><Polygon POINTS="1754 891 1765 1085 1875 1072 1847 879"/></Shape></Glyph><Glyph ID="char_64" CONTENT="י" GC="1.0"><Shape><Polygon POINTS="1688 895 1699 1089 1765 1085 1754 891"/></Shape></Glyph><Glyph ID="char_65" CONTENT="ע" GC="1.0"><Shape><Polygon POINTS="1619 901 1637 1094 1699 1089 1688 895"/></Shape></Glyph><Glyph ID="char_66" CONTENT="ו" GC="1.0"><Shape><Polygon POINTS="1453 914 1444 1108 1637 1094 1619 901"/></Shape></Glyph><Glyph ID="char_67" CONTENT=" " GC="1.0"><Shape><Polygon POINTS="1270 906 1262 1101 1444 1108 1453 914"/></Shape></Glyph><Glyph ID="char_68" CONTENT="ת" GC="1.0"><Shape><Polygon POINTS="1200 904 1200 1099 1262 1101 1270 906"/></Shape></Glyph><Glyph ID="char_69" CONTENT="פ" GC="1.0"><Shape><Polygon POINTS="1134 904 1134 1099 1200 1099 1200 904"/></Shape></Glyph><Glyph ID="char_70" CONTENT="א" GC="1.0"><Shape><Polygon POINTS="1056 904 1056 1099 1134 1099 1134 904"/></Shape></Glyph><Glyph ID="char_71" CONTENT="ר" GC="1.0"><Shape><Polygon POINTS="964 904 964 1099 1056 1099 1056 904"/></Shape></Glyph><Glyph ID="char_72" CONTENT="ת" GC="1.0"><Shape><Polygon POINTS="886 904 886 1099 964 1099 964 904"/></Shape></Glyph></String>
          </TextLine>

          
          
          <TextLine ID="eSc_line_1772951" BASELINE="917 1197 989 1192 1497 1183 1817 1183 1858 1163 1957 1150 2354 1116 2505 1095 3012 1041 3136 1048" HPOS="908.0" VPOS="924.0" WIDTH="2234.0" HEIGHT="350.0">
            <Shape><Polygon POINTS="908 1080 980 1075 1494 1066 1817 1066 1806 1057 1941 1033 2344 999 2488 979 2999 924 3142 931 3131 1125 3020 1118 2515 1172 2360 1193 1967 1227 1892 1233 1817 1261 1498 1260 994 1269 922 1274"/></Shape>
	    <String CONTENT="כולם יגילו לאלוהי צדק ב ישועות" HPOS="908.0" VPOS="924.0" WIDTH="2234.0" HEIGHT="350.0"><Glyph ID="char_73" CONTENT="כ" GC="1.0"><Shape><Polygon POINTS="3051 927 3040 1119 3105 1123 3116 930"/></Shape></Glyph><Glyph ID="char_74" CONTENT="ו" GC="1.0"><Shape><Polygon POINTS="2979 926 3000 1120 3040 1119 3051 927"/></Shape></Glyph><Glyph ID="char_75" CONTENT="ל" GC="1.0"><Shape><Polygon POINTS="2902 934 2922 1128 3000 1120 2979 926"/></Shape></Glyph><Glyph ID="char_76" CONTENT="ם" GC="1.0"><Shape><Polygon POINTS="2850 940 2871 1134 2922 1128 2902 934"/></Shape></Glyph><Glyph ID="char_77" CONTENT=" " GC="1.0"><Shape><Polygon POINTS="2811 944 2832 1138 2871 1134 2850 940"/></Shape></Glyph><Glyph ID="char_78" CONTENT="י" GC="1.0"><Shape><Polygon POINTS="2759 950 2780 1144 2832 1138 2811 944"/></Shape></Glyph><Glyph ID="char_79" CONTENT="ג" GC="1.0"><Shape><Polygon POINTS="2681 958 2702 1152 2780 1144 2759 950"/></Shape></Glyph><Glyph ID="char_80" CONTENT="י" GC="1.0"><Shape><Polygon POINTS="2603 967 2624 1160 2702 1152 2681 958"/></Shape></Glyph><Glyph ID="char_81" CONTENT="ל" GC="1.0"><Shape><Polygon POINTS="2552 972 2572 1166 2624 1160 2603 967"/></Shape></Glyph><Glyph ID="char_82" CONTENT="ו" GC="1.0"><Shape><Polygon POINTS="2513 976 2533 1170 2572 1166 2552 972"/></Shape></Glyph><Glyph ID="char_83" CONTENT=" " GC="1.0"><Shape><Polygon POINTS="2470 981 2497 1174 2533 1170 2513 976"/></Shape></Glyph><Glyph ID="char_84" CONTENT="ל" GC="1.0"><Shape><Polygon POINTS="2405 991 2432 1183 2497 1174 2470 981"/></Shape></Glyph><Glyph ID="char_85" CONTENT="א" GC="1.0"><Shape><Polygon POINTS="2341 999 2367 1192 2432 1183 2405 991"/></Shape></Glyph><Glyph ID="char_86" CONTENT="ל" GC="1.0"><Shape><Polygon POINTS="2295 1003 2312 1197 2367 1192 2341 999"/></Shape></Glyph><Glyph ID="char_87" CONTENT="ו" GC="1.0"><Shape><Polygon POINTS="2230 1009 2247 1203 2312 1197 2295 1003"/></Shape></Glyph><Glyph ID="char_88" CONTENT="ה" GC="1.0"><Shape><Polygon POINTS="2151 1015 2168 1210 2247 1203 2230 1009"/></Shape></Glyph><Glyph ID="char_89" CONTENT="י" GC="1.0"><Shape><Polygon POINTS="2087 1021 2103 1215 2168 1210 2151 1015"/></Shape></Glyph><Glyph ID="char_90" CONTENT=" " GC="1.0"><Shape><Polygon POINTS="2022 1026 2039 1221 2103 1215 2087 1021"/></Shape></Glyph><Glyph ID="char_91" CONTENT="צ" GC="1.0"><Shape><Polygon POINTS="1957 1032 1974 1226 2039 1221 2022 1026"/></Shape></Glyph><Glyph ID="char_92" CONTENT="ד" GC="1.0"><Shape><Polygon POINTS="1848 1049 1873 1240 1974 1226 1957 1032"/></Shape></Glyph><Glyph ID="char_93" CONTENT="ק" GC="1.0"><Shape><Polygon POINTS="1790 1066 1790 1261 1873 1240 1848 1049"/></Shape></Glyph><Glyph ID="char_94" CONTENT=" " GC="1.0"><Shape><Polygon POINTS="1738 1066 1738 1261 1790 1261 1790 1066"/></Shape></Glyph><Glyph ID="char_95" CONTENT="ב" GC="1.0"><Shape><Polygon POINTS="1542 1066 1542 1260 1738 1261 1738 1066"/></Shape></Glyph><Glyph ID="char_96" CONTENT=" " GC="1.0"><Shape><Polygon POINTS="1332 1069 1335 1263 1542 1260 1542 1066"/></Shape></Glyph><Glyph ID="char_97" CONTENT="י" GC="1.0"><Shape><Polygon POINTS="1240 1070 1243 1265 1335 1263 1332 1069"/></Shape></Glyph><Glyph ID="char_98" CONTENT="ש" GC="1.0"><Shape><Polygon POINTS="1175 1072 1178 1266 1243 1265 1240 1070"/></Shape></Glyph><Glyph ID="char_99" CONTENT="ו" GC="1.0"><Shape><Polygon POINTS="1110 1073 1113 1267 1178 1266 1175 1072"/></Shape></Glyph><Glyph ID="char_100" CONTENT="ע" GC="1.0"><Shape><Polygon POINTS="1045 1074 1048 1268 1113 1267 1110 1073"/></Shape></Glyph><Glyph ID="char_101" CONTENT="ו" GC="1.0"><Shape><Polygon POINTS="973 1075 986 1270 1048 1268 1045 1074"/></Shape></Glyph><Glyph ID="char_102" CONTENT="ת" GC="1.0"><Shape><Polygon POINTS="916 1197 980 1192"/></Shape></Glyph></String>
          </TextLine>

          
          
          <TextLine ID="eSc_line_1772956" BASELINE="931 1398 971 1407 1048 1411 1210 1411 1294 1404 1585 1391 1677 1391 1749 1384 1871 1343 2462 1303 2676 1276 2724 1276 2827 1231 2949 1235 3003 1217 3141 1206" HPOS="913.0" VPOS="1089.0" WIDTH="2234.0" HEIGHT="400.0">
            <Shape><Polygon POINTS="956 1283 996 1292 1054 1294 1210 1294 1284 1287 1579 1274 1677 1274 1737 1267 1833 1232 2454 1186 2661 1159 2724 1159 2780 1123 2952 1118 2966 1106 3131 1089 3147 1283 3027 1290 2946 1312 2858 1302 2724 1354 2685 1353 2467 1380 1895 1416 1756 1461 1677 1469 1588 1468 1300 1481 1210 1489 1043 1488 953 1483 913 1474"/></Shape>
	    <String CONTENT="כיא א משחית בגבוליהם ורוחי רשע" HPOS="913.0" VPOS="1089.0" WIDTH="2234.0" HEIGHT="400.0"><Glyph ID="char_103" CONTENT="כ" GC="1.0"><Shape><Polygon POINTS="3040 1098 3055 1288 3120 1285 3105 1092"/></Shape></Glyph><Glyph ID="char_104" CONTENT="י" GC="1.0"><Shape><Polygon POINTS="2950 1118 3009 1295 3055 1288 3040 1098"/></Shape></Glyph><Glyph ID="char_105" CONTENT="א" GC="1.0"><Shape><Polygon POINTS="2925 1119 2919 1309 3009 1295 2950 1118"/></Shape></Glyph><Glyph ID="char_106" CONTENT=" " GC="1.0"><Shape><Polygon POINTS="2873 1120 2867 1303 2919 1309 2925 1119"/></Shape></Glyph><Glyph ID="char_107" CONTENT="א" GC="1.0"><Shape><Polygon POINTS="2699 1159 2776 1334 2867 1303 2873 1120"/></Shape></Glyph><Glyph ID="char_108" CONTENT=" " GC="1.0"><Shape><Polygon POINTS="2603 1167 2627 1360 2776 1334 2699 1159"/></Shape></Glyph><Glyph ID="char_109" CONTENT="מ" GC="1.0"><Shape><Polygon POINTS="2538 1175 2563 1368 2627 1360 2603 1167"/></Shape></Glyph><Glyph ID="char_110" CONTENT="ש" GC="1.0"><Shape><Polygon POINTS="2454 1186 2467 1380 2563 1368 2538 1175"/></Shape></Glyph><Glyph ID="char_111" CONTENT="ח" GC="1.0"><Shape><Polygon POINTS="2376 1192 2389 1385 2467 1380 2454 1186"/></Shape></Glyph><Glyph ID="char_112" CONTENT="י" GC="1.0"><Shape><Polygon POINTS="2311 1197 2324 1389 2389 1385 2376 1192"/></Shape></Glyph><Glyph ID="char_113" CONTENT="ת" GC="1.0"><Shape><Polygon POINTS="2245 1201 2258 1393 2324 1389 2311 1197"/></Shape></Glyph><Glyph ID="char_114" CONTENT=" " GC="1.0"><Shape><Polygon POINTS="2181 1206 2193 1397 2258 1393 2245 1201"/></Shape></Glyph><Glyph ID="char_115" CONTENT="ב" GC="1.0"><Shape><Polygon POINTS="2102 1212 2115 1402 2193 1397 2181 1206"/></Shape></Glyph><Glyph ID="char_116" CONTENT="ג" GC="1.0"><Shape><Polygon POINTS="2011 1219 2024 1408 2115 1402 2102 1212"/></Shape></Glyph><Glyph ID="char_117" CONTENT="ב" GC="1.0"><Shape><Polygon POINTS="1919 1226 1932 1414 2024 1408 2011 1219"/></Shape></Glyph><Glyph ID="char_118" CONTENT="ו" GC="1.0"><Shape><Polygon POINTS="1867 1229 1880 1421 1932 1414 1919 1226"/></Shape></Glyph><Glyph ID="char_119" CONTENT="ל" GC="1.0"><Shape><Polygon POINTS="1789 1248 1850 1431 1880 1421 1867 1229"/></Shape></Glyph><Glyph ID="char_120" CONTENT="י" GC="1.0"><Shape><Polygon POINTS="1726 1268 1787 1451 1850 1431 1789 1248"/></Shape></Glyph><Glyph ID="char_121" CONTENT="ה" GC="1.0"><Shape><Polygon POINTS="1675 1274 1694 1467 1787 1451 1726 1268"/></Shape></Glyph><Glyph ID="char_122" CONTENT="ם" GC="1.0"><Shape><Polygon POINTS="1608 1274 1608 1468 1694 1467 1675 1274"/></Shape></Glyph><Glyph ID="char_123" CONTENT=" " GC="1.0"><Shape><Polygon POINTS="1524 1276 1533 1471 1608 1468 1608 1274"/></Shape></Glyph><Glyph ID="char_124" CONTENT="ו" GC="1.0"><Shape><Polygon POINTS="1459 1279 1468 1473 1533 1471 1524 1276"/></Shape></Glyph><Glyph ID="char_125" CONTENT="ר" GC="1.0"><Shape><Polygon POINTS="1420 1281 1429 1475 1468 1473 1459 1279"/></Shape></Glyph><Glyph ID="char_126" CONTENT="ו" GC="1.0"><Shape><Polygon POINTS="1341 1284 1350 1479 1429 1475 1420 1281"/></Shape></Glyph><Glyph ID="char_127" CONTENT="ח" GC="1.0"><Shape><Polygon POINTS="1259 1289 1275 1483 1350 1479 1341 1284"/></Shape></Glyph><Glyph ID="char_128" CONTENT="י" GC="1.0"><Shape><Polygon POINTS="1203 1294 1203 1489 1275 1483 1259 1289"/></Shape></Glyph><Glyph ID="char_129" CONTENT=" " GC="1.0"><Shape><Polygon POINTS="1151 1294 1151 1489 1203 1489 1203 1294"/></Shape></Glyph><Glyph ID="char_130" CONTENT="ר" GC="1.0"><Shape><Polygon POINTS="1086 1294 1086 1488 1151 1489 1151 1294"/></Shape></Glyph><Glyph ID="char_131" CONTENT="ש" GC="1.0"><Shape><Polygon POINTS="1026 1293 1016 1486 1086 1488 1086 1294"/></Shape></Glyph><Glyph ID="char_132" CONTENT="ע" GC="1.0"><Shape><Polygon POINTS="970 1286 924 1476 1016 1486 1026 1293"/></Shape></Glyph></String>
          </TextLine>

          
          
          <TextLine ID="eSc_line_1772962" BASELINE="1037 1598 1382 1598 1704 1564 1774 1555 2058 1522 2744 1427 3170 1373" HPOS="1037.0" VPOS="1256.0" WIDTH="2142.0" HEIGHT="420.0">
            <Shape><Polygon POINTS="1037 1481 1382 1481 1691 1447 1759 1438 2044 1405 2727 1311 3155 1256 3179 1450 2754 1504 2067 1599 1783 1632 1712 1641 1382 1676 1037 1676"/></Shape>
	    <String CONTENT="לו יתהלכו בם כיא הופיע כבוד אלוהי" HPOS="1037.0" VPOS="1256.0" WIDTH="2142.0" HEIGHT="420.0"><Glyph ID="char_133" CONTENT="ל" GC="1.0"><Shape><Polygon POINTS="3038 1271 3062 1465 3141 1455 3116 1261"/></Shape></Glyph><Glyph ID="char_134" CONTENT="ו" GC="1.0"><Shape><Polygon POINTS="2999 1276 3024 1470 3062 1465 3038 1271"/></Shape></Glyph><Glyph ID="char_135" CONTENT=" " GC="1.0"><Shape><Polygon POINTS="2948 1283 2972 1476 3024 1470 2999 1276"/></Shape></Glyph><Glyph ID="char_136" CONTENT="י" GC="1.0"><Shape><Polygon POINTS="2869 1293 2894 1486 2972 1476 2948 1283"/></Shape></Glyph><Glyph ID="char_137" CONTENT="ת" GC="1.0"><Shape><Polygon POINTS="2791 1303 2815 1496 2894 1486 2869 1293"/></Shape></Glyph><Glyph ID="char_138" CONTENT="ה" GC="1.0"><Shape><Polygon POINTS="2725 1311 2752 1504 2815 1496 2791 1303"/></Shape></Glyph><Glyph ID="char_139" CONTENT="ל" GC="1.0"><Shape><Polygon POINTS="2674 1318 2700 1511 2752 1504 2725 1311"/></Shape></Glyph><Glyph ID="char_140" CONTENT="כ" GC="1.0"><Shape><Polygon POINTS="2621 1326 2648 1519 2700 1511 2674 1318"/></Shape></Glyph><Glyph ID="char_141" CONTENT="ו" GC="1.0"><Shape><Polygon POINTS="2582 1331 2609 1524 2648 1519 2621 1326"/></Shape></Glyph><Glyph ID="char_142" CONTENT=" " GC="1.0"><Shape><Polygon POINTS="2531 1338 2558 1531 2609 1524 2582 1331"/></Shape></Glyph><Glyph ID="char_143" CONTENT="ב" GC="1.0"><Shape><Polygon POINTS="2453 1349 2479 1542 2558 1531 2531 1338"/></Shape></Glyph><Glyph ID="char_144" CONTENT="ם" GC="1.0"><Shape><Polygon POINTS="2375 1359 2402 1553 2479 1542 2453 1349"/></Shape></Glyph><Glyph ID="char_145" CONTENT=" " GC="1.0"><Shape><Polygon POINTS="2297 1370 2324 1563 2402 1553 2375 1359"/></Shape></Glyph><Glyph ID="char_146" CONTENT="כ" GC="1.0"><Shape><Polygon POINTS="2233 1379 2260 1572 2324 1563 2297 1370"/></Shape></Glyph><Glyph ID="char_147" CONTENT="י" GC="1.0"><Shape><Polygon POINTS="2180 1386 2207 1580 2260 1572 2233 1379"/></Shape></Glyph><Glyph ID="char_148" CONTENT="א" GC="1.0"><Shape><Polygon POINTS="2116 1395 2143 1589 2207 1580 2180 1386"/></Shape></Glyph><Glyph ID="char_149" CONTENT=" " GC="1.0"><Shape><Polygon POINTS="2040 1405 2063 1599 2143 1589 2116 1395"/></Shape></Glyph><Glyph ID="char_150" CONTENT="ה" GC="1.0"><Shape><Polygon POINTS="1976 1413 1998 1607 2063 1599 2040 1405"/></Shape></Glyph><Glyph ID="char_151" CONTENT="ו" GC="1.0"><Shape><Polygon POINTS="1923 1419 1945 1613 1998 1607 1976 1413"/></Shape></Glyph><Glyph ID="char_152" CONTENT="פ" GC="1.0"><Shape><Polygon POINTS="1871 1425 1894 1619 1945 1613 1923 1419"/></Shape></Glyph><Glyph ID="char_153" CONTENT="י" GC="1.0"><Shape><Polygon POINTS="1806 1433 1828 1627 1894 1619 1871 1425"/></Shape></Glyph><Glyph ID="char_154" CONTENT="ע" GC="1.0"><Shape><Polygon POINTS="1753 1439 1778 1633 1828 1627 1806 1433"/></Shape></Glyph><Glyph ID="char_155" CONTENT=" " GC="1.0"><Shape><Polygon POINTS="1701 1446 1726 1639 1778 1633 1753 1439"/></Shape></Glyph><Glyph ID="char_156" CONTENT="כ" GC="1.0"><Shape><Polygon POINTS="1638 1453 1659 1647 1726 1639 1701 1446"/></Shape></Glyph><Glyph ID="char_157" CONTENT="ב" GC="1.0"><Shape><Polygon POINTS="1561 1461 1581 1655 1659 1647 1638 1453"/></Shape></Glyph><Glyph ID="char_158" CONTENT="ו" GC="1.0"><Shape><Polygon POINTS="1495 1469 1515 1662 1581 1655 1561 1461"/></Shape></Glyph><Glyph ID="char_159" CONTENT="ד" GC="1.0"><Shape><Polygon POINTS="1430 1476 1451 1669 1515 1662 1495 1469"/></Shape></Glyph><Glyph ID="char_160" CONTENT=" " GC="1.0"><Shape><Polygon POINTS="1377 1481 1377 1676 1451 1669 1430 1476"/></Shape></Glyph><Glyph ID="char_161" CONTENT="א" GC="1.0"><Shape><Polygon POINTS="1312 1481 1312 1676 1377 1676 1377 1481"/></Shape></Glyph><Glyph ID="char_162" CONTENT="ל" GC="1.0"><Shape><Polygon POINTS="1260 1481 1260 1676 1312 1676 1312 1481"/></Shape></Glyph><Glyph ID="char_163" CONTENT="ו" GC="1.0"><Shape><Polygon POINTS="1207 1481 1207 1676 1260 1676 1260 1481"/></Shape></Glyph><Glyph ID="char_164" CONTENT="ה" GC="1.0"><Shape><Polygon POINTS="1129 1481 1129 1676 1207 1676 1207 1481"/></Shape></Glyph><Glyph ID="char_165" CONTENT="י" GC="1.0"><Shape><Polygon POINTS="1050 1481 1050 1676 1129 1676 1129 1481"/></Shape></Glyph></String>
          </TextLine>

          
          
          <TextLine ID="eSc_line_1772961" BASELINE="920 1806 1199 1799 1740 1775 2604 1652 2557 1661 2811 1637 3182 1582" HPOS="917.0" VPOS="1466.0" WIDTH="2276.0" HEIGHT="417.0">
            <Shape><Polygon POINTS="917 1689 1196 1682 1734 1658 2587 1536 2579 1775 2799 1520 3164 1466 3193 1659 2818 1714 2795.45 1703.38 2614 1729 1743 1852 1200 1876 921 1883"/></Shape>
	    <String CONTENT="דעות באמ ו וכול בני עולה לוא יתכלכלו" HPOS="917.0" VPOS="1466.0" WIDTH="2276.0" HEIGHT="417.0"><Glyph ID="char_166" CONTENT="ד" GC="1.0"><Shape><Polygon POINTS="3009 1489 3038 1682 3141 1667 3112 1474"/></Shape></Glyph><Glyph ID="char_167" CONTENT="ע" GC="1.0"><Shape><Polygon POINTS="2931 1500 2960 1693 3038 1682 3009 1489"/></Shape></Glyph><Glyph ID="char_168" CONTENT="ו" GC="1.0"><Shape><Polygon POINTS="2867 1510 2895 1703 2960 1693 2931 1500"/></Shape></Glyph><Glyph ID="char_169" CONTENT="ת" GC="1.0"><Shape><Polygon POINTS="2796 1524 2814 1712 2895 1703 2867 1510"/></Shape></Glyph><Glyph ID="char_170" CONTENT=" " GC="1.0"><Shape><Polygon POINTS="2737 1592 2748 1710 2814 1712 2796 1524"/></Shape></Glyph><Glyph ID="char_171" CONTENT="ב" GC="1.0"><Shape><Polygon POINTS="2677 1649 2741 1643"/></Shape></Glyph><Glyph ID="char_172" CONTENT="א" GC="1.0"><Shape><Polygon POINTS="2625 1654 2677 1649"/></Shape></Glyph><Glyph ID="char_173" CONTENT="מ" GC="1.0"><Shape><Polygon POINTS="2578 1656 2625 1654"/></Shape></Glyph><Glyph ID="char_174" CONTENT=" " GC="1.0"><Shape><Polygon POINTS="2470 1553 2498 1745 2556 1540 2582 1675"/></Shape></Glyph><Glyph ID="char_175" CONTENT="ו" GC="1.0"><Shape><Polygon POINTS="2393 1564 2421 1756 2498 1745 2470 1553"/></Shape></Glyph><Glyph ID="char_176" CONTENT=" " GC="1.0"><Shape><Polygon POINTS="2342 1571 2369 1764 2421 1756 2393 1564"/></Shape></Glyph><Glyph ID="char_177" CONTENT="ו" GC="1.0"><Shape><Polygon POINTS="2290 1578 2318 1771 2369 1764 2342 1571"/></Shape></Glyph><Glyph ID="char_178" CONTENT="כ" GC="1.0"><Shape><Polygon POINTS="2226 1588 2253 1780 2318 1771 2290 1578"/></Shape></Glyph><Glyph ID="char_179" CONTENT="ו" GC="1.0"><Shape><Polygon POINTS="2174 1595 2202 1787 2253 1780 2226 1588"/></Shape></Glyph><Glyph ID="char_180" CONTENT="ל" GC="1.0"><Shape><Polygon POINTS="2123 1602 2150 1794 2202 1787 2174 1595"/></Shape></Glyph><Glyph ID="char_181" CONTENT=" " GC="1.0"><Shape><Polygon POINTS="2070 1610 2098 1802 2150 1794 2123 1602"/></Shape></Glyph><Glyph ID="char_182" CONTENT="ב" GC="1.0"><Shape><Polygon POINTS="1993 1621 2021 1813 2098 1802 2070 1610"/></Shape></Glyph><Glyph ID="char_183" CONTENT="נ" GC="1.0"><Shape><Polygon POINTS="1942 1628 1969 1820 2021 1813 1993 1621"/></Shape></Glyph><Glyph ID="char_184" CONTENT="י" GC="1.0"><Shape><Polygon POINTS="1903 1634 1930 1826 1969 1820 1942 1628"/></Shape></Glyph><Glyph ID="char_185" CONTENT=" " GC="1.0"><Shape><Polygon POINTS="1852 1641 1879 1833 1930 1826 1903 1634"/></Shape></Glyph><Glyph ID="char_186" CONTENT="ע" GC="1.0"><Shape><Polygon POINTS="1787 1650 1815 1842 1879 1833 1852 1641"/></Shape></Glyph><Glyph ID="char_187" CONTENT="ו" GC="1.0"><Shape><Polygon POINTS="1736 1658 1763 1849 1815 1842 1787 1650"/></Shape></Glyph><Glyph ID="char_188" CONTENT="ל" GC="1.0"><Shape><Polygon POINTS="1669 1661 1678 1855 1763 1849 1736 1658"/></Shape></Glyph><Glyph ID="char_189" CONTENT="ה" GC="1.0"><Shape><Polygon POINTS="1590 1664 1599 1858 1678 1855 1669 1661"/></Shape></Glyph><Glyph ID="char_190" CONTENT=" " GC="1.0"><Shape><Polygon POINTS="1538 1667 1547 1861 1599 1858 1590 1664"/></Shape></Glyph><Glyph ID="char_191" CONTENT="ל" GC="1.0"><Shape><Polygon POINTS="1473 1670 1482 1864 1547 1861 1538 1667"/></Shape></Glyph><Glyph ID="char_192" CONTENT="ו" GC="1.0"><Shape><Polygon POINTS="1409 1673 1417 1866 1482 1864 1473 1670"/></Shape></Glyph><Glyph ID="char_193" CONTENT="א" GC="1.0"><Shape><Polygon POINTS="1344 1675 1352 1869 1417 1866 1409 1673"/></Shape></Glyph><Glyph ID="char_194" CONTENT=" " GC="1.0"><Shape><Polygon POINTS="1292 1678 1300 1872 1352 1869 1344 1675"/></Shape></Glyph><Glyph ID="char_195" CONTENT="י" GC="1.0"><Shape><Polygon POINTS="1240 1680 1248 1874 1300 1872 1292 1678"/></Shape></Glyph><Glyph ID="char_196" CONTENT="ת" GC="1.0"><Shape><Polygon POINTS="1214 1681 1222 1875 1248 1874 1240 1680"/></Shape></Glyph><Glyph ID="char_197" CONTENT="כ" GC="1.0"><Shape><Polygon POINTS="1151 1683 1156 1877 1222 1875 1214 1681"/></Shape></Glyph><Glyph ID="char_198" CONTENT="ל" GC="1.0"><Shape><Polygon POINTS="1059 1685 1064 1879 1156 1877 1151 1683"/></Shape></Glyph><Glyph ID="char_199" CONTENT="כ" GC="1.0"><Shape><Polygon POINTS="1007 1687 1012 1881 1064 1879 1059 1685"/></Shape></Glyph><Glyph ID="char_200" CONTENT="ל" GC="1.0"><Shape><Polygon POINTS="968 1688 973 1882 1012 1881 1007 1687"/></Shape></Glyph><Glyph ID="char_201" CONTENT="ו" GC="1.0"><Shape><Polygon POINTS="919 1806 970 1804"/></Shape></Glyph></String>
          </TextLine>

          
        </TextBlock>
        

        
      </PrintSpace>
    </Page>
  </Layout>
</alto>