<?xml version='1.0' encoding='UTF-8'?>
<alto xmlns:xsi="http://www.w3.org/2001/XMLSchema-instance" xmlns="http://www.loc.gov/standards/alto/ns-v4#" xsi:schemaLocation="http://www.loc.gov/standards/alto/ns-v4# http://www.loc.gov/standards/alto/v4/alto-4-2.xsd">
  <Description>
    <MeasurementUnit>pixel</MeasurementUnit>
    <sourceImageInformation>
      <fileName>P403-Fg003-R-C01-R01-D04112014-T161304-ML924 _012.jpg</fileName>
      
    </sourceImageInformation>
  </Description>
  
  <Tags>
    <OtherTag ID="BT1443" LABEL="Parchment_or_papyrus" DESCRIPTION="block type Parchment_or_papyrus"/><OtherTag ID="BT2" LABEL="Main" DESCRIPTION="block type Main"/>
    
  </Tags>
  
  <Layout>
    <Page WIDTH="3608" HEIGHT="2706" PHYSICAL_IMG_NR="373" ID="eSc_dummypage_">
      <PrintSpace HPOS="0" VPOS="0" WIDTH="3608" HEIGHT="2706">
        
        <TextBlock HPOS="1269.0" VPOS="509.0" WIDTH="1301.0" HEIGHT="1435.0" ID="eSc_textblock_04797c09" TAGREFS="BT2">
          <Shape><Polygon POINTS="1269 509 1269 1944 2570 1944 2570 509"/></Shape>
          
          
          <TextLine ID="eSc_line_1772907" BASELINE="1702 631 2503 658" HPOS="1699.0" VPOS="524.0" WIDTH="807.0" HEIGHT="204.0">
            <Shape><Polygon POINTS="1705 524 2506 551 2500 728 1699 701"/></Shape>
	    <String CONTENT=" ם א " HPOS="1699.0" VPOS="524.0" WIDTH="807.0" HEIGHT="204.0"><Glyph ID="char_0" CONTENT=" " GC="1.0"><Shape><Polygon POINTS="2207 541 2201 718 2428 726 2434 549"/></Shape></Glyph><Glyph ID="char_1" CONTENT="ם" GC="1.0"><Shape><Polygon POINTS="2040 535 2033 712 2201 718 2207 541"/></Shape></Glyph><Glyph ID="char_2" CONTENT=" " GC="1.0"><Shape><Polygon POINTS="1968 533 1961 710 2033 712 2040 535"/></Shape></Glyph><Glyph ID="char_3" CONTENT="א" GC="1.0"><Shape><Polygon POINTS="1897 530 1890 707 1961 710 1968 533"/></Shape></Glyph><Glyph ID="char_4" CONTENT=" " GC="1.0"><Shape><Polygon POINTS="1777 526 1770 703 1890 707 1897 530"/></Shape></Glyph></String>
          </TextLine>

          
          
          <TextLine ID="eSc_line_1772910" BASELINE="1601 764 1668 771 1794 773 2083 811 2426 847 2505 852" HPOS="1593.0" VPOS="658.0" WIDTH="918.0" HEIGHT="264.0">
            <Shape><Polygon POINTS="1612 658 1679 665 1795 666 2096 705 2437 741 2511 746 2500 922 2418 917 2073 881 1792 843 1660 841 1593 834"/></Shape>
	    <String CONTENT=" ותיכם " HPOS="1593.0" VPOS="658.0" WIDTH="918.0" HEIGHT="264.0"><Glyph ID="char_5" CONTENT=" " GC="1.0"><Shape><Polygon POINTS="2440 741 2429 918 2488 921 2499 745"/></Shape></Glyph><Glyph ID="char_6" CONTENT="ו" GC="1.0"><Shape><Polygon POINTS="2351 732 2332 908 2429 918 2440 741"/></Shape></Glyph><Glyph ID="char_7" CONTENT="ת" GC="1.0"><Shape><Polygon POINTS="2280 724 2262 901 2332 908 2351 732"/></Shape></Glyph><Glyph ID="char_8" CONTENT="י" GC="1.0"><Shape><Polygon POINTS="2210 717 2191 893 2262 901 2280 724"/></Shape></Glyph><Glyph ID="char_9" CONTENT="כ" GC="1.0"><Shape><Polygon POINTS="2127 708 2108 885 2191 893 2210 717"/></Shape></Glyph><Glyph ID="char_10" CONTENT="ם" GC="1.0"><Shape><Polygon POINTS="1954 687 1931 862 2108 885 2127 708"/></Shape></Glyph><Glyph ID="char_11" CONTENT=" " GC="1.0"><Shape><Polygon POINTS="1684 665 1681 841 1931 862 1954 687"/></Shape></Glyph></String>
          </TextLine>

          
          
          <TextLine ID="eSc_line_1772912" BASELINE="1546 958 1596 951 2232 1001 2376 998 2451 1003" HPOS="1531.0" VPOS="845.0" WIDTH="927.0" HEIGHT="228.0">
            <Shape><Polygon POINTS="1531 852 1581 845 2240 895 2373 891 2458 897 2446 1073 2377 1068 2226 1071 1605 1021 1555 1028"/></Shape>
	    <String CONTENT=" צי רשעתה ופ " HPOS="1531.0" VPOS="845.0" WIDTH="927.0" HEIGHT="228.0"><Glyph ID="char_12" CONTENT=" " GC="1.0"><Shape><Polygon POINTS="2352 892 2356 1068 2410 1070 2422 894"/></Shape></Glyph><Glyph ID="char_13" CONTENT="צ" GC="1.0"><Shape><Polygon POINTS="2316 893 2320 1069 2356 1068 2352 892"/></Shape></Glyph><Glyph ID="char_14" CONTENT="י" GC="1.0"><Shape><Polygon POINTS="2257 894 2261 1070 2320 1069 2316 893"/></Shape></Glyph><Glyph ID="char_15" CONTENT=" " GC="1.0"><Shape><Polygon POINTS="2184 891 2170 1067 2261 1070 2257 894"/></Shape></Glyph><Glyph ID="char_16" CONTENT="ר" GC="1.0"><Shape><Polygon POINTS="2112 885 2098 1061 2170 1067 2184 891"/></Shape></Glyph><Glyph ID="char_17" CONTENT="ש" GC="1.0"><Shape><Polygon POINTS="2041 880 2028 1055 2098 1061 2112 885"/></Shape></Glyph><Glyph ID="char_18" CONTENT="ע" GC="1.0"><Shape><Polygon POINTS="1958 874 1944 1048 2028 1055 2041 880"/></Shape></Glyph><Glyph ID="char_19" CONTENT="ת" GC="1.0"><Shape><Polygon POINTS="1863 866 1849 1041 1944 1048 1958 874"/></Shape></Glyph><Glyph ID="char_20" CONTENT="ה" GC="1.0"><Shape><Polygon POINTS="1779 860 1766 1034 1849 1041 1863 866"/></Shape></Glyph><Glyph ID="char_21" CONTENT=" " GC="1.0"><Shape><Polygon POINTS="1719 855 1706 1029 1766 1034 1779 860"/></Shape></Glyph><Glyph ID="char_22" CONTENT="ו" GC="1.0"><Shape><Polygon POINTS="1661 851 1647 1024 1706 1029 1719 855"/></Shape></Glyph><Glyph ID="char_23" CONTENT="פ" GC="1.0"><Shape><Polygon POINTS="1613 847 1599 1022 1647 1024 1661 851"/></Shape></Glyph><Glyph ID="char_24" CONTENT=" " GC="1.0"><Shape><Polygon POINTS="1545 958 1604 951"/></Shape></Glyph></String>
          </TextLine>

          
          
          <TextLine ID="eSc_line_1772914" BASELINE="1422 1122 1492 1120 1781 1136 1937 1154 2106 1161 2155 1168 2264 1174 2466 1174" HPOS="1418.0" VPOS="1013.0" WIDTH="1048.0" HEIGHT="231.0">
            <Shape><Polygon POINTS="1418 1015 1488 1013 1786 1029 1949 1048 2110 1054 2170 1062 2269 1067 2466 1067 2466 1244 2260 1244 2144 1238 2103 1231 1928 1224 1777 1206 1494 1190 1424 1192"/></Shape>
	    <String CONTENT=" הגבורות וכחכום " HPOS="1418.0" VPOS="1013.0" WIDTH="1048.0" HEIGHT="231.0"><Glyph ID="char_25" CONTENT=" " GC="1.0"><Shape><Polygon POINTS="2347 1067 2347 1244 2430 1244 2430 1067"/></Shape></Glyph><Glyph ID="char_26" CONTENT="ה" GC="1.0"><Shape><Polygon POINTS="2276 1067 2276 1244 2347 1244 2347 1067"/></Shape></Glyph><Glyph ID="char_27" CONTENT="ג" GC="1.0"><Shape><Polygon POINTS="2210 1064 2200 1241 2276 1244 2276 1067"/></Shape></Glyph><Glyph ID="char_28" CONTENT="ב" GC="1.0"><Shape><Polygon POINTS="2148 1059 2123 1234 2200 1241 2210 1064"/></Shape></Glyph><Glyph ID="char_29" CONTENT="ו" GC="1.0"><Shape><Polygon POINTS="2066 1052 2058 1229 2123 1234 2148 1059"/></Shape></Glyph><Glyph ID="char_30" CONTENT="ר" GC="1.0"><Shape><Polygon POINTS="1995 1050 1988 1226 2058 1229 2066 1052"/></Shape></Glyph><Glyph ID="char_31" CONTENT="ו" GC="1.0"><Shape><Polygon POINTS="1944 1047 1923 1223 1988 1226 1995 1050"/></Shape></Glyph><Glyph ID="char_32" CONTENT="ת" GC="1.0"><Shape><Polygon POINTS="1884 1040 1864 1216 1923 1223 1944 1047"/></Shape></Glyph><Glyph ID="char_33" CONTENT=" " GC="1.0"><Shape><Polygon POINTS="1826 1034 1805 1209 1864 1216 1884 1040"/></Shape></Glyph><Glyph ID="char_34" CONTENT="ו" GC="1.0"><Shape><Polygon POINTS="1759 1028 1750 1204 1805 1209 1826 1034"/></Shape></Glyph><Glyph ID="char_35" CONTENT="כ" GC="1.0"><Shape><Polygon POINTS="1701 1024 1691 1201 1750 1204 1759 1028"/></Shape></Glyph><Glyph ID="char_36" CONTENT="ח" GC="1.0"><Shape><Polygon POINTS="1629 1021 1619 1197 1691 1201 1701 1024"/></Shape></Glyph><Glyph ID="char_37" CONTENT="כ" GC="1.0"><Shape><Polygon POINTS="1570 1017 1560 1194 1619 1197 1629 1021"/></Shape></Glyph><Glyph ID="char_38" CONTENT="ו" GC="1.0"><Shape><Polygon POINTS="1510 1014 1500 1190 1560 1194 1570 1017"/></Shape></Glyph><Glyph ID="char_39" CONTENT="ם" GC="1.0"><Shape><Polygon POINTS="1454 1014 1459 1191 1500 1190 1510 1014"/></Shape></Glyph><Glyph ID="char_40" CONTENT=" " GC="1.0"><Shape><Polygon POINTS="1421 1122 1456 1120"/></Shape></Glyph></String>
          </TextLine>

          
          
          <TextLine ID="eSc_line_1772915" BASELINE="1310 1305 1472 1296 1688 1303 1747 1307 1871 1332 2072 1343 2320 1359 2433 1353" HPOS="1304.0" VPOS="1189.0" WIDTH="1132.0" HEIGHT="240.0">
            <Shape><Polygon POINTS="1304 1198 1466 1189 1691 1196 1754 1201 1891 1227 2077 1236 2326 1253 2427 1246 2436 1423 2315 1429 2068 1413 1857 1401 1742 1377 1685 1373 1475 1366 1313 1375"/></Shape>
	    <String CONTENT=" ו ן ל ום " HPOS="1304.0" VPOS="1189.0" WIDTH="1132.0" HEIGHT="240.0"><Glyph ID="char_41" CONTENT=" " GC="1.0"><Shape><Polygon POINTS="2343 1252 2352 1427 2424 1424 2414 1247"/></Shape></Glyph><Glyph ID="char_42" CONTENT="ו" GC="1.0"><Shape><Polygon POINTS="2283 1250 2272 1426 2352 1427 2343 1252"/></Shape></Glyph><Glyph ID="char_43" CONTENT=" " GC="1.0"><Shape><Polygon POINTS="2175 1243 2164 1419 2272 1426 2283 1250"/></Shape></Glyph><Glyph ID="char_44" CONTENT="ן" GC="1.0"><Shape><Polygon POINTS="2080 1236 2068 1413 2164 1419 2175 1243"/></Shape></Glyph><Glyph ID="char_45" CONTENT=" " GC="1.0"><Shape><Polygon POINTS="1959 1230 1949 1406 2068 1413 2080 1236"/></Shape></Glyph><Glyph ID="char_46" CONTENT="ל" GC="1.0"><Shape><Polygon POINTS="1724 1199 1712 1375 1949 1406 1959 1230"/></Shape></Glyph><Glyph ID="char_47" CONTENT=" " GC="1.0"><Shape><Polygon POINTS="1492 1190 1486 1366 1712 1375 1724 1199"/></Shape></Glyph><Glyph ID="char_48" CONTENT="ו" GC="1.0"><Shape><Polygon POINTS="1339 1196 1349 1373 1486 1366 1492 1190"/></Shape></Glyph><Glyph ID="char_49" CONTENT="ם" GC="1.0"><Shape><Polygon POINTS="1309 1305 1344 1303"/></Shape></Glyph><Glyph ID="char_50" CONTENT=" " GC="1.0"><Shape><Polygon POINTS="1309 1305 1309 1305"/></Shape></Glyph></String>
          </TextLine>

          
          
          <TextLine ID="eSc_line_1772917" BASELINE="1337 1468 1540 1481 1679 1501 1903 1524 2236 1528" HPOS="1332.0" VPOS="1362.0" WIDTH="905.0" HEIGHT="236.0">
            <Shape><Polygon POINTS="1343 1362 1546 1375 1694 1395 1913 1418 2237 1421 2235 1598 1895 1594 1668 1571 1535 1551 1332 1538"/></Shape>
	    <String CONTENT=" מל נו ופחדו כול " HPOS="1332.0" VPOS="1362.0" WIDTH="905.0" HEIGHT="236.0"><Glyph ID="char_51" CONTENT=" " GC="1.0"><Shape><Polygon POINTS="2188 1421 2186 1597 2222 1598 2224 1421"/></Shape></Glyph><Glyph ID="char_52" CONTENT="מ" GC="1.0"><Shape><Polygon POINTS="2141 1420 2139 1597 2186 1597 2188 1421"/></Shape></Glyph><Glyph ID="char_53" CONTENT="ל" GC="1.0"><Shape><Polygon POINTS="2105 1420 2103 1596 2139 1597 2141 1420"/></Shape></Glyph><Glyph ID="char_54" CONTENT=" " GC="1.0"><Shape><Polygon POINTS="2058 1419 2056 1596 2103 1596 2105 1420"/></Shape></Glyph><Glyph ID="char_55" CONTENT="נ" GC="1.0"><Shape><Polygon POINTS="1987 1419 1985 1595 2056 1596 2058 1419"/></Shape></Glyph><Glyph ID="char_56" CONTENT="ו" GC="1.0"><Shape><Polygon POINTS="1939 1418 1937 1594 1985 1595 1987 1419"/></Shape></Glyph><Glyph ID="char_57" CONTENT=" " GC="1.0"><Shape><Polygon POINTS="1902 1417 1884 1593 1937 1594 1939 1418"/></Shape></Glyph><Glyph ID="char_58" CONTENT="ו" GC="1.0"><Shape><Polygon POINTS="1842 1411 1824 1587 1884 1593 1902 1417"/></Shape></Glyph><Glyph ID="char_59" CONTENT="פ" GC="1.0"><Shape><Polygon POINTS="1772 1403 1753 1580 1824 1587 1842 1411"/></Shape></Glyph><Glyph ID="char_60" CONTENT="ח" GC="1.0"><Shape><Polygon POINTS="1693 1395 1668 1571 1753 1580 1772 1403"/></Shape></Glyph><Glyph ID="char_61" CONTENT="ד" GC="1.0"><Shape><Polygon POINTS="1623 1385 1598 1560 1668 1571 1693 1395"/></Shape></Glyph><Glyph ID="char_62" CONTENT="ו" GC="1.0"><Shape><Polygon POINTS="1565 1378 1539 1552 1598 1560 1623 1385"/></Shape></Glyph><Glyph ID="char_63" CONTENT=" " GC="1.0"><Shape><Polygon POINTS="1497 1372 1485 1548 1539 1552 1565 1378"/></Shape></Glyph><Glyph ID="char_64" CONTENT="כ" GC="1.0"><Shape><Polygon POINTS="1450 1369 1438 1545 1485 1548 1497 1372"/></Shape></Glyph><Glyph ID="char_65" CONTENT="ו" GC="1.0"><Shape><Polygon POINTS="1402 1366 1390 1542 1438 1545 1450 1369"/></Shape></Glyph><Glyph ID="char_66" CONTENT="ל" GC="1.0"><Shape><Polygon POINTS="1367 1364 1355 1539 1390 1542 1402 1366"/></Shape></Glyph><Glyph ID="char_67" CONTENT=" " GC="1.0"><Shape><Polygon POINTS="1336 1467 1359 1468"/></Shape></Glyph></String>
          </TextLine>

          
          
          <TextLine ID="eSc_line_1772918" BASELINE="1337 1670 1729 1695 1916 1716 2110 1727 2108 1725 2218 1719" HPOS="1332.0" VPOS="1564.0" WIDTH="889.0" HEIGHT="236.0">
            <Shape><Polygon POINTS="1343 1564 1735 1589 1927 1610 2116 1620 2032 1800 2212 1612 2221 1789 2158 1674 2105 1797 1908 1786 1724 1765 1332 1740"/></Shape>
	    <String CONTENT=" ם וארץ ירועו " HPOS="1332.0" VPOS="1564.0" WIDTH="889.0" HEIGHT="236.0"><Glyph ID="char_68" CONTENT=" " GC="1.0"><Shape><Polygon POINTS="2169 1721 2204 1719"/></Shape></Glyph><Glyph ID="char_69" CONTENT="ם" GC="1.0"><Shape><Polygon POINTS="2121 1724 2169 1721"/></Shape></Glyph><Glyph ID="char_70" CONTENT=" " GC="1.0"><Shape><Polygon POINTS="2062 1617 2054 1753 2123 1754 2121 1707"/></Shape></Glyph><Glyph ID="char_71" CONTENT="ו" GC="1.0"><Shape><Polygon POINTS="1991 1613 1981 1790 2054 1753 2062 1617"/></Shape></Glyph><Glyph ID="char_72" CONTENT="א" GC="1.0"><Shape><Polygon POINTS="1914 1609 1894 1784 1981 1790 1991 1613"/></Shape></Glyph><Glyph ID="char_73" CONTENT="ר" GC="1.0"><Shape><Polygon POINTS="1831 1600 1812 1775 1894 1784 1914 1609"/></Shape></Glyph><Glyph ID="char_74" CONTENT="ץ" GC="1.0"><Shape><Polygon POINTS="1761 1592 1741 1767 1812 1775 1831 1600"/></Shape></Glyph><Glyph ID="char_75" CONTENT=" " GC="1.0"><Shape><Polygon POINTS="1685 1586 1674 1762 1741 1767 1761 1592"/></Shape></Glyph><Glyph ID="char_76" CONTENT="י" GC="1.0"><Shape><Polygon POINTS="1614 1581 1603 1757 1674 1762 1685 1586"/></Shape></Glyph><Glyph ID="char_77" CONTENT="ר" GC="1.0"><Shape><Polygon POINTS="1544 1577 1532 1753 1603 1757 1614 1581"/></Shape></Glyph><Glyph ID="char_78" CONTENT="ו" GC="1.0"><Shape><Polygon POINTS="1497 1574 1485 1750 1532 1753 1544 1577"/></Shape></Glyph><Glyph ID="char_79" CONTENT="ע" GC="1.0"><Shape><Polygon POINTS="1426 1569 1414 1745 1485 1750 1497 1574"/></Shape></Glyph><Glyph ID="char_80" CONTENT="ו" GC="1.0"><Shape><Polygon POINTS="1367 1566 1355 1741 1414 1745 1426 1569"/></Shape></Glyph><Glyph ID="char_81" CONTENT=" " GC="1.0"><Shape><Polygon POINTS="1336 1669 1359 1670"/></Shape></Glyph></String>
          </TextLine>

          
          
          <TextLine ID="eSc_line_1772919" BASELINE="1339 1846 1989 1898" HPOS="1333.0" VPOS="1740.0" WIDTH="664.0" HEIGHT="228.0">
            <Shape><Polygon POINTS="1347 1740 1997 1792 1983 1968 1333 1916"/></Shape>
	    <String CONTENT=" ל " HPOS="1333.0" VPOS="1740.0" WIDTH="664.0" HEIGHT="228.0"><Glyph ID="char_82" CONTENT=" " GC="1.0"><Shape><Polygon POINTS="1667 1766 1652 1942 1853 1958 1867 1782"/></Shape></Glyph><Glyph ID="char_83" CONTENT="ל" GC="1.0"><Shape><Polygon POINTS="1560 1757 1546 1933 1652 1942 1667 1766"/></Shape></Glyph><Glyph ID="char_84" CONTENT=" " GC="1.0"><Shape><Polygon POINTS="1429 1747 1415 1923 1546 1933 1560 1757"/></Shape></Glyph></String>
          </TextLine>

          
        </TextBlock>
        

        
      </PrintSpace>
    </Page>
  </Layout>
</alto>