<?xml version='1.0' encoding='UTF-8'?>
<alto xmlns:xsi="http://www.w3.org/2001/XMLSchema-instance" xmlns="http://www.loc.gov/standards/alto/ns-v4#" xsi:schemaLocation="http://www.loc.gov/standards/alto/ns-v4# http://www.loc.gov/standards/alto/v4/alto-4-2.xsd">
  <Description>
    <MeasurementUnit>pixel</MeasurementUnit>
    <sourceImageInformation>
      <fileName>P424-Fg009-R-C01-R01-D04092012-T113750-LR924_012_F.jpg</fileName>
      
    </sourceImageInformation>
  </Description>
  
  <Tags>
    <OtherTag ID="BT1443" LABEL="Parchment_or_papyrus" DESCRIPTION="block type Parchment_or_papyrus"/><OtherTag ID="BT2" LABEL="Main" DESCRIPTION="block type Main"/>
    
  </Tags>
  
  <Layout>
    <Page WIDTH="3608" HEIGHT="2706" PHYSICAL_IMG_NR="74" ID="eSc_dummypage_">
      <PrintSpace HPOS="0" VPOS="0" WIDTH="3608" HEIGHT="2706">
        
        <TextBlock HPOS="1326.0" VPOS="665.0" WIDTH="1102.0" HEIGHT="1113.0" ID="eSc_textblock_efeebfa5" TAGREFS="BT2">
          <Shape><Polygon POINTS="1326 665 1326 1778 2428 1778 2428 665"/></Shape>
          
          
          <TextLine ID="eSc_line_1789367" BASELINE="1779 744 2063 741 2173 750" HPOS="1777.0" VPOS="639.0" WIDTH="404.0" HEIGHT="178.0">
            <Shape><Polygon POINTS="1777 642 2061 639 2181 648 2167 817 2063 808 1779 811"/></Shape>
	    <String CONTENT=" מפ ה " HPOS="1777.0" VPOS="639.0" WIDTH="404.0" HEIGHT="178.0"><Glyph ID="char_0" CONTENT=" " GC="1.0"><Shape><Polygon POINTS="2110 643 2096 811 2142 815 2156 646"/></Shape></Glyph><Glyph ID="char_1" CONTENT="מ" GC="1.0"><Shape><Polygon POINTS="2043 639 2045 808 2096 811 2110 643"/></Shape></Glyph><Glyph ID="char_2" CONTENT="פ" GC="1.0"><Shape><Polygon POINTS="1974 640 1976 809 2045 808 2043 639"/></Shape></Glyph><Glyph ID="char_3" CONTENT=" " GC="1.0"><Shape><Polygon POINTS="1928 640 1930 809 1976 809 1974 640"/></Shape></Glyph><Glyph ID="char_4" CONTENT="ה" GC="1.0"><Shape><Polygon POINTS="1882 641 1884 810 1930 809 1928 640"/></Shape></Glyph><Glyph ID="char_5" CONTENT=" " GC="1.0"><Shape><Polygon POINTS="1801 642 1803 811 1884 810 1882 641"/></Shape></Glyph></String>
          </TextLine>

          
          
          <TextLine ID="eSc_line_1789368" BASELINE="1436 892 1616 886 2302 886" HPOS="1432.0" VPOS="784.0" WIDTH="870.0" HEIGHT="175.0">
            <Shape><Polygon POINTS="1432 790 1612 784 2302 784 2302 953 1618 953 1438 959"/></Shape>
	    <String CONTENT=" ל ברעי עין תתן " HPOS="1432.0" VPOS="784.0" WIDTH="870.0" HEIGHT="175.0"><Glyph ID="char_6" CONTENT=" " GC="1.0"><Shape><Polygon POINTS="2222 784 2222 953 2279 953 2279 784"/></Shape></Glyph><Glyph ID="char_7" CONTENT="ל" GC="1.0"><Shape><Polygon POINTS="2176 784 2176 953 2222 953 2222 784"/></Shape></Glyph><Glyph ID="char_8" CONTENT=" " GC="1.0"><Shape><Polygon POINTS="2119 784 2119 953 2176 953 2176 784"/></Shape></Glyph><Glyph ID="char_9" CONTENT="ב" GC="1.0"><Shape><Polygon POINTS="2051 784 2051 953 2119 953 2119 784"/></Shape></Glyph><Glyph ID="char_10" CONTENT="ר" GC="1.0"><Shape><Polygon POINTS="1983 784 1983 953 2051 953 2051 784"/></Shape></Glyph><Glyph ID="char_11" CONTENT="ע" GC="1.0"><Shape><Polygon POINTS="1937 784 1937 953 1983 953 1983 784"/></Shape></Glyph><Glyph ID="char_12" CONTENT="י" GC="1.0"><Shape><Polygon POINTS="1903 784 1903 953 1937 953 1937 784"/></Shape></Glyph><Glyph ID="char_13" CONTENT=" " GC="1.0"><Shape><Polygon POINTS="1857 784 1857 953 1903 953 1903 784"/></Shape></Glyph><Glyph ID="char_14" CONTENT="ע" GC="1.0"><Shape><Polygon POINTS="1800 784 1800 953 1857 953 1857 784"/></Shape></Glyph><Glyph ID="char_15" CONTENT="י" GC="1.0"><Shape><Polygon POINTS="1754 784 1754 953 1800 953 1800 784"/></Shape></Glyph><Glyph ID="char_16" CONTENT="ן" GC="1.0"><Shape><Polygon POINTS="1732 784 1732 953 1754 953 1754 784"/></Shape></Glyph><Glyph ID="char_17" CONTENT=" " GC="1.0"><Shape><Polygon POINTS="1686 784 1686 953 1732 953 1732 784"/></Shape></Glyph><Glyph ID="char_18" CONTENT="ת" GC="1.0"><Shape><Polygon POINTS="1629 784 1629 953 1686 953 1686 784"/></Shape></Glyph><Glyph ID="char_19" CONTENT="ת" GC="1.0"><Shape><Polygon POINTS="1569 785 1574 954 1629 953 1629 784"/></Shape></Glyph><Glyph ID="char_20" CONTENT="ן" GC="1.0"><Shape><Polygon POINTS="1535 787 1540 956 1574 954 1569 785"/></Shape></Glyph><Glyph ID="char_21" CONTENT=" " GC="1.0"><Shape><Polygon POINTS="1466 789 1471 958 1540 956 1535 787"/></Shape></Glyph></String>
          </TextLine>

          
          
          <TextLine ID="eSc_line_1789369" BASELINE="1346 1046 1479 1057 1564 1059 1709 1059 1925 1068 2234 1066 2329 1073" HPOS="1340.0" VPOS="944.0" WIDTH="996.0" HEIGHT="196.0">
            <Shape><Polygon POINTS="1354 944 1487 955 1566 957 1709 957 1929 966 2233 964 2336 971 2324 1140 2234 1133 1922 1135 1709 1126 1562 1126 1473 1124 1340 1113"/></Shape>
	    <String CONTENT=" יטורו לשפוך דם ב " HPOS="1340.0" VPOS="944.0" WIDTH="996.0" HEIGHT="196.0"><Glyph ID="char_22" CONTENT=" " GC="1.0"><Shape><Polygon POINTS="2286 968 2273 1136 2308 1139 2321 970"/></Shape></Glyph><Glyph ID="char_23" CONTENT="י" GC="1.0"><Shape><Polygon POINTS="2252 965 2239 1133 2273 1136 2286 968"/></Shape></Glyph><Glyph ID="char_24" CONTENT="ט" GC="1.0"><Shape><Polygon POINTS="2176 964 2177 1133 2239 1133 2252 965"/></Shape></Glyph><Glyph ID="char_25" CONTENT="ו" GC="1.0"><Shape><Polygon POINTS="2107 965 2108 1134 2177 1133 2176 964"/></Shape></Glyph><Glyph ID="char_26" CONTENT="ר" GC="1.0"><Shape><Polygon POINTS="2062 965 2063 1134 2108 1134 2107 965"/></Shape></Glyph><Glyph ID="char_27" CONTENT="ו" GC="1.0"><Shape><Polygon POINTS="2028 965 2029 1134 2063 1134 2062 965"/></Shape></Glyph><Glyph ID="char_28" CONTENT=" " GC="1.0"><Shape><Polygon POINTS="1982 966 1983 1135 2029 1134 2028 965"/></Shape></Glyph><Glyph ID="char_29" CONTENT="ל" GC="1.0"><Shape><Polygon POINTS="1925 966 1926 1135 1983 1135 1982 966"/></Shape></Glyph><Glyph ID="char_30" CONTENT="ש" GC="1.0"><Shape><Polygon POINTS="1862 963 1855 1132 1926 1135 1925 966"/></Shape></Glyph><Glyph ID="char_31" CONTENT="פ" GC="1.0"><Shape><Polygon POINTS="1805 961 1798 1130 1855 1132 1862 963"/></Shape></Glyph><Glyph ID="char_32" CONTENT="ו" GC="1.0"><Shape><Polygon POINTS="1748 959 1741 1127 1798 1130 1805 961"/></Shape></Glyph><Glyph ID="char_33" CONTENT="ך" GC="1.0"><Shape><Polygon POINTS="1686 957 1686 1126 1741 1127 1748 959"/></Shape></Glyph><Glyph ID="char_34" CONTENT=" " GC="1.0"><Shape><Polygon POINTS="1640 957 1640 1126 1686 1126 1686 957"/></Shape></Glyph><Glyph ID="char_35" CONTENT="ד" GC="1.0"><Shape><Polygon POINTS="1564 957 1560 1126 1640 1126 1640 957"/></Shape></Glyph><Glyph ID="char_36" CONTENT="ם" GC="1.0"><Shape><Polygon POINTS="1495 955 1491 1124 1560 1126 1564 957"/></Shape></Glyph><Glyph ID="char_37" CONTENT=" " GC="1.0"><Shape><Polygon POINTS="1434 951 1419 1120 1491 1124 1495 955"/></Shape></Glyph><Glyph ID="char_38" CONTENT="ב" GC="1.0"><Shape><Polygon POINTS="1388 947 1373 1116 1419 1120 1434 951"/></Shape></Glyph><Glyph ID="char_39" CONTENT=" " GC="1.0"><Shape><Polygon POINTS="1345 1045 1378 1048"/></Shape></Glyph></String>
          </TextLine>

          
          
          <TextLine ID="eSc_line_1789370" BASELINE="1310 1224 1819 1244 2360 1251" HPOS="1307.0" VPOS="1122.0" WIDTH="1054.0" HEIGHT="196.0">
            <Shape><Polygon POINTS="1313 1122 1822 1142 2361 1149 2359 1318 1816 1311 1307 1291"/></Shape>
	    <String CONTENT=" גאוה תנחל ובתכמיה " HPOS="1307.0" VPOS="1122.0" WIDTH="1054.0" HEIGHT="196.0"><Glyph ID="char_40" CONTENT=" " GC="1.0"><Shape><Polygon POINTS="2281 1148 2279 1317 2336 1318 2338 1149"/></Shape></Glyph><Glyph ID="char_41" CONTENT="ג" GC="1.0"><Shape><Polygon POINTS="2247 1148 2245 1317 2279 1317 2281 1148"/></Shape></Glyph><Glyph ID="char_42" CONTENT="א" GC="1.0"><Shape><Polygon POINTS="2178 1147 2176 1316 2245 1317 2247 1148"/></Shape></Glyph><Glyph ID="char_43" CONTENT="ו" GC="1.0"><Shape><Polygon POINTS="2110 1146 2108 1315 2176 1316 2178 1147"/></Shape></Glyph><Glyph ID="char_44" CONTENT="ה" GC="1.0"><Shape><Polygon POINTS="2052 1145 2050 1314 2108 1315 2110 1146"/></Shape></Glyph><Glyph ID="char_45" CONTENT=" " GC="1.0"><Shape><Polygon POINTS="2007 1144 2005 1313 2050 1314 2052 1145"/></Shape></Glyph><Glyph ID="char_46" CONTENT="ת" GC="1.0"><Shape><Polygon POINTS="1961 1144 1959 1313 2005 1313 2007 1144"/></Shape></Glyph><Glyph ID="char_47" CONTENT="נ" GC="1.0"><Shape><Polygon POINTS="1904 1143 1902 1312 1959 1313 1961 1144"/></Shape></Glyph><Glyph ID="char_48" CONTENT="ח" GC="1.0"><Shape><Polygon POINTS="1836 1142 1834 1311 1902 1312 1904 1143"/></Shape></Glyph><Glyph ID="char_49" CONTENT="ל" GC="1.0"><Shape><Polygon POINTS="1781 1140 1774 1309 1834 1311 1836 1142"/></Shape></Glyph><Glyph ID="char_50" CONTENT=" " GC="1.0"><Shape><Polygon POINTS="1724 1138 1717 1307 1774 1309 1781 1140"/></Shape></Glyph><Glyph ID="char_51" CONTENT="ו" GC="1.0"><Shape><Polygon POINTS="1667 1136 1660 1305 1717 1307 1724 1138"/></Shape></Glyph><Glyph ID="char_52" CONTENT="ב" GC="1.0"><Shape><Polygon POINTS="1610 1134 1603 1303 1660 1305 1667 1136"/></Shape></Glyph><Glyph ID="char_53" CONTENT="ת" GC="1.0"><Shape><Polygon POINTS="1542 1131 1535 1300 1603 1303 1610 1134"/></Shape></Glyph><Glyph ID="char_54" CONTENT="כ" GC="1.0"><Shape><Polygon POINTS="1473 1128 1466 1297 1535 1300 1542 1131"/></Shape></Glyph><Glyph ID="char_55" CONTENT="מ" GC="1.0"><Shape><Polygon POINTS="1416 1126 1409 1295 1466 1297 1473 1128"/></Shape></Glyph><Glyph ID="char_56" CONTENT="י" GC="1.0"><Shape><Polygon POINTS="1359 1124 1352 1293 1409 1295 1416 1126"/></Shape></Glyph><Glyph ID="char_57" CONTENT="ה" GC="1.0"><Shape><Polygon POINTS="1325 1122 1318 1291 1352 1293 1359 1124"/></Shape></Glyph><Glyph ID="char_58" CONTENT=" " GC="1.0"><Shape><Polygon POINTS="1309 1223 1320 1223"/></Shape></Glyph></String>
          </TextLine>

          
          
          <TextLine ID="eSc_line_1789371" BASELINE="1641 1422 1851 1429 2065 1418 2351 1418" HPOS="1638.0" VPOS="1316.0" WIDTH="713.0" HEIGHT="180.0">
            <Shape><Polygon POINTS="1644 1320 1854 1327 2059 1316 2351 1316 2351 1485 2068 1485 1848 1496 1638 1489"/></Shape>
	    <String CONTENT=" כול נוחליה תא " HPOS="1638.0" VPOS="1316.0" WIDTH="713.0" HEIGHT="180.0"><Glyph ID="char_59" CONTENT=" " GC="1.0"><Shape><Polygon POINTS="2293 1316 2293 1485 2339 1485 2339 1316"/></Shape></Glyph><Glyph ID="char_60" CONTENT="כ" GC="1.0"><Shape><Polygon POINTS="2259 1316 2259 1485 2293 1485 2293 1316"/></Shape></Glyph><Glyph ID="char_61" CONTENT="ו" GC="1.0"><Shape><Polygon POINTS="2213 1316 2213 1485 2259 1485 2259 1316"/></Shape></Glyph><Glyph ID="char_62" CONTENT="ל" GC="1.0"><Shape><Polygon POINTS="2179 1316 2179 1485 2213 1485 2213 1316"/></Shape></Glyph><Glyph ID="char_63" CONTENT=" " GC="1.0"><Shape><Polygon POINTS="2144 1316 2144 1485 2179 1485 2179 1316"/></Shape></Glyph><Glyph ID="char_64" CONTENT="נ" GC="1.0"><Shape><Polygon POINTS="2099 1316 2099 1485 2144 1485 2144 1316"/></Shape></Glyph><Glyph ID="char_65" CONTENT="ו" GC="1.0"><Shape><Polygon POINTS="2035 1317 2044 1486 2099 1485 2099 1316"/></Shape></Glyph><Glyph ID="char_66" CONTENT="ח" GC="1.0"><Shape><Polygon POINTS="1978 1320 1987 1489 2044 1486 2035 1317"/></Shape></Glyph><Glyph ID="char_67" CONTENT="ל" GC="1.0"><Shape><Polygon POINTS="1922 1323 1930 1492 1987 1489 1978 1320"/></Shape></Glyph><Glyph ID="char_68" CONTENT="י" GC="1.0"><Shape><Polygon POINTS="1876 1326 1884 1494 1930 1492 1922 1323"/></Shape></Glyph><Glyph ID="char_69" CONTENT="ה" GC="1.0"><Shape><Polygon POINTS="1828 1326 1821 1495 1884 1494 1876 1326"/></Shape></Glyph><Glyph ID="char_70" CONTENT=" " GC="1.0"><Shape><Polygon POINTS="1770 1324 1763 1493 1821 1495 1828 1326"/></Shape></Glyph><Glyph ID="char_71" CONTENT="ת" GC="1.0"><Shape><Polygon POINTS="1736 1323 1729 1492 1763 1493 1770 1324"/></Shape></Glyph><Glyph ID="char_72" CONTENT="א" GC="1.0"><Shape><Polygon POINTS="1724 1323 1717 1492 1729 1492 1736 1323"/></Shape></Glyph><Glyph ID="char_73" CONTENT=" " GC="1.0"><Shape><Polygon POINTS="1667 1321 1660 1490 1717 1492 1724 1323"/></Shape></Glyph></String>
          </TextLine>

          
          
          <TextLine ID="eSc_line_1789372" BASELINE="1939 1621 2126 1607 2139 1614 2189 1621 2372 1628" HPOS="1931.0" VPOS="1505.0" WIDTH="444.0" HEIGHT="190.0">
            <Shape><Polygon POINTS="1931 1519 2118 1505 2187 1524 2203 1520 2375 1526 2369 1695 2179 1687 2116.77 1675.07 2131 1674 1944 1688"/></Shape>
	    <String CONTENT=" מעו לי " HPOS="1931.0" VPOS="1505.0" WIDTH="444.0" HEIGHT="190.0"><Glyph ID="char_74" CONTENT=" " GC="1.0"><Shape><Polygon POINTS="2317 1524 2311 1693 2356 1694 2362 1526"/></Shape></Glyph><Glyph ID="char_75" CONTENT="מ" GC="1.0"><Shape><Polygon POINTS="2282 1523 2276 1691 2311 1693 2317 1524"/></Shape></Glyph><Glyph ID="char_76" CONTENT="ע" GC="1.0"><Shape><Polygon POINTS="2225 1521 2219 1689 2276 1691 2282 1523"/></Shape></Glyph><Glyph ID="char_77" CONTENT="ו" GC="1.0"><Shape><Polygon POINTS="2189 1524 2166 1685 2219 1689 2225 1521"/></Shape></Glyph><Glyph ID="char_78" CONTENT=" " GC="1.0"><Shape><Polygon POINTS="2156 1515 2133 1678 2166 1685 2189 1524"/></Shape></Glyph><Glyph ID="char_79" CONTENT="ל" GC="1.0"><Shape><Polygon POINTS="2079 1508 2092 1677 2133 1678 2156 1515"/></Shape></Glyph><Glyph ID="char_80" CONTENT="י" GC="1.0"><Shape><Polygon POINTS="2022 1512 2035 1681 2092 1677 2079 1508"/></Shape></Glyph><Glyph ID="char_81" CONTENT=" " GC="1.0"><Shape><Polygon POINTS="1953 1517 1966 1686 2035 1681 2022 1512"/></Shape></Glyph></String>
          </TextLine>

          
        </TextBlock>
        

        
      </PrintSpace>
    </Page>
  </Layout>
</alto>