<?xml version='1.0' encoding='UTF-8'?>
<alto xmlns:xsi="http://www.w3.org/2001/XMLSchema-instance" xmlns="http://www.loc.gov/standards/alto/ns-v4#" xsi:schemaLocation="http://www.loc.gov/standards/alto/ns-v4# http://www.loc.gov/standards/alto/v4/alto-4-2.xsd">
  <Description>
    <MeasurementUnit>pixel</MeasurementUnit>
    <sourceImageInformation>
      <fileName>P432-Fg003-R-C01-R01-D12112013-T152246-LR924_012.jpg</fileName>
      
    </sourceImageInformation>
  </Description>
  
  <Tags>
    <OtherTag ID="BT1443" LABEL="Parchment_or_papyrus" DESCRIPTION="block type Parchment_or_papyrus"/><OtherTag ID="BT2" LABEL="Main" DESCRIPTION="block type Main"/>
    
  </Tags>
  
  <Layout>
    <Page WIDTH="3608" HEIGHT="2706" PHYSICAL_IMG_NR="283" ID="eSc_dummypage_">
      <PrintSpace HPOS="0" VPOS="0" WIDTH="3608" HEIGHT="2706">
        
        <TextBlock HPOS="1375.0" VPOS="687.0" WIDTH="1112.0" HEIGHT="1488.0" ID="eSc_textblock_1ca01f58" TAGREFS="BT2">
          <Shape><Polygon POINTS="1375 687 1375 2175 2487 2175 2487 687"/></Shape>
          
          
          <TextLine ID="eSc_line_1789420" BASELINE="1495 807 1463 802 2121 845 2090 845" HPOS="1448.0" VPOS="739.0" WIDTH="679.0" HEIGHT="200.0">
            <Shape><Polygon POINTS="1480 900 1448 895 2127 750 2090 939 2116 908 1472 739 1504 744"/></Shape>
	    <String CONTENT=" חשכים ואתרפ " HPOS="1448.0" VPOS="739.0" WIDTH="679.0" HEIGHT="200.0"><Glyph ID="char_0" CONTENT=" " GC="1.0"><Shape><Polygon POINTS="1710 801 1707 840 1830 833 1831 813"/></Shape></Glyph><Glyph ID="char_1" CONTENT="ח" GC="1.0"><Shape><Polygon POINTS="1681 794 1678 846 1707 840 1710 801"/></Shape></Glyph><Glyph ID="char_2" CONTENT="ש" GC="1.0"><Shape><Polygon POINTS="1645 784 1640 854 1678 846 1681 794"/></Shape></Glyph><Glyph ID="char_3" CONTENT="כ" GC="1.0"><Shape><Polygon POINTS="1579 767 1572 869 1640 854 1645 784"/></Shape></Glyph><Glyph ID="char_4" CONTENT="י" GC="1.0"><Shape><Polygon POINTS="1542 757 1534 877 1572 869 1579 767"/></Shape></Glyph><Glyph ID="char_5" CONTENT="ם" GC="1.0"><Shape><Polygon POINTS="1524 753 1515 881 1534 877 1542 757"/></Shape></Glyph><Glyph ID="char_6" CONTENT=" " GC="1.0"><Shape><Polygon POINTS="1496 745 1490 834 1515 881 1524 753"/></Shape></Glyph><Glyph ID="char_7" CONTENT="ו" GC="1.0"><Shape><Polygon POINTS="1467 898 1491 744 1490 834 1496 745"/></Shape></Glyph><Glyph ID="char_8" CONTENT="א" GC="1.0"><Shape><Polygon POINTS="1527 878 1545 758 1491 744 1467 898"/></Shape></Glyph><Glyph ID="char_9" CONTENT="ת" GC="1.0"><Shape><Polygon POINTS="1596 863 1610 775 1545 758 1527 878"/></Shape></Glyph><Glyph ID="char_10" CONTENT="ר" GC="1.0"><Shape><Polygon POINTS="1656 851 1665 790 1610 775 1596 863"/></Shape></Glyph><Glyph ID="char_11" CONTENT="פ" GC="1.0"><Shape><Polygon POINTS="1685 844 1692 797 1665 790 1656 851"/></Shape></Glyph><Glyph ID="char_12" CONTENT=" " GC="1.0"><Shape><Polygon POINTS="1705 840 1711 802 1692 797 1685 844"/></Shape></Glyph></String>
          </TextLine>

          
          
          <TextLine ID="eSc_line_1789421" BASELINE="1422 960 1540 971 1718 978 1900 992 2020 996 2153 1007" HPOS="1416.0" VPOS="865.0" WIDTH="744.0" HEIGHT="204.0">
            <Shape><Polygon POINTS="1430 865 1548 876 1721 883 1907 897 2023 901 2160 912 2147 1069 2017 1059 1895 1055 1715 1041 1534 1033 1416 1022"/></Shape>
	    <String CONTENT=" עומי אלוהים תמ " HPOS="1416.0" VPOS="865.0" WIDTH="744.0" HEIGHT="204.0"><Glyph ID="char_13" CONTENT=" " GC="1.0"><Shape><Polygon POINTS="2064 904 2051 1062 2114 1066 2127 909"/></Shape></Glyph><Glyph ID="char_14" CONTENT="ע" GC="1.0"><Shape><Polygon POINTS="2017 901 2012 1059 2051 1062 2064 904"/></Shape></Glyph><Glyph ID="char_15" CONTENT="ו" GC="1.0"><Shape><Polygon POINTS="1975 899 1970 1057 2012 1059 2017 901"/></Shape></Glyph><Glyph ID="char_16" CONTENT="מ" GC="1.0"><Shape><Polygon POINTS="1922 898 1917 1056 1970 1057 1975 899"/></Shape></Glyph><Glyph ID="char_17" CONTENT="י" GC="1.0"><Shape><Polygon POINTS="1883 895 1871 1053 1917 1056 1922 898"/></Shape></Glyph><Glyph ID="char_18" CONTENT=" " GC="1.0"><Shape><Polygon POINTS="1851 893 1839 1051 1871 1053 1883 895"/></Shape></Glyph><Glyph ID="char_19" CONTENT="א" GC="1.0"><Shape><Polygon POINTS="1798 889 1786 1047 1839 1051 1851 893"/></Shape></Glyph><Glyph ID="char_20" CONTENT="ל" GC="1.0"><Shape><Polygon POINTS="1756 886 1744 1043 1786 1047 1798 889"/></Shape></Glyph><Glyph ID="char_21" CONTENT="ו" GC="1.0"><Shape><Polygon POINTS="1710 883 1704 1041 1744 1043 1756 886"/></Shape></Glyph><Glyph ID="char_22" CONTENT="ה" GC="1.0"><Shape><Polygon POINTS="1657 880 1651 1038 1704 1041 1710 883"/></Shape></Glyph><Glyph ID="char_23" CONTENT="י" GC="1.0"><Shape><Polygon POINTS="1604 878 1598 1036 1651 1038 1657 880"/></Shape></Glyph><Glyph ID="char_24" CONTENT="ם" GC="1.0"><Shape><Polygon POINTS="1551 876 1545 1033 1598 1036 1604 878"/></Shape></Glyph><Glyph ID="char_25" CONTENT=" " GC="1.0"><Shape><Polygon POINTS="1525 874 1509 1031 1545 1033 1551 876"/></Shape></Glyph><Glyph ID="char_26" CONTENT="ת" GC="1.0"><Shape><Polygon POINTS="1483 870 1467 1027 1509 1031 1525 874"/></Shape></Glyph><Glyph ID="char_27" CONTENT="מ" GC="1.0"><Shape><Polygon POINTS="1451 867 1436 1024 1467 1027 1483 870"/></Shape></Glyph><Glyph ID="char_28" CONTENT=" " GC="1.0"><Shape><Polygon POINTS="1421 959 1441 961"/></Shape></Glyph></String>
          </TextLine>

          
          
          <TextLine ID="eSc_line_1789422" BASELINE="1652 1134 1722 1134 1882 1147 2133 1154" HPOS="1652.0" VPOS="1039.0" WIDTH="483.0" HEIGHT="178.0">
            <Shape><Polygon POINTS="1652 1039 1722 1039 1889 1052 2135 1059 2131 1217 1876 1209 1722 1197 1652 1197"/></Shape>
	    <String CONTENT=" שעים תש " HPOS="1652.0" VPOS="1039.0" WIDTH="483.0" HEIGHT="178.0"><Glyph ID="char_29" CONTENT=" " GC="1.0"><Shape><Polygon POINTS="2093 1058 2089 1216 2121 1217 2125 1059"/></Shape></Glyph><Glyph ID="char_30" CONTENT="ש" GC="1.0"><Shape><Polygon POINTS="2061 1057 2057 1215 2089 1216 2093 1058"/></Shape></Glyph><Glyph ID="char_31" CONTENT="ע" GC="1.0"><Shape><Polygon POINTS="2007 1055 2003 1213 2057 1215 2061 1057"/></Shape></Glyph><Glyph ID="char_32" CONTENT="י" GC="1.0"><Shape><Polygon POINTS="1965 1054 1961 1212 2003 1213 2007 1055"/></Shape></Glyph><Glyph ID="char_33" CONTENT="ם" GC="1.0"><Shape><Polygon POINTS="1922 1053 1918 1210 1961 1212 1965 1054"/></Shape></Glyph><Glyph ID="char_34" CONTENT=" " GC="1.0"><Shape><Polygon POINTS="1873 1051 1860 1208 1918 1210 1922 1053"/></Shape></Glyph><Glyph ID="char_35" CONTENT="ת" GC="1.0"><Shape><Polygon POINTS="1830 1047 1818 1204 1860 1208 1873 1051"/></Shape></Glyph><Glyph ID="char_36" CONTENT="ש" GC="1.0"><Shape><Polygon POINTS="1767 1042 1754 1199 1818 1204 1830 1047"/></Shape></Glyph><Glyph ID="char_37" CONTENT=" " GC="1.0"><Shape><Polygon POINTS="1674 1039 1674 1197 1754 1199 1767 1042"/></Shape></Glyph></String>
          </TextLine>

          
          
          <TextLine ID="eSc_line_1789423" BASELINE="1623 1314 1758 1312 1905 1319 2110 1319" HPOS="1621.0" VPOS="1217.0" WIDTH="489.0" HEIGHT="165.0">
            <Shape><Polygon POINTS="1621 1219 1756 1217 1909 1224 2110 1224 2110 1382 1901 1382 1758 1375 1623 1377"/></Shape>
	    <String CONTENT=" וזמה תבחר " HPOS="1621.0" VPOS="1217.0" WIDTH="489.0" HEIGHT="165.0"><Glyph ID="char_38" CONTENT=" " GC="1.0"><Shape><Polygon POINTS="2036 1224 2036 1382 2089 1382 2089 1224"/></Shape></Glyph><Glyph ID="char_39" CONTENT="ו" GC="1.0"><Shape><Polygon POINTS="2015 1224 2015 1382 2036 1382 2036 1224"/></Shape></Glyph><Glyph ID="char_40" CONTENT="ז" GC="1.0"><Shape><Polygon POINTS="1983 1224 1983 1382 2015 1382 2015 1224"/></Shape></Glyph><Glyph ID="char_41" CONTENT="מ" GC="1.0"><Shape><Polygon POINTS="1930 1224 1930 1382 1983 1382 1983 1224"/></Shape></Glyph><Glyph ID="char_42" CONTENT="ה" GC="1.0"><Shape><Polygon POINTS="1891 1223 1884 1381 1930 1382 1930 1224"/></Shape></Glyph><Glyph ID="char_43" CONTENT=" " GC="1.0"><Shape><Polygon POINTS="1849 1221 1842 1379 1884 1381 1891 1223"/></Shape></Glyph><Glyph ID="char_44" CONTENT="ת" GC="1.0"><Shape><Polygon POINTS="1806 1219 1799 1377 1842 1379 1849 1221"/></Shape></Glyph><Glyph ID="char_45" CONTENT="ב" GC="1.0"><Shape><Polygon POINTS="1748 1217 1750 1375 1799 1377 1806 1219"/></Shape></Glyph><Glyph ID="char_46" CONTENT="ח" GC="1.0"><Shape><Polygon POINTS="1695 1218 1697 1376 1750 1375 1748 1217"/></Shape></Glyph><Glyph ID="char_47" CONTENT="ר" GC="1.0"><Shape><Polygon POINTS="1663 1218 1665 1376 1697 1376 1695 1218"/></Shape></Glyph><Glyph ID="char_48" CONTENT=" " GC="1.0"><Shape><Polygon POINTS="1632 1219 1634 1377 1665 1376 1663 1218"/></Shape></Glyph></String>
          </TextLine>

          
          
          <TextLine ID="eSc_line_1789424" BASELINE="1447 1470 1776 1468 2043 1474 2234 1468 2435 1449" HPOS="1446.0" VPOS="1354.0" WIDTH="994.0" HEIGHT="183.0">
            <Shape><Polygon POINTS="1446 1375 1775 1373 2045 1379 2231 1373 2426 1354 2440 1511 2235 1531 2041 1537 1776 1531 1447 1533"/></Shape>
	    <String CONTENT=" ע ב יתרוממו ויתהלכו " HPOS="1446.0" VPOS="1354.0" WIDTH="994.0" HEIGHT="183.0"><Glyph ID="char_49" CONTENT=" " GC="1.0"><Shape><Polygon POINTS="2372 1359 2387 1516 2419 1513 2404 1356"/></Shape></Glyph><Glyph ID="char_50" CONTENT="ע" GC="1.0"><Shape><Polygon POINTS="2340 1362 2355 1519 2387 1516 2372 1359"/></Shape></Glyph><Glyph ID="char_51" CONTENT=" " GC="1.0"><Shape><Polygon POINTS="2298 1367 2312 1523 2355 1519 2340 1362"/></Shape></Glyph><Glyph ID="char_52" CONTENT="ב" GC="1.0"><Shape><Polygon POINTS="2245 1372 2260 1529 2312 1523 2298 1367"/></Shape></Glyph><Glyph ID="char_53" CONTENT=" " GC="1.0"><Shape><Polygon POINTS="2209 1374 2214 1532 2260 1529 2245 1372"/></Shape></Glyph><Glyph ID="char_54" CONTENT="י" GC="1.0"><Shape><Polygon POINTS="2166 1375 2171 1533 2214 1532 2209 1374"/></Shape></Glyph><Glyph ID="char_55" CONTENT="ת" GC="1.0"><Shape><Polygon POINTS="2113 1377 2118 1535 2171 1533 2166 1375"/></Shape></Glyph><Glyph ID="char_56" CONTENT="ר" GC="1.0"><Shape><Polygon POINTS="2060 1379 2065 1536 2118 1535 2113 1377"/></Shape></Glyph><Glyph ID="char_57" CONTENT="ו" GC="1.0"><Shape><Polygon POINTS="2033 1379 2030 1537 2065 1536 2060 1379"/></Shape></Glyph><Glyph ID="char_58" CONTENT="מ" GC="1.0"><Shape><Polygon POINTS="1980 1378 1977 1536 2030 1537 2033 1379"/></Shape></Glyph><Glyph ID="char_59" CONTENT="מ" GC="1.0"><Shape><Polygon POINTS="1916 1376 1913 1534 1977 1536 1980 1378"/></Shape></Glyph><Glyph ID="char_60" CONTENT="ו" GC="1.0"><Shape><Polygon POINTS="1873 1375 1870 1533 1913 1534 1916 1376"/></Shape></Glyph><Glyph ID="char_61" CONTENT=" " GC="1.0"><Shape><Polygon POINTS="1841 1374 1838 1532 1870 1533 1873 1375"/></Shape></Glyph><Glyph ID="char_62" CONTENT="ו" GC="1.0"><Shape><Polygon POINTS="1799 1374 1796 1531 1838 1532 1841 1374"/></Shape></Glyph><Glyph ID="char_63" CONTENT="י" GC="1.0"><Shape><Polygon POINTS="1753 1373 1754 1531 1796 1531 1799 1374"/></Shape></Glyph><Glyph ID="char_64" CONTENT="ת" GC="1.0"><Shape><Polygon POINTS="1690 1374 1691 1532 1754 1531 1753 1373"/></Shape></Glyph><Glyph ID="char_65" CONTENT="ה" GC="1.0"><Shape><Polygon POINTS="1636 1374 1637 1532 1691 1532 1690 1374"/></Shape></Glyph><Glyph ID="char_66" CONTENT="ל" GC="1.0"><Shape><Polygon POINTS="1583 1374 1584 1532 1637 1532 1636 1374"/></Shape></Glyph><Glyph ID="char_67" CONTENT="כ" GC="1.0"><Shape><Polygon POINTS="1551 1374 1552 1532 1584 1532 1583 1374"/></Shape></Glyph><Glyph ID="char_68" CONTENT="ו" GC="1.0"><Shape><Polygon POINTS="1509 1375 1510 1533 1552 1532 1551 1374"/></Shape></Glyph><Glyph ID="char_69" CONTENT=" " GC="1.0"><Shape><Polygon POINTS="1456 1375 1457 1533 1510 1533 1509 1375"/></Shape></Glyph></String>
          </TextLine>

          
          
          <TextLine ID="eSc_line_1789425" BASELINE="1436 1623 1526 1621 1785 1634 2054 1637 2164 1632 2329 1619 2403 1603" HPOS="1433.0" VPOS="1510.0" WIDTH="983.0" HEIGHT="190.0">
            <Shape><Polygon POINTS="1433 1528 1523 1526 1789 1539 2055 1542 2159 1537 2321 1524 2382 1510 2416 1664 2333 1682 2166 1695 2053 1700 1781 1697 1527 1684 1437 1686"/></Shape>
	    <String CONTENT=" דים המגוללים בסאו " HPOS="1433.0" VPOS="1510.0" WIDTH="983.0" HEIGHT="190.0"><Glyph ID="char_70" CONTENT=" " GC="1.0"><Shape><Polygon POINTS="2340 1520 2373 1673 2415 1664 2381 1510"/></Shape></Glyph><Glyph ID="char_71" CONTENT="ד" GC="1.0"><Shape><Polygon POINTS="2312 1525 2324 1683 2373 1673 2340 1520"/></Shape></Glyph><Glyph ID="char_72" CONTENT="י" GC="1.0"><Shape><Polygon POINTS="2269 1528 2281 1686 2324 1683 2312 1525"/></Shape></Glyph><Glyph ID="char_73" CONTENT="ם" GC="1.0"><Shape><Polygon POINTS="2226 1532 2238 1689 2281 1686 2269 1528"/></Shape></Glyph><Glyph ID="char_74" CONTENT=" " GC="1.0"><Shape><Polygon POINTS="2162 1537 2174 1694 2238 1689 2226 1532"/></Shape></Glyph><Glyph ID="char_75" CONTENT="ה" GC="1.0"><Shape><Polygon POINTS="2112 1539 2119 1697 2174 1694 2162 1537"/></Shape></Glyph><Glyph ID="char_76" CONTENT="מ" GC="1.0"><Shape><Polygon POINTS="2070 1541 2077 1699 2119 1697 2112 1539"/></Shape></Glyph><Glyph ID="char_77" CONTENT="ג" GC="1.0"><Shape><Polygon POINTS="2033 1542 2031 1700 2077 1699 2070 1541"/></Shape></Glyph><Glyph ID="char_78" CONTENT="ו" GC="1.0"><Shape><Polygon POINTS="1980 1541 1978 1699 2031 1700 2033 1542"/></Shape></Glyph><Glyph ID="char_79" CONTENT="ל" GC="1.0"><Shape><Polygon POINTS="1916 1540 1914 1698 1978 1699 1980 1541"/></Shape></Glyph><Glyph ID="char_80" CONTENT="ל" GC="1.0"><Shape><Polygon POINTS="1873 1540 1871 1698 1914 1698 1916 1540"/></Shape></Glyph><Glyph ID="char_81" CONTENT="י" GC="1.0"><Shape><Polygon POINTS="1820 1539 1818 1697 1871 1698 1873 1540"/></Shape></Glyph><Glyph ID="char_82" CONTENT="ם" GC="1.0"><Shape><Polygon POINTS="1769 1538 1762 1696 1818 1697 1820 1539"/></Shape></Glyph><Glyph ID="char_83" CONTENT=" " GC="1.0"><Shape><Polygon POINTS="1717 1535 1709 1693 1762 1696 1769 1538"/></Shape></Glyph><Glyph ID="char_84" CONTENT="ב" GC="1.0"><Shape><Polygon POINTS="1664 1533 1656 1691 1709 1693 1717 1535"/></Shape></Glyph><Glyph ID="char_85" CONTENT="ס" GC="1.0"><Shape><Polygon POINTS="1611 1530 1603 1688 1656 1691 1664 1533"/></Shape></Glyph><Glyph ID="char_86" CONTENT="א" GC="1.0"><Shape><Polygon POINTS="1547 1527 1539 1685 1603 1688 1611 1530"/></Shape></Glyph><Glyph ID="char_87" CONTENT="ו" GC="1.0"><Shape><Polygon POINTS="1497 1527 1500 1685 1539 1685 1547 1527"/></Shape></Glyph><Glyph ID="char_88" CONTENT=" " GC="1.0"><Shape><Polygon POINTS="1444 1528 1447 1686 1500 1685 1497 1527"/></Shape></Glyph></String>
          </TextLine>

          
          
          <TextLine ID="eSc_line_1789426" BASELINE="1679 1792 1794 1799 2047 1799 2236 1785 2439 1776" HPOS="1675.0" VPOS="1681.0" WIDTH="766.0" HEIGHT="181.0">
            <Shape><Polygon POINTS="1684 1697 1799 1704 2047 1704 2228 1690 2434 1681 2441 1839 2240 1848 2047 1862 1790 1862 1675 1855"/></Shape>
	    <String CONTENT=" רבו מקורה מקור " HPOS="1675.0" VPOS="1681.0" WIDTH="766.0" HEIGHT="181.0"><Glyph ID="char_89" CONTENT=" " GC="1.0"><Shape><Polygon POINTS="2391 1683 2398 1841 2430 1840 2423 1681"/></Shape></Glyph><Glyph ID="char_90" CONTENT="ר" GC="1.0"><Shape><Polygon POINTS="2337 1685 2344 1843 2398 1841 2391 1683"/></Shape></Glyph><Glyph ID="char_91" CONTENT="ב" GC="1.0"><Shape><Polygon POINTS="2284 1688 2291 1846 2344 1843 2337 1685"/></Shape></Glyph><Glyph ID="char_92" CONTENT="ו" GC="1.0"><Shape><Polygon POINTS="2241 1689 2248 1848 2291 1846 2284 1688"/></Shape></Glyph><Glyph ID="char_93" CONTENT=" " GC="1.0"><Shape><Polygon POINTS="2206 1692 2218 1850 2248 1848 2241 1689"/></Shape></Glyph><Glyph ID="char_94" CONTENT="מ" GC="1.0"><Shape><Polygon POINTS="2163 1695 2175 1853 2218 1850 2206 1692"/></Shape></Glyph><Glyph ID="char_95" CONTENT="ק" GC="1.0"><Shape><Polygon POINTS="2110 1699 2121 1857 2175 1853 2163 1695"/></Shape></Glyph><Glyph ID="char_96" CONTENT="ו" GC="1.0"><Shape><Polygon POINTS="2068 1702 2079 1860 2121 1857 2110 1699"/></Shape></Glyph><Glyph ID="char_97" CONTENT="ר" GC="1.0"><Shape><Polygon POINTS="2010 1704 2010 1862 2079 1860 2068 1702"/></Shape></Glyph><Glyph ID="char_98" CONTENT="ה" GC="1.0"><Shape><Polygon POINTS="1957 1704 1957 1862 2010 1862 2010 1704"/></Shape></Glyph><Glyph ID="char_99" CONTENT=" " GC="1.0"><Shape><Polygon POINTS="1925 1704 1925 1862 1957 1862 1957 1704"/></Shape></Glyph><Glyph ID="char_100" CONTENT="מ" GC="1.0"><Shape><Polygon POINTS="1871 1704 1871 1862 1925 1862 1925 1704"/></Shape></Glyph><Glyph ID="char_101" CONTENT="ק" GC="1.0"><Shape><Polygon POINTS="1817 1704 1817 1862 1871 1862 1871 1704"/></Shape></Glyph><Glyph ID="char_102" CONTENT="ו" GC="1.0"><Shape><Polygon POINTS="1770 1702 1759 1860 1817 1862 1817 1704"/></Shape></Glyph><Glyph ID="char_103" CONTENT="ר" GC="1.0"><Shape><Polygon POINTS="1727 1700 1717 1858 1759 1860 1770 1702"/></Shape></Glyph><Glyph ID="char_104" CONTENT=" " GC="1.0"><Shape><Polygon POINTS="1678 1791 1720 1793"/></Shape></Glyph></String>
          </TextLine>

          
          
          <TextLine ID="eSc_line_1789427" BASELINE="1722 1925 1797 1939 1896 1946 2142 1943 2408 1928" HPOS="1710.0" VPOS="1831.0" WIDTH="701.0" HEIGHT="178.0">
            <Shape><Polygon POINTS="1739 1831 1814 1845 1902 1851 2140 1848 2402 1833 2411 1991 2142 2006 1891 2009 1785 2001 1710 1987"/></Shape>
	    <String CONTENT=" בוץ חרון ובאר " HPOS="1710.0" VPOS="1831.0" WIDTH="701.0" HEIGHT="178.0"><Glyph ID="char_105" CONTENT=" " GC="1.0"><Shape><Polygon POINTS="2337 1837 2345 1995 2399 1992 2391 1834"/></Shape></Glyph><Glyph ID="char_106" CONTENT="ב" GC="1.0"><Shape><Polygon POINTS="2294 1839 2303 1997 2345 1995 2337 1837"/></Shape></Glyph><Glyph ID="char_107" CONTENT="ו" GC="1.0"><Shape><Polygon POINTS="2251 1842 2260 1999 2303 1997 2294 1839"/></Shape></Glyph><Glyph ID="char_108" CONTENT="ץ" GC="1.0"><Shape><Polygon POINTS="2208 1844 2217 2002 2260 1999 2251 1842"/></Shape></Glyph><Glyph ID="char_109" CONTENT=" " GC="1.0"><Shape><Polygon POINTS="2176 1846 2185 2004 2217 2002 2208 1844"/></Shape></Glyph><Glyph ID="char_110" CONTENT="ח" GC="1.0"><Shape><Polygon POINTS="2126 1848 2128 2006 2185 2004 2176 1846"/></Shape></Glyph><Glyph ID="char_111" CONTENT="ר" GC="1.0"><Shape><Polygon POINTS="2083 1849 2085 2007 2128 2006 2126 1848"/></Shape></Glyph><Glyph ID="char_112" CONTENT="ו" GC="1.0"><Shape><Polygon POINTS="2041 1849 2043 2007 2085 2007 2083 1849"/></Shape></Glyph><Glyph ID="char_113" CONTENT="ן" GC="1.0"><Shape><Polygon POINTS="2008 1850 2010 2008 2043 2007 2041 1849"/></Shape></Glyph><Glyph ID="char_114" CONTENT=" " GC="1.0"><Shape><Polygon POINTS="1976 1850 1978 2008 2010 2008 2008 1850"/></Shape></Glyph><Glyph ID="char_115" CONTENT="ו" GC="1.0"><Shape><Polygon POINTS="1922 1851 1924 2009 1978 2008 1976 1850"/></Shape></Glyph><Glyph ID="char_116" CONTENT="ב" GC="1.0"><Shape><Polygon POINTS="1887 1850 1876 2008 1924 2009 1922 1851"/></Shape></Glyph><Glyph ID="char_117" CONTENT="א" GC="1.0"><Shape><Polygon POINTS="1866 1849 1855 2006 1876 2008 1887 1850"/></Shape></Glyph><Glyph ID="char_118" CONTENT="ר" GC="1.0"><Shape><Polygon POINTS="1834 1846 1823 2004 1855 2006 1866 1849"/></Shape></Glyph><Glyph ID="char_119" CONTENT=" " GC="1.0"><Shape><Polygon POINTS="1771 1837 1740 1993 1823 2004 1834 1846"/></Shape></Glyph></String>
          </TextLine>

          
          
          <TextLine ID="eSc_line_1789428" BASELINE="1964 2106 2135 2106 2367 2090" HPOS="1964.0" VPOS="1995.0" WIDTH="407.0" HEIGHT="174.0">
            <Shape><Polygon POINTS="1964 2011 2135 2011 2360 1995 2371 2153 2135 2169 1964 2169"/></Shape>
	    <String CONTENT=" כון וזעמ " HPOS="1964.0" VPOS="1995.0" WIDTH="407.0" HEIGHT="174.0"><Glyph ID="char_120" CONTENT=" " GC="1.0"><Shape><Polygon POINTS="2297 1999 2308 2157 2361 2154 2350 1996"/></Shape></Glyph><Glyph ID="char_121" CONTENT="כ" GC="1.0"><Shape><Polygon POINTS="2255 2002 2266 2160 2308 2157 2297 1999"/></Shape></Glyph><Glyph ID="char_122" CONTENT="ו" GC="1.0"><Shape><Polygon POINTS="2223 2005 2234 2162 2266 2160 2255 2002"/></Shape></Glyph><Glyph ID="char_123" CONTENT="ן" GC="1.0"><Shape><Polygon POINTS="2191 2007 2202 2164 2234 2162 2223 2005"/></Shape></Glyph><Glyph ID="char_124" CONTENT=" " GC="1.0"><Shape><Polygon POINTS="2159 2009 2170 2167 2202 2164 2191 2007"/></Shape></Glyph><Glyph ID="char_125" CONTENT="ו" GC="1.0"><Shape><Polygon POINTS="2123 2011 2123 2169 2170 2167 2159 2009"/></Shape></Glyph><Glyph ID="char_126" CONTENT="ז" GC="1.0"><Shape><Polygon POINTS="2092 2011 2092 2169 2123 2169 2123 2011"/></Shape></Glyph><Glyph ID="char_127" CONTENT="ע" GC="1.0"><Shape><Polygon POINTS="2038 2011 2038 2169 2092 2169 2092 2011"/></Shape></Glyph><Glyph ID="char_128" CONTENT="מ" GC="1.0"><Shape><Polygon POINTS="1985 2011 1985 2169 2038 2169 2038 2011"/></Shape></Glyph><Glyph ID="char_129" CONTENT=" " GC="1.0"><Shape><Polygon POINTS="1964 2011 1964 2169 1985 2169 1985 2011"/></Shape></Glyph></String>
          </TextLine>

          
        </TextBlock>
        

        
      </PrintSpace>
    </Page>
  </Layout>
</alto>