<?xml version='1.0' encoding='UTF-8'?>
<alto xmlns:xsi="http://www.w3.org/2001/XMLSchema-instance" xmlns="http://www.loc.gov/standards/alto/ns-v4#" xsi:schemaLocation="http://www.loc.gov/standards/alto/ns-v4# http://www.loc.gov/standards/alto/v4/alto-4-2.xsd">
  <Description>
    <MeasurementUnit>pixel</MeasurementUnit>
    <sourceImageInformation>
      <fileName>P432-Fg032-R-C01-R01-D13112013-T132507-LR924_012.jpg</fileName>
      
    </sourceImageInformation>
  </Description>
  
  <Tags>
    <OtherTag ID="BT1443" LABEL="Parchment_or_papyrus" DESCRIPTION="block type Parchment_or_papyrus"/><OtherTag ID="BT2" LABEL="Main" DESCRIPTION="block type Main"/>
    
  </Tags>
  
  <Layout>
    <Page WIDTH="3608" HEIGHT="2706" PHYSICAL_IMG_NR="145" ID="eSc_dummypage_">
      <PrintSpace HPOS="0" VPOS="0" WIDTH="3608" HEIGHT="2706">
        
        <TextBlock HPOS="1633.0" VPOS="714.0" WIDTH="666.0" HEIGHT="1085.0" ID="eSc_textblock_90e6ef06" TAGREFS="BT2">
          <Shape><Polygon POINTS="1633 714 1633 1799 2299 1799 2299 714"/></Shape>
          
          
          <TextLine ID="eSc_line_1789451" BASELINE="2040 809 2135 814 2259 805" HPOS="2036.0" VPOS="697.0" WIDTH="228.0" HEIGHT="188.0">
            <Shape><Polygon POINTS="2045 701 2140 706 2251 697 2264 876 2131 885 2036 880"/></Shape>
	    <String CONTENT=" " HPOS="2036.0" VPOS="697.0" WIDTH="228.0" HEIGHT="188.0"><Glyph ID="char_0" CONTENT=" " GC="1.0"><Shape><Polygon POINTS="2119 705 2107 884 2239 878 2226 699"/></Shape></Glyph></String>
          </TextLine>

          
          
          <TextLine ID="eSc_line_1789452" BASELINE="1749 1007 1923 1005 2160 1012 2261 1001" HPOS="1747.0" VPOS="894.0" WIDTH="521.0" HEIGHT="189.0">
            <Shape><Polygon POINTS="1747 899 1921 897 2163 904 2249 894 2268 1072 2157 1083 1923 1076 1749 1078"/></Shape>
	    <String CONTENT=" פתאום ב " HPOS="1747.0" VPOS="894.0" WIDTH="521.0" HEIGHT="189.0"><Glyph ID="char_1" CONTENT=" " GC="1.0"><Shape><Polygon POINTS="2200 900 2219 1077 2255 1073 2236 896"/></Shape></Glyph><Glyph ID="char_2" CONTENT="פ" GC="1.0"><Shape><Polygon POINTS="2151 904 2170 1082 2219 1077 2200 900"/></Shape></Glyph><Glyph ID="char_3" CONTENT="ת" GC="1.0"><Shape><Polygon POINTS="2105 902 2100 1081 2170 1082 2151 904"/></Shape></Glyph><Glyph ID="char_4" CONTENT="א" GC="1.0"><Shape><Polygon POINTS="2056 901 2051 1080 2100 1081 2105 902"/></Shape></Glyph><Glyph ID="char_5" CONTENT="ו" GC="1.0"><Shape><Polygon POINTS="2007 899 2002 1078 2051 1080 2056 901"/></Shape></Glyph><Glyph ID="char_6" CONTENT="ם" GC="1.0"><Shape><Polygon POINTS="1918 897 1920 1076 2002 1078 2007 899"/></Shape></Glyph><Glyph ID="char_7" CONTENT=" " GC="1.0"><Shape><Polygon POINTS="1821 898 1823 1077 1920 1076 1918 897"/></Shape></Glyph><Glyph ID="char_8" CONTENT="ב" GC="1.0"><Shape><Polygon POINTS="1772 899 1774 1078 1823 1077 1821 898"/></Shape></Glyph><Glyph ID="char_9" CONTENT=" " GC="1.0"><Shape><Polygon POINTS="1748 1007 1772 1006"/></Shape></Glyph></String>
          </TextLine>

          
          
          <TextLine ID="eSc_line_1789453" BASELINE="1641 1179 1745 1186 2133 1186 2227 1179" HPOS="1636.0" VPOS="1071.0" WIDTH="596.0" HEIGHT="186.0">
            <Shape><Polygon POINTS="1648 1071 1752 1078 2133 1078 2219 1071 2232 1250 2133 1257 1740 1257 1636 1250"/></Shape>
	    <String CONTENT=" משחית כחומ " HPOS="1636.0" VPOS="1071.0" WIDTH="596.0" HEIGHT="186.0"><Glyph ID="char_10" CONTENT=" " GC="1.0"><Shape><Polygon POINTS="2158 1076 2171 1254 2219 1251 2205 1072"/></Shape></Glyph><Glyph ID="char_11" CONTENT="מ" GC="1.0"><Shape><Polygon POINTS="2117 1078 2117 1257 2171 1254 2158 1076"/></Shape></Glyph><Glyph ID="char_12" CONTENT="ש" GC="1.0"><Shape><Polygon POINTS="2056 1078 2056 1257 2117 1257 2117 1078"/></Shape></Glyph><Glyph ID="char_13" CONTENT="ח" GC="1.0"><Shape><Polygon POINTS="1995 1078 1995 1257 2056 1257 2056 1078"/></Shape></Glyph><Glyph ID="char_14" CONTENT="י" GC="1.0"><Shape><Polygon POINTS="1946 1078 1946 1257 1995 1257 1995 1078"/></Shape></Glyph><Glyph ID="char_15" CONTENT="ת" GC="1.0"><Shape><Polygon POINTS="1897 1078 1897 1257 1946 1257 1946 1078"/></Shape></Glyph><Glyph ID="char_16" CONTENT=" " GC="1.0"><Shape><Polygon POINTS="1836 1078 1836 1257 1897 1257 1897 1078"/></Shape></Glyph><Glyph ID="char_17" CONTENT="כ" GC="1.0"><Shape><Polygon POINTS="1787 1078 1787 1257 1836 1257 1836 1078"/></Shape></Glyph><Glyph ID="char_18" CONTENT="ח" GC="1.0"><Shape><Polygon POINTS="1746 1078 1732 1256 1787 1257 1787 1078"/></Shape></Glyph><Glyph ID="char_19" CONTENT="ו" GC="1.0"><Shape><Polygon POINTS="1709 1075 1695 1254 1732 1256 1746 1078"/></Shape></Glyph><Glyph ID="char_20" CONTENT="מ" GC="1.0"><Shape><Polygon POINTS="1661 1072 1647 1251 1695 1254 1709 1075"/></Shape></Glyph><Glyph ID="char_21" CONTENT=" " GC="1.0"><Shape><Polygon POINTS="1640 1178 1652 1178"/></Shape></Glyph></String>
          </TextLine>

          
          
          <TextLine ID="eSc_line_1789454" BASELINE="1740 1350 1813 1357 1921 1355 2000 1359 2223 1355" HPOS="1733.0" VPOS="1243.0" WIDTH="491.0" HEIGHT="187.0">
            <Shape><Polygon POINTS="1750 1243 1823 1250 1919 1247 2005 1251 2221 1247 2224 1426 1996 1430 1922 1426 1806 1428 1733 1421"/></Shape>
	    <String CONTENT=" נקי הדר " HPOS="1733.0" VPOS="1243.0" WIDTH="491.0" HEIGHT="187.0"><Glyph ID="char_22" CONTENT=" " GC="1.0"><Shape><Polygon POINTS="2196 1247 2200 1426 2223 1426 2219 1247"/></Shape></Glyph><Glyph ID="char_23" CONTENT="נ" GC="1.0"><Shape><Polygon POINTS="2159 1248 2163 1427 2200 1426 2196 1247"/></Shape></Glyph><Glyph ID="char_24" CONTENT="ק" GC="1.0"><Shape><Polygon POINTS="2111 1249 2115 1428 2163 1427 2159 1248"/></Shape></Glyph><Glyph ID="char_25" CONTENT="י" GC="1.0"><Shape><Polygon POINTS="2052 1250 2055 1429 2115 1428 2111 1249"/></Shape></Glyph><Glyph ID="char_26" CONTENT=" " GC="1.0"><Shape><Polygon POINTS="1986 1250 1977 1429 2055 1429 2052 1250"/></Shape></Glyph><Glyph ID="char_27" CONTENT="ה" GC="1.0"><Shape><Polygon POINTS="1906 1247 1909 1426 1977 1429 1986 1250"/></Shape></Glyph><Glyph ID="char_28" CONTENT="ד" GC="1.0"><Shape><Polygon POINTS="1834 1250 1837 1427 1909 1426 1906 1247"/></Shape></Glyph><Glyph ID="char_29" CONTENT="ר" GC="1.0"><Shape><Polygon POINTS="1786 1246 1767 1424 1837 1427 1834 1250"/></Shape></Glyph><Glyph ID="char_30" CONTENT=" " GC="1.0"><Shape><Polygon POINTS="1739 1349 1774 1352"/></Shape></Glyph></String>
          </TextLine>

          
          
          <TextLine ID="eSc_line_1789455" BASELINE="1758 1522 1871 1540 1919 1540 1948 1542 2216 1546" HPOS="1746.0" VPOS="1415.0" WIDTH="471.0" HEIGHT="202.0">
            <Shape><Polygon POINTS="1774 1415 1887 1433 1919 1432 1955 1434 2217 1438 2214 1617 1943 1613 1919 1611 1859 1610 1746 1592"/></Shape>
	    <String CONTENT=" אבנט ש " HPOS="1746.0" VPOS="1415.0" WIDTH="471.0" HEIGHT="202.0"><Glyph ID="char_31" CONTENT=" " GC="1.0"><Shape><Polygon POINTS="2155 1437 2152 1616 2189 1617 2192 1438"/></Shape></Glyph><Glyph ID="char_32" CONTENT="א" GC="1.0"><Shape><Polygon POINTS="2107 1436 2104 1615 2152 1616 2155 1437"/></Shape></Glyph><Glyph ID="char_33" CONTENT="ב" GC="1.0"><Shape><Polygon POINTS="2047 1435 2044 1614 2104 1615 2107 1436"/></Shape></Glyph><Glyph ID="char_34" CONTENT="נ" GC="1.0"><Shape><Polygon POINTS="1987 1434 1984 1614 2044 1614 2047 1435"/></Shape></Glyph><Glyph ID="char_35" CONTENT="ט" GC="1.0"><Shape><Polygon POINTS="1932 1433 1920 1611 1984 1614 1987 1434"/></Shape></Glyph><Glyph ID="char_36" CONTENT=" " GC="1.0"><Shape><Polygon POINTS="1882 1432 1853 1609 1920 1611 1932 1433"/></Shape></Glyph><Glyph ID="char_37" CONTENT="ש" GC="1.0"><Shape><Polygon POINTS="1822 1423 1793 1599 1853 1609 1882 1432"/></Shape></Glyph><Glyph ID="char_38" CONTENT=" " GC="1.0"><Shape><Polygon POINTS="1757 1521 1804 1528"/></Shape></Glyph></String>
          </TextLine>

          
          
          <TextLine ID="eSc_line_1789458" BASELINE="2022 1709 2058 1691 2090 1700 2194 1684" HPOS="1973.0" VPOS="1577.0" WIDTH="231.0" HEIGHT="196.0">
            <Shape><Polygon POINTS="1973 1612 2009 1594 2119 1596 2177 1577 2204 1754 2070 1768 2090 1755 2054 1773"/></Shape>
	    <String CONTENT=" ט " HPOS="1973.0" VPOS="1577.0" WIDTH="231.0" HEIGHT="196.0"><Glyph ID="char_39" CONTENT=" " GC="1.0"><Shape><Polygon POINTS="2102 1596 2127 1762 2178 1757 2152 1585"/></Shape></Glyph><Glyph ID="char_40" CONTENT="ט" GC="1.0"><Shape><Polygon POINTS="2096 1596 2049 1763 2127 1762 2102 1596"/></Shape></Glyph><Glyph ID="char_41" CONTENT=" " GC="1.0"><Shape><Polygon POINTS="2021 1709 2068 1693"/></Shape></Glyph></String>
          </TextLine>

          
        </TextBlock>
        

        
      </PrintSpace>
    </Page>
  </Layout>
</alto>