<?xml version='1.0' encoding='UTF-8'?>
<alto xmlns:xsi="http://www.w3.org/2001/XMLSchema-instance" xmlns="http://www.loc.gov/standards/alto/ns-v4#" xsi:schemaLocation="http://www.loc.gov/standards/alto/ns-v4# http://www.loc.gov/standards/alto/v4/alto-4-2.xsd">
  <Description>
    <MeasurementUnit>pixel</MeasurementUnit>
    <sourceImageInformation>
      <fileName>P432-Fg033-R-C01-R01-D13112013-T133256-LR924_012.jpg</fileName>
      
    </sourceImageInformation>
  </Description>
  
  <Tags>
    <OtherTag ID="BT1443" LABEL="Parchment_or_papyrus" DESCRIPTION="block type Parchment_or_papyrus"/><OtherTag ID="BT2" LABEL="Main" DESCRIPTION="block type Main"/>
    
  </Tags>
  
  <Layout>
    <Page WIDTH="3608" HEIGHT="2706" PHYSICAL_IMG_NR="42" ID="eSc_dummypage_">
      <PrintSpace HPOS="0" VPOS="0" WIDTH="3608" HEIGHT="2706">
        
        <TextBlock HPOS="1606.0" VPOS="934.0" WIDTH="688.0" HEIGHT="736.0" ID="eSc_textblock_2e96461f" TAGREFS="BT2">
          <Shape><Polygon POINTS="1606 934 1606 1670 2294 1670 2294 934"/></Shape>
          
          
          <TextLine ID="eSc_line_1789447" BASELINE="1695 1082 1900 1082" HPOS="1695.0" VPOS="987.0" WIDTH="205.0" HEIGHT="158.0">
            <Shape><Polygon POINTS="1695 987 1900 987 1900 1145 1695 1145"/></Shape>
	    <String CONTENT=" מ " HPOS="1695.0" VPOS="987.0" WIDTH="205.0" HEIGHT="158.0"><Glyph ID="char_0" CONTENT=" " GC="1.0"><Shape><Polygon POINTS="1814 987 1814 1145 1868 1145 1868 987"/></Shape></Glyph><Glyph ID="char_1" CONTENT="מ" GC="1.0"><Shape><Polygon POINTS="1760 987 1760 1145 1814 1145 1814 987"/></Shape></Glyph><Glyph ID="char_2" CONTENT=" " GC="1.0"><Shape><Polygon POINTS="1706 987 1706 1145 1760 1145 1760 987"/></Shape></Glyph></String>
          </TextLine>

          
          
          <TextLine ID="eSc_line_1789448" BASELINE="1637 1240 1923 1228 2029 1228 2106 1235 2291 1228" HPOS="1633.0" VPOS="1133.0" WIDTH="660.0" HEIGHT="170.0">
            <Shape><Polygon POINTS="1633 1145 1919 1133 2029 1133 2114 1140 2287 1133 2293 1291 2100 1297 2029 1291 1925 1291 1639 1303"/></Shape>
	    <String CONTENT="רגל והתחזקו " HPOS="1633.0" VPOS="1133.0" WIDTH="660.0" HEIGHT="170.0"><Glyph ID="char_3" CONTENT="ר" GC="1.0"><Shape><Polygon POINTS="2169 1138 2175 1295 2250 1292 2244 1135"/></Shape></Glyph><Glyph ID="char_4" CONTENT="ג" GC="1.0"><Shape><Polygon POINTS="2126 1140 2132 1296 2175 1295 2169 1138"/></Shape></Glyph><Glyph ID="char_5" CONTENT="ל" GC="1.0"><Shape><Polygon POINTS="2084 1138 2070 1294 2132 1296 2126 1140"/></Shape></Glyph><Glyph ID="char_6" CONTENT=" " GC="1.0"><Shape><Polygon POINTS="2041 1134 2027 1291 2070 1294 2084 1138"/></Shape></Glyph><Glyph ID="char_7" CONTENT="ו" GC="1.0"><Shape><Polygon POINTS="1990 1133 1990 1291 2027 1291 2041 1134"/></Shape></Glyph><Glyph ID="char_8" CONTENT="ה" GC="1.0"><Shape><Polygon POINTS="1926 1133 1926 1291 1990 1291 1990 1133"/></Shape></Glyph><Glyph ID="char_9" CONTENT="ת" GC="1.0"><Shape><Polygon POINTS="1847 1136 1853 1294 1926 1291 1926 1133"/></Shape></Glyph><Glyph ID="char_10" CONTENT="ח" GC="1.0"><Shape><Polygon POINTS="1793 1138 1799 1296 1853 1294 1847 1136"/></Shape></Glyph><Glyph ID="char_11" CONTENT="ז" GC="1.0"><Shape><Polygon POINTS="1750 1140 1757 1298 1799 1296 1793 1138"/></Shape></Glyph><Glyph ID="char_12" CONTENT="ק" GC="1.0"><Shape><Polygon POINTS="1697 1142 1704 1300 1757 1298 1750 1140"/></Shape></Glyph><Glyph ID="char_13" CONTENT="ו" GC="1.0"><Shape><Polygon POINTS="1664 1144 1671 1302 1704 1300 1697 1142"/></Shape></Glyph><Glyph ID="char_14" CONTENT=" " GC="1.0"><Shape><Polygon POINTS="1636 1240 1667 1238"/></Shape></Glyph></String>
          </TextLine>

          
          
          <TextLine ID="eSc_line_1789449" BASELINE="1623 1413 1880 1404 2092 1391 2259 1391" HPOS="1619.0" VPOS="1296.0" WIDTH="640.0" HEIGHT="180.0">
            <Shape><Polygon POINTS="1619 1318 1876 1309 2086 1296 2259 1296 2259 1454 2095 1454 1882 1467 1625 1476"/></Shape>
	    <String CONTENT="במשכנותי הא " HPOS="1619.0" VPOS="1296.0" WIDTH="640.0" HEIGHT="180.0"><Glyph ID="char_15" CONTENT="ב" GC="1.0"><Shape><Polygon POINTS="2162 1296 2162 1454 2226 1454 2226 1296"/></Shape></Glyph><Glyph ID="char_16" CONTENT="מ" GC="1.0"><Shape><Polygon POINTS="2099 1296 2099 1454 2162 1454 2162 1296"/></Shape></Glyph><Glyph ID="char_17" CONTENT="ש" GC="1.0"><Shape><Polygon POINTS="2030 1299 2039 1457 2099 1454 2099 1296"/></Shape></Glyph><Glyph ID="char_18" CONTENT="כ" GC="1.0"><Shape><Polygon POINTS="1977 1303 1987 1461 2039 1457 2030 1299"/></Shape></Glyph><Glyph ID="char_19" CONTENT="נ" GC="1.0"><Shape><Polygon POINTS="1945 1305 1955 1463 1987 1461 1977 1303"/></Shape></Glyph><Glyph ID="char_20" CONTENT="ו" GC="1.0"><Shape><Polygon POINTS="1892 1308 1902 1466 1955 1463 1945 1305"/></Shape></Glyph><Glyph ID="char_21" CONTENT="ת" GC="1.0"><Shape><Polygon POINTS="1853 1310 1858 1468 1902 1466 1892 1308"/></Shape></Glyph><Glyph ID="char_22" CONTENT="י" GC="1.0"><Shape><Polygon POINTS="1810 1311 1815 1469 1858 1468 1853 1310"/></Shape></Glyph><Glyph ID="char_23" CONTENT=" " GC="1.0"><Shape><Polygon POINTS="1768 1313 1773 1471 1815 1469 1810 1311"/></Shape></Glyph><Glyph ID="char_24" CONTENT="ה" GC="1.0"><Shape><Polygon POINTS="1715 1315 1720 1473 1773 1471 1768 1313"/></Shape></Glyph><Glyph ID="char_25" CONTENT="א" GC="1.0"><Shape><Polygon POINTS="1661 1317 1666 1475 1720 1473 1715 1315"/></Shape></Glyph><Glyph ID="char_26" CONTENT=" " GC="1.0"><Shape><Polygon POINTS="1622 1413 1663 1411"/></Shape></Glyph></String>
          </TextLine>

          
          
          <TextLine ID="eSc_line_1789450" BASELINE="2076 1535 2119 1551 2146 1555 2169 1553 2212 1567" HPOS="2053.0" VPOS="1446.0" WIDTH="188.0" HEIGHT="181.0">
            <Shape><Polygon POINTS="2109 1446 2152 1462 2159 1461 2160 1458 2241 1476 2192 1627 2174 1615 2136 1617 2096 1610 2053 1594"/></Shape>
	    <String CONTENT=" " HPOS="2053.0" VPOS="1446.0" WIDTH="188.0" HEIGHT="181.0"><Glyph ID="char_27" CONTENT=" " GC="1.0"><Shape><Polygon POINTS="2130 1454 2073 1601 2161 1616 2208 1469"/></Shape></Glyph></String>
          </TextLine>

          
        </TextBlock>
        

        
      </PrintSpace>
    </Page>
  </Layout>
</alto>