<?xml version='1.0' encoding='UTF-8'?>
<alto xmlns:xsi="http://www.w3.org/2001/XMLSchema-instance" xmlns="http://www.loc.gov/standards/alto/ns-v4#" xsi:schemaLocation="http://www.loc.gov/standards/alto/ns-v4# http://www.loc.gov/standards/alto/v4/alto-4-2.xsd">
  <Description>
    <MeasurementUnit>pixel</MeasurementUnit>
    <sourceImageInformation>
      <fileName>P433-Fg010-R-C01-R01-D07032013-T154939-LR924_012.jpg</fileName>
      
    </sourceImageInformation>
  </Description>
  
  <Tags>
    <OtherTag ID="BT1443" LABEL="Parchment_or_papyrus" DESCRIPTION="block type Parchment_or_papyrus"/><OtherTag ID="BT2" LABEL="Main" DESCRIPTION="block type Main"/>
    
  </Tags>
  
  <Layout>
    <Page WIDTH="3608" HEIGHT="2706" PHYSICAL_IMG_NR="331" ID="eSc_dummypage_">
      <PrintSpace HPOS="0" VPOS="0" WIDTH="3608" HEIGHT="2706">
        
        <TextBlock HPOS="1785.0" VPOS="703.0" WIDTH="774.0" HEIGHT="1171.0" ID="eSc_textblock_ccc1d2d6" TAGREFS="BT2">
          <Shape><Polygon POINTS="1785 703 1785 1874 2559 1874 2559 703"/></Shape>
          
          
          <TextLine ID="eSc_line_1804124" BASELINE="1936 787 2186 868" HPOS="1916.0" VPOS="696.0" WIDTH="299.0" HEIGHT="232.0">
            <Shape><Polygon POINTS="1965 696 2215 777 2166 928 1916 847"/></Shape>
	    <String CONTENT=" בד" HPOS="1916.0" VPOS="696.0" WIDTH="299.0" HEIGHT="232.0"><Glyph ID="char_0" CONTENT=" " GC="1.0"><Shape><Polygon POINTS="2090 737 2041 887 2135 918 2184 767"/></Shape></Glyph><Glyph ID="char_1" CONTENT="ב" GC="1.0"><Shape><Polygon POINTS="2027 716 1978 867 2041 887 2090 737"/></Shape></Glyph><Glyph ID="char_2" CONTENT="ד" GC="1.0"><Shape><Polygon POINTS="1976 700 1927 850 1978 867 2027 716"/></Shape></Glyph></String>
          </TextLine>

          
          
          <TextLine ID="eSc_line_1804125" BASELINE="1987 969 2249 1054" HPOS="1967.0" VPOS="878.0" WIDTH="311.0" HEIGHT="236.0">
            <Shape><Polygon POINTS="2016 878 2278 963 2229 1114 1967 1029"/></Shape>
	    <String CONTENT=" אתה" HPOS="1967.0" VPOS="878.0" WIDTH="311.0" HEIGHT="236.0"><Glyph ID="char_3" CONTENT=" " GC="1.0"><Shape><Polygon POINTS="2193 936 2144 1086 2196 1103 2246 953"/></Shape></Glyph><Glyph ID="char_4" CONTENT="א" GC="1.0"><Shape><Polygon POINTS="2142 919 2093 1070 2144 1086 2193 936"/></Shape></Glyph><Glyph ID="char_5" CONTENT="ת" GC="1.0"><Shape><Polygon POINTS="2090 902 2040 1053 2093 1070 2142 919"/></Shape></Glyph><Glyph ID="char_6" CONTENT="ה" GC="1.0"><Shape><Polygon POINTS="2027 882 1978 1032 2040 1053 2090 902"/></Shape></Glyph></String>
          </TextLine>

          
          
          <TextLine ID="eSc_line_1804126" BASELINE="2067 1138 2368 1253" HPOS="2044.0" VPOS="1048.0" WIDTH="358.0" HEIGHT="264.0">
            <Shape><Polygon POINTS="2101 1048 2402 1163 2345 1312 2044 1197"/></Shape>
	    <String CONTENT=" ותמ " HPOS="2044.0" VPOS="1048.0" WIDTH="358.0" HEIGHT="264.0"><Glyph ID="char_7" CONTENT=" " GC="1.0"><Shape><Polygon POINTS="2312 1129 2255 1278 2316 1301 2373 1152"/></Shape></Glyph><Glyph ID="char_8" CONTENT="ו" GC="1.0"><Shape><Polygon POINTS="2211 1090 2154 1239 2255 1278 2312 1129"/></Shape></Glyph><Glyph ID="char_9" CONTENT="ת" GC="1.0"><Shape><Polygon POINTS="2111 1052 2053 1201 2154 1239 2211 1090"/></Shape></Glyph><Glyph ID="char_10" CONTENT="מ" GC="1.0"><Shape><Polygon POINTS="2066 1137 2076 1140"/></Shape></Glyph><Glyph ID="char_11" CONTENT=" " GC="1.0"><Shape><Polygon POINTS="2066 1137 2066 1137"/></Shape></Glyph></String>
          </TextLine>

          
          
          <TextLine ID="eSc_line_1804127" BASELINE="1818 1261 2474 1422" HPOS="1802.0" VPOS="1168.0" WIDTH="694.0" HEIGHT="315.0">
            <Shape><Polygon POINTS="1840 1168 2496 1329 2458 1483 1802 1322"/></Shape>
	    <String CONTENT=" שלם ש שי ת" HPOS="1802.0" VPOS="1168.0" WIDTH="694.0" HEIGHT="315.0"><Glyph ID="char_12" CONTENT=" " GC="1.0"><Shape><Polygon POINTS="2454 1319 2416 1473 2448 1480 2486 1326"/></Shape></Glyph><Glyph ID="char_13" CONTENT="ש" GC="1.0"><Shape><Polygon POINTS="2434 1314 2396 1468 2416 1473 2454 1319"/></Shape></Glyph><Glyph ID="char_14" CONTENT="ל" GC="1.0"><Shape><Polygon POINTS="2413 1309 2375 1463 2396 1468 2434 1314"/></Shape></Glyph><Glyph ID="char_15" CONTENT="ם" GC="1.0"><Shape><Polygon POINTS="2392 1304 2354 1458 2375 1463 2413 1309"/></Shape></Glyph><Glyph ID="char_16" CONTENT=" " GC="1.0"><Shape><Polygon POINTS="2382 1301 2344 1455 2354 1458 2392 1304"/></Shape></Glyph><Glyph ID="char_17" CONTENT="ש" GC="1.0"><Shape><Polygon POINTS="2351 1293 2313 1447 2344 1455 2382 1301"/></Shape></Glyph><Glyph ID="char_18" CONTENT=" " GC="1.0"><Shape><Polygon POINTS="2194 1255 2156 1409 2313 1447 2351 1293"/></Shape></Glyph><Glyph ID="char_19" CONTENT="ש" GC="1.0"><Shape><Polygon POINTS="2058 1222 2020 1376 2156 1409 2194 1255"/></Shape></Glyph><Glyph ID="char_20" CONTENT="י" GC="1.0"><Shape><Polygon POINTS="2027 1214 1989 1368 2020 1376 2058 1222"/></Shape></Glyph><Glyph ID="char_21" CONTENT=" " GC="1.0"><Shape><Polygon POINTS="1944 1193 1906 1347 1989 1368 2027 1214"/></Shape></Glyph><Glyph ID="char_22" CONTENT="ת" GC="1.0"><Shape><Polygon POINTS="1850 1171 1812 1325 1906 1347 1944 1193"/></Shape></Glyph></String>
          </TextLine>

          
          
          <TextLine ID="eSc_line_1804128" BASELINE="1750 1392 2499 1621" HPOS="1731.0" VPOS="1300.0" WIDTH="795.0" HEIGHT="381.0">
            <Shape><Polygon POINTS="1777 1300 2526 1529 2480 1681 1731 1452"/></Shape>
	    <String CONTENT=" הון ד קד יא" HPOS="1731.0" VPOS="1300.0" WIDTH="795.0" HEIGHT="381.0"><Glyph ID="char_23" CONTENT=" " GC="1.0"><Shape><Polygon POINTS="2342 1473 2296 1625 2399 1656 2445 1504"/></Shape></Glyph><Glyph ID="char_24" CONTENT="ה" GC="1.0"><Shape><Polygon POINTS="2301 1460 2254 1612 2296 1625 2342 1473"/></Shape></Glyph><Glyph ID="char_25" CONTENT="ו" GC="1.0"><Shape><Polygon POINTS="2260 1448 2213 1599 2254 1612 2301 1460"/></Shape></Glyph><Glyph ID="char_26" CONTENT="ן" GC="1.0"><Shape><Polygon POINTS="2229 1438 2183 1590 2213 1599 2260 1448"/></Shape></Glyph><Glyph ID="char_27" CONTENT=" " GC="1.0"><Shape><Polygon POINTS="2178 1422 2131 1574 2183 1590 2229 1438"/></Shape></Glyph><Glyph ID="char_28" CONTENT="ד" GC="1.0"><Shape><Polygon POINTS="2095 1397 2049 1549 2131 1574 2178 1422"/></Shape></Glyph><Glyph ID="char_29" CONTENT=" " GC="1.0"><Shape><Polygon POINTS="2024 1375 1977 1527 2049 1549 2095 1397"/></Shape></Glyph><Glyph ID="char_30" CONTENT="ק" GC="1.0"><Shape><Polygon POINTS="1972 1360 1925 1511 1977 1527 2024 1375"/></Shape></Glyph><Glyph ID="char_31" CONTENT="ד" GC="1.0"><Shape><Polygon POINTS="1931 1347 1884 1499 1925 1511 1972 1360"/></Shape></Glyph><Glyph ID="char_32" CONTENT=" " GC="1.0"><Shape><Polygon POINTS="1911 1341 1864 1493 1884 1499 1931 1347"/></Shape></Glyph><Glyph ID="char_33" CONTENT="י" GC="1.0"><Shape><Polygon POINTS="1880 1332 1834 1483 1864 1493 1911 1341"/></Shape></Glyph><Glyph ID="char_34" CONTENT="א" GC="1.0"><Shape><Polygon POINTS="1808 1309 1761 1461 1834 1483 1880 1332"/></Shape></Glyph></String>
          </TextLine>

          
          
          <TextLine ID="eSc_line_1804129" BASELINE="1864 1596 2194 1714" HPOS="1842.0" VPOS="1506.0" WIDTH="384.0" HEIGHT="267.0">
            <Shape><Polygon POINTS="1896 1506 2226 1624 2172 1773 1842 1655"/></Shape>
	    <String CONTENT=" פנט " HPOS="1842.0" VPOS="1506.0" WIDTH="384.0" HEIGHT="267.0"><Glyph ID="char_35" CONTENT=" " GC="1.0"><Shape><Polygon POINTS="2126 1588 2072 1737 2143 1763 2196 1613"/></Shape></Glyph><Glyph ID="char_36" CONTENT="פ" GC="1.0"><Shape><Polygon POINTS="2086 1574 2033 1723 2072 1737 2126 1588"/></Shape></Glyph><Glyph ID="char_37" CONTENT="נ" GC="1.0"><Shape><Polygon POINTS="2026 1552 1972 1702 2033 1723 2086 1574"/></Shape></Glyph><Glyph ID="char_38" CONTENT="ט" GC="1.0"><Shape><Polygon POINTS="1955 1527 1902 1676 1972 1702 2026 1552"/></Shape></Glyph><Glyph ID="char_39" CONTENT=" " GC="1.0"><Shape><Polygon POINTS="1863 1595 1923 1616"/></Shape></Glyph></String>
          </TextLine>

          
        </TextBlock>
        

        
      </PrintSpace>
    </Page>
  </Layout>
</alto>