<?xml version='1.0' encoding='UTF-8'?>
<alto xmlns:xsi="http://www.w3.org/2001/XMLSchema-instance" xmlns="http://www.loc.gov/standards/alto/ns-v4#" xsi:schemaLocation="http://www.loc.gov/standards/alto/ns-v4# http://www.loc.gov/standards/alto/v4/alto-4-2.xsd">
  <Description>
    <MeasurementUnit>pixel</MeasurementUnit>
    <sourceImageInformation>
      <fileName>P433-Fg005-R-C01-R01-D07032013-T145602-LR924_012.jpg</fileName>
      
    </sourceImageInformation>
  </Description>
  
  <Tags>
    <OtherTag ID="BT1443" LABEL="Parchment_or_papyrus" DESCRIPTION="block type Parchment_or_papyrus"/><OtherTag ID="BT2" LABEL="Main" DESCRIPTION="block type Main"/>
    
  </Tags>
  
  <Layout>
    <Page WIDTH="3608" HEIGHT="2706" PHYSICAL_IMG_NR="258" ID="eSc_dummypage_">
      <PrintSpace HPOS="0" VPOS="0" WIDTH="3608" HEIGHT="2706">
        
        <TextBlock HPOS="590.0" VPOS="1170.0" WIDTH="2579.0" HEIGHT="479.0" ID="eSc_textblock_b3d5bee5" TAGREFS="BT2">
          <Shape><Polygon POINTS="590 1170 590 1649 3169 1649 3169 1170"/></Shape>
          
          
          <TextLine ID="eSc_line_1789480" BASELINE="699 1310 978 1330 1896 1348 2094 1348 2173 1343 2457 1341 3028 1343" HPOS="693.0" VPOS="1199.0" WIDTH="2335.0" HEIGHT="223.0">
            <Shape><Polygon POINTS="706 1199 985 1219 1898 1237 2094 1237 2165 1232 2456 1230 3028 1232 3027 1416 2457 1414 2177 1416 2094 1422 1894 1421 972 1403 693 1383"/></Shape>
	    <String CONTENT=" לין דינין בעדניהן ויהך ויתעשק ויאמר אהך לי עד סיאפי ארעא ועל ל " HPOS="693.0" VPOS="1199.0" WIDTH="2335.0" HEIGHT="223.0"><Glyph ID="char_0" CONTENT=" " GC="1.0"><Shape><Polygon POINTS="3026 1232 3026 1416 3026 1416 3026 1232"/></Shape></Glyph><Glyph ID="char_1" CONTENT="ל" GC="1.0"><Shape><Polygon POINTS="3014 1232 3014 1416 3026 1416 3026 1232"/></Shape></Glyph><Glyph ID="char_2" CONTENT="י" GC="1.0"><Shape><Polygon POINTS="3002 1232 3002 1416 3014 1416 3014 1232"/></Shape></Glyph><Glyph ID="char_3" CONTENT="ן" GC="1.0"><Shape><Polygon POINTS="2977 1232 2977 1416 3002 1416 3002 1232"/></Shape></Glyph><Glyph ID="char_4" CONTENT=" " GC="1.0"><Shape><Polygon POINTS="2965 1232 2965 1416 2977 1416 2977 1232"/></Shape></Glyph><Glyph ID="char_5" CONTENT="ד" GC="1.0"><Shape><Polygon POINTS="2953 1232 2953 1416 2965 1416 2965 1232"/></Shape></Glyph><Glyph ID="char_6" CONTENT="י" GC="1.0"><Shape><Polygon POINTS="2940 1232 2940 1416 2953 1416 2953 1232"/></Shape></Glyph><Glyph ID="char_7" CONTENT="נ" GC="1.0"><Shape><Polygon POINTS="2915 1232 2915 1416 2940 1416 2940 1232"/></Shape></Glyph><Glyph ID="char_8" CONTENT="י" GC="1.0"><Shape><Polygon POINTS="2878 1231 2878 1415 2915 1416 2915 1232"/></Shape></Glyph><Glyph ID="char_9" CONTENT="ן" GC="1.0"><Shape><Polygon POINTS="2853 1231 2853 1415 2878 1415 2878 1231"/></Shape></Glyph><Glyph ID="char_10" CONTENT=" " GC="1.0"><Shape><Polygon POINTS="2829 1231 2829 1415 2853 1415 2853 1231"/></Shape></Glyph><Glyph ID="char_11" CONTENT="ב" GC="1.0"><Shape><Polygon POINTS="2779 1231 2779 1415 2829 1415 2829 1231"/></Shape></Glyph><Glyph ID="char_12" CONTENT="ע" GC="1.0"><Shape><Polygon POINTS="2729 1231 2729 1415 2779 1415 2779 1231"/></Shape></Glyph><Glyph ID="char_13" CONTENT="ד" GC="1.0"><Shape><Polygon POINTS="2680 1231 2680 1415 2729 1415 2729 1231"/></Shape></Glyph><Glyph ID="char_14" CONTENT="נ" GC="1.0"><Shape><Polygon POINTS="2655 1231 2655 1415 2680 1415 2680 1231"/></Shape></Glyph><Glyph ID="char_15" CONTENT="י" GC="1.0"><Shape><Polygon POINTS="2618 1231 2618 1415 2655 1415 2655 1231"/></Shape></Glyph><Glyph ID="char_16" CONTENT="ה" GC="1.0"><Shape><Polygon POINTS="2568 1230 2568 1414 2618 1415 2618 1231"/></Shape></Glyph><Glyph ID="char_17" CONTENT="ן" GC="1.0"><Shape><Polygon POINTS="2544 1230 2544 1414 2568 1414 2568 1230"/></Shape></Glyph><Glyph ID="char_18" CONTENT=" " GC="1.0"><Shape><Polygon POINTS="2519 1230 2519 1414 2544 1414 2544 1230"/></Shape></Glyph><Glyph ID="char_19" CONTENT="ו" GC="1.0"><Shape><Polygon POINTS="2482 1230 2482 1414 2519 1414 2519 1230"/></Shape></Glyph><Glyph ID="char_20" CONTENT="י" GC="1.0"><Shape><Polygon POINTS="2443 1230 2444 1414 2482 1414 2482 1230"/></Shape></Glyph><Glyph ID="char_21" CONTENT="ה" GC="1.0"><Shape><Polygon POINTS="2381 1231 2382 1415 2444 1414 2443 1230"/></Shape></Glyph><Glyph ID="char_22" CONTENT="ך" GC="1.0"><Shape><Polygon POINTS="2332 1231 2333 1415 2382 1415 2381 1231"/></Shape></Glyph><Glyph ID="char_23" CONTENT=" " GC="1.0"><Shape><Polygon POINTS="2295 1231 2296 1415 2333 1415 2332 1231"/></Shape></Glyph><Glyph ID="char_24" CONTENT="ו" GC="1.0"><Shape><Polygon POINTS="2258 1231 2259 1415 2296 1415 2295 1231"/></Shape></Glyph><Glyph ID="char_25" CONTENT="י" GC="1.0"><Shape><Polygon POINTS="2220 1232 2221 1416 2259 1415 2258 1231"/></Shape></Glyph><Glyph ID="char_26" CONTENT="ת" GC="1.0"><Shape><Polygon POINTS="2183 1232 2184 1416 2221 1416 2220 1232"/></Shape></Glyph><Glyph ID="char_27" CONTENT="ע" GC="1.0"><Shape><Polygon POINTS="2128 1235 2140 1419 2184 1416 2183 1232"/></Shape></Glyph><Glyph ID="char_28" CONTENT="ש" GC="1.0"><Shape><Polygon POINTS="2060 1237 2060 1422 2140 1419 2128 1235"/></Shape></Glyph><Glyph ID="char_29" CONTENT="ק" GC="1.0"><Shape><Polygon POINTS="2011 1237 2011 1422 2060 1422 2060 1237"/></Shape></Glyph><Glyph ID="char_30" CONTENT=" " GC="1.0"><Shape><Polygon POINTS="1974 1237 1974 1421 2011 1422 2011 1237"/></Shape></Glyph><Glyph ID="char_31" CONTENT="ו" GC="1.0"><Shape><Polygon POINTS="1949 1237 1949 1421 1974 1421 1974 1237"/></Shape></Glyph><Glyph ID="char_32" CONTENT="י" GC="1.0"><Shape><Polygon POINTS="1912 1237 1912 1421 1949 1421 1949 1237"/></Shape></Glyph><Glyph ID="char_33" CONTENT="א" GC="1.0"><Shape><Polygon POINTS="1864 1236 1861 1420 1912 1421 1912 1237"/></Shape></Glyph><Glyph ID="char_34" CONTENT="מ" GC="1.0"><Shape><Polygon POINTS="1814 1235 1811 1419 1861 1420 1864 1236"/></Shape></Glyph><Glyph ID="char_35" CONTENT="ר" GC="1.0"><Shape><Polygon POINTS="1765 1234 1762 1418 1811 1419 1814 1235"/></Shape></Glyph><Glyph ID="char_36" CONTENT=" " GC="1.0"><Shape><Polygon POINTS="1728 1234 1725 1418 1762 1418 1765 1234"/></Shape></Glyph><Glyph ID="char_37" CONTENT="א" GC="1.0"><Shape><Polygon POINTS="1678 1233 1675 1417 1725 1418 1728 1234"/></Shape></Glyph><Glyph ID="char_38" CONTENT="ה" GC="1.0"><Shape><Polygon POINTS="1629 1232 1626 1416 1675 1417 1678 1233"/></Shape></Glyph><Glyph ID="char_39" CONTENT="ך" GC="1.0"><Shape><Polygon POINTS="1591 1231 1588 1415 1626 1416 1629 1232"/></Shape></Glyph><Glyph ID="char_40" CONTENT=" " GC="1.0"><Shape><Polygon POINTS="1567 1230 1564 1415 1588 1415 1591 1231"/></Shape></Glyph><Glyph ID="char_41" CONTENT="ל" GC="1.0"><Shape><Polygon POINTS="1529 1230 1526 1414 1564 1415 1567 1230"/></Shape></Glyph><Glyph ID="char_42" CONTENT="י" GC="1.0"><Shape><Polygon POINTS="1505 1229 1502 1413 1526 1414 1529 1230"/></Shape></Glyph><Glyph ID="char_43" CONTENT=" " GC="1.0"><Shape><Polygon POINTS="1467 1229 1464 1413 1502 1413 1505 1229"/></Shape></Glyph><Glyph ID="char_44" CONTENT="ע" GC="1.0"><Shape><Polygon POINTS="1418 1228 1415 1412 1464 1413 1467 1229"/></Shape></Glyph><Glyph ID="char_45" CONTENT="ד" GC="1.0"><Shape><Polygon POINTS="1381 1227 1378 1411 1415 1412 1418 1228"/></Shape></Glyph><Glyph ID="char_46" CONTENT=" " GC="1.0"><Shape><Polygon POINTS="1344 1226 1341 1410 1378 1411 1381 1227"/></Shape></Glyph><Glyph ID="char_47" CONTENT="ס" GC="1.0"><Shape><Polygon POINTS="1306 1225 1303 1409 1341 1410 1344 1226"/></Shape></Glyph><Glyph ID="char_48" CONTENT="י" GC="1.0"><Shape><Polygon POINTS="1269 1225 1266 1409 1303 1409 1306 1225"/></Shape></Glyph><Glyph ID="char_49" CONTENT="א" GC="1.0"><Shape><Polygon POINTS="1232 1224 1229 1408 1266 1409 1269 1225"/></Shape></Glyph><Glyph ID="char_50" CONTENT="פ" GC="1.0"><Shape><Polygon POINTS="1195 1223 1192 1407 1229 1408 1232 1224"/></Shape></Glyph><Glyph ID="char_51" CONTENT="י" GC="1.0"><Shape><Polygon POINTS="1170 1223 1167 1407 1192 1407 1195 1223"/></Shape></Glyph><Glyph ID="char_52" CONTENT=" " GC="1.0"><Shape><Polygon POINTS="1133 1222 1130 1406 1167 1407 1170 1223"/></Shape></Glyph><Glyph ID="char_53" CONTENT="א" GC="1.0"><Shape><Polygon POINTS="1071 1221 1068 1405 1130 1406 1133 1222"/></Shape></Glyph><Glyph ID="char_54" CONTENT="ר" GC="1.0"><Shape><Polygon POINTS="1021 1220 1018 1404 1068 1405 1071 1221"/></Shape></Glyph><Glyph ID="char_55" CONTENT="ע" GC="1.0"><Shape><Polygon POINTS="966 1218 952 1402 1018 1404 1021 1220"/></Shape></Glyph><Glyph ID="char_56" CONTENT="א" GC="1.0"><Shape><Polygon POINTS="917 1214 903 1398 952 1402 966 1218"/></Shape></Glyph><Glyph ID="char_57" CONTENT=" " GC="1.0"><Shape><Polygon POINTS="880 1211 866 1395 903 1398 917 1214"/></Shape></Glyph><Glyph ID="char_58" CONTENT="ו" GC="1.0"><Shape><Polygon POINTS="842 1209 828 1393 866 1395 880 1211"/></Shape></Glyph><Glyph ID="char_59" CONTENT="ע" GC="1.0"><Shape><Polygon POINTS="805 1206 791 1390 828 1393 842 1209"/></Shape></Glyph><Glyph ID="char_60" CONTENT="ל" GC="1.0"><Shape><Polygon POINTS="780 1204 766 1388 791 1390 805 1206"/></Shape></Glyph><Glyph ID="char_61" CONTENT=" " GC="1.0"><Shape><Polygon POINTS="756 1203 742 1387 766 1388 780 1204"/></Shape></Glyph><Glyph ID="char_62" CONTENT="ל" GC="1.0"><Shape><Polygon POINTS="731 1201 717 1385 742 1387 756 1203"/></Shape></Glyph><Glyph ID="char_63" CONTENT=" " GC="1.0"><Shape><Polygon POINTS="698 1309 722 1310"/></Shape></Glyph></String>
          </TextLine>

          
          
          <TextLine ID="eSc_line_1789481" BASELINE="1296 1508 1612 1522 2577 1517" HPOS="1292.0" VPOS="1397.0" WIDTH="1285.0" HEIGHT="198.0">
            <Shape><Polygon POINTS="1300 1397 1616 1411 2576 1406 2577 1590 1608 1595 1292 1581"/></Shape>
	    <String CONTENT=" ל ב ל ל " HPOS="1292.0" VPOS="1397.0" WIDTH="1285.0" HEIGHT="198.0"><Glyph ID="char_64" CONTENT=" " GC="1.0"><Shape><Polygon POINTS="2426 1407 2427 1591 2514 1590 2513 1406"/></Shape></Glyph><Glyph ID="char_65" CONTENT="ל" GC="1.0"><Shape><Polygon POINTS="2413 1407 2414 1591 2427 1591 2426 1407"/></Shape></Glyph><Glyph ID="char_66" CONTENT=" " GC="1.0"><Shape><Polygon POINTS="2351 1407 2352 1591 2414 1591 2413 1407"/></Shape></Glyph><Glyph ID="char_67" CONTENT="ב" GC="1.0"><Shape><Polygon POINTS="2252 1408 2253 1592 2352 1591 2351 1407"/></Shape></Glyph><Glyph ID="char_68" CONTENT=" " GC="1.0"><Shape><Polygon POINTS="2140 1408 2141 1592 2253 1592 2252 1408"/></Shape></Glyph><Glyph ID="char_69" CONTENT="ל" GC="1.0"><Shape><Polygon POINTS="2015 1409 2016 1593 2141 1592 2140 1408"/></Shape></Glyph><Glyph ID="char_70" CONTENT=" " GC="1.0"><Shape><Polygon POINTS="1879 1410 1880 1594 2016 1593 2015 1409"/></Shape></Glyph><Glyph ID="char_71" CONTENT="ל" GC="1.0"><Shape><Polygon POINTS="1779 1410 1780 1594 1880 1594 1879 1410"/></Shape></Glyph><Glyph ID="char_72" CONTENT=" " GC="1.0"><Shape><Polygon POINTS="1512 1406 1503 1590 1780 1594 1779 1410"/></Shape></Glyph></String>
          </TextLine>

          
        </TextBlock>
        

        
      </PrintSpace>
    </Page>
  </Layout>
</alto>