<?xml version='1.0' encoding='UTF-8'?>
<alto xmlns:xsi="http://www.w3.org/2001/XMLSchema-instance" xmlns="http://www.loc.gov/standards/alto/ns-v4#" xsi:schemaLocation="http://www.loc.gov/standards/alto/ns-v4# http://www.loc.gov/standards/alto/v4/alto-4-2.xsd">
  <Description>
    <MeasurementUnit>pixel</MeasurementUnit>
    <sourceImageInformation>
      <fileName>P434-Fg014-R-C01-R01-D17042013-T124625-LR924_012.jpg</fileName>
      
    </sourceImageInformation>
  </Description>
  
  <Tags>
    <OtherTag ID="BT1443" LABEL="Parchment_or_papyrus" DESCRIPTION="block type Parchment_or_papyrus"/><OtherTag ID="BT2" LABEL="Main" DESCRIPTION="block type Main"/>
    
  </Tags>
  
  <Layout>
    <Page WIDTH="3608" HEIGHT="2706" PHYSICAL_IMG_NR="15" ID="eSc_dummypage_">
      <PrintSpace HPOS="0" VPOS="0" WIDTH="3608" HEIGHT="2706">
        
        <TextBlock HPOS="1731.0" VPOS="955.0" WIDTH="506.0" HEIGHT="936.0" ID="eSc_textblock_0f33306b" TAGREFS="BT2">
          <Shape><Polygon POINTS="1731 955 1731 1891 2237 1891 2237 955"/></Shape>
          
          
          <TextLine ID="eSc_line_2642c837" BASELINE="1796 1009 2086 1047" HPOS="1788.0" VPOS="919.0" WIDTH="309.0" HEIGHT="187.0">
            <Shape><Polygon POINTS="1807 919 2097 957 2078 1106 1788 1068"/></Shape>
	    <String CONTENT="" HPOS="1788.0" VPOS="919.0" WIDTH="309.0" HEIGHT="187.0"/>
          </TextLine>

          
          
          <TextLine ID="eSc_line_4501d70f" BASELINE="1737 1149 2113 1187" HPOS="1730.0" VPOS="1059.0" WIDTH="392.0" HEIGHT="187.0">
            <Shape><Polygon POINTS="1746 1059 2122 1097 2106 1246 1730 1208"/></Shape>
	    <String CONTENT="" HPOS="1730.0" VPOS="1059.0" WIDTH="392.0" HEIGHT="187.0"/>
          </TextLine>

          
          
          <TextLine ID="eSc_line_3f450d0a" BASELINE="1731 1294 2231 1348" HPOS="1724.0" VPOS="1204.0" WIDTH="516.0" HEIGHT="203.0">
            <Shape><Polygon POINTS="1740 1204 2240 1258 2224 1407 1724 1353"/></Shape>
	    <String CONTENT="" HPOS="1724.0" VPOS="1204.0" WIDTH="516.0" HEIGHT="203.0"/>
          </TextLine>

          
          
          <TextLine ID="eSc_line_91785865" BASELINE="1748 1428 2231 1514" HPOS="1737.0" VPOS="1339.0" WIDTH="509.0" HEIGHT="234.0">
            <Shape><Polygon POINTS="1763 1339 2246 1425 2220 1573 1737 1487"/></Shape>
	    <String CONTENT="" HPOS="1737.0" VPOS="1339.0" WIDTH="509.0" HEIGHT="234.0"/>
          </TextLine>

          
          
          <TextLine ID="eSc_line_85699d37" BASELINE="1731 1600 2231 1692" HPOS="1720.0" VPOS="1511.0" WIDTH="527.0" HEIGHT="240.0">
            <Shape><Polygon POINTS="1747 1511 2247 1603 2220 1751 1720 1659"/></Shape>
	    <String CONTENT="" HPOS="1720.0" VPOS="1511.0" WIDTH="527.0" HEIGHT="240.0"/>
          </TextLine>

          
        </TextBlock>
        

        
      </PrintSpace>
    </Page>
  </Layout>
</alto>