<?xml version='1.0' encoding='UTF-8'?>
<alto xmlns:xsi="http://www.w3.org/2001/XMLSchema-instance" xmlns="http://www.loc.gov/standards/alto/ns-v4#" xsi:schemaLocation="http://www.loc.gov/standards/alto/ns-v4# http://www.loc.gov/standards/alto/v4/alto-4-2.xsd">
  <Description>
    <MeasurementUnit>pixel</MeasurementUnit>
    <sourceImageInformation>
      <fileName>P441-Fg006-R-C01-R01-D21022013-T133237-LR924_012.jpg</fileName>
      
    </sourceImageInformation>
  </Description>
  
  <Tags>
    <OtherTag ID="BT1443" LABEL="Parchment_or_papyrus" DESCRIPTION="block type Parchment_or_papyrus"/><OtherTag ID="BT2" LABEL="Main" DESCRIPTION="block type Main"/>
    
  </Tags>
  
  <Layout>
    <Page WIDTH="3608" HEIGHT="2706" PHYSICAL_IMG_NR="35" ID="eSc_dummypage_">
      <PrintSpace HPOS="0" VPOS="0" WIDTH="3608" HEIGHT="2706">
        
        <TextBlock HPOS="839.0" VPOS="1079.0" WIDTH="1978.0" HEIGHT="865.0" ID="eSc_textblock_8a7833fa" TAGREFS="BT2">
          <Shape><Polygon POINTS="839 1079 839 1944 2817 1944 2817 1079"/></Shape>
          
          
          <TextLine ID="eSc_line_1789599" BASELINE="906 1174 1071 1174 1515 1186 1984 1201 2345 1219 2667 1249" HPOS="906.0" VPOS="1072.0" WIDTH="1770.0" HEIGHT="244.0">
            <Shape><Polygon POINTS="906 1072 1071 1072 1517 1084 1987 1099 2350 1117 2676 1148 2660 1316 2341 1286 1981 1268 1513 1253 1071 1241 906 1241"/></Shape>
	    <String CONTENT=" מה ויזכור אל את דברו אשר " HPOS="906.0" VPOS="1072.0" WIDTH="1770.0" HEIGHT="244.0"><Glyph ID="char_0" CONTENT=" " GC="1.0"><Shape><Polygon POINTS="2563 1137 2547 1305 2627 1313 2642 1145"/></Shape></Glyph><Glyph ID="char_1" CONTENT="מ" GC="1.0"><Shape><Polygon POINTS="2506 1132 2490 1300 2547 1305 2563 1137"/></Shape></Glyph><Glyph ID="char_2" CONTENT="ה" GC="1.0"><Shape><Polygon POINTS="2298 1114 2290 1283 2490 1300 2506 1132"/></Shape></Glyph><Glyph ID="char_3" CONTENT=" " GC="1.0"><Shape><Polygon POINTS="2105 1105 2096 1274 2290 1283 2298 1114"/></Shape></Glyph><Glyph ID="char_4" CONTENT="ו" GC="1.0"><Shape><Polygon POINTS="2071 1103 2062 1272 2096 1274 2105 1105"/></Shape></Glyph><Glyph ID="char_5" CONTENT="י" GC="1.0"><Shape><Polygon POINTS="2037 1101 2028 1270 2062 1272 2071 1103"/></Shape></Glyph><Glyph ID="char_6" CONTENT="ז" GC="1.0"><Shape><Polygon POINTS="2003 1100 1994 1269 2028 1270 2037 1101"/></Shape></Glyph><Glyph ID="char_7" CONTENT="כ" GC="1.0"><Shape><Polygon POINTS="1967 1098 1961 1267 1994 1269 2003 1100"/></Shape></Glyph><Glyph ID="char_8" CONTENT="ו" GC="1.0"><Shape><Polygon POINTS="1921 1097 1915 1266 1961 1267 1967 1098"/></Shape></Glyph><Glyph ID="char_9" CONTENT="ר" GC="1.0"><Shape><Polygon POINTS="1876 1095 1871 1264 1915 1266 1921 1097"/></Shape></Glyph><Glyph ID="char_10" CONTENT=" " GC="1.0"><Shape><Polygon POINTS="1842 1094 1837 1263 1871 1264 1876 1095"/></Shape></Glyph><Glyph ID="char_11" CONTENT="א" GC="1.0"><Shape><Polygon POINTS="1796 1093 1791 1262 1837 1263 1842 1094"/></Shape></Glyph><Glyph ID="char_12" CONTENT="ל" GC="1.0"><Shape><Polygon POINTS="1751 1091 1746 1260 1791 1262 1796 1093"/></Shape></Glyph><Glyph ID="char_13" CONTENT=" " GC="1.0"><Shape><Polygon POINTS="1717 1090 1712 1259 1746 1260 1751 1091"/></Shape></Glyph><Glyph ID="char_14" CONTENT="א" GC="1.0"><Shape><Polygon POINTS="1671 1089 1666 1258 1712 1259 1717 1090"/></Shape></Glyph><Glyph ID="char_15" CONTENT="ת" GC="1.0"><Shape><Polygon POINTS="1637 1088 1632 1257 1666 1258 1671 1089"/></Shape></Glyph><Glyph ID="char_16" CONTENT=" " GC="1.0"><Shape><Polygon POINTS="1591 1086 1586 1255 1632 1257 1637 1088"/></Shape></Glyph><Glyph ID="char_17" CONTENT="ד" GC="1.0"><Shape><Polygon POINTS="1535 1085 1530 1254 1586 1255 1591 1086"/></Shape></Glyph><Glyph ID="char_18" CONTENT="ב" GC="1.0"><Shape><Polygon POINTS="1478 1083 1473 1252 1530 1254 1535 1085"/></Shape></Glyph><Glyph ID="char_19" CONTENT="ר" GC="1.0"><Shape><Polygon POINTS="1432 1082 1427 1251 1473 1252 1478 1083"/></Shape></Glyph><Glyph ID="char_20" CONTENT="ו" GC="1.0"><Shape><Polygon POINTS="1409 1081 1404 1250 1427 1251 1432 1082"/></Shape></Glyph><Glyph ID="char_21" CONTENT=" " GC="1.0"><Shape><Polygon POINTS="1375 1080 1370 1249 1404 1250 1409 1081"/></Shape></Glyph><Glyph ID="char_22" CONTENT="א" GC="1.0"><Shape><Polygon POINTS="1330 1079 1325 1248 1370 1249 1375 1080"/></Shape></Glyph><Glyph ID="char_23" CONTENT="ש" GC="1.0"><Shape><Polygon POINTS="1262 1077 1257 1246 1325 1248 1330 1079"/></Shape></Glyph><Glyph ID="char_24" CONTENT="ר" GC="1.0"><Shape><Polygon POINTS="1216 1076 1211 1245 1257 1246 1262 1077"/></Shape></Glyph><Glyph ID="char_25" CONTENT=" " GC="1.0"><Shape><Polygon POINTS="1043 1072 1043 1241 1211 1245 1216 1076"/></Shape></Glyph></String>
          </TextLine>

          
          
          <TextLine ID="eSc_line_1789601" BASELINE="1210 1350 1366 1362 1630 1362 1946 1368 2029 1377 2162 1398 2266 1407 2550 1420 2706 1452" HPOS="1204.0" VPOS="1248.0" WIDTH="1522.0" HEIGHT="270.0">
            <Shape><Polygon POINTS="1217 1248 1373 1260 1630 1260 1947 1266 2039 1276 2177 1297 2274 1305 2554 1318 2726 1352 2692 1518 2546 1487 2260 1474 2151 1464 2021 1444 1944 1435 1630 1429 1360 1429 1204 1417"/></Shape>
	    <String CONTENT=" ור גם בהיותם בארצות אויביה " HPOS="1204.0" VPOS="1248.0" WIDTH="1522.0" HEIGHT="270.0"><Glyph ID="char_26" CONTENT=" " GC="1.0"><Shape><Polygon POINTS="2670 1341 2636 1506 2681 1516 2715 1350"/></Shape></Glyph><Glyph ID="char_27" CONTENT="ו" GC="1.0"><Shape><Polygon POINTS="2614 1330 2580 1494 2636 1506 2670 1341"/></Shape></Glyph><Glyph ID="char_28" CONTENT="ר" GC="1.0"><Shape><Polygon POINTS="2554 1318 2547 1487 2580 1494 2614 1330"/></Shape></Glyph><Glyph ID="char_29" CONTENT=" " GC="1.0"><Shape><Polygon POINTS="2508 1316 2501 1485 2547 1487 2554 1318"/></Shape></Glyph><Glyph ID="char_30" CONTENT="ג" GC="1.0"><Shape><Polygon POINTS="2451 1313 2444 1482 2501 1485 2508 1316"/></Shape></Glyph><Glyph ID="char_31" CONTENT="ם" GC="1.0"><Shape><Polygon POINTS="2394 1311 2387 1480 2444 1482 2451 1313"/></Shape></Glyph><Glyph ID="char_32" CONTENT=" " GC="1.0"><Shape><Polygon POINTS="2360 1309 2353 1478 2387 1480 2394 1311"/></Shape></Glyph><Glyph ID="char_33" CONTENT="ב" GC="1.0"><Shape><Polygon POINTS="2304 1306 2296 1476 2353 1478 2360 1309"/></Shape></Glyph><Glyph ID="char_34" CONTENT="ה" GC="1.0"><Shape><Polygon POINTS="2228 1301 2213 1470 2296 1476 2304 1306"/></Shape></Glyph><Glyph ID="char_35" CONTENT="י" GC="1.0"><Shape><Polygon POINTS="2167 1296 2141 1462 2213 1470 2228 1301"/></Shape></Glyph><Glyph ID="char_36" CONTENT="ו" GC="1.0"><Shape><Polygon POINTS="2134 1290 2107 1457 2141 1462 2167 1296"/></Shape></Glyph><Glyph ID="char_37" CONTENT="ת" GC="1.0"><Shape><Polygon POINTS="2088 1283 2062 1450 2107 1457 2134 1290"/></Shape></Glyph><Glyph ID="char_38" CONTENT="ם" GC="1.0"><Shape><Polygon POINTS="2039 1276 2021 1444 2062 1450 2088 1283"/></Shape></Glyph><Glyph ID="char_39" CONTENT=" " GC="1.0"><Shape><Polygon POINTS="1982 1270 1964 1437 2021 1444 2039 1276"/></Shape></Glyph><Glyph ID="char_40" CONTENT="ב" GC="1.0"><Shape><Polygon POINTS="1927 1266 1924 1435 1964 1437 1982 1270"/></Shape></Glyph><Glyph ID="char_41" CONTENT="א" GC="1.0"><Shape><Polygon POINTS="1870 1265 1867 1434 1924 1435 1927 1266"/></Shape></Glyph><Glyph ID="char_42" CONTENT="ר" GC="1.0"><Shape><Polygon POINTS="1802 1263 1799 1432 1867 1434 1870 1265"/></Shape></Glyph><Glyph ID="char_43" CONTENT="צ" GC="1.0"><Shape><Polygon POINTS="1757 1262 1754 1431 1799 1432 1802 1263"/></Shape></Glyph><Glyph ID="char_44" CONTENT="ו" GC="1.0"><Shape><Polygon POINTS="1700 1261 1697 1430 1754 1431 1757 1262"/></Shape></Glyph><Glyph ID="char_45" CONTENT="ת" GC="1.0"><Shape><Polygon POINTS="1654 1260 1651 1429 1697 1430 1700 1261"/></Shape></Glyph><Glyph ID="char_46" CONTENT=" " GC="1.0"><Shape><Polygon POINTS="1618 1260 1618 1429 1651 1429 1654 1260"/></Shape></Glyph><Glyph ID="char_47" CONTENT="א" GC="1.0"><Shape><Polygon POINTS="1572 1260 1572 1429 1618 1429 1618 1260"/></Shape></Glyph><Glyph ID="char_48" CONTENT="ו" GC="1.0"><Shape><Polygon POINTS="1527 1260 1527 1429 1572 1429 1572 1260"/></Shape></Glyph><Glyph ID="char_49" CONTENT="י" GC="1.0"><Shape><Polygon POINTS="1481 1260 1481 1429 1527 1429 1527 1260"/></Shape></Glyph><Glyph ID="char_50" CONTENT="ב" GC="1.0"><Shape><Polygon POINTS="1436 1260 1436 1429 1481 1429 1481 1260"/></Shape></Glyph><Glyph ID="char_51" CONTENT="י" GC="1.0"><Shape><Polygon POINTS="1379 1260 1379 1429 1436 1429 1436 1260"/></Shape></Glyph><Glyph ID="char_52" CONTENT="ה" GC="1.0"><Shape><Polygon POINTS="1354 1259 1340 1427 1379 1429 1379 1260"/></Shape></Glyph><Glyph ID="char_53" CONTENT=" " GC="1.0"><Shape><Polygon POINTS="1263 1252 1249 1420 1340 1427 1354 1259"/></Shape></Glyph></String>
          </TextLine>

          
          
          <TextLine ID="eSc_line_1789602" BASELINE="1226 1549 1407 1549 1623 1555 1979 1553 2248 1564 2446 1587 2658 1605 2760 1621" HPOS="1226.0" VPOS="1447.0" WIDTH="1549.0" HEIGHT="240.0">
            <Shape><Polygon POINTS="1226 1447 1407 1447 1625 1453 1978 1451 2252 1462 2457 1486 2666 1503 2775 1520 2749 1687 2652 1672 2438 1654 2245 1631 1979 1620 1621 1622 1407 1616 1226 1616"/></Shape>
	    <String CONTENT=" להפר ברית וחסד מהמה ויהי מל " HPOS="1226.0" VPOS="1447.0" WIDTH="1549.0" HEIGHT="240.0"><Glyph ID="char_54" CONTENT=" " GC="1.0"><Shape><Polygon POINTS="2655 1502 2641 1671 2704 1680 2730 1513"/></Shape></Glyph><Glyph ID="char_55" CONTENT="ל" GC="1.0"><Shape><Polygon POINTS="2598 1498 2584 1666 2641 1671 2655 1502"/></Shape></Glyph><Glyph ID="char_56" CONTENT="ה" GC="1.0"><Shape><Polygon POINTS="2542 1493 2527 1662 2584 1666 2598 1498"/></Shape></Glyph><Glyph ID="char_57" CONTENT="פ" GC="1.0"><Shape><Polygon POINTS="2497 1489 2483 1658 2527 1662 2542 1493"/></Shape></Glyph><Glyph ID="char_58" CONTENT="ר" GC="1.0"><Shape><Polygon POINTS="2454 1486 2435 1654 2483 1658 2497 1489"/></Shape></Glyph><Glyph ID="char_59" CONTENT=" " GC="1.0"><Shape><Polygon POINTS="2420 1482 2401 1650 2435 1654 2454 1486"/></Shape></Glyph><Glyph ID="char_60" CONTENT="ב" GC="1.0"><Shape><Polygon POINTS="2364 1475 2344 1643 2401 1650 2420 1482"/></Shape></Glyph><Glyph ID="char_61" CONTENT="ר" GC="1.0"><Shape><Polygon POINTS="2319 1470 2300 1638 2344 1643 2364 1475"/></Shape></Glyph><Glyph ID="char_62" CONTENT="י" GC="1.0"><Shape><Polygon POINTS="2262 1463 2243 1631 2300 1638 2319 1470"/></Shape></Glyph><Glyph ID="char_63" CONTENT="ת" GC="1.0"><Shape><Polygon POINTS="2198 1460 2191 1629 2243 1631 2262 1463"/></Shape></Glyph><Glyph ID="char_64" CONTENT=" " GC="1.0"><Shape><Polygon POINTS="2152 1458 2145 1627 2191 1629 2198 1460"/></Shape></Glyph><Glyph ID="char_65" CONTENT="ו" GC="1.0"><Shape><Polygon POINTS="2118 1457 2111 1625 2145 1627 2152 1458"/></Shape></Glyph><Glyph ID="char_66" CONTENT="ח" GC="1.0"><Shape><Polygon POINTS="2061 1454 2054 1623 2111 1625 2118 1457"/></Shape></Glyph><Glyph ID="char_67" CONTENT="ס" GC="1.0"><Shape><Polygon POINTS="1993 1452 1986 1620 2054 1623 2061 1454"/></Shape></Glyph><Glyph ID="char_68" CONTENT="ד" GC="1.0"><Shape><Polygon POINTS="1920 1451 1921 1620 1986 1620 1993 1452"/></Shape></Glyph><Glyph ID="char_69" CONTENT=" " GC="1.0"><Shape><Polygon POINTS="1863 1452 1864 1621 1921 1620 1920 1451"/></Shape></Glyph><Glyph ID="char_70" CONTENT="מ" GC="1.0"><Shape><Polygon POINTS="1806 1452 1807 1621 1864 1621 1863 1452"/></Shape></Glyph><Glyph ID="char_71" CONTENT="ה" GC="1.0"><Shape><Polygon POINTS="1737 1452 1738 1621 1807 1621 1806 1452"/></Shape></Glyph><Glyph ID="char_72" CONTENT="מ" GC="1.0"><Shape><Polygon POINTS="1669 1453 1670 1622 1738 1621 1737 1452"/></Shape></Glyph><Glyph ID="char_73" CONTENT="ה" GC="1.0"><Shape><Polygon POINTS="1605 1452 1600 1621 1670 1622 1669 1453"/></Shape></Glyph><Glyph ID="char_74" CONTENT=" " GC="1.0"><Shape><Polygon POINTS="1571 1452 1566 1620 1600 1621 1605 1452"/></Shape></Glyph><Glyph ID="char_75" CONTENT="ו" GC="1.0"><Shape><Polygon POINTS="1525 1450 1520 1619 1566 1620 1571 1452"/></Shape></Glyph><Glyph ID="char_76" CONTENT="י" GC="1.0"><Shape><Polygon POINTS="1480 1449 1475 1618 1520 1619 1525 1450"/></Shape></Glyph><Glyph ID="char_77" CONTENT="ה" GC="1.0"><Shape><Polygon POINTS="1423 1447 1418 1616 1475 1618 1480 1449"/></Shape></Glyph><Glyph ID="char_78" CONTENT="י" GC="1.0"><Shape><Polygon POINTS="1385 1447 1385 1616 1418 1616 1423 1447"/></Shape></Glyph><Glyph ID="char_79" CONTENT=" " GC="1.0"><Shape><Polygon POINTS="1351 1447 1351 1616 1385 1616 1385 1447"/></Shape></Glyph><Glyph ID="char_80" CONTENT="מ" GC="1.0"><Shape><Polygon POINTS="1317 1447 1317 1616 1351 1616 1351 1447"/></Shape></Glyph><Glyph ID="char_81" CONTENT="ל" GC="1.0"><Shape><Polygon POINTS="1283 1447 1283 1616 1317 1616 1317 1447"/></Shape></Glyph><Glyph ID="char_82" CONTENT=" " GC="1.0"><Shape><Polygon POINTS="1237 1447 1237 1616 1283 1616 1283 1447"/></Shape></Glyph></String>
          </TextLine>

          
          
          <TextLine ID="eSc_line_1789603" BASELINE="1251 1722 1499 1727 1619 1720 1804 1716 1941 1720 2234 1740 2356 1743 2428 1749 2539 1767 2636 1767" HPOS="1249.0" VPOS="1614.0" WIDTH="1387.0" HEIGHT="220.0">
            <Shape><Polygon POINTS="1253 1620 1501 1625 1613 1618 1801 1614 1943 1618 2240 1638 2358 1641 2436 1647 2555 1666 2636 1665 2636 1834 2528 1833 2422 1816 2354 1810 2229 1807 1939 1787 1805 1783 1622 1787 1497 1794 1249 1789"/></Shape>
	    <String CONTENT=" נסתרות ואוזניהמה פתח ו שמעו " HPOS="1249.0" VPOS="1614.0" WIDTH="1387.0" HEIGHT="220.0"><Glyph ID="char_83" CONTENT=" " GC="1.0"><Shape><Polygon POINTS="2550 1665 2523 1832 2589 1834 2589 1666"/></Shape></Glyph><Glyph ID="char_84" CONTENT="נ" GC="1.0"><Shape><Polygon POINTS="2538 1663 2511 1830 2523 1832 2550 1665"/></Shape></Glyph><Glyph ID="char_85" CONTENT="ס" GC="1.0"><Shape><Polygon POINTS="2515 1660 2488 1827 2511 1830 2538 1663"/></Shape></Glyph><Glyph ID="char_86" CONTENT="ת" GC="1.0"><Shape><Polygon POINTS="2460 1651 2433 1818 2488 1827 2515 1660"/></Shape></Glyph><Glyph ID="char_87" CONTENT="ר" GC="1.0"><Shape><Polygon POINTS="2406 1645 2392 1813 2433 1818 2460 1651"/></Shape></Glyph><Glyph ID="char_88" CONTENT="ו" GC="1.0"><Shape><Polygon POINTS="2355 1641 2351 1810 2392 1813 2406 1645"/></Shape></Glyph><Glyph ID="char_89" CONTENT="ת" GC="1.0"><Shape><Polygon POINTS="2309 1640 2305 1809 2351 1810 2355 1641"/></Shape></Glyph><Glyph ID="char_90" CONTENT=" " GC="1.0"><Shape><Polygon POINTS="2275 1639 2271 1808 2305 1809 2309 1640"/></Shape></Glyph><Glyph ID="char_91" CONTENT="ו" GC="1.0"><Shape><Polygon POINTS="2241 1638 2237 1807 2271 1808 2275 1639"/></Shape></Glyph><Glyph ID="char_92" CONTENT="א" GC="1.0"><Shape><Polygon POINTS="2200 1635 2188 1804 2237 1807 2241 1638"/></Shape></Glyph><Glyph ID="char_93" CONTENT="ו" GC="1.0"><Shape><Polygon POINTS="2155 1632 2144 1801 2188 1804 2200 1635"/></Shape></Glyph><Glyph ID="char_94" CONTENT="ז" GC="1.0"><Shape><Polygon POINTS="2109 1629 2098 1798 2144 1801 2155 1632"/></Shape></Glyph><Glyph ID="char_95" CONTENT="נ" GC="1.0"><Shape><Polygon POINTS="2075 1627 2064 1796 2098 1798 2109 1629"/></Shape></Glyph><Glyph ID="char_96" CONTENT="י" GC="1.0"><Shape><Polygon POINTS="2030 1624 2019 1793 2064 1796 2075 1627"/></Shape></Glyph><Glyph ID="char_97" CONTENT="ה" GC="1.0"><Shape><Polygon POINTS="1974 1620 1962 1789 2019 1793 2030 1624"/></Shape></Glyph><Glyph ID="char_98" CONTENT="מ" GC="1.0"><Shape><Polygon POINTS="1890 1616 1885 1785 1962 1789 1974 1620"/></Shape></Glyph><Glyph ID="char_99" CONTENT="ה" GC="1.0"><Shape><Polygon POINTS="1845 1615 1840 1784 1885 1785 1890 1616"/></Shape></Glyph><Glyph ID="char_100" CONTENT=" " GC="1.0"><Shape><Polygon POINTS="1810 1614 1805 1783 1840 1784 1845 1615"/></Shape></Glyph><Glyph ID="char_101" CONTENT="פ" GC="1.0"><Shape><Polygon POINTS="1748 1615 1752 1784 1805 1783 1810 1614"/></Shape></Glyph><Glyph ID="char_102" CONTENT="ת" GC="1.0"><Shape><Polygon POINTS="1691 1616 1695 1785 1752 1784 1748 1615"/></Shape></Glyph><Glyph ID="char_103" CONTENT="ח" GC="1.0"><Shape><Polygon POINTS="1635 1618 1638 1787 1695 1785 1691 1616"/></Shape></Glyph><Glyph ID="char_104" CONTENT=" " GC="1.0"><Shape><Polygon POINTS="1608 1618 1618 1787 1638 1787 1635 1618"/></Shape></Glyph><Glyph ID="char_105" CONTENT="ו" GC="1.0"><Shape><Polygon POINTS="1563 1621 1573 1790 1618 1787 1608 1618"/></Shape></Glyph><Glyph ID="char_106" CONTENT=" " GC="1.0"><Shape><Polygon POINTS="1506 1625 1516 1793 1573 1790 1563 1621"/></Shape></Glyph><Glyph ID="char_107" CONTENT="ש" GC="1.0"><Shape><Polygon POINTS="1457 1624 1453 1793 1516 1793 1506 1625"/></Shape></Glyph><Glyph ID="char_108" CONTENT="מ" GC="1.0"><Shape><Polygon POINTS="1400 1623 1396 1792 1453 1793 1457 1624"/></Shape></Glyph><Glyph ID="char_109" CONTENT="ע" GC="1.0"><Shape><Polygon POINTS="1343 1622 1339 1791 1396 1792 1400 1623"/></Shape></Glyph><Glyph ID="char_110" CONTENT="ו" GC="1.0"><Shape><Polygon POINTS="1298 1621 1294 1790 1339 1791 1343 1622"/></Shape></Glyph><Glyph ID="char_111" CONTENT=" " GC="1.0"><Shape><Polygon POINTS="1250 1721 1295 1722"/></Shape></Glyph></String>
          </TextLine>

          
          
          <TextLine ID="eSc_line_1789604" BASELINE="1822 1873 2160 1887 2523 1916" HPOS="1819.0" VPOS="1771.0" WIDTH="712.0" HEIGHT="212.0">
            <Shape><Polygon POINTS="1826 1771 2164 1785 2531 1814 2517 1983 2157 1954 1819 1940"/></Shape>
	    <String CONTENT=" ר ל " HPOS="1819.0" VPOS="1771.0" WIDTH="712.0" HEIGHT="212.0"><Glyph ID="char_112" CONTENT=" " GC="1.0"><Shape><Polygon POINTS="2452 1808 2438 1977 2494 1981 2508 1812"/></Shape></Glyph><Glyph ID="char_113" CONTENT="ר" GC="1.0"><Shape><Polygon POINTS="2418 1805 2405 1974 2438 1977 2452 1808"/></Shape></Glyph><Glyph ID="char_114" CONTENT=" " GC="1.0"><Shape><Polygon POINTS="2384 1802 2371 1971 2405 1974 2418 1805"/></Shape></Glyph><Glyph ID="char_115" CONTENT="ל" GC="1.0"><Shape><Polygon POINTS="2237 1791 2223 1959 2371 1971 2384 1802"/></Shape></Glyph><Glyph ID="char_116" CONTENT=" " GC="1.0"><Shape><Polygon POINTS="1950 1776 1943 1945 2223 1959 2237 1791"/></Shape></Glyph></String>
          </TextLine>

          
        </TextBlock>
        

        
      </PrintSpace>
    </Page>
  </Layout>
</alto>