<?xml version='1.0' encoding='UTF-8'?>
<alto xmlns:xsi="http://www.w3.org/2001/XMLSchema-instance" xmlns="http://www.loc.gov/standards/alto/ns-v4#" xsi:schemaLocation="http://www.loc.gov/standards/alto/ns-v4# http://www.loc.gov/standards/alto/v4/alto-4-2.xsd">
  <Description>
    <MeasurementUnit>pixel</MeasurementUnit>
    <sourceImageInformation>
      <fileName>P458-Fg006-R-C01-R01-D13052012-T142419-LR924_012_F.jpg</fileName>
      
    </sourceImageInformation>
  </Description>
  
  <Tags>
    <OtherTag ID="BT1443" LABEL="Parchment_or_papyrus" DESCRIPTION="block type Parchment_or_papyrus"/><OtherTag ID="BT2" LABEL="Main" DESCRIPTION="block type Main"/>
    
  </Tags>
  
  <Layout>
    <Page WIDTH="3608" HEIGHT="2706" PHYSICAL_IMG_NR="147" ID="eSc_dummypage_">
      <PrintSpace HPOS="0" VPOS="0" WIDTH="3608" HEIGHT="2706">
        
        <TextBlock HPOS="730.0" VPOS="988.0" WIDTH="1956.0" HEIGHT="1375.0" ID="eSc_textblock_269ba2a4" TAGREFS="BT2">
          <Shape><Polygon POINTS="730 988 730 2363 2680 2337 2686 1117"/></Shape>
          
          
          <TextLine ID="eSc_line_1789734" BASELINE="1528 1152 1607 1159 1819 1156 2000 1170 2482 1188" HPOS="1522.0" VPOS="1057.0" WIDTH="963.0" HEIGHT="194.0">
            <Shape><Polygon POINTS="1536 1057 1615 1064 1817 1061 2007 1075 2485 1093 2479 1251 1995 1233 1819 1219 1601 1221 1522 1214"/></Shape>
	    <String CONTENT=" את בתיהמ ואת אהלי " HPOS="1522.0" VPOS="1057.0" WIDTH="963.0" HEIGHT="194.0"><Glyph ID="char_0" CONTENT=" " GC="1.0"><Shape><Polygon POINTS="2420 1091 2414 1249 2457 1250 2463 1092"/></Shape></Glyph><Glyph ID="char_1" CONTENT="א" GC="1.0"><Shape><Polygon POINTS="2399 1090 2393 1248 2414 1249 2420 1091"/></Shape></Glyph><Glyph ID="char_2" CONTENT="ת" GC="1.0"><Shape><Polygon POINTS="2367 1089 2361 1247 2393 1248 2399 1090"/></Shape></Glyph><Glyph ID="char_3" CONTENT=" " GC="1.0"><Shape><Polygon POINTS="2314 1087 2308 1245 2361 1247 2367 1089"/></Shape></Glyph><Glyph ID="char_4" CONTENT="ב" GC="1.0"><Shape><Polygon POINTS="2261 1085 2256 1243 2308 1245 2314 1087"/></Shape></Glyph><Glyph ID="char_5" CONTENT="ת" GC="1.0"><Shape><Polygon POINTS="2208 1083 2203 1241 2256 1243 2261 1085"/></Shape></Glyph><Glyph ID="char_6" CONTENT="י" GC="1.0"><Shape><Polygon POINTS="2155 1081 2150 1239 2203 1241 2208 1083"/></Shape></Glyph><Glyph ID="char_7" CONTENT="ה" GC="1.0"><Shape><Polygon POINTS="2092 1078 2086 1236 2150 1239 2155 1081"/></Shape></Glyph><Glyph ID="char_8" CONTENT="מ" GC="1.0"><Shape><Polygon POINTS="2029 1076 2023 1234 2086 1236 2092 1078"/></Shape></Glyph><Glyph ID="char_9" CONTENT=" " GC="1.0"><Shape><Polygon POINTS="1968 1072 1956 1230 2023 1234 2029 1076"/></Shape></Glyph><Glyph ID="char_10" CONTENT="ו" GC="1.0"><Shape><Polygon POINTS="1905 1067 1892 1225 1956 1230 1968 1072"/></Shape></Glyph><Glyph ID="char_11" CONTENT="א" GC="1.0"><Shape><Polygon POINTS="1852 1064 1840 1221 1892 1225 1905 1067"/></Shape></Glyph><Glyph ID="char_12" CONTENT="ת" GC="1.0"><Shape><Polygon POINTS="1801 1061 1803 1219 1840 1221 1852 1064"/></Shape></Glyph><Glyph ID="char_13" CONTENT=" " GC="1.0"><Shape><Polygon POINTS="1780 1062 1782 1219 1803 1219 1801 1061"/></Shape></Glyph><Glyph ID="char_14" CONTENT="א" GC="1.0"><Shape><Polygon POINTS="1758 1062 1760 1220 1782 1219 1780 1062"/></Shape></Glyph><Glyph ID="char_15" CONTENT="ה" GC="1.0"><Shape><Polygon POINTS="1705 1063 1707 1220 1760 1220 1758 1062"/></Shape></Glyph><Glyph ID="char_16" CONTENT="ל" GC="1.0"><Shape><Polygon POINTS="1663 1063 1665 1220 1707 1220 1705 1063"/></Shape></Glyph><Glyph ID="char_17" CONTENT="י" GC="1.0"><Shape><Polygon POINTS="1610 1064 1612 1221 1665 1220 1663 1063"/></Shape></Glyph><Glyph ID="char_18" CONTENT=" " GC="1.0"><Shape><Polygon POINTS="1547 1058 1532 1215 1612 1221 1610 1064"/></Shape></Glyph></String>
          </TextLine>

          
          
          <TextLine ID="eSc_line_1789735" BASELINE="1634 1303 1810 1319 1925 1321 2092 1337 2261 1343 2457 1357 2570 1357" HPOS="1628.0" VPOS="1208.0" WIDTH="942.0" HEIGHT="212.0">
            <Shape><Polygon POINTS="1642 1208 1818 1224 1926 1226 2101 1242 2264 1248 2463 1262 2570 1262 2570 1420 2452 1420 2258 1406 2085 1399 1923 1384 1804 1381 1628 1365"/></Shape>
	    <String CONTENT=" המה ואת כול אשר לק " HPOS="1628.0" VPOS="1208.0" WIDTH="942.0" HEIGHT="212.0"><Glyph ID="char_19" CONTENT=" " GC="1.0"><Shape><Polygon POINTS="2516 1262 2516 1420 2548 1420 2548 1262"/></Shape></Glyph><Glyph ID="char_20" CONTENT="ה" GC="1.0"><Shape><Polygon POINTS="2473 1262 2473 1420 2516 1420 2516 1262"/></Shape></Glyph><Glyph ID="char_21" CONTENT="מ" GC="1.0"><Shape><Polygon POINTS="2416 1259 2404 1417 2473 1420 2473 1262"/></Shape></Glyph><Glyph ID="char_22" CONTENT="ה" GC="1.0"><Shape><Polygon POINTS="2363 1255 2352 1413 2404 1417 2416 1259"/></Shape></Glyph><Glyph ID="char_23" CONTENT=" " GC="1.0"><Shape><Polygon POINTS="2320 1252 2309 1410 2352 1413 2363 1255"/></Shape></Glyph><Glyph ID="char_24" CONTENT="ו" GC="1.0"><Shape><Polygon POINTS="2278 1249 2267 1407 2309 1410 2320 1252"/></Shape></Glyph><Glyph ID="char_25" CONTENT="א" GC="1.0"><Shape><Polygon POINTS="2221 1246 2215 1404 2267 1407 2278 1249"/></Shape></Glyph><Glyph ID="char_26" CONTENT="ת" GC="1.0"><Shape><Polygon POINTS="2179 1245 2173 1403 2215 1404 2221 1246"/></Shape></Glyph><Glyph ID="char_27" CONTENT=" " GC="1.0"><Shape><Polygon POINTS="2147 1244 2141 1401 2173 1403 2179 1245"/></Shape></Glyph><Glyph ID="char_28" CONTENT="כ" GC="1.0"><Shape><Polygon POINTS="2104 1242 2098 1400 2141 1401 2147 1244"/></Shape></Glyph><Glyph ID="char_29" CONTENT="ו" GC="1.0"><Shape><Polygon POINTS="2078 1240 2063 1397 2098 1400 2104 1242"/></Shape></Glyph><Glyph ID="char_30" CONTENT="ל" GC="1.0"><Shape><Polygon POINTS="2057 1238 2042 1395 2063 1397 2078 1240"/></Shape></Glyph><Glyph ID="char_31" CONTENT=" " GC="1.0"><Shape><Polygon POINTS="2014 1234 1999 1391 2042 1395 2057 1238"/></Shape></Glyph><Glyph ID="char_32" CONTENT="א" GC="1.0"><Shape><Polygon POINTS="1961 1229 1946 1386 1999 1391 2014 1234"/></Shape></Glyph><Glyph ID="char_33" CONTENT="ש" GC="1.0"><Shape><Polygon POINTS="1879 1225 1876 1383 1946 1386 1961 1229"/></Shape></Glyph><Glyph ID="char_34" CONTENT="ר" GC="1.0"><Shape><Polygon POINTS="1812 1223 1797 1380 1876 1383 1879 1225"/></Shape></Glyph><Glyph ID="char_35" CONTENT=" " GC="1.0"><Shape><Polygon POINTS="1780 1221 1765 1377 1797 1380 1812 1223"/></Shape></Glyph><Glyph ID="char_36" CONTENT="ל" GC="1.0"><Shape><Polygon POINTS="1738 1217 1723 1374 1765 1377 1780 1221"/></Shape></Glyph><Glyph ID="char_37" CONTENT="ק" GC="1.0"><Shape><Polygon POINTS="1674 1211 1659 1368 1723 1374 1738 1217"/></Shape></Glyph><Glyph ID="char_38" CONTENT=" " GC="1.0"><Shape><Polygon POINTS="1633 1302 1664 1305"/></Shape></Glyph></String>
          </TextLine>

          
          
          <TextLine ID="eSc_line_1789736" BASELINE="1670 1486 1941 1495 2099 1510 2399 1522 2541 1535 2609 1531" HPOS="1667.0" VPOS="1391.0" WIDTH="945.0" HEIGHT="206.0">
            <Shape><Polygon POINTS="1673 1391 1944 1400 2107 1415 2402 1427 2549 1440 2603 1436 2612 1594 2535 1597 2396 1585 2093 1572 1938 1558 1667 1549"/></Shape>
	    <String CONTENT=" ה הרואות את כול " HPOS="1667.0" VPOS="1391.0" WIDTH="945.0" HEIGHT="206.0"><Glyph ID="char_39" CONTENT=" " GC="1.0"><Shape><Polygon POINTS="2521 1438 2507 1595 2590 1595 2581 1438"/></Shape></Glyph><Glyph ID="char_40" CONTENT="ה" GC="1.0"><Shape><Polygon POINTS="2467 1433 2453 1590 2507 1595 2521 1438"/></Shape></Glyph><Glyph ID="char_41" CONTENT=" " GC="1.0"><Shape><Polygon POINTS="2414 1428 2400 1585 2453 1590 2467 1433"/></Shape></Glyph><Glyph ID="char_42" CONTENT="ה" GC="1.0"><Shape><Polygon POINTS="2346 1425 2339 1583 2400 1585 2414 1428"/></Shape></Glyph><Glyph ID="char_43" CONTENT="ר" GC="1.0"><Shape><Polygon POINTS="2292 1423 2285 1580 2339 1583 2346 1425"/></Shape></Glyph><Glyph ID="char_44" CONTENT="ו" GC="1.0"><Shape><Polygon POINTS="2239 1420 2232 1578 2285 1580 2292 1423"/></Shape></Glyph><Glyph ID="char_45" CONTENT="א" GC="1.0"><Shape><Polygon POINTS="2185 1418 2179 1576 2232 1578 2239 1420"/></Shape></Glyph><Glyph ID="char_46" CONTENT="ו" GC="1.0"><Shape><Polygon POINTS="2132 1416 2126 1573 2179 1576 2185 1418"/></Shape></Glyph><Glyph ID="char_47" CONTENT="ת" GC="1.0"><Shape><Polygon POINTS="2105 1415 2090 1572 2126 1573 2132 1416"/></Shape></Glyph><Glyph ID="char_48" CONTENT=" " GC="1.0"><Shape><Polygon POINTS="2062 1411 2047 1568 2090 1572 2105 1415"/></Shape></Glyph><Glyph ID="char_49" CONTENT="א" GC="1.0"><Shape><Polygon POINTS="2010 1406 1995 1563 2047 1568 2062 1411"/></Shape></Glyph><Glyph ID="char_50" CONTENT="ת" GC="1.0"><Shape><Polygon POINTS="1967 1402 1952 1559 1995 1563 2010 1406"/></Shape></Glyph><Glyph ID="char_51" CONTENT=" " GC="1.0"><Shape><Polygon POINTS="1929 1400 1924 1558 1952 1559 1967 1402"/></Shape></Glyph><Glyph ID="char_52" CONTENT="כ" GC="1.0"><Shape><Polygon POINTS="1886 1398 1881 1556 1924 1558 1929 1400"/></Shape></Glyph><Glyph ID="char_53" CONTENT="ו" GC="1.0"><Shape><Polygon POINTS="1854 1397 1849 1555 1881 1556 1886 1398"/></Shape></Glyph><Glyph ID="char_54" CONTENT="ל" GC="1.0"><Shape><Polygon POINTS="1833 1396 1828 1554 1849 1555 1854 1397"/></Shape></Glyph><Glyph ID="char_55" CONTENT=" " GC="1.0"><Shape><Polygon POINTS="1736 1393 1731 1551 1828 1554 1833 1396"/></Shape></Glyph></String>
          </TextLine>

          
          
          <TextLine ID="eSc_line_1789737" BASELINE="1240 1614 1474 1612 1614 1616 1794 1628 2079 1639 2245 1652 2435 1652" HPOS="1239.0" VPOS="1517.0" WIDTH="1196.0" HEIGHT="198.0">
            <Shape><Polygon POINTS="1239 1519 1473 1517 1616 1521 1800 1533 2082 1544 2252 1557 2435 1557 2435 1715 2240 1715 2076 1702 1789 1691 1612 1679 1474 1675 1240 1677"/></Shape>
	    <String CONTENT=" כמ ושמרתמ את כול " HPOS="1239.0" VPOS="1517.0" WIDTH="1196.0" HEIGHT="198.0"><Glyph ID="char_56" CONTENT=" " GC="1.0"><Shape><Polygon POINTS="2388 1557 2388 1715 2420 1715 2420 1557"/></Shape></Glyph><Glyph ID="char_57" CONTENT="כ" GC="1.0"><Shape><Polygon POINTS="2335 1557 2335 1715 2388 1715 2388 1557"/></Shape></Glyph><Glyph ID="char_58" CONTENT="מ" GC="1.0"><Shape><Polygon POINTS="2271 1557 2271 1715 2335 1715 2335 1557"/></Shape></Glyph><Glyph ID="char_59" CONTENT=" " GC="1.0"><Shape><Polygon POINTS="2225 1555 2213 1713 2271 1715 2271 1557"/></Shape></Glyph><Glyph ID="char_60" CONTENT="ו" GC="1.0"><Shape><Polygon POINTS="2172 1551 2160 1709 2213 1713 2225 1555"/></Shape></Glyph><Glyph ID="char_61" CONTENT="ש" GC="1.0"><Shape><Polygon POINTS="2109 1546 2096 1704 2160 1709 2172 1551"/></Shape></Glyph><Glyph ID="char_62" CONTENT="מ" GC="1.0"><Shape><Polygon POINTS="2030 1542 2024 1700 2096 1704 2109 1546"/></Shape></Glyph><Glyph ID="char_63" CONTENT="ר" GC="1.0"><Shape><Polygon POINTS="1966 1539 1960 1698 2024 1700 2030 1542"/></Shape></Glyph><Glyph ID="char_64" CONTENT="ת" GC="1.0"><Shape><Polygon POINTS="1902 1537 1896 1695 1960 1698 1966 1539"/></Shape></Glyph><Glyph ID="char_65" CONTENT="מ" GC="1.0"><Shape><Polygon POINTS="1849 1535 1843 1693 1896 1695 1902 1537"/></Shape></Glyph><Glyph ID="char_66" CONTENT=" " GC="1.0"><Shape><Polygon POINTS="1807 1533 1801 1691 1843 1693 1849 1535"/></Shape></Glyph><Glyph ID="char_67" CONTENT="א" GC="1.0"><Shape><Polygon POINTS="1746 1529 1735 1687 1801 1691 1807 1533"/></Shape></Glyph><Glyph ID="char_68" CONTENT="ת" GC="1.0"><Shape><Polygon POINTS="1703 1527 1693 1684 1735 1687 1746 1529"/></Shape></Glyph><Glyph ID="char_69" CONTENT=" " GC="1.0"><Shape><Polygon POINTS="1671 1525 1661 1682 1693 1684 1703 1527"/></Shape></Glyph><Glyph ID="char_70" CONTENT="כ" GC="1.0"><Shape><Polygon POINTS="1639 1523 1629 1680 1661 1682 1671 1525"/></Shape></Glyph><Glyph ID="char_71" CONTENT="ו" GC="1.0"><Shape><Polygon POINTS="1594 1520 1589 1678 1629 1680 1639 1523"/></Shape></Glyph><Glyph ID="char_72" CONTENT="ל" GC="1.0"><Shape><Polygon POINTS="1562 1519 1557 1677 1589 1678 1594 1520"/></Shape></Glyph><Glyph ID="char_73" CONTENT=" " GC="1.0"><Shape><Polygon POINTS="1377 1518 1379 1676 1557 1677 1562 1519"/></Shape></Glyph></String>
          </TextLine>

          
          
          <TextLine ID="eSc_line_1789739" BASELINE="789 1745 1028 1756 1186 1770 1339 1772 2036 1817 2112 1817 2250 1831 2291 1840" HPOS="786.0" VPOS="1650.0" WIDTH="1525.0" HEIGHT="251.0">
            <Shape><Polygon POINTS="793 1650 1032 1661 1194 1675 1340 1677 2042 1722 2112 1722 2259 1736 2311 1747 2277 1901 2243 1893 2112 1880 2031 1880 1338 1835 1180 1832 1025 1819 786 1808"/></Shape>
	    <String CONTENT=" מ ואת בניכמה תצוומ למען תחזקו" HPOS="786.0" VPOS="1650.0" WIDTH="1525.0" HEIGHT="251.0"><Glyph ID="char_74" CONTENT=" " GC="1.0"><Shape><Polygon POINTS="2237 1734 2221 1891 2256 1896 2290 1743"/></Shape></Glyph><Glyph ID="char_75" CONTENT="מ" GC="1.0"><Shape><Polygon POINTS="2195 1730 2179 1887 2221 1891 2237 1734"/></Shape></Glyph><Glyph ID="char_76" CONTENT=" " GC="1.0"><Shape><Polygon POINTS="2153 1726 2137 1882 2179 1887 2195 1730"/></Shape></Glyph><Glyph ID="char_77" CONTENT="ו" GC="1.0"><Shape><Polygon POINTS="2090 1722 2090 1880 2137 1882 2153 1726"/></Shape></Glyph><Glyph ID="char_78" CONTENT="א" GC="1.0"><Shape><Polygon POINTS="2037 1722 2037 1880 2090 1880 2090 1722"/></Shape></Glyph><Glyph ID="char_79" CONTENT="ת" GC="1.0"><Shape><Polygon POINTS="2001 1719 1991 1877 2037 1880 2037 1722"/></Shape></Glyph><Glyph ID="char_80" CONTENT=" " GC="1.0"><Shape><Polygon POINTS="1959 1717 1949 1875 1991 1877 2001 1719"/></Shape></Glyph><Glyph ID="char_81" CONTENT="ב" GC="1.0"><Shape><Polygon POINTS="1916 1714 1906 1872 1949 1875 1959 1717"/></Shape></Glyph><Glyph ID="char_82" CONTENT="נ" GC="1.0"><Shape><Polygon POINTS="1874 1711 1864 1869 1906 1872 1916 1714"/></Shape></Glyph><Glyph ID="char_83" CONTENT="י" GC="1.0"><Shape><Polygon POINTS="1821 1708 1811 1866 1864 1869 1874 1711"/></Shape></Glyph><Glyph ID="char_84" CONTENT="כ" GC="1.0"><Shape><Polygon POINTS="1768 1704 1758 1862 1811 1866 1821 1708"/></Shape></Glyph><Glyph ID="char_85" CONTENT="מ" GC="1.0"><Shape><Polygon POINTS="1704 1700 1694 1858 1758 1862 1768 1704"/></Shape></Glyph><Glyph ID="char_86" CONTENT="ה" GC="1.0"><Shape><Polygon POINTS="1641 1696 1630 1854 1694 1858 1704 1700"/></Shape></Glyph><Glyph ID="char_87" CONTENT=" " GC="1.0"><Shape><Polygon POINTS="1599 1694 1588 1851 1630 1854 1641 1696"/></Shape></Glyph><Glyph ID="char_88" CONTENT="ת" GC="1.0"><Shape><Polygon POINTS="1535 1689 1525 1847 1588 1851 1599 1694"/></Shape></Glyph><Glyph ID="char_89" CONTENT="צ" GC="1.0"><Shape><Polygon POINTS="1482 1686 1472 1844 1525 1847 1535 1689"/></Shape></Glyph><Glyph ID="char_90" CONTENT="ו" GC="1.0"><Shape><Polygon POINTS="1440 1683 1430 1841 1472 1844 1482 1686"/></Shape></Glyph><Glyph ID="char_91" CONTENT="ו" GC="1.0"><Shape><Polygon POINTS="1387 1680 1377 1838 1430 1841 1440 1683"/></Shape></Glyph><Glyph ID="char_92" CONTENT="מ" GC="1.0"><Shape><Polygon POINTS="1329 1677 1327 1835 1377 1838 1387 1680"/></Shape></Glyph><Glyph ID="char_93" CONTENT=" " GC="1.0"><Shape><Polygon POINTS="1286 1676 1284 1834 1327 1835 1329 1677"/></Shape></Glyph><Glyph ID="char_94" CONTENT="ל" GC="1.0"><Shape><Polygon POINTS="1244 1676 1242 1833 1284 1834 1286 1676"/></Shape></Glyph><Glyph ID="char_95" CONTENT="מ" GC="1.0"><Shape><Polygon POINTS="1191 1675 1189 1832 1242 1833 1244 1676"/></Shape></Glyph><Glyph ID="char_96" CONTENT="ע" GC="1.0"><Shape><Polygon POINTS="1146 1671 1132 1828 1189 1832 1191 1675"/></Shape></Glyph><Glyph ID="char_97" CONTENT="ן" GC="1.0"><Shape><Polygon POINTS="1114 1668 1100 1825 1132 1828 1146 1671"/></Shape></Glyph><Glyph ID="char_98" CONTENT=" " GC="1.0"><Shape><Polygon POINTS="1082 1665 1068 1823 1100 1825 1114 1668"/></Shape></Glyph><Glyph ID="char_99" CONTENT="ת" GC="1.0"><Shape><Polygon POINTS="1015 1660 1008 1818 1068 1823 1082 1665"/></Shape></Glyph><Glyph ID="char_100" CONTENT="ח" GC="1.0"><Shape><Polygon POINTS="963 1658 955 1816 1008 1818 1015 1660"/></Shape></Glyph><Glyph ID="char_101" CONTENT="ז" GC="1.0"><Shape><Polygon POINTS="910 1655 902 1813 955 1816 963 1658"/></Shape></Glyph><Glyph ID="char_102" CONTENT="ק" GC="1.0"><Shape><Polygon POINTS="857 1653 849 1811 902 1813 910 1655"/></Shape></Glyph><Glyph ID="char_103" CONTENT="ו" GC="1.0"><Shape><Polygon POINTS="804 1650 796 1808 849 1811 857 1653"/></Shape></Glyph></String>
          </TextLine>

          
          
          <TextLine ID="eSc_line_1789740" BASELINE="777 1900 1215 1925 1371 1941 1531 1950 1679 1952 1822 1964 1952 1968 2194 1995 2311 1995" HPOS="773.0" VPOS="1805.0" WIDTH="1538.0" HEIGHT="253.0">
            <Shape><Polygon POINTS="782 1805 1220 1830 1380 1846 1536 1855 1680 1857 1829 1869 1954 1873 2204 1900 2311 1900 2311 2058 2186 2057 1950 2031 1816 2026 1678 2015 1527 2013 1364 2003 1211 1988 773 1963"/></Shape>
	    <String CONTENT=" את הארץ אשר אתמ עבר שמה" HPOS="773.0" VPOS="1805.0" WIDTH="1538.0" HEIGHT="253.0"><Glyph ID="char_104" CONTENT=" " GC="1.0"><Shape><Polygon POINTS="2199 1899 2199 2057 2274 2058 2274 1900"/></Shape></Glyph><Glyph ID="char_105" CONTENT="א" GC="1.0"><Shape><Polygon POINTS="2146 1894 2129 2051 2199 2057 2199 1899"/></Shape></Glyph><Glyph ID="char_106" CONTENT="ת" GC="1.0"><Shape><Polygon POINTS="2104 1889 2087 2046 2129 2051 2146 1894"/></Shape></Glyph><Glyph ID="char_107" CONTENT=" " GC="1.0"><Shape><Polygon POINTS="2062 1885 2044 2041 2087 2046 2104 1889"/></Shape></Glyph><Glyph ID="char_108" CONTENT="ה" GC="1.0"><Shape><Polygon POINTS="1998 1878 1980 2034 2044 2041 2062 1885"/></Shape></Glyph><Glyph ID="char_109" CONTENT="א" GC="1.0"><Shape><Polygon POINTS="1938 1872 1933 2030 1980 2034 1998 1878"/></Shape></Glyph><Glyph ID="char_110" CONTENT="ר" GC="1.0"><Shape><Polygon POINTS="1874 1870 1869 2028 1933 2030 1938 1872"/></Shape></Glyph><Glyph ID="char_111" CONTENT="ץ" GC="1.0"><Shape><Polygon POINTS="1832 1869 1827 2026 1869 2028 1874 1870"/></Shape></Glyph><Glyph ID="char_112" CONTENT=" " GC="1.0"><Shape><Polygon POINTS="1794 1866 1781 2023 1827 2026 1832 1869"/></Shape></Glyph><Glyph ID="char_113" CONTENT="א" GC="1.0"><Shape><Polygon POINTS="1741 1862 1728 2019 1781 2023 1794 1866"/></Shape></Glyph><Glyph ID="char_114" CONTENT="ש" GC="1.0"><Shape><Polygon POINTS="1659 1857 1657 2015 1728 2019 1741 1862"/></Shape></Glyph><Glyph ID="char_115" CONTENT="ר" GC="1.0"><Shape><Polygon POINTS="1595 1856 1593 2014 1657 2015 1659 1857"/></Shape></Glyph><Glyph ID="char_116" CONTENT=" " GC="1.0"><Shape><Polygon POINTS="1553 1855 1551 2013 1593 2014 1595 1856"/></Shape></Glyph><Glyph ID="char_117" CONTENT="א" GC="1.0"><Shape><Polygon POINTS="1494 1853 1485 2010 1551 2013 1553 1855"/></Shape></Glyph><Glyph ID="char_118" CONTENT="ת" GC="1.0"><Shape><Polygon POINTS="1440 1849 1431 2007 1485 2010 1494 1853"/></Shape></Glyph><Glyph ID="char_119" CONTENT="מ" GC="1.0"><Shape><Polygon POINTS="1398 1847 1389 2005 1431 2007 1440 1849"/></Shape></Glyph><Glyph ID="char_120" CONTENT=" " GC="1.0"><Shape><Polygon POINTS="1359 1844 1343 2001 1389 2005 1398 1847"/></Shape></Glyph><Glyph ID="char_121" CONTENT="ע" GC="1.0"><Shape><Polygon POINTS="1296 1838 1279 1995 1343 2001 1359 1844"/></Shape></Glyph><Glyph ID="char_122" CONTENT="ב" GC="1.0"><Shape><Polygon POINTS="1232 1831 1216 1988 1279 1995 1296 1838"/></Shape></Glyph><Glyph ID="char_123" CONTENT="ר" GC="1.0"><Shape><Polygon POINTS="1154 1826 1145 1984 1216 1988 1232 1831"/></Shape></Glyph><Glyph ID="char_124" CONTENT=" " GC="1.0"><Shape><Polygon POINTS="1069 1821 1060 1979 1145 1984 1154 1826"/></Shape></Glyph><Glyph ID="char_125" CONTENT="ש" GC="1.0"><Shape><Polygon POINTS="962 1815 953 1973 1060 1979 1069 1821"/></Shape></Glyph><Glyph ID="char_126" CONTENT="מ" GC="1.0"><Shape><Polygon POINTS="866 1810 857 1968 953 1973 962 1815"/></Shape></Glyph><Glyph ID="char_127" CONTENT="ה" GC="1.0"><Shape><Polygon POINTS="793 1806 783 1964 857 1968 866 1810"/></Shape></Glyph></String>
          </TextLine>

          
          
          <TextLine ID="eSc_line_1789741" BASELINE="1332 2106 1452 2115 1610 2115 2061 2133 2180 2133" HPOS="1327.0" VPOS="2011.0" WIDTH="853.0" HEIGHT="185.0">
            <Shape><Polygon POINTS="1339 2011 1459 2020 1610 2020 2064 2038 2180 2038 2180 2196 2058 2196 1610 2178 1447 2178 1327 2169"/></Shape>
	    <String CONTENT=" ו ימים על האדמ " HPOS="1327.0" VPOS="2011.0" WIDTH="853.0" HEIGHT="185.0"><Glyph ID="char_128" CONTENT=" " GC="1.0"><Shape><Polygon POINTS="2137 2038 2137 2196 2178 2196 2178 2038"/></Shape></Glyph><Glyph ID="char_129" CONTENT="ו" GC="1.0"><Shape><Polygon POINTS="2083 2038 2083 2196 2137 2196 2137 2038"/></Shape></Glyph><Glyph ID="char_130" CONTENT=" " GC="1.0"><Shape><Polygon POINTS="2024 2036 2018 2194 2083 2196 2083 2038"/></Shape></Glyph><Glyph ID="char_131" CONTENT="י" GC="1.0"><Shape><Polygon POINTS="1971 2034 1965 2192 2018 2194 2024 2036"/></Shape></Glyph><Glyph ID="char_132" CONTENT="מ" GC="1.0"><Shape><Polygon POINTS="1907 2032 1901 2190 1965 2192 1971 2034"/></Shape></Glyph><Glyph ID="char_133" CONTENT="י" GC="1.0"><Shape><Polygon POINTS="1843 2029 1837 2187 1901 2190 1907 2032"/></Shape></Glyph><Glyph ID="char_134" CONTENT="ם" GC="1.0"><Shape><Polygon POINTS="1801 2028 1795 2185 1837 2187 1843 2029"/></Shape></Glyph><Glyph ID="char_135" CONTENT=" " GC="1.0"><Shape><Polygon POINTS="1748 2025 1742 2183 1795 2185 1801 2028"/></Shape></Glyph><Glyph ID="char_136" CONTENT="ע" GC="1.0"><Shape><Polygon POINTS="1695 2023 1689 2181 1742 2183 1748 2025"/></Shape></Glyph><Glyph ID="char_137" CONTENT="ל" GC="1.0"><Shape><Polygon POINTS="1663 2022 1657 2180 1689 2181 1695 2023"/></Shape></Glyph><Glyph ID="char_138" CONTENT=" " GC="1.0"><Shape><Polygon POINTS="1621 2020 1615 2178 1657 2180 1663 2022"/></Shape></Glyph><Glyph ID="char_139" CONTENT="ה" GC="1.0"><Shape><Polygon POINTS="1564 2020 1564 2178 1615 2178 1621 2020"/></Shape></Glyph><Glyph ID="char_140" CONTENT="א" GC="1.0"><Shape><Polygon POINTS="1501 2020 1501 2178 1564 2178 1564 2020"/></Shape></Glyph><Glyph ID="char_141" CONTENT="ד" GC="1.0"><Shape><Polygon POINTS="1413 2017 1400 2174 1501 2178 1501 2020"/></Shape></Glyph><Glyph ID="char_142" CONTENT="מ" GC="1.0"><Shape><Polygon POINTS="1350 2012 1337 2170 1400 2174 1413 2017"/></Shape></Glyph><Glyph ID="char_143" CONTENT=" " GC="1.0"><Shape><Polygon POINTS="1331 2105 1341 2105"/></Shape></Glyph></String>
          </TextLine>

          
          
          <TextLine ID="eSc_line_1789738" BASELINE="1578 2275 1912 2295 1946 2295 1986 2286" HPOS="1574.0" VPOS="2180.0" WIDTH="425.0" HEIGHT="178.0">
            <Shape><Polygon POINTS="1583 2180 1917 2200 1946 2200 1965 2193 1999 2347 1946 2358 1908 2358 1574 2338"/></Shape>
	    <String CONTENT=" ל מ ולזר " HPOS="1574.0" VPOS="2180.0" WIDTH="425.0" HEIGHT="178.0"><Glyph ID="char_144" CONTENT=" " GC="1.0"><Shape><Polygon POINTS="1932 2200 1967 2354 1988 2349 1954 2197"/></Shape></Glyph><Glyph ID="char_145" CONTENT="ל" GC="1.0"><Shape><Polygon POINTS="1921 2200 1921 2358 1967 2354 1932 2200"/></Shape></Glyph><Glyph ID="char_146" CONTENT=" " GC="1.0"><Shape><Polygon POINTS="1895 2199 1885 2357 1921 2358 1921 2200"/></Shape></Glyph><Glyph ID="char_147" CONTENT="מ" GC="1.0"><Shape><Polygon POINTS="1852 2196 1843 2354 1885 2357 1895 2199"/></Shape></Glyph><Glyph ID="char_148" CONTENT=" " GC="1.0"><Shape><Polygon POINTS="1809 2194 1800 2352 1843 2354 1852 2196"/></Shape></Glyph><Glyph ID="char_149" CONTENT="ו" GC="1.0"><Shape><Polygon POINTS="1766 2191 1756 2349 1800 2352 1809 2194"/></Shape></Glyph><Glyph ID="char_150" CONTENT="ל" GC="1.0"><Shape><Polygon POINTS="1734 2189 1724 2347 1756 2349 1766 2191"/></Shape></Glyph><Glyph ID="char_151" CONTENT="ז" GC="1.0"><Shape><Polygon POINTS="1702 2187 1692 2345 1724 2347 1734 2189"/></Shape></Glyph><Glyph ID="char_152" CONTENT="ר" GC="1.0"><Shape><Polygon POINTS="1648 2184 1638 2342 1692 2345 1702 2187"/></Shape></Glyph><Glyph ID="char_153" CONTENT=" " GC="1.0"><Shape><Polygon POINTS="1594 2181 1584 2339 1638 2342 1648 2184"/></Shape></Glyph></String>
          </TextLine>

          
        </TextBlock>
        

        
      </PrintSpace>
    </Page>
  </Layout>
</alto>