<?xml version='1.0' encoding='UTF-8'?>
<alto xmlns:xsi="http://www.w3.org/2001/XMLSchema-instance" xmlns="http://www.loc.gov/standards/alto/ns-v4#" xsi:schemaLocation="http://www.loc.gov/standards/alto/ns-v4# http://www.loc.gov/standards/alto/v4/alto-4-2.xsd">
  <Description>
    <MeasurementUnit>pixel</MeasurementUnit>
    <sourceImageInformation>
      <fileName>P467-Fg005-R-C01-R01-D13072014-T132800-LR924_012.jpg</fileName>
      
    </sourceImageInformation>
  </Description>
  
  <Tags>
    <OtherTag ID="BT1443" LABEL="Parchment_or_papyrus" DESCRIPTION="block type Parchment_or_papyrus"/><OtherTag ID="BT2" LABEL="Main" DESCRIPTION="block type Main"/>
    
  </Tags>
  
  <Layout>
    <Page WIDTH="3608" HEIGHT="2706" PHYSICAL_IMG_NR="406" ID="eSc_dummypage_">
      <PrintSpace HPOS="0" VPOS="0" WIDTH="3608" HEIGHT="2706">
        
        <TextBlock HPOS="1457.0" VPOS="423.0" WIDTH="1795.0" HEIGHT="1865.0" ID="eSc_textblock_406e8064" TAGREFS="BT2">
          <Shape><Polygon POINTS="1457 423 1457 2288 3252 2288 3252 423"/></Shape>
          
          
          <TextLine ID="eSc_line_1789803" BASELINE="1481 520 1553 525 1634 516 1677 523" HPOS="1476.0" VPOS="415.0" WIDTH="217.0" HEIGHT="177.0">
            <Shape><Polygon POINTS="1488 418 1560 423 1622 415 1693 422 1666 589 1641 583 1548 592 1476 587"/></Shape>
	    <String CONTENT=" ץ" HPOS="1476.0" VPOS="415.0" WIDTH="217.0" HEIGHT="177.0"><Glyph ID="char_0" CONTENT=" " GC="1.0"><Shape><Polygon POINTS="1523 420 1509 589 1637 583 1618 416"/></Shape></Glyph><Glyph ID="char_1" CONTENT="ץ" GC="1.0"><Shape><Polygon POINTS="1480 519 1514 521"/></Shape></Glyph></String>
          </TextLine>

          
          
          <TextLine ID="eSc_line_1789804" BASELINE="1486 644 1533 653 1592 653 1770 644 1860 631" HPOS="1473.0" VPOS="530.0" WIDTH="396.0" HEIGHT="190.0">
            <Shape><Polygon POINTS="1505 544 1552 553 1592 551 1764 542 1845 530 1869 697 1773 711 1592 720 1520 719 1473 710"/></Shape>
	    <String CONTENT=" טותמה" HPOS="1473.0" VPOS="530.0" WIDTH="396.0" HEIGHT="190.0"><Glyph ID="char_2" CONTENT=" " GC="1.0"><Shape><Polygon POINTS="1799 537 1823 704 1857 699 1833 532"/></Shape></Glyph><Glyph ID="char_3" CONTENT="ט" GC="1.0"><Shape><Polygon POINTS="1765 542 1789 709 1823 704 1799 537"/></Shape></Glyph><Glyph ID="char_4" CONTENT="ו" GC="1.0"><Shape><Polygon POINTS="1718 544 1726 713 1789 709 1765 542"/></Shape></Glyph><Glyph ID="char_5" CONTENT="ת" GC="1.0"><Shape><Polygon POINTS="1650 548 1658 717 1726 713 1718 544"/></Shape></Glyph><Glyph ID="char_6" CONTENT="מ" GC="1.0"><Shape><Polygon POINTS="1593 551 1601 720 1658 717 1650 548"/></Shape></Glyph><Glyph ID="char_7" CONTENT="ה" GC="1.0"><Shape><Polygon POINTS="1528 548 1494 714 1601 720 1593 551"/></Shape></Glyph></String>
          </TextLine>

          
          
          <TextLine ID="eSc_line_1789805" BASELINE="1610 782 1686 789 1819 789 1896 782" HPOS="1603.0" VPOS="681.0" WIDTH="299.0" HEIGHT="175.0">
            <Shape><Polygon POINTS="1619 681 1695 688 1819 687 1886 681 1902 849 1819 856 1679 856 1603 849"/></Shape>
	    <String CONTENT=" את" HPOS="1603.0" VPOS="681.0" WIDTH="299.0" HEIGHT="175.0"><Glyph ID="char_8" CONTENT=" " GC="1.0"><Shape><Polygon POINTS="1804 687 1804 856 1866 852 1851 684"/></Shape></Glyph><Glyph ID="char_9" CONTENT="א" GC="1.0"><Shape><Polygon POINTS="1747 688 1747 856 1804 856 1804 687"/></Shape></Glyph><Glyph ID="char_10" CONTENT="ת" GC="1.0"><Shape><Polygon POINTS="1654 684 1637 852 1747 856 1747 688"/></Shape></Glyph></String>
          </TextLine>

          
          
          <TextLine ID="eSc_line_1789806" BASELINE="1664 915 1716 924 1871 922 1950 926" HPOS="1652.0" VPOS="815.0" WIDTH="303.0" HEIGHT="178.0">
            <Shape><Polygon POINTS="1681 815 1733 824 1869 820 1955 824 1946 993 1871 989 1704 990 1652 981"/></Shape>
	    <String CONTENT=" מות" HPOS="1652.0" VPOS="815.0" WIDTH="303.0" HEIGHT="178.0"><Glyph ID="char_11" CONTENT=" " GC="1.0"><Shape><Polygon POINTS="1856 820 1858 989 1911 991 1919 822"/></Shape></Glyph><Glyph ID="char_12" CONTENT="מ" GC="1.0"><Shape><Polygon POINTS="1799 822 1801 989 1858 989 1856 820"/></Shape></Glyph><Glyph ID="char_13" CONTENT="ו" GC="1.0"><Shape><Polygon POINTS="1741 824 1743 990 1801 989 1799 822"/></Shape></Glyph><Glyph ID="char_14" CONTENT="ת" GC="1.0"><Shape><Polygon POINTS="1693 817 1662 983 1743 990 1741 824"/></Shape></Glyph></String>
          </TextLine>

          
          
          <TextLine ID="eSc_line_1789813" BASELINE="2912 1338 3073 1472 3143 1542 3163 1551 3203 1578" HPOS="2868.0" VPOS="1260.0" WIDTH="391.0" HEIGHT="374.0">
            <Shape><Polygon POINTS="2976 1260 3137 1394 3214 1470 3204 1458 3259 1493 3165 1634 3135 1612 3095 1589 3029 1523 2868 1389"/></Shape>
	    <String CONTENT=" מיהם ם " HPOS="2868.0" VPOS="1260.0" WIDTH="391.0" HEIGHT="374.0"><Glyph ID="char_15" CONTENT=" " GC="1.0"><Shape><Polygon POINTS="3230 1474 3136 1613 3163 1633 3258 1493"/></Shape></Glyph><Glyph ID="char_16" CONTENT="מ" GC="1.0"><Shape><Polygon POINTS="3196 1452 3126 1607 3136 1613 3230 1474"/></Shape></Glyph><Glyph ID="char_17" CONTENT="י" GC="1.0"><Shape><Polygon POINTS="3198 1454 3079 1573 3126 1607 3196 1452"/></Shape></Glyph><Glyph ID="char_18" CONTENT="ה" GC="1.0"><Shape><Polygon POINTS="3158 1414 3039 1533 3079 1573 3198 1454"/></Shape></Glyph><Glyph ID="char_19" CONTENT="ם" GC="1.0"><Shape><Polygon POINTS="3108 1370 3000 1499 3039 1533 3158 1414"/></Shape></Glyph><Glyph ID="char_20" CONTENT=" " GC="1.0"><Shape><Polygon POINTS="3055 1326 2948 1455 3000 1499 3108 1370"/></Shape></Glyph><Glyph ID="char_21" CONTENT="ם" GC="1.0"><Shape><Polygon POINTS="3002 1282 2895 1411 2948 1455 3055 1326"/></Shape></Glyph><Glyph ID="char_22" CONTENT=" " GC="1.0"><Shape><Polygon POINTS="2911 1337 2937 1359"/></Shape></Glyph></String>
          </TextLine>

          
          
          <TextLine ID="eSc_line_1789807" BASELINE="1916 1177 1991 1174 2099 1186 2176 1179 2304 1217 2351 1226 2381 1242 2421 1244 2433 1240 2676 1357 3026 1612 3082 1646 3129 1661" HPOS="1911.0" VPOS="1072.0" WIDTH="1248.0" HEIGHT="653.0">
            <Shape><Polygon POINTS="1911 1075 1986 1072 2110 1085 2166 1078 2332 1119 2370 1126 2428 1152 2400 1143 2428.37 1153.85 2719 1265 3085 1530 3134 1559 3159 1564 3108 1725 3046 1703 2986 1666 2646 1417 2454 1304 2417 1311 2349 1301 2338 1292 2284 1281 2182 1246 2091 1253 1993 1241 1918 1244"/></Shape>
	    <String CONTENT=" ר הארץ מזרע הארץ מפרי העץ" HPOS="1911.0" VPOS="1072.0" WIDTH="1248.0" HEIGHT="653.0"><Glyph ID="char_23" CONTENT=" " GC="1.0"><Shape><Polygon POINTS="3137 1560 3086 1717 3107 1725 3158 1564"/></Shape></Glyph><Glyph ID="char_24" CONTENT="ר" GC="1.0"><Shape><Polygon POINTS="3116 1548 3064 1710 3086 1717 3137 1560"/></Shape></Glyph><Glyph ID="char_25" CONTENT=" " GC="1.0"><Shape><Polygon POINTS="3108 1543 3020 1687 3064 1710 3116 1548"/></Shape></Glyph><Glyph ID="char_26" CONTENT="ה" GC="1.0"><Shape><Polygon POINTS="3076 1523 2977 1659 3020 1687 3108 1543"/></Shape></Glyph><Glyph ID="char_27" CONTENT="א" GC="1.0"><Shape><Polygon POINTS="3039 1497 2941 1633 2977 1659 3076 1523"/></Shape></Glyph><Glyph ID="char_28" CONTENT="ר" GC="1.0"><Shape><Polygon POINTS="2993 1464 2895 1599 2941 1633 3039 1497"/></Shape></Glyph><Glyph ID="char_29" CONTENT="ץ" GC="1.0"><Shape><Polygon POINTS="2956 1437 2857 1572 2895 1599 2993 1464"/></Shape></Glyph><Glyph ID="char_30" CONTENT=" " GC="1.0"><Shape><Polygon POINTS="2919 1410 2820 1545 2857 1572 2956 1437"/></Shape></Glyph><Glyph ID="char_31" CONTENT="מ" GC="1.0"><Shape><Polygon POINTS="2882 1383 2784 1518 2820 1545 2919 1410"/></Shape></Glyph><Glyph ID="char_32" CONTENT="ז" GC="1.0"><Shape><Polygon POINTS="2854 1363 2756 1497 2784 1518 2882 1383"/></Shape></Glyph><Glyph ID="char_33" CONTENT="ר" GC="1.0"><Shape><Polygon POINTS="2817 1336 2719 1471 2756 1497 2854 1363"/></Shape></Glyph><Glyph ID="char_34" CONTENT="ע" GC="1.0"><Shape><Polygon POINTS="2790 1316 2692 1451 2719 1471 2817 1336"/></Shape></Glyph><Glyph ID="char_35" CONTENT=" " GC="1.0"><Shape><Polygon POINTS="2762 1296 2664 1430 2692 1451 2790 1316"/></Shape></Glyph><Glyph ID="char_36" CONTENT="ה" GC="1.0"><Shape><Polygon POINTS="2698 1257 2626 1405 2664 1430 2762 1296"/></Shape></Glyph><Glyph ID="char_37" CONTENT="א" GC="1.0"><Shape><Polygon POINTS="2644 1236 2577 1376 2626 1405 2698 1257"/></Shape></Glyph><Glyph ID="char_38" CONTENT="ר" GC="1.0"><Shape><Polygon POINTS="2591 1216 2528 1347 2577 1376 2644 1236"/></Shape></Glyph><Glyph ID="char_39" CONTENT="ץ" GC="1.0"><Shape><Polygon POINTS="2559 1204 2498 1330 2528 1347 2591 1216"/></Shape></Glyph><Glyph ID="char_40" CONTENT=" " GC="1.0"><Shape><Polygon POINTS="2527 1191 2469 1313 2498 1330 2559 1204"/></Shape></Glyph><Glyph ID="char_41" CONTENT="מ" GC="1.0"><Shape><Polygon POINTS="2495 1179 2432 1308 2469 1313 2527 1191"/></Shape></Glyph><Glyph ID="char_42" CONTENT="פ" GC="1.0"><Shape><Polygon POINTS="2411 1144 2402 1309 2432 1308 2495 1179"/></Shape></Glyph><Glyph ID="char_43" CONTENT="ר" GC="1.0"><Shape><Polygon POINTS="2410 1144 2332 1291 2402 1309 2411 1144"/></Shape></Glyph><Glyph ID="char_44" CONTENT="י" GC="1.0"><Shape><Polygon POINTS="2260 1101 2213 1257 2332 1291 2410 1144"/></Shape></Glyph><Glyph ID="char_45" CONTENT=" " GC="1.0"><Shape><Polygon POINTS="2086 1082 2067 1250 2213 1257 2260 1101"/></Shape></Glyph><Glyph ID="char_46" CONTENT="ה" GC="1.0"><Shape><Polygon POINTS="2040 1078 2021 1244 2067 1250 2086 1082"/></Shape></Glyph><Glyph ID="char_47" CONTENT="ע" GC="1.0"><Shape><Polygon POINTS="1968 1073 1975 1242 2021 1244 2040 1078"/></Shape></Glyph><Glyph ID="char_48" CONTENT="ץ" GC="1.0"><Shape><Polygon POINTS="1915 1177 1971 1174"/></Shape></Glyph></String>
          </TextLine>

          
          
          <TextLine ID="eSc_line_1789811" BASELINE="1580 1330 1634 1330 1948 1285 2045 1292 2389 1411 2410 1411 2592 1414 2690 1499 2712 1510 2825 1589 2881 1623 2922 1666 2967 1704 3030 1745" HPOS="1580.0" VPOS="1184.0" WIDTH="1505.0" HEIGHT="617.0">
            <Shape><Polygon POINTS="1580 1228 1634 1228 1933 1184 2052 1190 2422 1315 2410 1309 2593 1312 2756 1422 2757 1419 2883 1505 2933 1536 2995 1596 3032 1626 3085 1660 2993 1801 2923 1755 2873 1712 2845 1680 2786 1644 2681 1570 2645 1550 2590 1481 2410 1478 2366 1474 2040 1359 1957 1351 1634 1397 1580 1397"/></Shape>
	    <String CONTENT=" א קדש ליהוה ואם גאול יגאל" HPOS="1580.0" VPOS="1184.0" WIDTH="1505.0" HEIGHT="617.0"><Glyph ID="char_49" CONTENT=" " GC="1.0"><Shape><Polygon POINTS="3057 1642 2965 1783 2993 1801 3085 1660"/></Shape></Glyph><Glyph ID="char_50" CONTENT="א" GC="1.0"><Shape><Polygon POINTS="3038 1630 2946 1770 2965 1783 3057 1642"/></Shape></Glyph><Glyph ID="char_51" CONTENT=" " GC="1.0"><Shape><Polygon POINTS="3020 1617 2912 1745 2946 1770 3038 1630"/></Shape></Glyph><Glyph ID="char_52" CONTENT="ק" GC="1.0"><Shape><Polygon POINTS="2994 1595 2872 1711 2912 1745 3020 1617"/></Shape></Glyph><Glyph ID="char_53" CONTENT="ד" GC="1.0"><Shape><Polygon POINTS="2962 1564 2842 1678 2872 1711 2994 1595"/></Shape></Glyph><Glyph ID="char_54" CONTENT="ש" GC="1.0"><Shape><Polygon POINTS="2896 1513 2808 1658 2842 1678 2962 1564"/></Shape></Glyph><Glyph ID="char_55" CONTENT=" " GC="1.0"><Shape><Polygon POINTS="2873 1498 2776 1637 2808 1658 2896 1513"/></Shape></Glyph><Glyph ID="char_56" CONTENT="ל" GC="1.0"><Shape><Polygon POINTS="2845 1479 2748 1617 2776 1637 2873 1498"/></Shape></Glyph><Glyph ID="char_57" CONTENT="י" GC="1.0"><Shape><Polygon POINTS="2808 1454 2711 1591 2748 1617 2845 1479"/></Shape></Glyph><Glyph ID="char_58" CONTENT="ה" GC="1.0"><Shape><Polygon POINTS="2747 1416 2672 1565 2711 1591 2808 1454"/></Shape></Glyph><Glyph ID="char_59" CONTENT="ו" GC="1.0"><Shape><Polygon POINTS="2730 1405 2626 1526 2672 1565 2747 1416"/></Shape></Glyph><Glyph ID="char_60" CONTENT="ה" GC="1.0"><Shape><Polygon POINTS="2674 1366 2575 1481 2626 1526 2730 1405"/></Shape></Glyph><Glyph ID="char_61" CONTENT=" " GC="1.0"><Shape><Polygon POINTS="2556 1311 2553 1480 2575 1481 2674 1366"/></Shape></Glyph><Glyph ID="char_62" CONTENT="ו" GC="1.0"><Shape><Polygon POINTS="2522 1311 2519 1480 2553 1480 2556 1311"/></Shape></Glyph><Glyph ID="char_63" CONTENT="א" GC="1.0"><Shape><Polygon POINTS="2465 1310 2462 1479 2519 1480 2522 1311"/></Shape></Glyph><Glyph ID="char_64" CONTENT="ם" GC="1.0"><Shape><Polygon POINTS="2246 1255 2191 1412 2462 1479 2465 1310"/></Shape></Glyph><Glyph ID="char_65" CONTENT=" " GC="1.0"><Shape><Polygon POINTS="1981 1186 1969 1352 2191 1412 2246 1255"/></Shape></Glyph><Glyph ID="char_66" CONTENT="ג" GC="1.0"><Shape><Polygon POINTS="1925 1185 1949 1352 1969 1352 1981 1186"/></Shape></Glyph><Glyph ID="char_67" CONTENT="א" GC="1.0"><Shape><Polygon POINTS="1869 1193 1893 1360 1949 1352 1925 1185"/></Shape></Glyph><Glyph ID="char_68" CONTENT="ו" GC="1.0"><Shape><Polygon POINTS="1824 1200 1848 1366 1893 1360 1869 1193"/></Shape></Glyph><Glyph ID="char_69" CONTENT="ל" GC="1.0"><Shape><Polygon POINTS="1779 1207 1803 1373 1848 1366 1824 1200"/></Shape></Glyph><Glyph ID="char_70" CONTENT=" " GC="1.0"><Shape><Polygon POINTS="1745 1212 1769 1378 1803 1373 1779 1207"/></Shape></Glyph><Glyph ID="char_71" CONTENT="י" GC="1.0"><Shape><Polygon POINTS="1712 1217 1735 1383 1769 1378 1745 1212"/></Shape></Glyph><Glyph ID="char_72" CONTENT="ג" GC="1.0"><Shape><Polygon POINTS="1678 1222 1702 1387 1735 1383 1712 1217"/></Shape></Glyph><Glyph ID="char_73" CONTENT="א" GC="1.0"><Shape><Polygon POINTS="1622 1228 1646 1395 1702 1387 1678 1222"/></Shape></Glyph><Glyph ID="char_74" CONTENT="ל" GC="1.0"><Shape><Polygon POINTS="1580 1228 1580 1397 1646 1395 1622 1228"/></Shape></Glyph></String>
          </TextLine>

          
          
          <TextLine ID="eSc_line_1789814" BASELINE="1724 1459 1939 1409 2117 1409 2182 1409 2474 1564 2526 1567 2724 1670 2762 1702 2802 1761" HPOS="1701.0" VPOS="1307.0" WIDTH="1184.0" HEIGHT="491.0">
            <Shape><Polygon POINTS="1701 1360 1916 1310 2117 1307 2182 1307 2521 1474 2531 1465 2770 1580 2827 1624 2885 1704 2746 1798 2718 1753 2692 1729 2522 1634 2442 1623 2182 1476 2117 1476 1954 1474 1739 1524"/></Shape>
	    <String CONTENT=" ו חמישיתו עליו וכל" HPOS="1701.0" VPOS="1307.0" WIDTH="1184.0" HEIGHT="491.0"><Glyph ID="char_75" CONTENT=" " GC="1.0"><Shape><Polygon POINTS="2878 1694 2740 1788 2745 1797 2884 1702"/></Shape></Glyph><Glyph ID="char_76" CONTENT="ו" GC="1.0"><Shape><Polygon POINTS="2871 1685 2733 1778 2740 1788 2878 1694"/></Shape></Glyph><Glyph ID="char_77" CONTENT=" " GC="1.0"><Shape><Polygon POINTS="2864 1676 2728 1768 2733 1778 2871 1685"/></Shape></Glyph><Glyph ID="char_78" CONTENT="ח" GC="1.0"><Shape><Polygon POINTS="2820 1619 2712 1747 2728 1768 2864 1676"/></Shape></Glyph><Glyph ID="char_79" CONTENT="מ" GC="1.0"><Shape><Polygon POINTS="2766 1578 2688 1727 2712 1747 2820 1619"/></Shape></Glyph><Glyph ID="char_80" CONTENT="י" GC="1.0"><Shape><Polygon POINTS="2735 1563 2658 1710 2688 1727 2766 1578"/></Shape></Glyph><Glyph ID="char_81" CONTENT="ש" GC="1.0"><Shape><Polygon POINTS="2694 1544 2619 1688 2658 1710 2735 1563"/></Shape></Glyph><Glyph ID="char_82" CONTENT="י" GC="1.0"><Shape><Polygon POINTS="2633 1514 2560 1655 2619 1688 2694 1544"/></Shape></Glyph><Glyph ID="char_83" CONTENT="ת" GC="1.0"><Shape><Polygon POINTS="2593 1495 2520 1634 2560 1655 2633 1514"/></Shape></Glyph><Glyph ID="char_84" CONTENT="ו" GC="1.0"><Shape><Polygon POINTS="2336 1383 2263 1522 2520 1634 2593 1495"/></Shape></Glyph><Glyph ID="char_85" CONTENT=" " GC="1.0"><Shape><Polygon POINTS="2023 1308 2023 1475 2263 1522 2336 1383"/></Shape></Glyph><Glyph ID="char_86" CONTENT="ע" GC="1.0"><Shape><Polygon POINTS="1978 1309 1978 1474 2023 1475 2023 1308"/></Shape></Glyph><Glyph ID="char_87" CONTENT="ל" GC="1.0"><Shape><Polygon POINTS="1910 1312 1948 1476 1978 1474 1978 1309"/></Shape></Glyph><Glyph ID="char_88" CONTENT="י" GC="1.0"><Shape><Polygon POINTS="1876 1319 1914 1483 1948 1476 1910 1312"/></Shape></Glyph><Glyph ID="char_89" CONTENT="ו" GC="1.0"><Shape><Polygon POINTS="1843 1327 1881 1491 1914 1483 1876 1319"/></Shape></Glyph><Glyph ID="char_90" CONTENT=" " GC="1.0"><Shape><Polygon POINTS="1799 1337 1837 1501 1881 1491 1843 1327"/></Shape></Glyph><Glyph ID="char_91" CONTENT="ו" GC="1.0"><Shape><Polygon POINTS="1756 1347 1794 1511 1837 1501 1799 1337"/></Shape></Glyph><Glyph ID="char_92" CONTENT="כ" GC="1.0"><Shape><Polygon POINTS="1723 1459 1778 1446"/></Shape></Glyph><Glyph ID="char_93" CONTENT="ל" GC="1.0"><Shape><Polygon POINTS="1723 1459 1723 1459"/></Shape></Glyph></String>
          </TextLine>

          
          
          <TextLine ID="eSc_line_1789819" BASELINE="1643 1562 1891 1528 1948 1526 2020 1526 2191 1546 2283 1552 2474 1678 2530 1680 2636 1754 2665 1801" HPOS="1629.0" VPOS="1424.0" WIDTH="1122.0" HEIGHT="412.0">
            <Shape><Polygon POINTS="1629 1461 1877 1427 1944 1424 2020 1424 2202 1445 2289 1450 2529 1593 2533 1578 2694 1670 2751 1747 2607 1836 2597 1809 2527 1747 2436 1734 2278 1619 2183 1613 2020 1593 1950 1593 1900 1594 1652 1628"/></Shape>
	    <String CONTENT=" צ אן כל אש תחת השבט העשירי" HPOS="1629.0" VPOS="1424.0" WIDTH="1122.0" HEIGHT="412.0"><Glyph ID="char_94" CONTENT=" " GC="1.0"><Shape><Polygon POINTS="2750 1746 2607 1835 2607 1835 2750 1746"/></Shape></Glyph><Glyph ID="char_95" CONTENT="צ" GC="1.0"><Shape><Polygon POINTS="2744 1738 2603 1825 2607 1835 2750 1746"/></Shape></Glyph><Glyph ID="char_96" CONTENT=" " GC="1.0"><Shape><Polygon POINTS="2737 1728 2599 1814 2603 1825 2744 1738"/></Shape></Glyph><Glyph ID="char_97" CONTENT="א" GC="1.0"><Shape><Polygon POINTS="2731 1719 2592 1805 2599 1814 2737 1728"/></Shape></Glyph><Glyph ID="char_98" CONTENT="ן" GC="1.0"><Shape><Polygon POINTS="2692 1669 2595 1807 2592 1805 2731 1719"/></Shape></Glyph><Glyph ID="char_99" CONTENT=" " GC="1.0"><Shape><Polygon POINTS="2672 1657 2578 1792 2595 1807 2692 1669"/></Shape></Glyph><Glyph ID="char_100" CONTENT="כ" GC="1.0"><Shape><Polygon POINTS="2662 1652 2570 1785 2578 1792 2672 1657"/></Shape></Glyph><Glyph ID="char_101" CONTENT="ל" GC="1.0"><Shape><Polygon POINTS="2653 1646 2561 1777 2570 1785 2662 1652"/></Shape></Glyph><Glyph ID="char_102" CONTENT=" " GC="1.0"><Shape><Polygon POINTS="2633 1635 2544 1762 2561 1777 2653 1646"/></Shape></Glyph><Glyph ID="char_103" CONTENT="א" GC="1.0"><Shape><Polygon POINTS="2603 1618 2514 1745 2544 1762 2633 1635"/></Shape></Glyph><Glyph ID="char_104" CONTENT="ש" GC="1.0"><Shape><Polygon POINTS="2453 1548 2364 1682 2514 1745 2603 1618"/></Shape></Glyph><Glyph ID="char_105" CONTENT=" " GC="1.0"><Shape><Polygon POINTS="2258 1448 2247 1617 2364 1682 2453 1548"/></Shape></Glyph><Glyph ID="char_106" CONTENT="ת" GC="1.0"><Shape><Polygon POINTS="2213 1446 2202 1614 2247 1617 2258 1448"/></Shape></Glyph><Glyph ID="char_107" CONTENT="ח" GC="1.0"><Shape><Polygon POINTS="2162 1440 2142 1608 2202 1614 2213 1446"/></Shape></Glyph><Glyph ID="char_108" CONTENT="ת" GC="1.0"><Shape><Polygon POINTS="2117 1435 2097 1602 2142 1608 2162 1440"/></Shape></Glyph><Glyph ID="char_109" CONTENT=" " GC="1.0"><Shape><Polygon POINTS="2071 1430 2052 1597 2097 1602 2117 1435"/></Shape></Glyph><Glyph ID="char_110" CONTENT="ה" GC="1.0"><Shape><Polygon POINTS="2015 1424 2015 1593 2052 1597 2071 1430"/></Shape></Glyph><Glyph ID="char_111" CONTENT="ש" GC="1.0"><Shape><Polygon POINTS="1958 1424 1958 1593 2015 1593 2015 1424"/></Shape></Glyph><Glyph ID="char_112" CONTENT="ב" GC="1.0"><Shape><Polygon POINTS="1909 1426 1915 1594 1958 1593 1958 1424"/></Shape></Glyph><Glyph ID="char_113" CONTENT="ט" GC="1.0"><Shape><Polygon POINTS="1865 1429 1888 1596 1915 1594 1909 1426"/></Shape></Glyph><Glyph ID="char_114" CONTENT=" " GC="1.0"><Shape><Polygon POINTS="1819 1435 1842 1602 1888 1596 1865 1429"/></Shape></Glyph><Glyph ID="char_115" CONTENT="ה" GC="1.0"><Shape><Polygon POINTS="1775 1441 1798 1608 1842 1602 1819 1435"/></Shape></Glyph><Glyph ID="char_116" CONTENT="ע" GC="1.0"><Shape><Polygon POINTS="1729 1447 1752 1614 1798 1608 1775 1441"/></Shape></Glyph><Glyph ID="char_117" CONTENT="ש" GC="1.0"><Shape><Polygon POINTS="1696 1452 1718 1619 1752 1614 1729 1447"/></Shape></Glyph><Glyph ID="char_118" CONTENT="י" GC="1.0"><Shape><Polygon POINTS="1662 1456 1685 1624 1718 1619 1696 1452"/></Shape></Glyph><Glyph ID="char_119" CONTENT="ר" GC="1.0"><Shape><Polygon POINTS="1642 1562 1675 1557"/></Shape></Glyph><Glyph ID="char_120" CONTENT="י" GC="1.0"><Shape><Polygon POINTS="1642 1562 1642 1562"/></Shape></Glyph></String>
          </TextLine>

          
          
          <TextLine ID="eSc_line_1789821" BASELINE="1799 1634 1961 1643 2047 1643 2164 1655 2291 1673 2309 1674 2444 1806 2518 1824 2615 1876" HPOS="1795.0" VPOS="1532.0" WIDTH="867.0" HEIGHT="403.0">
            <Shape><Polygon POINTS="1804 1532 1966 1541 2047 1541 2174 1554 2305 1572 2314 1572 2514 1733 2541 1725 2662 1786 2583 1935 2502 1889 2396 1854 2305 1741 2281 1739 2157 1722 2047 1710 1957 1710 1795 1701"/></Shape>
	    <String CONTENT=" וה ל טוב לרע" HPOS="1795.0" VPOS="1532.0" WIDTH="867.0" HEIGHT="403.0"><Glyph ID="char_121" CONTENT=" " GC="1.0"><Shape><Polygon POINTS="2632 1771 2553 1918 2573 1929 2652 1781"/></Shape></Glyph><Glyph ID="char_122" CONTENT="ו" GC="1.0"><Shape><Polygon POINTS="2590 1750 2513 1895 2553 1918 2632 1771"/></Shape></Glyph><Glyph ID="char_123" CONTENT="ה" GC="1.0"><Shape><Polygon POINTS="2499 1721 2384 1839 2513 1895 2590 1750"/></Shape></Glyph><Glyph ID="char_124" CONTENT=" " GC="1.0"><Shape><Polygon POINTS="2301 1572 2292 1740 2384 1839 2499 1721"/></Shape></Glyph><Glyph ID="char_125" CONTENT="ל" GC="1.0"><Shape><Polygon POINTS="2209 1559 2185 1726 2292 1740 2301 1572"/></Shape></Glyph><Glyph ID="char_126" CONTENT=" " GC="1.0"><Shape><Polygon POINTS="2171 1554 2154 1722 2185 1726 2209 1559"/></Shape></Glyph><Glyph ID="char_127" CONTENT="ט" GC="1.0"><Shape><Polygon POINTS="2126 1549 2108 1717 2154 1722 2171 1554"/></Shape></Glyph><Glyph ID="char_128" CONTENT="ו" GC="1.0"><Shape><Polygon POINTS="2081 1544 2064 1712 2108 1717 2126 1549"/></Shape></Glyph><Glyph ID="char_129" CONTENT="ב" GC="1.0"><Shape><Polygon POINTS="2037 1541 2037 1710 2064 1712 2081 1544"/></Shape></Glyph><Glyph ID="char_130" CONTENT=" " GC="1.0"><Shape><Polygon POINTS="1991 1541 1991 1710 2037 1710 2037 1541"/></Shape></Glyph><Glyph ID="char_131" CONTENT="ל" GC="1.0"><Shape><Polygon POINTS="1952 1540 1942 1709 1991 1710 1991 1541"/></Shape></Glyph><Glyph ID="char_132" CONTENT="ר" GC="1.0"><Shape><Polygon POINTS="1906 1538 1896 1707 1942 1709 1952 1540"/></Shape></Glyph><Glyph ID="char_133" CONTENT="ע" GC="1.0"><Shape><Polygon POINTS="1827 1533 1817 1702 1896 1707 1906 1538"/></Shape></Glyph></String>
          </TextLine>

          
          
          <TextLine ID="eSc_line_1789823" BASELINE="1781 1747 1858 1754 1991 1752 2241 1761 2268 1763 2336 1779 2359 1785" HPOS="1774.0" VPOS="1646.0" WIDTH="610.0" HEIGHT="204.0">
            <Shape><Polygon POINTS="1790 1646 1867 1653 1989 1650 2244 1659 2275 1661 2359 1680 2384 1686 2341 1850 2320 1844 2263 1830 2238 1828 1992 1819 1851 1821 1774 1814"/></Shape>
	    <String CONTENT=" היא ותמורתו" HPOS="1774.0" VPOS="1646.0" WIDTH="610.0" HEIGHT="204.0"><Glyph ID="char_134" CONTENT=" " GC="1.0"><Shape><Polygon POINTS="2315 1670 2276 1833 2320 1844 2359 1680"/></Shape></Glyph><Glyph ID="char_135" CONTENT="ה" GC="1.0"><Shape><Polygon POINTS="2265 1660 2252 1829 2276 1833 2315 1670"/></Shape></Glyph><Glyph ID="char_136" CONTENT="י" GC="1.0"><Shape><Polygon POINTS="2227 1658 2221 1827 2252 1829 2265 1660"/></Shape></Glyph><Glyph ID="char_137" CONTENT="א" GC="1.0"><Shape><Polygon POINTS="2182 1657 2176 1826 2221 1827 2227 1658"/></Shape></Glyph><Glyph ID="char_138" CONTENT=" " GC="1.0"><Shape><Polygon POINTS="2148 1656 2142 1824 2176 1826 2182 1657"/></Shape></Glyph><Glyph ID="char_139" CONTENT="ו" GC="1.0"><Shape><Polygon POINTS="2102 1654 2096 1823 2142 1824 2148 1656"/></Shape></Glyph><Glyph ID="char_140" CONTENT="ת" GC="1.0"><Shape><Polygon POINTS="2068 1653 2062 1822 2096 1823 2102 1654"/></Shape></Glyph><Glyph ID="char_141" CONTENT="מ" GC="1.0"><Shape><Polygon POINTS="2022 1651 2016 1820 2062 1822 2068 1653"/></Shape></Glyph><Glyph ID="char_142" CONTENT="ו" GC="1.0"><Shape><Polygon POINTS="1983 1650 1986 1819 2016 1820 2022 1651"/></Shape></Glyph><Glyph ID="char_143" CONTENT="ר" GC="1.0"><Shape><Polygon POINTS="1926 1652 1929 1820 1986 1819 1983 1650"/></Shape></Glyph><Glyph ID="char_144" CONTENT="ת" GC="1.0"><Shape><Polygon POINTS="1881 1653 1884 1821 1929 1820 1926 1652"/></Shape></Glyph><Glyph ID="char_145" CONTENT="ו" GC="1.0"><Shape><Polygon POINTS="1813 1648 1796 1816 1884 1821 1881 1653"/></Shape></Glyph></String>
          </TextLine>

          
          
          <TextLine ID="eSc_line_1789825" BASELINE="1765 1979 1900 1977 2020 1986 2167 2004 2232 2009 2291 2004" HPOS="1763.0" VPOS="1875.0" WIDTH="533.0" HEIGHT="201.0">
            <Shape><Polygon POINTS="1763 1877 1898 1875 2027 1884 2179 1903 2239 1907 2282 1902 2296 2071 2226 2076 2158 2071 2014 2053 1901 2044 1766 2046"/></Shape>
	    <String CONTENT=" " HPOS="1763.0" VPOS="1875.0" WIDTH="533.0" HEIGHT="201.0"><Glyph ID="char_146" CONTENT=" " GC="1.0"><Shape><Polygon POINTS="1910 1876 1897 2044 2170 2072 2183 1903"/></Shape></Glyph></String>
          </TextLine>

          
        </TextBlock>
        

        
      </PrintSpace>
    </Page>
  </Layout>
</alto>