<?xml version='1.0' encoding='UTF-8'?>
<alto xmlns:xsi="http://www.w3.org/2001/XMLSchema-instance" xmlns="http://www.loc.gov/standards/alto/ns-v4#" xsi:schemaLocation="http://www.loc.gov/standards/alto/ns-v4# http://www.loc.gov/standards/alto/v4/alto-4-2.xsd">
  <Description>
    <MeasurementUnit>pixel</MeasurementUnit>
    <sourceImageInformation>
      <fileName>P470-Fg013-R-C01-R01-D11042013-T125119-LR924_012.jpg</fileName>
      
    </sourceImageInformation>
  </Description>
  
  <Tags>
    <OtherTag ID="BT1443" LABEL="Parchment_or_papyrus" DESCRIPTION="block type Parchment_or_papyrus"/><OtherTag ID="BT2" LABEL="Main" DESCRIPTION="block type Main"/>
    
  </Tags>
  
  <Layout>
    <Page WIDTH="3608" HEIGHT="2706" PHYSICAL_IMG_NR="187" ID="eSc_dummypage_">
      <PrintSpace HPOS="0" VPOS="0" WIDTH="3608" HEIGHT="2706">
        
        <TextBlock HPOS="1031.0" VPOS="724.0" WIDTH="1478.0" HEIGHT="1107.0" ID="eSc_textblock_a2e8eee4" TAGREFS="BT2">
          <Shape><Polygon POINTS="1031 724 1031 1831 2509 1831 2509 724"/></Shape>
          
          
          <TextLine ID="eSc_line_1789831" BASELINE="1510 859 1920 854" HPOS="1508.0" VPOS="761.0" WIDTH="412.0" HEIGHT="159.0">
            <Shape><Polygon POINTS="1508 766 1918 761 1920 915 1510 920"/></Shape>
	    <String CONTENT=" " HPOS="1508.0" VPOS="761.0" WIDTH="412.0" HEIGHT="159.0"><Glyph ID="char_0" CONTENT=" " GC="1.0"><Shape><Polygon POINTS="1624 765 1626 919 1847 916 1845 762"/></Shape></Glyph></String>
          </TextLine>

          
          
          <TextLine ID="eSc_line_1789832" BASELINE="1287 998 1359 1003 1569 994 1738 992 1853 983" HPOS="1282.0" VPOS="890.0" WIDTH="575.0" HEIGHT="174.0">
            <Shape><Polygon POINTS="1293 905 1365 910 1565 901 1736 899 1845 890 1857 1044 1738 1053 1571 1055 1354 1064 1282 1059"/></Shape>
	    <String CONTENT=" זקן לוא יחנו " HPOS="1282.0" VPOS="890.0" WIDTH="575.0" HEIGHT="174.0"><Glyph ID="char_1" CONTENT=" " GC="1.0"><Shape><Polygon POINTS="1802 894 1814 1047 1845 1045 1833 891"/></Shape></Glyph><Glyph ID="char_2" CONTENT="ז" GC="1.0"><Shape><Polygon POINTS="1760 897 1772 1050 1814 1047 1802 894"/></Shape></Glyph><Glyph ID="char_3" CONTENT="ק" GC="1.0"><Shape><Polygon POINTS="1714 899 1716 1053 1772 1050 1760 897"/></Shape></Glyph><Glyph ID="char_4" CONTENT="ן" GC="1.0"><Shape><Polygon POINTS="1672 900 1674 1054 1716 1053 1714 899"/></Shape></Glyph><Glyph ID="char_5" CONTENT=" " GC="1.0"><Shape><Polygon POINTS="1640 900 1642 1054 1674 1054 1672 900"/></Shape></Glyph><Glyph ID="char_6" CONTENT="ל" GC="1.0"><Shape><Polygon POINTS="1598 901 1600 1055 1642 1054 1640 900"/></Shape></Glyph><Glyph ID="char_7" CONTENT="ו" GC="1.0"><Shape><Polygon POINTS="1555 901 1561 1055 1600 1055 1598 901"/></Shape></Glyph><Glyph ID="char_8" CONTENT="א" GC="1.0"><Shape><Polygon POINTS="1513 903 1519 1057 1561 1055 1555 901"/></Shape></Glyph><Glyph ID="char_9" CONTENT=" " GC="1.0"><Shape><Polygon POINTS="1460 906 1466 1059 1519 1057 1513 903"/></Shape></Glyph><Glyph ID="char_10" CONTENT="י" GC="1.0"><Shape><Polygon POINTS="1418 908 1424 1061 1466 1059 1460 906"/></Shape></Glyph><Glyph ID="char_11" CONTENT="ח" GC="1.0"><Shape><Polygon POINTS="1377 909 1383 1063 1424 1061 1418 908"/></Shape></Glyph><Glyph ID="char_12" CONTENT="נ" GC="1.0"><Shape><Polygon POINTS="1356 909 1344 1063 1383 1063 1377 909"/></Shape></Glyph><Glyph ID="char_13" CONTENT="ו" GC="1.0"><Shape><Polygon POINTS="1335 908 1323 1062 1344 1063 1356 909"/></Shape></Glyph><Glyph ID="char_14" CONTENT=" " GC="1.0"><Shape><Polygon POINTS="1286 997 1327 1000"/></Shape></Glyph></String>
          </TextLine>

          
          
          <TextLine ID="eSc_line_1789837" BASELINE="1045 1312 1206 1224 1330 1174 1808 1165 2243 1134 2388 1129" HPOS="1000.0" VPOS="1036.0" WIDTH="1390.0" HEIGHT="330.0">
            <Shape><Polygon POINTS="1000 1230 1161 1142 1295 1087 1806 1072 2236 1041 2384 1036 2390 1190 2247 1195 1809 1226 1353 1231 1235 1278 1074 1366"/></Shape>
	    <String CONTENT=" שמה ועמי יאשמו יחד עמהם ה " HPOS="1000.0" VPOS="1036.0" WIDTH="1390.0" HEIGHT="330.0"><Glyph ID="char_15" CONTENT=" " GC="1.0"><Shape><Polygon POINTS="2322 1038 2328 1192 2369 1191 2363 1037"/></Shape></Glyph><Glyph ID="char_16" CONTENT="ש" GC="1.0"><Shape><Polygon POINTS="2271 1040 2276 1194 2328 1192 2322 1038"/></Shape></Glyph><Glyph ID="char_17" CONTENT="מ" GC="1.0"><Shape><Polygon POINTS="2195 1044 2206 1198 2276 1194 2271 1040"/></Shape></Glyph><Glyph ID="char_18" CONTENT="ה" GC="1.0"><Shape><Polygon POINTS="2132 1048 2143 1202 2206 1198 2195 1044"/></Shape></Glyph><Glyph ID="char_19" CONTENT=" " GC="1.0"><Shape><Polygon POINTS="2091 1051 2102 1205 2143 1202 2132 1048"/></Shape></Glyph><Glyph ID="char_20" CONTENT="ו" GC="1.0"><Shape><Polygon POINTS="2051 1054 2062 1208 2102 1205 2091 1051"/></Shape></Glyph><Glyph ID="char_21" CONTENT="ע" GC="1.0"><Shape><Polygon POINTS="1999 1058 2010 1212 2062 1208 2051 1054"/></Shape></Glyph><Glyph ID="char_22" CONTENT="מ" GC="1.0"><Shape><Polygon POINTS="1947 1062 1958 1215 2010 1212 1999 1058"/></Shape></Glyph><Glyph ID="char_23" CONTENT="י" GC="1.0"><Shape><Polygon POINTS="1906 1065 1917 1218 1958 1215 1947 1062"/></Shape></Glyph><Glyph ID="char_24" CONTENT=" " GC="1.0"><Shape><Polygon POINTS="1854 1069 1865 1222 1917 1218 1906 1065"/></Shape></Glyph><Glyph ID="char_25" CONTENT="י" GC="1.0"><Shape><Polygon POINTS="1802 1072 1813 1226 1865 1222 1854 1069"/></Shape></Glyph><Glyph ID="char_26" CONTENT="א" GC="1.0"><Shape><Polygon POINTS="1755 1073 1758 1227 1813 1226 1802 1072"/></Shape></Glyph><Glyph ID="char_27" CONTENT="ש" GC="1.0"><Shape><Polygon POINTS="1683 1076 1686 1227 1758 1227 1755 1073"/></Shape></Glyph><Glyph ID="char_28" CONTENT="מ" GC="1.0"><Shape><Polygon POINTS="1621 1077 1624 1228 1686 1227 1683 1076"/></Shape></Glyph><Glyph ID="char_29" CONTENT="ו" GC="1.0"><Shape><Polygon POINTS="1579 1079 1582 1228 1624 1228 1621 1077"/></Shape></Glyph><Glyph ID="char_30" CONTENT=" " GC="1.0"><Shape><Polygon POINTS="1548 1080 1551 1229 1582 1228 1579 1079"/></Shape></Glyph><Glyph ID="char_31" CONTENT="י" GC="1.0"><Shape><Polygon POINTS="1497 1081 1500 1229 1551 1229 1548 1080"/></Shape></Glyph><Glyph ID="char_32" CONTENT="ח" GC="1.0"><Shape><Polygon POINTS="1445 1083 1448 1230 1500 1229 1497 1081"/></Shape></Glyph><Glyph ID="char_33" CONTENT="ד" GC="1.0"><Shape><Polygon POINTS="1403 1084 1406 1230 1448 1230 1445 1083"/></Shape></Glyph><Glyph ID="char_34" CONTENT=" " GC="1.0"><Shape><Polygon POINTS="1372 1085 1375 1231 1406 1230 1403 1084"/></Shape></Glyph><Glyph ID="char_35" CONTENT="ע" GC="1.0"><Shape><Polygon POINTS="1288 1090 1346 1234 1375 1231 1372 1085"/></Shape></Glyph><Glyph ID="char_36" CONTENT="מ" GC="1.0"><Shape><Polygon POINTS="1231 1113 1289 1257 1346 1234 1288 1090"/></Shape></Glyph><Glyph ID="char_37" CONTENT="ה" GC="1.0"><Shape><Polygon POINTS="1154 1146 1228 1282 1289 1257 1231 1113"/></Shape></Glyph><Glyph ID="char_38" CONTENT="ם" GC="1.0"><Shape><Polygon POINTS="1100 1176 1174 1312 1228 1282 1154 1146"/></Shape></Glyph><Glyph ID="char_39" CONTENT=" " GC="1.0"><Shape><Polygon POINTS="1045 1205 1119 1341 1174 1312 1100 1176"/></Shape></Glyph><Glyph ID="char_40" CONTENT="ה" GC="1.0"><Shape><Polygon POINTS="1008 1225 1082 1361 1119 1341 1045 1205"/></Shape></Glyph><Glyph ID="char_41" CONTENT=" " GC="1.0"><Shape><Polygon POINTS="1044 1312 1052 1307"/></Shape></Glyph></String>
          </TextLine>

          
          
          <TextLine ID="eSc_line_1789834" BASELINE="1321 1325 1463 1321 1601 1323 1783 1319 1975 1310 2356 1307 2424 1312" HPOS="1318.0" VPOS="1214.0" WIDTH="1112.0" HEIGHT="172.0">
            <Shape><Polygon POINTS="1318 1232 1460 1228 1602 1230 1780 1226 1970 1217 2355 1214 2430 1219 2419 1373 2356 1368 1977 1371 1784 1380 1600 1384 1464 1382 1322 1386"/></Shape>
	    <String CONTENT=" שפט עולה כי נדחתי " HPOS="1318.0" VPOS="1214.0" WIDTH="1112.0" HEIGHT="172.0"><Glyph ID="char_42" CONTENT=" " GC="1.0"><Shape><Polygon POINTS="2224 1215 2225 1369 2350 1368 2349 1214"/></Shape></Glyph><Glyph ID="char_43" CONTENT="ש" GC="1.0"><Shape><Polygon POINTS="2162 1216 2163 1370 2225 1369 2224 1215"/></Shape></Glyph><Glyph ID="char_44" CONTENT="פ" GC="1.0"><Shape><Polygon POINTS="2099 1216 2100 1370 2163 1370 2162 1216"/></Shape></Glyph><Glyph ID="char_45" CONTENT="ט" GC="1.0"><Shape><Polygon POINTS="2037 1216 2038 1371 2100 1370 2099 1216"/></Shape></Glyph><Glyph ID="char_46" CONTENT=" " GC="1.0"><Shape><Polygon POINTS="1960 1217 1968 1371 2038 1371 2037 1216"/></Shape></Glyph><Glyph ID="char_47" CONTENT="ע" GC="1.0"><Shape><Polygon POINTS="1908 1220 1916 1374 1968 1371 1960 1217"/></Shape></Glyph><Glyph ID="char_48" CONTENT="ו" GC="1.0"><Shape><Polygon POINTS="1877 1221 1885 1375 1916 1374 1908 1220"/></Shape></Glyph><Glyph ID="char_49" CONTENT="ל" GC="1.0"><Shape><Polygon POINTS="1825 1224 1833 1378 1885 1375 1877 1221"/></Shape></Glyph><Glyph ID="char_50" CONTENT="ה" GC="1.0"><Shape><Polygon POINTS="1776 1226 1779 1380 1833 1378 1825 1224"/></Shape></Glyph><Glyph ID="char_51" CONTENT=" " GC="1.0"><Shape><Polygon POINTS="1734 1227 1737 1381 1779 1380 1776 1226"/></Shape></Glyph><Glyph ID="char_52" CONTENT="כ" GC="1.0"><Shape><Polygon POINTS="1693 1228 1696 1382 1737 1381 1734 1227"/></Shape></Glyph><Glyph ID="char_53" CONTENT="י" GC="1.0"><Shape><Polygon POINTS="1651 1229 1654 1383 1696 1382 1693 1228"/></Shape></Glyph><Glyph ID="char_54" CONTENT=" " GC="1.0"><Shape><Polygon POINTS="1609 1230 1612 1384 1654 1383 1651 1229"/></Shape></Glyph><Glyph ID="char_55" CONTENT="נ" GC="1.0"><Shape><Polygon POINTS="1571 1230 1569 1384 1612 1384 1609 1230"/></Shape></Glyph><Glyph ID="char_56" CONTENT="ד" GC="1.0"><Shape><Polygon POINTS="1519 1229 1517 1383 1569 1384 1571 1230"/></Shape></Glyph><Glyph ID="char_57" CONTENT="ח" GC="1.0"><Shape><Polygon POINTS="1452 1228 1457 1382 1517 1383 1519 1229"/></Shape></Glyph><Glyph ID="char_58" CONTENT="ת" GC="1.0"><Shape><Polygon POINTS="1400 1230 1405 1384 1457 1382 1452 1228"/></Shape></Glyph><Glyph ID="char_59" CONTENT="י" GC="1.0"><Shape><Polygon POINTS="1369 1231 1374 1385 1405 1384 1400 1230"/></Shape></Glyph><Glyph ID="char_60" CONTENT=" " GC="1.0"><Shape><Polygon POINTS="1328 1232 1333 1386 1374 1385 1369 1231"/></Shape></Glyph></String>
          </TextLine>

          
          
          <TextLine ID="eSc_line_1789835" BASELINE="1422 1477 1702 1481 2117 1463 2379 1463 2448 1468" HPOS="1421.0" VPOS="1370.0" WIDTH="1033.0" HEIGHT="172.0">
            <Shape><Polygon POINTS="1423 1384 1703 1388 2112 1370 2379 1370 2454 1375 2443 1529 2379 1525 2119 1524 1701 1542 1421 1538"/></Shape>
	    <String CONTENT=" ת תעואת להשכיל ל " HPOS="1421.0" VPOS="1370.0" WIDTH="1033.0" HEIGHT="172.0"><Glyph ID="char_61" CONTENT=" " GC="1.0"><Shape><Polygon POINTS="2354 1370 2354 1525 2421 1528 2432 1374"/></Shape></Glyph><Glyph ID="char_62" CONTENT="ת" GC="1.0"><Shape><Polygon POINTS="2271 1370 2271 1525 2354 1525 2354 1370"/></Shape></Glyph><Glyph ID="char_63" CONTENT=" " GC="1.0"><Shape><Polygon POINTS="2198 1370 2198 1524 2271 1525 2271 1370"/></Shape></Glyph><Glyph ID="char_64" CONTENT="ת" GC="1.0"><Shape><Polygon POINTS="2146 1370 2146 1524 2198 1524 2198 1370"/></Shape></Glyph><Glyph ID="char_65" CONTENT="ע" GC="1.0"><Shape><Polygon POINTS="2101 1371 2107 1525 2146 1524 2146 1370"/></Shape></Glyph><Glyph ID="char_66" CONTENT="ו" GC="1.0"><Shape><Polygon POINTS="2049 1373 2055 1527 2107 1525 2101 1371"/></Shape></Glyph><Glyph ID="char_67" CONTENT="א" GC="1.0"><Shape><Polygon POINTS="1987 1376 1993 1529 2055 1527 2049 1373"/></Shape></Glyph><Glyph ID="char_68" CONTENT="ת" GC="1.0"><Shape><Polygon POINTS="1925 1378 1931 1532 1993 1529 1987 1376"/></Shape></Glyph><Glyph ID="char_69" CONTENT=" " GC="1.0"><Shape><Polygon POINTS="1883 1380 1889 1534 1931 1532 1925 1378"/></Shape></Glyph><Glyph ID="char_70" CONTENT="ל" GC="1.0"><Shape><Polygon POINTS="1842 1382 1848 1536 1889 1534 1883 1380"/></Shape></Glyph><Glyph ID="char_71" CONTENT="ה" GC="1.0"><Shape><Polygon POINTS="1790 1384 1797 1538 1848 1536 1842 1382"/></Shape></Glyph><Glyph ID="char_72" CONTENT="ש" GC="1.0"><Shape><Polygon POINTS="1728 1387 1735 1541 1797 1538 1790 1384"/></Shape></Glyph><Glyph ID="char_73" CONTENT="כ" GC="1.0"><Shape><Polygon POINTS="1682 1388 1679 1542 1735 1541 1728 1387"/></Shape></Glyph><Glyph ID="char_74" CONTENT="י" GC="1.0"><Shape><Polygon POINTS="1641 1387 1638 1541 1679 1542 1682 1388"/></Shape></Glyph><Glyph ID="char_75" CONTENT="ל" GC="1.0"><Shape><Polygon POINTS="1589 1386 1586 1540 1638 1541 1641 1387"/></Shape></Glyph><Glyph ID="char_76" CONTENT=" " GC="1.0"><Shape><Polygon POINTS="1527 1385 1524 1539 1586 1540 1589 1386"/></Shape></Glyph><Glyph ID="char_77" CONTENT="ל" GC="1.0"><Shape><Polygon POINTS="1475 1385 1472 1539 1524 1539 1527 1385"/></Shape></Glyph><Glyph ID="char_78" CONTENT=" " GC="1.0"><Shape><Polygon POINTS="1433 1384 1430 1538 1472 1539 1475 1385"/></Shape></Glyph></String>
          </TextLine>

          
          
          <TextLine ID="eSc_line_1789836" BASELINE="1880 1628 2106 1639 2239 1634 2340 1634 2410 1639" HPOS="1876.0" VPOS="1535.0" WIDTH="540.0" HEIGHT="165.0">
            <Shape><Polygon POINTS="1884 1535 2110 1546 2235 1541 2340 1541 2416 1546 2405 1700 2340 1696 2241 1695 2102 1700 1876 1689"/></Shape>
	    <String CONTENT=" הי אל תע " HPOS="1876.0" VPOS="1535.0" WIDTH="540.0" HEIGHT="165.0"><Glyph ID="char_79" CONTENT=" " GC="1.0"><Shape><Polygon POINTS="2353 1542 2342 1696 2394 1699 2405 1545"/></Shape></Glyph><Glyph ID="char_80" CONTENT="ה" GC="1.0"><Shape><Polygon POINTS="2305 1541 2305 1696 2342 1696 2353 1542"/></Shape></Glyph><Glyph ID="char_81" CONTENT="י" GC="1.0"><Shape><Polygon POINTS="2274 1541 2274 1695 2305 1696 2305 1541"/></Shape></Glyph><Glyph ID="char_82" CONTENT=" " GC="1.0"><Shape><Polygon POINTS="2208 1542 2214 1696 2274 1695 2274 1541"/></Shape></Glyph><Glyph ID="char_83" CONTENT="א" GC="1.0"><Shape><Polygon POINTS="2145 1545 2151 1698 2214 1696 2208 1542"/></Shape></Glyph><Glyph ID="char_84" CONTENT="ל" GC="1.0"><Shape><Polygon POINTS="2114 1546 2120 1699 2151 1698 2145 1545"/></Shape></Glyph><Glyph ID="char_85" CONTENT=" " GC="1.0"><Shape><Polygon POINTS="2081 1545 2072 1699 2120 1699 2114 1546"/></Shape></Glyph><Glyph ID="char_86" CONTENT="ת" GC="1.0"><Shape><Polygon POINTS="2040 1543 2032 1697 2072 1699 2081 1545"/></Shape></Glyph><Glyph ID="char_87" CONTENT="ע" GC="1.0"><Shape><Polygon POINTS="1988 1540 1980 1694 2032 1697 2040 1543"/></Shape></Glyph><Glyph ID="char_88" CONTENT=" " GC="1.0"><Shape><Polygon POINTS="1905 1536 1897 1690 1980 1694 1988 1540"/></Shape></Glyph></String>
          </TextLine>

          
        </TextBlock>
        

        
      </PrintSpace>
    </Page>
  </Layout>
</alto>