<?xml version='1.0' encoding='UTF-8'?>
<alto xmlns:xsi="http://www.w3.org/2001/XMLSchema-instance" xmlns="http://www.loc.gov/standards/alto/ns-v4#" xsi:schemaLocation="http://www.loc.gov/standards/alto/ns-v4# http://www.loc.gov/standards/alto/v4/alto-4-2.xsd">
  <Description>
    <MeasurementUnit>pixel</MeasurementUnit>
    <sourceImageInformation>
      <fileName>P471-Fg010-R-C01-R01-D13082013-T134549-LR924_012.jpg</fileName>
      
    </sourceImageInformation>
  </Description>
  
  <Tags>
    <OtherTag ID="BT1443" LABEL="Parchment_or_papyrus" DESCRIPTION="block type Parchment_or_papyrus"/><OtherTag ID="BT2" LABEL="Main" DESCRIPTION="block type Main"/>
    
  </Tags>
  
  <Layout>
    <Page WIDTH="3608" HEIGHT="2706" PHYSICAL_IMG_NR="44" ID="eSc_dummypage_">
      <PrintSpace HPOS="0" VPOS="0" WIDTH="3608" HEIGHT="2706">
        
        <TextBlock HPOS="214.0" VPOS="574.0" WIDTH="3342.0" HEIGHT="1451.0" ID="eSc_textblock_acad5bab" TAGREFS="BT2">
          <Shape><Polygon POINTS="214 574 214 2025 3556 2025 3556 574"/></Shape>
          
          
          <TextLine ID="eSc_line_1789917" BASELINE="430 773 478 766 741 710 850 710 1353 647 3193 613 3272 608 3429 611" HPOS="415.0" VPOS="510.0" WIDTH="3015.0" HEIGHT="327.0">
            <Shape><Polygon POINTS="415 676 463 669 720 614 850 612 1340 550 3191 515 3265 510 3430 513 3427 675 3276 672 3194 677 1361 711 850 774 754 773 487 830 439 837"/></Shape>
	    <String CONTENT=" ב שת זו ט א מרה " HPOS="415.0" VPOS="510.0" WIDTH="3015.0" HEIGHT="327.0"><Glyph ID="char_0" CONTENT=" " GC="1.0"><Shape><Polygon POINTS="3343 511 3340 673 3394 674 3397 512"/></Shape></Glyph><Glyph ID="char_1" CONTENT="ב" GC="1.0"><Shape><Polygon POINTS="3310 511 3307 673 3340 673 3343 511"/></Shape></Glyph><Glyph ID="char_2" CONTENT=" " GC="1.0"><Shape><Polygon POINTS="3258 510 3268 672 3307 673 3310 511"/></Shape></Glyph><Glyph ID="char_3" CONTENT="ש" GC="1.0"><Shape><Polygon POINTS="3204 514 3214 676 3268 672 3258 510"/></Shape></Glyph><Glyph ID="char_4" CONTENT="ת" GC="1.0"><Shape><Polygon POINTS="3154 516 3157 678 3214 676 3204 514"/></Shape></Glyph><Glyph ID="char_5" CONTENT=" " GC="1.0"><Shape><Polygon POINTS="3111 517 3114 678 3157 678 3154 516"/></Shape></Glyph><Glyph ID="char_6" CONTENT="ז" GC="1.0"><Shape><Polygon POINTS="3089 517 3092 679 3114 678 3111 517"/></Shape></Glyph><Glyph ID="char_7" CONTENT="ו" GC="1.0"><Shape><Polygon POINTS="3056 518 3059 680 3092 679 3089 517"/></Shape></Glyph><Glyph ID="char_8" CONTENT=" " GC="1.0"><Shape><Polygon POINTS="3023 518 3026 680 3059 680 3056 518"/></Shape></Glyph><Glyph ID="char_9" CONTENT="ט" GC="1.0"><Shape><Polygon POINTS="2893 521 2896 683 3026 680 3023 518"/></Shape></Glyph><Glyph ID="char_10" CONTENT=" " GC="1.0"><Shape><Polygon POINTS="2762 523 2765 685 2896 683 2893 521"/></Shape></Glyph><Glyph ID="char_11" CONTENT="א" GC="1.0"><Shape><Polygon POINTS="2184 534 2187 696 2765 685 2762 523"/></Shape></Glyph><Glyph ID="char_12" CONTENT=" " GC="1.0"><Shape><Polygon POINTS="1529 546 1532 708 2187 696 2184 534"/></Shape></Glyph><Glyph ID="char_13" CONTENT="מ" GC="1.0"><Shape><Polygon POINTS="1409 549 1412 710 1532 708 1529 546"/></Shape></Glyph><Glyph ID="char_14" CONTENT="ר" GC="1.0"><Shape><Polygon POINTS="1095 581 1116 741 1412 710 1409 549"/></Shape></Glyph><Glyph ID="char_15" CONTENT="ה" GC="1.0"><Shape><Polygon POINTS="794 613 794 773 1116 741 1095 581"/></Shape></Glyph><Glyph ID="char_16" CONTENT=" " GC="1.0"><Shape><Polygon POINTS="570 646 603 805 794 773 794 613"/></Shape></Glyph></String>
          </TextLine>

          
          
          <TextLine ID="eSc_line_1789919" BASELINE="383 942 505 922 757 872 1235 814 1323 807 1398 807 1449 811 1610 816 1729 814 1891 800 1957 789 2397 789 2464 796 2633 796 2733 800 3102 800 3260 796 3425 796 3517 802" HPOS="367.0" VPOS="691.0" WIDTH="3156.0" HEIGHT="314.0">
            <Shape><Polygon POINTS="367 846 489 826 738 776 1223 717 1315 710 1398 709 1456 714 1613 718 1727 716 1882 703 1941 693 2397 691 2474 699 2633 698 2736 702 3102 702 3257 698 3425 698 3523 705 3512 866 3425 860 3261 860 3102 864 2730 864 2633 860 2457 860 2397 853 1967 852 1896 864 1730 878 1607 880 1443 875 1398 871 1328 871 1242 878 769 935 515 985 393 1005"/></Shape>
	    <String CONTENT=" אשיח בנפלאתיך כי אל לפניך תש תושיעני ותעלני מאהלי מות ו ל פי " HPOS="367.0" VPOS="691.0" WIDTH="3156.0" HEIGHT="314.0"><Glyph ID="char_17" CONTENT=" " GC="1.0"><Shape><Polygon POINTS="3469 701 3458 862 3501 865 3512 704"/></Shape></Glyph><Glyph ID="char_18" CONTENT="א" GC="1.0"><Shape><Polygon POINTS="3436 699 3425 860 3458 862 3469 701"/></Shape></Glyph><Glyph ID="char_19" CONTENT="ש" GC="1.0"><Shape><Polygon POINTS="3374 698 3374 860 3425 860 3436 699"/></Shape></Glyph><Glyph ID="char_20" CONTENT="י" GC="1.0"><Shape><Polygon POINTS="3320 698 3320 860 3374 860 3374 698"/></Shape></Glyph><Glyph ID="char_21" CONTENT="ח" GC="1.0"><Shape><Polygon POINTS="3276 698 3276 860 3320 860 3320 698"/></Shape></Glyph><Glyph ID="char_22" CONTENT=" " GC="1.0"><Shape><Polygon POINTS="3231 699 3235 861 3276 860 3276 698"/></Shape></Glyph><Glyph ID="char_23" CONTENT="ב" GC="1.0"><Shape><Polygon POINTS="3198 700 3202 861 3235 861 3231 699"/></Shape></Glyph><Glyph ID="char_24" CONTENT="נ" GC="1.0"><Shape><Polygon POINTS="3166 700 3170 862 3202 861 3198 700"/></Shape></Glyph><Glyph ID="char_25" CONTENT="פ" GC="1.0"><Shape><Polygon POINTS="3133 701 3137 863 3170 862 3166 700"/></Shape></Glyph><Glyph ID="char_26" CONTENT="ל" GC="1.0"><Shape><Polygon POINTS="3100 702 3104 864 3137 863 3133 701"/></Shape></Glyph><Glyph ID="char_27" CONTENT="א" GC="1.0"><Shape><Polygon POINTS="3059 702 3059 864 3104 864 3100 702"/></Shape></Glyph><Glyph ID="char_28" CONTENT="ת" GC="1.0"><Shape><Polygon POINTS="3015 702 3015 864 3059 864 3059 702"/></Shape></Glyph><Glyph ID="char_29" CONTENT="י" GC="1.0"><Shape><Polygon POINTS="2982 702 2982 864 3015 864 3015 702"/></Shape></Glyph><Glyph ID="char_30" CONTENT="ך" GC="1.0"><Shape><Polygon POINTS="2950 702 2950 864 2982 864 2982 702"/></Shape></Glyph><Glyph ID="char_31" CONTENT=" " GC="1.0"><Shape><Polygon POINTS="2906 702 2906 864 2950 864 2950 702"/></Shape></Glyph><Glyph ID="char_32" CONTENT="כ" GC="1.0"><Shape><Polygon POINTS="2852 702 2852 864 2906 864 2906 702"/></Shape></Glyph><Glyph ID="char_33" CONTENT="י" GC="1.0"><Shape><Polygon POINTS="2830 702 2830 864 2852 864 2852 702"/></Shape></Glyph><Glyph ID="char_34" CONTENT=" " GC="1.0"><Shape><Polygon POINTS="2797 702 2797 864 2830 864 2830 702"/></Shape></Glyph><Glyph ID="char_35" CONTENT="א" GC="1.0"><Shape><Polygon POINTS="2754 702 2754 864 2797 864 2797 702"/></Shape></Glyph><Glyph ID="char_36" CONTENT="ל" GC="1.0"><Shape><Polygon POINTS="2559 698 2559 860 2754 864 2754 702"/></Shape></Glyph><Glyph ID="char_37" CONTENT=" " GC="1.0"><Shape><Polygon POINTS="2374 691 2374 853 2559 860 2559 698"/></Shape></Glyph><Glyph ID="char_38" CONTENT="ל" GC="1.0"><Shape><Polygon POINTS="2341 691 2341 853 2374 853 2374 691"/></Shape></Glyph><Glyph ID="char_39" CONTENT="פ" GC="1.0"><Shape><Polygon POINTS="2308 691 2308 853 2341 853 2341 691"/></Shape></Glyph><Glyph ID="char_40" CONTENT="נ" GC="1.0"><Shape><Polygon POINTS="2276 692 2276 853 2308 853 2308 691"/></Shape></Glyph><Glyph ID="char_41" CONTENT="י" GC="1.0"><Shape><Polygon POINTS="2243 692 2243 853 2276 853 2276 692"/></Shape></Glyph><Glyph ID="char_42" CONTENT="ך" GC="1.0"><Shape><Polygon POINTS="2199 692 2199 853 2243 853 2243 692"/></Shape></Glyph><Glyph ID="char_43" CONTENT=" " GC="1.0"><Shape><Polygon POINTS="2156 692 2156 852 2199 853 2199 692"/></Shape></Glyph><Glyph ID="char_44" CONTENT="ת" GC="1.0"><Shape><Polygon POINTS="2112 692 2112 852 2156 852 2156 692"/></Shape></Glyph><Glyph ID="char_45" CONTENT="ש" GC="1.0"><Shape><Polygon POINTS="1922 696 1949 855 2112 852 2112 692"/></Shape></Glyph><Glyph ID="char_46" CONTENT=" " GC="1.0"><Shape><Polygon POINTS="1735 715 1749 876 1949 855 1922 696"/></Shape></Glyph><Glyph ID="char_47" CONTENT="ת" GC="1.0"><Shape><Polygon POINTS="1698 717 1701 878 1749 876 1735 715"/></Shape></Glyph><Glyph ID="char_48" CONTENT="ו" GC="1.0"><Shape><Polygon POINTS="1666 717 1669 879 1701 878 1698 717"/></Shape></Glyph><Glyph ID="char_49" CONTENT="ש" GC="1.0"><Shape><Polygon POINTS="1633 718 1636 880 1669 879 1666 717"/></Shape></Glyph><Glyph ID="char_50" CONTENT="י" GC="1.0"><Shape><Polygon POINTS="1595 718 1589 879 1636 880 1633 718"/></Shape></Glyph><Glyph ID="char_51" CONTENT="ע" GC="1.0"><Shape><Polygon POINTS="1551 716 1545 878 1589 879 1595 718"/></Shape></Glyph><Glyph ID="char_52" CONTENT="נ" GC="1.0"><Shape><Polygon POINTS="1507 715 1502 877 1545 878 1551 716"/></Shape></Glyph><Glyph ID="char_53" CONTENT="י" GC="1.0"><Shape><Polygon POINTS="1475 714 1470 876 1502 877 1507 715"/></Shape></Glyph><Glyph ID="char_54" CONTENT=" " GC="1.0"><Shape><Polygon POINTS="1446 713 1434 874 1470 876 1475 714"/></Shape></Glyph><Glyph ID="char_55" CONTENT="ו" GC="1.0"><Shape><Polygon POINTS="1413 710 1401 871 1434 874 1446 713"/></Shape></Glyph><Glyph ID="char_56" CONTENT="ת" GC="1.0"><Shape><Polygon POINTS="1374 709 1374 871 1401 871 1413 710"/></Shape></Glyph><Glyph ID="char_57" CONTENT="ע" GC="1.0"><Shape><Polygon POINTS="1311 710 1324 871 1374 871 1374 709"/></Shape></Glyph><Glyph ID="char_58" CONTENT="ל" GC="1.0"><Shape><Polygon POINTS="1279 713 1292 874 1324 871 1311 710"/></Shape></Glyph><Glyph ID="char_59" CONTENT="נ" GC="1.0"><Shape><Polygon POINTS="1246 715 1259 877 1292 874 1279 713"/></Shape></Glyph><Glyph ID="char_60" CONTENT="י" GC="1.0"><Shape><Polygon POINTS="1209 719 1229 880 1259 877 1246 715"/></Shape></Glyph><Glyph ID="char_61" CONTENT=" " GC="1.0"><Shape><Polygon POINTS="1167 724 1186 885 1229 880 1209 719"/></Shape></Glyph><Glyph ID="char_62" CONTENT="מ" GC="1.0"><Shape><Polygon POINTS="1112 731 1132 891 1186 885 1167 724"/></Shape></Glyph><Glyph ID="char_63" CONTENT="א" GC="1.0"><Shape><Polygon POINTS="1058 737 1078 898 1132 891 1112 731"/></Shape></Glyph><Glyph ID="char_64" CONTENT="ה" GC="1.0"><Shape><Polygon POINTS="1015 742 1034 903 1078 898 1058 737"/></Shape></Glyph><Glyph ID="char_65" CONTENT="ל" GC="1.0"><Shape><Polygon POINTS="983 746 1002 907 1034 903 1015 742"/></Shape></Glyph><Glyph ID="char_66" CONTENT="י" GC="1.0"><Shape><Polygon POINTS="950 750 970 911 1002 907 983 746"/></Shape></Glyph><Glyph ID="char_67" CONTENT=" " GC="1.0"><Shape><Polygon POINTS="917 754 937 915 970 911 950 750"/></Shape></Glyph><Glyph ID="char_68" CONTENT="מ" GC="1.0"><Shape><Polygon POINTS="875 759 894 920 937 915 917 754"/></Shape></Glyph><Glyph ID="char_69" CONTENT="ו" GC="1.0"><Shape><Polygon POINTS="820 766 840 926 894 920 875 759"/></Shape></Glyph><Glyph ID="char_70" CONTENT="ת" GC="1.0"><Shape><Polygon POINTS="777 771 797 932 840 926 820 766"/></Shape></Glyph><Glyph ID="char_71" CONTENT=" " GC="1.0"><Shape><Polygon POINTS="737 776 769 935 797 932 777 771"/></Shape></Glyph><Glyph ID="char_72" CONTENT="ו" GC="1.0"><Shape><Polygon POINTS="631 798 662 956 769 935 737 776"/></Shape></Glyph><Glyph ID="char_73" CONTENT=" " GC="1.0"><Shape><Polygon POINTS="524 819 555 977 662 956 631 798"/></Shape></Glyph><Glyph ID="char_74" CONTENT="ל" GC="1.0"><Shape><Polygon POINTS="503 823 534 981 555 977 524 819"/></Shape></Glyph><Glyph ID="char_75" CONTENT=" " GC="1.0"><Shape><Polygon POINTS="492 825 524 983 534 981 503 823"/></Shape></Glyph><Glyph ID="char_76" CONTENT="פ" GC="1.0"><Shape><Polygon POINTS="463 830 489 989 524 983 492 825"/></Shape></Glyph><Glyph ID="char_77" CONTENT="י" GC="1.0"><Shape><Polygon POINTS="441 834 467 993 489 989 463 830"/></Shape></Glyph><Glyph ID="char_78" CONTENT=" " GC="1.0"><Shape><Polygon POINTS="388 843 414 1002 467 993 441 834"/></Shape></Glyph></String>
          </TextLine>

          
          
          <TextLine ID="eSc_line_1789910" BASELINE="2024 962 2178 969 2866 969 2949 965 3287 965 3409 958 3497 962" HPOS="2021.0" VPOS="860.0" WIDTH="1480.0" HEIGHT="173.0">
            <Shape><Polygon POINTS="2028 864 2182 871 2866 871 2944 867 3287 867 3403 860 3501 864 3494 1026 3412 1022 3287 1029 2952 1029 2866 1033 2175 1033 2021 1026"/></Shape>
	    <String CONTENT=" ל דרכו תבואינא אל עו ם קד " HPOS="2021.0" VPOS="860.0" WIDTH="1480.0" HEIGHT="173.0"><Glyph ID="char_79" CONTENT=" " GC="1.0"><Shape><Polygon POINTS="3457 862 3450 1024 3483 1025 3490 864"/></Shape></Glyph><Glyph ID="char_80" CONTENT="ל" GC="1.0"><Shape><Polygon POINTS="3446 862 3439 1023 3450 1024 3457 862"/></Shape></Glyph><Glyph ID="char_81" CONTENT=" " GC="1.0"><Shape><Polygon POINTS="3424 861 3417 1022 3439 1023 3446 862"/></Shape></Glyph><Glyph ID="char_82" CONTENT="ד" GC="1.0"><Shape><Polygon POINTS="3382 861 3391 1023 3417 1022 3424 861"/></Shape></Glyph><Glyph ID="char_83" CONTENT="ר" GC="1.0"><Shape><Polygon POINTS="3338 864 3347 1026 3391 1023 3382 861"/></Shape></Glyph><Glyph ID="char_84" CONTENT="כ" GC="1.0"><Shape><Polygon POINTS="3305 866 3314 1027 3347 1026 3338 864"/></Shape></Glyph><Glyph ID="char_85" CONTENT="ו" GC="1.0"><Shape><Polygon POINTS="3294 867 3303 1028 3314 1027 3305 866"/></Shape></Glyph><Glyph ID="char_86" CONTENT=" " GC="1.0"><Shape><Polygon POINTS="3268 867 3268 1029 3303 1028 3294 867"/></Shape></Glyph><Glyph ID="char_87" CONTENT="ת" GC="1.0"><Shape><Polygon POINTS="3224 867 3224 1029 3268 1029 3268 867"/></Shape></Glyph><Glyph ID="char_88" CONTENT="ב" GC="1.0"><Shape><Polygon POINTS="3180 867 3180 1029 3224 1029 3224 867"/></Shape></Glyph><Glyph ID="char_89" CONTENT="ו" GC="1.0"><Shape><Polygon POINTS="3137 867 3137 1029 3180 1029 3180 867"/></Shape></Glyph><Glyph ID="char_90" CONTENT="א" GC="1.0"><Shape><Polygon POINTS="3093 867 3093 1029 3137 1029 3137 867"/></Shape></Glyph><Glyph ID="char_91" CONTENT="י" GC="1.0"><Shape><Polygon POINTS="3060 867 3060 1029 3093 1029 3093 867"/></Shape></Glyph><Glyph ID="char_92" CONTENT="נ" GC="1.0"><Shape><Polygon POINTS="3017 867 3017 1029 3060 1029 3060 867"/></Shape></Glyph><Glyph ID="char_93" CONTENT="א" GC="1.0"><Shape><Polygon POINTS="2962 867 2962 1029 3017 1029 3017 867"/></Shape></Glyph><Glyph ID="char_94" CONTENT=" " GC="1.0"><Shape><Polygon POINTS="2913 869 2921 1030 2962 1029 2962 867"/></Shape></Glyph><Glyph ID="char_95" CONTENT="א" GC="1.0"><Shape><Polygon POINTS="2864 871 2864 1033 2921 1030 2913 869"/></Shape></Glyph><Glyph ID="char_96" CONTENT="ל" GC="1.0"><Shape><Polygon POINTS="2842 871 2842 1033 2864 1033 2864 871"/></Shape></Glyph><Glyph ID="char_97" CONTENT=" " GC="1.0"><Shape><Polygon POINTS="2809 871 2809 1033 2842 1033 2842 871"/></Shape></Glyph><Glyph ID="char_98" CONTENT="ע" GC="1.0"><Shape><Polygon POINTS="2765 871 2765 1033 2809 1033 2809 871"/></Shape></Glyph><Glyph ID="char_99" CONTENT="ו" GC="1.0"><Shape><Polygon POINTS="2613 871 2613 1033 2765 1033 2765 871"/></Shape></Glyph><Glyph ID="char_100" CONTENT=" " GC="1.0"><Shape><Polygon POINTS="2362 871 2362 1033 2613 1033 2613 871"/></Shape></Glyph><Glyph ID="char_101" CONTENT="ם" GC="1.0"><Shape><Polygon POINTS="2220 871 2220 1033 2362 1033 2362 871"/></Shape></Glyph><Glyph ID="char_102" CONTENT=" " GC="1.0"><Shape><Polygon POINTS="2181 871 2172 1033 2220 1033 2220 871"/></Shape></Glyph><Glyph ID="char_103" CONTENT="ק" GC="1.0"><Shape><Polygon POINTS="2137 869 2129 1031 2172 1033 2181 871"/></Shape></Glyph><Glyph ID="char_104" CONTENT="ד" GC="1.0"><Shape><Polygon POINTS="2083 866 2075 1028 2129 1031 2137 869"/></Shape></Glyph><Glyph ID="char_105" CONTENT=" " GC="1.0"><Shape><Polygon POINTS="2039 864 2031 1026 2075 1028 2083 866"/></Shape></Glyph></String>
          </TextLine>

          
          
          <TextLine ID="eSc_line_1789907" BASELINE="390 1213 511 1210 773 1192 992 1156 2232 1102 2622 1104 2687 1100 2960 1089 3132 1089 3416 1095" HPOS="387.0" VPOS="991.0" WIDTH="3031.0" HEIGHT="286.0">
            <Shape><Polygon POINTS="387 1115 508 1112 766 1095 976 1060 2227 1004 2622 1006 2681 1002 2956 991 3132 991 3418 997 3414 1159 3132 1153 2962 1153 2690 1164 2621 1168 2234 1166 1002 1219 777 1256 512 1274 391 1277"/></Shape>
	    <String CONTENT=" לך יהודה שמע אל ש ך מ ת עז תך אס נגד יראיך עמדי " HPOS="387.0" VPOS="991.0" WIDTH="3031.0" HEIGHT="286.0"><Glyph ID="char_106" CONTENT=" " GC="1.0"><Shape><Polygon POINTS="3384 996 3380 1158 3402 1159 3406 997"/></Shape></Glyph><Glyph ID="char_107" CONTENT="ל" GC="1.0"><Shape><Polygon POINTS="3362 996 3358 1158 3380 1158 3384 996"/></Shape></Glyph><Glyph ID="char_108" CONTENT="ך" GC="1.0"><Shape><Polygon POINTS="3330 995 3326 1157 3358 1158 3362 996"/></Shape></Glyph><Glyph ID="char_109" CONTENT=" " GC="1.0"><Shape><Polygon POINTS="3308 995 3304 1157 3326 1157 3330 995"/></Shape></Glyph><Glyph ID="char_110" CONTENT="י" GC="1.0"><Shape><Polygon POINTS="3253 994 3250 1156 3304 1157 3308 995"/></Shape></Glyph><Glyph ID="char_111" CONTENT="ה" GC="1.0"><Shape><Polygon POINTS="3221 993 3218 1155 3250 1156 3253 994"/></Shape></Glyph><Glyph ID="char_112" CONTENT="ו" GC="1.0"><Shape><Polygon POINTS="3199 992 3196 1154 3218 1155 3221 993"/></Shape></Glyph><Glyph ID="char_113" CONTENT="ד" GC="1.0"><Shape><Polygon POINTS="3155 991 3152 1153 3196 1154 3199 992"/></Shape></Glyph><Glyph ID="char_114" CONTENT="ה" GC="1.0"><Shape><Polygon POINTS="3110 991 3110 1153 3152 1153 3155 991"/></Shape></Glyph><Glyph ID="char_115" CONTENT=" " GC="1.0"><Shape><Polygon POINTS="3077 991 3077 1153 3110 1153 3110 991"/></Shape></Glyph><Glyph ID="char_116" CONTENT="ש" GC="1.0"><Shape><Polygon POINTS="3022 991 3022 1153 3077 1153 3077 991"/></Shape></Glyph><Glyph ID="char_117" CONTENT="מ" GC="1.0"><Shape><Polygon POINTS="2953 991 2959 1153 3022 1153 3022 991"/></Shape></Glyph><Glyph ID="char_118" CONTENT="ע" GC="1.0"><Shape><Polygon POINTS="2909 993 2915 1155 2959 1153 2953 991"/></Shape></Glyph><Glyph ID="char_119" CONTENT=" " GC="1.0"><Shape><Polygon POINTS="2866 995 2873 1157 2915 1155 2909 993"/></Shape></Glyph><Glyph ID="char_120" CONTENT="א" GC="1.0"><Shape><Polygon POINTS="2822 996 2829 1158 2873 1157 2866 995"/></Shape></Glyph><Glyph ID="char_121" CONTENT="ל" GC="1.0"><Shape><Polygon POINTS="2757 999 2764 1161 2829 1158 2822 996"/></Shape></Glyph><Glyph ID="char_122" CONTENT=" " GC="1.0"><Shape><Polygon POINTS="2609 1006 2608 1168 2764 1161 2757 999"/></Shape></Glyph><Glyph ID="char_123" CONTENT="ש" GC="1.0"><Shape><Polygon POINTS="2489 1005 2488 1167 2608 1168 2609 1006"/></Shape></Glyph><Glyph ID="char_124" CONTENT=" " GC="1.0"><Shape><Polygon POINTS="2457 1005 2456 1167 2488 1167 2489 1005"/></Shape></Glyph><Glyph ID="char_125" CONTENT="ך" GC="1.0"><Shape><Polygon POINTS="2424 1005 2423 1167 2456 1167 2457 1005"/></Shape></Glyph><Glyph ID="char_126" CONTENT=" " GC="1.0"><Shape><Polygon POINTS="2369 1005 2368 1167 2423 1167 2424 1005"/></Shape></Glyph><Glyph ID="char_127" CONTENT="מ" GC="1.0"><Shape><Polygon POINTS="2293 1004 2292 1166 2368 1167 2369 1005"/></Shape></Glyph><Glyph ID="char_128" CONTENT=" " GC="1.0"><Shape><Polygon POINTS="2238 1004 2237 1166 2292 1166 2293 1004"/></Shape></Glyph><Glyph ID="char_129" CONTENT="ת" GC="1.0"><Shape><Polygon POINTS="2201 1005 2208 1167 2237 1166 2238 1004"/></Shape></Glyph><Glyph ID="char_130" CONTENT=" " GC="1.0"><Shape><Polygon POINTS="2157 1007 2164 1169 2208 1167 2201 1005"/></Shape></Glyph><Glyph ID="char_131" CONTENT="ע" GC="1.0"><Shape><Polygon POINTS="2124 1009 2131 1170 2164 1169 2157 1007"/></Shape></Glyph><Glyph ID="char_132" CONTENT="ז" GC="1.0"><Shape><Polygon POINTS="2092 1010 2099 1172 2131 1170 2124 1009"/></Shape></Glyph><Glyph ID="char_133" CONTENT=" " GC="1.0"><Shape><Polygon POINTS="2059 1012 2066 1173 2099 1172 2092 1010"/></Shape></Glyph><Glyph ID="char_134" CONTENT="ת" GC="1.0"><Shape><Polygon POINTS="2026 1013 2033 1175 2066 1173 2059 1012"/></Shape></Glyph><Glyph ID="char_135" CONTENT="ך" GC="1.0"><Shape><Polygon POINTS="2015 1013 2022 1175 2033 1175 2026 1013"/></Shape></Glyph><Glyph ID="char_136" CONTENT=" " GC="1.0"><Shape><Polygon POINTS="1983 1015 1990 1176 2022 1175 2015 1013"/></Shape></Glyph><Glyph ID="char_137" CONTENT="א" GC="1.0"><Shape><Polygon POINTS="1819 1022 1826 1184 1990 1176 1983 1015"/></Shape></Glyph><Glyph ID="char_138" CONTENT="ס" GC="1.0"><Shape><Polygon POINTS="1591 1032 1598 1193 1826 1184 1819 1022"/></Shape></Glyph><Glyph ID="char_139" CONTENT=" " GC="1.0"><Shape><Polygon POINTS="1482 1037 1489 1198 1598 1193 1591 1032"/></Shape></Glyph><Glyph ID="char_140" CONTENT="נ" GC="1.0"><Shape><Polygon POINTS="1439 1039 1446 1200 1489 1198 1482 1037"/></Shape></Glyph><Glyph ID="char_141" CONTENT="ג" GC="1.0"><Shape><Polygon POINTS="1417 1040 1424 1201 1446 1200 1439 1039"/></Shape></Glyph><Glyph ID="char_142" CONTENT="ד" GC="1.0"><Shape><Polygon POINTS="1373 1042 1380 1203 1424 1201 1417 1040"/></Shape></Glyph><Glyph ID="char_143" CONTENT=" " GC="1.0"><Shape><Polygon POINTS="1286 1046 1293 1206 1380 1203 1373 1042"/></Shape></Glyph><Glyph ID="char_144" CONTENT="י" GC="1.0"><Shape><Polygon POINTS="1231 1049 1238 1209 1293 1206 1286 1046"/></Shape></Glyph><Glyph ID="char_145" CONTENT="ר" GC="1.0"><Shape><Polygon POINTS="1210 1050 1217 1210 1238 1209 1231 1049"/></Shape></Glyph><Glyph ID="char_146" CONTENT="א" GC="1.0"><Shape><Polygon POINTS="1166 1051 1173 1212 1217 1210 1210 1050"/></Shape></Glyph><Glyph ID="char_147" CONTENT="י" GC="1.0"><Shape><Polygon POINTS="1101 1054 1108 1214 1173 1212 1166 1051"/></Shape></Glyph><Glyph ID="char_148" CONTENT="ך" GC="1.0"><Shape><Polygon POINTS="1057 1056 1064 1216 1108 1214 1101 1054"/></Shape></Glyph><Glyph ID="char_149" CONTENT=" " GC="1.0"><Shape><Polygon POINTS="1035 1057 1042 1217 1064 1216 1057 1056"/></Shape></Glyph><Glyph ID="char_150" CONTENT="ע" GC="1.0"><Shape><Polygon POINTS="959 1063 985 1222 1042 1217 1035 1057"/></Shape></Glyph><Glyph ID="char_151" CONTENT="מ" GC="1.0"><Shape><Polygon POINTS="731 1097 742 1258 985 1222 959 1063"/></Shape></Glyph><Glyph ID="char_152" CONTENT="ד" GC="1.0"><Shape><Polygon POINTS="513 1112 524 1273 742 1258 731 1097"/></Shape></Glyph><Glyph ID="char_153" CONTENT="י" GC="1.0"><Shape><Polygon POINTS="474 1113 478 1275 524 1273 513 1112"/></Shape></Glyph><Glyph ID="char_154" CONTENT=" " GC="1.0"><Shape><Polygon POINTS="409 1114 413 1276 478 1275 474 1113"/></Shape></Glyph></String>
          </TextLine>

          
          
          <TextLine ID="eSc_line_1789908" BASELINE="322 1368 432 1368 552 1359 703 1337 775 1330 953 1321 1391 1260 1508 1256 1684 1258 2099 1247 2753 1249 3039 1237 3314 1237 3387 1240 3506 1253" HPOS="322.0" VPOS="1139.0" WIDTH="3194.0" HEIGHT="293.0">
            <Shape><Polygon POINTS="322 1270 432 1270 544 1262 688 1240 765 1233 948 1223 1377 1163 1504 1158 1685 1160 2096 1149 2753 1151 3034 1139 3314 1139 3390 1142 3516 1156 3498 1317 3384 1304 3314 1301 3041 1301 2752 1313 2100 1311 1683 1322 1510 1320 1399 1324 956 1385 781 1394 712 1401 556 1423 432 1432 322 1432"/></Shape>
	    <String CONTENT=" שבתיך י יבין ל מא בו צררי נגדך ה ידעתם ולשנאי נפשי ל ך כ יתה כי אח ה " HPOS="322.0" VPOS="1139.0" WIDTH="3194.0" HEIGHT="293.0"><Glyph ID="char_155" CONTENT=" " GC="1.0"><Shape><Polygon POINTS="3473 1151 3455 1312 3488 1316 3506 1155"/></Shape></Glyph><Glyph ID="char_156" CONTENT="ש" GC="1.0"><Shape><Polygon POINTS="3441 1148 3424 1309 3455 1312 3473 1151"/></Shape></Glyph><Glyph ID="char_157" CONTENT="ב" GC="1.0"><Shape><Polygon POINTS="3380 1142 3373 1304 3424 1309 3441 1148"/></Shape></Glyph><Glyph ID="char_158" CONTENT="ת" GC="1.0"><Shape><Polygon POINTS="3337 1140 3330 1302 3373 1304 3380 1142"/></Shape></Glyph><Glyph ID="char_159" CONTENT="י" GC="1.0"><Shape><Polygon POINTS="3289 1139 3289 1301 3330 1302 3337 1140"/></Shape></Glyph><Glyph ID="char_160" CONTENT="ך" GC="1.0"><Shape><Polygon POINTS="3246 1139 3246 1301 3289 1301 3289 1139"/></Shape></Glyph><Glyph ID="char_161" CONTENT=" " GC="1.0"><Shape><Polygon POINTS="3202 1139 3202 1301 3246 1301 3246 1139"/></Shape></Glyph><Glyph ID="char_162" CONTENT="י" GC="1.0"><Shape><Polygon POINTS="3147 1139 3147 1301 3202 1301 3202 1139"/></Shape></Glyph><Glyph ID="char_163" CONTENT=" " GC="1.0"><Shape><Polygon POINTS="3115 1139 3115 1301 3147 1301 3147 1139"/></Shape></Glyph><Glyph ID="char_164" CONTENT="י" GC="1.0"><Shape><Polygon POINTS="3082 1139 3082 1301 3115 1301 3115 1139"/></Shape></Glyph><Glyph ID="char_165" CONTENT="ב" GC="1.0"><Shape><Polygon POINTS="3049 1139 3049 1301 3082 1301 3082 1139"/></Shape></Glyph><Glyph ID="char_166" CONTENT="י" GC="1.0"><Shape><Polygon POINTS="3002 1140 3009 1302 3049 1301 3049 1139"/></Shape></Glyph><Glyph ID="char_167" CONTENT="ן" GC="1.0"><Shape><Polygon POINTS="2980 1141 2987 1303 3009 1302 3002 1140"/></Shape></Glyph><Glyph ID="char_168" CONTENT=" " GC="1.0"><Shape><Polygon POINTS="2947 1143 2954 1305 2987 1303 2980 1141"/></Shape></Glyph><Glyph ID="char_169" CONTENT="ל" GC="1.0"><Shape><Polygon POINTS="2904 1145 2911 1306 2954 1305 2947 1143"/></Shape></Glyph><Glyph ID="char_170" CONTENT=" " GC="1.0"><Shape><Polygon POINTS="2860 1146 2867 1308 2911 1306 2904 1145"/></Shape></Glyph><Glyph ID="char_171" CONTENT="מ" GC="1.0"><Shape><Polygon POINTS="2817 1148 2824 1310 2867 1308 2860 1146"/></Shape></Glyph><Glyph ID="char_172" CONTENT="א" GC="1.0"><Shape><Polygon POINTS="2773 1150 2780 1312 2824 1310 2817 1148"/></Shape></Glyph><Glyph ID="char_173" CONTENT=" " GC="1.0"><Shape><Polygon POINTS="2668 1151 2668 1313 2780 1312 2773 1150"/></Shape></Glyph><Glyph ID="char_174" CONTENT="ב" GC="1.0"><Shape><Polygon POINTS="2559 1150 2559 1312 2668 1313 2668 1151"/></Shape></Glyph><Glyph ID="char_175" CONTENT="ו" GC="1.0"><Shape><Polygon POINTS="2527 1150 2527 1312 2559 1312 2559 1150"/></Shape></Glyph><Glyph ID="char_176" CONTENT=" " GC="1.0"><Shape><Polygon POINTS="2505 1150 2505 1312 2527 1312 2527 1150"/></Shape></Glyph><Glyph ID="char_177" CONTENT="צ" GC="1.0"><Shape><Polygon POINTS="2472 1150 2472 1312 2505 1312 2505 1150"/></Shape></Glyph><Glyph ID="char_178" CONTENT="ר" GC="1.0"><Shape><Polygon POINTS="2439 1150 2439 1312 2472 1312 2472 1150"/></Shape></Glyph><Glyph ID="char_179" CONTENT="ר" GC="1.0"><Shape><Polygon POINTS="2407 1150 2407 1312 2439 1312 2439 1150"/></Shape></Glyph><Glyph ID="char_180" CONTENT="י" GC="1.0"><Shape><Polygon POINTS="2374 1150 2374 1312 2407 1312 2407 1150"/></Shape></Glyph><Glyph ID="char_181" CONTENT=" " GC="1.0"><Shape><Polygon POINTS="2341 1150 2341 1312 2374 1312 2374 1150"/></Shape></Glyph><Glyph ID="char_182" CONTENT="נ" GC="1.0"><Shape><Polygon POINTS="2309 1150 2309 1312 2341 1312 2341 1150"/></Shape></Glyph><Glyph ID="char_183" CONTENT="ג" GC="1.0"><Shape><Polygon POINTS="2265 1150 2265 1312 2309 1312 2309 1150"/></Shape></Glyph><Glyph ID="char_184" CONTENT="ד" GC="1.0"><Shape><Polygon POINTS="2211 1149 2211 1311 2265 1312 2265 1150"/></Shape></Glyph><Glyph ID="char_185" CONTENT="ך" GC="1.0"><Shape><Polygon POINTS="2156 1149 2156 1311 2211 1311 2211 1149"/></Shape></Glyph><Glyph ID="char_186" CONTENT=" " GC="1.0"><Shape><Polygon POINTS="2123 1149 2123 1311 2156 1311 2156 1149"/></Shape></Glyph><Glyph ID="char_187" CONTENT="ה" GC="1.0"><Shape><Polygon POINTS="2066 1150 2071 1312 2123 1311 2123 1149"/></Shape></Glyph><Glyph ID="char_188" CONTENT=" " GC="1.0"><Shape><Polygon POINTS="2001 1152 2006 1313 2071 1312 2066 1150"/></Shape></Glyph><Glyph ID="char_189" CONTENT="י" GC="1.0"><Shape><Polygon POINTS="1936 1153 1940 1315 2006 1313 2001 1152"/></Shape></Glyph><Glyph ID="char_190" CONTENT="ד" GC="1.0"><Shape><Polygon POINTS="1871 1155 1875 1317 1940 1315 1936 1153"/></Shape></Glyph><Glyph ID="char_191" CONTENT="ע" GC="1.0"><Shape><Polygon POINTS="1827 1156 1831 1318 1875 1317 1871 1155"/></Shape></Glyph><Glyph ID="char_192" CONTENT="ת" GC="1.0"><Shape><Polygon POINTS="1784 1157 1788 1319 1831 1318 1827 1156"/></Shape></Glyph><Glyph ID="char_193" CONTENT="ם" GC="1.0"><Shape><Polygon POINTS="1740 1159 1744 1320 1788 1319 1784 1157"/></Shape></Glyph><Glyph ID="char_194" CONTENT=" " GC="1.0"><Shape><Polygon POINTS="1686 1160 1690 1322 1744 1320 1740 1159"/></Shape></Glyph><Glyph ID="char_195" CONTENT="ו" GC="1.0"><Shape><Polygon POINTS="1656 1160 1654 1322 1690 1322 1686 1160"/></Shape></Glyph><Glyph ID="char_196" CONTENT="ל" GC="1.0"><Shape><Polygon POINTS="1634 1159 1632 1321 1654 1322 1656 1160"/></Shape></Glyph><Glyph ID="char_197" CONTENT="ש" GC="1.0"><Shape><Polygon POINTS="1580 1159 1578 1321 1632 1321 1634 1159"/></Shape></Glyph><Glyph ID="char_198" CONTENT="נ" GC="1.0"><Shape><Polygon POINTS="1536 1158 1534 1320 1578 1321 1580 1159"/></Shape></Glyph><Glyph ID="char_199" CONTENT="א" GC="1.0"><Shape><Polygon POINTS="1499 1158 1504 1320 1534 1320 1536 1158"/></Shape></Glyph><Glyph ID="char_200" CONTENT="י" GC="1.0"><Shape><Polygon POINTS="1456 1160 1461 1322 1504 1320 1499 1158"/></Shape></Glyph><Glyph ID="char_201" CONTENT=" " GC="1.0"><Shape><Polygon POINTS="1423 1161 1428 1323 1461 1322 1456 1160"/></Shape></Glyph><Glyph ID="char_202" CONTENT="נ" GC="1.0"><Shape><Polygon POINTS="1391 1162 1396 1324 1428 1323 1423 1161"/></Shape></Glyph><Glyph ID="char_203" CONTENT="פ" GC="1.0"><Shape><Polygon POINTS="1337 1169 1360 1329 1396 1324 1391 1162"/></Shape></Glyph><Glyph ID="char_204" CONTENT="ש" GC="1.0"><Shape><Polygon POINTS="1294 1175 1316 1335 1360 1329 1337 1169"/></Shape></Glyph><Glyph ID="char_205" CONTENT="י" GC="1.0"><Shape><Polygon POINTS="1251 1181 1273 1341 1316 1335 1294 1175"/></Shape></Glyph><Glyph ID="char_206" CONTENT=" " GC="1.0"><Shape><Polygon POINTS="1218 1185 1241 1346 1273 1341 1251 1181"/></Shape></Glyph><Glyph ID="char_207" CONTENT="ל" GC="1.0"><Shape><Polygon POINTS="1089 1203 1111 1364 1241 1346 1218 1185"/></Shape></Glyph><Glyph ID="char_208" CONTENT=" " GC="1.0"><Shape><Polygon POINTS="947 1223 955 1385 1111 1364 1089 1203"/></Shape></Glyph><Glyph ID="char_209" CONTENT="ך" GC="1.0"><Shape><Polygon POINTS="892 1226 900 1388 955 1385 947 1223"/></Shape></Glyph><Glyph ID="char_210" CONTENT=" " GC="1.0"><Shape><Polygon POINTS="860 1228 868 1390 900 1388 892 1226"/></Shape></Glyph><Glyph ID="char_211" CONTENT="כ" GC="1.0"><Shape><Polygon POINTS="827 1230 835 1391 868 1390 860 1228"/></Shape></Glyph><Glyph ID="char_212" CONTENT=" " GC="1.0"><Shape><Polygon POINTS="794 1231 802 1393 835 1391 827 1230"/></Shape></Glyph><Glyph ID="char_213" CONTENT="י" GC="1.0"><Shape><Polygon POINTS="746 1235 762 1396 802 1393 794 1231"/></Shape></Glyph><Glyph ID="char_214" CONTENT="ת" GC="1.0"><Shape><Polygon POINTS="687 1240 710 1401 762 1396 746 1235"/></Shape></Glyph><Glyph ID="char_215" CONTENT="ה" GC="1.0"><Shape><Polygon POINTS="655 1245 679 1406 710 1401 687 1240"/></Shape></Glyph><Glyph ID="char_216" CONTENT=" " GC="1.0"><Shape><Polygon POINTS="634 1248 657 1409 679 1406 655 1245"/></Shape></Glyph><Glyph ID="char_217" CONTENT="כ" GC="1.0"><Shape><Polygon POINTS="601 1253 624 1413 657 1409 634 1248"/></Shape></Glyph><Glyph ID="char_218" CONTENT="י" GC="1.0"><Shape><Polygon POINTS="568 1258 592 1418 624 1413 601 1253"/></Shape></Glyph><Glyph ID="char_219" CONTENT=" " GC="1.0"><Shape><Polygon POINTS="543 1262 555 1423 592 1418 568 1258"/></Shape></Glyph><Glyph ID="char_220" CONTENT="א" GC="1.0"><Shape><Polygon POINTS="499 1265 512 1426 555 1423 543 1262"/></Shape></Glyph><Glyph ID="char_221" CONTENT="ח" GC="1.0"><Shape><Polygon POINTS="457 1268 469 1429 512 1426 499 1265"/></Shape></Glyph><Glyph ID="char_222" CONTENT=" " GC="1.0"><Shape><Polygon POINTS="431 1270 431 1432 469 1429 457 1268"/></Shape></Glyph><Glyph ID="char_223" CONTENT="ה" GC="1.0"><Shape><Polygon POINTS="398 1270 398 1432 431 1432 431 1270"/></Shape></Glyph><Glyph ID="char_224" CONTENT=" " GC="1.0"><Shape><Polygon POINTS="344 1270 344 1432 398 1432 398 1270"/></Shape></Glyph></String>
          </TextLine>

          
          
          <TextLine ID="eSc_line_1789918" BASELINE="374 1571 448 1569 509 1560 1005 1483 1120 1463 1247 1445 1321 1438 1621 1427 1763 1418 1943 1420 2133 1413 2464 1413 2566 1409 3071 1413 3326 1411 3542 1416" HPOS="371.0" VPOS="1311.0" WIDTH="3173.0" HEIGHT="324.0">
            <Shape><Polygon POINTS="371 1473 445 1471 494 1463 990 1386 1103 1367 1233 1348 1311 1341 1617 1329 1756 1320 1944 1322 2129 1315 2464 1315 2562 1311 3071 1315 3325 1313 3544 1318 3540 1480 3326 1475 3070 1477 2568 1473 2464 1477 2135 1477 1942 1484 1767 1482 1623 1491 1327 1502 1256 1509 1131 1526 1014 1547 518 1624 449 1633 375 1635"/></Shape>
	    <String CONTENT=" כחד עוני לידעי בינה ואתה להם תשחט אלהי ישעי צפנים ימי עמדי ומה יעשה אנוש הנני וא " HPOS="371.0" VPOS="1311.0" WIDTH="3173.0" HEIGHT="324.0"><Glyph ID="char_225" CONTENT=" " GC="1.0"><Shape><Polygon POINTS="3468 1316 3464 1478 3518 1479 3522 1317"/></Shape></Glyph><Glyph ID="char_226" CONTENT="כ" GC="1.0"><Shape><Polygon POINTS="3424 1315 3420 1477 3464 1478 3468 1316"/></Shape></Glyph><Glyph ID="char_227" CONTENT="ח" GC="1.0"><Shape><Polygon POINTS="3381 1314 3377 1476 3420 1477 3424 1315"/></Shape></Glyph><Glyph ID="char_228" CONTENT="ד" GC="1.0"><Shape><Polygon POINTS="3348 1314 3344 1475 3377 1476 3381 1314"/></Shape></Glyph><Glyph ID="char_229" CONTENT=" " GC="1.0"><Shape><Polygon POINTS="3312 1313 3313 1475 3344 1475 3348 1314"/></Shape></Glyph><Glyph ID="char_230" CONTENT="ע" GC="1.0"><Shape><Polygon POINTS="3269 1313 3270 1475 3313 1475 3312 1313"/></Shape></Glyph><Glyph ID="char_231" CONTENT="ו" GC="1.0"><Shape><Polygon POINTS="3236 1314 3237 1476 3270 1475 3269 1313"/></Shape></Glyph><Glyph ID="char_232" CONTENT="נ" GC="1.0"><Shape><Polygon POINTS="3214 1314 3215 1476 3237 1476 3236 1314"/></Shape></Glyph><Glyph ID="char_233" CONTENT="י" GC="1.0"><Shape><Polygon POINTS="3193 1314 3194 1476 3215 1476 3214 1314"/></Shape></Glyph><Glyph ID="char_234" CONTENT=" " GC="1.0"><Shape><Polygon POINTS="3160 1314 3161 1476 3194 1476 3193 1314"/></Shape></Glyph><Glyph ID="char_235" CONTENT="ל" GC="1.0"><Shape><Polygon POINTS="3127 1315 3128 1477 3161 1476 3160 1314"/></Shape></Glyph><Glyph ID="char_236" CONTENT="י" GC="1.0"><Shape><Polygon POINTS="3095 1315 3096 1477 3128 1477 3127 1315"/></Shape></Glyph><Glyph ID="char_237" CONTENT="ד" GC="1.0"><Shape><Polygon POINTS="3063 1315 3062 1477 3096 1477 3095 1315"/></Shape></Glyph><Glyph ID="char_238" CONTENT="ע" GC="1.0"><Shape><Polygon POINTS="3019 1315 3018 1477 3062 1477 3063 1315"/></Shape></Glyph><Glyph ID="char_239" CONTENT="י" GC="1.0"><Shape><Polygon POINTS="2976 1314 2975 1476 3018 1477 3019 1315"/></Shape></Glyph><Glyph ID="char_240" CONTENT=" " GC="1.0"><Shape><Polygon POINTS="2943 1314 2942 1476 2975 1476 2976 1314"/></Shape></Glyph><Glyph ID="char_241" CONTENT="ב" GC="1.0"><Shape><Polygon POINTS="2911 1314 2910 1476 2942 1476 2943 1314"/></Shape></Glyph><Glyph ID="char_242" CONTENT="י" GC="1.0"><Shape><Polygon POINTS="2867 1313 2866 1475 2910 1476 2911 1314"/></Shape></Glyph><Glyph ID="char_243" CONTENT="נ" GC="1.0"><Shape><Polygon POINTS="2834 1313 2833 1475 2866 1475 2867 1313"/></Shape></Glyph><Glyph ID="char_244" CONTENT="ה" GC="1.0"><Shape><Polygon POINTS="2791 1313 2790 1475 2833 1475 2834 1313"/></Shape></Glyph><Glyph ID="char_245" CONTENT=" " GC="1.0"><Shape><Polygon POINTS="2758 1313 2757 1475 2790 1475 2791 1313"/></Shape></Glyph><Glyph ID="char_246" CONTENT="ו" GC="1.0"><Shape><Polygon POINTS="2715 1312 2714 1474 2757 1475 2758 1313"/></Shape></Glyph><Glyph ID="char_247" CONTENT="א" GC="1.0"><Shape><Polygon POINTS="2671 1312 2670 1474 2714 1474 2715 1312"/></Shape></Glyph><Glyph ID="char_248" CONTENT="ת" GC="1.0"><Shape><Polygon POINTS="2627 1312 2626 1473 2670 1474 2671 1312"/></Shape></Glyph><Glyph ID="char_249" CONTENT="ה" GC="1.0"><Shape><Polygon POINTS="2584 1311 2583 1473 2626 1473 2627 1312"/></Shape></Glyph><Glyph ID="char_250" CONTENT=" " GC="1.0"><Shape><Polygon POINTS="2547 1312 2553 1474 2583 1473 2584 1311"/></Shape></Glyph><Glyph ID="char_251" CONTENT="ל" GC="1.0"><Shape><Polygon POINTS="2504 1313 2510 1475 2553 1474 2547 1312"/></Shape></Glyph><Glyph ID="char_252" CONTENT="ה" GC="1.0"><Shape><Polygon POINTS="2471 1315 2477 1477 2510 1475 2504 1313"/></Shape></Glyph><Glyph ID="char_253" CONTENT="ם" GC="1.0"><Shape><Polygon POINTS="2441 1315 2441 1477 2477 1477 2471 1315"/></Shape></Glyph><Glyph ID="char_254" CONTENT=" " GC="1.0"><Shape><Polygon POINTS="2398 1315 2398 1477 2441 1477 2441 1315"/></Shape></Glyph><Glyph ID="char_255" CONTENT="ת" GC="1.0"><Shape><Polygon POINTS="2354 1315 2354 1477 2398 1477 2398 1315"/></Shape></Glyph><Glyph ID="char_256" CONTENT="ש" GC="1.0"><Shape><Polygon POINTS="2311 1315 2311 1477 2354 1477 2354 1315"/></Shape></Glyph><Glyph ID="char_257" CONTENT="ח" GC="1.0"><Shape><Polygon POINTS="2256 1315 2256 1477 2311 1477 2311 1315"/></Shape></Glyph><Glyph ID="char_258" CONTENT="ט" GC="1.0"><Shape><Polygon POINTS="2202 1315 2202 1477 2256 1477 2256 1315"/></Shape></Glyph><Glyph ID="char_259" CONTENT=" " GC="1.0"><Shape><Polygon POINTS="2147 1315 2147 1477 2202 1477 2202 1315"/></Shape></Glyph><Glyph ID="char_260" CONTENT="א" GC="1.0"><Shape><Polygon POINTS="2101 1316 2107 1478 2147 1477 2147 1315"/></Shape></Glyph><Glyph ID="char_261" CONTENT="ל" GC="1.0"><Shape><Polygon POINTS="2057 1318 2063 1480 2107 1478 2101 1316"/></Shape></Glyph><Glyph ID="char_262" CONTENT="ה" GC="1.0"><Shape><Polygon POINTS="2003 1320 2009 1482 2063 1480 2057 1318"/></Shape></Glyph><Glyph ID="char_263" CONTENT="י" GC="1.0"><Shape><Polygon POINTS="1970 1321 1976 1483 2009 1482 2003 1320"/></Shape></Glyph><Glyph ID="char_264" CONTENT=" " GC="1.0"><Shape><Polygon POINTS="1943 1322 1941 1484 1976 1483 1970 1321"/></Shape></Glyph><Glyph ID="char_265" CONTENT="י" GC="1.0"><Shape><Polygon POINTS="1910 1322 1908 1484 1941 1484 1943 1322"/></Shape></Glyph><Glyph ID="char_266" CONTENT="ש" GC="1.0"><Shape><Polygon POINTS="1856 1321 1854 1483 1908 1484 1910 1322"/></Shape></Glyph><Glyph ID="char_267" CONTENT="ע" GC="1.0"><Shape><Polygon POINTS="1812 1321 1810 1482 1854 1483 1856 1321"/></Shape></Glyph><Glyph ID="char_268" CONTENT="י" GC="1.0"><Shape><Polygon POINTS="1790 1320 1788 1482 1810 1482 1812 1321"/></Shape></Glyph><Glyph ID="char_269" CONTENT=" " GC="1.0"><Shape><Polygon POINTS="1739 1321 1750 1483 1788 1482 1790 1320"/></Shape></Glyph><Glyph ID="char_270" CONTENT="צ" GC="1.0"><Shape><Polygon POINTS="1695 1324 1706 1486 1750 1483 1739 1321"/></Shape></Glyph><Glyph ID="char_271" CONTENT="פ" GC="1.0"><Shape><Polygon POINTS="1663 1326 1673 1488 1706 1486 1695 1324"/></Shape></Glyph><Glyph ID="char_272" CONTENT="נ" GC="1.0"><Shape><Polygon POINTS="1631 1328 1641 1490 1673 1488 1663 1326"/></Shape></Glyph><Glyph ID="char_273" CONTENT="י" GC="1.0"><Shape><Polygon POINTS="1600 1330 1606 1492 1641 1490 1631 1328"/></Shape></Glyph><Glyph ID="char_274" CONTENT="ם" GC="1.0"><Shape><Polygon POINTS="1557 1331 1563 1493 1606 1492 1600 1330"/></Shape></Glyph><Glyph ID="char_275" CONTENT=" " GC="1.0"><Shape><Polygon POINTS="1513 1333 1519 1495 1563 1493 1557 1331"/></Shape></Glyph><Glyph ID="char_276" CONTENT="י" GC="1.0"><Shape><Polygon POINTS="1469 1335 1475 1496 1519 1495 1513 1333"/></Shape></Glyph><Glyph ID="char_277" CONTENT="מ" GC="1.0"><Shape><Polygon POINTS="1415 1337 1421 1498 1475 1496 1469 1335"/></Shape></Glyph><Glyph ID="char_278" CONTENT="י" GC="1.0"><Shape><Polygon POINTS="1372 1339 1378 1500 1421 1498 1415 1337"/></Shape></Glyph><Glyph ID="char_279" CONTENT=" " GC="1.0"><Shape><Polygon POINTS="1339 1340 1345 1501 1378 1500 1372 1339"/></Shape></Glyph><Glyph ID="char_280" CONTENT="ע" GC="1.0"><Shape><Polygon POINTS="1301 1342 1316 1503 1345 1501 1339 1340"/></Shape></Glyph><Glyph ID="char_281" CONTENT="מ" GC="1.0"><Shape><Polygon POINTS="1247 1347 1262 1508 1316 1503 1301 1342"/></Shape></Glyph><Glyph ID="char_282" CONTENT="ד" GC="1.0"><Shape><Polygon POINTS="1199 1353 1222 1514 1262 1508 1247 1347"/></Shape></Glyph><Glyph ID="char_283" CONTENT="י" GC="1.0"><Shape><Polygon POINTS="1156 1359 1179 1519 1222 1514 1199 1353"/></Shape></Glyph><Glyph ID="char_284" CONTENT=" " GC="1.0"><Shape><Polygon POINTS="1113 1366 1136 1525 1179 1519 1156 1359"/></Shape></Glyph><Glyph ID="char_285" CONTENT="ו" GC="1.0"><Shape><Polygon POINTS="1077 1371 1105 1531 1136 1525 1113 1366"/></Shape></Glyph><Glyph ID="char_286" CONTENT="מ" GC="1.0"><Shape><Polygon POINTS="1035 1378 1063 1538 1105 1531 1077 1371"/></Shape></Glyph><Glyph ID="char_287" CONTENT="ה" GC="1.0"><Shape><Polygon POINTS="1002 1384 1030 1544 1063 1538 1035 1378"/></Shape></Glyph><Glyph ID="char_288" CONTENT=" " GC="1.0"><Shape><Polygon POINTS="982 1387 1007 1548 1030 1544 1002 1384"/></Shape></Glyph><Glyph ID="char_289" CONTENT="י" GC="1.0"><Shape><Polygon POINTS="951 1392 976 1553 1007 1548 982 1387"/></Shape></Glyph><Glyph ID="char_290" CONTENT="ע" GC="1.0"><Shape><Polygon POINTS="918 1397 943 1558 976 1553 951 1392"/></Shape></Glyph><Glyph ID="char_291" CONTENT="ש" GC="1.0"><Shape><Polygon POINTS="865 1405 890 1566 943 1558 918 1397"/></Shape></Glyph><Glyph ID="char_292" CONTENT="ה" GC="1.0"><Shape><Polygon POINTS="810 1414 835 1575 890 1566 865 1405"/></Shape></Glyph><Glyph ID="char_293" CONTENT=" " GC="1.0"><Shape><Polygon POINTS="779 1419 804 1580 835 1575 810 1414"/></Shape></Glyph><Glyph ID="char_294" CONTENT="א" GC="1.0"><Shape><Polygon POINTS="724 1427 749 1588 804 1580 779 1419"/></Shape></Glyph><Glyph ID="char_295" CONTENT="נ" GC="1.0"><Shape><Polygon POINTS="682 1434 707 1595 749 1588 724 1427"/></Shape></Glyph><Glyph ID="char_296" CONTENT="ו" GC="1.0"><Shape><Polygon POINTS="649 1439 674 1600 707 1595 682 1434"/></Shape></Glyph><Glyph ID="char_297" CONTENT="ש" GC="1.0"><Shape><Polygon POINTS="617 1444 642 1605 674 1600 649 1439"/></Shape></Glyph><Glyph ID="char_298" CONTENT=" " GC="1.0"><Shape><Polygon POINTS="585 1449 610 1610 642 1605 617 1444"/></Shape></Glyph><Glyph ID="char_299" CONTENT="ה" GC="1.0"><Shape><Polygon POINTS="542 1456 567 1616 610 1610 585 1449"/></Shape></Glyph><Glyph ID="char_300" CONTENT="נ" GC="1.0"><Shape><Polygon POINTS="520 1459 545 1620 567 1616 542 1456"/></Shape></Glyph><Glyph ID="char_301" CONTENT="נ" GC="1.0"><Shape><Polygon POINTS="499 1462 524 1623 545 1620 520 1459"/></Shape></Glyph><Glyph ID="char_302" CONTENT="י" GC="1.0"><Shape><Polygon POINTS="478 1466 502 1626 524 1623 499 1462"/></Shape></Glyph><Glyph ID="char_303" CONTENT=" " GC="1.0"><Shape><Polygon POINTS="467 1467 491 1628 502 1626 478 1466"/></Shape></Glyph><Glyph ID="char_304" CONTENT="ו" GC="1.0"><Shape><Polygon POINTS="435 1471 458 1632 491 1628 467 1467"/></Shape></Glyph><Glyph ID="char_305" CONTENT="א" GC="1.0"><Shape><Polygon POINTS="403 1472 408 1634 458 1632 435 1471"/></Shape></Glyph><Glyph ID="char_306" CONTENT=" " GC="1.0"><Shape><Polygon POINTS="373 1571 405 1570"/></Shape></Glyph></String>
          </TextLine>

          
          
          <TextLine ID="eSc_line_1789906" BASELINE="466 1734 536 1734 728 1695 780 1695 947 1682 1213 1648 1348 1643 1474 1634 1846 1596 2144 1594 2609 1594 2744 1601 2845 1601 3010 1594 3344 1592 3441 1583 3542 1562" HPOS="466.0" VPOS="1466.0" WIDTH="3089.0" HEIGHT="332.0">
            <Shape><Polygon POINTS="466 1636 536 1636 708 1599 780 1597 939 1585 1200 1551 1344 1545 1467 1537 1836 1499 2143 1496 2609 1496 2749 1503 2845 1503 3005 1496 3343 1494 3432 1486 3522 1466 3555 1625 3446 1647 3344 1656 3012 1658 2845 1665 2740 1665 2609 1658 2144 1658 1852 1660 1478 1698 1350 1707 1221 1712 952 1746 780 1759 740 1758 536 1798 466 1798"/></Shape>
	    <String CONTENT=" לחכי על ידי חרב ביום עבר האמרים פענה שרגו עטרת ראשי כי אדר יב כבודם ועידם" HPOS="466.0" VPOS="1466.0" WIDTH="3089.0" HEIGHT="332.0"><Glyph ID="char_307" CONTENT=" " GC="1.0"><Shape><Polygon POINTS="3459 1480 3492 1638 3534 1629 3501 1471"/></Shape></Glyph><Glyph ID="char_308" CONTENT="ל" GC="1.0"><Shape><Polygon POINTS="3426 1487 3459 1644 3492 1638 3459 1480"/></Shape></Glyph><Glyph ID="char_309" CONTENT="ח" GC="1.0"><Shape><Polygon POINTS="3394 1489 3409 1650 3459 1644 3426 1487"/></Shape></Glyph><Glyph ID="char_310" CONTENT="כ" GC="1.0"><Shape><Polygon POINTS="3351 1493 3366 1654 3409 1650 3394 1489"/></Shape></Glyph><Glyph ID="char_311" CONTENT="י" GC="1.0"><Shape><Polygon POINTS="3337 1494 3338 1656 3366 1654 3351 1493"/></Shape></Glyph><Glyph ID="char_312" CONTENT=" " GC="1.0"><Shape><Polygon POINTS="3305 1494 3306 1656 3338 1656 3337 1494"/></Shape></Glyph><Glyph ID="char_313" CONTENT="ע" GC="1.0"><Shape><Polygon POINTS="3272 1494 3273 1656 3306 1656 3305 1494"/></Shape></Glyph><Glyph ID="char_314" CONTENT="ל" GC="1.0"><Shape><Polygon POINTS="3250 1495 3251 1657 3273 1656 3272 1494"/></Shape></Glyph><Glyph ID="char_315" CONTENT=" " GC="1.0"><Shape><Polygon POINTS="3229 1495 3230 1657 3251 1657 3250 1495"/></Shape></Glyph><Glyph ID="char_316" CONTENT="י" GC="1.0"><Shape><Polygon POINTS="3196 1495 3197 1657 3230 1657 3229 1495"/></Shape></Glyph><Glyph ID="char_317" CONTENT="ד" GC="1.0"><Shape><Polygon POINTS="3163 1495 3164 1657 3197 1657 3196 1495"/></Shape></Glyph><Glyph ID="char_318" CONTENT="י" GC="1.0"><Shape><Polygon POINTS="3131 1495 3132 1657 3164 1657 3163 1495"/></Shape></Glyph><Glyph ID="char_319" CONTENT=" " GC="1.0"><Shape><Polygon POINTS="3098 1495 3099 1657 3132 1657 3131 1495"/></Shape></Glyph><Glyph ID="char_320" CONTENT="ח" GC="1.0"><Shape><Polygon POINTS="3066 1496 3067 1658 3099 1657 3098 1495"/></Shape></Glyph><Glyph ID="char_321" CONTENT="ר" GC="1.0"><Shape><Polygon POINTS="3022 1496 3023 1658 3067 1658 3066 1496"/></Shape></Glyph><Glyph ID="char_322" CONTENT="ב" GC="1.0"><Shape><Polygon POINTS="2986 1497 2992 1659 3023 1658 3022 1496"/></Shape></Glyph><Glyph ID="char_323" CONTENT=" " GC="1.0"><Shape><Polygon POINTS="2954 1498 2960 1660 2992 1659 2986 1497"/></Shape></Glyph><Glyph ID="char_324" CONTENT="ב" GC="1.0"><Shape><Polygon POINTS="2899 1501 2906 1662 2960 1660 2954 1498"/></Shape></Glyph><Glyph ID="char_325" CONTENT="י" GC="1.0"><Shape><Polygon POINTS="2856 1503 2863 1664 2906 1662 2899 1501"/></Shape></Glyph><Glyph ID="char_326" CONTENT="ו" GC="1.0"><Shape><Polygon POINTS="2838 1503 2838 1665 2863 1664 2856 1503"/></Shape></Glyph><Glyph ID="char_327" CONTENT="ם" GC="1.0"><Shape><Polygon POINTS="2795 1503 2795 1665 2838 1665 2838 1503"/></Shape></Glyph><Glyph ID="char_328" CONTENT=" " GC="1.0"><Shape><Polygon POINTS="2751 1503 2751 1665 2795 1665 2795 1503"/></Shape></Glyph><Glyph ID="char_329" CONTENT="ע" GC="1.0"><Shape><Polygon POINTS="2702 1501 2694 1663 2751 1665 2751 1503"/></Shape></Glyph><Glyph ID="char_330" CONTENT="ב" GC="1.0"><Shape><Polygon POINTS="2648 1498 2640 1660 2694 1663 2702 1501"/></Shape></Glyph><Glyph ID="char_331" CONTENT="ר" GC="1.0"><Shape><Polygon POINTS="2588 1496 2588 1658 2640 1660 2648 1498"/></Shape></Glyph><Glyph ID="char_332" CONTENT=" " GC="1.0"><Shape><Polygon POINTS="2534 1496 2534 1658 2588 1658 2588 1496"/></Shape></Glyph><Glyph ID="char_333" CONTENT="ה" GC="1.0"><Shape><Polygon POINTS="2501 1496 2501 1658 2534 1658 2534 1496"/></Shape></Glyph><Glyph ID="char_334" CONTENT="א" GC="1.0"><Shape><Polygon POINTS="2447 1496 2447 1658 2501 1658 2501 1496"/></Shape></Glyph><Glyph ID="char_335" CONTENT="מ" GC="1.0"><Shape><Polygon POINTS="2382 1496 2382 1658 2447 1658 2447 1496"/></Shape></Glyph><Glyph ID="char_336" CONTENT="ר" GC="1.0"><Shape><Polygon POINTS="2349 1496 2349 1658 2382 1658 2382 1496"/></Shape></Glyph><Glyph ID="char_337" CONTENT="י" GC="1.0"><Shape><Polygon POINTS="2316 1496 2316 1658 2349 1658 2349 1496"/></Shape></Glyph><Glyph ID="char_338" CONTENT="ם" GC="1.0"><Shape><Polygon POINTS="2273 1496 2273 1658 2316 1658 2316 1496"/></Shape></Glyph><Glyph ID="char_339" CONTENT=" " GC="1.0"><Shape><Polygon POINTS="2229 1496 2229 1658 2273 1658 2273 1496"/></Shape></Glyph><Glyph ID="char_340" CONTENT="פ" GC="1.0"><Shape><Polygon POINTS="2186 1496 2186 1658 2229 1658 2229 1496"/></Shape></Glyph><Glyph ID="char_341" CONTENT="ע" GC="1.0"><Shape><Polygon POINTS="2141 1496 2142 1658 2186 1658 2186 1496"/></Shape></Glyph><Glyph ID="char_342" CONTENT="נ" GC="1.0"><Shape><Polygon POINTS="2098 1496 2099 1658 2142 1658 2141 1496"/></Shape></Glyph><Glyph ID="char_343" CONTENT="ה" GC="1.0"><Shape><Polygon POINTS="2054 1497 2055 1659 2099 1658 2098 1496"/></Shape></Glyph><Glyph ID="char_344" CONTENT=" " GC="1.0"><Shape><Polygon POINTS="2022 1497 2023 1659 2055 1659 2054 1497"/></Shape></Glyph><Glyph ID="char_345" CONTENT="ש" GC="1.0"><Shape><Polygon POINTS="1967 1498 1968 1659 2023 1659 2022 1497"/></Shape></Glyph><Glyph ID="char_346" CONTENT="ר" GC="1.0"><Shape><Polygon POINTS="1913 1498 1914 1660 1968 1659 1967 1498"/></Shape></Glyph><Glyph ID="char_347" CONTENT="ג" GC="1.0"><Shape><Polygon POINTS="1870 1499 1871 1660 1914 1660 1913 1498"/></Shape></Glyph><Glyph ID="char_348" CONTENT="ו" GC="1.0"><Shape><Polygon POINTS="1848 1499 1849 1660 1871 1660 1870 1499"/></Shape></Glyph><Glyph ID="char_349" CONTENT=" " GC="1.0"><Shape><Polygon POINTS="1806 1502 1823 1663 1849 1660 1848 1499"/></Shape></Glyph><Glyph ID="char_350" CONTENT="ע" GC="1.0"><Shape><Polygon POINTS="1764 1506 1780 1667 1823 1663 1806 1502"/></Shape></Glyph><Glyph ID="char_351" CONTENT="ט" GC="1.0"><Shape><Polygon POINTS="1720 1511 1736 1672 1780 1667 1764 1506"/></Shape></Glyph><Glyph ID="char_352" CONTENT="ר" GC="1.0"><Shape><Polygon POINTS="1677 1515 1693 1676 1736 1672 1720 1511"/></Shape></Glyph><Glyph ID="char_353" CONTENT="ת" GC="1.0"><Shape><Polygon POINTS="1633 1520 1650 1681 1693 1676 1677 1515"/></Shape></Glyph><Glyph ID="char_354" CONTENT=" " GC="1.0"><Shape><Polygon POINTS="1590 1524 1607 1685 1650 1681 1633 1520"/></Shape></Glyph><Glyph ID="char_355" CONTENT="ר" GC="1.0"><Shape><Polygon POINTS="1558 1528 1574 1688 1607 1685 1590 1524"/></Shape></Glyph><Glyph ID="char_356" CONTENT="א" GC="1.0"><Shape><Polygon POINTS="1525 1531 1541 1692 1574 1688 1558 1528"/></Shape></Glyph><Glyph ID="char_357" CONTENT="ש" GC="1.0"><Shape><Polygon POINTS="1493 1534 1509 1695 1541 1692 1525 1531"/></Shape></Glyph><Glyph ID="char_358" CONTENT="י" GC="1.0"><Shape><Polygon POINTS="1441 1539 1453 1700 1509 1695 1493 1534"/></Shape></Glyph><Glyph ID="char_359" CONTENT=" " GC="1.0"><Shape><Polygon POINTS="1398 1541 1410 1703 1453 1700 1441 1539"/></Shape></Glyph><Glyph ID="char_360" CONTENT="כ" GC="1.0"><Shape><Polygon POINTS="1365 1544 1377 1705 1410 1703 1398 1541"/></Shape></Glyph><Glyph ID="char_361" CONTENT="י" GC="1.0"><Shape><Polygon POINTS="1344 1545 1356 1707 1377 1705 1365 1544"/></Shape></Glyph><Glyph ID="char_362" CONTENT=" " GC="1.0"><Shape><Polygon POINTS="1315 1546 1321 1708 1356 1707 1344 1545"/></Shape></Glyph><Glyph ID="char_363" CONTENT="א" GC="1.0"><Shape><Polygon POINTS="1261 1548 1267 1710 1321 1708 1315 1546"/></Shape></Glyph><Glyph ID="char_364" CONTENT="ד" GC="1.0"><Shape><Polygon POINTS="1197 1551 1218 1712 1267 1710 1261 1548"/></Shape></Glyph><Glyph ID="char_365" CONTENT="ר" GC="1.0"><Shape><Polygon POINTS="1165 1556 1186 1716 1218 1712 1197 1551"/></Shape></Glyph><Glyph ID="char_366" CONTENT=" " GC="1.0"><Shape><Polygon POINTS="1100 1564 1120 1725 1186 1716 1165 1556"/></Shape></Glyph><Glyph ID="char_367" CONTENT="י" GC="1.0"><Shape><Polygon POINTS="1024 1574 1045 1734 1120 1725 1100 1564"/></Shape></Glyph><Glyph ID="char_368" CONTENT="ב" GC="1.0"><Shape><Polygon POINTS="971 1581 991 1741 1045 1734 1024 1574"/></Shape></Glyph><Glyph ID="char_369" CONTENT=" " GC="1.0"><Shape><Polygon POINTS="922 1586 935 1747 991 1741 971 1581"/></Shape></Glyph><Glyph ID="char_370" CONTENT="כ" GC="1.0"><Shape><Polygon POINTS="878 1590 891 1751 935 1747 922 1586"/></Shape></Glyph><Glyph ID="char_371" CONTENT="ב" GC="1.0"><Shape><Polygon POINTS="845 1592 858 1753 891 1751 878 1590"/></Shape></Glyph><Glyph ID="char_372" CONTENT="ו" GC="1.0"><Shape><Polygon POINTS="802 1595 815 1756 858 1753 845 1592"/></Shape></Glyph><Glyph ID="char_373" CONTENT="ד" GC="1.0"><Shape><Polygon POINTS="766 1597 766 1759 815 1756 802 1595"/></Shape></Glyph><Glyph ID="char_374" CONTENT="ם" GC="1.0"><Shape><Polygon POINTS="734 1598 734 1759 766 1759 766 1597"/></Shape></Glyph><Glyph ID="char_375" CONTENT=" " GC="1.0"><Shape><Polygon POINTS="682 1605 714 1763 734 1759 734 1598"/></Shape></Glyph><Glyph ID="char_376" CONTENT="ו" GC="1.0"><Shape><Polygon POINTS="651 1611 683 1769 714 1763 682 1605"/></Shape></Glyph><Glyph ID="char_377" CONTENT="ע" GC="1.0"><Shape><Polygon POINTS="608 1621 640 1778 683 1769 651 1611"/></Shape></Glyph><Glyph ID="char_378" CONTENT="י" GC="1.0"><Shape><Polygon POINTS="566 1630 598 1786 640 1778 608 1621"/></Shape></Glyph><Glyph ID="char_379" CONTENT="ד" GC="1.0"><Shape><Polygon POINTS="531 1636 531 1798 598 1786 566 1630"/></Shape></Glyph><Glyph ID="char_380" CONTENT="ם" GC="1.0"><Shape><Polygon POINTS="477 1636 477 1798 531 1798 531 1636"/></Shape></Glyph></String>
          </TextLine>

          
          
          <TextLine ID="eSc_line_1789914" BASELINE="638 1826 942 1813 974 1808 1014 1794 1172 1781 1422 1772 1522 1772 1664 1779 1891 1761 2103 1754 2593 1713 2651 1718 2839 1745 2999 1754 3154 1747 3393 1752" HPOS="633.0" VPOS="1616.0" WIDTH="2762.0" HEIGHT="274.0">
            <Shape><Polygon POINTS="633 1728 937 1715 958 1711 981 1702 1164 1684 1418 1674 1522 1674 1668 1681 1883 1664 2099 1656 2584 1616 2659 1621 2852 1648 3004 1656 3149 1649 3395 1654 3391 1816 3156 1811 2995 1818 2829 1809 2645 1782 2598 1777 2105 1818 1896 1825 1660 1843 1522 1836 1424 1836 1177 1845 1035 1855 984 1872 944 1877 640 1890"/></Shape>
	    <String CONTENT=" לם שפתי שאלה מספר ה פ י יתמו ררי יכל ואי כ ן" HPOS="633.0" VPOS="1616.0" WIDTH="2762.0" HEIGHT="274.0"><Glyph ID="char_381" CONTENT=" " GC="1.0"><Shape><Polygon POINTS="3350 1653 3347 1815 3380 1816 3383 1654"/></Shape></Glyph><Glyph ID="char_382" CONTENT="ל" GC="1.0"><Shape><Polygon POINTS="3329 1653 3326 1815 3347 1815 3350 1653"/></Shape></Glyph><Glyph ID="char_383" CONTENT="ם" GC="1.0"><Shape><Polygon POINTS="3285 1652 3282 1814 3326 1815 3329 1653"/></Shape></Glyph><Glyph ID="char_384" CONTENT=" " GC="1.0"><Shape><Polygon POINTS="3253 1651 3250 1813 3282 1814 3285 1652"/></Shape></Glyph><Glyph ID="char_385" CONTENT="ש" GC="1.0"><Shape><Polygon POINTS="3198 1650 3195 1812 3250 1813 3253 1651"/></Shape></Glyph><Glyph ID="char_386" CONTENT="פ" GC="1.0"><Shape><Polygon POINTS="3138 1650 3145 1811 3195 1812 3198 1650"/></Shape></Glyph><Glyph ID="char_387" CONTENT="ת" GC="1.0"><Shape><Polygon POINTS="3094 1652 3101 1813 3145 1811 3138 1650"/></Shape></Glyph><Glyph ID="char_388" CONTENT="י" GC="1.0"><Shape><Polygon POINTS="3062 1653 3069 1815 3101 1813 3094 1652"/></Shape></Glyph><Glyph ID="char_389" CONTENT=" " GC="1.0"><Shape><Polygon POINTS="3029 1655 3036 1816 3069 1815 3062 1653"/></Shape></Glyph><Glyph ID="char_390" CONTENT="ש" GC="1.0"><Shape><Polygon POINTS="2984 1655 2975 1817 3036 1816 3029 1655"/></Shape></Glyph><Glyph ID="char_391" CONTENT="א" GC="1.0"><Shape><Polygon POINTS="2930 1652 2921 1814 2975 1817 2984 1655"/></Shape></Glyph><Glyph ID="char_392" CONTENT="ל" GC="1.0"><Shape><Polygon POINTS="2887 1650 2878 1812 2921 1814 2930 1652"/></Shape></Glyph><Glyph ID="char_393" CONTENT="ה" GC="1.0"><Shape><Polygon POINTS="2506 1622 2519 1784 2878 1812 2887 1650"/></Shape></Glyph><Glyph ID="char_394" CONTENT=" " GC="1.0"><Shape><Polygon POINTS="2147 1652 2160 1813 2519 1784 2506 1622"/></Shape></Glyph><Glyph ID="char_395" CONTENT="מ" GC="1.0"><Shape><Polygon POINTS="2104 1656 2118 1817 2160 1813 2147 1652"/></Shape></Glyph><Glyph ID="char_396" CONTENT="ס" GC="1.0"><Shape><Polygon POINTS="2065 1657 2070 1819 2118 1817 2104 1656"/></Shape></Glyph><Glyph ID="char_397" CONTENT="פ" GC="1.0"><Shape><Polygon POINTS="2022 1659 2027 1821 2070 1819 2065 1657"/></Shape></Glyph><Glyph ID="char_398" CONTENT="ר" GC="1.0"><Shape><Polygon POINTS="1989 1660 1994 1822 2027 1821 2022 1659"/></Shape></Glyph><Glyph ID="char_399" CONTENT=" " GC="1.0"><Shape><Polygon POINTS="1935 1662 1940 1824 1994 1822 1989 1660"/></Shape></Glyph><Glyph ID="char_400" CONTENT="ה" GC="1.0"><Shape><Polygon POINTS="1778 1672 1791 1833 1940 1824 1935 1662"/></Shape></Glyph><Glyph ID="char_401" CONTENT=" " GC="1.0"><Shape><Polygon POINTS="1661 1681 1653 1843 1791 1833 1778 1672"/></Shape></Glyph><Glyph ID="char_402" CONTENT="פ" GC="1.0"><Shape><Polygon POINTS="1639 1680 1631 1842 1653 1843 1661 1681"/></Shape></Glyph><Glyph ID="char_403" CONTENT=" " GC="1.0"><Shape><Polygon POINTS="1596 1678 1588 1839 1631 1842 1639 1680"/></Shape></Glyph><Glyph ID="char_404" CONTENT="י" GC="1.0"><Shape><Polygon POINTS="1541 1675 1533 1837 1588 1839 1596 1678"/></Shape></Glyph><Glyph ID="char_405" CONTENT=" " GC="1.0"><Shape><Polygon POINTS="1504 1674 1504 1836 1533 1837 1541 1675"/></Shape></Glyph><Glyph ID="char_406" CONTENT="י" GC="1.0"><Shape><Polygon POINTS="1471 1674 1471 1836 1504 1836 1504 1674"/></Shape></Glyph><Glyph ID="char_407" CONTENT="ת" GC="1.0"><Shape><Polygon POINTS="1438 1674 1438 1836 1471 1836 1471 1674"/></Shape></Glyph><Glyph ID="char_408" CONTENT="מ" GC="1.0"><Shape><Polygon POINTS="1392 1675 1398 1837 1438 1836 1438 1674"/></Shape></Glyph><Glyph ID="char_409" CONTENT="ו" GC="1.0"><Shape><Polygon POINTS="1337 1677 1343 1839 1398 1837 1392 1675"/></Shape></Glyph><Glyph ID="char_410" CONTENT=" " GC="1.0"><Shape><Polygon POINTS="1261 1680 1267 1842 1343 1839 1337 1677"/></Shape></Glyph><Glyph ID="char_411" CONTENT="ר" GC="1.0"><Shape><Polygon POINTS="1218 1682 1224 1843 1267 1842 1261 1680"/></Shape></Glyph><Glyph ID="char_412" CONTENT="ר" GC="1.0"><Shape><Polygon POINTS="1185 1683 1191 1845 1224 1843 1218 1682"/></Shape></Glyph><Glyph ID="char_413" CONTENT="י" GC="1.0"><Shape><Polygon POINTS="1158 1685 1172 1845 1191 1845 1185 1683"/></Shape></Glyph><Glyph ID="char_414" CONTENT=" " GC="1.0"><Shape><Polygon POINTS="1127 1688 1140 1848 1172 1845 1158 1685"/></Shape></Glyph><Glyph ID="char_415" CONTENT="י" GC="1.0"><Shape><Polygon POINTS="1094 1691 1107 1850 1140 1848 1127 1688"/></Shape></Glyph><Glyph ID="char_416" CONTENT="כ" GC="1.0"><Shape><Polygon POINTS="1050 1695 1063 1853 1107 1850 1094 1691"/></Shape></Glyph><Glyph ID="char_417" CONTENT="ל" GC="1.0"><Shape><Polygon POINTS="962 1709 1015 1862 1063 1853 1050 1695"/></Shape></Glyph><Glyph ID="char_418" CONTENT=" " GC="1.0"><Shape><Polygon POINTS="916 1716 922 1878 1015 1862 962 1709"/></Shape></Glyph><Glyph ID="char_419" CONTENT="ו" GC="1.0"><Shape><Polygon POINTS="883 1717 890 1879 922 1878 916 1716"/></Shape></Glyph><Glyph ID="char_420" CONTENT="א" GC="1.0"><Shape><Polygon POINTS="840 1719 847 1881 890 1879 883 1717"/></Shape></Glyph><Glyph ID="char_421" CONTENT="י" GC="1.0"><Shape><Polygon POINTS="807 1721 814 1883 847 1881 840 1719"/></Shape></Glyph><Glyph ID="char_422" CONTENT=" " GC="1.0"><Shape><Polygon POINTS="753 1723 760 1885 814 1883 807 1721"/></Shape></Glyph><Glyph ID="char_423" CONTENT="כ" GC="1.0"><Shape><Polygon POINTS="687 1726 694 1888 760 1885 753 1723"/></Shape></Glyph><Glyph ID="char_424" CONTENT=" " GC="1.0"><Shape><Polygon POINTS="637 1826 690 1823"/></Shape></Glyph><Glyph ID="char_425" CONTENT="ן" GC="1.0"><Shape><Polygon POINTS="637 1826 637 1826"/></Shape></Glyph></String>
          </TextLine>

          
          
          <TextLine ID="eSc_line_1789915" BASELINE="1767 1914 1995 1925 2466 1919 2782 1919 3299 1919" HPOS="1763.0" VPOS="1816.0" WIDTH="1536.0" HEIGHT="173.0">
            <Shape><Polygon POINTS="1771 1816 1999 1827 2464 1821 2782 1821 3299 1821 3299 1983 2782 1983 2466 1983 1991 1989 1763 1978"/></Shape>
	    <String CONTENT=" י שיר ותו ל עמך לג " HPOS="1763.0" VPOS="1816.0" WIDTH="1536.0" HEIGHT="173.0"><Glyph ID="char_426" CONTENT=" " GC="1.0"><Shape><Polygon POINTS="3234 1821 3234 1983 3277 1983 3277 1821"/></Shape></Glyph><Glyph ID="char_427" CONTENT="י" GC="1.0"><Shape><Polygon POINTS="3201 1821 3201 1983 3234 1983 3234 1821"/></Shape></Glyph><Glyph ID="char_428" CONTENT=" " GC="1.0"><Shape><Polygon POINTS="3169 1821 3169 1983 3201 1983 3201 1821"/></Shape></Glyph><Glyph ID="char_429" CONTENT="ש" GC="1.0"><Shape><Polygon POINTS="3114 1821 3114 1983 3169 1983 3169 1821"/></Shape></Glyph><Glyph ID="char_430" CONTENT="י" GC="1.0"><Shape><Polygon POINTS="3071 1821 3071 1983 3114 1983 3114 1821"/></Shape></Glyph><Glyph ID="char_431" CONTENT="ר" GC="1.0"><Shape><Polygon POINTS="3038 1821 3038 1983 3071 1983 3071 1821"/></Shape></Glyph><Glyph ID="char_432" CONTENT=" " GC="1.0"><Shape><Polygon POINTS="3005 1821 3005 1983 3038 1983 3038 1821"/></Shape></Glyph><Glyph ID="char_433" CONTENT="ו" GC="1.0"><Shape><Polygon POINTS="2973 1821 2973 1983 3005 1983 3005 1821"/></Shape></Glyph><Glyph ID="char_434" CONTENT="ת" GC="1.0"><Shape><Polygon POINTS="2929 1821 2929 1983 2973 1983 2973 1821"/></Shape></Glyph><Glyph ID="char_435" CONTENT="ו" GC="1.0"><Shape><Polygon POINTS="2581 1821 2581 1983 2929 1983 2929 1821"/></Shape></Glyph><Glyph ID="char_436" CONTENT=" " GC="1.0"><Shape><Polygon POINTS="2177 1825 2179 1987 2581 1983 2581 1821"/></Shape></Glyph><Glyph ID="char_437" CONTENT="ל" GC="1.0"><Shape><Polygon POINTS="2112 1826 2114 1987 2179 1987 2177 1825"/></Shape></Glyph><Glyph ID="char_438" CONTENT=" " GC="1.0"><Shape><Polygon POINTS="2079 1826 2081 1988 2114 1987 2112 1826"/></Shape></Glyph><Glyph ID="char_439" CONTENT="ע" GC="1.0"><Shape><Polygon POINTS="2036 1827 2038 1988 2081 1988 2079 1826"/></Shape></Glyph><Glyph ID="char_440" CONTENT="מ" GC="1.0"><Shape><Polygon POINTS="1999 1827 1990 1989 2038 1988 2036 1827"/></Shape></Glyph><Glyph ID="char_441" CONTENT="ך" GC="1.0"><Shape><Polygon POINTS="1956 1825 1947 1987 1990 1989 1999 1827"/></Shape></Glyph><Glyph ID="char_442" CONTENT=" " GC="1.0"><Shape><Polygon POINTS="1923 1823 1914 1985 1947 1987 1956 1825"/></Shape></Glyph><Glyph ID="char_443" CONTENT="ל" GC="1.0"><Shape><Polygon POINTS="1891 1822 1882 1984 1914 1985 1923 1823"/></Shape></Glyph><Glyph ID="char_444" CONTENT="ג" GC="1.0"><Shape><Polygon POINTS="1858 1820 1849 1982 1882 1984 1891 1822"/></Shape></Glyph><Glyph ID="char_445" CONTENT=" " GC="1.0"><Shape><Polygon POINTS="1793 1817 1785 1979 1849 1982 1858 1820"/></Shape></Glyph></String>
          </TextLine>

          
        </TextBlock>
        

        
      </PrintSpace>
    </Page>
  </Layout>
</alto>