<?xml version='1.0' encoding='UTF-8'?>
<alto xmlns:xsi="http://www.w3.org/2001/XMLSchema-instance" xmlns="http://www.loc.gov/standards/alto/ns-v4#" xsi:schemaLocation="http://www.loc.gov/standards/alto/ns-v4# http://www.loc.gov/standards/alto/v4/alto-4-2.xsd">
  <Description>
    <MeasurementUnit>pixel</MeasurementUnit>
    <sourceImageInformation>
      <fileName>P475-Fg007-R-C01-R01-D17092013-T101845-LR924_012.jpg</fileName>
      
    </sourceImageInformation>
  </Description>
  
  <Tags>
    <OtherTag ID="BT1443" LABEL="Parchment_or_papyrus" DESCRIPTION="block type Parchment_or_papyrus"/><OtherTag ID="BT2" LABEL="Main" DESCRIPTION="block type Main"/>
    
  </Tags>
  
  <Layout>
    <Page WIDTH="3608" HEIGHT="2706" PHYSICAL_IMG_NR="240" ID="eSc_dummypage_">
      <PrintSpace HPOS="0" VPOS="0" WIDTH="3608" HEIGHT="2706">
        
        <TextBlock HPOS="961.0" VPOS="843.0" WIDTH="1865.0" HEIGHT="886.0" ID="eSc_textblock_05b7e237" TAGREFS="BT2">
          <Shape><Polygon POINTS="961 843 961 1729 2826 1729 2826 843"/></Shape>
          
          
          <TextLine ID="eSc_line_1789937" BASELINE="1321 1003 1758 985 2309 969 2597 967 2737 971" HPOS="1317.0" VPOS="885.0" WIDTH="1422.0" HEIGHT="172.0">
            <Shape><Polygon POINTS="1317 921 1754 903 2306 887 2596 885 2739 889 2735 1025 2597 1021 2310 1023 1760 1039 1323 1057"/></Shape>
	    <String CONTENT=" את מסך פתח החצר אשר על המש " HPOS="1317.0" VPOS="885.0" WIDTH="1422.0" HEIGHT="172.0"><Glyph ID="char_0" CONTENT=" " GC="1.0"><Shape><Polygon POINTS="2702 888 2698 1024 2726 1025 2730 889"/></Shape></Glyph><Glyph ID="char_1" CONTENT="א" GC="1.0"><Shape><Polygon POINTS="2666 887 2662 1023 2698 1024 2702 888"/></Shape></Glyph><Glyph ID="char_2" CONTENT="ת" GC="1.0"><Shape><Polygon POINTS="2620 886 2616 1022 2662 1023 2666 887"/></Shape></Glyph><Glyph ID="char_3" CONTENT=" " GC="1.0"><Shape><Polygon POINTS="2581 885 2582 1021 2616 1022 2620 886"/></Shape></Glyph><Glyph ID="char_4" CONTENT="מ" GC="1.0"><Shape><Polygon POINTS="2526 885 2527 1021 2582 1021 2581 885"/></Shape></Glyph><Glyph ID="char_5" CONTENT="ס" GC="1.0"><Shape><Polygon POINTS="2462 886 2463 1022 2527 1021 2526 885"/></Shape></Glyph><Glyph ID="char_6" CONTENT="ך" GC="1.0"><Shape><Polygon POINTS="2398 886 2399 1022 2463 1022 2462 886"/></Shape></Glyph><Glyph ID="char_7" CONTENT=" " GC="1.0"><Shape><Polygon POINTS="2352 887 2353 1023 2399 1022 2398 886"/></Shape></Glyph><Glyph ID="char_8" CONTENT="פ" GC="1.0"><Shape><Polygon POINTS="2315 887 2316 1023 2353 1023 2352 887"/></Shape></Glyph><Glyph ID="char_9" CONTENT="ת" GC="1.0"><Shape><Polygon POINTS="2259 888 2263 1024 2316 1023 2315 887"/></Shape></Glyph><Glyph ID="char_10" CONTENT="ח" GC="1.0"><Shape><Polygon POINTS="2213 890 2217 1026 2263 1024 2259 888"/></Shape></Glyph><Glyph ID="char_11" CONTENT=" " GC="1.0"><Shape><Polygon POINTS="2167 891 2171 1027 2217 1026 2213 890"/></Shape></Glyph><Glyph ID="char_12" CONTENT="ה" GC="1.0"><Shape><Polygon POINTS="2103 893 2107 1029 2171 1027 2167 891"/></Shape></Glyph><Glyph ID="char_13" CONTENT="ח" GC="1.0"><Shape><Polygon POINTS="2048 894 2052 1031 2107 1029 2103 893"/></Shape></Glyph><Glyph ID="char_14" CONTENT="צ" GC="1.0"><Shape><Polygon POINTS="1984 896 1988 1032 2052 1031 2048 894"/></Shape></Glyph><Glyph ID="char_15" CONTENT="ר" GC="1.0"><Shape><Polygon POINTS="1939 898 1943 1034 1988 1032 1984 896"/></Shape></Glyph><Glyph ID="char_16" CONTENT=" " GC="1.0"><Shape><Polygon POINTS="1893 899 1897 1035 1943 1034 1939 898"/></Shape></Glyph><Glyph ID="char_17" CONTENT="א" GC="1.0"><Shape><Polygon POINTS="1820 901 1824 1037 1897 1035 1893 899"/></Shape></Glyph><Glyph ID="char_18" CONTENT="ש" GC="1.0"><Shape><Polygon POINTS="1756 903 1760 1039 1824 1037 1820 901"/></Shape></Glyph><Glyph ID="char_19" CONTENT="ר" GC="1.0"><Shape><Polygon POINTS="1709 905 1715 1041 1760 1039 1756 903"/></Shape></Glyph><Glyph ID="char_20" CONTENT=" " GC="1.0"><Shape><Polygon POINTS="1654 907 1660 1043 1715 1041 1709 905"/></Shape></Glyph><Glyph ID="char_21" CONTENT="ע" GC="1.0"><Shape><Polygon POINTS="1609 909 1615 1045 1660 1043 1654 907"/></Shape></Glyph><Glyph ID="char_22" CONTENT="ל" GC="1.0"><Shape><Polygon POINTS="1572 910 1578 1046 1615 1045 1609 909"/></Shape></Glyph><Glyph ID="char_23" CONTENT=" " GC="1.0"><Shape><Polygon POINTS="1535 912 1541 1048 1578 1046 1572 910"/></Shape></Glyph><Glyph ID="char_24" CONTENT="ה" GC="1.0"><Shape><Polygon POINTS="1481 914 1487 1050 1541 1048 1535 912"/></Shape></Glyph><Glyph ID="char_25" CONTENT="מ" GC="1.0"><Shape><Polygon POINTS="1427 916 1432 1053 1487 1050 1481 914"/></Shape></Glyph><Glyph ID="char_26" CONTENT="ש" GC="1.0"><Shape><Polygon POINTS="1390 918 1395 1054 1432 1053 1427 916"/></Shape></Glyph><Glyph ID="char_27" CONTENT=" " GC="1.0"><Shape><Polygon POINTS="1335 920 1340 1056 1395 1054 1390 918"/></Shape></Glyph></String>
          </TextLine>

          
          
          <TextLine ID="eSc_line_1789938" BASELINE="974 1174 1111 1170 1328 1154 1688 1122 1855 1122 2121 1113 2176 1116 2397 1102 2593 1107 2690 1116" HPOS="971.0" VPOS="1020.0" WIDTH="1726.0" HEIGHT="208.0">
            <Shape><Polygon POINTS="971 1092 1108 1088 1321 1072 1680 1040 1855 1040 2118 1031 2180 1034 2391 1020 2595 1025 2697 1034 2684 1170 2591 1161 2400 1156 2173 1170 2122 1167 1855 1176 1692 1176 1332 1208 1112 1224 975 1228"/></Shape>
	    <String CONTENT=" לכול עבודתו לקחת משפחות העמרמי מ " HPOS="971.0" VPOS="1020.0" WIDTH="1726.0" HEIGHT="208.0"><Glyph ID="char_28" CONTENT=" " GC="1.0"><Shape><Polygon POINTS="2606 1026 2593 1161 2647 1166 2660 1031"/></Shape></Glyph><Glyph ID="char_29" CONTENT="ל" GC="1.0"><Shape><Polygon POINTS="2563 1024 2560 1160 2593 1161 2606 1026"/></Shape></Glyph><Glyph ID="char_30" CONTENT="כ" GC="1.0"><Shape><Polygon POINTS="2517 1023 2514 1159 2560 1160 2563 1024"/></Shape></Glyph><Glyph ID="char_31" CONTENT="ו" GC="1.0"><Shape><Polygon POINTS="2490 1022 2487 1158 2514 1159 2517 1023"/></Shape></Glyph><Glyph ID="char_32" CONTENT="ל" GC="1.0"><Shape><Polygon POINTS="2453 1022 2450 1157 2487 1158 2490 1022"/></Shape></Glyph><Glyph ID="char_33" CONTENT=" " GC="1.0"><Shape><Polygon POINTS="2417 1021 2414 1156 2450 1157 2453 1022"/></Shape></Glyph><Glyph ID="char_34" CONTENT="ע" GC="1.0"><Shape><Polygon POINTS="2355 1022 2364 1158 2414 1156 2417 1021"/></Shape></Glyph><Glyph ID="char_35" CONTENT="ב" GC="1.0"><Shape><Polygon POINTS="2291 1027 2300 1162 2364 1158 2355 1022"/></Shape></Glyph><Glyph ID="char_36" CONTENT="ו" GC="1.0"><Shape><Polygon POINTS="2245 1030 2254 1165 2300 1162 2291 1027"/></Shape></Glyph><Glyph ID="char_37" CONTENT="ד" GC="1.0"><Shape><Polygon POINTS="2191 1033 2199 1168 2254 1165 2245 1030"/></Shape></Glyph><Glyph ID="char_38" CONTENT="ת" GC="1.0"><Shape><Polygon POINTS="2145 1032 2138 1168 2199 1168 2191 1033"/></Shape></Glyph><Glyph ID="char_39" CONTENT="ו" GC="1.0"><Shape><Polygon POINTS="2102 1032 2107 1168 2138 1168 2145 1032"/></Shape></Glyph><Glyph ID="char_40" CONTENT=" " GC="1.0"><Shape><Polygon POINTS="2074 1033 2079 1168 2107 1168 2102 1032"/></Shape></Glyph><Glyph ID="char_41" CONTENT="ל" GC="1.0"><Shape><Polygon POINTS="2029 1034 2034 1170 2079 1168 2074 1033"/></Shape></Glyph><Glyph ID="char_42" CONTENT="ק" GC="1.0"><Shape><Polygon POINTS="1974 1036 1979 1172 2034 1170 2029 1034"/></Shape></Glyph><Glyph ID="char_43" CONTENT="ח" GC="1.0"><Shape><Polygon POINTS="1919 1038 1924 1174 1979 1172 1974 1036"/></Shape></Glyph><Glyph ID="char_44" CONTENT="ת" GC="1.0"><Shape><Polygon POINTS="1831 1040 1831 1176 1924 1174 1919 1038"/></Shape></Glyph><Glyph ID="char_45" CONTENT=" " GC="1.0"><Shape><Polygon POINTS="1748 1040 1748 1176 1831 1176 1831 1040"/></Shape></Glyph><Glyph ID="char_46" CONTENT="מ" GC="1.0"><Shape><Polygon POINTS="1702 1040 1702 1176 1748 1176 1748 1040"/></Shape></Glyph><Glyph ID="char_47" CONTENT="ש" GC="1.0"><Shape><Polygon POINTS="1641 1043 1653 1179 1702 1176 1702 1040"/></Shape></Glyph><Glyph ID="char_48" CONTENT="פ" GC="1.0"><Shape><Polygon POINTS="1577 1049 1589 1185 1653 1179 1641 1043"/></Shape></Glyph><Glyph ID="char_49" CONTENT="ח" GC="1.0"><Shape><Polygon POINTS="1522 1054 1534 1190 1589 1185 1577 1049"/></Shape></Glyph><Glyph ID="char_50" CONTENT="ו" GC="1.0"><Shape><Polygon POINTS="1476 1058 1489 1194 1534 1190 1522 1054"/></Shape></Glyph><Glyph ID="char_51" CONTENT="ת" GC="1.0"><Shape><Polygon POINTS="1431 1062 1443 1198 1489 1194 1476 1058"/></Shape></Glyph><Glyph ID="char_52" CONTENT=" " GC="1.0"><Shape><Polygon POINTS="1376 1067 1388 1203 1443 1198 1431 1062"/></Shape></Glyph><Glyph ID="char_53" CONTENT="ה" GC="1.0"><Shape><Polygon POINTS="1331 1071 1343 1207 1388 1203 1376 1067"/></Shape></Glyph><Glyph ID="char_54" CONTENT="ע" GC="1.0"><Shape><Polygon POINTS="1277 1075 1287 1211 1343 1207 1331 1071"/></Shape></Glyph><Glyph ID="char_55" CONTENT="מ" GC="1.0"><Shape><Polygon POINTS="1214 1080 1224 1216 1287 1211 1277 1075"/></Shape></Glyph><Glyph ID="char_56" CONTENT="ר" GC="1.0"><Shape><Polygon POINTS="1159 1084 1169 1220 1224 1216 1214 1080"/></Shape></Glyph><Glyph ID="char_57" CONTENT="מ" GC="1.0"><Shape><Polygon POINTS="1113 1088 1123 1223 1169 1220 1159 1084"/></Shape></Glyph><Glyph ID="char_58" CONTENT="י" GC="1.0"><Shape><Polygon POINTS="1072 1089 1076 1225 1123 1223 1113 1088"/></Shape></Glyph><Glyph ID="char_59" CONTENT=" " GC="1.0"><Shape><Polygon POINTS="1026 1090 1030 1226 1076 1225 1072 1089"/></Shape></Glyph><Glyph ID="char_60" CONTENT="מ" GC="1.0"><Shape><Polygon POINTS="998 1091 1002 1227 1030 1226 1026 1090"/></Shape></Glyph><Glyph ID="char_61" CONTENT=" " GC="1.0"><Shape><Polygon POINTS="973 1174 999 1173"/></Shape></Glyph></String>
          </TextLine>

          
          
          <TextLine ID="eSc_line_1789939" BASELINE="940 1321 983 1330 1035 1330 1431 1294 1878 1274 2117 1249 2304 1247 2487 1237 2701 1240 2769 1233" HPOS="928.0" VPOS="1151.0" WIDTH="1846.0" HEIGHT="233.0">
            <Shape><Polygon POINTS="956 1241 999 1250 1035 1248 1423 1212 1874 1192 2108 1167 2303 1165 2482 1155 2702 1158 2760 1151 2774 1287 2700 1294 2489 1291 2304 1301 2122 1303 1880 1328 1435 1348 1035 1384 971 1383 928 1374"/></Shape>
	    <String CONTENT=" ת החברוני ומשפחות העוזיאלי אלה משפחו " HPOS="928.0" VPOS="1151.0" WIDTH="1846.0" HEIGHT="233.0"><Glyph ID="char_62" CONTENT=" " GC="1.0"><Shape><Polygon POINTS="2714 1157 2728 1291 2764 1288 2750 1152"/></Shape></Glyph><Glyph ID="char_63" CONTENT="ת" GC="1.0"><Shape><Polygon POINTS="2677 1158 2675 1294 2728 1291 2714 1157"/></Shape></Glyph><Glyph ID="char_64" CONTENT=" " GC="1.0"><Shape><Polygon POINTS="2622 1157 2620 1293 2675 1294 2677 1158"/></Shape></Glyph><Glyph ID="char_65" CONTENT="ה" GC="1.0"><Shape><Polygon POINTS="2576 1156 2574 1292 2620 1293 2622 1157"/></Shape></Glyph><Glyph ID="char_66" CONTENT="ח" GC="1.0"><Shape><Polygon POINTS="2521 1156 2519 1291 2574 1292 2576 1156"/></Shape></Glyph><Glyph ID="char_67" CONTENT="ב" GC="1.0"><Shape><Polygon POINTS="2461 1156 2468 1292 2519 1291 2521 1156"/></Shape></Glyph><Glyph ID="char_68" CONTENT="ר" GC="1.0"><Shape><Polygon POINTS="2425 1158 2432 1294 2468 1292 2461 1156"/></Shape></Glyph><Glyph ID="char_69" CONTENT="ו" GC="1.0"><Shape><Polygon POINTS="2388 1160 2395 1296 2432 1294 2425 1158"/></Shape></Glyph><Glyph ID="char_70" CONTENT="נ" GC="1.0"><Shape><Polygon POINTS="2351 1162 2358 1298 2395 1296 2388 1160"/></Shape></Glyph><Glyph ID="char_71" CONTENT="י" GC="1.0"><Shape><Polygon POINTS="2315 1164 2322 1300 2358 1298 2351 1162"/></Shape></Glyph><Glyph ID="char_72" CONTENT=" " GC="1.0"><Shape><Polygon POINTS="2273 1165 2274 1301 2322 1300 2315 1164"/></Shape></Glyph><Glyph ID="char_73" CONTENT="ו" GC="1.0"><Shape><Polygon POINTS="2227 1166 2228 1302 2274 1301 2273 1165"/></Shape></Glyph><Glyph ID="char_74" CONTENT="מ" GC="1.0"><Shape><Polygon POINTS="2181 1166 2182 1302 2228 1302 2227 1166"/></Shape></Glyph><Glyph ID="char_75" CONTENT="ש" GC="1.0"><Shape><Polygon POINTS="2117 1167 2118 1303 2182 1302 2181 1166"/></Shape></Glyph><Glyph ID="char_76" CONTENT="פ" GC="1.0"><Shape><Polygon POINTS="2045 1174 2059 1309 2118 1303 2117 1167"/></Shape></Glyph><Glyph ID="char_77" CONTENT="ח" GC="1.0"><Shape><Polygon POINTS="2000 1179 2014 1314 2059 1309 2045 1174"/></Shape></Glyph><Glyph ID="char_78" CONTENT="ו" GC="1.0"><Shape><Polygon POINTS="1954 1183 1968 1319 2014 1314 2000 1179"/></Shape></Glyph><Glyph ID="char_79" CONTENT="ת" GC="1.0"><Shape><Polygon POINTS="1908 1188 1922 1324 1968 1319 1954 1183"/></Shape></Glyph><Glyph ID="char_80" CONTENT=" " GC="1.0"><Shape><Polygon POINTS="1867 1192 1873 1328 1922 1324 1908 1188"/></Shape></Glyph><Glyph ID="char_81" CONTENT="ה" GC="1.0"><Shape><Polygon POINTS="1812 1195 1818 1331 1873 1328 1867 1192"/></Shape></Glyph><Glyph ID="char_82" CONTENT="ע" GC="1.0"><Shape><Polygon POINTS="1757 1197 1763 1333 1818 1331 1812 1195"/></Shape></Glyph><Glyph ID="char_83" CONTENT="ו" GC="1.0"><Shape><Polygon POINTS="1711 1199 1717 1335 1763 1333 1757 1197"/></Shape></Glyph><Glyph ID="char_84" CONTENT="ז" GC="1.0"><Shape><Polygon POINTS="1675 1201 1681 1337 1717 1335 1711 1199"/></Shape></Glyph><Glyph ID="char_85" CONTENT="י" GC="1.0"><Shape><Polygon POINTS="1629 1203 1635 1339 1681 1337 1675 1201"/></Shape></Glyph><Glyph ID="char_86" CONTENT="א" GC="1.0"><Shape><Polygon POINTS="1583 1205 1590 1341 1635 1339 1629 1203"/></Shape></Glyph><Glyph ID="char_87" CONTENT="ל" GC="1.0"><Shape><Polygon POINTS="1537 1207 1544 1343 1590 1341 1583 1205"/></Shape></Glyph><Glyph ID="char_88" CONTENT="י" GC="1.0"><Shape><Polygon POINTS="1492 1209 1498 1345 1544 1343 1537 1207"/></Shape></Glyph><Glyph ID="char_89" CONTENT=" " GC="1.0"><Shape><Polygon POINTS="1447 1211 1453 1347 1498 1345 1492 1209"/></Shape></Glyph><Glyph ID="char_90" CONTENT="א" GC="1.0"><Shape><Polygon POINTS="1388 1215 1400 1351 1453 1347 1447 1211"/></Shape></Glyph><Glyph ID="char_91" CONTENT="ל" GC="1.0"><Shape><Polygon POINTS="1333 1220 1346 1356 1400 1351 1388 1215"/></Shape></Glyph><Glyph ID="char_92" CONTENT="ה" GC="1.0"><Shape><Polygon POINTS="1296 1224 1309 1359 1346 1356 1333 1220"/></Shape></Glyph><Glyph ID="char_93" CONTENT=" " GC="1.0"><Shape><Polygon POINTS="1251 1228 1263 1363 1309 1359 1296 1224"/></Shape></Glyph><Glyph ID="char_94" CONTENT="מ" GC="1.0"><Shape><Polygon POINTS="1196 1233 1208 1368 1263 1363 1251 1228"/></Shape></Glyph><Glyph ID="char_95" CONTENT="ש" GC="1.0"><Shape><Polygon POINTS="1132 1239 1144 1374 1208 1368 1196 1233"/></Shape></Glyph><Glyph ID="char_96" CONTENT="פ" GC="1.0"><Shape><Polygon POINTS="1058 1246 1071 1381 1144 1374 1132 1239"/></Shape></Glyph><Glyph ID="char_97" CONTENT="ח" GC="1.0"><Shape><Polygon POINTS="1021 1249 1021 1384 1071 1381 1058 1246"/></Shape></Glyph><Glyph ID="char_98" CONTENT="ו" GC="1.0"><Shape><Polygon POINTS="993 1249 993 1383 1021 1384 1021 1249"/></Shape></Glyph><Glyph ID="char_99" CONTENT=" " GC="1.0"><Shape><Polygon POINTS="966 1243 936 1376 993 1383 993 1249"/></Shape></Glyph></String>
          </TextLine>

          
          
          <TextLine ID="eSc_line_1789940" BASELINE="994 1449 1062 1465 1159 1465 1411 1438 1763 1407 2027 1402 2239 1386 2419 1380 2557 1368 2692 1364" HPOS="981.0" VPOS="1282.0" WIDTH="1712.0" HEIGHT="237.0">
            <Shape><Polygon POINTS="1012 1369 1080 1385 1159 1383 1402 1356 1755 1325 2025 1320 2232 1304 2416 1298 2549 1286 2689 1282 2693 1418 2561 1422 2420 1434 2243 1440 2028 1456 1767 1461 1416 1492 1159 1519 1049 1517 981 1501"/></Shape>
	    <String CONTENT=" במספר שמות כול כר מבן חודש ולמעל " HPOS="981.0" VPOS="1282.0" WIDTH="1712.0" HEIGHT="237.0"><Glyph ID="char_100" CONTENT=" " GC="1.0"><Shape><Polygon POINTS="2624 1284 2628 1420 2674 1419 2670 1283"/></Shape></Glyph><Glyph ID="char_101" CONTENT="ב" GC="1.0"><Shape><Polygon POINTS="2578 1285 2582 1421 2628 1420 2624 1284"/></Shape></Glyph><Glyph ID="char_102" CONTENT="מ" GC="1.0"><Shape><Polygon POINTS="2528 1288 2540 1424 2582 1421 2578 1285"/></Shape></Glyph><Glyph ID="char_103" CONTENT="ס" GC="1.0"><Shape><Polygon POINTS="2464 1294 2476 1429 2540 1424 2528 1288"/></Shape></Glyph><Glyph ID="char_104" CONTENT="פ" GC="1.0"><Shape><Polygon POINTS="2414 1298 2418 1434 2476 1429 2464 1294"/></Shape></Glyph><Glyph ID="char_105" CONTENT="ר" GC="1.0"><Shape><Polygon POINTS="2359 1300 2363 1436 2418 1434 2414 1298"/></Shape></Glyph><Glyph ID="char_106" CONTENT=" " GC="1.0"><Shape><Polygon POINTS="2304 1302 2308 1438 2363 1436 2359 1300"/></Shape></Glyph><Glyph ID="char_107" CONTENT="ש" GC="1.0"><Shape><Polygon POINTS="2240 1304 2244 1440 2308 1438 2304 1302"/></Shape></Glyph><Glyph ID="char_108" CONTENT="מ" GC="1.0"><Shape><Polygon POINTS="2172 1309 2183 1444 2244 1440 2240 1304"/></Shape></Glyph><Glyph ID="char_109" CONTENT="ו" GC="1.0"><Shape><Polygon POINTS="2118 1313 2128 1449 2183 1444 2172 1309"/></Shape></Glyph><Glyph ID="char_110" CONTENT="ת" GC="1.0"><Shape><Polygon POINTS="2081 1316 2091 1451 2128 1449 2118 1313"/></Shape></Glyph><Glyph ID="char_111" CONTENT=" " GC="1.0"><Shape><Polygon POINTS="2026 1320 2036 1455 2091 1451 2081 1316"/></Shape></Glyph><Glyph ID="char_112" CONTENT="כ" GC="1.0"><Shape><Polygon POINTS="1976 1321 1978 1457 2036 1455 2026 1320"/></Shape></Glyph><Glyph ID="char_113" CONTENT="ו" GC="1.0"><Shape><Polygon POINTS="1940 1322 1942 1458 1978 1457 1976 1321"/></Shape></Glyph><Glyph ID="char_114" CONTENT="ל" GC="1.0"><Shape><Polygon POINTS="1912 1322 1914 1458 1942 1458 1940 1322"/></Shape></Glyph><Glyph ID="char_115" CONTENT=" " GC="1.0"><Shape><Polygon POINTS="1857 1323 1859 1459 1914 1458 1912 1322"/></Shape></Glyph><Glyph ID="char_116" CONTENT="כ" GC="1.0"><Shape><Polygon POINTS="1793 1324 1795 1460 1859 1459 1857 1323"/></Shape></Glyph><Glyph ID="char_117" CONTENT="ר" GC="1.0"><Shape><Polygon POINTS="1741 1326 1753 1462 1795 1460 1793 1324"/></Shape></Glyph><Glyph ID="char_118" CONTENT=" " GC="1.0"><Shape><Polygon POINTS="1696 1330 1708 1466 1753 1462 1741 1326"/></Shape></Glyph><Glyph ID="char_119" CONTENT="מ" GC="1.0"><Shape><Polygon POINTS="1641 1335 1653 1471 1708 1466 1696 1330"/></Shape></Glyph><Glyph ID="char_120" CONTENT="ב" GC="1.0"><Shape><Polygon POINTS="1587 1340 1599 1476 1653 1471 1641 1335"/></Shape></Glyph><Glyph ID="char_121" CONTENT="ן" GC="1.0"><Shape><Polygon POINTS="1550 1343 1562 1479 1599 1476 1587 1340"/></Shape></Glyph><Glyph ID="char_122" CONTENT=" " GC="1.0"><Shape><Polygon POINTS="1513 1346 1525 1482 1562 1479 1550 1343"/></Shape></Glyph><Glyph ID="char_123" CONTENT="ח" GC="1.0"><Shape><Polygon POINTS="1468 1350 1480 1486 1525 1482 1513 1346"/></Shape></Glyph><Glyph ID="char_124" CONTENT="ו" GC="1.0"><Shape><Polygon POINTS="1422 1354 1434 1490 1480 1486 1468 1350"/></Shape></Glyph><Glyph ID="char_125" CONTENT="ד" GC="1.0"><Shape><Polygon POINTS="1375 1359 1389 1495 1434 1490 1422 1354"/></Shape></Glyph><Glyph ID="char_126" CONTENT="ש" GC="1.0"><Shape><Polygon POINTS="1311 1366 1326 1501 1389 1495 1375 1359"/></Shape></Glyph><Glyph ID="char_127" CONTENT=" " GC="1.0"><Shape><Polygon POINTS="1248 1373 1262 1508 1326 1501 1311 1366"/></Shape></Glyph><Glyph ID="char_128" CONTENT="ו" GC="1.0"><Shape><Polygon POINTS="1202 1378 1216 1513 1262 1508 1248 1373"/></Shape></Glyph><Glyph ID="char_129" CONTENT="ל" GC="1.0"><Shape><Polygon POINTS="1156 1383 1171 1518 1216 1513 1202 1378"/></Shape></Glyph><Glyph ID="char_130" CONTENT="מ" GC="1.0"><Shape><Polygon POINTS="1119 1384 1119 1518 1171 1518 1156 1383"/></Shape></Glyph><Glyph ID="char_131" CONTENT="ע" GC="1.0"><Shape><Polygon POINTS="1073 1383 1073 1517 1119 1518 1119 1384"/></Shape></Glyph><Glyph ID="char_132" CONTENT="ל" GC="1.0"><Shape><Polygon POINTS="1057 1380 1025 1511 1073 1517 1073 1383"/></Shape></Glyph><Glyph ID="char_133" CONTENT=" " GC="1.0"><Shape><Polygon POINTS="1021 1371 989 1503 1025 1511 1057 1380"/></Shape></Glyph></String>
          </TextLine>

          
          
          <TextLine ID="eSc_line_1789941" BASELINE="1380 1542 1454 1546 1587 1537 1817 1533 2054 1535 2322 1524" HPOS="1377.0" VPOS="1442.0" WIDTH="947.0" HEIGHT="158.0">
            <Shape><Polygon POINTS="1384 1460 1458 1464 1581 1455 1815 1451 2054 1453 2318 1442 2324 1578 2053 1589 1817 1587 1590 1591 1451 1600 1377 1596"/></Shape>
	    <String CONTENT=" שמרת קודש משפ " HPOS="1377.0" VPOS="1442.0" WIDTH="947.0" HEIGHT="158.0"><Glyph ID="char_134" CONTENT=" " GC="1.0"><Shape><Polygon POINTS="2245 1445 2251 1581 2305 1579 2300 1443"/></Shape></Glyph><Glyph ID="char_135" CONTENT="ש" GC="1.0"><Shape><Polygon POINTS="2181 1448 2187 1584 2251 1581 2245 1445"/></Shape></Glyph><Glyph ID="char_136" CONTENT="מ" GC="1.0"><Shape><Polygon POINTS="2107 1451 2113 1587 2187 1584 2181 1448"/></Shape></Glyph><Glyph ID="char_137" CONTENT="ר" GC="1.0"><Shape><Polygon POINTS="2038 1453 2037 1589 2113 1587 2107 1451"/></Shape></Glyph><Glyph ID="char_138" CONTENT="ת" GC="1.0"><Shape><Polygon POINTS="1992 1452 1991 1588 2037 1589 2038 1453"/></Shape></Glyph><Glyph ID="char_139" CONTENT=" " GC="1.0"><Shape><Polygon POINTS="1919 1452 1918 1588 1991 1588 1992 1452"/></Shape></Glyph><Glyph ID="char_140" CONTENT="ק" GC="1.0"><Shape><Polygon POINTS="1828 1451 1827 1587 1918 1588 1919 1452"/></Shape></Glyph><Glyph ID="char_141" CONTENT="ו" GC="1.0"><Shape><Polygon POINTS="1780 1452 1782 1588 1827 1587 1828 1451"/></Shape></Glyph><Glyph ID="char_142" CONTENT="ד" GC="1.0"><Shape><Polygon POINTS="1725 1453 1727 1589 1782 1588 1780 1452"/></Shape></Glyph><Glyph ID="char_143" CONTENT="ש" GC="1.0"><Shape><Polygon POINTS="1661 1454 1663 1590 1727 1589 1725 1453"/></Shape></Glyph><Glyph ID="char_144" CONTENT=" " GC="1.0"><Shape><Polygon POINTS="1597 1455 1599 1591 1663 1590 1661 1454"/></Shape></Glyph><Glyph ID="char_145" CONTENT="מ" GC="1.0"><Shape><Polygon POINTS="1547 1457 1556 1593 1599 1591 1597 1455"/></Shape></Glyph><Glyph ID="char_146" CONTENT="ש" GC="1.0"><Shape><Polygon POINTS="1492 1461 1501 1597 1556 1593 1547 1457"/></Shape></Glyph><Glyph ID="char_147" CONTENT="פ" GC="1.0"><Shape><Polygon POINTS="1457 1464 1448 1600 1501 1597 1492 1461"/></Shape></Glyph><Glyph ID="char_148" CONTENT=" " GC="1.0"><Shape><Polygon POINTS="1402 1461 1393 1597 1448 1600 1457 1464"/></Shape></Glyph></String>
          </TextLine>

          
          
          <TextLine ID="eSc_line_1789942" BASELINE="1551 1648 1596 1657 1869 1664" HPOS="1540.0" VPOS="1567.0" WIDTH="331.0" HEIGHT="151.0">
            <Shape><Polygon POINTS="1567 1567 1612 1576 1871 1582 1867 1718 1585 1710 1540 1701"/></Shape>
	    <String CONTENT=" " HPOS="1540.0" VPOS="1567.0" WIDTH="331.0" HEIGHT="151.0"><Glyph ID="char_149" CONTENT=" " GC="1.0"><Shape><Polygon POINTS="1654 1577 1651 1712 1819 1717 1823 1581"/></Shape></Glyph></String>
          </TextLine>

          
        </TextBlock>
        

        
      </PrintSpace>
    </Page>
  </Layout>
</alto>