<?xml version='1.0' encoding='UTF-8'?>
<alto xmlns:xsi="http://www.w3.org/2001/XMLSchema-instance" xmlns="http://www.loc.gov/standards/alto/ns-v4#" xsi:schemaLocation="http://www.loc.gov/standards/alto/ns-v4# http://www.loc.gov/standards/alto/v4/alto-4-2.xsd">
  <Description>
    <MeasurementUnit>pixel</MeasurementUnit>
    <sourceImageInformation>
      <fileName>P477-Fg006-R-C01-R01-D25062013-T114211-LR924_012.jpg</fileName>
      
    </sourceImageInformation>
  </Description>
  
  <Tags>
    <OtherTag ID="BT1443" LABEL="Parchment_or_papyrus" DESCRIPTION="block type Parchment_or_papyrus"/><OtherTag ID="BT2" LABEL="Main" DESCRIPTION="block type Main"/>
    
  </Tags>
  
  <Layout>
    <Page WIDTH="3608" HEIGHT="2706" PHYSICAL_IMG_NR="297" ID="eSc_dummypage_">
      <PrintSpace HPOS="0" VPOS="0" WIDTH="3608" HEIGHT="2706">
        
        <TextBlock HPOS="354.0" VPOS="784.0" WIDTH="2450.0" HEIGHT="897.0" ID="eSc_textblock_ea0a8e3a" TAGREFS="BT2">
          <Shape><Polygon POINTS="354 966 354 1681 2804 1681 2793 784"/></Shape>
          
          
          <TextLine ID="eSc_line_1789999" BASELINE="1749 886 2327 886" HPOS="1749.0" VPOS="791.0" WIDTH="578.0" HEIGHT="157.0">
            <Shape><Polygon POINTS="1749 791 2327 791 2327 948 1749 948"/></Shape>
	    <String CONTENT=" תה שם " HPOS="1749.0" VPOS="791.0" WIDTH="578.0" HEIGHT="157.0"><Glyph ID="char_0" CONTENT=" " GC="1.0"><Shape><Polygon POINTS="2263 791 2263 948 2306 948 2306 791"/></Shape></Glyph><Glyph ID="char_1" CONTENT="ת" GC="1.0"><Shape><Polygon POINTS="2210 791 2210 948 2263 948 2263 791"/></Shape></Glyph><Glyph ID="char_2" CONTENT="ה" GC="1.0"><Shape><Polygon POINTS="2146 791 2146 948 2210 948 2210 791"/></Shape></Glyph><Glyph ID="char_3" CONTENT=" " GC="1.0"><Shape><Polygon POINTS="2113 791 2113 948 2146 948 2146 791"/></Shape></Glyph><Glyph ID="char_4" CONTENT="ש" GC="1.0"><Shape><Polygon POINTS="2028 791 2028 948 2113 948 2113 791"/></Shape></Glyph><Glyph ID="char_5" CONTENT="ם" GC="1.0"><Shape><Polygon POINTS="1942 791 1942 948 2028 948 2028 791"/></Shape></Glyph><Glyph ID="char_6" CONTENT=" " GC="1.0"><Shape><Polygon POINTS="1824 791 1824 948 1942 948 1942 791"/></Shape></Glyph></String>
          </TextLine>

          
          
          <TextLine ID="eSc_line_1790000" BASELINE="482 1057 556 1057 653 1048 859 1041 1129 1039 1231 1019 1307 1012 1605 1012 1849 1021 2083 1023 2410 1023 2577 1014" HPOS="482.0" VPOS="917.0" WIDTH="2098.0" HEIGHT="202.0">
            <Shape><Polygon POINTS="482 962 556 962 644 954 855 946 1128 944 1212 926 1298 918 1605 917 1852 926 2083 928 2410 928 2571 919 2580 1076 2410 1085 2082 1085 1846 1083 1605 1074 1312 1074 1243 1080 1129 1101 861 1103 658 1110 556 1119 482 1119"/></Shape>
	    <String CONTENT=" פרכת לכמה בי הקדש וב קדש הקדש ם " HPOS="482.0" VPOS="917.0" WIDTH="2098.0" HEIGHT="202.0"><Glyph ID="char_7" CONTENT=" " GC="1.0"><Shape><Polygon POINTS="2509 922 2517 1079 2569 1077 2561 920"/></Shape></Glyph><Glyph ID="char_8" CONTENT="פ" GC="1.0"><Shape><Polygon POINTS="2477 924 2485 1081 2517 1079 2509 922"/></Shape></Glyph><Glyph ID="char_9" CONTENT="ר" GC="1.0"><Shape><Polygon POINTS="2445 926 2453 1083 2485 1081 2477 924"/></Shape></Glyph><Glyph ID="char_10" CONTENT="כ" GC="1.0"><Shape><Polygon POINTS="2387 928 2387 1085 2453 1083 2445 926"/></Shape></Glyph><Glyph ID="char_11" CONTENT="ת" GC="1.0"><Shape><Polygon POINTS="2324 928 2324 1085 2387 1085 2387 928"/></Shape></Glyph><Glyph ID="char_12" CONTENT=" " GC="1.0"><Shape><Polygon POINTS="2271 928 2271 1085 2324 1085 2324 928"/></Shape></Glyph><Glyph ID="char_13" CONTENT="ל" GC="1.0"><Shape><Polygon POINTS="2229 928 2229 1085 2271 1085 2271 928"/></Shape></Glyph><Glyph ID="char_14" CONTENT="כ" GC="1.0"><Shape><Polygon POINTS="2176 928 2176 1085 2229 1085 2229 928"/></Shape></Glyph><Glyph ID="char_15" CONTENT="מ" GC="1.0"><Shape><Polygon POINTS="2103 928 2103 1085 2176 1085 2176 928"/></Shape></Glyph><Glyph ID="char_16" CONTENT="ה" GC="1.0"><Shape><Polygon POINTS="2019 927 2017 1084 2103 1085 2103 928"/></Shape></Glyph><Glyph ID="char_17" CONTENT=" " GC="1.0"><Shape><Polygon POINTS="1945 927 1943 1084 2017 1084 2019 927"/></Shape></Glyph><Glyph ID="char_18" CONTENT="ב" GC="1.0"><Shape><Polygon POINTS="1882 926 1880 1083 1943 1084 1945 927"/></Shape></Glyph><Glyph ID="char_19" CONTENT="י" GC="1.0"><Shape><Polygon POINTS="1790 924 1784 1081 1880 1083 1882 926"/></Shape></Glyph><Glyph ID="char_20" CONTENT=" " GC="1.0"><Shape><Polygon POINTS="1706 921 1700 1078 1784 1081 1790 924"/></Shape></Glyph><Glyph ID="char_21" CONTENT="ה" GC="1.0"><Shape><Polygon POINTS="1674 920 1668 1076 1700 1078 1706 921"/></Shape></Glyph><Glyph ID="char_22" CONTENT="ק" GC="1.0"><Shape><Polygon POINTS="1622 918 1616 1074 1668 1076 1674 920"/></Shape></Glyph><Glyph ID="char_23" CONTENT="ד" GC="1.0"><Shape><Polygon POINTS="1554 917 1554 1074 1616 1074 1622 918"/></Shape></Glyph><Glyph ID="char_24" CONTENT="ש" GC="1.0"><Shape><Polygon POINTS="1481 917 1481 1074 1554 1074 1554 917"/></Shape></Glyph><Glyph ID="char_25" CONTENT=" " GC="1.0"><Shape><Polygon POINTS="1428 918 1428 1074 1481 1074 1481 917"/></Shape></Glyph><Glyph ID="char_26" CONTENT="ו" GC="1.0"><Shape><Polygon POINTS="1386 918 1386 1074 1428 1074 1428 918"/></Shape></Glyph><Glyph ID="char_27" CONTENT="ב" GC="1.0"><Shape><Polygon POINTS="1272 920 1286 1076 1386 1074 1386 918"/></Shape></Glyph><Glyph ID="char_28" CONTENT=" " GC="1.0"><Shape><Polygon POINTS="1158 937 1188 1090 1286 1076 1272 920"/></Shape></Glyph><Glyph ID="char_29" CONTENT="ק" GC="1.0"><Shape><Polygon POINTS="1114 944 1115 1101 1188 1090 1158 937"/></Shape></Glyph><Glyph ID="char_30" CONTENT="ד" GC="1.0"><Shape><Polygon POINTS="1040 945 1041 1102 1115 1101 1114 944"/></Shape></Glyph><Glyph ID="char_31" CONTENT="ש" GC="1.0"><Shape><Polygon POINTS="966 945 967 1102 1041 1102 1040 945"/></Shape></Glyph><Glyph ID="char_32" CONTENT=" " GC="1.0"><Shape><Polygon POINTS="892 946 893 1103 967 1102 966 945"/></Shape></Glyph><Glyph ID="char_33" CONTENT="ה" GC="1.0"><Shape><Polygon POINTS="826 947 832 1104 893 1103 892 946"/></Shape></Glyph><Glyph ID="char_34" CONTENT="ק" GC="1.0"><Shape><Polygon POINTS="752 950 758 1107 832 1104 826 947"/></Shape></Glyph><Glyph ID="char_35" CONTENT="ד" GC="1.0"><Shape><Polygon POINTS="668 953 674 1109 758 1107 752 950"/></Shape></Glyph><Glyph ID="char_36" CONTENT="ש" GC="1.0"><Shape><Polygon POINTS="589 959 604 1115 674 1109 668 953"/></Shape></Glyph><Glyph ID="char_37" CONTENT=" " GC="1.0"><Shape><Polygon POINTS="545 962 545 1119 604 1115 589 959"/></Shape></Glyph><Glyph ID="char_38" CONTENT="ם" GC="1.0"><Shape><Polygon POINTS="514 962 514 1119 545 1119 545 962"/></Shape></Glyph><Glyph ID="char_39" CONTENT=" " GC="1.0"><Shape><Polygon POINTS="482 962 482 1119 514 1119 514 962"/></Shape></Glyph></String>
          </TextLine>

          
          
          <TextLine ID="eSc_line_1790001" BASELINE="451 1237 527 1233 703 1235 818 1228 1026 1226 1398 1210 2230 1213 2487 1206 2676 1192" HPOS="446.0" VPOS="1098.0" WIDTH="2234.0" HEIGHT="201.0">
            <Shape><Polygon POINTS="446 1142 522 1138 704 1140 812 1133 1025 1131 1393 1115 2230 1118 2484 1111 2669 1098 2680 1254 2488 1268 2229 1275 1400 1272 1026 1288 821 1290 702 1297 530 1295 454 1299"/></Shape>
	    <String CONTENT="הכפרת על הארון העדוות בקד ה דשים וש " HPOS="446.0" VPOS="1098.0" WIDTH="2234.0" HEIGHT="201.0"><Glyph ID="char_40" CONTENT="ה" GC="1.0"><Shape><Polygon POINTS="2574 1105 2586 1261 2648 1256 2637 1100"/></Shape></Glyph><Glyph ID="char_41" CONTENT="כ" GC="1.0"><Shape><Polygon POINTS="2521 1108 2533 1265 2586 1261 2574 1105"/></Shape></Glyph><Glyph ID="char_42" CONTENT="פ" GC="1.0"><Shape><Polygon POINTS="2490 1111 2502 1267 2533 1265 2521 1108"/></Shape></Glyph><Glyph ID="char_43" CONTENT="ר" GC="1.0"><Shape><Polygon POINTS="2463 1112 2467 1269 2502 1267 2490 1111"/></Shape></Glyph><Glyph ID="char_44" CONTENT="ת" GC="1.0"><Shape><Polygon POINTS="2400 1113 2404 1270 2467 1269 2463 1112"/></Shape></Glyph><Glyph ID="char_45" CONTENT=" " GC="1.0"><Shape><Polygon POINTS="2347 1115 2351 1272 2404 1270 2400 1113"/></Shape></Glyph><Glyph ID="char_46" CONTENT="ע" GC="1.0"><Shape><Polygon POINTS="2294 1116 2298 1273 2351 1272 2347 1115"/></Shape></Glyph><Glyph ID="char_47" CONTENT="ל" GC="1.0"><Shape><Polygon POINTS="2241 1118 2245 1275 2298 1273 2294 1116"/></Shape></Glyph><Glyph ID="char_48" CONTENT=" " GC="1.0"><Shape><Polygon POINTS="2191 1118 2190 1275 2245 1275 2241 1118"/></Shape></Glyph><Glyph ID="char_49" CONTENT="ה" GC="1.0"><Shape><Polygon POINTS="2118 1118 2117 1275 2190 1275 2191 1118"/></Shape></Glyph><Glyph ID="char_50" CONTENT="א" GC="1.0"><Shape><Polygon POINTS="2044 1117 2043 1274 2117 1275 2118 1118"/></Shape></Glyph><Glyph ID="char_51" CONTENT="ר" GC="1.0"><Shape><Polygon POINTS="1991 1117 1990 1274 2043 1274 2044 1117"/></Shape></Glyph><Glyph ID="char_52" CONTENT="ו" GC="1.0"><Shape><Polygon POINTS="1949 1117 1948 1274 1990 1274 1991 1117"/></Shape></Glyph><Glyph ID="char_53" CONTENT="ן" GC="1.0"><Shape><Polygon POINTS="1917 1117 1916 1274 1948 1274 1949 1117"/></Shape></Glyph><Glyph ID="char_54" CONTENT=" " GC="1.0"><Shape><Polygon POINTS="1854 1117 1853 1274 1916 1274 1917 1117"/></Shape></Glyph><Glyph ID="char_55" CONTENT="ה" GC="1.0"><Shape><Polygon POINTS="1790 1116 1789 1273 1853 1274 1854 1117"/></Shape></Glyph><Glyph ID="char_56" CONTENT="ע" GC="1.0"><Shape><Polygon POINTS="1727 1116 1726 1273 1789 1273 1790 1116"/></Shape></Glyph><Glyph ID="char_57" CONTENT="ד" GC="1.0"><Shape><Polygon POINTS="1664 1116 1663 1273 1726 1273 1727 1116"/></Shape></Glyph><Glyph ID="char_58" CONTENT="ו" GC="1.0"><Shape><Polygon POINTS="1600 1116 1599 1273 1663 1273 1664 1116"/></Shape></Glyph><Glyph ID="char_59" CONTENT="ו" GC="1.0"><Shape><Polygon POINTS="1548 1116 1547 1273 1599 1273 1600 1116"/></Shape></Glyph><Glyph ID="char_60" CONTENT="ת" GC="1.0"><Shape><Polygon POINTS="1484 1115 1483 1272 1547 1273 1548 1116"/></Shape></Glyph><Glyph ID="char_61" CONTENT=" " GC="1.0"><Shape><Polygon POINTS="1421 1115 1420 1272 1483 1272 1484 1115"/></Shape></Glyph><Glyph ID="char_62" CONTENT="ב" GC="1.0"><Shape><Polygon POINTS="1353 1117 1360 1274 1420 1272 1421 1115"/></Shape></Glyph><Glyph ID="char_63" CONTENT="ק" GC="1.0"><Shape><Polygon POINTS="1279 1120 1286 1277 1360 1274 1353 1117"/></Shape></Glyph><Glyph ID="char_64" CONTENT="ד" GC="1.0"><Shape><Polygon POINTS="1215 1123 1222 1280 1286 1277 1279 1120"/></Shape></Glyph><Glyph ID="char_65" CONTENT=" " GC="1.0"><Shape><Polygon POINTS="1152 1125 1159 1282 1222 1280 1215 1123"/></Shape></Glyph><Glyph ID="char_66" CONTENT="ה" GC="1.0"><Shape><Polygon POINTS="1079 1129 1085 1285 1159 1282 1152 1125"/></Shape></Glyph><Glyph ID="char_67" CONTENT=" " GC="1.0"><Shape><Polygon POINTS="998 1131 999 1288 1085 1285 1079 1129"/></Shape></Glyph><Glyph ID="char_68" CONTENT="ד" GC="1.0"><Shape><Polygon POINTS="924 1132 925 1289 999 1288 998 1131"/></Shape></Glyph><Glyph ID="char_69" CONTENT="ש" GC="1.0"><Shape><Polygon POINTS="829 1133 830 1290 925 1289 924 1132"/></Shape></Glyph><Glyph ID="char_70" CONTENT="י" GC="1.0"><Shape><Polygon POINTS="718 1139 728 1295 830 1290 829 1133"/></Shape></Glyph><Glyph ID="char_71" CONTENT="ם" GC="1.0"><Shape><Polygon POINTS="662 1140 660 1297 728 1295 718 1139"/></Shape></Glyph><Glyph ID="char_72" CONTENT=" " GC="1.0"><Shape><Polygon POINTS="599 1139 597 1296 660 1297 662 1140"/></Shape></Glyph><Glyph ID="char_73" CONTENT="ו" GC="1.0"><Shape><Polygon POINTS="557 1138 555 1295 597 1296 599 1139"/></Shape></Glyph><Glyph ID="char_74" CONTENT="ש" GC="1.0"><Shape><Polygon POINTS="498 1139 506 1296 555 1295 557 1138"/></Shape></Glyph><Glyph ID="char_75" CONTENT=" " GC="1.0"><Shape><Polygon POINTS="450 1237 502 1234"/></Shape></Glyph></String>
          </TextLine>

          
          
          <TextLine ID="eSc_line_1790002" BASELINE="324 1339 538 1348 629 1357 902 1366 1037 1375 1391 1375 1587 1368 1919 1368 2266 1377 2647 1375 2687 1382" HPOS="321.0" VPOS="1244.0" WIDTH="2382.0" HEIGHT="199.0">
            <Shape><Polygon POINTS="327 1244 541 1253 638 1263 905 1271 1043 1281 1391 1280 1583 1273 1919 1273 2268 1282 2646 1280 2703 1289 2676 1443 2647 1437 2264 1439 1919 1430 1589 1430 1391 1437 1032 1437 899 1428 622 1419 535 1410 321 1401"/></Shape>
	    <String CONTENT="ל רכת ואת המנורה נכח השלחן ל ל מש " HPOS="321.0" VPOS="1244.0" WIDTH="2382.0" HEIGHT="199.0"><Glyph ID="char_76" CONTENT="ל" GC="1.0"><Shape><Polygon POINTS="2633 1280 2634 1437 2665 1441 2691 1287"/></Shape></Glyph><Glyph ID="char_77" CONTENT=" " GC="1.0"><Shape><Polygon POINTS="2591 1280 2592 1437 2634 1437 2633 1280"/></Shape></Glyph><Glyph ID="char_78" CONTENT="ר" GC="1.0"><Shape><Polygon POINTS="2559 1280 2560 1437 2592 1437 2591 1280"/></Shape></Glyph><Glyph ID="char_79" CONTENT="כ" GC="1.0"><Shape><Polygon POINTS="2506 1281 2507 1438 2560 1437 2559 1280"/></Shape></Glyph><Glyph ID="char_80" CONTENT="ת" GC="1.0"><Shape><Polygon POINTS="2443 1281 2444 1438 2507 1438 2506 1281"/></Shape></Glyph><Glyph ID="char_81" CONTENT=" " GC="1.0"><Shape><Polygon POINTS="2390 1281 2391 1438 2444 1438 2443 1281"/></Shape></Glyph><Glyph ID="char_82" CONTENT="ו" GC="1.0"><Shape><Polygon POINTS="2327 1282 2328 1439 2391 1438 2390 1281"/></Shape></Glyph><Glyph ID="char_83" CONTENT="א" GC="1.0"><Shape><Polygon POINTS="2267 1282 2263 1439 2328 1439 2327 1282"/></Shape></Glyph><Glyph ID="char_84" CONTENT="ת" GC="1.0"><Shape><Polygon POINTS="2214 1281 2210 1438 2263 1439 2267 1282"/></Shape></Glyph><Glyph ID="char_85" CONTENT=" " GC="1.0"><Shape><Polygon POINTS="2151 1279 2147 1436 2210 1438 2214 1281"/></Shape></Glyph><Glyph ID="char_86" CONTENT="ה" GC="1.0"><Shape><Polygon POINTS="2066 1277 2062 1434 2147 1436 2151 1279"/></Shape></Glyph><Glyph ID="char_87" CONTENT="מ" GC="1.0"><Shape><Polygon POINTS="2003 1275 1999 1432 2062 1434 2066 1277"/></Shape></Glyph><Glyph ID="char_88" CONTENT="נ" GC="1.0"><Shape><Polygon POINTS="1950 1274 1946 1431 1999 1432 2003 1275"/></Shape></Glyph><Glyph ID="char_89" CONTENT="ו" GC="1.0"><Shape><Polygon POINTS="1895 1273 1895 1430 1946 1431 1950 1274"/></Shape></Glyph><Glyph ID="char_90" CONTENT="ר" GC="1.0"><Shape><Polygon POINTS="1832 1273 1832 1430 1895 1430 1895 1273"/></Shape></Glyph><Glyph ID="char_91" CONTENT="ה" GC="1.0"><Shape><Polygon POINTS="1768 1273 1768 1430 1832 1430 1832 1273"/></Shape></Glyph><Glyph ID="char_92" CONTENT=" " GC="1.0"><Shape><Polygon POINTS="1695 1273 1695 1430 1768 1430 1768 1273"/></Shape></Glyph><Glyph ID="char_93" CONTENT="נ" GC="1.0"><Shape><Polygon POINTS="1631 1273 1631 1430 1695 1430 1695 1273"/></Shape></Glyph><Glyph ID="char_94" CONTENT="כ" GC="1.0"><Shape><Polygon POINTS="1553 1274 1559 1431 1631 1430 1631 1273"/></Shape></Glyph><Glyph ID="char_95" CONTENT="ח" GC="1.0"><Shape><Polygon POINTS="1490 1276 1496 1433 1559 1431 1553 1274"/></Shape></Glyph><Glyph ID="char_96" CONTENT=" " GC="1.0"><Shape><Polygon POINTS="1416 1279 1422 1436 1496 1433 1490 1276"/></Shape></Glyph><Glyph ID="char_97" CONTENT="ה" GC="1.0"><Shape><Polygon POINTS="1325 1280 1325 1437 1422 1436 1416 1279"/></Shape></Glyph><Glyph ID="char_98" CONTENT="ש" GC="1.0"><Shape><Polygon POINTS="1219 1280 1219 1437 1325 1437 1325 1280"/></Shape></Glyph><Glyph ID="char_99" CONTENT="ל" GC="1.0"><Shape><Polygon POINTS="1124 1281 1124 1437 1219 1437 1219 1280"/></Shape></Glyph><Glyph ID="char_100" CONTENT="ח" GC="1.0"><Shape><Polygon POINTS="1061 1281 1061 1437 1124 1437 1124 1281"/></Shape></Glyph><Glyph ID="char_101" CONTENT="ן" GC="1.0"><Shape><Polygon POINTS="1004 1278 994 1434 1061 1437 1061 1281"/></Shape></Glyph><Glyph ID="char_102" CONTENT=" " GC="1.0"><Shape><Polygon POINTS="940 1274 930 1430 994 1434 1004 1278"/></Shape></Glyph><Glyph ID="char_103" CONTENT="ל" GC="1.0"><Shape><Polygon POINTS="885 1270 880 1427 930 1430 940 1274"/></Shape></Glyph><Glyph ID="char_104" CONTENT=" " GC="1.0"><Shape><Polygon POINTS="853 1269 848 1426 880 1427 885 1270"/></Shape></Glyph><Glyph ID="char_105" CONTENT="ל" GC="1.0"><Shape><Polygon POINTS="811 1268 806 1425 848 1426 853 1269"/></Shape></Glyph><Glyph ID="char_106" CONTENT=" " GC="1.0"><Shape><Polygon POINTS="768 1267 763 1424 806 1425 811 1268"/></Shape></Glyph><Glyph ID="char_107" CONTENT="מ" GC="1.0"><Shape><Polygon POINTS="737 1266 732 1423 763 1424 768 1267"/></Shape></Glyph><Glyph ID="char_108" CONTENT="ש" GC="1.0"><Shape><Polygon POINTS="575 1257 560 1413 732 1423 737 1266"/></Shape></Glyph><Glyph ID="char_109" CONTENT=" " GC="1.0"><Shape><Polygon POINTS="369 1246 362 1403 560 1413 575 1257"/></Shape></Glyph></String>
          </TextLine>

          
          
          <TextLine ID="eSc_line_1790004" BASELINE="1068 1533 1037 1544 1240 1540 1499 1528 1691 1528 1853 1533 2397 1531 2568 1553 2611 1555 2733 1549" HPOS="1015.0" VPOS="1433.0" WIDTH="1721.0" HEIGHT="199.0">
            <Shape><Polygon POINTS="1099 1621 1068 1632 1238 1445 1494 1433 1691 1433 1855 1438 2396 1436 2580 1459 2615 1460 2728 1454 2736 1611 2608 1617 2559 1615 2397 1593 1851 1595 1691 1590 1501 1590 1241 1602 1015 1484 1046 1473"/></Shape>
	    <String CONTENT="ואת השלחן תתן על צלעו צפונה " HPOS="1015.0" VPOS="1433.0" WIDTH="1721.0" HEIGHT="199.0"><Glyph ID="char_110" CONTENT="ו" GC="1.0"><Shape><Polygon POINTS="2644 1458 2651 1615 2712 1612 2704 1455"/></Shape></Glyph><Glyph ID="char_111" CONTENT="א" GC="1.0"><Shape><Polygon POINTS="2593 1459 2585 1616 2651 1615 2644 1458"/></Shape></Glyph><Glyph ID="char_112" CONTENT="ת" GC="1.0"><Shape><Polygon POINTS="2540 1454 2520 1610 2585 1616 2593 1459"/></Shape></Glyph><Glyph ID="char_113" CONTENT=" " GC="1.0"><Shape><Polygon POINTS="2492 1448 2472 1603 2520 1610 2540 1454"/></Shape></Glyph><Glyph ID="char_114" CONTENT="ה" GC="1.0"><Shape><Polygon POINTS="2420 1439 2400 1593 2472 1603 2492 1448"/></Shape></Glyph><Glyph ID="char_115" CONTENT="ש" GC="1.0"><Shape><Polygon POINTS="2347 1436 2348 1593 2400 1593 2420 1439"/></Shape></Glyph><Glyph ID="char_116" CONTENT="ל" GC="1.0"><Shape><Polygon POINTS="2274 1436 2275 1593 2348 1593 2347 1436"/></Shape></Glyph><Glyph ID="char_117" CONTENT="ח" GC="1.0"><Shape><Polygon POINTS="2213 1437 2214 1594 2275 1593 2274 1436"/></Shape></Glyph><Glyph ID="char_118" CONTENT="ן" GC="1.0"><Shape><Polygon POINTS="2177 1437 2178 1594 2214 1594 2213 1437"/></Shape></Glyph><Glyph ID="char_119" CONTENT=" " GC="1.0"><Shape><Polygon POINTS="2129 1437 2130 1594 2178 1594 2177 1437"/></Shape></Glyph><Glyph ID="char_120" CONTENT="ת" GC="1.0"><Shape><Polygon POINTS="2056 1437 2057 1594 2130 1594 2129 1437"/></Shape></Glyph><Glyph ID="char_121" CONTENT="ת" GC="1.0"><Shape><Polygon POINTS="1996 1437 1997 1594 2057 1594 2056 1437"/></Shape></Glyph><Glyph ID="char_122" CONTENT="ן" GC="1.0"><Shape><Polygon POINTS="1959 1438 1960 1595 1997 1594 1996 1437"/></Shape></Glyph><Glyph ID="char_123" CONTENT=" " GC="1.0"><Shape><Polygon POINTS="1923 1438 1924 1595 1960 1595 1959 1438"/></Shape></Glyph><Glyph ID="char_124" CONTENT="ע" GC="1.0"><Shape><Polygon POINTS="1862 1438 1863 1595 1924 1595 1923 1438"/></Shape></Glyph><Glyph ID="char_125" CONTENT="ל" GC="1.0"><Shape><Polygon POINTS="1806 1436 1801 1593 1863 1595 1862 1438"/></Shape></Glyph><Glyph ID="char_126" CONTENT=" " GC="1.0"><Shape><Polygon POINTS="1758 1435 1753 1592 1801 1593 1806 1436"/></Shape></Glyph><Glyph ID="char_127" CONTENT="צ" GC="1.0"><Shape><Polygon POINTS="1682 1433 1682 1590 1753 1592 1758 1435"/></Shape></Glyph><Glyph ID="char_128" CONTENT="ל" GC="1.0"><Shape><Polygon POINTS="1633 1433 1633 1590 1682 1590 1682 1433"/></Shape></Glyph><Glyph ID="char_129" CONTENT="ע" GC="1.0"><Shape><Polygon POINTS="1573 1433 1573 1590 1633 1590 1633 1433"/></Shape></Glyph><Glyph ID="char_130" CONTENT="ו" GC="1.0"><Shape><Polygon POINTS="1525 1433 1525 1590 1573 1590 1573 1433"/></Shape></Glyph><Glyph ID="char_131" CONTENT=" " GC="1.0"><Shape><Polygon POINTS="1459 1435 1467 1592 1525 1590 1525 1433"/></Shape></Glyph><Glyph ID="char_132" CONTENT="צ" GC="1.0"><Shape><Polygon POINTS="1387 1438 1394 1595 1467 1592 1459 1435"/></Shape></Glyph><Glyph ID="char_133" CONTENT="פ" GC="1.0"><Shape><Polygon POINTS="1339 1440 1346 1597 1394 1595 1387 1438"/></Shape></Glyph><Glyph ID="char_134" CONTENT="ו" GC="1.0"><Shape><Polygon POINTS="1291 1443 1298 1599 1346 1597 1339 1440"/></Shape></Glyph><Glyph ID="char_135" CONTENT="נ" GC="1.0"><Shape><Polygon POINTS="1232 1451 1235 1599 1298 1599 1291 1443"/></Shape></Glyph><Glyph ID="char_136" CONTENT="ה" GC="1.0"><Shape><Polygon POINTS="1174 1516 1175 1567 1235 1599 1232 1451"/></Shape></Glyph><Glyph ID="char_137" CONTENT=" " GC="1.0"><Shape><Polygon POINTS="1065 1543 1174 1541"/></Shape></Glyph></String>
          </TextLine>

          
        </TextBlock>
        

        
      </PrintSpace>
    </Page>
  </Layout>
</alto>