<?xml version='1.0' encoding='UTF-8'?>
<alto xmlns:xsi="http://www.w3.org/2001/XMLSchema-instance" xmlns="http://www.loc.gov/standards/alto/ns-v4#" xsi:schemaLocation="http://www.loc.gov/standards/alto/ns-v4# http://www.loc.gov/standards/alto/v4/alto-4-2.xsd">
  <Description>
    <MeasurementUnit>pixel</MeasurementUnit>
    <sourceImageInformation>
      <fileName>P479-Fg014-R-C01-R01-D22082013-T115558-LR924_012.jpg</fileName>
      
    </sourceImageInformation>
  </Description>
  
  <Tags>
    <OtherTag ID="BT1443" LABEL="Parchment_or_papyrus" DESCRIPTION="block type Parchment_or_papyrus"/><OtherTag ID="BT2" LABEL="Main" DESCRIPTION="block type Main"/>
    
  </Tags>
  
  <Layout>
    <Page WIDTH="3608" HEIGHT="2706" PHYSICAL_IMG_NR="262" ID="eSc_dummypage_">
      <PrintSpace HPOS="0" VPOS="0" WIDTH="3608" HEIGHT="2706">
        
        <TextBlock HPOS="1031.0" VPOS="902.0" WIDTH="1483.0" HEIGHT="817.0" ID="eSc_textblock_b0c8c68d" TAGREFS="BT2">
          <Shape><Polygon POINTS="1031 902 1031 1719 2514 1719 2514 902"/></Shape>
          
          
          <TextLine ID="eSc_line_1790079" BASELINE="1420 1019 1513 1017 1603 1035 1659 1041 1799 1046 1900 1046 1993 1039 2054 1030 2180 1007 2270 1001" HPOS="1417.0" VPOS="903.0" WIDTH="857.0" HEIGHT="208.0">
            <Shape><Polygon POINTS="1417 921 1510 919 1622 939 1669 943 1802 948 1900 948 1985 941 2039 933 2162 910 2263 903 2274 1066 2191 1071 2063 1094 1997 1104 1900 1111 1796 1111 1652 1105 1590 1098 1514 1082 1421 1084"/></Shape>
	    <String CONTENT=" ב ל ברכ " HPOS="1417.0" VPOS="903.0" WIDTH="857.0" HEIGHT="208.0"><Glyph ID="char_0" CONTENT=" " GC="1.0"><Shape><Polygon POINTS="2197 908 2208 1070 2252 1067 2241 905"/></Shape></Glyph><Glyph ID="char_1" CONTENT="ב" GC="1.0"><Shape><Polygon POINTS="2078 926 2107 1086 2208 1070 2197 908"/></Shape></Glyph><Glyph ID="char_2" CONTENT=" " GC="1.0"><Shape><Polygon POINTS="1947 944 1960 1107 2107 1086 2078 926"/></Shape></Glyph><Glyph ID="char_3" CONTENT="ל" GC="1.0"><Shape><Polygon POINTS="1845 948 1845 1111 1960 1107 1947 944"/></Shape></Glyph><Glyph ID="char_4" CONTENT=" " GC="1.0"><Shape><Polygon POINTS="1760 946 1755 1109 1845 1111 1845 948"/></Shape></Glyph><Glyph ID="char_5" CONTENT="ב" GC="1.0"><Shape><Polygon POINTS="1727 945 1722 1108 1755 1109 1760 946"/></Shape></Glyph><Glyph ID="char_6" CONTENT="ר" GC="1.0"><Shape><Polygon POINTS="1647 941 1630 1103 1722 1108 1727 945"/></Shape></Glyph><Glyph ID="char_7" CONTENT="כ" GC="1.0"><Shape><Polygon POINTS="1569 930 1538 1087 1630 1103 1647 941"/></Shape></Glyph><Glyph ID="char_8" CONTENT=" " GC="1.0"><Shape><Polygon POINTS="1461 920 1464 1083 1538 1087 1569 930"/></Shape></Glyph></String>
          </TextLine>

          
          
          <TextLine ID="eSc_line_1790081" BASELINE="1350 1161 1454 1161 1598 1168 1905 1161 2309 1156" HPOS="1350.0" VPOS="1058.0" WIDTH="959.0" HEIGHT="175.0">
            <Shape><Polygon POINTS="1350 1063 1454 1063 1602 1070 1902 1063 2307 1058 2309 1221 1906 1226 1594 1233 1454 1226 1350 1226"/></Shape>
	    <String CONTENT=" ל כל ומב " HPOS="1350.0" VPOS="1058.0" WIDTH="959.0" HEIGHT="175.0"><Glyph ID="char_9" CONTENT=" " GC="1.0"><Shape><Polygon POINTS="2187 1059 2189 1222 2266 1222 2264 1059"/></Shape></Glyph><Glyph ID="char_10" CONTENT="ל" GC="1.0"><Shape><Polygon POINTS="2076 1061 2078 1224 2189 1222 2187 1059"/></Shape></Glyph><Glyph ID="char_11" CONTENT=" " GC="1.0"><Shape><Polygon POINTS="1977 1062 1979 1225 2078 1224 2076 1061"/></Shape></Glyph><Glyph ID="char_12" CONTENT="כ" GC="1.0"><Shape><Polygon POINTS="1933 1063 1935 1226 1979 1225 1977 1062"/></Shape></Glyph><Glyph ID="char_13" CONTENT="ל" GC="1.0"><Shape><Polygon POINTS="1800 1065 1803 1228 1935 1226 1933 1063"/></Shape></Glyph><Glyph ID="char_14" CONTENT=" " GC="1.0"><Shape><Polygon POINTS="1668 1068 1671 1231 1803 1228 1800 1065"/></Shape></Glyph><Glyph ID="char_15" CONTENT="ו" GC="1.0"><Shape><Polygon POINTS="1587 1069 1579 1232 1671 1231 1668 1068"/></Shape></Glyph><Glyph ID="char_16" CONTENT="מ" GC="1.0"><Shape><Polygon POINTS="1498 1065 1490 1228 1579 1232 1587 1069"/></Shape></Glyph><Glyph ID="char_17" CONTENT="ב" GC="1.0"><Shape><Polygon POINTS="1449 1063 1449 1226 1490 1228 1498 1065"/></Shape></Glyph><Glyph ID="char_18" CONTENT=" " GC="1.0"><Shape><Polygon POINTS="1383 1063 1383 1226 1449 1226 1449 1063"/></Shape></Glyph></String>
          </TextLine>

          
          
          <TextLine ID="eSc_line_1790082" BASELINE="1359 1314 1456 1330 1670 1330 1788 1339 1923 1355 2340 1341 2417 1334" HPOS="1348.0" VPOS="1217.0" WIDTH="1074.0" HEIGHT="202.0">
            <Shape><Polygon POINTS="1374 1217 1471 1233 1670 1232 1795 1241 1934 1257 2336 1243 2408 1236 2422 1398 2342 1406 1915 1419 1783 1404 1670 1395 1445 1394 1348 1378"/></Shape>
	    <String CONTENT=" טוב וב לשון ו " HPOS="1348.0" VPOS="1217.0" WIDTH="1074.0" HEIGHT="202.0"><Glyph ID="char_19" CONTENT=" " GC="1.0"><Shape><Polygon POINTS="2336 1243 2341 1406 2389 1401 2374 1239"/></Shape></Glyph><Glyph ID="char_20" CONTENT="ט" GC="1.0"><Shape><Polygon POINTS="2282 1245 2287 1408 2341 1406 2336 1243"/></Shape></Glyph><Glyph ID="char_21" CONTENT="ו" GC="1.0"><Shape><Polygon POINTS="2216 1247 2221 1410 2287 1408 2282 1245"/></Shape></Glyph><Glyph ID="char_22" CONTENT="ב" GC="1.0"><Shape><Polygon POINTS="2140 1250 2145 1412 2221 1410 2216 1247"/></Shape></Glyph><Glyph ID="char_23" CONTENT=" " GC="1.0"><Shape><Polygon POINTS="2074 1252 2079 1414 2145 1412 2140 1250"/></Shape></Glyph><Glyph ID="char_24" CONTENT="ו" GC="1.0"><Shape><Polygon POINTS="2030 1254 2035 1415 2079 1414 2074 1252"/></Shape></Glyph><Glyph ID="char_25" CONTENT="ב" GC="1.0"><Shape><Polygon POINTS="1914 1255 1895 1417 2035 1415 2030 1254"/></Shape></Glyph><Glyph ID="char_26" CONTENT=" " GC="1.0"><Shape><Polygon POINTS="1791 1241 1778 1404 1895 1417 1914 1255"/></Shape></Glyph><Glyph ID="char_27" CONTENT="ל" GC="1.0"><Shape><Polygon POINTS="1736 1237 1723 1399 1778 1404 1791 1241"/></Shape></Glyph><Glyph ID="char_28" CONTENT="ש" GC="1.0"><Shape><Polygon POINTS="1652 1232 1652 1395 1723 1399 1736 1237"/></Shape></Glyph><Glyph ID="char_29" CONTENT="ו" GC="1.0"><Shape><Polygon POINTS="1565 1233 1565 1395 1652 1395 1652 1232"/></Shape></Glyph><Glyph ID="char_30" CONTENT="ן" GC="1.0"><Shape><Polygon POINTS="1521 1233 1521 1394 1565 1395 1565 1233"/></Shape></Glyph><Glyph ID="char_31" CONTENT=" " GC="1.0"><Shape><Polygon POINTS="1466 1232 1466 1394 1521 1394 1521 1233"/></Shape></Glyph><Glyph ID="char_32" CONTENT="ו" GC="1.0"><Shape><Polygon POINTS="1418 1224 1390 1385 1466 1394 1466 1232"/></Shape></Glyph><Glyph ID="char_33" CONTENT=" " GC="1.0"><Shape><Polygon POINTS="1358 1313 1401 1320"/></Shape></Glyph></String>
          </TextLine>

          
          
          <TextLine ID="eSc_line_1790088" BASELINE="1012 1411 1346 1479 1418 1472 1537 1504 1664 1508 1840 1519 1900 1533 2302 1483 2444 1486" HPOS="998.0" VPOS="1315.0" WIDTH="1448.0" HEIGHT="281.0">
            <Shape><Polygon POINTS="1031 1315 1365 1383 1408 1374 1562 1409 1667 1410 1846 1421 1922 1437 2289 1385 2446 1388 2442 1551 2310 1547 1885 1596 1835 1584 1661 1573 1520 1566 1424 1536 1332 1542 998 1474"/></Shape>
	    <String CONTENT=" ל ם במו " HPOS="998.0" VPOS="1315.0" WIDTH="1448.0" HEIGHT="281.0"><Glyph ID="char_34" CONTENT=" " GC="1.0"><Shape><Polygon POINTS="2147 1405 2167 1563 2310 1547 2313 1385"/></Shape></Glyph><Glyph ID="char_35" CONTENT="ל" GC="1.0"><Shape><Polygon POINTS="1951 1433 1970 1586 2167 1563 2147 1405"/></Shape></Glyph><Glyph ID="char_36" CONTENT=" " GC="1.0"><Shape><Polygon POINTS="1686 1411 1676 1574 1970 1586 1951 1433"/></Shape></Glyph><Glyph ID="char_37" CONTENT="ם" GC="1.0"><Shape><Polygon POINTS="1541 1404 1535 1567 1676 1574 1686 1411"/></Shape></Glyph><Glyph ID="char_38" CONTENT=" " GC="1.0"><Shape><Polygon POINTS="1488 1392 1447 1543 1535 1567 1541 1404"/></Shape></Glyph><Glyph ID="char_39" CONTENT="ב" GC="1.0"><Shape><Polygon POINTS="1379 1380 1394 1538 1447 1543 1488 1392"/></Shape></Glyph><Glyph ID="char_40" CONTENT="מ" GC="1.0"><Shape><Polygon POINTS="1331 1376 1299 1535 1394 1538 1379 1380"/></Shape></Glyph><Glyph ID="char_41" CONTENT="ו" GC="1.0"><Shape><Polygon POINTS="1214 1352 1181 1511 1299 1535 1331 1376"/></Shape></Glyph><Glyph ID="char_42" CONTENT=" " GC="1.0"><Shape><Polygon POINTS="1074 1324 1041 1483 1181 1511 1214 1352"/></Shape></Glyph></String>
          </TextLine>

          
          
          <TextLine ID="eSc_line_1790087" BASELINE="1204 1641 1625 1673" HPOS="1199.0" VPOS="1543.0" WIDTH="433.0" HEIGHT="195.0">
            <Shape><Polygon POINTS="1211 1543 1632 1575 1620 1738 1199 1706"/></Shape>
	    <String CONTENT=" " HPOS="1199.0" VPOS="1543.0" WIDTH="433.0" HEIGHT="195.0"><Glyph ID="char_43" CONTENT=" " GC="1.0"><Shape><Polygon POINTS="1333 1552 1320 1715 1543 1732 1556 1569"/></Shape></Glyph></String>
          </TextLine>

          
        </TextBlock>
        

        
      </PrintSpace>
    </Page>
  </Layout>
</alto>