<?xml version='1.0' encoding='UTF-8'?>
<alto xmlns:xsi="http://www.w3.org/2001/XMLSchema-instance" xmlns="http://www.loc.gov/standards/alto/ns-v4#" xsi:schemaLocation="http://www.loc.gov/standards/alto/ns-v4# http://www.loc.gov/standards/alto/v4/alto-4-2.xsd">
  <Description>
    <MeasurementUnit>pixel</MeasurementUnit>
    <sourceImageInformation>
      <fileName>P479-Fg010-R-C01-R01-D22082013-T111152-LR924_012.jpg</fileName>
      
    </sourceImageInformation>
  </Description>
  
  <Tags>
    <OtherTag ID="BT1443" LABEL="Parchment_or_papyrus" DESCRIPTION="block type Parchment_or_papyrus"/><OtherTag ID="BT2" LABEL="Main" DESCRIPTION="block type Main"/>
    
  </Tags>
  
  <Layout>
    <Page WIDTH="3608" HEIGHT="2706" PHYSICAL_IMG_NR="354" ID="eSc_dummypage_">
      <PrintSpace HPOS="0" VPOS="0" WIDTH="3608" HEIGHT="2706">
        
        <TextBlock HPOS="178.0" VPOS="681.0" WIDTH="2816.0" HEIGHT="1462.0" ID="eSc_textblock_c1725e47" TAGREFS="BT2">
          <Shape><Polygon POINTS="178 681 178 2143 2994 2143 2994 681"/></Shape>
          
          
          <TextLine ID="eSc_line_1790072" BASELINE="304 856 396 863 597 809 1127 786 1347 788" HPOS="298.0" VPOS="679.0" WIDTH="1049.0" HEIGHT="254.0">
            <Shape><Polygon POINTS="312 749 404 756 569 705 1122 679 1347 681 1346 859 1130 857 615 877 390 933 298 926"/></Shape>
	    <String CONTENT=" יורדים " HPOS="298.0" VPOS="679.0" WIDTH="1049.0" HEIGHT="254.0"><Glyph ID="char_0" CONTENT=" " GC="1.0"><Shape><Polygon POINTS="1216 680 1214 858 1297 859 1299 681"/></Shape></Glyph><Glyph ID="char_1" CONTENT="י" GC="1.0"><Shape><Polygon POINTS="1132 679 1130 857 1214 858 1216 680"/></Shape></Glyph><Glyph ID="char_2" CONTENT="ו" GC="1.0"><Shape><Polygon POINTS="1030 683 1038 861 1130 857 1132 679"/></Shape></Glyph><Glyph ID="char_3" CONTENT="ר" GC="1.0"><Shape><Polygon POINTS="972 686 979 863 1038 861 1030 683"/></Shape></Glyph><Glyph ID="char_4" CONTENT="ד" GC="1.0"><Shape><Polygon POINTS="936 688 943 864 979 863 972 686"/></Shape></Glyph><Glyph ID="char_5" CONTENT="י" GC="1.0"><Shape><Polygon POINTS="864 691 871 867 943 864 936 688"/></Shape></Glyph><Glyph ID="char_6" CONTENT="ם" GC="1.0"><Shape><Polygon POINTS="793 694 800 870 871 867 864 691"/></Shape></Glyph><Glyph ID="char_7" CONTENT=" " GC="1.0"><Shape><Polygon POINTS="486 731 531 898 800 870 793 694"/></Shape></Glyph></String>
          </TextLine>

          
          
          <TextLine ID="eSc_line_1790064" BASELINE="225 1014 351 1010 482 996 669 992 762 985 1030 987 1222 983 1298 987" HPOS="221.0" VPOS="876.0" WIDTH="1082.0" HEIGHT="209.0">
            <Shape><Polygon POINTS="221 907 347 903 470 889 666 885 753 878 1030 880 1219 876 1303 880 1294 1058 1223 1054 1029 1058 767 1055 670 1063 489 1066 353 1081 227 1085"/></Shape>
	    <String CONTENT=" היורדים עמדו " HPOS="221.0" VPOS="876.0" WIDTH="1082.0" HEIGHT="209.0"><Glyph ID="char_8" CONTENT=" " GC="1.0"><Shape><Polygon POINTS="1188 877 1191 1055 1269 1057 1278 879"/></Shape></Glyph><Glyph ID="char_9" CONTENT="ה" GC="1.0"><Shape><Polygon POINTS="1104 878 1107 1056 1191 1055 1188 877"/></Shape></Glyph><Glyph ID="char_10" CONTENT="י" GC="1.0"><Shape><Polygon POINTS="1068 879 1071 1057 1107 1056 1104 878"/></Shape></Glyph><Glyph ID="char_11" CONTENT="ו" GC="1.0"><Shape><Polygon POINTS="1032 880 1035 1058 1071 1057 1068 879"/></Shape></Glyph><Glyph ID="char_12" CONTENT="ר" GC="1.0"><Shape><Polygon POINTS="976 880 974 1057 1035 1058 1032 880"/></Shape></Glyph><Glyph ID="char_13" CONTENT="ד" GC="1.0"><Shape><Polygon POINTS="904 879 902 1057 974 1057 976 880"/></Shape></Glyph><Glyph ID="char_14" CONTENT="י" GC="1.0"><Shape><Polygon POINTS="845 879 843 1056 902 1057 904 879"/></Shape></Glyph><Glyph ID="char_15" CONTENT="ם" GC="1.0"><Shape><Polygon POINTS="785 878 783 1055 843 1056 845 879"/></Shape></Glyph><Glyph ID="char_16" CONTENT=" " GC="1.0"><Shape><Polygon POINTS="704 882 717 1059 783 1055 785 878"/></Shape></Glyph><Glyph ID="char_17" CONTENT="ע" GC="1.0"><Shape><Polygon POINTS="615 886 619 1064 717 1059 704 882"/></Shape></Glyph><Glyph ID="char_18" CONTENT="מ" GC="1.0"><Shape><Polygon POINTS="531 888 535 1065 619 1064 615 886"/></Shape></Glyph><Glyph ID="char_19" CONTENT="ד" GC="1.0"><Shape><Polygon POINTS="403 897 422 1073 535 1065 531 888"/></Shape></Glyph><Glyph ID="char_20" CONTENT="ו" GC="1.0"><Shape><Polygon POINTS="305 904 310 1082 422 1073 403 897"/></Shape></Glyph><Glyph ID="char_21" CONTENT=" " GC="1.0"><Shape><Polygon POINTS="245 906 250 1084 310 1082 305 904"/></Shape></Glyph></String>
          </TextLine>

          
          
          <TextLine ID="eSc_line_1790065" BASELINE="268 1161 378 1168 568 1168 892 1159 1010 1159 1156 1152 1213 1152 1368 1161" HPOS="263.0" VPOS="1045.0" WIDTH="1111.0" HEIGHT="194.0">
            <Shape><Polygon POINTS="274 1054 384 1061 568 1061 889 1052 1010 1052 1150 1045 1213 1045 1374 1054 1363 1232 1213 1223 1159 1223 1010 1230 893 1230 568 1239 373 1239 263 1232"/></Shape>
	    <String CONTENT=" רו ביבשה בחדש" HPOS="263.0" VPOS="1045.0" WIDTH="1111.0" HEIGHT="194.0"><Glyph ID="char_22" CONTENT=" " GC="1.0"><Shape><Polygon POINTS="1278 1049 1267 1226 1339 1231 1349 1053"/></Shape></Glyph><Glyph ID="char_23" CONTENT="ר" GC="1.0"><Shape><Polygon POINTS="1199 1045 1199 1223 1267 1226 1278 1049"/></Shape></Glyph><Glyph ID="char_24" CONTENT="ו" GC="1.0"><Shape><Polygon POINTS="1147 1045 1156 1223 1199 1223 1199 1045"/></Shape></Glyph><Glyph ID="char_25" CONTENT=" " GC="1.0"><Shape><Polygon POINTS="1099 1048 1108 1225 1156 1223 1147 1045"/></Shape></Glyph><Glyph ID="char_26" CONTENT="ב" GC="1.0"><Shape><Polygon POINTS="1039 1051 1048 1228 1108 1225 1099 1048"/></Shape></Glyph><Glyph ID="char_27" CONTENT="י" GC="1.0"><Shape><Polygon POINTS="973 1052 973 1230 1048 1228 1039 1051"/></Shape></Glyph><Glyph ID="char_28" CONTENT="ב" GC="1.0"><Shape><Polygon POINTS="901 1052 901 1230 973 1230 973 1052"/></Shape></Glyph><Glyph ID="char_29" CONTENT="ש" GC="1.0"><Shape><Polygon POINTS="814 1054 819 1232 901 1230 901 1052"/></Shape></Glyph><Glyph ID="char_30" CONTENT="ה" GC="1.0"><Shape><Polygon POINTS="719 1057 724 1235 819 1232 814 1054"/></Shape></Glyph><Glyph ID="char_31" CONTENT=" " GC="1.0"><Shape><Polygon POINTS="659 1058 664 1236 724 1235 719 1057"/></Shape></Glyph><Glyph ID="char_32" CONTENT="ב" GC="1.0"><Shape><Polygon POINTS="587 1060 592 1238 664 1236 659 1058"/></Shape></Glyph><Glyph ID="char_33" CONTENT="ח" GC="1.0"><Shape><Polygon POINTS="506 1061 506 1239 592 1238 587 1060"/></Shape></Glyph><Glyph ID="char_34" CONTENT="ד" GC="1.0"><Shape><Polygon POINTS="435 1061 435 1239 506 1239 506 1061"/></Shape></Glyph><Glyph ID="char_35" CONTENT="ש" GC="1.0"><Shape><Polygon POINTS="335 1058 322 1236 435 1239 435 1061"/></Shape></Glyph></String>
          </TextLine>

          
          
          <TextLine ID="eSc_line_1790066" BASELINE="193 1346 423 1341 660 1325 1156 1321 1289 1312 1371 1314 1447 1330 1630 1334 2530 1380 2665 1386" HPOS="190.0" VPOS="1205.0" WIDTH="2479.0" HEIGHT="252.0">
            <Shape><Polygon POINTS="190 1239 420 1234 652 1218 1155 1214 1281 1205 1373 1207 1469 1225 1632 1227 2535 1273 2669 1279 2661 1457 2526 1451 1628 1405 1432 1399 1369 1385 1293 1383 1156 1392 664 1396 424 1412 194 1417"/></Shape>
	    <String CONTENT=" ון בשנת ה בעים שנה לצאתם מא " HPOS="190.0" VPOS="1205.0" WIDTH="2479.0" HEIGHT="252.0"><Glyph ID="char_36" CONTENT=" " GC="1.0"><Shape><Polygon POINTS="2585 1275 2577 1453 2637 1456 2645 1278"/></Shape></Glyph><Glyph ID="char_37" CONTENT="ו" GC="1.0"><Shape><Polygon POINTS="2549 1274 2541 1452 2577 1453 2585 1275"/></Shape></Glyph><Glyph ID="char_38" CONTENT="ן" GC="1.0"><Shape><Polygon POINTS="2491 1271 2482 1449 2541 1452 2549 1274"/></Shape></Glyph><Glyph ID="char_39" CONTENT=" " GC="1.0"><Shape><Polygon POINTS="2431 1268 2422 1446 2482 1449 2491 1271"/></Shape></Glyph><Glyph ID="char_40" CONTENT="ב" GC="1.0"><Shape><Polygon POINTS="2347 1263 2338 1441 2422 1446 2431 1268"/></Shape></Glyph><Glyph ID="char_41" CONTENT="ש" GC="1.0"><Shape><Polygon POINTS="2251 1259 2242 1436 2338 1441 2347 1263"/></Shape></Glyph><Glyph ID="char_42" CONTENT="נ" GC="1.0"><Shape><Polygon POINTS="2180 1255 2171 1433 2242 1436 2251 1259"/></Shape></Glyph><Glyph ID="char_43" CONTENT="ת" GC="1.0"><Shape><Polygon POINTS="2132 1252 2123 1430 2171 1433 2180 1255"/></Shape></Glyph><Glyph ID="char_44" CONTENT=" " GC="1.0"><Shape><Polygon POINTS="2072 1249 2063 1427 2123 1430 2132 1252"/></Shape></Glyph><Glyph ID="char_45" CONTENT="ה" GC="1.0"><Shape><Polygon POINTS="1858 1238 1848 1416 2063 1427 2072 1249"/></Shape></Glyph><Glyph ID="char_46" CONTENT=" " GC="1.0"><Shape><Polygon POINTS="1544 1226 1540 1402 1848 1416 1858 1238"/></Shape></Glyph><Glyph ID="char_47" CONTENT="ב" GC="1.0"><Shape><Polygon POINTS="1397 1211 1360 1385 1540 1402 1544 1226"/></Shape></Glyph><Glyph ID="char_48" CONTENT="ע" GC="1.0"><Shape><Polygon POINTS="1306 1206 1301 1383 1360 1385 1397 1211"/></Shape></Glyph><Glyph ID="char_49" CONTENT="י" GC="1.0"><Shape><Polygon POINTS="1225 1209 1237 1387 1301 1383 1306 1206"/></Shape></Glyph><Glyph ID="char_50" CONTENT="ם" GC="1.0"><Shape><Polygon POINTS="1165 1213 1177 1391 1237 1387 1225 1209"/></Shape></Glyph><Glyph ID="char_51" CONTENT=" " GC="1.0"><Shape><Polygon POINTS="1112 1214 1113 1392 1177 1391 1165 1213"/></Shape></Glyph><Glyph ID="char_52" CONTENT="ש" GC="1.0"><Shape><Polygon POINTS="1040 1215 1041 1393 1113 1392 1112 1214"/></Shape></Glyph><Glyph ID="char_53" CONTENT="נ" GC="1.0"><Shape><Polygon POINTS="945 1216 946 1394 1041 1393 1040 1215"/></Shape></Glyph><Glyph ID="char_54" CONTENT="ה" GC="1.0"><Shape><Polygon POINTS="873 1216 874 1394 946 1394 945 1216"/></Shape></Glyph><Glyph ID="char_55" CONTENT=" " GC="1.0"><Shape><Polygon POINTS="813 1217 814 1395 874 1394 873 1216"/></Shape></Glyph><Glyph ID="char_56" CONTENT="ל" GC="1.0"><Shape><Polygon POINTS="741 1217 742 1395 814 1395 813 1217"/></Shape></Glyph><Glyph ID="char_57" CONTENT="צ" GC="1.0"><Shape><Polygon POINTS="651 1218 663 1396 742 1395 741 1217"/></Shape></Glyph><Glyph ID="char_58" CONTENT="א" GC="1.0"><Shape><Polygon POINTS="567 1224 579 1402 663 1396 651 1218"/></Shape></Glyph><Glyph ID="char_59" CONTENT="ת" GC="1.0"><Shape><Polygon POINTS="472 1230 484 1408 579 1402 567 1224"/></Shape></Glyph><Glyph ID="char_60" CONTENT="ם" GC="1.0"><Shape><Polygon POINTS="417 1234 420 1412 484 1408 472 1230"/></Shape></Glyph><Glyph ID="char_61" CONTENT=" " GC="1.0"><Shape><Polygon POINTS="381 1235 384 1413 420 1412 417 1234"/></Shape></Glyph><Glyph ID="char_62" CONTENT="מ" GC="1.0"><Shape><Polygon POINTS="334 1236 338 1414 384 1413 381 1235"/></Shape></Glyph><Glyph ID="char_63" CONTENT="א" GC="1.0"><Shape><Polygon POINTS="250 1238 254 1416 338 1414 334 1236"/></Shape></Glyph><Glyph ID="char_64" CONTENT=" " GC="1.0"><Shape><Polygon POINTS="192 1346 251 1344"/></Shape></Glyph></String>
          </TextLine>

          
          
          <TextLine ID="eSc_line_1790068" BASELINE="189 1510 593 1510 818 1495 1170 1490 1418 1492 1607 1490 1758 1481 1912 1483 1961 1555 2083 1553 2284 1564 2421 1562 2541 1567 2764 1583 2827 1580 2931 1567" HPOS="189.0" VPOS="1374.0" WIDTH="2750.0" HEIGHT="280.0">
            <Shape><Polygon POINTS="189 1403 593 1403 810 1388 1168 1383 1418 1385 1605 1383 1751 1374 1913 1376 2049 1494 2081 1446 2289 1457 2419 1455 2545 1460 2771 1476 2821 1473 2917 1461 2939 1637 2830 1651 2758 1654 2538 1638 2422 1633 2280 1635 2084 1624 1902 1595 1911 1554 1762 1552 1607 1561 1417 1563 1171 1561 822 1566 593 1581 189 1581"/></Shape>
	    <String CONTENT=" רים הי השנה ליובלים לתחלת ביאתם לארץ" HPOS="189.0" VPOS="1374.0" WIDTH="2750.0" HEIGHT="280.0"><Glyph ID="char_65" CONTENT=" " GC="1.0"><Shape><Polygon POINTS="2749 1474 2736 1652 2869 1646 2846 1470"/></Shape></Glyph><Glyph ID="char_66" CONTENT="ר" GC="1.0"><Shape><Polygon POINTS="2689 1470 2676 1648 2736 1652 2749 1474"/></Shape></Glyph><Glyph ID="char_67" CONTENT="י" GC="1.0"><Shape><Polygon POINTS="2617 1465 2604 1643 2676 1648 2689 1470"/></Shape></Glyph><Glyph ID="char_68" CONTENT="ם" GC="1.0"><Shape><Polygon POINTS="2543 1460 2536 1638 2604 1643 2617 1465"/></Shape></Glyph><Glyph ID="char_69" CONTENT=" " GC="1.0"><Shape><Polygon POINTS="2471 1457 2464 1635 2536 1638 2543 1460"/></Shape></Glyph><Glyph ID="char_70" CONTENT="ה" GC="1.0"><Shape><Polygon POINTS="2382 1456 2385 1634 2464 1635 2471 1457"/></Shape></Glyph><Glyph ID="char_71" CONTENT="י" GC="1.0"><Shape><Polygon POINTS="2298 1457 2301 1635 2385 1634 2382 1456"/></Shape></Glyph><Glyph ID="char_72" CONTENT=" " GC="1.0"><Shape><Polygon POINTS="2222 1453 2212 1631 2301 1635 2298 1457"/></Shape></Glyph><Glyph ID="char_73" CONTENT="ה" GC="1.0"><Shape><Polygon POINTS="2151 1450 2141 1627 2212 1631 2222 1453"/></Shape></Glyph><Glyph ID="char_74" CONTENT="ש" GC="1.0"><Shape><Polygon POINTS="2048 1493 2050 1619 2141 1627 2151 1450"/></Shape></Glyph><Glyph ID="char_75" CONTENT="נ" GC="1.0"><Shape><Polygon POINTS="2007 1457 1866 1553 2050 1619 2048 1493"/></Shape></Glyph><Glyph ID="char_76" CONTENT="ה" GC="1.0"><Shape><Polygon POINTS="1802 1375 1799 1553 1866 1553 2007 1457"/></Shape></Glyph><Glyph ID="char_77" CONTENT=" " GC="1.0"><Shape><Polygon POINTS="1735 1375 1745 1553 1799 1553 1802 1375"/></Shape></Glyph><Glyph ID="char_78" CONTENT="ל" GC="1.0"><Shape><Polygon POINTS="1675 1379 1686 1556 1745 1553 1735 1375"/></Shape></Glyph><Glyph ID="char_79" CONTENT="י" GC="1.0"><Shape><Polygon POINTS="1627 1382 1638 1559 1686 1556 1675 1379"/></Shape></Glyph><Glyph ID="char_80" CONTENT="ו" GC="1.0"><Shape><Polygon POINTS="1573 1383 1575 1561 1638 1559 1627 1382"/></Shape></Glyph><Glyph ID="char_81" CONTENT="ב" GC="1.0"><Shape><Polygon POINTS="1501 1384 1503 1562 1575 1561 1573 1383"/></Shape></Glyph><Glyph ID="char_82" CONTENT="ל" GC="1.0"><Shape><Polygon POINTS="1429 1385 1431 1563 1503 1562 1501 1384"/></Shape></Glyph><Glyph ID="char_83" CONTENT="י" GC="1.0"><Shape><Polygon POINTS="1360 1385 1359 1563 1431 1563 1429 1385"/></Shape></Glyph><Glyph ID="char_84" CONTENT="ם" GC="1.0"><Shape><Polygon POINTS="1288 1384 1287 1562 1359 1563 1360 1385"/></Shape></Glyph><Glyph ID="char_85" CONTENT=" " GC="1.0"><Shape><Polygon POINTS="1252 1384 1251 1562 1287 1562 1288 1384"/></Shape></Glyph><Glyph ID="char_86" CONTENT="ל" GC="1.0"><Shape><Polygon POINTS="1180 1383 1179 1561 1251 1562 1252 1384"/></Shape></Glyph><Glyph ID="char_87" CONTENT="ת" GC="1.0"><Shape><Polygon POINTS="1107 1384 1109 1562 1179 1561 1180 1383"/></Shape></Glyph><Glyph ID="char_88" CONTENT="ח" GC="1.0"><Shape><Polygon POINTS="1023 1385 1025 1563 1109 1562 1107 1384"/></Shape></Glyph><Glyph ID="char_89" CONTENT="ל" GC="1.0"><Shape><Polygon POINTS="951 1386 953 1564 1025 1563 1023 1385"/></Shape></Glyph><Glyph ID="char_90" CONTENT="ת" GC="1.0"><Shape><Polygon POINTS="892 1387 895 1565 953 1564 951 1386"/></Shape></Glyph><Glyph ID="char_91" CONTENT=" " GC="1.0"><Shape><Polygon POINTS="832 1388 835 1566 895 1565 892 1387"/></Shape></Glyph><Glyph ID="char_92" CONTENT="ב" GC="1.0"><Shape><Polygon POINTS="754 1392 766 1570 835 1566 832 1388"/></Shape></Glyph><Glyph ID="char_93" CONTENT="י" GC="1.0"><Shape><Polygon POINTS="696 1396 707 1574 766 1570 754 1392"/></Shape></Glyph><Glyph ID="char_94" CONTENT="א" GC="1.0"><Shape><Polygon POINTS="612 1402 624 1579 707 1574 696 1396"/></Shape></Glyph><Glyph ID="char_95" CONTENT="ת" GC="1.0"><Shape><Polygon POINTS="523 1403 523 1581 624 1579 612 1402"/></Shape></Glyph><Glyph ID="char_96" CONTENT="ם" GC="1.0"><Shape><Polygon POINTS="464 1403 464 1581 523 1581 523 1403"/></Shape></Glyph><Glyph ID="char_97" CONTENT=" " GC="1.0"><Shape><Polygon POINTS="428 1403 428 1581 464 1581 464 1403"/></Shape></Glyph><Glyph ID="char_98" CONTENT="ל" GC="1.0"><Shape><Polygon POINTS="380 1403 380 1581 428 1581 428 1403"/></Shape></Glyph><Glyph ID="char_99" CONTENT="א" GC="1.0"><Shape><Polygon POINTS="320 1403 320 1581 380 1581 380 1403"/></Shape></Glyph><Glyph ID="char_100" CONTENT="ר" GC="1.0"><Shape><Polygon POINTS="225 1403 225 1581 320 1581 320 1403"/></Shape></Glyph><Glyph ID="char_101" CONTENT="ץ" GC="1.0"><Shape><Polygon POINTS="189 1403 189 1581 225 1581 225 1403"/></Shape></Glyph></String>
          </TextLine>

          
          
          <TextLine ID="eSc_line_1790069" BASELINE="250 1686 604 1682 949 1686 1213 1679 1321 1677 1407 1682 1646 1655 1912 1655 1988 1718 2065 1729 2245 1736 2527 1754 2633 1754 2816 1743 2881 1743 2958 1752" HPOS="248.0" VPOS="1548.0" WIDTH="2722.0" HEIGHT="277.0">
            <Shape><Polygon POINTS="248 1579 602 1575 950 1579 1210 1572 1319 1570 1413 1575 1634 1548 1912 1548 2056 1635 2080 1623 2249 1629 2533 1647 2633 1647 2809 1636 2881 1636 2970 1645 2949 1822 2881 1814 2820 1814 2633 1825 2522 1825 2242 1807 2054 1799 1942 1772 1912 1726 1653 1725 1402 1753 1322 1748 1214 1750 948 1757 604 1753 250 1757"/></Shape>
	    <String CONTENT=" נ ן והיורדן ם א מ על כל גדותיו ושוטף" HPOS="248.0" VPOS="1548.0" WIDTH="2722.0" HEIGHT="277.0"><Glyph ID="char_102" CONTENT=" " GC="1.0"><Shape><Polygon POINTS="2850 1636 2850 1814 2913 1818 2934 1641"/></Shape></Glyph><Glyph ID="char_103" CONTENT="נ" GC="1.0"><Shape><Polygon POINTS="2772 1638 2783 1816 2850 1814 2850 1636"/></Shape></Glyph><Glyph ID="char_104" CONTENT=" " GC="1.0"><Shape><Polygon POINTS="2664 1645 2675 1823 2783 1816 2772 1638"/></Shape></Glyph><Glyph ID="char_105" CONTENT="ן" GC="1.0"><Shape><Polygon POINTS="2624 1647 2624 1825 2675 1823 2664 1645"/></Shape></Glyph><Glyph ID="char_106" CONTENT=" " GC="1.0"><Shape><Polygon POINTS="2600 1647 2600 1825 2624 1825 2624 1647"/></Shape></Glyph><Glyph ID="char_107" CONTENT="ו" GC="1.0"><Shape><Polygon POINTS="2528 1647 2528 1825 2600 1825 2600 1647"/></Shape></Glyph><Glyph ID="char_108" CONTENT="ה" GC="1.0"><Shape><Polygon POINTS="2356 1636 2345 1814 2528 1825 2528 1647"/></Shape></Glyph><Glyph ID="char_109" CONTENT="י" GC="1.0"><Shape><Polygon POINTS="2187 1627 2180 1804 2345 1814 2356 1636"/></Shape></Glyph><Glyph ID="char_110" CONTENT="ו" GC="1.0"><Shape><Polygon POINTS="2115 1624 2108 1801 2180 1804 2187 1627"/></Shape></Glyph><Glyph ID="char_111" CONTENT="ר" GC="1.0"><Shape><Polygon POINTS="2078 1624 2053 1799 2108 1801 2115 1624"/></Shape></Glyph><Glyph ID="char_112" CONTENT="ד" GC="1.0"><Shape><Polygon POINTS="2020 1613 1995 1785 2053 1799 2078 1624"/></Shape></Glyph><Glyph ID="char_113" CONTENT="ן" GC="1.0"><Shape><Polygon POINTS="2019 1613 1918 1735 1995 1785 2020 1613"/></Shape></Glyph><Glyph ID="char_114" CONTENT=" " GC="1.0"><Shape><Polygon POINTS="1883 1548 1883 1726 1918 1735 2019 1613"/></Shape></Glyph><Glyph ID="char_115" CONTENT="ם" GC="1.0"><Shape><Polygon POINTS="1800 1548 1800 1726 1883 1726 1883 1548"/></Shape></Glyph><Glyph ID="char_116" CONTENT=" " GC="1.0"><Shape><Polygon POINTS="1752 1548 1752 1725 1800 1726 1800 1548"/></Shape></Glyph><Glyph ID="char_117" CONTENT="א" GC="1.0"><Shape><Polygon POINTS="1656 1548 1656 1725 1752 1725 1752 1548"/></Shape></Glyph><Glyph ID="char_118" CONTENT=" " GC="1.0"><Shape><Polygon POINTS="1550 1558 1570 1734 1656 1725 1656 1548"/></Shape></Glyph><Glyph ID="char_119" CONTENT="מ" GC="1.0"><Shape><Polygon POINTS="1526 1561 1546 1737 1570 1734 1550 1558"/></Shape></Glyph><Glyph ID="char_120" CONTENT=" " GC="1.0"><Shape><Polygon POINTS="1478 1567 1498 1742 1546 1737 1526 1561"/></Shape></Glyph><Glyph ID="char_121" CONTENT="ע" GC="1.0"><Shape><Polygon POINTS="1419 1574 1438 1749 1498 1742 1478 1567"/></Shape></Glyph><Glyph ID="char_122" CONTENT="ל" GC="1.0"><Shape><Polygon POINTS="1402 1574 1392 1752 1438 1749 1419 1574"/></Shape></Glyph><Glyph ID="char_123" CONTENT=" " GC="1.0"><Shape><Polygon POINTS="1354 1572 1344 1749 1392 1752 1402 1574"/></Shape></Glyph><Glyph ID="char_124" CONTENT="כ" GC="1.0"><Shape><Polygon POINTS="1262 1571 1265 1749 1344 1749 1354 1572"/></Shape></Glyph><Glyph ID="char_125" CONTENT="ל" GC="1.0"><Shape><Polygon POINTS="1201 1572 1206 1750 1265 1749 1262 1571"/></Shape></Glyph><Glyph ID="char_126" CONTENT=" " GC="1.0"><Shape><Polygon POINTS="1130 1574 1135 1752 1206 1750 1201 1572"/></Shape></Glyph><Glyph ID="char_127" CONTENT="ג" GC="1.0"><Shape><Polygon POINTS="1046 1576 1051 1754 1135 1752 1130 1574"/></Shape></Glyph><Glyph ID="char_128" CONTENT="ד" GC="1.0"><Shape><Polygon POINTS="975 1578 980 1756 1051 1754 1046 1576"/></Shape></Glyph><Glyph ID="char_129" CONTENT="ו" GC="1.0"><Shape><Polygon POINTS="919 1579 917 1757 980 1756 975 1578"/></Shape></Glyph><Glyph ID="char_130" CONTENT="ת" GC="1.0"><Shape><Polygon POINTS="859 1578 857 1756 917 1757 919 1579"/></Shape></Glyph><Glyph ID="char_131" CONTENT="י" GC="1.0"><Shape><Polygon POINTS="799 1577 797 1755 857 1756 859 1578"/></Shape></Glyph><Glyph ID="char_132" CONTENT="ו" GC="1.0"><Shape><Polygon POINTS="740 1577 738 1755 797 1755 799 1577"/></Shape></Glyph><Glyph ID="char_133" CONTENT=" " GC="1.0"><Shape><Polygon POINTS="680 1576 678 1754 738 1755 740 1577"/></Shape></Glyph><Glyph ID="char_134" CONTENT="ו" GC="1.0"><Shape><Polygon POINTS="632 1575 630 1753 678 1754 680 1576"/></Shape></Glyph><Glyph ID="char_135" CONTENT="ש" GC="1.0"><Shape><Polygon POINTS="559 1575 561 1753 630 1753 632 1575"/></Shape></Glyph><Glyph ID="char_136" CONTENT="ו" GC="1.0"><Shape><Polygon POINTS="475 1576 477 1754 561 1753 559 1575"/></Shape></Glyph><Glyph ID="char_137" CONTENT="ט" GC="1.0"><Shape><Polygon POINTS="391 1577 393 1755 477 1754 475 1576"/></Shape></Glyph><Glyph ID="char_138" CONTENT="ף" GC="1.0"><Shape><Polygon POINTS="284 1579 286 1757 393 1755 391 1577"/></Shape></Glyph></String>
          </TextLine>

          
          
          <TextLine ID="eSc_line_1790060" BASELINE="187 1891 509 1871 775 1864 1035 1867 1179 1860 1323 1869 1413 1869 1551 1858 1612 1858 1675 1860 1975 1912 2052 1909 2534 1934 2920 1930" HPOS="180.0" VPOS="1751.0" WIDTH="2740.0" HEIGHT="254.0">
            <Shape><Polygon POINTS="180 1784 502 1764 772 1757 1036 1760 1173 1753 1329 1762 1413 1762 1542 1751 1612 1751 1678 1753 1993 1806 2047 1802 2539 1827 2918 1823 2920 2001 2530 2005 2054 1980 1962 1982 1672 1931 1612 1929 1556 1928 1413 1940 1318 1940 1182 1931 1034 1938 776 1935 513 1942 191 1962"/></Shape>
	    <String CONTENT=" ימיו החדש ה י עד ש קציר חטים" HPOS="180.0" VPOS="1751.0" WIDTH="2740.0" HEIGHT="254.0"><Glyph ID="char_139" CONTENT=" " GC="1.0"><Shape><Polygon POINTS="2774 1825 2776 2002 2884 2001 2882 1823"/></Shape></Glyph><Glyph ID="char_140" CONTENT="י" GC="1.0"><Shape><Polygon POINTS="2679 1826 2681 2003 2776 2002 2774 1825"/></Shape></Glyph><Glyph ID="char_141" CONTENT="מ" GC="1.0"><Shape><Polygon POINTS="2595 1826 2597 2004 2681 2003 2679 1826"/></Shape></Glyph><Glyph ID="char_142" CONTENT="י" GC="1.0"><Shape><Polygon POINTS="2535 1827 2537 2005 2597 2004 2595 1826"/></Shape></Glyph><Glyph ID="char_143" CONTENT="ו" GC="1.0"><Shape><Polygon POINTS="2387 1819 2378 1997 2537 2005 2535 1827"/></Shape></Glyph><Glyph ID="char_144" CONTENT=" " GC="1.0"><Shape><Polygon POINTS="2219 1811 2210 1988 2378 1997 2387 1819"/></Shape></Glyph><Glyph ID="char_145" CONTENT="ה" GC="1.0"><Shape><Polygon POINTS="2159 1808 2150 1985 2210 1988 2219 1811"/></Shape></Glyph><Glyph ID="char_146" CONTENT="ח" GC="1.0"><Shape><Polygon POINTS="2099 1805 2090 1982 2150 1985 2159 1808"/></Shape></Glyph><Glyph ID="char_147" CONTENT="ד" GC="1.0"><Shape><Polygon POINTS="1993 1806 1963 1982 2090 1982 2099 1805"/></Shape></Glyph><Glyph ID="char_148" CONTENT="ש" GC="1.0"><Shape><Polygon POINTS="1863 1784 1833 1959 1963 1982 1993 1806"/></Shape></Glyph><Glyph ID="char_149" CONTENT=" " GC="1.0"><Shape><Polygon POINTS="1780 1770 1750 1945 1833 1959 1863 1784"/></Shape></Glyph><Glyph ID="char_150" CONTENT="ה" GC="1.0"><Shape><Polygon POINTS="1710 1758 1680 1932 1750 1945 1780 1770"/></Shape></Glyph><Glyph ID="char_151" CONTENT=" " GC="1.0"><Shape><Polygon POINTS="1468 1757 1482 1934 1680 1932 1710 1758"/></Shape></Glyph><Glyph ID="char_152" CONTENT="י" GC="1.0"><Shape><Polygon POINTS="1281 1759 1269 1937 1482 1934 1468 1757"/></Shape></Glyph><Glyph ID="char_153" CONTENT=" " GC="1.0"><Shape><Polygon POINTS="1221 1756 1210 1933 1269 1937 1281 1759"/></Shape></Glyph><Glyph ID="char_154" CONTENT="ע" GC="1.0"><Shape><Polygon POINTS="1137 1755 1146 1933 1210 1933 1221 1756"/></Shape></Glyph><Glyph ID="char_155" CONTENT="ד" GC="1.0"><Shape><Polygon POINTS="1077 1758 1086 1936 1146 1933 1137 1755"/></Shape></Glyph><Glyph ID="char_156" CONTENT=" " GC="1.0"><Shape><Polygon POINTS="1042 1760 1051 1937 1086 1936 1077 1758"/></Shape></Glyph><Glyph ID="char_157" CONTENT="ש" GC="1.0"><Shape><Polygon POINTS="941 1759 938 1937 1051 1937 1042 1760"/></Shape></Glyph><Glyph ID="char_158" CONTENT=" " GC="1.0"><Shape><Polygon POINTS="809 1757 806 1935 938 1937 941 1759"/></Shape></Glyph><Glyph ID="char_159" CONTENT="ק" GC="1.0"><Shape><Polygon POINTS="720 1758 725 1936 806 1935 809 1757"/></Shape></Glyph><Glyph ID="char_160" CONTENT="צ" GC="1.0"><Shape><Polygon POINTS="638 1760 642 1939 725 1936 720 1758"/></Shape></Glyph><Glyph ID="char_161" CONTENT="י" GC="1.0"><Shape><Polygon POINTS="578 1762 582 1940 642 1939 638 1760"/></Shape></Glyph><Glyph ID="char_162" CONTENT="ר" GC="1.0"><Shape><Polygon POINTS="542 1763 546 1941 582 1940 578 1762"/></Shape></Glyph><Glyph ID="char_163" CONTENT=" " GC="1.0"><Shape><Polygon POINTS="490 1765 501 1943 546 1941 542 1763"/></Shape></Glyph><Glyph ID="char_164" CONTENT="ח" GC="1.0"><Shape><Polygon POINTS="418 1769 429 1947 501 1943 490 1765"/></Shape></Glyph><Glyph ID="char_165" CONTENT="ט" GC="1.0"><Shape><Polygon POINTS="347 1774 358 1952 429 1947 418 1769"/></Shape></Glyph><Glyph ID="char_166" CONTENT="י" GC="1.0"><Shape><Polygon POINTS="275 1778 286 1956 358 1952 347 1774"/></Shape></Glyph><Glyph ID="char_167" CONTENT="ם" GC="1.0"><Shape><Polygon POINTS="191 1783 202 1961 286 1956 275 1778"/></Shape></Glyph></String>
          </TextLine>

          
          
          <TextLine ID="eSc_line_1790061" BASELINE="633 2043 2901 2119" HPOS="630.0" VPOS="1936.0" WIDTH="2274.0" HEIGHT="254.0">
            <Shape><Polygon POINTS="636 1936 2904 2012 2898 2190 630 2114"/></Shape>
	    <String CONTENT="ל לה ל ישראל " HPOS="630.0" VPOS="1936.0" WIDTH="2274.0" HEIGHT="254.0"><Glyph ID="char_168" CONTENT="ל" GC="1.0"><Shape><Polygon POINTS="2236 1990 2230 2168 2779 2186 2785 2008"/></Shape></Glyph><Glyph ID="char_169" CONTENT=" " GC="1.0"><Shape><Polygon POINTS="1674 1971 1668 2149 2230 2168 2236 1990"/></Shape></Glyph><Glyph ID="char_170" CONTENT="ל" GC="1.0"><Shape><Polygon POINTS="1388 1961 1382 2139 1668 2149 1674 1971"/></Shape></Glyph><Glyph ID="char_171" CONTENT="ה" GC="1.0"><Shape><Polygon POINTS="1208 1955 1202 2133 1382 2139 1388 1961"/></Shape></Glyph><Glyph ID="char_172" CONTENT=" " GC="1.0"><Shape><Polygon POINTS="1077 1951 1071 2129 1202 2133 1208 1955"/></Shape></Glyph><Glyph ID="char_173" CONTENT="ל" GC="1.0"><Shape><Polygon POINTS="934 1946 928 2124 1071 2129 1077 1951"/></Shape></Glyph><Glyph ID="char_174" CONTENT=" " GC="1.0"><Shape><Polygon POINTS="898 1945 892 2123 928 2124 934 1946"/></Shape></Glyph><Glyph ID="char_175" CONTENT="י" GC="1.0"><Shape><Polygon POINTS="838 1943 832 2121 892 2123 898 1945"/></Shape></Glyph><Glyph ID="char_176" CONTENT="ש" GC="1.0"><Shape><Polygon POINTS="779 1941 772 2119 832 2121 838 1943"/></Shape></Glyph><Glyph ID="char_177" CONTENT="ר" GC="1.0"><Shape><Polygon POINTS="744 1940 737 2118 772 2119 779 1941"/></Shape></Glyph><Glyph ID="char_178" CONTENT="א" GC="1.0"><Shape><Polygon POINTS="708 1938 702 2116 737 2118 744 1940"/></Shape></Glyph><Glyph ID="char_179" CONTENT="ל" GC="1.0"><Shape><Polygon POINTS="672 1937 666 2115 702 2116 708 1938"/></Shape></Glyph><Glyph ID="char_180" CONTENT=" " GC="1.0"><Shape><Polygon POINTS="632 2042 667 2043"/></Shape></Glyph></String>
          </TextLine>

          
        </TextBlock>
        

        
      </PrintSpace>
    </Page>
  </Layout>
</alto>