<?xml version='1.0' encoding='UTF-8'?>
<alto xmlns:xsi="http://www.w3.org/2001/XMLSchema-instance" xmlns="http://www.loc.gov/standards/alto/ns-v4#" xsi:schemaLocation="http://www.loc.gov/standards/alto/ns-v4# http://www.loc.gov/standards/alto/v4/alto-4-2.xsd">
  <Description>
    <MeasurementUnit>pixel</MeasurementUnit>
    <sourceImageInformation>
      <fileName>P481-Fg004-R-C01-R01-D12092013-T094550-LR924_012.jpg</fileName>
      
    </sourceImageInformation>
  </Description>
  
  <Tags>
    <OtherTag ID="BT1443" LABEL="Parchment_or_papyrus" DESCRIPTION="block type Parchment_or_papyrus"/><OtherTag ID="BT2" LABEL="Main" DESCRIPTION="block type Main"/>
    
  </Tags>
  
  <Layout>
    <Page WIDTH="3608" HEIGHT="2706" PHYSICAL_IMG_NR="160" ID="eSc_dummypage_">
      <PrintSpace HPOS="0" VPOS="0" WIDTH="3608" HEIGHT="2706">
        
        <TextBlock HPOS="1144.0" VPOS="784.0" WIDTH="1606.0" HEIGHT="1343.0" ID="eSc_textblock_d03fc453" TAGREFS="BT2">
          <Shape><Polygon POINTS="1144 784 1144 2127 2750 2127 2750 784"/></Shape>
          
          
          <TextLine ID="eSc_line_1790129" BASELINE="1204 907 1585 924 1930 926 2121 917 2273 904 2453 895 2647 895" HPOS="1200.0" VPOS="789.0" WIDTH="1447.0" HEIGHT="207.0">
            <Shape><Polygon POINTS="1208 801 1589 818 1930 820 2116 811 2264 798 2447 789 2647 789 2647 965 2456 965 2278 974 2124 987 1929 996 1581 994 1200 977"/></Shape>
	    <String CONTENT=" אי תה " HPOS="1200.0" VPOS="789.0" WIDTH="1447.0" HEIGHT="207.0"><Glyph ID="char_0" CONTENT=" " GC="1.0"><Shape><Polygon POINTS="2200 804 2215 979 2457 965 2457 789"/></Shape></Glyph><Glyph ID="char_1" CONTENT="א" GC="1.0"><Shape><Polygon POINTS="2109 811 2118 987 2215 979 2200 804"/></Shape></Glyph><Glyph ID="char_2" CONTENT="י" GC="1.0"><Shape><Polygon POINTS="2002 816 2011 992 2118 987 2109 811"/></Shape></Glyph><Glyph ID="char_3" CONTENT=" " GC="1.0"><Shape><Polygon POINTS="1854 820 1853 996 2011 992 2002 816"/></Shape></Glyph><Glyph ID="char_4" CONTENT="ת" GC="1.0"><Shape><Polygon POINTS="1677 819 1676 995 1853 996 1854 820"/></Shape></Glyph><Glyph ID="char_5" CONTENT="ה" GC="1.0"><Shape><Polygon POINTS="1563 817 1554 993 1676 995 1677 819"/></Shape></Glyph><Glyph ID="char_6" CONTENT=" " GC="1.0"><Shape><Polygon POINTS="1362 808 1354 984 1554 993 1563 817"/></Shape></Glyph></String>
          </TextLine>

          
          
          <TextLine ID="eSc_line_1790130" BASELINE="1228 1086 1605 1086 1806 1077 2061 1075 2259 1057 2663 1057" HPOS="1228.0" VPOS="951.0" WIDTH="1435.0" HEIGHT="205.0">
            <Shape><Polygon POINTS="1228 980 1605 980 1801 971 2060 969 2249 951 2663 951 2663 1127 2265 1127 2061 1145 1809 1147 1605 1156 1228 1156"/></Shape>
	    <String CONTENT=" בי על וזבי אל ובר רי " HPOS="1228.0" VPOS="951.0" WIDTH="1435.0" HEIGHT="205.0"><Glyph ID="char_7" CONTENT=" " GC="1.0"><Shape><Polygon POINTS="2593 951 2593 1127 2640 1127 2640 951"/></Shape></Glyph><Glyph ID="char_8" CONTENT="ב" GC="1.0"><Shape><Polygon POINTS="2557 951 2557 1127 2593 1127 2593 951"/></Shape></Glyph><Glyph ID="char_9" CONTENT="י" GC="1.0"><Shape><Polygon POINTS="2510 951 2510 1127 2557 1127 2557 951"/></Shape></Glyph><Glyph ID="char_10" CONTENT=" " GC="1.0"><Shape><Polygon POINTS="2462 951 2462 1127 2510 1127 2510 951"/></Shape></Glyph><Glyph ID="char_11" CONTENT="ע" GC="1.0"><Shape><Polygon POINTS="2403 951 2403 1127 2462 1127 2462 951"/></Shape></Glyph><Glyph ID="char_12" CONTENT="ל" GC="1.0"><Shape><Polygon POINTS="2355 951 2355 1127 2403 1127 2403 951"/></Shape></Glyph><Glyph ID="char_13" CONTENT=" " GC="1.0"><Shape><Polygon POINTS="2284 951 2284 1127 2355 1127 2355 951"/></Shape></Glyph><Glyph ID="char_14" CONTENT="ו" GC="1.0"><Shape><Polygon POINTS="2215 954 2231 1130 2284 1127 2284 951"/></Shape></Glyph><Glyph ID="char_15" CONTENT="ז" GC="1.0"><Shape><Polygon POINTS="2168 959 2184 1134 2231 1130 2215 954"/></Shape></Glyph><Glyph ID="char_16" CONTENT="ב" GC="1.0"><Shape><Polygon POINTS="2085 967 2101 1141 2184 1134 2168 959"/></Shape></Glyph><Glyph ID="char_17" CONTENT="י" GC="1.0"><Shape><Polygon POINTS="2035 969 2036 1145 2101 1141 2085 967"/></Shape></Glyph><Glyph ID="char_18" CONTENT=" " GC="1.0"><Shape><Polygon POINTS="1975 970 1976 1146 2036 1145 2035 969"/></Shape></Glyph><Glyph ID="char_19" CONTENT="א" GC="1.0"><Shape><Polygon POINTS="1916 970 1917 1146 1976 1146 1975 970"/></Shape></Glyph><Glyph ID="char_20" CONTENT="ל" GC="1.0"><Shape><Polygon POINTS="1880 970 1881 1146 1917 1146 1916 970"/></Shape></Glyph><Glyph ID="char_21" CONTENT=" " GC="1.0"><Shape><Polygon POINTS="1833 971 1834 1147 1881 1146 1880 970"/></Shape></Glyph><Glyph ID="char_22" CONTENT="ו" GC="1.0"><Shape><Polygon POINTS="1769 972 1777 1148 1834 1147 1833 971"/></Shape></Glyph><Glyph ID="char_23" CONTENT="ב" GC="1.0"><Shape><Polygon POINTS="1698 976 1706 1152 1777 1148 1769 972"/></Shape></Glyph><Glyph ID="char_24" CONTENT="ר" GC="1.0"><Shape><Polygon POINTS="1651 978 1659 1154 1706 1152 1698 976"/></Shape></Glyph><Glyph ID="char_25" CONTENT=" " GC="1.0"><Shape><Polygon POINTS="1615 980 1623 1155 1659 1154 1651 978"/></Shape></Glyph><Glyph ID="char_26" CONTENT="ר" GC="1.0"><Shape><Polygon POINTS="1537 980 1537 1156 1623 1155 1615 980"/></Shape></Glyph><Glyph ID="char_27" CONTENT="י" GC="1.0"><Shape><Polygon POINTS="1454 980 1454 1156 1537 1156 1537 980"/></Shape></Glyph><Glyph ID="char_28" CONTENT=" " GC="1.0"><Shape><Polygon POINTS="1311 980 1311 1156 1454 1156 1454 980"/></Shape></Glyph></String>
          </TextLine>

          
          
          <TextLine ID="eSc_line_1790131" BASELINE="1244 1265 1607 1269 1756 1262 1932 1262 2180 1253 2403 1253 2559 1247 2654 1251" HPOS="1243.0" VPOS="1141.0" WIDTH="1415.0" HEIGHT="198.0">
            <Shape><Polygon POINTS="1245 1159 1608 1163 1751 1156 1932 1156 2176 1147 2403 1147 2554 1141 2658 1145 2651 1321 2561 1317 2403 1323 2182 1323 1932 1332 1759 1332 1606 1339 1243 1335"/></Shape>
	    <String CONTENT=" לדרך ואשענה עליך ואת " HPOS="1243.0" VPOS="1141.0" WIDTH="1415.0" HEIGHT="198.0"><Glyph ID="char_29" CONTENT=" " GC="1.0"><Shape><Polygon POINTS="2599 1143 2592 1318 2627 1320 2634 1144"/></Shape></Glyph><Glyph ID="char_30" CONTENT="ל" GC="1.0"><Shape><Polygon POINTS="2554 1141 2561 1317 2592 1318 2599 1143"/></Shape></Glyph><Glyph ID="char_31" CONTENT="ד" GC="1.0"><Shape><Polygon POINTS="2495 1143 2502 1319 2561 1317 2554 1141"/></Shape></Glyph><Glyph ID="char_32" CONTENT="ר" GC="1.0"><Shape><Polygon POINTS="2425 1146 2431 1322 2502 1319 2495 1143"/></Shape></Glyph><Glyph ID="char_33" CONTENT="ך" GC="1.0"><Shape><Polygon POINTS="2369 1147 2369 1323 2431 1322 2425 1146"/></Shape></Glyph><Glyph ID="char_34" CONTENT=" " GC="1.0"><Shape><Polygon POINTS="2334 1147 2334 1323 2369 1323 2369 1147"/></Shape></Glyph><Glyph ID="char_35" CONTENT="ו" GC="1.0"><Shape><Polygon POINTS="2263 1147 2263 1323 2334 1323 2334 1147"/></Shape></Glyph><Glyph ID="char_36" CONTENT="א" GC="1.0"><Shape><Polygon POINTS="2152 1148 2158 1324 2263 1323 2263 1147"/></Shape></Glyph><Glyph ID="char_37" CONTENT="ש" GC="1.0"><Shape><Polygon POINTS="2057 1151 2063 1327 2158 1324 2152 1148"/></Shape></Glyph><Glyph ID="char_38" CONTENT="ע" GC="1.0"><Shape><Polygon POINTS="1974 1154 1980 1330 2063 1327 2057 1151"/></Shape></Glyph><Glyph ID="char_39" CONTENT="נ" GC="1.0"><Shape><Polygon POINTS="1907 1156 1907 1332 1980 1330 1974 1154"/></Shape></Glyph><Glyph ID="char_40" CONTENT="ה" GC="1.0"><Shape><Polygon POINTS="1848 1156 1848 1332 1907 1332 1907 1156"/></Shape></Glyph><Glyph ID="char_41" CONTENT=" " GC="1.0"><Shape><Polygon POINTS="1788 1156 1788 1332 1848 1332 1848 1156"/></Shape></Glyph><Glyph ID="char_42" CONTENT="ע" GC="1.0"><Shape><Polygon POINTS="1712 1158 1720 1334 1788 1332 1788 1156"/></Shape></Glyph><Glyph ID="char_43" CONTENT="ל" GC="1.0"><Shape><Polygon POINTS="1653 1161 1661 1336 1720 1334 1712 1158"/></Shape></Glyph><Glyph ID="char_44" CONTENT="י" GC="1.0"><Shape><Polygon POINTS="1600 1163 1598 1339 1661 1336 1653 1161"/></Shape></Glyph><Glyph ID="char_45" CONTENT="ך" GC="1.0"><Shape><Polygon POINTS="1552 1162 1550 1338 1598 1339 1600 1163"/></Shape></Glyph><Glyph ID="char_46" CONTENT=" " GC="1.0"><Shape><Polygon POINTS="1505 1162 1503 1338 1550 1338 1552 1162"/></Shape></Glyph><Glyph ID="char_47" CONTENT="ו" GC="1.0"><Shape><Polygon POINTS="1434 1161 1432 1337 1503 1338 1505 1162"/></Shape></Glyph><Glyph ID="char_48" CONTENT="א" GC="1.0"><Shape><Polygon POINTS="1351 1160 1349 1336 1432 1337 1434 1161"/></Shape></Glyph><Glyph ID="char_49" CONTENT="ת" GC="1.0"><Shape><Polygon POINTS="1292 1160 1290 1336 1349 1336 1351 1160"/></Shape></Glyph><Glyph ID="char_50" CONTENT=" " GC="1.0"><Shape><Polygon POINTS="1243 1264 1290 1264"/></Shape></Glyph></String>
          </TextLine>

          
          
          <TextLine ID="eSc_line_1790132" BASELINE="1278 1422 1346 1436 1425 1443 1632 1438 1754 1440 1925 1449 2083 1449 2279 1443 2392 1443 2687 1427" HPOS="1263.0" VPOS="1318.0" WIDTH="1427.0" HEIGHT="201.0">
            <Shape><Polygon POINTS="1299 1318 1367 1332 1434 1337 1629 1332 1755 1334 1930 1343 2083 1343 2275 1337 2392 1337 2681 1321 2690 1497 2392 1513 2281 1513 2083 1519 1921 1519 1752 1510 1633 1508 1418 1513 1331 1504 1263 1490"/></Shape>
	    <String CONTENT=" היות לי אד כאב א " HPOS="1263.0" VPOS="1318.0" WIDTH="1427.0" HEIGHT="201.0"><Glyph ID="char_51" CONTENT=" " GC="1.0"><Shape><Polygon POINTS="2610 1325 2619 1501 2666 1498 2657 1322"/></Shape></Glyph><Glyph ID="char_52" CONTENT="ה" GC="1.0"><Shape><Polygon POINTS="2562 1328 2571 1503 2619 1501 2610 1325"/></Shape></Glyph><Glyph ID="char_53" CONTENT="י" GC="1.0"><Shape><Polygon POINTS="2515 1330 2524 1506 2571 1503 2562 1328"/></Shape></Glyph><Glyph ID="char_54" CONTENT="ו" GC="1.0"><Shape><Polygon POINTS="2467 1333 2476 1508 2524 1506 2515 1330"/></Shape></Glyph><Glyph ID="char_55" CONTENT="ת" GC="1.0"><Shape><Polygon POINTS="2408 1336 2417 1512 2476 1508 2467 1333"/></Shape></Glyph><Glyph ID="char_56" CONTENT=" " GC="1.0"><Shape><Polygon POINTS="2367 1337 2367 1513 2417 1512 2408 1336"/></Shape></Glyph><Glyph ID="char_57" CONTENT="ל" GC="1.0"><Shape><Polygon POINTS="2319 1337 2319 1513 2367 1513 2367 1337"/></Shape></Glyph><Glyph ID="char_58" CONTENT="י" GC="1.0"><Shape><Polygon POINTS="2268 1337 2274 1513 2319 1513 2319 1337"/></Shape></Glyph><Glyph ID="char_59" CONTENT=" " GC="1.0"><Shape><Polygon POINTS="2208 1339 2214 1515 2274 1513 2268 1337"/></Shape></Glyph><Glyph ID="char_60" CONTENT="א" GC="1.0"><Shape><Polygon POINTS="2126 1342 2131 1518 2214 1515 2208 1339"/></Shape></Glyph><Glyph ID="char_61" CONTENT="ד" GC="1.0"><Shape><Polygon POINTS="1951 1343 1951 1519 2131 1518 2126 1342"/></Shape></Glyph><Glyph ID="char_62" CONTENT=" " GC="1.0"><Shape><Polygon POINTS="1791 1336 1781 1512 1951 1519 1951 1343"/></Shape></Glyph><Glyph ID="char_63" CONTENT="כ" GC="1.0"><Shape><Polygon POINTS="1728 1334 1725 1510 1781 1512 1791 1336"/></Shape></Glyph><Glyph ID="char_64" CONTENT="א" GC="1.0"><Shape><Polygon POINTS="1645 1332 1642 1508 1725 1510 1728 1334"/></Shape></Glyph><Glyph ID="char_65" CONTENT="ב" GC="1.0"><Shape><Polygon POINTS="1533 1334 1538 1510 1642 1508 1645 1332"/></Shape></Glyph><Glyph ID="char_66" CONTENT=" " GC="1.0"><Shape><Polygon POINTS="1439 1337 1443 1512 1538 1510 1533 1334"/></Shape></Glyph><Glyph ID="char_67" CONTENT="א" GC="1.0"><Shape><Polygon POINTS="1404 1335 1388 1510 1443 1512 1439 1337"/></Shape></Glyph><Glyph ID="char_68" CONTENT=" " GC="1.0"><Shape><Polygon POINTS="1335 1325 1297 1497 1388 1510 1404 1335"/></Shape></Glyph></String>
          </TextLine>

          
          
          <TextLine ID="eSc_line_1790133" BASELINE="1292 1628 2074 1623 2261 1614 2701 1610" HPOS="1291.0" VPOS="1504.0" WIDTH="1410.0" HEIGHT="194.0">
            <Shape><Polygon POINTS="1291 1522 2073 1517 2255 1508 2700 1504 2701 1680 2264 1684 2074 1693 1292 1698"/></Shape>
	    <String CONTENT=" אלוה בריך אשמור כי " HPOS="1291.0" VPOS="1504.0" WIDTH="1410.0" HEIGHT="194.0"><Glyph ID="char_69" CONTENT=" " GC="1.0"><Shape><Polygon POINTS="2593 1505 2594 1681 2654 1680 2653 1504"/></Shape></Glyph><Glyph ID="char_70" CONTENT="א" GC="1.0"><Shape><Polygon POINTS="2570 1505 2571 1681 2594 1681 2593 1505"/></Shape></Glyph><Glyph ID="char_71" CONTENT="ל" GC="1.0"><Shape><Polygon POINTS="2534 1505 2535 1682 2571 1681 2570 1505"/></Shape></Glyph><Glyph ID="char_72" CONTENT="ו" GC="1.0"><Shape><Polygon POINTS="2463 1506 2464 1682 2535 1682 2534 1505"/></Shape></Glyph><Glyph ID="char_73" CONTENT="ה" GC="1.0"><Shape><Polygon POINTS="2380 1507 2381 1683 2464 1682 2463 1506"/></Shape></Glyph><Glyph ID="char_74" CONTENT=" " GC="1.0"><Shape><Polygon POINTS="2273 1508 2274 1684 2381 1683 2380 1507"/></Shape></Glyph><Glyph ID="char_75" CONTENT="ב" GC="1.0"><Shape><Polygon POINTS="2151 1513 2159 1689 2274 1684 2273 1508"/></Shape></Glyph><Glyph ID="char_76" CONTENT="ר" GC="1.0"><Shape><Polygon POINTS="2080 1517 2088 1692 2159 1689 2151 1513"/></Shape></Glyph><Glyph ID="char_77" CONTENT="י" GC="1.0"><Shape><Polygon POINTS="2013 1517 2014 1693 2088 1692 2080 1517"/></Shape></Glyph><Glyph ID="char_78" CONTENT="ך" GC="1.0"><Shape><Polygon POINTS="1954 1518 1955 1694 2014 1693 2013 1517"/></Shape></Glyph><Glyph ID="char_79" CONTENT=" " GC="1.0"><Shape><Polygon POINTS="1894 1518 1895 1694 1955 1694 1954 1518"/></Shape></Glyph><Glyph ID="char_80" CONTENT="א" GC="1.0"><Shape><Polygon POINTS="1835 1519 1836 1695 1895 1694 1894 1518"/></Shape></Glyph><Glyph ID="char_81" CONTENT="ש" GC="1.0"><Shape><Polygon POINTS="1752 1519 1753 1695 1836 1695 1835 1519"/></Shape></Glyph><Glyph ID="char_82" CONTENT="מ" GC="1.0"><Shape><Polygon POINTS="1657 1520 1658 1696 1753 1695 1752 1519"/></Shape></Glyph><Glyph ID="char_83" CONTENT="ו" GC="1.0"><Shape><Polygon POINTS="1586 1520 1587 1696 1658 1696 1657 1520"/></Shape></Glyph><Glyph ID="char_84" CONTENT="ר" GC="1.0"><Shape><Polygon POINTS="1527 1520 1528 1696 1587 1696 1586 1520"/></Shape></Glyph><Glyph ID="char_85" CONTENT=" " GC="1.0"><Shape><Polygon POINTS="1491 1521 1492 1697 1528 1696 1527 1520"/></Shape></Glyph><Glyph ID="char_86" CONTENT="כ" GC="1.0"><Shape><Polygon POINTS="1444 1521 1445 1697 1492 1697 1491 1521"/></Shape></Glyph><Glyph ID="char_87" CONTENT="י" GC="1.0"><Shape><Polygon POINTS="1385 1521 1386 1697 1445 1697 1444 1521"/></Shape></Glyph><Glyph ID="char_88" CONTENT=" " GC="1.0"><Shape><Polygon POINTS="1314 1522 1315 1698 1386 1697 1385 1521"/></Shape></Glyph></String>
          </TextLine>

          
          
          <TextLine ID="eSc_line_1790134" BASELINE="1296 1808 1531 1797 1979 1794 2221 1781 2721 1776" HPOS="1291.0" VPOS="1670.0" WIDTH="1430.0" HEIGHT="208.0">
            <Shape><Polygon POINTS="1291 1702 1526 1691 1978 1688 2215 1675 2719 1670 2721 1846 2224 1851 1979 1864 1534 1867 1299 1878"/></Shape>
	    <String CONTENT=" ובע ו עליון השכלת כ " HPOS="1291.0" VPOS="1670.0" WIDTH="1430.0" HEIGHT="208.0"><Glyph ID="char_89" CONTENT=" " GC="1.0"><Shape><Polygon POINTS="2599 1671 2601 1847 2672 1846 2670 1670"/></Shape></Glyph><Glyph ID="char_90" CONTENT="ו" GC="1.0"><Shape><Polygon POINTS="2564 1672 2566 1848 2601 1847 2599 1671"/></Shape></Glyph><Glyph ID="char_91" CONTENT="ב" GC="1.0"><Shape><Polygon POINTS="2528 1672 2530 1848 2566 1848 2564 1672"/></Shape></Glyph><Glyph ID="char_92" CONTENT="ע" GC="1.0"><Shape><Polygon POINTS="2480 1672 2482 1848 2530 1848 2528 1672"/></Shape></Glyph><Glyph ID="char_93" CONTENT=" " GC="1.0"><Shape><Polygon POINTS="2433 1673 2435 1849 2482 1848 2480 1672"/></Shape></Glyph><Glyph ID="char_94" CONTENT="ו" GC="1.0"><Shape><Polygon POINTS="2338 1674 2340 1850 2435 1849 2433 1673"/></Shape></Glyph><Glyph ID="char_95" CONTENT=" " GC="1.0"><Shape><Polygon POINTS="2255 1675 2257 1851 2340 1850 2338 1674"/></Shape></Glyph><Glyph ID="char_96" CONTENT="ע" GC="1.0"><Shape><Polygon POINTS="2191 1676 2200 1852 2257 1851 2255 1675"/></Shape></Glyph><Glyph ID="char_97" CONTENT="ל" GC="1.0"><Shape><Polygon POINTS="2132 1680 2141 1855 2200 1852 2191 1676"/></Shape></Glyph><Glyph ID="char_98" CONTENT="י" GC="1.0"><Shape><Polygon POINTS="2073 1683 2082 1859 2141 1855 2132 1680"/></Shape></Glyph><Glyph ID="char_99" CONTENT="ו" GC="1.0"><Shape><Polygon POINTS="2025 1685 2034 1861 2082 1859 2073 1683"/></Shape></Glyph><Glyph ID="char_100" CONTENT="ן" GC="1.0"><Shape><Polygon POINTS="1959 1688 1960 1864 2034 1861 2025 1685"/></Shape></Glyph><Glyph ID="char_101" CONTENT=" " GC="1.0"><Shape><Polygon POINTS="1888 1689 1889 1865 1960 1864 1959 1688"/></Shape></Glyph><Glyph ID="char_102" CONTENT="ה" GC="1.0"><Shape><Polygon POINTS="1793 1689 1794 1865 1889 1865 1888 1689"/></Shape></Glyph><Glyph ID="char_103" CONTENT="ש" GC="1.0"><Shape><Polygon POINTS="1674 1690 1675 1866 1794 1865 1793 1689"/></Shape></Glyph><Glyph ID="char_104" CONTENT="כ" GC="1.0"><Shape><Polygon POINTS="1591 1691 1592 1867 1675 1866 1674 1690"/></Shape></Glyph><Glyph ID="char_105" CONTENT="ל" GC="1.0"><Shape><Polygon POINTS="1532 1691 1533 1867 1592 1867 1591 1691"/></Shape></Glyph><Glyph ID="char_106" CONTENT="ת" GC="1.0"><Shape><Polygon POINTS="1456 1694 1464 1870 1533 1867 1532 1691"/></Shape></Glyph><Glyph ID="char_107" CONTENT=" " GC="1.0"><Shape><Polygon POINTS="1385 1698 1393 1874 1464 1870 1456 1694"/></Shape></Glyph><Glyph ID="char_108" CONTENT="כ" GC="1.0"><Shape><Polygon POINTS="1326 1700 1334 1876 1393 1874 1385 1698"/></Shape></Glyph><Glyph ID="char_109" CONTENT=" " GC="1.0"><Shape><Polygon POINTS="1295 1808 1330 1806"/></Shape></Glyph></String>
          </TextLine>

          
          
          <TextLine ID="eSc_line_1790135" BASELINE="1289 1975 2728 1945" HPOS="1286.0" VPOS="1839.0" WIDTH="1443.0" HEIGHT="206.0">
            <Shape><Polygon POINTS="1286 1869 2725 1839 2729 2015 1290 2045"/></Shape>
	    <String CONTENT=" אלהי תאמן בכל דברי " HPOS="1286.0" VPOS="1839.0" WIDTH="1443.0" HEIGHT="206.0"><Glyph ID="char_110" CONTENT=" " GC="1.0"><Shape><Polygon POINTS="2642 1841 2646 2017 2705 2015 2701 1839"/></Shape></Glyph><Glyph ID="char_111" CONTENT="א" GC="1.0"><Shape><Polygon POINTS="2596 1842 2599 2018 2646 2017 2642 1841"/></Shape></Glyph><Glyph ID="char_112" CONTENT="ל" GC="1.0"><Shape><Polygon POINTS="2525 1843 2528 2019 2599 2018 2596 1842"/></Shape></Glyph><Glyph ID="char_113" CONTENT="ה" GC="1.0"><Shape><Polygon POINTS="2455 1845 2458 2021 2528 2019 2525 1843"/></Shape></Glyph><Glyph ID="char_114" CONTENT="י" GC="1.0"><Shape><Polygon POINTS="2396 1846 2399 2022 2458 2021 2455 1845"/></Shape></Glyph><Glyph ID="char_115" CONTENT=" " GC="1.0"><Shape><Polygon POINTS="2301 1848 2304 2024 2399 2022 2396 1846"/></Shape></Glyph><Glyph ID="char_116" CONTENT="ת" GC="1.0"><Shape><Polygon POINTS="2218 1850 2221 2026 2304 2024 2301 1848"/></Shape></Glyph><Glyph ID="char_117" CONTENT="א" GC="1.0"><Shape><Polygon POINTS="2124 1852 2127 2028 2221 2026 2218 1850"/></Shape></Glyph><Glyph ID="char_118" CONTENT="מ" GC="1.0"><Shape><Polygon POINTS="2018 1854 2021 2030 2127 2028 2124 1852"/></Shape></Glyph><Glyph ID="char_119" CONTENT="ן" GC="1.0"><Shape><Polygon POINTS="1947 1855 1950 2031 2021 2030 2018 1854"/></Shape></Glyph><Glyph ID="char_120" CONTENT=" " GC="1.0"><Shape><Polygon POINTS="1888 1856 1891 2032 1950 2031 1947 1855"/></Shape></Glyph><Glyph ID="char_121" CONTENT="ב" GC="1.0"><Shape><Polygon POINTS="1805 1858 1808 2034 1891 2032 1888 1856"/></Shape></Glyph><Glyph ID="char_122" CONTENT="כ" GC="1.0"><Shape><Polygon POINTS="1735 1860 1738 2036 1808 2034 1805 1858"/></Shape></Glyph><Glyph ID="char_123" CONTENT="ל" GC="1.0"><Shape><Polygon POINTS="1676 1861 1679 2037 1738 2036 1735 1860"/></Shape></Glyph><Glyph ID="char_124" CONTENT=" " GC="1.0"><Shape><Polygon POINTS="1616 1862 1619 2038 1679 2037 1676 1861"/></Shape></Glyph><Glyph ID="char_125" CONTENT="ד" GC="1.0"><Shape><Polygon POINTS="1534 1864 1537 2040 1619 2038 1616 1862"/></Shape></Glyph><Glyph ID="char_126" CONTENT="ב" GC="1.0"><Shape><Polygon POINTS="1451 1866 1454 2042 1537 2040 1534 1864"/></Shape></Glyph><Glyph ID="char_127" CONTENT="ר" GC="1.0"><Shape><Polygon POINTS="1380 1867 1383 2043 1454 2042 1451 1866"/></Shape></Glyph><Glyph ID="char_128" CONTENT="י" GC="1.0"><Shape><Polygon POINTS="1345 1868 1348 2044 1383 2043 1380 1867"/></Shape></Glyph><Glyph ID="char_129" CONTENT=" " GC="1.0"><Shape><Polygon POINTS="1298 1869 1301 2045 1348 2044 1345 1868"/></Shape></Glyph></String>
          </TextLine>

          
        </TextBlock>
        

        
      </PrintSpace>
    </Page>
  </Layout>
</alto>