<?xml version='1.0' encoding='UTF-8'?>
<alto xmlns:xsi="http://www.w3.org/2001/XMLSchema-instance" xmlns="http://www.loc.gov/standards/alto/ns-v4#" xsi:schemaLocation="http://www.loc.gov/standards/alto/ns-v4# http://www.loc.gov/standards/alto/v4/alto-4-2.xsd">
  <Description>
    <MeasurementUnit>pixel</MeasurementUnit>
    <sourceImageInformation>
      <fileName>P484-Fg008-R-C01-R01-D15092013-T102753-LR924_012.jpg</fileName>
      
    </sourceImageInformation>
  </Description>
  
  <Tags>
    <OtherTag ID="BT1443" LABEL="Parchment_or_papyrus" DESCRIPTION="block type Parchment_or_papyrus"/><OtherTag ID="BT2" LABEL="Main" DESCRIPTION="block type Main"/>
    
  </Tags>
  
  <Layout>
    <Page WIDTH="3608" HEIGHT="2706" PHYSICAL_IMG_NR="231" ID="eSc_dummypage_">
      <PrintSpace HPOS="0" VPOS="0" WIDTH="3608" HEIGHT="2706">
        
        <TextBlock HPOS="708.0" VPOS="757.0" WIDTH="1693.0" HEIGHT="1284.0" ID="eSc_textblock_24d975d2" TAGREFS="BT2">
          <Shape><Polygon POINTS="708 757 708 2041 2401 2041 2401 757 708 757"/></Shape>
          
          
          <TextLine ID="eSc_line_1790181" BASELINE="2282 1752 2287 1630 2295 1828 2320 1950" HPOS="2168.0" VPOS="1625.0" WIDTH="263.0" HEIGHT="340.0">
            <Shape><Polygon POINTS="2168 1747 2173 1625 2408 1823 2431 1927 2245 1965 2219 1831 2362 1633 2357 1755"/></Shape>
	    <String CONTENT=" ר איננו " HPOS="2168.0" VPOS="1625.0" WIDTH="263.0" HEIGHT="340.0"><Glyph ID="char_0" CONTENT=" " GC="1.0"><Shape><Polygon POINTS="2300 1718 2169 1724 2199 1748 2314 1744"/></Shape></Glyph><Glyph ID="char_1" CONTENT="ר" GC="1.0"><Shape><Polygon POINTS="2320 1691 2170 1697 2169 1724 2300 1718"/></Shape></Glyph><Glyph ID="char_2" CONTENT=" " GC="1.0"><Shape><Polygon POINTS="2349 1651 2172 1658 2170 1697 2320 1691"/></Shape></Glyph><Glyph ID="char_3" CONTENT="א" GC="1.0"><Shape><Polygon POINTS="2172 1640 2351 1648 2172 1658 2349 1651"/></Shape></Glyph><Glyph ID="char_4" CONTENT="י" GC="1.0"><Shape><Polygon POINTS="2171 1679 2324 1686 2351 1648 2172 1640"/></Shape></Glyph><Glyph ID="char_5" CONTENT="נ" GC="1.0"><Shape><Polygon POINTS="2170 1705 2306 1711 2324 1686 2171 1679"/></Shape></Glyph><Glyph ID="char_6" CONTENT="נ" GC="1.0"><Shape><Polygon POINTS="2169 1718 2290 1724 2306 1711 2170 1705"/></Shape></Glyph><Glyph ID="char_7" CONTENT="ו" GC="1.0"><Shape><Polygon POINTS="2268 1763 2340 1766 2290 1724 2169 1718"/></Shape></Glyph><Glyph ID="char_8" CONTENT=" " GC="1.0"><Shape><Polygon POINTS="2231 1891 2425 1899 2340 1766 2268 1763"/></Shape></Glyph></String>
          </TextLine>

          
          
          <TextLine ID="eSc_line_1790178" BASELINE="2099 1490 2099 1576 2117 1815" HPOS="2023.0" VPOS="1490.0" WIDTH="207.0" HEIGHT="330.0">
            <Shape><Polygon POINTS="2213 1490 2213 1576 2230 1806 2041 1820 2023 1576 2023 1490"/></Shape>
	    <String CONTENT=" הורי " HPOS="2023.0" VPOS="1490.0" WIDTH="207.0" HEIGHT="330.0"><Glyph ID="char_9" CONTENT=" " GC="1.0"><Shape><Polygon POINTS="2226 1755 2037 1769 2077 1817 2230 1806"/></Shape></Glyph><Glyph ID="char_10" CONTENT="ה" GC="1.0"><Shape><Polygon POINTS="2222 1703 2033 1717 2037 1769 2226 1755"/></Shape></Glyph><Glyph ID="char_11" CONTENT="ו" GC="1.0"><Shape><Polygon POINTS="2218 1637 2029 1652 2033 1717 2222 1703"/></Shape></Glyph><Glyph ID="char_12" CONTENT="ר" GC="1.0"><Shape><Polygon POINTS="2214 1585 2025 1600 2029 1652 2218 1637"/></Shape></Glyph><Glyph ID="char_13" CONTENT="י" GC="1.0"><Shape><Polygon POINTS="2213 1542 2023 1542 2025 1600 2214 1585"/></Shape></Glyph><Glyph ID="char_14" CONTENT=" " GC="1.0"><Shape><Polygon POINTS="2213 1490 2023 1490 2023 1542 2213 1542"/></Shape></Glyph></String>
          </TextLine>

          
          
          <TextLine ID="eSc_line_1790177" BASELINE="1887 1260 1887 1409 1909 1555 1912 1632" HPOS="1811.0" VPOS="1260.0" WIDTH="214.0" HEIGHT="374.0">
            <Shape><Polygon POINTS="2001 1260 2001 1409 2021 1538 2025 1627 1836 1634 1833 1566 1811 1409 1811 1260"/></Shape>
	    <String CONTENT=" את הנער " HPOS="1811.0" VPOS="1260.0" WIDTH="214.0" HEIGHT="374.0"><Glyph ID="char_15" CONTENT=" " GC="1.0"><Shape><Polygon POINTS="2022 1563 1833 1570 1835 1622 2024 1615"/></Shape></Glyph><Glyph ID="char_16" CONTENT="א" GC="1.0"><Shape><Polygon POINTS="2015 1500 1828 1528 1833 1570 2022 1563"/></Shape></Glyph><Glyph ID="char_17" CONTENT="ת" GC="1.0"><Shape><Polygon POINTS="2007 1449 1820 1477 1828 1528 2015 1500"/></Shape></Glyph><Glyph ID="char_18" CONTENT=" " GC="1.0"><Shape><Polygon POINTS="2001 1398 1813 1426 1820 1477 2007 1449"/></Shape></Glyph><Glyph ID="char_19" CONTENT="ה" GC="1.0"><Shape><Polygon POINTS="2001 1376 1811 1376 1813 1426 2001 1398"/></Shape></Glyph><Glyph ID="char_20" CONTENT="נ" GC="1.0"><Shape><Polygon POINTS="2001 1350 1811 1350 1811 1376 2001 1376"/></Shape></Glyph><Glyph ID="char_21" CONTENT="ע" GC="1.0"><Shape><Polygon POINTS="2001 1312 1811 1312 1811 1350 2001 1350"/></Shape></Glyph><Glyph ID="char_22" CONTENT="ר" GC="1.0"><Shape><Polygon POINTS="2001 1286 1811 1286 1811 1312 2001 1312"/></Shape></Glyph><Glyph ID="char_23" CONTENT=" " GC="1.0"><Shape><Polygon POINTS="2001 1260 1811 1260 1811 1286 2001 1286"/></Shape></Glyph></String>
          </TextLine>

          
          
          <TextLine ID="eSc_line_1790175" BASELINE="1688 1208 1688 1312 1682 1407 1698 1458" HPOS="1606.0" VPOS="1208.0" WIDTH="200.0" HEIGHT="272.0">
            <Shape><Polygon POINTS="1802 1208 1802 1312 1795 1414 1806 1423 1625 1480 1606 1402 1612 1312 1612 1208"/></Shape>
	    <String CONTENT=" מ וע " HPOS="1606.0" VPOS="1208.0" WIDTH="200.0" HEIGHT="272.0"><Glyph ID="char_24" CONTENT=" " GC="1.0"><Shape><Polygon POINTS="1795 1412 1622 1467 1625 1479 1805 1423"/></Shape></Glyph><Glyph ID="char_25" CONTENT="מ" GC="1.0"><Shape><Polygon POINTS="1795 1413 1606 1401 1622 1467 1795 1412"/></Shape></Glyph><Glyph ID="char_26" CONTENT=" " GC="1.0"><Shape><Polygon POINTS="1798 1374 1609 1362 1606 1401 1795 1413"/></Shape></Glyph><Glyph ID="char_27" CONTENT="ו" GC="1.0"><Shape><Polygon POINTS="1800 1334 1611 1322 1609 1362 1798 1374"/></Shape></Glyph><Glyph ID="char_28" CONTENT="ע" GC="1.0"><Shape><Polygon POINTS="1802 1275 1612 1275 1611 1322 1800 1334"/></Shape></Glyph><Glyph ID="char_29" CONTENT=" " GC="1.0"><Shape><Polygon POINTS="1802 1209 1612 1209 1612 1275 1802 1275"/></Shape></Glyph></String>
          </TextLine>

          
          
          <TextLine ID="eSc_line_1790174" BASELINE="1418 923 1461 1183 1483 1343 1483 1479" HPOS="1343.0" VPOS="904.0" WIDTH="254.0" HEIGHT="575.0">
            <Shape><Polygon POINTS="1530 904 1573 1164 1595 1327 1597 1479 1407 1479 1407 1353 1386 1195 1343 935"/></Shape>
	    <String CONTENT=" מ אחיה " HPOS="1343.0" VPOS="904.0" WIDTH="254.0" HEIGHT="575.0"><Glyph ID="char_30" CONTENT=" " GC="1.0"><Shape><Polygon POINTS="1596 1428 1407 1428 1407 1466 1597 1466"/></Shape></Glyph><Glyph ID="char_31" CONTENT="מ" GC="1.0"><Shape><Polygon POINTS="1596 1415 1407 1415 1407 1428 1596 1428"/></Shape></Glyph><Glyph ID="char_32" CONTENT=" " GC="1.0"><Shape><Polygon POINTS="1596 1377 1407 1377 1407 1415 1596 1415"/></Shape></Glyph><Glyph ID="char_33" CONTENT="א" GC="1.0"><Shape><Polygon POINTS="1591 1298 1403 1324 1407 1377 1596 1377"/></Shape></Glyph><Glyph ID="char_34" CONTENT="ח" GC="1.0"><Shape><Polygon POINTS="1584 1247 1396 1273 1403 1324 1591 1298"/></Shape></Glyph><Glyph ID="char_35" CONTENT="י" GC="1.0"><Shape><Polygon POINTS="1576 1184 1388 1210 1396 1273 1584 1247"/></Shape></Glyph><Glyph ID="char_36" CONTENT="ה" GC="1.0"><Shape><Polygon POINTS="1569 1143 1383 1174 1388 1210 1576 1184"/></Shape></Glyph><Glyph ID="char_37" CONTENT=" " GC="1.0"><Shape><Polygon POINTS="1546 1004 1360 1035 1383 1174 1569 1143"/></Shape></Glyph></String>
          </TextLine>

          
          
          <TextLine ID="eSc_line_1790179" BASELINE="1243 970 1276 1104 1294 1249 1303 1366 1323 1468" HPOS="1169.0" VPOS="942.0" WIDTH="265.0" HEIGHT="540.0">
            <Shape><Polygon POINTS="1353 942 1386 1076 1407 1234 1416 1357 1434 1446 1248 1482 1227 1371 1218 1258 1202 1122 1169 988"/></Shape>
	    <String CONTENT=" רעה אשר" HPOS="1169.0" VPOS="942.0" WIDTH="265.0" HEIGHT="540.0"><Glyph ID="char_38" CONTENT=" " GC="1.0"><Shape><Polygon POINTS="1418 1369 1234 1405 1243 1457 1429 1420"/></Shape></Glyph><Glyph ID="char_39" CONTENT="ר" GC="1.0"><Shape><Polygon POINTS="1414 1331 1225 1345 1234 1405 1418 1369"/></Shape></Glyph><Glyph ID="char_40" CONTENT="ע" GC="1.0"><Shape><Polygon POINTS="1409 1266 1220 1280 1225 1345 1414 1331"/></Shape></Glyph><Glyph ID="char_41" CONTENT="ה" GC="1.0"><Shape><Polygon POINTS="1402 1197 1214 1220 1220 1280 1409 1266"/></Shape></Glyph><Glyph ID="char_42" CONTENT=" " GC="1.0"><Shape><Polygon POINTS="1397 1158 1209 1182 1214 1220 1402 1197"/></Shape></Glyph><Glyph ID="char_43" CONTENT="א" GC="1.0"><Shape><Polygon POINTS="1392 1120 1204 1143 1209 1182 1397 1158"/></Shape></Glyph><Glyph ID="char_44" CONTENT="ש" GC="1.0"><Shape><Polygon POINTS="1375 1029 1191 1076 1204 1143 1392 1120"/></Shape></Glyph><Glyph ID="char_45" CONTENT="ר" GC="1.0"><Shape><Polygon POINTS="1353 942 1169 988 1191 1076 1375 1029"/></Shape></Glyph></String>
          </TextLine>

          
          
          <TextLine ID="eSc_line_1790176" BASELINE="1071 879 1059 935 1077 1098 1075 1120 1091 1339" HPOS="984.0" VPOS="863.0" WIDTH="220.0" HEIGHT="481.0">
            <Shape><Polygon POINTS="1182 902 1170 958 1190 1085 1188 1130 1204 1330 1015 1344 999 1113 1001 1106 984 919 996 863"/></Shape>
	    <String CONTENT=" ותי ברעת" HPOS="984.0" VPOS="863.0" WIDTH="220.0" HEIGHT="481.0"><Glyph ID="char_46" CONTENT=" " GC="1.0"><Shape><Polygon POINTS="1202 1304 1013 1318 1015 1343 1204 1329"/></Shape></Glyph><Glyph ID="char_47" CONTENT="ו" GC="1.0"><Shape><Polygon POINTS="1198 1253 1010 1267 1013 1318 1202 1304"/></Shape></Glyph><Glyph ID="char_48" CONTENT="ת" GC="1.0"><Shape><Polygon POINTS="1194 1201 1006 1215 1010 1267 1198 1253"/></Shape></Glyph><Glyph ID="char_49" CONTENT="י" GC="1.0"><Shape><Polygon POINTS="1191 1163 1003 1177 1006 1215 1194 1201"/></Shape></Glyph><Glyph ID="char_50" CONTENT=" " GC="1.0"><Shape><Polygon POINTS="1188 1130 999 1113 1003 1177 1191 1163"/></Shape></Glyph><Glyph ID="char_51" CONTENT="ב" GC="1.0"><Shape><Polygon POINTS="1184 1044 997 1064 999 1113 1188 1130"/></Shape></Glyph><Glyph ID="char_52" CONTENT="ר" GC="1.0"><Shape><Polygon POINTS="1176 993 993 1014 997 1064 1184 1044"/></Shape></Glyph><Glyph ID="char_53" CONTENT="ע" GC="1.0"><Shape><Polygon POINTS="1176 929 987 950 993 1014 1176 993"/></Shape></Glyph><Glyph ID="char_54" CONTENT="ת" GC="1.0"><Shape><Polygon POINTS="1071 878 1059 941"/></Shape></Glyph></String>
          </TextLine>

          
          
          <TextLine ID="eSc_line_1790180" BASELINE="865 847 859 899 856 971 886 1287 895 1332" HPOS="780.0" VPOS="838.0" WIDTH="226.0" HEIGHT="508.0">
            <Shape><Polygon POINTS="978 860 972 912 969 975 999 1276 1006 1309 820 1346 810 1294 780 967 783 890 789 838"/></Shape>
	    <String CONTENT=" פ להתאפק" HPOS="780.0" VPOS="838.0" WIDTH="226.0" HEIGHT="508.0"><Glyph ID="char_55" CONTENT=" " GC="1.0"><Shape><Polygon POINTS="1003 1295 817 1333 820 1344 1006 1307"/></Shape></Glyph><Glyph ID="char_56" CONTENT="פ" GC="1.0"><Shape><Polygon POINTS="998 1269 809 1287 817 1333 1003 1295"/></Shape></Glyph><Glyph ID="char_57" CONTENT=" " GC="1.0"><Shape><Polygon POINTS="994 1231 806 1249 809 1287 998 1269"/></Shape></Glyph><Glyph ID="char_58" CONTENT="ל" GC="1.0"><Shape><Polygon POINTS="989 1180 801 1198 806 1249 994 1231"/></Shape></Glyph><Glyph ID="char_59" CONTENT="ה" GC="1.0"><Shape><Polygon POINTS="984 1129 797 1147 801 1198 989 1180"/></Shape></Glyph><Glyph ID="char_60" CONTENT="ת" GC="1.0"><Shape><Polygon POINTS="979 1078 792 1096 797 1147 984 1129"/></Shape></Glyph><Glyph ID="char_61" CONTENT="א" GC="1.0"><Shape><Polygon POINTS="973 1014 786 1031 792 1096 979 1078"/></Shape></Glyph><Glyph ID="char_62" CONTENT="פ" GC="1.0"><Shape><Polygon POINTS="970 953 781 945 786 1031 973 1014"/></Shape></Glyph><Glyph ID="char_63" CONTENT="ק" GC="1.0"><Shape><Polygon POINTS="977 872 788 850 781 945 970 953"/></Shape></Glyph></String>
          </TextLine>

          
        </TextBlock>
        

        
      </PrintSpace>
    </Page>
  </Layout>
</alto>