<?xml version='1.0' encoding='UTF-8'?>
<alto xmlns:xsi="http://www.w3.org/2001/XMLSchema-instance" xmlns="http://www.loc.gov/standards/alto/ns-v4#" xsi:schemaLocation="http://www.loc.gov/standards/alto/ns-v4# http://www.loc.gov/standards/alto/v4/alto-4-2.xsd">
  <Description>
    <MeasurementUnit>pixel</MeasurementUnit>
    <sourceImageInformation>
      <fileName>P484-Fg009-R-C01-R01-D15092013-T103704-LR924_012.jpg</fileName>
      
    </sourceImageInformation>
  </Description>
  
  <Tags>
    <OtherTag ID="BT1443" LABEL="Parchment_or_papyrus" DESCRIPTION="block type Parchment_or_papyrus"/><OtherTag ID="BT2" LABEL="Main" DESCRIPTION="block type Main"/>
    
  </Tags>
  
  <Layout>
    <Page WIDTH="3608" HEIGHT="2706" PHYSICAL_IMG_NR="421" ID="eSc_dummypage_">
      <PrintSpace HPOS="0" VPOS="0" WIDTH="3608" HEIGHT="2706">
        
        <TextBlock HPOS="1484.0" VPOS="644.0" WIDTH="1354.0" HEIGHT="1370.0" ID="eSc_textblock_95606ada" TAGREFS="BT2">
          <Shape><Polygon POINTS="2838 644 2838 2014 1484 2014 1484 644"/></Shape>
          
          
          <TextLine ID="eSc_line_1790188" BASELINE="1810 823 2230 823 2329 827" HPOS="1810.0" VPOS="719.0" WIDTH="523.0" HEIGHT="177.0">
            <Shape><Polygon POINTS="1810 719 2230 719 2333 723 2326 896 2230 892 1810 892"/></Shape>
	    <String CONTENT=" על רעו " HPOS="1810.0" VPOS="719.0" WIDTH="523.0" HEIGHT="177.0"><Glyph ID="char_0" CONTENT=" " GC="1.0"><Shape><Polygon POINTS="2274 721 2267 894 2314 896 2321 723"/></Shape></Glyph><Glyph ID="char_1" CONTENT="ע" GC="1.0"><Shape><Polygon POINTS="2223 719 2223 892 2267 894 2274 721"/></Shape></Glyph><Glyph ID="char_2" CONTENT="ל" GC="1.0"><Shape><Polygon POINTS="2117 719 2117 892 2223 892 2223 719"/></Shape></Glyph><Glyph ID="char_3" CONTENT=" " GC="1.0"><Shape><Polygon POINTS="2011 719 2011 892 2117 892 2117 719"/></Shape></Glyph><Glyph ID="char_4" CONTENT="ר" GC="1.0"><Shape><Polygon POINTS="1928 719 1928 892 2011 892 2011 719"/></Shape></Glyph><Glyph ID="char_5" CONTENT="ע" GC="1.0"><Shape><Polygon POINTS="1881 719 1881 892 1928 892 1928 719"/></Shape></Glyph><Glyph ID="char_6" CONTENT="ו" GC="1.0"><Shape><Polygon POINTS="1846 719 1846 892 1881 892 1881 719"/></Shape></Glyph><Glyph ID="char_7" CONTENT=" " GC="1.0"><Shape><Polygon POINTS="1810 719 1810 892 1846 892 1846 719"/></Shape></Glyph></String>
          </TextLine>

          
          
          <TextLine ID="eSc_line_1790189" BASELINE="1779 1005 2029 1014 2198 1012 2336 1003 2482 985 2595 976" HPOS="1776.0" VPOS="872.0" WIDTH="824.0" HEIGHT="211.0">
            <Shape><Polygon POINTS="1782 901 2032 910 2196 908 2329 899 2469 881 2586 872 2600 1044 2490 1053 2340 1072 2198 1081 2026 1083 1776 1074"/></Shape>
	    <String CONTENT="ולבנימים נתן שלו " HPOS="1776.0" VPOS="872.0" WIDTH="824.0" HEIGHT="211.0"><Glyph ID="char_8" CONTENT="ו" GC="1.0"><Shape><Polygon POINTS="2492 879 2506 1052 2565 1047 2551 875"/></Shape></Glyph><Glyph ID="char_9" CONTENT="ל" GC="1.0"><Shape><Polygon POINTS="2453 883 2474 1055 2506 1052 2492 879"/></Shape></Glyph><Glyph ID="char_10" CONTENT="ב" GC="1.0"><Shape><Polygon POINTS="2407 889 2428 1061 2474 1055 2453 883"/></Shape></Glyph><Glyph ID="char_11" CONTENT="נ" GC="1.0"><Shape><Polygon POINTS="2372 893 2394 1065 2428 1061 2407 889"/></Shape></Glyph><Glyph ID="char_12" CONTENT="י" GC="1.0"><Shape><Polygon POINTS="2338 898 2359 1070 2394 1065 2372 893"/></Shape></Glyph><Glyph ID="char_13" CONTENT="מ" GC="1.0"><Shape><Polygon POINTS="2308 900 2319 1073 2359 1070 2338 898"/></Shape></Glyph><Glyph ID="char_14" CONTENT="י" GC="1.0"><Shape><Polygon POINTS="2273 903 2284 1076 2319 1073 2308 900"/></Shape></Glyph><Glyph ID="char_15" CONTENT="ם" GC="1.0"><Shape><Polygon POINTS="2227 906 2238 1078 2284 1076 2273 903"/></Shape></Glyph><Glyph ID="char_16" CONTENT=" " GC="1.0"><Shape><Polygon POINTS="2186 908 2188 1081 2238 1078 2227 906"/></Shape></Glyph><Glyph ID="char_17" CONTENT="נ" GC="1.0"><Shape><Polygon POINTS="2139 909 2141 1082 2188 1081 2186 908"/></Shape></Glyph><Glyph ID="char_18" CONTENT="ת" GC="1.0"><Shape><Polygon POINTS="2093 909 2095 1082 2141 1082 2139 909"/></Shape></Glyph><Glyph ID="char_19" CONTENT="ן" GC="1.0"><Shape><Polygon POINTS="2069 910 2071 1082 2095 1082 2093 909"/></Shape></Glyph><Glyph ID="char_20" CONTENT=" " GC="1.0"><Shape><Polygon POINTS="2027 910 2020 1083 2071 1082 2069 910"/></Shape></Glyph><Glyph ID="char_21" CONTENT="ש" GC="1.0"><Shape><Polygon POINTS="1969 908 1962 1081 2020 1083 2027 910"/></Shape></Glyph><Glyph ID="char_22" CONTENT="ל" GC="1.0"><Shape><Polygon POINTS="1911 906 1904 1079 1962 1081 1969 908"/></Shape></Glyph><Glyph ID="char_23" CONTENT="ו" GC="1.0"><Shape><Polygon POINTS="1864 904 1857 1077 1904 1079 1911 906"/></Shape></Glyph><Glyph ID="char_24" CONTENT=" " GC="1.0"><Shape><Polygon POINTS="1794 901 1787 1074 1857 1077 1864 904"/></Shape></Glyph></String>
          </TextLine>

          
          
          <TextLine ID="eSc_line_1790190" BASELINE="1533 1206 1641 1210 1756 1204 1909 1201 2144 1188 2437 1163 2541 1159 2622 1161" HPOS="1530.0" VPOS="1055.0" WIDTH="1094.0" HEIGHT="224.0">
            <Shape><Polygon POINTS="1536 1102 1644 1106 1750 1100 1906 1097 2138 1084 2428 1059 2537 1055 2624 1057 2620 1230 2543 1228 2442 1231 2147 1257 1910 1270 1759 1273 1638 1279 1530 1275"/></Shape>
	    <String CONTENT="עשרה חמורים נושיאי " HPOS="1530.0" VPOS="1055.0" WIDTH="1094.0" HEIGHT="224.0"><Glyph ID="char_25" CONTENT="ע" GC="1.0"><Shape><Polygon POINTS="2489 1057 2496 1229 2584 1229 2589 1056"/></Shape></Glyph><Glyph ID="char_26" CONTENT="ש" GC="1.0"><Shape><Polygon POINTS="2403 1061 2418 1233 2496 1229 2489 1057"/></Shape></Glyph><Glyph ID="char_27" CONTENT="ר" GC="1.0"><Shape><Polygon POINTS="2334 1067 2348 1239 2418 1233 2403 1061"/></Shape></Glyph><Glyph ID="char_28" CONTENT="ה" GC="1.0"><Shape><Polygon POINTS="2300 1070 2315 1242 2348 1239 2334 1067"/></Shape></Glyph><Glyph ID="char_29" CONTENT=" " GC="1.0"><Shape><Polygon POINTS="2242 1075 2257 1247 2315 1242 2300 1070"/></Shape></Glyph><Glyph ID="char_30" CONTENT="ח" GC="1.0"><Shape><Polygon POINTS="2184 1080 2199 1252 2257 1247 2242 1075"/></Shape></Glyph><Glyph ID="char_31" CONTENT="מ" GC="1.0"><Shape><Polygon POINTS="2137 1084 2152 1257 2199 1252 2184 1080"/></Shape></Glyph><Glyph ID="char_32" CONTENT="ו" GC="1.0"><Shape><Polygon POINTS="2083 1087 2092 1260 2152 1257 2137 1084"/></Shape></Glyph><Glyph ID="char_33" CONTENT="ר" GC="1.0"><Shape><Polygon POINTS="2037 1090 2046 1263 2092 1260 2083 1087"/></Shape></Glyph><Glyph ID="char_34" CONTENT="י" GC="1.0"><Shape><Polygon POINTS="1979 1093 1988 1266 2046 1263 2037 1090"/></Shape></Glyph><Glyph ID="char_35" CONTENT="ם" GC="1.0"><Shape><Polygon POINTS="1932 1096 1941 1268 1988 1266 1979 1093"/></Shape></Glyph><Glyph ID="char_36" CONTENT=" " GC="1.0"><Shape><Polygon POINTS="1901 1097 1904 1270 1941 1268 1932 1096"/></Shape></Glyph><Glyph ID="char_37" CONTENT="נ" GC="1.0"><Shape><Polygon POINTS="1855 1098 1858 1271 1904 1270 1901 1097"/></Shape></Glyph><Glyph ID="char_38" CONTENT="ו" GC="1.0"><Shape><Polygon POINTS="1820 1099 1823 1272 1858 1271 1855 1098"/></Shape></Glyph><Glyph ID="char_39" CONTENT="ש" GC="1.0"><Shape><Polygon POINTS="1747 1100 1756 1273 1823 1272 1820 1099"/></Shape></Glyph><Glyph ID="char_40" CONTENT="י" GC="1.0"><Shape><Polygon POINTS="1677 1104 1686 1277 1756 1273 1747 1100"/></Shape></Glyph><Glyph ID="char_41" CONTENT="א" GC="1.0"><Shape><Polygon POINTS="1630 1105 1622 1278 1686 1277 1677 1104"/></Shape></Glyph><Glyph ID="char_42" CONTENT="י" GC="1.0"><Shape><Polygon POINTS="1572 1103 1564 1276 1622 1278 1630 1105"/></Shape></Glyph><Glyph ID="char_43" CONTENT=" " GC="1.0"><Shape><Polygon POINTS="1532 1205 1566 1206"/></Shape></Glyph></String>
          </TextLine>

          
          
          <TextLine ID="eSc_line_1790191" BASELINE="1562 1366 2349 1348 2640 1325" HPOS="1559.0" VPOS="1221.0" WIDTH="1086.0" HEIGHT="214.0">
            <Shape><Polygon POINTS="1559 1262 2346 1244 2631 1221 2645 1393 2350 1417 1563 1435"/></Shape>
	    <String CONTENT="בר לחם ומזון לאביהו לד " HPOS="1559.0" VPOS="1221.0" WIDTH="1086.0" HEIGHT="214.0"><Glyph ID="char_44" CONTENT="ב" GC="1.0"><Shape><Polygon POINTS="2515 1230 2529 1402 2609 1396 2596 1224"/></Shape></Glyph><Glyph ID="char_45" CONTENT="ר" GC="1.0"><Shape><Polygon POINTS="2480 1233 2494 1405 2529 1402 2515 1230"/></Shape></Glyph><Glyph ID="char_46" CONTENT=" " GC="1.0"><Shape><Polygon POINTS="2445 1236 2459 1408 2494 1405 2480 1233"/></Shape></Glyph><Glyph ID="char_47" CONTENT="ל" GC="1.0"><Shape><Polygon POINTS="2399 1240 2413 1412 2459 1408 2445 1236"/></Shape></Glyph><Glyph ID="char_48" CONTENT="ח" GC="1.0"><Shape><Polygon POINTS="2342 1244 2355 1417 2413 1412 2399 1240"/></Shape></Glyph><Glyph ID="char_49" CONTENT="ם" GC="1.0"><Shape><Polygon POINTS="2277 1246 2281 1419 2355 1417 2342 1244"/></Shape></Glyph><Glyph ID="char_50" CONTENT=" " GC="1.0"><Shape><Polygon POINTS="2231 1247 2235 1420 2281 1419 2277 1246"/></Shape></Glyph><Glyph ID="char_51" CONTENT="ו" GC="1.0"><Shape><Polygon POINTS="2185 1248 2189 1421 2235 1420 2231 1247"/></Shape></Glyph><Glyph ID="char_52" CONTENT="מ" GC="1.0"><Shape><Polygon POINTS="2138 1249 2142 1422 2189 1421 2185 1248"/></Shape></Glyph><Glyph ID="char_53" CONTENT="ז" GC="1.0"><Shape><Polygon POINTS="2092 1250 2096 1423 2142 1422 2138 1249"/></Shape></Glyph><Glyph ID="char_54" CONTENT="ו" GC="1.0"><Shape><Polygon POINTS="2068 1250 2072 1423 2096 1423 2092 1250"/></Shape></Glyph><Glyph ID="char_55" CONTENT="ן" GC="1.0"><Shape><Polygon POINTS="2035 1251 2038 1424 2072 1423 2068 1250"/></Shape></Glyph><Glyph ID="char_56" CONTENT=" " GC="1.0"><Shape><Polygon POINTS="2000 1252 2003 1425 2038 1424 2035 1251"/></Shape></Glyph><Glyph ID="char_57" CONTENT="ל" GC="1.0"><Shape><Polygon POINTS="1942 1253 1945 1426 2003 1425 2000 1252"/></Shape></Glyph><Glyph ID="char_58" CONTENT="א" GC="1.0"><Shape><Polygon POINTS="1884 1255 1887 1428 1945 1426 1942 1253"/></Shape></Glyph><Glyph ID="char_59" CONTENT="ב" GC="1.0"><Shape><Polygon POINTS="1826 1256 1830 1429 1887 1428 1884 1255"/></Shape></Glyph><Glyph ID="char_60" CONTENT="י" GC="1.0"><Shape><Polygon POINTS="1768 1257 1772 1430 1830 1429 1826 1256"/></Shape></Glyph><Glyph ID="char_61" CONTENT="ה" GC="1.0"><Shape><Polygon POINTS="1721 1258 1725 1431 1772 1430 1768 1257"/></Shape></Glyph><Glyph ID="char_62" CONTENT="ו" GC="1.0"><Shape><Polygon POINTS="1698 1259 1702 1432 1725 1431 1721 1258"/></Shape></Glyph><Glyph ID="char_63" CONTENT=" " GC="1.0"><Shape><Polygon POINTS="1663 1260 1667 1433 1702 1432 1698 1259"/></Shape></Glyph><Glyph ID="char_64" CONTENT="ל" GC="1.0"><Shape><Polygon POINTS="1617 1261 1621 1434 1667 1433 1663 1260"/></Shape></Glyph><Glyph ID="char_65" CONTENT="ד" GC="1.0"><Shape><Polygon POINTS="1582 1261 1586 1434 1621 1434 1617 1261"/></Shape></Glyph><Glyph ID="char_66" CONTENT=" " GC="1.0"><Shape><Polygon POINTS="1561 1366 1583 1365"/></Shape></Glyph></String>
          </TextLine>

          
          
          <TextLine ID="eSc_line_1790192" BASELINE="1646 1549 1713 1555 1815 1555 2216 1544 2676 1544" HPOS="1639.0" VPOS="1440.0" WIDTH="1037.0" HEIGHT="184.0">
            <Shape><Polygon POINTS="1655 1445 1722 1451 1815 1451 2213 1440 2676 1440 2676 1613 2217 1613 1815 1624 1706 1623 1639 1617"/></Shape>
	    <String CONTENT="תתר ו בדרך ויעלו מצ " HPOS="1639.0" VPOS="1440.0" WIDTH="1037.0" HEIGHT="184.0"><Glyph ID="char_67" CONTENT="ת" GC="1.0"><Shape><Polygon POINTS="2558 1440 2558 1613 2640 1613 2640 1440"/></Shape></Glyph><Glyph ID="char_68" CONTENT="ת" GC="1.0"><Shape><Polygon POINTS="2499 1440 2499 1613 2558 1613 2558 1440"/></Shape></Glyph><Glyph ID="char_69" CONTENT="ר" GC="1.0"><Shape><Polygon POINTS="2452 1440 2452 1613 2499 1613 2499 1440"/></Shape></Glyph><Glyph ID="char_70" CONTENT=" " GC="1.0"><Shape><Polygon POINTS="2394 1440 2394 1613 2452 1613 2452 1440"/></Shape></Glyph><Glyph ID="char_71" CONTENT="ו" GC="1.0"><Shape><Polygon POINTS="2335 1440 2335 1613 2394 1613 2394 1440"/></Shape></Glyph><Glyph ID="char_72" CONTENT=" " GC="1.0"><Shape><Polygon POINTS="2300 1440 2300 1613 2335 1613 2335 1440"/></Shape></Glyph><Glyph ID="char_73" CONTENT="ב" GC="1.0"><Shape><Polygon POINTS="2241 1440 2241 1613 2300 1613 2300 1440"/></Shape></Glyph><Glyph ID="char_74" CONTENT="ד" GC="1.0"><Shape><Polygon POINTS="2181 1441 2185 1614 2241 1613 2241 1440"/></Shape></Glyph><Glyph ID="char_75" CONTENT="ר" GC="1.0"><Shape><Polygon POINTS="2111 1443 2115 1616 2185 1614 2181 1441"/></Shape></Glyph><Glyph ID="char_76" CONTENT="ך" GC="1.0"><Shape><Polygon POINTS="2064 1444 2068 1617 2115 1616 2111 1443"/></Shape></Glyph><Glyph ID="char_77" CONTENT=" " GC="1.0"><Shape><Polygon POINTS="2029 1445 2033 1618 2068 1617 2064 1444"/></Shape></Glyph><Glyph ID="char_78" CONTENT="ו" GC="1.0"><Shape><Polygon POINTS="1982 1446 1986 1619 2033 1618 2029 1445"/></Shape></Glyph><Glyph ID="char_79" CONTENT="י" GC="1.0"><Shape><Polygon POINTS="1923 1448 1927 1621 1986 1619 1982 1446"/></Shape></Glyph><Glyph ID="char_80" CONTENT="ע" GC="1.0"><Shape><Polygon POINTS="1876 1449 1881 1622 1927 1621 1923 1448"/></Shape></Glyph><Glyph ID="char_81" CONTENT="ל" GC="1.0"><Shape><Polygon POINTS="1841 1450 1846 1623 1881 1622 1876 1449"/></Shape></Glyph><Glyph ID="char_82" CONTENT="ו" GC="1.0"><Shape><Polygon POINTS="1809 1451 1809 1624 1846 1623 1841 1450"/></Shape></Glyph><Glyph ID="char_83" CONTENT=" " GC="1.0"><Shape><Polygon POINTS="1774 1451 1774 1624 1809 1624 1809 1451"/></Shape></Glyph><Glyph ID="char_84" CONTENT="מ" GC="1.0"><Shape><Polygon POINTS="1715 1450 1715 1623 1774 1624 1774 1451"/></Shape></Glyph><Glyph ID="char_85" CONTENT="צ" GC="1.0"><Shape><Polygon POINTS="1690 1448 1673 1620 1715 1623 1715 1450"/></Shape></Glyph><Glyph ID="char_86" CONTENT=" " GC="1.0"><Shape><Polygon POINTS="1645 1548 1679 1551"/></Shape></Glyph></String>
          </TextLine>

          
          
          <TextLine ID="eSc_line_1790193" BASELINE="1713 1711 2135 1718 2473 1707 2554 1700 2624 1700 2663 1707" HPOS="1711.0" VPOS="1596.0" WIDTH="970.0" HEIGHT="191.0">
            <Shape><Polygon POINTS="1714 1607 2136 1614 2469 1603 2545 1596 2624 1596 2681 1604 2650 1775 2624 1769 2559 1768 2475 1776 2133 1787 1711 1780"/></Shape>
	    <String CONTENT="ויגידו לו לאמור עוד יה " HPOS="1711.0" VPOS="1596.0" WIDTH="970.0" HEIGHT="191.0"><Glyph ID="char_87" CONTENT="ו" GC="1.0"><Shape><Polygon POINTS="2591 1596 2591 1768 2626 1770 2657 1601"/></Shape></Glyph><Glyph ID="char_88" CONTENT="י" GC="1.0"><Shape><Polygon POINTS="2556 1596 2556 1768 2591 1768 2591 1596"/></Shape></Glyph><Glyph ID="char_89" CONTENT="ג" GC="1.0"><Shape><Polygon POINTS="2501 1600 2516 1772 2556 1768 2556 1596"/></Shape></Glyph><Glyph ID="char_90" CONTENT="י" GC="1.0"><Shape><Polygon POINTS="2459 1603 2465 1776 2516 1772 2501 1600"/></Shape></Glyph><Glyph ID="char_91" CONTENT="ד" GC="1.0"><Shape><Polygon POINTS="2412 1605 2418 1778 2465 1776 2459 1603"/></Shape></Glyph><Glyph ID="char_92" CONTENT="ו" GC="1.0"><Shape><Polygon POINTS="2377 1606 2383 1779 2418 1778 2412 1605"/></Shape></Glyph><Glyph ID="char_93" CONTENT=" " GC="1.0"><Shape><Polygon POINTS="2354 1607 2360 1780 2383 1779 2377 1606"/></Shape></Glyph><Glyph ID="char_94" CONTENT="ל" GC="1.0"><Shape><Polygon POINTS="2318 1608 2324 1781 2360 1780 2354 1607"/></Shape></Glyph><Glyph ID="char_95" CONTENT="ו" GC="1.0"><Shape><Polygon POINTS="2283 1609 2289 1782 2324 1781 2318 1608"/></Shape></Glyph><Glyph ID="char_96" CONTENT=" " GC="1.0"><Shape><Polygon POINTS="2260 1610 2266 1783 2289 1782 2283 1609"/></Shape></Glyph><Glyph ID="char_97" CONTENT="ל" GC="1.0"><Shape><Polygon POINTS="2225 1611 2231 1784 2266 1783 2260 1610"/></Shape></Glyph><Glyph ID="char_98" CONTENT="א" GC="1.0"><Shape><Polygon POINTS="2179 1613 2184 1785 2231 1784 2225 1611"/></Shape></Glyph><Glyph ID="char_99" CONTENT="מ" GC="1.0"><Shape><Polygon POINTS="2137 1614 2134 1787 2184 1785 2179 1613"/></Shape></Glyph><Glyph ID="char_100" CONTENT="ו" GC="1.0"><Shape><Polygon POINTS="2090 1613 2087 1786 2134 1787 2137 1614"/></Shape></Glyph><Glyph ID="char_101" CONTENT="ר" GC="1.0"><Shape><Polygon POINTS="2055 1613 2052 1786 2087 1786 2090 1613"/></Shape></Glyph><Glyph ID="char_102" CONTENT=" " GC="1.0"><Shape><Polygon POINTS="2019 1612 2016 1785 2052 1786 2055 1613"/></Shape></Glyph><Glyph ID="char_103" CONTENT="ע" GC="1.0"><Shape><Polygon POINTS="1972 1611 1969 1784 2016 1785 2019 1612"/></Shape></Glyph><Glyph ID="char_104" CONTENT="ו" GC="1.0"><Shape><Polygon POINTS="1925 1610 1922 1783 1969 1784 1972 1611"/></Shape></Glyph><Glyph ID="char_105" CONTENT="ד" GC="1.0"><Shape><Polygon POINTS="1879 1610 1876 1783 1922 1783 1925 1610"/></Shape></Glyph><Glyph ID="char_106" CONTENT=" " GC="1.0"><Shape><Polygon POINTS="1843 1609 1840 1782 1876 1783 1879 1610"/></Shape></Glyph><Glyph ID="char_107" CONTENT="י" GC="1.0"><Shape><Polygon POINTS="1785 1608 1782 1781 1840 1782 1843 1609"/></Shape></Glyph><Glyph ID="char_108" CONTENT="ה" GC="1.0"><Shape><Polygon POINTS="1749 1608 1746 1781 1782 1781 1785 1608"/></Shape></Glyph><Glyph ID="char_109" CONTENT=" " GC="1.0"><Shape><Polygon POINTS="1712 1710 1746 1710"/></Shape></Glyph></String>
          </TextLine>

          
          
          <TextLine ID="eSc_line_1790194" BASELINE="2115 1880 2550 1871 2687 1851" HPOS="2112.0" VPOS="1748.0" WIDTH="584.0" HEIGHT="201.0">
            <Shape><Polygon POINTS="2112 1776 2547 1767 2672 1748 2696 1919 2551 1940 2116 1949"/></Shape>
	    <String CONTENT="ויפג לב כי ל " HPOS="2112.0" VPOS="1748.0" WIDTH="584.0" HEIGHT="201.0"><Glyph ID="char_110" CONTENT="ו" GC="1.0"><Shape><Polygon POINTS="2578 1762 2603 1932 2673 1922 2648 1752"/></Shape></Glyph><Glyph ID="char_111" CONTENT="י" GC="1.0"><Shape><Polygon POINTS="2545 1767 2548 1940 2603 1932 2578 1762"/></Shape></Glyph><Glyph ID="char_112" CONTENT="פ" GC="1.0"><Shape><Polygon POINTS="2510 1768 2513 1941 2548 1940 2545 1767"/></Shape></Glyph><Glyph ID="char_113" CONTENT="ג" GC="1.0"><Shape><Polygon POINTS="2475 1768 2478 1942 2513 1941 2510 1768"/></Shape></Glyph><Glyph ID="char_114" CONTENT=" " GC="1.0"><Shape><Polygon POINTS="2440 1769 2443 1942 2478 1942 2475 1768"/></Shape></Glyph><Glyph ID="char_115" CONTENT="ל" GC="1.0"><Shape><Polygon POINTS="2405 1770 2408 1943 2443 1942 2440 1769"/></Shape></Glyph><Glyph ID="char_116" CONTENT="ב" GC="1.0"><Shape><Polygon POINTS="2346 1771 2349 1944 2408 1943 2405 1770"/></Shape></Glyph><Glyph ID="char_117" CONTENT=" " GC="1.0"><Shape><Polygon POINTS="2299 1772 2302 1945 2349 1944 2346 1771"/></Shape></Glyph><Glyph ID="char_118" CONTENT="כ" GC="1.0"><Shape><Polygon POINTS="2264 1773 2267 1946 2302 1945 2299 1772"/></Shape></Glyph><Glyph ID="char_119" CONTENT="י" GC="1.0"><Shape><Polygon POINTS="2229 1774 2232 1947 2267 1946 2264 1773"/></Shape></Glyph><Glyph ID="char_120" CONTENT=" " GC="1.0"><Shape><Polygon POINTS="2194 1774 2197 1947 2232 1947 2229 1774"/></Shape></Glyph><Glyph ID="char_121" CONTENT="ל" GC="1.0"><Shape><Polygon POINTS="2171 1775 2174 1948 2197 1947 2194 1774"/></Shape></Glyph><Glyph ID="char_122" CONTENT=" " GC="1.0"><Shape><Polygon POINTS="2124 1776 2127 1949 2174 1948 2171 1775"/></Shape></Glyph></String>
          </TextLine>

          
        </TextBlock>
        

        
      </PrintSpace>
    </Page>
  </Layout>
</alto>