<?xml version='1.0' encoding='UTF-8'?>
<alto xmlns:xsi="http://www.w3.org/2001/XMLSchema-instance" xmlns="http://www.loc.gov/standards/alto/ns-v4#" xsi:schemaLocation="http://www.loc.gov/standards/alto/ns-v4# http://www.loc.gov/standards/alto/v4/alto-4-2.xsd">
  <Description>
    <MeasurementUnit>pixel</MeasurementUnit>
    <sourceImageInformation>
      <fileName>P494-Fg013-R-C01-R01-D19112013-T125452-LR924_012.jpg</fileName>
      
    </sourceImageInformation>
  </Description>
  
  <Tags>
    <OtherTag ID="BT1443" LABEL="Parchment_or_papyrus" DESCRIPTION="block type Parchment_or_papyrus"/><OtherTag ID="BT2" LABEL="Main" DESCRIPTION="block type Main"/>
    
  </Tags>
  
  <Layout>
    <Page WIDTH="3608" HEIGHT="2706" PHYSICAL_IMG_NR="389" ID="eSc_dummypage_">
      <PrintSpace HPOS="0" VPOS="0" WIDTH="3608" HEIGHT="2706">
        
        <TextBlock HPOS="1855.0" VPOS="891.0" WIDTH="736.0" HEIGHT="672.0" ID="eSc_textblock_adc675cf" TAGREFS="BT2">
          <Shape><Polygon POINTS="1855 891 1855 1563 2591 1563 2591 891"/></Shape>
          
          
          <TextLine ID="eSc_line_1790214" BASELINE="2065 1012 2354 1028" HPOS="2062.0" VPOS="936.0" WIDTH="296.0" HEIGHT="142.0">
            <Shape><Polygon POINTS="2069 936 2358 952 2351 1078 2062 1062"/></Shape>
	    <String CONTENT=" תי הונו " HPOS="2062.0" VPOS="936.0" WIDTH="296.0" HEIGHT="142.0"><Glyph ID="char_0" CONTENT=" " GC="1.0"><Shape><Polygon POINTS="2281 948 2274 1074 2334 1077 2341 951"/></Shape></Glyph><Glyph ID="char_1" CONTENT="ת" GC="1.0"><Shape><Polygon POINTS="2230 945 2223 1071 2274 1074 2281 948"/></Shape></Glyph><Glyph ID="char_2" CONTENT="י" GC="1.0"><Shape><Polygon POINTS="2213 944 2206 1070 2223 1071 2230 945"/></Shape></Glyph><Glyph ID="char_3" CONTENT=" " GC="1.0"><Shape><Polygon POINTS="2187 943 2180 1069 2206 1070 2213 944"/></Shape></Glyph><Glyph ID="char_4" CONTENT="ה" GC="1.0"><Shape><Polygon POINTS="2136 940 2129 1066 2180 1069 2187 943"/></Shape></Glyph><Glyph ID="char_5" CONTENT="ו" GC="1.0"><Shape><Polygon POINTS="2102 938 2095 1064 2129 1066 2136 940"/></Shape></Glyph><Glyph ID="char_6" CONTENT="נ" GC="1.0"><Shape><Polygon POINTS="2094 937 2087 1063 2095 1064 2102 938"/></Shape></Glyph><Glyph ID="char_7" CONTENT="ו" GC="1.0"><Shape><Polygon POINTS="2085 937 2078 1063 2087 1063 2094 937"/></Shape></Glyph><Glyph ID="char_8" CONTENT=" " GC="1.0"><Shape><Polygon POINTS="2064 1011 2080 1011"/></Shape></Glyph></String>
          </TextLine>

          
          
          <TextLine ID="eSc_line_1790215" BASELINE="1975 1107 2245 1156 2349 1165 2489 1170" HPOS="1966.0" VPOS="1032.0" WIDTH="525.0" HEIGHT="188.0">
            <Shape><Polygon POINTS="1988 1032 2258 1081 2355 1089 2491 1094 2487 1220 2344 1215 2236 1205 1966 1156"/></Shape>
	    <String CONTENT=" חסורכה קח מיד " HPOS="1966.0" VPOS="1032.0" WIDTH="525.0" HEIGHT="188.0"><Glyph ID="char_9" CONTENT=" " GC="1.0"><Shape><Polygon POINTS="2440 1092 2435 1218 2477 1220 2482 1094"/></Shape></Glyph><Glyph ID="char_10" CONTENT="ח" GC="1.0"><Shape><Polygon POINTS="2389 1090 2384 1216 2435 1218 2440 1092"/></Shape></Glyph><Glyph ID="char_11" CONTENT="ס" GC="1.0"><Shape><Polygon POINTS="2355 1089 2350 1215 2384 1216 2389 1090"/></Shape></Glyph><Glyph ID="char_12" CONTENT="ו" GC="1.0"><Shape><Polygon POINTS="2325 1087 2314 1212 2350 1215 2355 1089"/></Shape></Glyph><Glyph ID="char_13" CONTENT="ר" GC="1.0"><Shape><Polygon POINTS="2291 1084 2280 1209 2314 1212 2325 1087"/></Shape></Glyph><Glyph ID="char_14" CONTENT="כ" GC="1.0"><Shape><Polygon POINTS="2255 1081 2232 1204 2280 1209 2291 1084"/></Shape></Glyph><Glyph ID="char_15" CONTENT="ה" GC="1.0"><Shape><Polygon POINTS="2231 1076 2208 1200 2232 1204 2255 1081"/></Shape></Glyph><Glyph ID="char_16" CONTENT=" " GC="1.0"><Shape><Polygon POINTS="2197 1070 2174 1194 2208 1200 2231 1076"/></Shape></Glyph><Glyph ID="char_17" CONTENT="ק" GC="1.0"><Shape><Polygon POINTS="2155 1062 2132 1186 2174 1194 2197 1070"/></Shape></Glyph><Glyph ID="char_18" CONTENT="ח" GC="1.0"><Shape><Polygon POINTS="2121 1056 2099 1180 2132 1186 2155 1062"/></Shape></Glyph><Glyph ID="char_19" CONTENT=" " GC="1.0"><Shape><Polygon POINTS="2097 1052 2074 1176 2099 1180 2121 1056"/></Shape></Glyph><Glyph ID="char_20" CONTENT="מ" GC="1.0"><Shape><Polygon POINTS="2071 1047 2048 1171 2074 1176 2097 1052"/></Shape></Glyph><Glyph ID="char_21" CONTENT="י" GC="1.0"><Shape><Polygon POINTS="2047 1043 2024 1166 2048 1171 2071 1047"/></Shape></Glyph><Glyph ID="char_22" CONTENT="ד" GC="1.0"><Shape><Polygon POINTS="2013 1037 1990 1160 2024 1166 2047 1043"/></Shape></Glyph><Glyph ID="char_23" CONTENT=" " GC="1.0"><Shape><Polygon POINTS="1974 1106 1999 1110"/></Shape></Glyph></String>
          </TextLine>

          
          
          <TextLine ID="eSc_line_1790217" BASELINE="1876 1199 1921 1190 1970 1197 2043 1228 2099 1247 2205 1265 2270 1287 2358 1310 2410 1314 2473 1303" HPOS="1861.0" VPOS="1115.0" WIDTH="620.0" HEIGHT="249.0">
            <Shape><Polygon POINTS="1861 1124 1906 1115 1980 1122 2072 1158 2123 1175 2217 1190 2294 1215 2377 1236 2415 1238 2459 1228 2481 1352 2406 1364 2345 1358 2253 1334 2196 1314 2082 1294 2023 1274 1962 1246 1930 1239 1885 1248"/></Shape>
	    <String CONTENT=" א ימצא אל ישו " HPOS="1861.0" VPOS="1115.0" WIDTH="620.0" HEIGHT="249.0"><Glyph ID="char_24" CONTENT=" " GC="1.0"><Shape><Polygon POINTS="2386 1236 2376 1361 2456 1356 2434 1234"/></Shape></Glyph><Glyph ID="char_25" CONTENT="א" GC="1.0"><Shape><Polygon POINTS="2349 1229 2317 1351 2376 1361 2386 1236"/></Shape></Glyph><Glyph ID="char_26" CONTENT=" " GC="1.0"><Shape><Polygon POINTS="2316 1221 2285 1342 2317 1351 2349 1229"/></Shape></Glyph><Glyph ID="char_27" CONTENT="י" GC="1.0"><Shape><Polygon POINTS="2281 1211 2241 1330 2285 1342 2316 1221"/></Shape></Glyph><Glyph ID="char_28" CONTENT="מ" GC="1.0"><Shape><Polygon POINTS="2233 1195 2193 1314 2241 1330 2281 1211"/></Shape></Glyph><Glyph ID="char_29" CONTENT="צ" GC="1.0"><Shape><Polygon POINTS="2180 1184 2159 1307 2193 1314 2233 1195"/></Shape></Glyph><Glyph ID="char_30" CONTENT="א" GC="1.0"><Shape><Polygon POINTS="2155 1180 2134 1303 2159 1307 2180 1184"/></Shape></Glyph><Glyph ID="char_31" CONTENT=" " GC="1.0"><Shape><Polygon POINTS="2130 1176 2110 1299 2134 1303 2155 1180"/></Shape></Glyph><Glyph ID="char_32" CONTENT="א" GC="1.0"><Shape><Polygon POINTS="2109 1170 2069 1290 2110 1299 2130 1176"/></Shape></Glyph><Glyph ID="char_33" CONTENT="ל" GC="1.0"><Shape><Polygon POINTS="2085 1162 2044 1281 2069 1290 2109 1170"/></Shape></Glyph><Glyph ID="char_34" CONTENT=" " GC="1.0"><Shape><Polygon POINTS="2066 1156 2017 1271 2044 1281 2085 1162"/></Shape></Glyph><Glyph ID="char_35" CONTENT="י" GC="1.0"><Shape><Polygon POINTS="2043 1147 1995 1261 2017 1271 2066 1156"/></Shape></Glyph><Glyph ID="char_36" CONTENT="ש" GC="1.0"><Shape><Polygon POINTS="2011 1134 1964 1247 1995 1261 2043 1147"/></Shape></Glyph><Glyph ID="char_37" CONTENT="ו" GC="1.0"><Shape><Polygon POINTS="1943 1119 1926 1240 1964 1247 2011 1134"/></Shape></Glyph><Glyph ID="char_38" CONTENT=" " GC="1.0"><Shape><Polygon POINTS="1869 1122 1893 1246 1926 1240 1943 1119"/></Shape></Glyph></String>
          </TextLine>

          
          
          <TextLine ID="eSc_line_1790218" BASELINE="1889 1319 1970 1355 1968 1357 2024 1368 2347 1501 2464 1492" HPOS="1571.22" VPOS="1233.1" WIDTH="895.78" HEIGHT="313.9000000000001">
            <Shape><Polygon POINTS="1919 1249 2000 1285 2021 1410 2038 1293 2375 1431 2458 1416 2467 1542 2327 1547 1571.22 1233.1 2031.75 1437.78 1949 1401 1868 1365"/></Shape>
	    <String CONTENT=" של " HPOS="1571.22" VPOS="1233.1" WIDTH="895.78" HEIGHT="313.9000000000001"><Glyph ID="char_39" CONTENT=" " GC="1.0"><Shape><Polygon POINTS="2399 1427 2408 1544 2446 1543 2437 1420"/></Shape></Glyph><Glyph ID="char_40" CONTENT="ש" GC="1.0"><Shape><Polygon POINTS="2360 1425 2369 1545 2408 1544 2399 1427"/></Shape></Glyph><Glyph ID="char_41" CONTENT="ל" GC="1.0"><Shape><Polygon POINTS="2358 1424 2310 1540 2369 1545 2360 1425"/></Shape></Glyph><Glyph ID="char_42" CONTENT=" " GC="1.0"><Shape><Polygon POINTS="2110 1322 2063 1437 2310 1540 2358 1424"/></Shape></Glyph></String>
          </TextLine>

          
        </TextBlock>
        

        
      </PrintSpace>
    </Page>
  </Layout>
</alto>