<?xml version='1.0' encoding='UTF-8'?>
<alto xmlns:xsi="http://www.w3.org/2001/XMLSchema-instance" xmlns="http://www.loc.gov/standards/alto/ns-v4#" xsi:schemaLocation="http://www.loc.gov/standards/alto/ns-v4# http://www.loc.gov/standards/alto/v4/alto-4-2.xsd">
  <Description>
    <MeasurementUnit>pixel</MeasurementUnit>
    <sourceImageInformation>
      <fileName>P5-Fg006-R-C01-R01-D03082014-T122644-LR924_012.jpg</fileName>
      
    </sourceImageInformation>
  </Description>
  
  <Tags>
    <OtherTag ID="BT1443" LABEL="Parchment_or_papyrus" DESCRIPTION="block type Parchment_or_papyrus"/><OtherTag ID="BT2" LABEL="Main" DESCRIPTION="block type Main"/>
    
  </Tags>
  
  <Layout>
    <Page WIDTH="3608" HEIGHT="2706" PHYSICAL_IMG_NR="241" ID="eSc_dummypage_">
      <PrintSpace HPOS="0" VPOS="0" WIDTH="3608" HEIGHT="2706">
        
        <TextBlock HPOS="1611.0" VPOS="875.0" WIDTH="736.0" HEIGHT="844.0" ID="eSc_textblock_938ab08f" TAGREFS="BT2">
          <Shape><Polygon POINTS="1611 875 1611 1719 2347 1719 2347 875"/></Shape>
          
          
          <TextLine ID="eSc_line_1791538" BASELINE="1764 982 2232 998" HPOS="1762.0" VPOS="895.0" WIDTH="472.0" HEIGHT="160.0">
            <Shape><Polygon POINTS="1766 895 2234 911 2230 1055 1762 1039"/></Shape>
	    <String CONTENT=" ך להם " HPOS="1762.0" VPOS="895.0" WIDTH="472.0" HEIGHT="160.0"><Glyph ID="char_0" CONTENT=" " GC="1.0"><Shape><Polygon POINTS="2099 906 2094 1050 2192 1054 2197 910"/></Shape></Glyph><Glyph ID="char_1" CONTENT="ך" GC="1.0"><Shape><Polygon POINTS="2030 904 2025 1048 2094 1050 2099 906"/></Shape></Glyph><Glyph ID="char_2" CONTENT=" " GC="1.0"><Shape><Polygon POINTS="2011 903 2006 1047 2025 1048 2030 904"/></Shape></Glyph><Glyph ID="char_3" CONTENT="ל" GC="1.0"><Shape><Polygon POINTS="1952 901 1947 1045 2006 1047 2011 903"/></Shape></Glyph><Glyph ID="char_4" CONTENT="ה" GC="1.0"><Shape><Polygon POINTS="1913 900 1908 1044 1947 1045 1952 901"/></Shape></Glyph><Glyph ID="char_5" CONTENT="ם" GC="1.0"><Shape><Polygon POINTS="1893 899 1888 1043 1908 1044 1913 900"/></Shape></Glyph><Glyph ID="char_6" CONTENT=" " GC="1.0"><Shape><Polygon POINTS="1815 897 1810 1041 1888 1043 1893 899"/></Shape></Glyph></String>
          </TextLine>

          
          
          <TextLine ID="eSc_line_1786661" BASELINE="1664 1143 1831 1141 1903 1147 1986 1145 2061 1138 2178 1138 2245 1143" HPOS="1662.0" VPOS="1051.0" WIDTH="589.0" HEIGHT="153.0">
            <Shape><Polygon POINTS="1662 1056 1829 1054 1910 1060 1983 1058 2052 1051 2178 1051 2251 1056 2240 1200 2178 1196 2066 1195 1987 1202 1898 1204 1831 1198 1664 1200"/></Shape>
	    <String CONTENT=" שבעת ימי " HPOS="1662.0" VPOS="1051.0" WIDTH="589.0" HEIGHT="153.0"><Glyph ID="char_7" CONTENT=" " GC="1.0"><Shape><Polygon POINTS="2137 1051 2137 1196 2201 1197 2212 1053"/></Shape></Glyph><Glyph ID="char_8" CONTENT="ש" GC="1.0"><Shape><Polygon POINTS="2069 1051 2069 1195 2137 1196 2137 1051"/></Shape></Glyph><Glyph ID="char_9" CONTENT="ב" GC="1.0"><Shape><Polygon POINTS="2013 1055 2027 1198 2069 1195 2069 1051"/></Shape></Glyph><Glyph ID="char_10" CONTENT="ע" GC="1.0"><Shape><Polygon POINTS="1971 1058 1974 1202 2027 1198 2013 1055"/></Shape></Glyph><Glyph ID="char_11" CONTENT="ת" GC="1.0"><Shape><Polygon POINTS="1913 1060 1916 1204 1974 1202 1971 1058"/></Shape></Glyph><Glyph ID="char_12" CONTENT=" " GC="1.0"><Shape><Polygon POINTS="1874 1057 1862 1201 1916 1204 1913 1060"/></Shape></Glyph><Glyph ID="char_13" CONTENT="י" GC="1.0"><Shape><Polygon POINTS="1808 1054 1810 1198 1862 1201 1874 1057"/></Shape></Glyph><Glyph ID="char_14" CONTENT="מ" GC="1.0"><Shape><Polygon POINTS="1740 1055 1742 1199 1810 1198 1808 1054"/></Shape></Glyph><Glyph ID="char_15" CONTENT="י" GC="1.0"><Shape><Polygon POINTS="1691 1056 1693 1200 1742 1199 1740 1055"/></Shape></Glyph><Glyph ID="char_16" CONTENT=" " GC="1.0"><Shape><Polygon POINTS="1663 1143 1691 1142"/></Shape></Glyph></String>
          </TextLine>

          
          
          <TextLine ID="eSc_line_1786662" BASELINE="1666 1280 1776 1280 1939 1292 2144 1294 2248 1305" HPOS="1666.0" VPOS="1193.0" WIDTH="591.0" HEIGHT="169.0">
            <Shape><Polygon POINTS="1666 1193 1776 1193 1945 1205 2144 1207 2257 1218 2241 1362 2143 1351 1934 1349 1776 1338 1666 1338"/></Shape>
	    <String CONTENT=" דש קודש " HPOS="1666.0" VPOS="1193.0" WIDTH="591.0" HEIGHT="169.0"><Glyph ID="char_17" CONTENT=" " GC="1.0"><Shape><Polygon POINTS="2217 1214 2202 1358 2232 1361 2247 1217"/></Shape></Glyph><Glyph ID="char_18" CONTENT="ד" GC="1.0"><Shape><Polygon POINTS="2207 1213 2192 1357 2202 1358 2217 1214"/></Shape></Glyph><Glyph ID="char_19" CONTENT="ש" GC="1.0"><Shape><Polygon POINTS="2120 1207 2119 1351 2192 1357 2207 1213"/></Shape></Glyph><Glyph ID="char_20" CONTENT=" " GC="1.0"><Shape><Polygon POINTS="2012 1206 2011 1350 2119 1351 2120 1207"/></Shape></Glyph><Glyph ID="char_21" CONTENT="ק" GC="1.0"><Shape><Polygon POINTS="1943 1205 1942 1349 2011 1350 2012 1206"/></Shape></Glyph><Glyph ID="char_22" CONTENT="ו" GC="1.0"><Shape><Polygon POINTS="1870 1200 1860 1344 1942 1349 1943 1205"/></Shape></Glyph><Glyph ID="char_23" CONTENT="ד" GC="1.0"><Shape><Polygon POINTS="1810 1195 1800 1340 1860 1344 1870 1200"/></Shape></Glyph><Glyph ID="char_24" CONTENT="ש" GC="1.0"><Shape><Polygon POINTS="1735 1193 1735 1338 1800 1340 1810 1195"/></Shape></Glyph><Glyph ID="char_25" CONTENT=" " GC="1.0"><Shape><Polygon POINTS="1666 1193 1666 1338 1735 1338 1735 1193"/></Shape></Glyph></String>
          </TextLine>

          
          
          <TextLine ID="eSc_line_1786663" BASELINE="1623 1416 1869 1420 2257 1436" HPOS="1622.0" VPOS="1329.0" WIDTH="638.0" HEIGHT="164.0">
            <Shape><Polygon POINTS="1624 1329 1870 1333 2260 1349 2254 1493 1868 1477 1622 1473"/></Shape>
	    <String CONTENT=" ש קודשי " HPOS="1622.0" VPOS="1329.0" WIDTH="638.0" HEIGHT="164.0"><Glyph ID="char_26" CONTENT=" " GC="1.0"><Shape><Polygon POINTS="2191 1346 2185 1490 2233 1492 2239 1348"/></Shape></Glyph><Glyph ID="char_27" CONTENT="ש" GC="1.0"><Shape><Polygon POINTS="2122 1343 2116 1487 2185 1490 2191 1346"/></Shape></Glyph><Glyph ID="char_28" CONTENT=" " GC="1.0"><Shape><Polygon POINTS="2025 1339 2019 1483 2116 1487 2122 1343"/></Shape></Glyph><Glyph ID="char_29" CONTENT="ק" GC="1.0"><Shape><Polygon POINTS="1957 1337 1952 1480 2019 1483 2025 1339"/></Shape></Glyph><Glyph ID="char_30" CONTENT="ו" GC="1.0"><Shape><Polygon POINTS="1899 1334 1893 1478 1952 1480 1957 1337"/></Shape></Glyph><Glyph ID="char_31" CONTENT="ד" GC="1.0"><Shape><Polygon POINTS="1829 1332 1826 1476 1893 1478 1899 1334"/></Shape></Glyph><Glyph ID="char_32" CONTENT="ש" GC="1.0"><Shape><Polygon POINTS="1731 1331 1728 1475 1826 1476 1829 1332"/></Shape></Glyph><Glyph ID="char_33" CONTENT="י" GC="1.0"><Shape><Polygon POINTS="1653 1329 1650 1473 1728 1475 1731 1331"/></Shape></Glyph><Glyph ID="char_34" CONTENT=" " GC="1.0"><Shape><Polygon POINTS="1622 1415 1650 1415"/></Shape></Glyph></String>
          </TextLine>

          
          
          <TextLine ID="eSc_line_1786664" BASELINE="1736 1555 2018 1569 2164 1569" HPOS="1733.0" VPOS="1468.0" WIDTH="431.0" HEIGHT="159.0">
            <Shape><Polygon POINTS="1740 1468 2022 1482 2164 1482 2164 1627 2015 1626 1733 1612"/></Shape>
	    <String CONTENT=" קודש " HPOS="1733.0" VPOS="1468.0" WIDTH="431.0" HEIGHT="159.0"><Glyph ID="char_35" CONTENT=" " GC="1.0"><Shape><Polygon POINTS="2027 1482 2027 1626 2115 1627 2115 1482"/></Shape></Glyph><Glyph ID="char_36" CONTENT="ק" GC="1.0"><Shape><Polygon POINTS="1983 1480 1976 1624 2027 1626 2027 1482"/></Shape></Glyph><Glyph ID="char_37" CONTENT="ו" GC="1.0"><Shape><Polygon POINTS="1953 1479 1946 1623 1976 1624 1983 1480"/></Shape></Glyph><Glyph ID="char_38" CONTENT="ד" GC="1.0"><Shape><Polygon POINTS="1915 1477 1908 1621 1946 1623 1953 1479"/></Shape></Glyph><Glyph ID="char_39" CONTENT="ש" GC="1.0"><Shape><Polygon POINTS="1866 1474 1859 1618 1908 1621 1915 1477"/></Shape></Glyph><Glyph ID="char_40" CONTENT=" " GC="1.0"><Shape><Polygon POINTS="1779 1470 1771 1614 1859 1618 1866 1474"/></Shape></Glyph></String>
          </TextLine>

          
        </TextBlock>
        

        
      </PrintSpace>
    </Page>
  </Layout>
</alto>