<?xml version='1.0' encoding='UTF-8'?>
<alto xmlns:xsi="http://www.w3.org/2001/XMLSchema-instance" xmlns="http://www.loc.gov/standards/alto/ns-v4#" xsi:schemaLocation="http://www.loc.gov/standards/alto/ns-v4# http://www.loc.gov/standards/alto/v4/alto-4-2.xsd">
  <Description>
    <MeasurementUnit>pixel</MeasurementUnit>
    <sourceImageInformation>
      <fileName>P504-Fg004-R-C01-R01-D02122012-T125759-LR924 _012.jpg</fileName>
      
    </sourceImageInformation>
  </Description>
  
  <Tags>
    <OtherTag ID="BT1443" LABEL="Parchment_or_papyrus" DESCRIPTION="block type Parchment_or_papyrus"/><OtherTag ID="BT2" LABEL="Main" DESCRIPTION="block type Main"/>
    
  </Tags>
  
  <Layout>
    <Page WIDTH="3608" HEIGHT="2706" PHYSICAL_IMG_NR="14" ID="eSc_dummypage_">
      <PrintSpace HPOS="0" VPOS="0" WIDTH="3608" HEIGHT="2706">
        
        <TextBlock HPOS="1210.0" VPOS="434.0" WIDTH="1521.0" HEIGHT="1747.0" ID="eSc_textblock_afb24554" TAGREFS="BT2">
          <Shape><Polygon POINTS="1226 729 1210 2181 1613 2181 1764 1719 2731 1600 2715 434"/></Shape>
          
          
          <TextLine ID="eSc_line_1773362" BASELINE="1887 622 2251 610" HPOS="1883.0" VPOS="503.0" WIDTH="370.0" HEIGHT="190.0">
            <Shape><Polygon POINTS="1883 515 2247 503 2253 681 1889 693"/></Shape>
	    <String CONTENT=" " HPOS="1883.0" VPOS="503.0" WIDTH="370.0" HEIGHT="190.0"><Glyph ID="char_0" CONTENT=" " GC="1.0"><Shape><Polygon POINTS="1967 512 1973 690 2168 684 2162 506"/></Shape></Glyph></String>
          </TextLine>

          
          
          <TextLine ID="eSc_line_1773363" BASELINE="1393 829 1580 834 1781 816 1867 814 1986 805 2680 766" HPOS="1391.0" VPOS="659.0" WIDTH="1292.0" HEIGHT="246.0">
            <Shape><Polygon POINTS="1395 722 1582 727 1771 709 1864 707 1977 698 2674 659 2683 837 1991 875 1868 885 1787 886 1578 905 1391 900"/></Shape>
	    <String CONTENT=" פ אים המו " HPOS="1391.0" VPOS="659.0" WIDTH="1292.0" HEIGHT="246.0"><Glyph ID="char_1" CONTENT=" " GC="1.0"><Shape><Polygon POINTS="2184 686 2194 864 2457 849 2447 672"/></Shape></Glyph><Glyph ID="char_2" CONTENT="פ" GC="1.0"><Shape><Polygon POINTS="2136 689 2146 866 2194 864 2184 686"/></Shape></Glyph><Glyph ID="char_3" CONTENT=" " GC="1.0"><Shape><Polygon POINTS="2078 692 2088 870 2146 866 2136 689"/></Shape></Glyph><Glyph ID="char_4" CONTENT="א" GC="1.0"><Shape><Polygon POINTS="2030 695 2040 872 2088 870 2078 692"/></Shape></Glyph><Glyph ID="char_5" CONTENT="י" GC="1.0"><Shape><Polygon POINTS="1968 699 1981 876 2040 872 2030 695"/></Shape></Glyph><Glyph ID="char_6" CONTENT="ם" GC="1.0"><Shape><Polygon POINTS="1909 703 1922 881 1981 876 1968 699"/></Shape></Glyph><Glyph ID="char_7" CONTENT=" " GC="1.0"><Shape><Polygon POINTS="1831 708 1835 885 1922 881 1909 703"/></Shape></Glyph><Glyph ID="char_8" CONTENT="ה" GC="1.0"><Shape><Polygon POINTS="1704 715 1720 892 1835 885 1831 708"/></Shape></Glyph><Glyph ID="char_9" CONTENT="מ" GC="1.0"><Shape><Polygon POINTS="1633 722 1649 899 1720 892 1704 715"/></Shape></Glyph><Glyph ID="char_10" CONTENT="ו" GC="1.0"><Shape><Polygon POINTS="1585 727 1601 903 1649 899 1633 722"/></Shape></Glyph><Glyph ID="char_11" CONTENT=" " GC="1.0"><Shape><Polygon POINTS="1467 724 1462 902 1601 903 1585 727"/></Shape></Glyph></String>
          </TextLine>

          
          
          <TextLine ID="eSc_line_1773365" BASELINE="1436 1001 1540 1005 1993 989 2027 971 2365 949 2678 942" HPOS="1433.0" VPOS="835.0" WIDTH="1246.0" HEIGHT="241.0">
            <Shape><Polygon POINTS="1440 894 1544 898 1989 882 1977 876 2358 842 2675 835 2679 1013 2369 1020 2060 1033 1995 1060 1537 1076 1433 1072"/></Shape>
	    <String CONTENT=" יהם רוחי דעת ובינה אמת" HPOS="1433.0" VPOS="835.0" WIDTH="1246.0" HEIGHT="241.0"><Glyph ID="char_12" CONTENT=" " GC="1.0"><Shape><Polygon POINTS="2651 836 2655 1014 2678 1013 2674 835"/></Shape></Glyph><Glyph ID="char_13" CONTENT="י" GC="1.0"><Shape><Polygon POINTS="2603 837 2607 1015 2655 1014 2651 836"/></Shape></Glyph><Glyph ID="char_14" CONTENT="ה" GC="1.0"><Shape><Polygon POINTS="2531 838 2535 1016 2607 1015 2603 837"/></Shape></Glyph><Glyph ID="char_15" CONTENT="ם" GC="1.0"><Shape><Polygon POINTS="2459 840 2463 1018 2535 1016 2531 838"/></Shape></Glyph><Glyph ID="char_16" CONTENT=" " GC="1.0"><Shape><Polygon POINTS="2387 841 2391 1020 2463 1018 2459 840"/></Shape></Glyph><Glyph ID="char_17" CONTENT="ר" GC="1.0"><Shape><Polygon POINTS="2323 845 2334 1021 2391 1020 2387 841"/></Shape></Glyph><Glyph ID="char_18" CONTENT="ו" GC="1.0"><Shape><Polygon POINTS="2263 850 2274 1024 2334 1021 2323 845"/></Shape></Glyph><Glyph ID="char_19" CONTENT="ח" GC="1.0"><Shape><Polygon POINTS="2215 855 2226 1026 2274 1024 2263 850"/></Shape></Glyph><Glyph ID="char_20" CONTENT="י" GC="1.0"><Shape><Polygon POINTS="2167 859 2178 1028 2226 1026 2215 855"/></Shape></Glyph><Glyph ID="char_21" CONTENT=" " GC="1.0"><Shape><Polygon POINTS="2119 863 2130 1030 2178 1028 2167 859"/></Shape></Glyph><Glyph ID="char_22" CONTENT="ד" GC="1.0"><Shape><Polygon POINTS="2072 868 2082 1032 2130 1030 2119 863"/></Shape></Glyph><Glyph ID="char_23" CONTENT="ע" GC="1.0"><Shape><Polygon POINTS="1957 883 2040 1041 2082 1032 2072 868"/></Shape></Glyph><Glyph ID="char_24" CONTENT="ת" GC="1.0"><Shape><Polygon POINTS="1947 884 1953 1061 2040 1041 1957 883"/></Shape></Glyph><Glyph ID="char_25" CONTENT=" " GC="1.0"><Shape><Polygon POINTS="1911 885 1917 1063 1953 1061 1947 884"/></Shape></Glyph><Glyph ID="char_26" CONTENT="ו" GC="1.0"><Shape><Polygon POINTS="1851 887 1857 1065 1917 1063 1911 885"/></Shape></Glyph><Glyph ID="char_27" CONTENT="ב" GC="1.0"><Shape><Polygon POINTS="1803 889 1809 1066 1857 1065 1851 887"/></Shape></Glyph><Glyph ID="char_28" CONTENT="י" GC="1.0"><Shape><Polygon POINTS="1755 890 1761 1068 1809 1066 1803 889"/></Shape></Glyph><Glyph ID="char_29" CONTENT="נ" GC="1.0"><Shape><Polygon POINTS="1707 892 1713 1070 1761 1068 1755 890"/></Shape></Glyph><Glyph ID="char_30" CONTENT="ה" GC="1.0"><Shape><Polygon POINTS="1659 894 1665 1072 1713 1070 1707 892"/></Shape></Glyph><Glyph ID="char_31" CONTENT=" " GC="1.0"><Shape><Polygon POINTS="1623 895 1629 1073 1665 1072 1659 894"/></Shape></Glyph><Glyph ID="char_32" CONTENT="א" GC="1.0"><Shape><Polygon POINTS="1575 897 1581 1074 1629 1073 1623 895"/></Shape></Glyph><Glyph ID="char_33" CONTENT="מ" GC="1.0"><Shape><Polygon POINTS="1512 897 1504 1075 1581 1074 1575 897"/></Shape></Glyph><Glyph ID="char_34" CONTENT="ת" GC="1.0"><Shape><Polygon POINTS="1435 1000 1506 1003"/></Shape></Glyph></String>
          </TextLine>

          
          
          <TextLine ID="eSc_line_1773367" BASELINE="1319 1170 1393 1177 1510 1172 1747 1172 2040 1161 2268 1141 2327 1127 2374 1120 2635 1101" HPOS="1312.0" VPOS="994.0" WIDTH="1328.0" HEIGHT="253.0">
            <Shape><Polygon POINTS="1329 1063 1403 1070 1505 1065 1747 1065 2035 1054 2258 1034 2302 1023 2358 1014 2627 994 2640 1172 2384 1190 2343 1196 2274 1211 2042 1232 1747 1243 1513 1243 1386 1247 1312 1240"/></Shape>
	    <String CONTENT=" טוהר מלאכי כבוד בגבורת" HPOS="1312.0" VPOS="994.0" WIDTH="1328.0" HEIGHT="253.0"><Glyph ID="char_35" CONTENT=" " GC="1.0"><Shape><Polygon POINTS="2567 998 2580 1176 2616 1174 2603 996"/></Shape></Glyph><Glyph ID="char_36" CONTENT="ט" GC="1.0"><Shape><Polygon POINTS="2519 1002 2532 1180 2580 1176 2567 998"/></Shape></Glyph><Glyph ID="char_37" CONTENT="ו" GC="1.0"><Shape><Polygon POINTS="2447 1007 2460 1185 2532 1180 2519 1002"/></Shape></Glyph><Glyph ID="char_38" CONTENT="ה" GC="1.0"><Shape><Polygon POINTS="2375 1013 2388 1190 2460 1185 2447 1007"/></Shape></Glyph><Glyph ID="char_39" CONTENT="ר" GC="1.0"><Shape><Polygon POINTS="2288 1027 2328 1199 2388 1190 2375 1013"/></Shape></Glyph><Glyph ID="char_40" CONTENT=" " GC="1.0"><Shape><Polygon POINTS="2244 1035 2260 1212 2328 1199 2288 1027"/></Shape></Glyph><Glyph ID="char_41" CONTENT="מ" GC="1.0"><Shape><Polygon POINTS="2196 1040 2212 1217 2260 1212 2244 1035"/></Shape></Glyph><Glyph ID="char_42" CONTENT="ל" GC="1.0"><Shape><Polygon POINTS="2136 1045 2152 1222 2212 1217 2196 1040"/></Shape></Glyph><Glyph ID="char_43" CONTENT="א" GC="1.0"><Shape><Polygon POINTS="2077 1050 2092 1227 2152 1222 2136 1045"/></Shape></Glyph><Glyph ID="char_44" CONTENT="כ" GC="1.0"><Shape><Polygon POINTS="2022 1054 2029 1232 2092 1227 2077 1050"/></Shape></Glyph><Glyph ID="char_45" CONTENT="י" GC="1.0"><Shape><Polygon POINTS="1986 1056 1993 1234 2029 1232 2022 1054"/></Shape></Glyph><Glyph ID="char_46" CONTENT=" " GC="1.0"><Shape><Polygon POINTS="1937 1058 1944 1236 1993 1234 1986 1056"/></Shape></Glyph><Glyph ID="char_47" CONTENT="כ" GC="1.0"><Shape><Polygon POINTS="1877 1060 1884 1238 1944 1236 1937 1058"/></Shape></Glyph><Glyph ID="char_48" CONTENT="ב" GC="1.0"><Shape><Polygon POINTS="1817 1062 1824 1240 1884 1238 1877 1060"/></Shape></Glyph><Glyph ID="char_49" CONTENT="ו" GC="1.0"><Shape><Polygon POINTS="1757 1065 1764 1242 1824 1240 1817 1062"/></Shape></Glyph><Glyph ID="char_50" CONTENT="ד" GC="1.0"><Shape><Polygon POINTS="1725 1065 1725 1243 1764 1242 1757 1065"/></Shape></Glyph><Glyph ID="char_51" CONTENT=" " GC="1.0"><Shape><Polygon POINTS="1677 1065 1677 1243 1725 1243 1725 1065"/></Shape></Glyph><Glyph ID="char_52" CONTENT="ב" GC="1.0"><Shape><Polygon POINTS="1617 1065 1617 1243 1677 1243 1677 1065"/></Shape></Glyph><Glyph ID="char_53" CONTENT="ג" GC="1.0"><Shape><Polygon POINTS="1557 1065 1557 1243 1617 1243 1617 1065"/></Shape></Glyph><Glyph ID="char_54" CONTENT="ב" GC="1.0"><Shape><Polygon POINTS="1505 1065 1513 1243 1557 1243 1557 1065"/></Shape></Glyph><Glyph ID="char_55" CONTENT="ו" GC="1.0"><Shape><Polygon POINTS="1445 1068 1453 1245 1513 1243 1505 1065"/></Shape></Glyph><Glyph ID="char_56" CONTENT="ר" GC="1.0"><Shape><Polygon POINTS="1401 1070 1382 1247 1453 1245 1445 1068"/></Shape></Glyph><Glyph ID="char_57" CONTENT="ת" GC="1.0"><Shape><Polygon POINTS="1341 1064 1322 1241 1382 1247 1401 1070"/></Shape></Glyph></String>
          </TextLine>

          
          
          <TextLine ID="eSc_line_1773369" BASELINE="1400 1328 1704 1328 1928 1319 2040 1305 2085 1303 2424 1283 2550 1285" HPOS="1400.0" VPOS="1176.0" WIDTH="1151.0" HEIGHT="223.0">
            <Shape><Polygon POINTS="1400 1221 1704 1221 1923 1212 2026 1199 2080 1196 2417 1176 2551 1178 2548 1356 2428 1354 2088 1374 2048 1375 1930 1390 1704 1399 1400 1399"/></Shape>
	    <String CONTENT=" אות מלאכי תפארת ורוחי" HPOS="1400.0" VPOS="1176.0" WIDTH="1151.0" HEIGHT="223.0"><Glyph ID="char_58" CONTENT=" " GC="1.0"><Shape><Polygon POINTS="2527 1178 2524 1356 2547 1356 2550 1178"/></Shape></Glyph><Glyph ID="char_59" CONTENT="א" GC="1.0"><Shape><Polygon POINTS="2491 1177 2488 1355 2524 1356 2527 1178"/></Shape></Glyph><Glyph ID="char_60" CONTENT="ו" GC="1.0"><Shape><Polygon POINTS="2443 1176 2440 1354 2488 1355 2491 1177"/></Shape></Glyph><Glyph ID="char_61" CONTENT="ת" GC="1.0"><Shape><Polygon POINTS="2387 1178 2398 1356 2440 1354 2443 1176"/></Shape></Glyph><Glyph ID="char_62" CONTENT=" " GC="1.0"><Shape><Polygon POINTS="2327 1181 2338 1359 2398 1356 2387 1178"/></Shape></Glyph><Glyph ID="char_63" CONTENT="מ" GC="1.0"><Shape><Polygon POINTS="2279 1184 2290 1362 2338 1359 2327 1181"/></Shape></Glyph><Glyph ID="char_64" CONTENT="ל" GC="1.0"><Shape><Polygon POINTS="2219 1188 2230 1366 2290 1362 2279 1184"/></Shape></Glyph><Glyph ID="char_65" CONTENT="א" GC="1.0"><Shape><Polygon POINTS="2171 1191 2182 1368 2230 1366 2219 1188"/></Shape></Glyph><Glyph ID="char_66" CONTENT="כ" GC="1.0"><Shape><Polygon POINTS="2124 1193 2134 1371 2182 1368 2171 1191"/></Shape></Glyph><Glyph ID="char_67" CONTENT="י" GC="1.0"><Shape><Polygon POINTS="2077 1196 2085 1374 2134 1371 2124 1193"/></Shape></Glyph><Glyph ID="char_68" CONTENT=" " GC="1.0"><Shape><Polygon POINTS="2009 1201 2031 1377 2085 1374 2077 1196"/></Shape></Glyph><Glyph ID="char_69" CONTENT="ת" GC="1.0"><Shape><Polygon POINTS="1938 1210 1960 1386 2031 1377 2009 1201"/></Shape></Glyph><Glyph ID="char_70" CONTENT="פ" GC="1.0"><Shape><Polygon POINTS="1900 1213 1907 1391 1960 1386 1938 1210"/></Shape></Glyph><Glyph ID="char_71" CONTENT="א" GC="1.0"><Shape><Polygon POINTS="1840 1215 1847 1393 1907 1391 1900 1213"/></Shape></Glyph><Glyph ID="char_72" CONTENT="ר" GC="1.0"><Shape><Polygon POINTS="1780 1218 1787 1396 1847 1393 1840 1215"/></Shape></Glyph><Glyph ID="char_73" CONTENT="ת" GC="1.0"><Shape><Polygon POINTS="1732 1220 1739 1398 1787 1396 1780 1218"/></Shape></Glyph><Glyph ID="char_74" CONTENT=" " GC="1.0"><Shape><Polygon POINTS="1676 1221 1676 1399 1739 1398 1732 1220"/></Shape></Glyph><Glyph ID="char_75" CONTENT="ו" GC="1.0"><Shape><Polygon POINTS="1616 1221 1616 1399 1676 1399 1676 1221"/></Shape></Glyph><Glyph ID="char_76" CONTENT="ר" GC="1.0"><Shape><Polygon POINTS="1568 1221 1568 1399 1616 1399 1616 1221"/></Shape></Glyph><Glyph ID="char_77" CONTENT="ו" GC="1.0"><Shape><Polygon POINTS="1520 1221 1520 1399 1568 1399 1568 1221"/></Shape></Glyph><Glyph ID="char_78" CONTENT="ח" GC="1.0"><Shape><Polygon POINTS="1460 1221 1460 1399 1520 1399 1520 1221"/></Shape></Glyph><Glyph ID="char_79" CONTENT="י" GC="1.0"><Shape><Polygon POINTS="1400 1221 1400 1399 1460 1399 1460 1221"/></Shape></Glyph></String>
          </TextLine>

          
          
          <TextLine ID="eSc_line_1773371" BASELINE="1183 1526 1283 1533 1675 1535 1903 1519 1943 1513 2092 1499 2173 1495 2297 1504" HPOS="1178.0" VPOS="1388.0" WIDTH="1126.0" HEIGHT="218.0">
            <Shape><Polygon POINTS="1190 1419 1290 1426 1675 1428 1895 1412 1927 1407 2082 1392 2167 1388 2304 1397 2291 1575 2176 1566 2098 1569 1953 1583 1907 1590 1674 1606 1278 1604 1178 1597"/></Shape>
	    <String CONTENT=" י קודש מושבי" HPOS="1178.0" VPOS="1388.0" WIDTH="1126.0" HEIGHT="218.0"><Glyph ID="char_80" CONTENT=" " GC="1.0"><Shape><Polygon POINTS="2058 1394 2075 1571 2231 1570 2243 1393"/></Shape></Glyph><Glyph ID="char_81" CONTENT="י" GC="1.0"><Shape><Polygon POINTS="1882 1413 1894 1591 2075 1571 2058 1394"/></Shape></Glyph><Glyph ID="char_82" CONTENT=" " GC="1.0"><Shape><Polygon POINTS="1786 1420 1798 1597 1894 1591 1882 1413"/></Shape></Glyph><Glyph ID="char_83" CONTENT="ק" GC="1.0"><Shape><Polygon POINTS="1726 1424 1738 1602 1798 1597 1786 1420"/></Shape></Glyph><Glyph ID="char_84" CONTENT="ו" GC="1.0"><Shape><Polygon POINTS="1674 1428 1673 1606 1738 1602 1726 1424"/></Shape></Glyph><Glyph ID="char_85" CONTENT="ד" GC="1.0"><Shape><Polygon POINTS="1614 1428 1613 1606 1673 1606 1674 1428"/></Shape></Glyph><Glyph ID="char_86" CONTENT="ש" GC="1.0"><Shape><Polygon POINTS="1542 1427 1541 1605 1613 1606 1614 1428"/></Shape></Glyph><Glyph ID="char_87" CONTENT=" " GC="1.0"><Shape><Polygon POINTS="1482 1427 1481 1605 1541 1605 1542 1427"/></Shape></Glyph><Glyph ID="char_88" CONTENT="מ" GC="1.0"><Shape><Polygon POINTS="1434 1427 1433 1605 1481 1605 1482 1427"/></Shape></Glyph><Glyph ID="char_89" CONTENT="ו" GC="1.0"><Shape><Polygon POINTS="1386 1426 1385 1605 1433 1605 1434 1427"/></Shape></Glyph><Glyph ID="char_90" CONTENT="ש" GC="1.0"><Shape><Polygon POINTS="1314 1426 1313 1604 1385 1605 1386 1426"/></Shape></Glyph><Glyph ID="char_91" CONTENT="ב" GC="1.0"><Shape><Polygon POINTS="1250 1423 1236 1601 1313 1604 1314 1426"/></Shape></Glyph><Glyph ID="char_92" CONTENT="י" GC="1.0"><Shape><Polygon POINTS="1182 1525 1241 1529"/></Shape></Glyph></String>
          </TextLine>

          
          
          <TextLine ID="eSc_line_1773372" BASELINE="1258 1727 1553 1731 2306 1654" HPOS="1257.0" VPOS="1547.0" WIDTH="1056.0" HEIGHT="255.0">
            <Shape><Polygon POINTS="1259 1620 1554 1624 2295 1547 2313 1724 1552 1802 1257 1798"/></Shape>
	    <String CONTENT=" ת מעשי" HPOS="1257.0" VPOS="1547.0" WIDTH="1056.0" HEIGHT="255.0"><Glyph ID="char_93" CONTENT=" " GC="1.0"><Shape><Polygon POINTS="1617 1617 1635 1794 2003 1756 1985 1579"/></Shape></Glyph><Glyph ID="char_94" CONTENT="ת" GC="1.0"><Shape><Polygon POINTS="1545 1624 1563 1801 1635 1794 1617 1617"/></Shape></Glyph><Glyph ID="char_95" CONTENT=" " GC="1.0"><Shape><Polygon POINTS="1522 1624 1519 1802 1563 1801 1545 1624"/></Shape></Glyph><Glyph ID="char_96" CONTENT="מ" GC="1.0"><Shape><Polygon POINTS="1462 1623 1459 1801 1519 1802 1522 1624"/></Shape></Glyph><Glyph ID="char_97" CONTENT="ע" GC="1.0"><Shape><Polygon POINTS="1402 1622 1399 1800 1459 1801 1462 1623"/></Shape></Glyph><Glyph ID="char_98" CONTENT="ש" GC="1.0"><Shape><Polygon POINTS="1331 1621 1328 1799 1399 1800 1402 1622"/></Shape></Glyph><Glyph ID="char_99" CONTENT="י" GC="1.0"><Shape><Polygon POINTS="1257 1726 1328 1727"/></Shape></Glyph></String>
          </TextLine>

          
          
          <TextLine ID="eSc_line_1773373" BASELINE="1226 1943 1332 1943 1515 1930" HPOS="1226.0" VPOS="1823.0" WIDTH="294.0" HEIGHT="191.0">
            <Shape><Polygon POINTS="1226 1836 1332 1836 1507 1823 1520 2001 1332 2014 1226 2014"/></Shape>
	    <String CONTENT=" כבוד" HPOS="1226.0" VPOS="1823.0" WIDTH="294.0" HEIGHT="191.0"><Glyph ID="char_100" CONTENT=" " GC="1.0"><Shape><Polygon POINTS="1460 1826 1473 2004 1509 2002 1496 1824"/></Shape></Glyph><Glyph ID="char_101" CONTENT="כ" GC="1.0"><Shape><Polygon POINTS="1423 1829 1436 2007 1473 2004 1460 1826"/></Shape></Glyph><Glyph ID="char_102" CONTENT="ב" GC="1.0"><Shape><Polygon POINTS="1363 1834 1376 2011 1436 2007 1423 1829"/></Shape></Glyph><Glyph ID="char_103" CONTENT="ו" GC="1.0"><Shape><Polygon POINTS="1299 1836 1299 2014 1376 2011 1363 1834"/></Shape></Glyph><Glyph ID="char_104" CONTENT="ד" GC="1.0"><Shape><Polygon POINTS="1238 1836 1238 2014 1299 2014 1299 1836"/></Shape></Glyph></String>
          </TextLine>

          
          
          <TextLine ID="eSc_line_1814033" BASELINE="1310 2082 1416 2082" HPOS="1310.0" VPOS="1975.0" WIDTH="106.0" HEIGHT="178.0">
            <Shape><Polygon POINTS="1310 1975 1416 1975 1416 2153 1310 2153"/></Shape>
	    <String CONTENT=" " HPOS="1310.0" VPOS="1975.0" WIDTH="106.0" HEIGHT="178.0"><Glyph ID="char_105" CONTENT=" " GC="1.0"><Shape><Polygon POINTS="1325 1975 1325 2153 1402 2153 1402 1975"/></Shape></Glyph></String>
          </TextLine>

          
        </TextBlock>
        

        
      </PrintSpace>
    </Page>
  </Layout>
</alto>