<?xml version='1.0' encoding='UTF-8'?>
<alto xmlns:xsi="http://www.w3.org/2001/XMLSchema-instance" xmlns="http://www.loc.gov/standards/alto/ns-v4#" xsi:schemaLocation="http://www.loc.gov/standards/alto/ns-v4# http://www.loc.gov/standards/alto/v4/alto-4-2.xsd">
  <Description>
    <MeasurementUnit>pixel</MeasurementUnit>
    <sourceImageInformation>
      <fileName>P513-Fg001-R-C01-R01-D13122012-T104623-LR924 _012.jpg</fileName>
      
    </sourceImageInformation>
  </Description>
  
  <Tags>
    <OtherTag ID="BT1443" LABEL="Parchment_or_papyrus" DESCRIPTION="block type Parchment_or_papyrus"/><OtherTag ID="BT2" LABEL="Main" DESCRIPTION="block type Main"/>
    
  </Tags>
  
  <Layout>
    <Page WIDTH="3608" HEIGHT="2706" PHYSICAL_IMG_NR="370" ID="eSc_dummypage_">
      <PrintSpace HPOS="0" VPOS="0" WIDTH="3608" HEIGHT="2706">
        
        <TextBlock HPOS="420.0" VPOS="90.0" WIDTH="3106.0" HEIGHT="1736.0" ID="eSc_textblock_78903693" TAGREFS="BT2">
          <Shape><Polygon POINTS="420 90 420 1826 3526 1826 3526 90"/></Shape>
          
          
          <TextLine ID="eSc_line_1773455" BASELINE="2746 266 2870 266 2969 272 3296 281 3605 295" HPOS="2746.0" VPOS="158.0" WIDTH="857.0" HEIGHT="208.0">
            <Shape><Polygon POINTS="2746 158 2870 158 2975 164 3298 173 3603 187 3601 366 3294 352 2964 343 2870 338 2746 338"/></Shape>
	    <String CONTENT=" ותמה רשעה " HPOS="2746.0" VPOS="158.0" WIDTH="857.0" HEIGHT="208.0"><Glyph ID="char_0" CONTENT=" " GC="1.0"><Shape><Polygon POINTS="3487 182 3479 360 3552 364 3560 185"/></Shape></Glyph><Glyph ID="char_1" CONTENT="ו" GC="1.0"><Shape><Polygon POINTS="3427 179 3419 358 3479 360 3487 182"/></Shape></Glyph><Glyph ID="char_2" CONTENT="ת" GC="1.0"><Shape><Polygon POINTS="3355 176 3346 354 3419 358 3427 179"/></Shape></Glyph><Glyph ID="char_3" CONTENT="מ" GC="1.0"><Shape><Polygon POINTS="3281 173 3276 352 3346 354 3355 176"/></Shape></Glyph><Glyph ID="char_4" CONTENT="ה" GC="1.0"><Shape><Polygon POINTS="3196 170 3191 349 3276 352 3281 173"/></Shape></Glyph><Glyph ID="char_5" CONTENT=" " GC="1.0"><Shape><Polygon POINTS="3136 168 3131 348 3191 349 3196 170"/></Shape></Glyph><Glyph ID="char_6" CONTENT="ר" GC="1.0"><Shape><Polygon POINTS="3063 166 3058 346 3131 348 3136 168"/></Shape></Glyph><Glyph ID="char_7" CONTENT="ש" GC="1.0"><Shape><Polygon POINTS="2991 164 2986 344 3058 346 3063 166"/></Shape></Glyph><Glyph ID="char_8" CONTENT="ע" GC="1.0"><Shape><Polygon POINTS="2897 160 2887 339 2986 344 2991 164"/></Shape></Glyph><Glyph ID="char_9" CONTENT="ה" GC="1.0"><Shape><Polygon POINTS="2806 158 2806 338 2887 339 2897 160"/></Shape></Glyph><Glyph ID="char_10" CONTENT=" " GC="1.0"><Shape><Polygon POINTS="2746 158 2746 338 2806 338 2806 158"/></Shape></Glyph></String>
          </TextLine>

          
          
          <TextLine ID="eSc_line_1773456" BASELINE="2336 410 2618 408 2827 430 3073 439 3314 457 3479 475 3547 471" HPOS="2335.0" VPOS="300.0" WIDTH="1216.0" HEIGHT="246.0">
            <Shape><Polygon POINTS="2335 302 2617 300 2838 322 3076 331 3322 349 3490 367 3540 363 3551 542 3471 546 3308 528 3070 510 2819 501 2618 479 2336 481"/></Shape>
	    <String CONTENT=" בה שבת נוגש בז " HPOS="2335.0" VPOS="300.0" WIDTH="1216.0" HEIGHT="246.0"><Glyph ID="char_11" CONTENT=" " GC="1.0"><Shape><Polygon POINTS="3486 367 3466 545 3538 543 3528 364"/></Shape></Glyph><Glyph ID="char_12" CONTENT="ב" GC="1.0"><Shape><Polygon POINTS="3402 358 3383 536 3466 545 3486 367"/></Shape></Glyph><Glyph ID="char_13" CONTENT="ה" GC="1.0"><Shape><Polygon POINTS="3315 348 3302 528 3383 536 3402 358"/></Shape></Glyph><Glyph ID="char_14" CONTENT=" " GC="1.0"><Shape><Polygon POINTS="3230 342 3217 521 3302 528 3315 348"/></Shape></Glyph><Glyph ID="char_15" CONTENT="ש" GC="1.0"><Shape><Polygon POINTS="3135 335 3121 514 3217 521 3230 342"/></Shape></Glyph><Glyph ID="char_16" CONTENT="ב" GC="1.0"><Shape><Polygon POINTS="3023 329 3016 508 3121 514 3135 335"/></Shape></Glyph><Glyph ID="char_17" CONTENT="ת" GC="1.0"><Shape><Polygon POINTS="2963 327 2956 506 3016 508 3023 329"/></Shape></Glyph><Glyph ID="char_18" CONTENT=" " GC="1.0"><Shape><Polygon POINTS="2903 324 2896 504 2956 506 2963 327"/></Shape></Glyph><Glyph ID="char_19" CONTENT="נ" GC="1.0"><Shape><Polygon POINTS="2855 323 2848 502 2896 504 2903 324"/></Shape></Glyph><Glyph ID="char_20" CONTENT="ו" GC="1.0"><Shape><Polygon POINTS="2814 320 2796 498 2848 502 2855 323"/></Shape></Glyph><Glyph ID="char_21" CONTENT="ג" GC="1.0"><Shape><Polygon POINTS="2767 315 2748 493 2796 498 2814 320"/></Shape></Glyph><Glyph ID="char_22" CONTENT="ש" GC="1.0"><Shape><Polygon POINTS="2695 308 2676 485 2748 493 2767 315"/></Shape></Glyph><Glyph ID="char_23" CONTENT=" " GC="1.0"><Shape><Polygon POINTS="2610 300 2611 479 2676 485 2695 308"/></Shape></Glyph><Glyph ID="char_24" CONTENT="ב" GC="1.0"><Shape><Polygon POINTS="2538 301 2539 480 2611 479 2610 300"/></Shape></Glyph><Glyph ID="char_25" CONTENT="ז" GC="1.0"><Shape><Polygon POINTS="2502 301 2503 480 2539 480 2538 301"/></Shape></Glyph><Glyph ID="char_26" CONTENT=" " GC="1.0"><Shape><Polygon POINTS="2406 301 2407 480 2503 480 2502 301"/></Shape></Glyph></String>
          </TextLine>

          
          
          <TextLine ID="eSc_line_1773457" BASELINE="1298 543 1698 532 1817 536 2013 554 2149 577 2205 581 2311 581 2861 613 3005 617 3402 638" HPOS="1295.0" VPOS="424.0" WIDTH="2112.0" HEIGHT="285.0">
            <Shape><Polygon POINTS="1295 435 1695 424 1820 428 2022 446 2167 470 2212 473 2311 473 2867 505 3007 509 3407 530 3398 709 3003 688 2856 684 2311 653 2199 652 2136 647 2006 625 1814 607 1699 603 1299 614"/></Shape>
	    <String CONTENT=" עוות בלוא דעת הופיע אור ושמחה ת " HPOS="1295.0" VPOS="424.0" WIDTH="2112.0" HEIGHT="285.0"><Glyph ID="char_27" CONTENT=" " GC="1.0"><Shape><Polygon POINTS="3371 528 3362 707 3386 708 3395 529"/></Shape></Glyph><Glyph ID="char_28" CONTENT="ע" GC="1.0"><Shape><Polygon POINTS="3335 526 3326 705 3362 707 3371 528"/></Shape></Glyph><Glyph ID="char_29" CONTENT="ו" GC="1.0"><Shape><Polygon POINTS="3286 524 3277 703 3326 705 3335 526"/></Shape></Glyph><Glyph ID="char_30" CONTENT="ו" GC="1.0"><Shape><Polygon POINTS="3238 521 3229 700 3277 703 3286 524"/></Shape></Glyph><Glyph ID="char_31" CONTENT="ת" GC="1.0"><Shape><Polygon POINTS="3178 518 3169 697 3229 700 3238 521"/></Shape></Glyph><Glyph ID="char_32" CONTENT=" " GC="1.0"><Shape><Polygon POINTS="3118 515 3109 694 3169 697 3178 518"/></Shape></Glyph><Glyph ID="char_33" CONTENT="ב" GC="1.0"><Shape><Polygon POINTS="3046 511 3036 690 3109 694 3118 515"/></Shape></Glyph><Glyph ID="char_34" CONTENT="ל" GC="1.0"><Shape><Polygon POINTS="2995 509 2990 688 3036 690 3046 511"/></Shape></Glyph><Glyph ID="char_35" CONTENT="ו" GC="1.0"><Shape><Polygon POINTS="2935 507 2930 686 2990 688 2995 509"/></Shape></Glyph><Glyph ID="char_36" CONTENT="א" GC="1.0"><Shape><Polygon POINTS="2887 506 2882 685 2930 686 2935 507"/></Shape></Glyph><Glyph ID="char_37" CONTENT=" " GC="1.0"><Shape><Polygon POINTS="2842 504 2832 683 2882 685 2887 506"/></Shape></Glyph><Glyph ID="char_38" CONTENT="ד" GC="1.0"><Shape><Polygon POINTS="2769 499 2759 678 2832 683 2842 504"/></Shape></Glyph><Glyph ID="char_39" CONTENT="ע" GC="1.0"><Shape><Polygon POINTS="2698 495 2687 674 2759 678 2769 499"/></Shape></Glyph><Glyph ID="char_40" CONTENT="ת" GC="1.0"><Shape><Polygon POINTS="2626 491 2615 670 2687 674 2698 495"/></Shape></Glyph><Glyph ID="char_41" CONTENT=" " GC="1.0"><Shape><Polygon POINTS="2565 488 2554 667 2615 670 2626 491"/></Shape></Glyph><Glyph ID="char_42" CONTENT="ה" GC="1.0"><Shape><Polygon POINTS="2481 483 2470 662 2554 667 2565 488"/></Shape></Glyph><Glyph ID="char_43" CONTENT="ו" GC="1.0"><Shape><Polygon POINTS="2433 480 2423 659 2470 662 2481 483"/></Shape></Glyph><Glyph ID="char_44" CONTENT="פ" GC="1.0"><Shape><Polygon POINTS="2373 477 2363 656 2423 659 2433 480"/></Shape></Glyph><Glyph ID="char_45" CONTENT="י" GC="1.0"><Shape><Polygon POINTS="2306 473 2306 653 2363 656 2373 477"/></Shape></Glyph><Glyph ID="char_46" CONTENT="ע" GC="1.0"><Shape><Polygon POINTS="2258 473 2258 653 2306 653 2306 473"/></Shape></Glyph><Glyph ID="char_47" CONTENT=" " GC="1.0"><Shape><Polygon POINTS="2210 473 2210 652 2258 653 2258 473"/></Shape></Glyph><Glyph ID="char_48" CONTENT="א" GC="1.0"><Shape><Polygon POINTS="2156 468 2126 645 2210 652 2210 473"/></Shape></Glyph><Glyph ID="char_49" CONTENT="ו" GC="1.0"><Shape><Polygon POINTS="2072 454 2043 631 2126 645 2156 468"/></Shape></Glyph><Glyph ID="char_50" CONTENT="ר" GC="1.0"><Shape><Polygon POINTS="1993 443 1977 622 2043 631 2072 454"/></Shape></Glyph><Glyph ID="char_51" CONTENT=" " GC="1.0"><Shape><Polygon POINTS="1945 439 1929 618 1977 622 1993 443"/></Shape></Glyph><Glyph ID="char_52" CONTENT="ו" GC="1.0"><Shape><Polygon POINTS="1897 435 1881 613 1929 618 1945 439"/></Shape></Glyph><Glyph ID="char_53" CONTENT="ש" GC="1.0"><Shape><Polygon POINTS="1806 428 1800 607 1881 613 1897 435"/></Shape></Glyph><Glyph ID="char_54" CONTENT="מ" GC="1.0"><Shape><Polygon POINTS="1710 424 1704 603 1800 607 1806 428"/></Shape></Glyph><Glyph ID="char_55" CONTENT="ח" GC="1.0"><Shape><Polygon POINTS="1619 426 1624 605 1704 603 1710 424"/></Shape></Glyph><Glyph ID="char_56" CONTENT="ה" GC="1.0"><Shape><Polygon POINTS="1547 428 1552 607 1624 605 1619 426"/></Shape></Glyph><Glyph ID="char_57" CONTENT=" " GC="1.0"><Shape><Polygon POINTS="1475 430 1480 609 1552 607 1547 428"/></Shape></Glyph><Glyph ID="char_58" CONTENT="ת" GC="1.0"><Shape><Polygon POINTS="1427 431 1432 610 1480 609 1475 430"/></Shape></Glyph><Glyph ID="char_59" CONTENT=" " GC="1.0"><Shape><Polygon POINTS="1342 434 1347 613 1432 610 1427 431"/></Shape></Glyph></String>
          </TextLine>

          
          
          <TextLine ID="eSc_line_1773458" BASELINE="674 669 872 676 1136 674 1271 681 1679 687 1930 703 1995 714 2189 732 2401 759 2460 762 2595 777 2712 777 2818 782 3037 800 3136 800" HPOS="671.0" VPOS="561.0" WIDTH="2465.0" HEIGHT="311.0">
            <Shape><Polygon POINTS="677 561 875 568 1135 566 1276 573 1680 579 1936 595 2013 607 2198 624 2414 651 2465 654 2606 669 2712 669 2823 674 3045 692 3136 692 3136 872 3031 871 2814 853 2712 849 2587 848 2456 833 2391 830 2182 803 1982 784 1925 774 1677 758 1267 752 1136 745 869 747 671 740"/></Shape>
	    <String CONTENT=" ופיע שלום שבת פחד נפתח מקור לברכת עד" HPOS="671.0" VPOS="561.0" WIDTH="2465.0" HEIGHT="311.0"><Glyph ID="char_60" CONTENT=" " GC="1.0"><Shape><Polygon POINTS="3112 692 3112 872 3135 872 3135 692"/></Shape></Glyph><Glyph ID="char_61" CONTENT="ו" GC="1.0"><Shape><Polygon POINTS="3064 692 3064 871 3112 872 3112 692"/></Shape></Glyph><Glyph ID="char_62" CONTENT="פ" GC="1.0"><Shape><Polygon POINTS="3000 688 2985 867 3064 871 3064 692"/></Shape></Glyph><Glyph ID="char_63" CONTENT="י" GC="1.0"><Shape><Polygon POINTS="2940 683 2925 862 2985 867 3000 688"/></Shape></Glyph><Glyph ID="char_64" CONTENT="ע" GC="1.0"><Shape><Polygon POINTS="2892 680 2878 858 2925 862 2940 683"/></Shape></Glyph><Glyph ID="char_65" CONTENT=" " GC="1.0"><Shape><Polygon POINTS="2844 676 2830 854 2878 858 2892 680"/></Shape></Glyph><Glyph ID="char_66" CONTENT="ש" GC="1.0"><Shape><Polygon POINTS="2757 671 2748 850 2830 854 2844 676"/></Shape></Glyph><Glyph ID="char_67" CONTENT="ל" GC="1.0"><Shape><Polygon POINTS="2679 669 2679 849 2748 850 2757 671"/></Shape></Glyph><Glyph ID="char_68" CONTENT="ו" GC="1.0"><Shape><Polygon POINTS="2607 669 2607 848 2679 849 2679 669"/></Shape></Glyph><Glyph ID="char_69" CONTENT="ם" GC="1.0"><Shape><Polygon POINTS="2535 661 2515 840 2607 848 2607 669"/></Shape></Glyph><Glyph ID="char_70" CONTENT=" " GC="1.0"><Shape><Polygon POINTS="2444 653 2435 832 2515 840 2535 661"/></Shape></Glyph><Glyph ID="char_71" CONTENT="ש" GC="1.0"><Shape><Polygon POINTS="2357 644 2334 823 2435 832 2444 653"/></Shape></Glyph><Glyph ID="char_72" CONTENT="ב" GC="1.0"><Shape><Polygon POINTS="2250 630 2227 809 2334 823 2357 644"/></Shape></Glyph><Glyph ID="char_73" CONTENT="ת" GC="1.0"><Shape><Polygon POINTS="2185 623 2169 802 2227 809 2250 630"/></Shape></Glyph><Glyph ID="char_74" CONTENT=" " GC="1.0"><Shape><Polygon POINTS="2138 618 2121 797 2169 802 2185 623"/></Shape></Glyph><Glyph ID="char_75" CONTENT="פ" GC="1.0"><Shape><Polygon POINTS="2078 613 2061 792 2121 797 2138 618"/></Shape></Glyph><Glyph ID="char_76" CONTENT="ח" GC="1.0"><Shape><Polygon POINTS="2006 606 1990 785 2061 792 2078 613"/></Shape></Glyph><Glyph ID="char_77" CONTENT="ד" GC="1.0"><Shape><Polygon POINTS="1932 595 1921 774 1990 785 2006 606"/></Shape></Glyph><Glyph ID="char_78" CONTENT=" " GC="1.0"><Shape><Polygon POINTS="1871 591 1860 770 1921 774 1932 595"/></Shape></Glyph><Glyph ID="char_79" CONTENT="נ" GC="1.0"><Shape><Polygon POINTS="1823 588 1812 767 1860 770 1871 591"/></Shape></Glyph><Glyph ID="char_80" CONTENT="פ" GC="1.0"><Shape><Polygon POINTS="1763 584 1752 763 1812 767 1823 588"/></Shape></Glyph><Glyph ID="char_81" CONTENT="ת" GC="1.0"><Shape><Polygon POINTS="1674 579 1672 758 1752 763 1763 584"/></Shape></Glyph><Glyph ID="char_82" CONTENT="ח" GC="1.0"><Shape><Polygon POINTS="1613 578 1611 757 1672 758 1674 579"/></Shape></Glyph><Glyph ID="char_83" CONTENT=" " GC="1.0"><Shape><Polygon POINTS="1565 577 1563 756 1611 757 1613 578"/></Shape></Glyph><Glyph ID="char_84" CONTENT="מ" GC="1.0"><Shape><Polygon POINTS="1481 576 1479 755 1563 756 1565 577"/></Shape></Glyph><Glyph ID="char_85" CONTENT="ק" GC="1.0"><Shape><Polygon POINTS="1409 575 1407 754 1479 755 1481 576"/></Shape></Glyph><Glyph ID="char_86" CONTENT="ו" GC="1.0"><Shape><Polygon POINTS="1336 574 1334 753 1407 754 1409 575"/></Shape></Glyph><Glyph ID="char_87" CONTENT="ר" GC="1.0"><Shape><Polygon POINTS="1268 573 1259 752 1334 753 1336 574"/></Shape></Glyph><Glyph ID="char_88" CONTENT=" " GC="1.0"><Shape><Polygon POINTS="1208 570 1199 748 1259 752 1268 573"/></Shape></Glyph><Glyph ID="char_89" CONTENT="ל" GC="1.0"><Shape><Polygon POINTS="1130 566 1131 745 1199 748 1208 570"/></Shape></Glyph><Glyph ID="char_90" CONTENT="ב" GC="1.0"><Shape><Polygon POINTS="1057 567 1058 746 1131 745 1130 566"/></Shape></Glyph><Glyph ID="char_91" CONTENT="ר" GC="1.0"><Shape><Polygon POINTS="997 567 998 746 1058 746 1057 567"/></Shape></Glyph><Glyph ID="char_92" CONTENT="כ" GC="1.0"><Shape><Polygon POINTS="949 567 950 746 998 746 997 567"/></Shape></Glyph><Glyph ID="char_93" CONTENT="ת" GC="1.0"><Shape><Polygon POINTS="901 568 902 747 950 746 949 567"/></Shape></Glyph><Glyph ID="char_94" CONTENT=" " GC="1.0"><Shape><Polygon POINTS="870 568 863 747 902 747 901 568"/></Shape></Glyph><Glyph ID="char_95" CONTENT="ע" GC="1.0"><Shape><Polygon POINTS="810 566 803 745 863 747 870 568"/></Shape></Glyph><Glyph ID="char_96" CONTENT="ד" GC="1.0"><Shape><Polygon POINTS="701 562 694 741 803 745 810 566"/></Shape></Glyph></String>
          </TextLine>

          
          
          <TextLine ID="eSc_line_1773459" BASELINE="570 890 789 879 1213 877 1546 895 1826 902 1950 915 2000 924 2214 942 2318 947 2455 962 2744 965" HPOS="564.0" VPOS="769.0" WIDTH="2181.0" HEIGHT="267.0">
            <Shape><Polygon POINTS="564 782 783 771 1212 769 1551 787 1828 794 1961 807 2019 817 2223 834 2323 839 2466 854 2745 857 2743 1036 2447 1033 2314 1018 2207 1013 1987 994 1942 986 1824 973 1542 966 1213 948 792 950 573 961"/></Shape>
	    <String CONTENT=" עולם כלה עוון שבת נגע לאין מחלה נאס " HPOS="564.0" VPOS="769.0" WIDTH="2181.0" HEIGHT="267.0"><Glyph ID="char_97" CONTENT=" " GC="1.0"><Shape><Polygon POINTS="2672 856 2670 1035 2718 1036 2720 857"/></Shape></Glyph><Glyph ID="char_98" CONTENT="ע" GC="1.0"><Shape><Polygon POINTS="2624 856 2622 1035 2670 1035 2672 856"/></Shape></Glyph><Glyph ID="char_99" CONTENT="ו" GC="1.0"><Shape><Polygon POINTS="2563 855 2561 1034 2622 1035 2624 856"/></Shape></Glyph><Glyph ID="char_100" CONTENT="ל" GC="1.0"><Shape><Polygon POINTS="2503 854 2501 1034 2561 1034 2563 855"/></Shape></Glyph><Glyph ID="char_101" CONTENT="ם" GC="1.0"><Shape><Polygon POINTS="2442 851 2422 1030 2501 1034 2503 854"/></Shape></Glyph><Glyph ID="char_102" CONTENT=" " GC="1.0"><Shape><Polygon POINTS="2358 843 2339 1021 2422 1030 2442 851"/></Shape></Glyph><Glyph ID="char_103" CONTENT="כ" GC="1.0"><Shape><Polygon POINTS="2280 837 2271 1016 2339 1021 2358 843"/></Shape></Glyph><Glyph ID="char_104" CONTENT="ל" GC="1.0"><Shape><Polygon POINTS="2211 833 2196 1012 2271 1016 2280 837"/></Shape></Glyph><Glyph ID="char_105" CONTENT="ה" GC="1.0"><Shape><Polygon POINTS="2151 828 2136 1007 2196 1012 2211 833"/></Shape></Glyph><Glyph ID="char_106" CONTENT=" " GC="1.0"><Shape><Polygon POINTS="2103 824 2088 1003 2136 1007 2151 828"/></Shape></Glyph><Glyph ID="char_107" CONTENT="ע" GC="1.0"><Shape><Polygon POINTS="2044 819 2029 998 2088 1003 2103 824"/></Shape></Glyph><Glyph ID="char_108" CONTENT="ו" GC="1.0"><Shape><Polygon POINTS="2006 815 1974 992 2029 998 2044 819"/></Shape></Glyph><Glyph ID="char_109" CONTENT="ו" GC="1.0"><Shape><Polygon POINTS="1951 806 1932 985 1974 992 2006 815"/></Shape></Glyph><Glyph ID="char_110" CONTENT="ן" GC="1.0"><Shape><Polygon POINTS="1903 801 1884 980 1932 985 1951 806"/></Shape></Glyph><Glyph ID="char_111" CONTENT=" " GC="1.0"><Shape><Polygon POINTS="1855 797 1837 974 1884 980 1903 801"/></Shape></Glyph><Glyph ID="char_112" CONTENT="ש" GC="1.0"><Shape><Polygon POINTS="1762 792 1757 971 1837 974 1855 797"/></Shape></Glyph><Glyph ID="char_113" CONTENT="ב" GC="1.0"><Shape><Polygon POINTS="1666 790 1661 969 1757 971 1762 792"/></Shape></Glyph><Glyph ID="char_114" CONTENT="ת" GC="1.0"><Shape><Polygon POINTS="1606 788 1601 967 1661 969 1666 790"/></Shape></Glyph><Glyph ID="char_115" CONTENT=" " GC="1.0"><Shape><Polygon POINTS="1558 787 1553 966 1601 967 1606 788"/></Shape></Glyph><Glyph ID="char_116" CONTENT="נ" GC="1.0"><Shape><Polygon POINTS="1513 785 1503 964 1553 966 1558 787"/></Shape></Glyph><Glyph ID="char_117" CONTENT="ג" GC="1.0"><Shape><Polygon POINTS="1464 782 1455 961 1503 964 1513 785"/></Shape></Glyph><Glyph ID="char_118" CONTENT="ע" GC="1.0"><Shape><Polygon POINTS="1404 779 1395 958 1455 961 1464 782"/></Shape></Glyph><Glyph ID="char_119" CONTENT=" " GC="1.0"><Shape><Polygon POINTS="1344 776 1335 955 1395 958 1404 779"/></Shape></Glyph><Glyph ID="char_120" CONTENT="ל" GC="1.0"><Shape><Polygon POINTS="1284 773 1275 951 1335 955 1344 776"/></Shape></Glyph><Glyph ID="char_121" CONTENT="א" GC="1.0"><Shape><Polygon POINTS="1225 770 1215 948 1275 951 1284 773"/></Shape></Glyph><Glyph ID="char_122" CONTENT="י" GC="1.0"><Shape><Polygon POINTS="1170 769 1171 948 1215 948 1225 770"/></Shape></Glyph><Glyph ID="char_123" CONTENT="ן" GC="1.0"><Shape><Polygon POINTS="1146 769 1147 948 1171 948 1170 769"/></Shape></Glyph><Glyph ID="char_124" CONTENT=" " GC="1.0"><Shape><Polygon POINTS="1097 770 1098 949 1147 948 1146 769"/></Shape></Glyph><Glyph ID="char_125" CONTENT="מ" GC="1.0"><Shape><Polygon POINTS="1037 770 1038 949 1098 949 1097 770"/></Shape></Glyph><Glyph ID="char_126" CONTENT="ח" GC="1.0"><Shape><Polygon POINTS="965 770 966 949 1038 949 1037 770"/></Shape></Glyph><Glyph ID="char_127" CONTENT="ל" GC="1.0"><Shape><Polygon POINTS="905 770 906 949 966 949 965 770"/></Shape></Glyph><Glyph ID="char_128" CONTENT="ה" GC="1.0"><Shape><Polygon POINTS="833 771 834 950 906 949 905 770"/></Shape></Glyph><Glyph ID="char_129" CONTENT=" " GC="1.0"><Shape><Polygon POINTS="756 772 765 951 834 950 833 771"/></Shape></Glyph><Glyph ID="char_130" CONTENT="נ" GC="1.0"><Shape><Polygon POINTS="695 775 704 954 765 951 756 772"/></Shape></Glyph><Glyph ID="char_131" CONTENT="א" GC="1.0"><Shape><Polygon POINTS="636 778 644 957 704 954 695 775"/></Shape></Glyph><Glyph ID="char_132" CONTENT="ס" GC="1.0"><Shape><Polygon POINTS="588 781 597 960 644 957 636 778"/></Shape></Glyph><Glyph ID="char_133" CONTENT=" " GC="1.0"><Shape><Polygon POINTS="569 890 592 888"/></Shape></Glyph></String>
          </TextLine>

          
          
          <TextLine ID="eSc_line_1773460" BASELINE="487 1077 897 1062 1122 1068 1287 1066 1504 1080 1630 1084 1774 1084 2112 1109 2189 1122 2351 1136 2552 1143" HPOS="483.0" VPOS="954.0" WIDTH="2072.0" HEIGHT="260.0">
            <Shape><Polygon POINTS="483 969 893 954 1124 960 1285 958 1510 972 1633 976 1774 976 2119 1001 2206 1015 2360 1028 2555 1035 2549 1214 2344 1207 2177 1192 2106 1180 1774 1156 1627 1155 1499 1151 1287 1137 1120 1139 899 1133 489 1148"/></Shape>
	    <String CONTENT=" יה עוד השמיעו ואמורו גדול אל עושה" HPOS="483.0" VPOS="954.0" WIDTH="2072.0" HEIGHT="260.0"><Glyph ID="char_134" CONTENT=" " GC="1.0"><Shape><Polygon POINTS="2519 1034 2513 1213 2548 1214 2554 1035"/></Shape></Glyph><Glyph ID="char_135" CONTENT="י" GC="1.0"><Shape><Polygon POINTS="2459 1032 2453 1211 2513 1213 2519 1034"/></Shape></Glyph><Glyph ID="char_136" CONTENT="ה" GC="1.0"><Shape><Polygon POINTS="2399 1029 2393 1209 2453 1211 2459 1032"/></Shape></Glyph><Glyph ID="char_137" CONTENT=" " GC="1.0"><Shape><Polygon POINTS="2344 1027 2328 1206 2393 1209 2399 1029"/></Shape></Glyph><Glyph ID="char_138" CONTENT="ע" GC="1.0"><Shape><Polygon POINTS="2284 1022 2269 1200 2328 1206 2344 1027"/></Shape></Glyph><Glyph ID="char_139" CONTENT="ו" GC="1.0"><Shape><Polygon POINTS="2224 1017 2209 1195 2269 1200 2284 1022"/></Shape></Glyph><Glyph ID="char_140" CONTENT="ד" GC="1.0"><Shape><Polygon POINTS="2174 1010 2144 1186 2209 1195 2224 1017"/></Shape></Glyph><Glyph ID="char_141" CONTENT=" " GC="1.0"><Shape><Polygon POINTS="2092 999 2079 1178 2144 1186 2174 1010"/></Shape></Glyph><Glyph ID="char_142" CONTENT="ה" GC="1.0"><Shape><Polygon POINTS="2020 994 2007 1173 2079 1178 2092 999"/></Shape></Glyph><Glyph ID="char_143" CONTENT="ש" GC="1.0"><Shape><Polygon POINTS="1936 988 1922 1167 2007 1173 2020 994"/></Shape></Glyph><Glyph ID="char_144" CONTENT="מ" GC="1.0"><Shape><Polygon POINTS="1852 982 1839 1161 1922 1167 1936 988"/></Shape></Glyph><Glyph ID="char_145" CONTENT="י" GC="1.0"><Shape><Polygon POINTS="1792 977 1779 1156 1839 1161 1852 982"/></Shape></Glyph><Glyph ID="char_146" CONTENT="ע" GC="1.0"><Shape><Polygon POINTS="1712 976 1712 1156 1779 1156 1792 977"/></Shape></Glyph><Glyph ID="char_147" CONTENT="ו" GC="1.0"><Shape><Polygon POINTS="1652 976 1652 1155 1712 1156 1712 976"/></Shape></Glyph><Glyph ID="char_148" CONTENT=" " GC="1.0"><Shape><Polygon POINTS="1620 976 1614 1155 1652 1155 1652 976"/></Shape></Glyph><Glyph ID="char_149" CONTENT="ו" GC="1.0"><Shape><Polygon POINTS="1584 974 1578 1153 1614 1155 1620 976"/></Shape></Glyph><Glyph ID="char_150" CONTENT="א" GC="1.0"><Shape><Polygon POINTS="1536 973 1530 1152 1578 1153 1584 974"/></Shape></Glyph><Glyph ID="char_151" CONTENT="מ" GC="1.0"><Shape><Polygon POINTS="1466 969 1455 1148 1530 1152 1536 973"/></Shape></Glyph><Glyph ID="char_152" CONTENT="ו" GC="1.0"><Shape><Polygon POINTS="1394 965 1383 1143 1455 1148 1466 969"/></Shape></Glyph><Glyph ID="char_153" CONTENT="ר" GC="1.0"><Shape><Polygon POINTS="1334 961 1323 1139 1383 1143 1394 965"/></Shape></Glyph><Glyph ID="char_154" CONTENT="ו" GC="1.0"><Shape><Polygon POINTS="1278 958 1280 1137 1323 1139 1334 961"/></Shape></Glyph><Glyph ID="char_155" CONTENT=" " GC="1.0"><Shape><Polygon POINTS="1242 959 1244 1138 1280 1137 1278 958"/></Shape></Glyph><Glyph ID="char_156" CONTENT="ג" GC="1.0"><Shape><Polygon POINTS="1194 959 1197 1138 1244 1138 1242 959"/></Shape></Glyph><Glyph ID="char_157" CONTENT="ד" GC="1.0"><Shape><Polygon POINTS="1122 960 1125 1139 1197 1138 1194 959"/></Shape></Glyph><Glyph ID="char_158" CONTENT="ו" GC="1.0"><Shape><Polygon POINTS="1066 958 1061 1137 1125 1139 1122 960"/></Shape></Glyph><Glyph ID="char_159" CONTENT="ל" GC="1.0"><Shape><Polygon POINTS="1018 957 1013 1136 1061 1137 1066 958"/></Shape></Glyph><Glyph ID="char_160" CONTENT=" " GC="1.0"><Shape><Polygon POINTS="958 956 953 1134 1013 1136 1018 957"/></Shape></Glyph><Glyph ID="char_161" CONTENT="א" GC="1.0"><Shape><Polygon POINTS="891 954 897 1133 953 1134 958 956"/></Shape></Glyph><Glyph ID="char_162" CONTENT="ל" GC="1.0"><Shape><Polygon POINTS="843 956 849 1135 897 1133 891 954"/></Shape></Glyph><Glyph ID="char_163" CONTENT=" " GC="1.0"><Shape><Polygon POINTS="807 957 813 1136 849 1135 843 956"/></Shape></Glyph><Glyph ID="char_164" CONTENT="ע" GC="1.0"><Shape><Polygon POINTS="747 959 753 1138 813 1136 807 957"/></Shape></Glyph><Glyph ID="char_165" CONTENT="ו" GC="1.0"><Shape><Polygon POINTS="699 961 705 1140 753 1138 747 959"/></Shape></Glyph><Glyph ID="char_166" CONTENT="ש" GC="1.0"><Shape><Polygon POINTS="614 964 621 1143 705 1140 699 961"/></Shape></Glyph><Glyph ID="char_167" CONTENT="ה" GC="1.0"><Shape><Polygon POINTS="506 968 513 1147 621 1143 614 964"/></Shape></Glyph></String>
          </TextLine>

          
          
          <TextLine ID="eSc_line_1773465" BASELINE="511 1251 575 1247 886 1247 974 1242 1109 1242 1316 1249 1517 1260 1664 1274 1903 1276 2261 1307 2525 1310" HPOS="504.0" VPOS="1134.0" WIDTH="2022.0" HEIGHT="247.0">
            <Shape><Polygon POINTS="504 1143 568 1139 886 1139 967 1134 1109 1134 1319 1141 1522 1152 1674 1166 1903 1168 2270 1199 2526 1202 2524 1381 2254 1378 1902 1347 1657 1345 1513 1331 1313 1320 1109 1314 978 1313 886 1319 579 1318 515 1322"/></Shape>
	    <String CONTENT=" רום לאין שרית וירם מעפר אביון" HPOS="504.0" VPOS="1134.0" WIDTH="2022.0" HEIGHT="247.0"><Glyph ID="char_168" CONTENT=" " GC="1.0"><Shape><Polygon POINTS="2490 1202 2487 1381 2511 1381 2514 1202"/></Shape></Glyph><Glyph ID="char_169" CONTENT="ר" GC="1.0"><Shape><Polygon POINTS="2466 1201 2463 1380 2487 1381 2490 1202"/></Shape></Glyph><Glyph ID="char_170" CONTENT="ו" GC="1.0"><Shape><Polygon POINTS="2406 1201 2403 1380 2463 1380 2466 1201"/></Shape></Glyph><Glyph ID="char_171" CONTENT="ם" GC="1.0"><Shape><Polygon POINTS="2334 1200 2331 1379 2403 1380 2406 1201"/></Shape></Glyph><Glyph ID="char_172" CONTENT=" " GC="1.0"><Shape><Polygon POINTS="2274 1199 2271 1378 2331 1379 2334 1200"/></Shape></Glyph><Glyph ID="char_173" CONTENT="ל" GC="1.0"><Shape><Polygon POINTS="2210 1194 2194 1373 2271 1378 2274 1199"/></Shape></Glyph><Glyph ID="char_174" CONTENT="א" GC="1.0"><Shape><Polygon POINTS="2138 1188 2123 1366 2194 1373 2210 1194"/></Shape></Glyph><Glyph ID="char_175" CONTENT="י" GC="1.0"><Shape><Polygon POINTS="2090 1184 2075 1362 2123 1366 2138 1188"/></Shape></Glyph><Glyph ID="char_176" CONTENT="ן" GC="1.0"><Shape><Polygon POINTS="2066 1182 2051 1360 2075 1362 2090 1184"/></Shape></Glyph><Glyph ID="char_177" CONTENT=" " GC="1.0"><Shape><Polygon POINTS="2019 1178 2003 1356 2051 1360 2066 1182"/></Shape></Glyph><Glyph ID="char_178" CONTENT="ש" GC="1.0"><Shape><Polygon POINTS="1923 1170 1907 1347 2003 1356 2019 1178"/></Shape></Glyph><Glyph ID="char_179" CONTENT="ר" GC="1.0"><Shape><Polygon POINTS="1831 1167 1829 1346 1907 1347 1923 1170"/></Shape></Glyph><Glyph ID="char_180" CONTENT="י" GC="1.0"><Shape><Polygon POINTS="1771 1167 1769 1346 1829 1346 1831 1167"/></Shape></Glyph><Glyph ID="char_181" CONTENT="ת" GC="1.0"><Shape><Polygon POINTS="1711 1166 1709 1345 1769 1346 1771 1167"/></Shape></Glyph><Glyph ID="char_182" CONTENT=" " GC="1.0"><Shape><Polygon POINTS="1672 1166 1655 1345 1709 1345 1711 1166"/></Shape></Glyph><Glyph ID="char_183" CONTENT="ו" GC="1.0"><Shape><Polygon POINTS="1612 1160 1595 1339 1655 1345 1672 1166"/></Shape></Glyph><Glyph ID="char_184" CONTENT="י" GC="1.0"><Shape><Polygon POINTS="1552 1155 1535 1333 1595 1339 1612 1160"/></Shape></Glyph><Glyph ID="char_185" CONTENT="ר" GC="1.0"><Shape><Polygon POINTS="1475 1149 1466 1328 1535 1333 1552 1155"/></Shape></Glyph><Glyph ID="char_186" CONTENT="ם" GC="1.0"><Shape><Polygon POINTS="1403 1146 1394 1324 1466 1328 1475 1149"/></Shape></Glyph><Glyph ID="char_187" CONTENT=" " GC="1.0"><Shape><Polygon POINTS="1343 1142 1334 1321 1394 1324 1403 1146"/></Shape></Glyph><Glyph ID="char_188" CONTENT="מ" GC="1.0"><Shape><Polygon POINTS="1281 1140 1275 1319 1334 1321 1343 1142"/></Shape></Glyph><Glyph ID="char_189" CONTENT="ע" GC="1.0"><Shape><Polygon POINTS="1221 1138 1215 1317 1275 1319 1281 1140"/></Shape></Glyph><Glyph ID="char_190" CONTENT="פ" GC="1.0"><Shape><Polygon POINTS="1137 1135 1131 1315 1215 1317 1221 1138"/></Shape></Glyph><Glyph ID="char_191" CONTENT="ר" GC="1.0"><Shape><Polygon POINTS="990 1134 990 1313 1131 1315 1137 1135"/></Shape></Glyph><Glyph ID="char_192" CONTENT=" " GC="1.0"><Shape><Polygon POINTS="846 1139 846 1319 990 1313 990 1134"/></Shape></Glyph><Glyph ID="char_193" CONTENT="א" GC="1.0"><Shape><Polygon POINTS="774 1139 774 1319 846 1319 846 1139"/></Shape></Glyph><Glyph ID="char_194" CONTENT="ב" GC="1.0"><Shape><Polygon POINTS="702 1139 702 1318 774 1319 774 1139"/></Shape></Glyph><Glyph ID="char_195" CONTENT="י" GC="1.0"><Shape><Polygon POINTS="642 1139 642 1318 702 1318 702 1139"/></Shape></Glyph><Glyph ID="char_196" CONTENT="ו" GC="1.0"><Shape><Polygon POINTS="594 1139 594 1318 642 1318 642 1139"/></Shape></Glyph><Glyph ID="char_197" CONTENT="ן" GC="1.0"><Shape><Polygon POINTS="515 1142 526 1321 594 1318 594 1139"/></Shape></Glyph></String>
          </TextLine>

          
          
          <TextLine ID="eSc_line_1773462" BASELINE="390 1472 493 1483 656 1479 753 1479 838 1483 1118 1483 1269 1474 1339 1474 2347 1510 2426 1515" HPOS="382.0" VPOS="1364.0" WIDTH="2050.0" HEIGHT="222.0">
            <Shape><Polygon POINTS="401 1364 504 1375 653 1371 753 1371 843 1375 1118 1375 1262 1366 1339 1366 2350 1402 2432 1407 2421 1586 2344 1581 1339 1546 1273 1545 1118 1555 834 1554 753 1551 657 1550 485 1554 382 1543"/></Shape>
	    <String CONTENT=" קים יגביה בקומה ועם אלים בעדת" HPOS="382.0" VPOS="1364.0" WIDTH="2050.0" HEIGHT="222.0"><Glyph ID="char_198" CONTENT=" " GC="1.0"><Shape><Polygon POINTS="2396 1405 2385 1584 2420 1586 2431 1407"/></Shape></Glyph><Glyph ID="char_199" CONTENT="ק" GC="1.0"><Shape><Polygon POINTS="2344 1402 2338 1581 2385 1584 2396 1405"/></Shape></Glyph><Glyph ID="char_200" CONTENT="י" GC="1.0"><Shape><Polygon POINTS="2272 1399 2266 1578 2338 1581 2344 1402"/></Shape></Glyph><Glyph ID="char_201" CONTENT="ם" GC="1.0"><Shape><Polygon POINTS="2200 1397 2194 1576 2266 1578 2272 1399"/></Shape></Glyph><Glyph ID="char_202" CONTENT=" " GC="1.0"><Shape><Polygon POINTS="2140 1395 2134 1574 2194 1576 2200 1397"/></Shape></Glyph><Glyph ID="char_203" CONTENT="י" GC="1.0"><Shape><Polygon POINTS="2091 1393 2085 1572 2134 1574 2140 1395"/></Shape></Glyph><Glyph ID="char_204" CONTENT="ג" GC="1.0"><Shape><Polygon POINTS="2043 1391 2037 1570 2085 1572 2091 1393"/></Shape></Glyph><Glyph ID="char_205" CONTENT="ב" GC="1.0"><Shape><Polygon POINTS="1971 1389 1965 1568 2037 1570 2043 1391"/></Shape></Glyph><Glyph ID="char_206" CONTENT="י" GC="1.0"><Shape><Polygon POINTS="1898 1386 1892 1565 1965 1568 1971 1389"/></Shape></Glyph><Glyph ID="char_207" CONTENT="ה" GC="1.0"><Shape><Polygon POINTS="1838 1384 1832 1563 1892 1565 1898 1386"/></Shape></Glyph><Glyph ID="char_208" CONTENT=" " GC="1.0"><Shape><Polygon POINTS="1778 1382 1772 1561 1832 1563 1838 1384"/></Shape></Glyph><Glyph ID="char_209" CONTENT="ב" GC="1.0"><Shape><Polygon POINTS="1718 1379 1711 1559 1772 1561 1778 1382"/></Shape></Glyph><Glyph ID="char_210" CONTENT="ק" GC="1.0"><Shape><Polygon POINTS="1646 1377 1639 1556 1711 1559 1718 1379"/></Shape></Glyph><Glyph ID="char_211" CONTENT="ו" GC="1.0"><Shape><Polygon POINTS="1586 1375 1579 1554 1639 1556 1646 1377"/></Shape></Glyph><Glyph ID="char_212" CONTENT="מ" GC="1.0"><Shape><Polygon POINTS="1501 1372 1494 1551 1579 1554 1586 1375"/></Shape></Glyph><Glyph ID="char_213" CONTENT="ה" GC="1.0"><Shape><Polygon POINTS="1441 1370 1434 1549 1494 1551 1501 1372"/></Shape></Glyph><Glyph ID="char_214" CONTENT=" " GC="1.0"><Shape><Polygon POINTS="1381 1367 1374 1547 1434 1549 1441 1370"/></Shape></Glyph><Glyph ID="char_215" CONTENT="ו" GC="1.0"><Shape><Polygon POINTS="1329 1366 1329 1546 1374 1547 1381 1367"/></Shape></Glyph><Glyph ID="char_216" CONTENT="ע" GC="1.0"><Shape><Polygon POINTS="1238 1368 1248 1547 1329 1546 1329 1366"/></Shape></Glyph><Glyph ID="char_217" CONTENT="ם" GC="1.0"><Shape><Polygon POINTS="1154 1373 1164 1552 1248 1547 1238 1368"/></Shape></Glyph><Glyph ID="char_218" CONTENT=" " GC="1.0"><Shape><Polygon POINTS="1112 1375 1112 1555 1164 1552 1154 1373"/></Shape></Glyph><Glyph ID="char_219" CONTENT="א" GC="1.0"><Shape><Polygon POINTS="1039 1375 1039 1555 1112 1555 1112 1375"/></Shape></Glyph><Glyph ID="char_220" CONTENT="ל" GC="1.0"><Shape><Polygon POINTS="955 1375 955 1554 1039 1555 1039 1375"/></Shape></Glyph><Glyph ID="char_221" CONTENT="י" GC="1.0"><Shape><Polygon POINTS="870 1375 870 1554 955 1554 955 1375"/></Shape></Glyph><Glyph ID="char_222" CONTENT="ם" GC="1.0"><Shape><Polygon POINTS="791 1373 783 1552 870 1554 870 1375"/></Shape></Glyph><Glyph ID="char_223" CONTENT=" " GC="1.0"><Shape><Polygon POINTS="714 1371 714 1551 783 1552 791 1373"/></Shape></Glyph><Glyph ID="char_224" CONTENT="ב" GC="1.0"><Shape><Polygon POINTS="639 1371 643 1550 714 1551 714 1371"/></Shape></Glyph><Glyph ID="char_225" CONTENT="ע" GC="1.0"><Shape><Polygon POINTS="567 1373 571 1552 643 1550 639 1371"/></Shape></Glyph><Glyph ID="char_226" CONTENT="ד" GC="1.0"><Shape><Polygon POINTS="498 1374 477 1553 571 1552 567 1373"/></Shape></Glyph><Glyph ID="char_227" CONTENT="ת" GC="1.0"><Shape><Polygon POINTS="413 1365 393 1544 477 1553 498 1374"/></Shape></Glyph></String>
          </TextLine>

          
          
          <TextLine ID="eSc_line_1773464" BASELINE="638 1640 857 1631 1073 1648 1321 1648 1923 1661" HPOS="633.0" VPOS="1523.0" WIDTH="1292.0" HEIGHT="209.0">
            <Shape><Polygon POINTS="633 1532 852 1523 1081 1540 1321 1540 1925 1553 1921 1732 1321 1720 1067 1719 859 1702 640 1711"/></Shape>
	    <String CONTENT=" ל ל ת עולם וכושלי ארץ" HPOS="633.0" VPOS="1523.0" WIDTH="1292.0" HEIGHT="209.0"><Glyph ID="char_228" CONTENT=" " GC="1.0"><Shape><Polygon POINTS="1923 1553 1919 1732 1919 1732 1923 1553"/></Shape></Glyph><Glyph ID="char_229" CONTENT="ל" GC="1.0"><Shape><Polygon POINTS="1912 1553 1908 1732 1919 1732 1923 1553"/></Shape></Glyph><Glyph ID="char_230" CONTENT=" " GC="1.0"><Shape><Polygon POINTS="1876 1552 1872 1731 1908 1732 1912 1553"/></Shape></Glyph><Glyph ID="char_231" CONTENT="ל" GC="1.0"><Shape><Polygon POINTS="1828 1551 1824 1730 1872 1731 1876 1552"/></Shape></Glyph><Glyph ID="char_232" CONTENT=" " GC="1.0"><Shape><Polygon POINTS="1804 1550 1800 1730 1824 1730 1828 1551"/></Shape></Glyph><Glyph ID="char_233" CONTENT="ת" GC="1.0"><Shape><Polygon POINTS="1792 1550 1789 1729 1800 1730 1804 1550"/></Shape></Glyph><Glyph ID="char_234" CONTENT=" " GC="1.0"><Shape><Polygon POINTS="1780 1550 1777 1729 1789 1729 1792 1550"/></Shape></Glyph><Glyph ID="char_235" CONTENT="ע" GC="1.0"><Shape><Polygon POINTS="1732 1549 1729 1728 1777 1729 1780 1550"/></Shape></Glyph><Glyph ID="char_236" CONTENT="ו" GC="1.0"><Shape><Polygon POINTS="1660 1547 1657 1727 1729 1728 1732 1549"/></Shape></Glyph><Glyph ID="char_237" CONTENT="ל" GC="1.0"><Shape><Polygon POINTS="1599 1546 1596 1725 1657 1727 1660 1547"/></Shape></Glyph><Glyph ID="char_238" CONTENT="ם" GC="1.0"><Shape><Polygon POINTS="1503 1544 1500 1724 1596 1725 1599 1546"/></Shape></Glyph><Glyph ID="char_239" CONTENT=" " GC="1.0"><Shape><Polygon POINTS="1419 1542 1416 1722 1500 1724 1503 1544"/></Shape></Glyph><Glyph ID="char_240" CONTENT="ו" GC="1.0"><Shape><Polygon POINTS="1359 1541 1356 1721 1416 1722 1419 1542"/></Shape></Glyph><Glyph ID="char_241" CONTENT="כ" GC="1.0"><Shape><Polygon POINTS="1309 1540 1309 1720 1356 1721 1359 1541"/></Shape></Glyph><Glyph ID="char_242" CONTENT="ו" GC="1.0"><Shape><Polygon POINTS="1249 1540 1249 1720 1309 1720 1309 1540"/></Shape></Glyph><Glyph ID="char_243" CONTENT="ש" GC="1.0"><Shape><Polygon POINTS="1165 1540 1165 1719 1249 1720 1249 1540"/></Shape></Glyph><Glyph ID="char_244" CONTENT="ל" GC="1.0"><Shape><Polygon POINTS="1081 1540 1081 1719 1165 1719 1165 1540"/></Shape></Glyph><Glyph ID="char_245" CONTENT="י" GC="1.0"><Shape><Polygon POINTS="1018 1535 1004 1714 1081 1719 1081 1540"/></Shape></Glyph><Glyph ID="char_246" CONTENT=" " GC="1.0"><Shape><Polygon POINTS="933 1529 919 1707 1004 1714 1018 1535"/></Shape></Glyph><Glyph ID="char_247" CONTENT="א" GC="1.0"><Shape><Polygon POINTS="836 1524 844 1703 919 1707 933 1529"/></Shape></Glyph><Glyph ID="char_248" CONTENT="ר" GC="1.0"><Shape><Polygon POINTS="764 1527 772 1706 844 1703 836 1524"/></Shape></Glyph><Glyph ID="char_249" CONTENT="ץ" GC="1.0"><Shape><Polygon POINTS="669 1531 676 1710 772 1706 764 1527"/></Shape></Glyph></String>
          </TextLine>

          
        </TextBlock>
        

        
      </PrintSpace>
    </Page>
  </Layout>
</alto>