<?xml version='1.0' encoding='UTF-8'?>
<alto xmlns:xsi="http://www.w3.org/2001/XMLSchema-instance" xmlns="http://www.loc.gov/standards/alto/ns-v4#" xsi:schemaLocation="http://www.loc.gov/standards/alto/ns-v4# http://www.loc.gov/standards/alto/v4/alto-4-2.xsd">
  <Description>
    <MeasurementUnit>pixel</MeasurementUnit>
    <sourceImageInformation>
      <fileName>P515-Fg009-R-C01-R01-D13122012-T130329-LR924 _012.jpg</fileName>
      
    </sourceImageInformation>
  </Description>
  
  <Tags>
    <OtherTag ID="BT1443" LABEL="Parchment_or_papyrus" DESCRIPTION="block type Parchment_or_papyrus"/><OtherTag ID="BT2" LABEL="Main" DESCRIPTION="block type Main"/>
    
  </Tags>
  
  <Layout>
    <Page WIDTH="2706" HEIGHT="3608" PHYSICAL_IMG_NR="125" ID="eSc_dummypage_">
      <PrintSpace HPOS="0" VPOS="0" WIDTH="2706" HEIGHT="3608">
        
        <TextBlock HPOS="407.0" VPOS="677.0" WIDTH="1531.0" HEIGHT="2290.0" ID="eSc_textblock_03769d3e" TAGREFS="BT2">
          <Shape><Polygon POINTS="407 677 407 2967 1901 2950 1938 677"/></Shape>
          
          
          <TextLine ID="eSc_line_1773480" BASELINE="977 805 1840 788" HPOS="974.0" VPOS="677.0" WIDTH="867.0" HEIGHT="201.0">
            <Shape><Polygon POINTS="974 694 1837 677 1841 861 978 878"/></Shape>
	    <String CONTENT="חוקי ותקראני " HPOS="974.0" VPOS="677.0" WIDTH="867.0" HEIGHT="201.0"><Glyph ID="char_0" CONTENT="ח" GC="1.0"><Shape><Polygon POINTS="1702 680 1705 864 1779 862 1776 678"/></Shape></Glyph><Glyph ID="char_1" CONTENT="ו" GC="1.0"><Shape><Polygon POINTS="1653 681 1656 865 1705 864 1702 680"/></Shape></Glyph><Glyph ID="char_2" CONTENT="ק" GC="1.0"><Shape><Polygon POINTS="1579 682 1582 866 1656 865 1653 681"/></Shape></Glyph><Glyph ID="char_3" CONTENT="י" GC="1.0"><Shape><Polygon POINTS="1517 683 1520 867 1582 866 1579 682"/></Shape></Glyph><Glyph ID="char_4" CONTENT=" " GC="1.0"><Shape><Polygon POINTS="1468 684 1471 868 1520 867 1517 683"/></Shape></Glyph><Glyph ID="char_5" CONTENT="ו" GC="1.0"><Shape><Polygon POINTS="1406 685 1409 870 1471 868 1468 684"/></Shape></Glyph><Glyph ID="char_6" CONTENT="ת" GC="1.0"><Shape><Polygon POINTS="1320 687 1323 871 1409 870 1406 685"/></Shape></Glyph><Glyph ID="char_7" CONTENT="ק" GC="1.0"><Shape><Polygon POINTS="1233 689 1236 873 1323 871 1320 687"/></Shape></Glyph><Glyph ID="char_8" CONTENT="ר" GC="1.0"><Shape><Polygon POINTS="1159 690 1162 874 1236 873 1233 689"/></Shape></Glyph><Glyph ID="char_9" CONTENT="א" GC="1.0"><Shape><Polygon POINTS="1085 692 1088 876 1162 874 1159 690"/></Shape></Glyph><Glyph ID="char_10" CONTENT="נ" GC="1.0"><Shape><Polygon POINTS="1048 693 1051 877 1088 876 1085 692"/></Shape></Glyph><Glyph ID="char_11" CONTENT="י" GC="1.0"><Shape><Polygon POINTS="1011 693 1014 877 1051 877 1048 693"/></Shape></Glyph><Glyph ID="char_12" CONTENT=" " GC="1.0"><Shape><Polygon POINTS="976 805 1012 804"/></Shape></Glyph></String>
          </TextLine>

          
          
          <TextLine ID="eSc_line_1773481" BASELINE="847 992 1545 998 1692 992 1852 977" HPOS="846.0" VPOS="866.0" WIDTH="1012.0" HEIGHT="205.0">
            <Shape><Polygon POINTS="847 881 1545 887 1687 881 1841 866 1858 1050 1695 1065 1544 1071 846 1065"/></Shape>
	    <String CONTENT="ובהמון רחמיכה ל " HPOS="846.0" VPOS="866.0" WIDTH="1012.0" HEIGHT="205.0"><Glyph ID="char_13" CONTENT="ו" GC="1.0"><Shape><Polygon POINTS="1754 874 1771 1058 1833 1052 1816 868"/></Shape></Glyph><Glyph ID="char_14" CONTENT="ב" GC="1.0"><Shape><Polygon POINTS="1685 881 1693 1065 1771 1058 1754 874"/></Shape></Glyph><Glyph ID="char_15" CONTENT="ה" GC="1.0"><Shape><Polygon POINTS="1611 884 1619 1068 1693 1065 1685 881"/></Shape></Glyph><Glyph ID="char_16" CONTENT="מ" GC="1.0"><Shape><Polygon POINTS="1542 887 1540 1071 1619 1068 1611 884"/></Shape></Glyph><Glyph ID="char_17" CONTENT="ו" GC="1.0"><Shape><Polygon POINTS="1480 886 1478 1070 1540 1071 1542 887"/></Shape></Glyph><Glyph ID="char_18" CONTENT="ן" GC="1.0"><Shape><Polygon POINTS="1443 886 1441 1070 1478 1070 1480 886"/></Shape></Glyph><Glyph ID="char_19" CONTENT=" " GC="1.0"><Shape><Polygon POINTS="1393 886 1391 1070 1441 1070 1443 886"/></Shape></Glyph><Glyph ID="char_20" CONTENT="ר" GC="1.0"><Shape><Polygon POINTS="1331 885 1329 1069 1391 1070 1393 886"/></Shape></Glyph><Glyph ID="char_21" CONTENT="ח" GC="1.0"><Shape><Polygon POINTS="1257 885 1255 1069 1329 1069 1331 885"/></Shape></Glyph><Glyph ID="char_22" CONTENT="מ" GC="1.0"><Shape><Polygon POINTS="1182 884 1180 1068 1255 1069 1257 885"/></Shape></Glyph><Glyph ID="char_23" CONTENT="י" GC="1.0"><Shape><Polygon POINTS="1120 883 1118 1067 1180 1068 1182 884"/></Shape></Glyph><Glyph ID="char_24" CONTENT="כ" GC="1.0"><Shape><Polygon POINTS="1033 883 1031 1067 1118 1067 1120 883"/></Shape></Glyph><Glyph ID="char_25" CONTENT="ה" GC="1.0"><Shape><Polygon POINTS="971 882 969 1066 1031 1067 1033 883"/></Shape></Glyph><Glyph ID="char_26" CONTENT=" " GC="1.0"><Shape><Polygon POINTS="934 882 932 1066 969 1066 971 882"/></Shape></Glyph><Glyph ID="char_27" CONTENT="ל" GC="1.0"><Shape><Polygon POINTS="884 881 882 1065 932 1066 934 882"/></Shape></Glyph><Glyph ID="char_28" CONTENT=" " GC="1.0"><Shape><Polygon POINTS="846 991 882 991"/></Shape></Glyph></String>
          </TextLine>

          
          
          <TextLine ID="eSc_line_1773487" BASELINE="808 1160 1554 1166 1701 1175 1822 1175" HPOS="807.0" VPOS="1049.0" WIDTH="1015.0" HEIGHT="200.0">
            <Shape><Polygon POINTS="808 1049 1554 1055 1707 1064 1822 1064 1822 1249 1696 1248 1553 1239 807 1233"/></Shape>
	    <String CONTENT=" וריתי באשמת מעל " HPOS="807.0" VPOS="1049.0" WIDTH="1015.0" HEIGHT="200.0"><Glyph ID="char_29" CONTENT=" " GC="1.0"><Shape><Polygon POINTS="1723 1064 1723 1248 1785 1249 1785 1064"/></Shape></Glyph><Glyph ID="char_30" CONTENT="ו" GC="1.0"><Shape><Polygon POINTS="1668 1062 1656 1246 1723 1248 1723 1064"/></Shape></Glyph><Glyph ID="char_31" CONTENT="ר" GC="1.0"><Shape><Polygon POINTS="1594 1057 1582 1241 1656 1246 1668 1062"/></Shape></Glyph><Glyph ID="char_32" CONTENT="י" GC="1.0"><Shape><Polygon POINTS="1526 1055 1524 1239 1582 1241 1594 1057"/></Shape></Glyph><Glyph ID="char_33" CONTENT="ת" GC="1.0"><Shape><Polygon POINTS="1452 1054 1450 1238 1524 1239 1526 1055"/></Shape></Glyph><Glyph ID="char_34" CONTENT="י" GC="1.0"><Shape><Polygon POINTS="1402 1054 1400 1238 1450 1238 1452 1054"/></Shape></Glyph><Glyph ID="char_35" CONTENT=" " GC="1.0"><Shape><Polygon POINTS="1353 1053 1351 1237 1400 1238 1402 1054"/></Shape></Glyph><Glyph ID="char_36" CONTENT="ב" GC="1.0"><Shape><Polygon POINTS="1291 1053 1289 1237 1351 1237 1353 1053"/></Shape></Glyph><Glyph ID="char_37" CONTENT="א" GC="1.0"><Shape><Polygon POINTS="1241 1052 1239 1236 1289 1237 1291 1053"/></Shape></Glyph><Glyph ID="char_38" CONTENT="ש" GC="1.0"><Shape><Polygon POINTS="1155 1052 1153 1236 1239 1236 1241 1052"/></Shape></Glyph><Glyph ID="char_39" CONTENT="מ" GC="1.0"><Shape><Polygon POINTS="1056 1051 1054 1235 1153 1236 1155 1052"/></Shape></Glyph><Glyph ID="char_40" CONTENT="ת" GC="1.0"><Shape><Polygon POINTS="1006 1051 1004 1235 1054 1235 1056 1051"/></Shape></Glyph><Glyph ID="char_41" CONTENT=" " GC="1.0"><Shape><Polygon POINTS="957 1050 955 1234 1004 1235 1006 1051"/></Shape></Glyph><Glyph ID="char_42" CONTENT="מ" GC="1.0"><Shape><Polygon POINTS="882 1050 880 1234 955 1234 957 1050"/></Shape></Glyph><Glyph ID="char_43" CONTENT="ע" GC="1.0"><Shape><Polygon POINTS="820 1049 818 1233 880 1234 882 1050"/></Shape></Glyph><Glyph ID="char_44" CONTENT="ל" GC="1.0"><Shape><Polygon POINTS="807 1159 818 1159"/></Shape></Glyph><Glyph ID="char_45" CONTENT=" " GC="1.0"><Shape><Polygon POINTS="807 1159 807 1159"/></Shape></Glyph></String>
          </TextLine>

          
          
          <TextLine ID="eSc_line_1773488" BASELINE="733 1334 853 1343 1253 1343 1608 1337 1749 1325 1870 1331" HPOS="727.0" VPOS="1214.0" WIDTH="1148.0" HEIGHT="203.0">
            <Shape><Polygon POINTS="741 1223 861 1232 1253 1232 1606 1226 1739 1214 1875 1220 1866 1404 1755 1398 1609 1410 1253 1417 847 1416 727 1407"/></Shape>
	    <String CONTENT="לרוב נדה ומנעורי ב " HPOS="727.0" VPOS="1214.0" WIDTH="1148.0" HEIGHT="203.0"><Glyph ID="char_46" CONTENT="ל" GC="1.0"><Shape><Polygon POINTS="1787 1216 1778 1399 1840 1403 1849 1219"/></Shape></Glyph><Glyph ID="char_47" CONTENT="ר" GC="1.0"><Shape><Polygon POINTS="1724 1215 1739 1399 1778 1399 1787 1216"/></Shape></Glyph><Glyph ID="char_48" CONTENT="ו" GC="1.0"><Shape><Polygon POINTS="1662 1221 1678 1404 1739 1399 1724 1215"/></Shape></Glyph><Glyph ID="char_49" CONTENT="ב" GC="1.0"><Shape><Polygon POINTS="1613 1225 1629 1408 1678 1404 1662 1221"/></Shape></Glyph><Glyph ID="char_50" CONTENT=" " GC="1.0"><Shape><Polygon POINTS="1583 1226 1586 1410 1629 1408 1613 1225"/></Shape></Glyph><Glyph ID="char_51" CONTENT="נ" GC="1.0"><Shape><Polygon POINTS="1534 1227 1537 1411 1586 1410 1583 1226"/></Shape></Glyph><Glyph ID="char_52" CONTENT="ד" GC="1.0"><Shape><Polygon POINTS="1460 1228 1463 1413 1537 1411 1534 1227"/></Shape></Glyph><Glyph ID="char_53" CONTENT="ה" GC="1.0"><Shape><Polygon POINTS="1373 1230 1376 1415 1463 1413 1460 1228"/></Shape></Glyph><Glyph ID="char_54" CONTENT=" " GC="1.0"><Shape><Polygon POINTS="1299 1231 1302 1416 1376 1415 1373 1230"/></Shape></Glyph><Glyph ID="char_55" CONTENT="ו" GC="1.0"><Shape><Polygon POINTS="1252 1232 1252 1417 1302 1416 1299 1231"/></Shape></Glyph><Glyph ID="char_56" CONTENT="מ" GC="1.0"><Shape><Polygon POINTS="1190 1232 1190 1417 1252 1417 1252 1232"/></Shape></Glyph><Glyph ID="char_57" CONTENT="נ" GC="1.0"><Shape><Polygon POINTS="1140 1232 1140 1417 1190 1417 1190 1232"/></Shape></Glyph><Glyph ID="char_58" CONTENT="ע" GC="1.0"><Shape><Polygon POINTS="1078 1232 1078 1417 1140 1417 1140 1232"/></Shape></Glyph><Glyph ID="char_59" CONTENT="ו" GC="1.0"><Shape><Polygon POINTS="1017 1232 1017 1416 1078 1417 1078 1232"/></Shape></Glyph><Glyph ID="char_60" CONTENT="ר" GC="1.0"><Shape><Polygon POINTS="942 1232 942 1416 1017 1416 1017 1232"/></Shape></Glyph><Glyph ID="char_61" CONTENT="י" GC="1.0"><Shape><Polygon POINTS="893 1232 893 1416 942 1416 942 1232"/></Shape></Glyph><Glyph ID="char_62" CONTENT=" " GC="1.0"><Shape><Polygon POINTS="852 1231 837 1415 893 1416 893 1232"/></Shape></Glyph><Glyph ID="char_63" CONTENT="ב" GC="1.0"><Shape><Polygon POINTS="791 1227 776 1411 837 1415 852 1231"/></Shape></Glyph><Glyph ID="char_64" CONTENT=" " GC="1.0"><Shape><Polygon POINTS="732 1333 781 1337"/></Shape></Glyph></String>
          </TextLine>

          
          
          <TextLine ID="eSc_line_1773484" BASELINE="682 1545 902 1533 1085 1533 1271 1521 1443 1518 1587 1509 1662 1509 1828 1521" HPOS="675.0" VPOS="1398.0" WIDTH="1161.0" HEIGHT="220.0">
            <Shape><Polygon POINTS="675 1434 895 1422 1085 1422 1263 1410 1441 1407 1580 1398 1662 1398 1836 1410 1822 1594 1662 1583 1591 1582 1444 1591 1275 1594 1085 1607 906 1606 686 1618"/></Shape>
	    <String CONTENT="אלי כוננתה רגלי בדרך " HPOS="675.0" VPOS="1398.0" WIDTH="1161.0" HEIGHT="220.0"><Glyph ID="char_65" CONTENT="א" GC="1.0"><Shape><Polygon POINTS="1737 1403 1724 1587 1797 1592 1811 1408"/></Shape></Glyph><Glyph ID="char_66" CONTENT="ל" GC="1.0"><Shape><Polygon POINTS="1676 1399 1663 1583 1724 1587 1737 1403"/></Shape></Glyph><Glyph ID="char_67" CONTENT="י" GC="1.0"><Shape><Polygon POINTS="1618 1398 1618 1582 1663 1583 1676 1399"/></Shape></Glyph><Glyph ID="char_68" CONTENT=" " GC="1.0"><Shape><Polygon POINTS="1562 1399 1574 1583 1618 1582 1618 1398"/></Shape></Glyph><Glyph ID="char_69" CONTENT="כ" GC="1.0"><Shape><Polygon POINTS="1512 1402 1524 1586 1574 1583 1562 1399"/></Shape></Glyph><Glyph ID="char_70" CONTENT="ו" GC="1.0"><Shape><Polygon POINTS="1475 1405 1487 1588 1524 1586 1512 1402"/></Shape></Glyph><Glyph ID="char_71" CONTENT="נ" GC="1.0"><Shape><Polygon POINTS="1431 1407 1435 1591 1487 1588 1475 1405"/></Shape></Glyph><Glyph ID="char_72" CONTENT="נ" GC="1.0"><Shape><Polygon POINTS="1394 1408 1398 1592 1435 1591 1431 1407"/></Shape></Glyph><Glyph ID="char_73" CONTENT="ת" GC="1.0"><Shape><Polygon POINTS="1320 1409 1324 1593 1398 1592 1394 1408"/></Shape></Glyph><Glyph ID="char_74" CONTENT="ה" GC="1.0"><Shape><Polygon POINTS="1253 1411 1265 1595 1324 1593 1320 1409"/></Shape></Glyph><Glyph ID="char_75" CONTENT=" " GC="1.0"><Shape><Polygon POINTS="1191 1415 1203 1599 1265 1595 1253 1411"/></Shape></Glyph><Glyph ID="char_76" CONTENT="ר" GC="1.0"><Shape><Polygon POINTS="1117 1420 1129 1604 1203 1599 1191 1415"/></Shape></Glyph><Glyph ID="char_77" CONTENT="ג" GC="1.0"><Shape><Polygon POINTS="1076 1422 1076 1607 1129 1604 1117 1420"/></Shape></Glyph><Glyph ID="char_78" CONTENT="ל" GC="1.0"><Shape><Polygon POINTS="1027 1422 1027 1607 1076 1607 1076 1422"/></Shape></Glyph><Glyph ID="char_79" CONTENT="י" GC="1.0"><Shape><Polygon POINTS="977 1422 977 1606 1027 1607 1027 1422"/></Shape></Glyph><Glyph ID="char_80" CONTENT=" " GC="1.0"><Shape><Polygon POINTS="928 1422 928 1606 977 1606 977 1422"/></Shape></Glyph><Glyph ID="char_81" CONTENT="ב" GC="1.0"><Shape><Polygon POINTS="860 1424 870 1608 928 1606 928 1422"/></Shape></Glyph><Glyph ID="char_82" CONTENT="ד" GC="1.0"><Shape><Polygon POINTS="786 1428 796 1612 870 1608 860 1424"/></Shape></Glyph><Glyph ID="char_83" CONTENT="ר" GC="1.0"><Shape><Polygon POINTS="724 1431 734 1615 796 1612 786 1428"/></Shape></Glyph><Glyph ID="char_84" CONTENT="ך" GC="1.0"><Shape><Polygon POINTS="687 1433 697 1617 734 1615 724 1431"/></Shape></Glyph><Glyph ID="char_85" CONTENT=" " GC="1.0"><Shape><Polygon POINTS="681 1545 692 1544"/></Shape></Glyph></String>
          </TextLine>

          
          
          <TextLine ID="eSc_line_1773491" BASELINE="595 1737 697 1746 811 1746 1157 1716 1404 1701 1545 1698 1701 1686 1816 1692" HPOS="588.0" VPOS="1575.0" WIDTH="1233.0" HEIGHT="245.0">
            <Shape><Polygon POINTS="604 1626 706 1635 811 1635 1147 1605 1397 1590 1542 1587 1692 1575 1821 1581 1812 1765 1706 1759 1546 1771 1408 1774 1163 1789 811 1820 690 1819 588 1810"/></Shape>
	    <String CONTENT="אוזני ולבי להבין באמתכ " HPOS="588.0" VPOS="1575.0" WIDTH="1233.0" HEIGHT="245.0"><Glyph ID="char_86" CONTENT="א" GC="1.0"><Shape><Polygon POINTS="1710 1576 1700 1759 1774 1763 1784 1579"/></Shape></Glyph><Glyph ID="char_87" CONTENT="ו" GC="1.0"><Shape><Polygon POINTS="1646 1579 1660 1762 1700 1759 1710 1576"/></Shape></Glyph><Glyph ID="char_88" CONTENT="ז" GC="1.0"><Shape><Polygon POINTS="1597 1583 1611 1766 1660 1762 1646 1579"/></Shape></Glyph><Glyph ID="char_89" CONTENT="נ" GC="1.0"><Shape><Polygon POINTS="1547 1587 1561 1770 1611 1766 1597 1583"/></Shape></Glyph><Glyph ID="char_90" CONTENT="י" GC="1.0"><Shape><Polygon POINTS="1504 1588 1508 1772 1561 1770 1547 1587"/></Shape></Glyph><Glyph ID="char_91" CONTENT=" " GC="1.0"><Shape><Polygon POINTS="1467 1589 1471 1773 1508 1772 1504 1588"/></Shape></Glyph><Glyph ID="char_92" CONTENT="ו" GC="1.0"><Shape><Polygon POINTS="1417 1590 1421 1774 1471 1773 1467 1589"/></Shape></Glyph><Glyph ID="char_93" CONTENT="ל" GC="1.0"><Shape><Polygon POINTS="1364 1592 1375 1776 1421 1774 1417 1590"/></Shape></Glyph><Glyph ID="char_94" CONTENT="ב" GC="1.0"><Shape><Polygon POINTS="1302 1596 1313 1780 1375 1776 1364 1592"/></Shape></Glyph><Glyph ID="char_95" CONTENT="י" GC="1.0"><Shape><Polygon POINTS="1253 1599 1264 1783 1313 1780 1302 1596"/></Shape></Glyph><Glyph ID="char_96" CONTENT=" " GC="1.0"><Shape><Polygon POINTS="1216 1601 1228 1785 1264 1783 1253 1599"/></Shape></Glyph><Glyph ID="char_97" CONTENT="ל" GC="1.0"><Shape><Polygon POINTS="1154 1605 1166 1789 1228 1785 1216 1601"/></Shape></Glyph><Glyph ID="char_98" CONTENT="ה" GC="1.0"><Shape><Polygon POINTS="1090 1610 1106 1794 1166 1789 1154 1605"/></Shape></Glyph><Glyph ID="char_99" CONTENT="ב" GC="1.0"><Shape><Polygon POINTS="1016 1617 1032 1801 1106 1794 1090 1610"/></Shape></Glyph><Glyph ID="char_100" CONTENT="י" GC="1.0"><Shape><Polygon POINTS="954 1622 970 1806 1032 1801 1016 1617"/></Shape></Glyph><Glyph ID="char_101" CONTENT="ן" GC="1.0"><Shape><Polygon POINTS="918 1625 933 1809 970 1806 954 1622"/></Shape></Glyph><Glyph ID="char_102" CONTENT=" " GC="1.0"><Shape><Polygon POINTS="881 1629 897 1812 933 1809 918 1625"/></Shape></Glyph><Glyph ID="char_103" CONTENT="ב" GC="1.0"><Shape><Polygon POINTS="819 1634 835 1818 897 1812 881 1629"/></Shape></Glyph><Glyph ID="char_104" CONTENT="א" GC="1.0"><Shape><Polygon POINTS="767 1635 767 1820 835 1818 819 1634"/></Shape></Glyph><Glyph ID="char_105" CONTENT="מ" GC="1.0"><Shape><Polygon POINTS="703 1635 685 1819 767 1820 767 1635"/></Shape></Glyph><Glyph ID="char_106" CONTENT="ת" GC="1.0"><Shape><Polygon POINTS="630 1628 612 1812 685 1819 703 1635"/></Shape></Glyph><Glyph ID="char_107" CONTENT="כ" GC="1.0"><Shape><Polygon POINTS="594 1736 618 1738"/></Shape></Glyph><Glyph ID="char_108" CONTENT=" " GC="1.0"><Shape><Polygon POINTS="594 1736 594 1736"/></Shape></Glyph></String>
          </TextLine>

          
          
          <TextLine ID="eSc_line_1773486" BASELINE="592 1909 718 1915 995 1906 1362 1873 1584 1867 1695 1858 1822 1861" HPOS="588.0" VPOS="1747.0" WIDTH="1236.0" HEIGHT="241.0">
            <Shape><Polygon POINTS="597 1798 723 1804 991 1795 1352 1762 1581 1756 1686 1747 1824 1750 1820 1934 1700 1931 1585 1940 1368 1946 997 1979 714 1988 588 1982"/></Shape>
	    <String CONTENT="אוזן בלמודיכה עד אש " HPOS="588.0" VPOS="1747.0" WIDTH="1236.0" HEIGHT="241.0"><Glyph ID="char_109" CONTENT="א" GC="1.0"><Shape><Polygon POINTS="1723 1748 1719 1931 1794 1933 1798 1749"/></Shape></Glyph><Glyph ID="char_110" CONTENT="ו" GC="1.0"><Shape><Polygon POINTS="1650 1750 1665 1934 1719 1931 1723 1748"/></Shape></Glyph><Glyph ID="char_111" CONTENT="ז" GC="1.0"><Shape><Polygon POINTS="1600 1754 1615 1938 1665 1934 1650 1750"/></Shape></Glyph><Glyph ID="char_112" CONTENT="ן" GC="1.0"><Shape><Polygon POINTS="1569 1756 1574 1940 1615 1938 1600 1754"/></Shape></Glyph><Glyph ID="char_113" CONTENT=" " GC="1.0"><Shape><Polygon POINTS="1519 1758 1524 1942 1574 1940 1569 1756"/></Shape></Glyph><Glyph ID="char_114" CONTENT="ב" GC="1.0"><Shape><Polygon POINTS="1469 1759 1474 1943 1524 1942 1519 1758"/></Shape></Glyph><Glyph ID="char_115" CONTENT="ל" GC="1.0"><Shape><Polygon POINTS="1432 1760 1437 1944 1474 1943 1469 1759"/></Shape></Glyph><Glyph ID="char_116" CONTENT="מ" GC="1.0"><Shape><Polygon POINTS="1370 1762 1375 1946 1437 1944 1432 1760"/></Shape></Glyph><Glyph ID="char_117" CONTENT="ו" GC="1.0"><Shape><Polygon POINTS="1301 1767 1318 1950 1375 1946 1370 1762"/></Shape></Glyph><Glyph ID="char_118" CONTENT="ד" GC="1.0"><Shape><Polygon POINTS="1227 1773 1243 1957 1318 1950 1301 1767"/></Shape></Glyph><Glyph ID="char_119" CONTENT="י" GC="1.0"><Shape><Polygon POINTS="1165 1779 1181 1963 1243 1957 1227 1773"/></Shape></Glyph><Glyph ID="char_120" CONTENT="כ" GC="1.0"><Shape><Polygon POINTS="1103 1785 1120 1968 1181 1963 1165 1779"/></Shape></Glyph><Glyph ID="char_121" CONTENT="ה" GC="1.0"><Shape><Polygon POINTS="1029 1792 1045 1975 1120 1968 1103 1785"/></Shape></Glyph><Glyph ID="char_122" CONTENT=" " GC="1.0"><Shape><Polygon POINTS="985 1795 991 1979 1045 1975 1029 1792"/></Shape></Glyph><Glyph ID="char_123" CONTENT="ע" GC="1.0"><Shape><Polygon POINTS="923 1797 929 1981 991 1979 985 1795"/></Shape></Glyph><Glyph ID="char_124" CONTENT="ד" GC="1.0"><Shape><Polygon POINTS="861 1799 867 1983 929 1981 923 1797"/></Shape></Glyph><Glyph ID="char_125" CONTENT=" " GC="1.0"><Shape><Polygon POINTS="799 1801 805 1985 867 1983 861 1799"/></Shape></Glyph><Glyph ID="char_126" CONTENT="א" GC="1.0"><Shape><Polygon POINTS="724 1804 730 1987 805 1985 799 1801"/></Shape></Glyph><Glyph ID="char_127" CONTENT="ש" GC="1.0"><Shape><Polygon POINTS="647 1800 637 1984 730 1987 724 1804"/></Shape></Glyph><Glyph ID="char_128" CONTENT=" " GC="1.0"><Shape><Polygon POINTS="591 1908 640 1910"/></Shape></Glyph></String>
          </TextLine>

          
          
          <TextLine ID="eSc_line_1773482" BASELINE="595 2128 739 2107 962 2107 1310 2074 1536 2074 1704 2065 1819 2071" HPOS="578.0" VPOS="1954.0" WIDTH="1246.0" HEIGHT="247.0">
            <Shape><Polygon POINTS="578 2018 722 1997 962 1996 1299 1963 1536 1963 1698 1954 1824 1960 1815 2144 1707 2138 1536 2148 1316 2147 962 2181 749 2180 605 2201"/></Shape>
	    <String CONTENT="דעת הכ ה מתכמי וכב " HPOS="578.0" VPOS="1954.0" WIDTH="1246.0" HEIGHT="247.0"><Glyph ID="char_129" CONTENT="ד" GC="1.0"><Shape><Polygon POINTS="1712 1955 1703 2138 1778 2142 1787 1958"/></Shape></Glyph><Glyph ID="char_130" CONTENT="ע" GC="1.0"><Shape><Polygon POINTS="1627 1958 1637 2142 1703 2138 1712 1955"/></Shape></Glyph><Glyph ID="char_131" CONTENT="ת" GC="1.0"><Shape><Polygon POINTS="1565 1961 1575 2146 1637 2142 1627 1958"/></Shape></Glyph><Glyph ID="char_132" CONTENT=" " GC="1.0"><Shape><Polygon POINTS="1509 1963 1509 2148 1575 2146 1565 1961"/></Shape></Glyph><Glyph ID="char_133" CONTENT="ה" GC="1.0"><Shape><Polygon POINTS="1372 1963 1372 2147 1509 2148 1509 1963"/></Shape></Glyph><Glyph ID="char_134" CONTENT="כ" GC="1.0"><Shape><Polygon POINTS="1251 1968 1268 2152 1372 2147 1372 1963"/></Shape></Glyph><Glyph ID="char_135" CONTENT=" " GC="1.0"><Shape><Polygon POINTS="1201 1973 1218 2156 1268 2152 1251 1968"/></Shape></Glyph><Glyph ID="char_136" CONTENT="ה" GC="1.0"><Shape><Polygon POINTS="1139 1979 1157 2162 1218 2156 1201 1973"/></Shape></Glyph><Glyph ID="char_137" CONTENT=" " GC="1.0"><Shape><Polygon POINTS="1090 1983 1108 2167 1157 2162 1139 1979"/></Shape></Glyph><Glyph ID="char_138" CONTENT="מ" GC="1.0"><Shape><Polygon POINTS="1029 1989 1046 2173 1108 2167 1090 1983"/></Shape></Glyph><Glyph ID="char_139" CONTENT="ת" GC="1.0"><Shape><Polygon POINTS="954 1996 971 2180 1046 2173 1029 1989"/></Shape></Glyph><Glyph ID="char_140" CONTENT="כ" GC="1.0"><Shape><Polygon POINTS="915 1996 915 2181 971 2180 954 1996"/></Shape></Glyph><Glyph ID="char_141" CONTENT="מ" GC="1.0"><Shape><Polygon POINTS="853 1996 853 2180 915 2181 915 1996"/></Shape></Glyph><Glyph ID="char_142" CONTENT="י" GC="1.0"><Shape><Polygon POINTS="791 1997 791 2180 853 2180 853 1996"/></Shape></Glyph><Glyph ID="char_143" CONTENT=" " GC="1.0"><Shape><Polygon POINTS="753 1997 753 2180 791 2180 791 1997"/></Shape></Glyph><Glyph ID="char_144" CONTENT="ו" GC="1.0"><Shape><Polygon POINTS="701 2000 727 2183 753 2180 753 1997"/></Shape></Glyph><Glyph ID="char_145" CONTENT="כ" GC="1.0"><Shape><Polygon POINTS="652 2007 679 2190 727 2183 701 2000"/></Shape></Glyph><Glyph ID="char_146" CONTENT="ב" GC="1.0"><Shape><Polygon POINTS="615 2013 641 2196 679 2190 652 2007"/></Shape></Glyph><Glyph ID="char_147" CONTENT=" " GC="1.0"><Shape><Polygon POINTS="594 2128 630 2122"/></Shape></Glyph></String>
          </TextLine>

          
          
          <TextLine ID="eSc_line_1773483" BASELINE="592 2300 853 2300 1434 2261 1840 2261" HPOS="592.0" VPOS="2150.0" WIDTH="1248.0" HEIGHT="224.0">
            <Shape><Polygon POINTS="592 2189 853 2189 1426 2150 1840 2150 1840 2335 1438 2334 853 2374 592 2374"/></Shape>
	    <String CONTENT="לי עוד למכשול עוון כי ת " HPOS="592.0" VPOS="2150.0" WIDTH="1248.0" HEIGHT="224.0"><Glyph ID="char_148" CONTENT="ל" GC="1.0"><Shape><Polygon POINTS="1741 2150 1741 2335 1803 2335 1803 2150"/></Shape></Glyph><Glyph ID="char_149" CONTENT="י" GC="1.0"><Shape><Polygon POINTS="1716 2150 1716 2335 1741 2335 1741 2150"/></Shape></Glyph><Glyph ID="char_150" CONTENT=" " GC="1.0"><Shape><Polygon POINTS="1678 2150 1678 2335 1716 2335 1716 2150"/></Shape></Glyph><Glyph ID="char_151" CONTENT="ע" GC="1.0"><Shape><Polygon POINTS="1628 2150 1628 2334 1678 2335 1678 2150"/></Shape></Glyph><Glyph ID="char_152" CONTENT="ו" GC="1.0"><Shape><Polygon POINTS="1566 2150 1566 2334 1628 2334 1628 2150"/></Shape></Glyph><Glyph ID="char_153" CONTENT="ד" GC="1.0"><Shape><Polygon POINTS="1503 2150 1503 2334 1566 2334 1566 2150"/></Shape></Glyph><Glyph ID="char_154" CONTENT=" " GC="1.0"><Shape><Polygon POINTS="1466 2150 1466 2334 1503 2334 1503 2150"/></Shape></Glyph><Glyph ID="char_155" CONTENT="ל" GC="1.0"><Shape><Polygon POINTS="1420 2150 1433 2334 1466 2334 1466 2150"/></Shape></Glyph><Glyph ID="char_156" CONTENT="מ" GC="1.0"><Shape><Polygon POINTS="1345 2155 1358 2339 1433 2334 1420 2150"/></Shape></Glyph><Glyph ID="char_157" CONTENT="כ" GC="1.0"><Shape><Polygon POINTS="1284 2160 1296 2344 1358 2339 1345 2155"/></Shape></Glyph><Glyph ID="char_158" CONTENT="ש" GC="1.0"><Shape><Polygon POINTS="1197 2166 1209 2350 1296 2344 1284 2160"/></Shape></Glyph><Glyph ID="char_159" CONTENT="ו" GC="1.0"><Shape><Polygon POINTS="1122 2171 1134 2355 1209 2350 1197 2166"/></Shape></Glyph><Glyph ID="char_160" CONTENT="ל" GC="1.0"><Shape><Polygon POINTS="1072 2174 1084 2358 1134 2355 1122 2171"/></Shape></Glyph><Glyph ID="char_161" CONTENT=" " GC="1.0"><Shape><Polygon POINTS="1047 2176 1059 2360 1084 2358 1072 2174"/></Shape></Glyph><Glyph ID="char_162" CONTENT="ע" GC="1.0"><Shape><Polygon POINTS="997 2179 1010 2363 1059 2360 1047 2176"/></Shape></Glyph><Glyph ID="char_163" CONTENT="ו" GC="1.0"><Shape><Polygon POINTS="947 2183 960 2367 1010 2363 997 2179"/></Shape></Glyph><Glyph ID="char_164" CONTENT="ו" GC="1.0"><Shape><Polygon POINTS="897 2186 910 2370 960 2367 947 2183"/></Shape></Glyph><Glyph ID="char_165" CONTENT="ן" GC="1.0"><Shape><Polygon POINTS="860 2189 872 2373 910 2370 897 2186"/></Shape></Glyph><Glyph ID="char_166" CONTENT=" " GC="1.0"><Shape><Polygon POINTS="830 2189 830 2374 872 2373 860 2189"/></Shape></Glyph><Glyph ID="char_167" CONTENT="כ" GC="1.0"><Shape><Polygon POINTS="780 2189 780 2374 830 2374 830 2189"/></Shape></Glyph><Glyph ID="char_168" CONTENT="י" GC="1.0"><Shape><Polygon POINTS="742 2189 742 2374 780 2374 780 2189"/></Shape></Glyph><Glyph ID="char_169" CONTENT=" " GC="1.0"><Shape><Polygon POINTS="692 2189 692 2374 742 2374 742 2189"/></Shape></Glyph><Glyph ID="char_170" CONTENT="ת" GC="1.0"><Shape><Polygon POINTS="630 2189 630 2374 692 2374 692 2189"/></Shape></Glyph><Glyph ID="char_171" CONTENT=" " GC="1.0"><Shape><Polygon POINTS="592 2189 592 2374 630 2374 630 2189"/></Shape></Glyph></String>
          </TextLine>

          
          
          <TextLine ID="eSc_line_1773490" BASELINE="463 2483 574 2474 796 2474 956 2486 1202 2441 1437 2447 1593 2441 1758 2441 1897 2447" HPOS="454.0" VPOS="2330.0" WIDTH="1447.0" HEIGHT="229.0">
            <Shape><Polygon POINTS="454 2372 565 2363 796 2363 964 2375 1182 2331 1439 2336 1588 2330 1758 2330 1901 2336 1893 2520 1758 2515 1595 2514 1435 2520 1215 2513 950 2559 796 2548 579 2547 468 2556"/></Shape>
	    <String CONTENT="לעד כיא לוא ם דרכו כ " HPOS="454.0" VPOS="2330.0" WIDTH="1447.0" HEIGHT="229.0"><Glyph ID="char_172" CONTENT="ל" GC="1.0"><Shape><Polygon POINTS="1735 2330 1735 2515 1831 2518 1839 2333"/></Shape></Glyph><Glyph ID="char_173" CONTENT="ע" GC="1.0"><Shape><Polygon POINTS="1673 2330 1673 2514 1735 2515 1735 2330"/></Shape></Glyph><Glyph ID="char_174" CONTENT="ד" GC="1.0"><Shape><Polygon POINTS="1623 2330 1623 2514 1673 2514 1673 2330"/></Shape></Glyph><Glyph ID="char_175" CONTENT=" " GC="1.0"><Shape><Polygon POINTS="1569 2331 1576 2515 1623 2514 1623 2330"/></Shape></Glyph><Glyph ID="char_176" CONTENT="כ" GC="1.0"><Shape><Polygon POINTS="1520 2333 1527 2517 1576 2515 1569 2331"/></Shape></Glyph><Glyph ID="char_177" CONTENT="י" GC="1.0"><Shape><Polygon POINTS="1470 2335 1477 2518 1527 2517 1520 2333"/></Shape></Glyph><Glyph ID="char_178" CONTENT="א" GC="1.0"><Shape><Polygon POINTS="1428 2336 1423 2520 1477 2518 1470 2335"/></Shape></Glyph><Glyph ID="char_179" CONTENT=" " GC="1.0"><Shape><Polygon POINTS="1378 2335 1373 2518 1423 2520 1428 2336"/></Shape></Glyph><Glyph ID="char_180" CONTENT="ל" GC="1.0"><Shape><Polygon POINTS="1341 2334 1336 2517 1373 2518 1378 2335"/></Shape></Glyph><Glyph ID="char_181" CONTENT="ו" GC="1.0"><Shape><Polygon POINTS="1291 2333 1286 2515 1336 2517 1341 2334"/></Shape></Glyph><Glyph ID="char_182" CONTENT="א" GC="1.0"><Shape><Polygon POINTS="1229 2332 1224 2513 1286 2515 1291 2333"/></Shape></Glyph><Glyph ID="char_183" CONTENT=" " GC="1.0"><Shape><Polygon POINTS="1035 2361 1067 2539 1224 2513 1229 2332"/></Shape></Glyph><Glyph ID="char_184" CONTENT="ם" GC="1.0"><Shape><Polygon POINTS="892 2370 878 2554 1067 2539 1035 2361"/></Shape></Glyph><Glyph ID="char_185" CONTENT=" " GC="1.0"><Shape><Polygon POINTS="817 2364 803 2549 878 2554 892 2370"/></Shape></Glyph><Glyph ID="char_186" CONTENT="ד" GC="1.0"><Shape><Polygon POINTS="735 2363 735 2548 803 2549 817 2364"/></Shape></Glyph><Glyph ID="char_187" CONTENT="ר" GC="1.0"><Shape><Polygon POINTS="673 2363 673 2547 735 2548 735 2363"/></Shape></Glyph><Glyph ID="char_188" CONTENT="כ" GC="1.0"><Shape><Polygon POINTS="611 2363 611 2547 673 2547 673 2363"/></Shape></Glyph><Glyph ID="char_189" CONTENT="ו" GC="1.0"><Shape><Polygon POINTS="552 2364 567 2548 611 2547 611 2363"/></Shape></Glyph><Glyph ID="char_190" CONTENT=" " GC="1.0"><Shape><Polygon POINTS="515 2367 530 2551 567 2548 552 2364"/></Shape></Glyph><Glyph ID="char_191" CONTENT="כ" GC="1.0"><Shape><Polygon POINTS="478 2370 493 2554 530 2551 515 2367"/></Shape></Glyph><Glyph ID="char_192" CONTENT=" " GC="1.0"><Shape><Polygon POINTS="462 2483 486 2480"/></Shape></Glyph></String>
          </TextLine>

          
          
          <TextLine ID="eSc_line_1773489" BASELINE="423 2669 604 2681 895 2681 1063 2694 1317 2630" HPOS="418.0" VPOS="2522.0" WIDTH="917.0" HEIGHT="245.0">
            <Shape><Polygon POINTS="430 2558 611 2570 895 2570 1071 2583 1289 2522 1335 2701 1057 2767 895 2755 599 2754 418 2742"/></Shape>
	    <String CONTENT=" א ה אדוני כי " HPOS="418.0" VPOS="2522.0" WIDTH="917.0" HEIGHT="245.0"><Glyph ID="char_193" CONTENT=" " GC="1.0"><Shape><Polygon POINTS="1218 2542 1262 2718 1310 2707 1265 2529"/></Shape></Glyph><Glyph ID="char_194" CONTENT="א" GC="1.0"><Shape><Polygon POINTS="1134 2565 1177 2738 1262 2718 1218 2542"/></Shape></Glyph><Glyph ID="char_195" CONTENT=" " GC="1.0"><Shape><Polygon POINTS="1024 2580 1010 2763 1177 2738 1134 2565"/></Shape></Glyph><Glyph ID="char_196" CONTENT="ה" GC="1.0"><Shape><Polygon POINTS="912 2571 898 2755 1010 2763 1024 2580"/></Shape></Glyph><Glyph ID="char_197" CONTENT=" " GC="1.0"><Shape><Polygon POINTS="843 2570 843 2755 898 2755 912 2571"/></Shape></Glyph><Glyph ID="char_198" CONTENT="א" GC="1.0"><Shape><Polygon POINTS="781 2570 781 2755 843 2755 843 2570"/></Shape></Glyph><Glyph ID="char_199" CONTENT="ד" GC="1.0"><Shape><Polygon POINTS="707 2570 707 2754 781 2755 781 2570"/></Shape></Glyph><Glyph ID="char_200" CONTENT="ו" GC="1.0"><Shape><Polygon POINTS="645 2570 645 2754 707 2754 707 2570"/></Shape></Glyph><Glyph ID="char_201" CONTENT="נ" GC="1.0"><Shape><Polygon POINTS="602 2569 589 2753 645 2754 645 2570"/></Shape></Glyph><Glyph ID="char_202" CONTENT="י" GC="1.0"><Shape><Polygon POINTS="554 2566 540 2750 589 2753 602 2569"/></Shape></Glyph><Glyph ID="char_203" CONTENT=" " GC="1.0"><Shape><Polygon POINTS="504 2563 491 2747 540 2750 554 2566"/></Shape></Glyph><Glyph ID="char_204" CONTENT="כ" GC="1.0"><Shape><Polygon POINTS="455 2560 442 2744 491 2747 504 2563"/></Shape></Glyph><Glyph ID="char_205" CONTENT="י" GC="1.0"><Shape><Polygon POINTS="422 2668 446 2669"/></Shape></Glyph><Glyph ID="char_206" CONTENT=" " GC="1.0"><Shape><Polygon POINTS="422 2668 422 2668"/></Shape></Glyph></String>
          </TextLine>

          
          
          <TextLine ID="eSc_line_1773477" BASELINE="463 2844 751 2856 1028 2859 1082 2859 1166 2844 1211 2829 1331 2823 1894 2823" HPOS="459.0" VPOS="2712.0" WIDTH="1435.0" HEIGHT="221.0">
            <Shape><Polygon POINTS="467 2733 755 2745 1029 2748 1082 2748 1146 2734 1175 2723 1325 2712 1894 2712 1894 2897 1334 2896 1234 2899 1179 2916 1082 2933 1027 2932 747 2929 459 2917"/></Shape>
	    <String CONTENT="ביבשה ומב מים באר " HPOS="459.0" VPOS="2712.0" WIDTH="1435.0" HEIGHT="221.0"><Glyph ID="char_207" CONTENT="ב" GC="1.0"><Shape><Polygon POINTS="1708 2712 1708 2897 1820 2897 1820 2712"/></Shape></Glyph><Glyph ID="char_208" CONTENT="י" GC="1.0"><Shape><Polygon POINTS="1646 2712 1646 2897 1708 2897 1708 2712"/></Shape></Glyph><Glyph ID="char_209" CONTENT="ב" GC="1.0"><Shape><Polygon POINTS="1584 2712 1584 2896 1646 2897 1646 2712"/></Shape></Glyph><Glyph ID="char_210" CONTENT="ש" GC="1.0"><Shape><Polygon POINTS="1498 2712 1498 2896 1584 2896 1584 2712"/></Shape></Glyph><Glyph ID="char_211" CONTENT="ה" GC="1.0"><Shape><Polygon POINTS="1411 2712 1411 2896 1498 2896 1498 2712"/></Shape></Glyph><Glyph ID="char_212" CONTENT=" " GC="1.0"><Shape><Polygon POINTS="1374 2712 1374 2896 1411 2896 1411 2712"/></Shape></Glyph><Glyph ID="char_213" CONTENT="ו" GC="1.0"><Shape><Polygon POINTS="1319 2712 1328 2896 1374 2896 1374 2712"/></Shape></Glyph><Glyph ID="char_214" CONTENT="מ" GC="1.0"><Shape><Polygon POINTS="1257 2717 1266 2898 1328 2896 1319 2712"/></Shape></Glyph><Glyph ID="char_215" CONTENT="ב" GC="1.0"><Shape><Polygon POINTS="1134 2737 1166 2918 1266 2898 1257 2717"/></Shape></Glyph><Glyph ID="char_216" CONTENT=" " GC="1.0"><Shape><Polygon POINTS="1044 2748 1044 2932 1166 2918 1134 2737"/></Shape></Glyph><Glyph ID="char_217" CONTENT="מ" GC="1.0"><Shape><Polygon POINTS="983 2747 981 2932 1044 2932 1044 2748"/></Shape></Glyph><Glyph ID="char_218" CONTENT="י" GC="1.0"><Shape><Polygon POINTS="921 2747 919 2931 981 2932 983 2747"/></Shape></Glyph><Glyph ID="char_219" CONTENT="ם" GC="1.0"><Shape><Polygon POINTS="847 2746 845 2930 919 2931 921 2747"/></Shape></Glyph><Glyph ID="char_220" CONTENT=" " GC="1.0"><Shape><Polygon POINTS="785 2745 783 2929 845 2930 847 2746"/></Shape></Glyph><Glyph ID="char_221" CONTENT="ב" GC="1.0"><Shape><Polygon POINTS="727 2744 718 2928 783 2929 785 2745"/></Shape></Glyph><Glyph ID="char_222" CONTENT="א" GC="1.0"><Shape><Polygon POINTS="653 2741 645 2925 718 2928 727 2744"/></Shape></Glyph><Glyph ID="char_223" CONTENT="ר" GC="1.0"><Shape><Polygon POINTS="591 2738 583 2922 645 2925 653 2741"/></Shape></Glyph><Glyph ID="char_224" CONTENT=" " GC="1.0"><Shape><Polygon POINTS="504 2735 496 2919 583 2922 591 2738"/></Shape></Glyph></String>
          </TextLine>

          
        </TextBlock>
        

        
      </PrintSpace>
    </Page>
  </Layout>
</alto>