<?xml version='1.0' encoding='UTF-8'?>
<alto xmlns:xsi="http://www.w3.org/2001/XMLSchema-instance" xmlns="http://www.loc.gov/standards/alto/ns-v4#" xsi:schemaLocation="http://www.loc.gov/standards/alto/ns-v4# http://www.loc.gov/standards/alto/v4/alto-4-2.xsd">
  <Description>
    <MeasurementUnit>pixel</MeasurementUnit>
    <sourceImageInformation>
      <fileName>P516-Fg002-R-C01-R01-D09092012-T113548-LR924_012_F.jpg</fileName>
      
    </sourceImageInformation>
  </Description>
  
  <Tags>
    <OtherTag ID="BT1443" LABEL="Parchment_or_papyrus" DESCRIPTION="block type Parchment_or_papyrus"/><OtherTag ID="BT2" LABEL="Main" DESCRIPTION="block type Main"/>
    
  </Tags>
  
  <Layout>
    <Page WIDTH="3608" HEIGHT="2706" PHYSICAL_IMG_NR="170" ID="eSc_dummypage_">
      <PrintSpace HPOS="0" VPOS="0" WIDTH="3608" HEIGHT="2706">
        
        <TextBlock HPOS="1310.0" VPOS="1063.0" WIDTH="1172.0" HEIGHT="543.0" ID="eSc_textblock_ae96deba" TAGREFS="BT2">
          <Shape><Polygon POINTS="1310 1063 1310 1606 2460 1606 2482 1310"/></Shape>
          
          
          <TextLine ID="eSc_line_1790245" BASELINE="1328 1179 1560 1233 1688 1253 1713 1253 1871 1296 2333 1346 2435 1364" HPOS="1313.0" VPOS="1088.0" WIDTH="1138.0" HEIGHT="337.0">
            <Shape><Polygon POINTS="1349 1088 1581 1142 1702 1161 1713 1160 1895 1206 2343 1253 2451 1272 2424 1425 2326 1407 1854 1355 1713 1315 1678 1314 1545 1293 1313 1239"/></Shape>
	    <String CONTENT=" נפשי את אדוני על כול נ ל " HPOS="1313.0" VPOS="1088.0" WIDTH="1138.0" HEIGHT="337.0"><Glyph ID="char_0" CONTENT=" " GC="1.0"><Shape><Polygon POINTS="2399 1263 2372 1415 2403 1421 2430 1268"/></Shape></Glyph><Glyph ID="char_1" CONTENT="נ" GC="1.0"><Shape><Polygon POINTS="2369 1257 2342 1410 2372 1415 2399 1263"/></Shape></Glyph><Glyph ID="char_2" CONTENT="פ" GC="1.0"><Shape><Polygon POINTS="2321 1251 2304 1405 2342 1410 2369 1257"/></Shape></Glyph><Glyph ID="char_3" CONTENT="ש" GC="1.0"><Shape><Polygon POINTS="2269 1245 2252 1399 2304 1405 2321 1251"/></Shape></Glyph><Glyph ID="char_4" CONTENT="י" GC="1.0"><Shape><Polygon POINTS="2217 1240 2201 1393 2252 1399 2269 1245"/></Shape></Glyph><Glyph ID="char_5" CONTENT=" " GC="1.0"><Shape><Polygon POINTS="2176 1235 2159 1389 2201 1393 2217 1240"/></Shape></Glyph><Glyph ID="char_6" CONTENT="א" GC="1.0"><Shape><Polygon POINTS="2114 1229 2097 1382 2159 1389 2176 1235"/></Shape></Glyph><Glyph ID="char_7" CONTENT="ת" GC="1.0"><Shape><Polygon POINTS="2051 1222 2035 1375 2097 1382 2114 1229"/></Shape></Glyph><Glyph ID="char_8" CONTENT=" " GC="1.0"><Shape><Polygon POINTS="2009 1218 1993 1370 2035 1375 2051 1222"/></Shape></Glyph><Glyph ID="char_9" CONTENT="א" GC="1.0"><Shape><Polygon POINTS="1958 1213 1941 1365 1993 1370 2009 1218"/></Shape></Glyph><Glyph ID="char_10" CONTENT="ד" GC="1.0"><Shape><Polygon POINTS="1906 1207 1890 1359 1941 1365 1958 1213"/></Shape></Glyph><Glyph ID="char_11" CONTENT="ו" GC="1.0"><Shape><Polygon POINTS="1880 1202 1840 1351 1890 1359 1906 1207"/></Shape></Glyph><Glyph ID="char_12" CONTENT="נ" GC="1.0"><Shape><Polygon POINTS="1849 1194 1809 1342 1840 1351 1880 1202"/></Shape></Glyph><Glyph ID="char_13" CONTENT="י" GC="1.0"><Shape><Polygon POINTS="1819 1187 1779 1334 1809 1342 1849 1194"/></Shape></Glyph><Glyph ID="char_14" CONTENT=" " GC="1.0"><Shape><Polygon POINTS="1779 1177 1740 1323 1779 1334 1819 1187"/></Shape></Glyph><Glyph ID="char_15" CONTENT="ע" GC="1.0"><Shape><Polygon POINTS="1704 1161 1704 1315 1740 1323 1779 1177"/></Shape></Glyph><Glyph ID="char_16" CONTENT="ל" GC="1.0"><Shape><Polygon POINTS="1678 1157 1654 1310 1704 1315 1704 1161"/></Shape></Glyph><Glyph ID="char_17" CONTENT=" " GC="1.0"><Shape><Polygon POINTS="1647 1152 1623 1305 1654 1310 1678 1157"/></Shape></Glyph><Glyph ID="char_18" CONTENT="כ" GC="1.0"><Shape><Polygon POINTS="1606 1146 1582 1299 1623 1305 1647 1152"/></Shape></Glyph><Glyph ID="char_19" CONTENT="ו" GC="1.0"><Shape><Polygon POINTS="1575 1141 1551 1294 1582 1299 1606 1146"/></Shape></Glyph><Glyph ID="char_20" CONTENT="ל" GC="1.0"><Shape><Polygon POINTS="1541 1133 1505 1284 1551 1294 1575 1141"/></Shape></Glyph><Glyph ID="char_21" CONTENT=" " GC="1.0"><Shape><Polygon POINTS="1490 1121 1455 1272 1505 1284 1541 1133"/></Shape></Glyph><Glyph ID="char_22" CONTENT="נ" GC="1.0"><Shape><Polygon POINTS="1450 1111 1414 1262 1455 1272 1490 1121"/></Shape></Glyph><Glyph ID="char_23" CONTENT=" " GC="1.0"><Shape><Polygon POINTS="1410 1102 1374 1253 1414 1262 1450 1111"/></Shape></Glyph><Glyph ID="char_24" CONTENT="ל" GC="1.0"><Shape><Polygon POINTS="1378 1095 1343 1246 1374 1253 1410 1102"/></Shape></Glyph><Glyph ID="char_25" CONTENT=" " GC="1.0"><Shape><Polygon POINTS="1327 1178 1357 1185"/></Shape></Glyph></String>
          </TextLine>

          
          
          <TextLine ID="eSc_line_1790247" BASELINE="1303 1341 1348 1346 1615 1419 1993 1456 2045 1463 2072 1472 2137 1483 2324 1495" HPOS="1296.0" VPOS="1248.0" WIDTH="1033.0" HEIGHT="308.0">
            <Shape><Polygon POINTS="1313 1248 1358 1253 1639 1329 2002 1363 2057 1370 2101 1383 2152 1391 2329 1402 2320 1556 2126 1544 2052 1530 2036 1524 1986 1517 1598 1478 1341 1407 1296 1402"/></Shape>
	    <String CONTENT=" זה ולוא שכח צרת " HPOS="1296.0" VPOS="1248.0" WIDTH="1033.0" HEIGHT="308.0"><Glyph ID="char_26" CONTENT=" " GC="1.0"><Shape><Polygon POINTS="2221 1395 2211 1549 2294 1554 2304 1400"/></Shape></Glyph><Glyph ID="char_27" CONTENT="ז" GC="1.0"><Shape><Polygon POINTS="2137 1389 2111 1541 2211 1549 2221 1395"/></Shape></Glyph><Glyph ID="char_28" CONTENT="ה" GC="1.0"><Shape><Polygon POINTS="2089 1380 2040 1526 2111 1541 2137 1389"/></Shape></Glyph><Glyph ID="char_29" CONTENT=" " GC="1.0"><Shape><Polygon POINTS="2032 1367 2012 1521 2040 1526 2089 1380"/></Shape></Glyph><Glyph ID="char_30" CONTENT="ו" GC="1.0"><Shape><Polygon POINTS="1987 1362 1972 1516 2012 1521 2032 1367"/></Shape></Glyph><Glyph ID="char_31" CONTENT="ל" GC="1.0"><Shape><Polygon POINTS="1945 1358 1930 1511 1972 1516 1987 1362"/></Shape></Glyph><Glyph ID="char_32" CONTENT="ו" GC="1.0"><Shape><Polygon POINTS="1894 1353 1879 1506 1930 1511 1945 1358"/></Shape></Glyph><Glyph ID="char_33" CONTENT="א" GC="1.0"><Shape><Polygon POINTS="1842 1348 1827 1501 1879 1506 1894 1353"/></Shape></Glyph><Glyph ID="char_34" CONTENT=" " GC="1.0"><Shape><Polygon POINTS="1811 1345 1796 1498 1827 1501 1842 1348"/></Shape></Glyph><Glyph ID="char_35" CONTENT="ש" GC="1.0"><Shape><Polygon POINTS="1738 1338 1723 1491 1796 1498 1811 1345"/></Shape></Glyph><Glyph ID="char_36" CONTENT="כ" GC="1.0"><Shape><Polygon POINTS="1676 1332 1661 1484 1723 1491 1738 1338"/></Shape></Glyph><Glyph ID="char_37" CONTENT="ח" GC="1.0"><Shape><Polygon POINTS="1635 1328 1620 1480 1661 1484 1676 1332"/></Shape></Glyph><Glyph ID="char_38" CONTENT=" " GC="1.0"><Shape><Polygon POINTS="1609 1321 1569 1470 1620 1480 1635 1328"/></Shape></Glyph><Glyph ID="char_39" CONTENT="צ" GC="1.0"><Shape><Polygon POINTS="1549 1305 1508 1453 1569 1470 1609 1321"/></Shape></Glyph><Glyph ID="char_40" CONTENT="ר" GC="1.0"><Shape><Polygon POINTS="1489 1288 1448 1437 1508 1453 1549 1305"/></Shape></Glyph><Glyph ID="char_41" CONTENT="ת" GC="1.0"><Shape><Polygon POINTS="1448 1277 1408 1425 1448 1437 1489 1288"/></Shape></Glyph><Glyph ID="char_42" CONTENT=" " GC="1.0"><Shape><Polygon POINTS="1356 1253 1336 1406 1408 1425 1448 1277"/></Shape></Glyph></String>
          </TextLine>

          
        </TextBlock>
        

        
      </PrintSpace>
    </Page>
  </Layout>
</alto>