<?xml version='1.0' encoding='UTF-8'?>
<alto xmlns:xsi="http://www.w3.org/2001/XMLSchema-instance" xmlns="http://www.loc.gov/standards/alto/ns-v4#" xsi:schemaLocation="http://www.loc.gov/standards/alto/ns-v4# http://www.loc.gov/standards/alto/v4/alto-4-2.xsd">
  <Description>
    <MeasurementUnit>pixel</MeasurementUnit>
    <sourceImageInformation>
      <fileName>P522-Fg008-R-C01-R01-D14112013-T145121-LR924_012.jpg</fileName>
      
    </sourceImageInformation>
  </Description>
  
  <Tags>
    <OtherTag ID="BT1443" LABEL="Parchment_or_papyrus" DESCRIPTION="block type Parchment_or_papyrus"/><OtherTag ID="BT2" LABEL="Main" DESCRIPTION="block type Main"/>
    
  </Tags>
  
  <Layout>
    <Page WIDTH="3608" HEIGHT="2706" PHYSICAL_IMG_NR="163" ID="eSc_dummypage_">
      <PrintSpace HPOS="0" VPOS="0" WIDTH="3608" HEIGHT="2706">
        
        <TextBlock HPOS="1321.0" VPOS="590.0" WIDTH="1268.0" HEIGHT="1628.0" ID="eSc_textblock_c5600075" TAGREFS="BT2">
          <Shape><Polygon POINTS="1321 590 1321 2218 2589 2218 2589 590"/></Shape>
          
          
          <TextLine ID="eSc_line_1790267" BASELINE="1804 732 1862 737 1919 730 2133 723 2360 730" HPOS="1797.0" VPOS="617.0" WIDTH="566.0" HEIGHT="190.0">
            <Shape><Polygon POINTS="1813 626 1871 631 1906 625 2129 617 2363 624 2357 800 2135 793 1927 799 1855 807 1797 802"/></Shape>
	    <String CONTENT=" לתי החזק " HPOS="1797.0" VPOS="617.0" WIDTH="566.0" HEIGHT="190.0"><Glyph ID="char_0" CONTENT=" " GC="1.0"><Shape><Polygon POINTS="2291 622 2286 798 2333 799 2338 623"/></Shape></Glyph><Glyph ID="char_1" CONTENT="ל" GC="1.0"><Shape><Polygon POINTS="2243 620 2238 796 2286 798 2291 622"/></Shape></Glyph><Glyph ID="char_2" CONTENT="ת" GC="1.0"><Shape><Polygon POINTS="2196 619 2191 795 2238 796 2243 620"/></Shape></Glyph><Glyph ID="char_3" CONTENT="י" GC="1.0"><Shape><Polygon POINTS="2172 618 2167 794 2191 795 2196 619"/></Shape></Glyph><Glyph ID="char_4" CONTENT=" " GC="1.0"><Shape><Polygon POINTS="2119 617 2124 793 2167 794 2172 618"/></Shape></Glyph><Glyph ID="char_5" CONTENT="ה" GC="1.0"><Shape><Polygon POINTS="2060 619 2065 795 2124 793 2119 617"/></Shape></Glyph><Glyph ID="char_6" CONTENT="ח" GC="1.0"><Shape><Polygon POINTS="2000 622 2005 797 2065 795 2060 619"/></Shape></Glyph><Glyph ID="char_7" CONTENT="ז" GC="1.0"><Shape><Polygon POINTS="1965 623 1971 798 2005 797 2000 622"/></Shape></Glyph><Glyph ID="char_8" CONTENT="ק" GC="1.0"><Shape><Polygon POINTS="1918 625 1924 799 1971 798 1965 623"/></Shape></Glyph><Glyph ID="char_9" CONTENT=" " GC="1.0"><Shape><Polygon POINTS="1850 629 1832 805 1924 799 1918 625"/></Shape></Glyph></String>
          </TextLine>

          
          
          <TextLine ID="eSc_line_1790268" BASELINE="1452 929 1788 929 1869 924 2320 915" HPOS="1452.0" VPOS="809.0" WIDTH="869.0" HEIGHT="190.0">
            <Shape><Polygon POINTS="1452 823 1788 823 1862 818 2317 809 2321 985 1873 994 1788 999 1452 999"/></Shape>
	    <String CONTENT=" ת ויהמו בכנור רי " HPOS="1452.0" VPOS="809.0" WIDTH="869.0" HEIGHT="190.0"><Glyph ID="char_10" CONTENT=" " GC="1.0"><Shape><Polygon POINTS="2270 810 2273 986 2309 985 2306 809"/></Shape></Glyph><Glyph ID="char_11" CONTENT="ת" GC="1.0"><Shape><Polygon POINTS="2223 811 2226 987 2273 986 2270 810"/></Shape></Glyph><Glyph ID="char_12" CONTENT=" " GC="1.0"><Shape><Polygon POINTS="2175 812 2178 988 2226 987 2223 811"/></Shape></Glyph><Glyph ID="char_13" CONTENT="ו" GC="1.0"><Shape><Polygon POINTS="2128 813 2131 989 2178 988 2175 812"/></Shape></Glyph><Glyph ID="char_14" CONTENT="י" GC="1.0"><Shape><Polygon POINTS="2092 813 2095 990 2131 989 2128 813"/></Shape></Glyph><Glyph ID="char_15" CONTENT="ה" GC="1.0"><Shape><Polygon POINTS="2033 815 2036 991 2095 990 2092 813"/></Shape></Glyph><Glyph ID="char_16" CONTENT="מ" GC="1.0"><Shape><Polygon POINTS="1973 816 1976 992 2036 991 2033 815"/></Shape></Glyph><Glyph ID="char_17" CONTENT="ו" GC="1.0"><Shape><Polygon POINTS="1937 817 1940 993 1976 992 1973 816"/></Shape></Glyph><Glyph ID="char_18" CONTENT=" " GC="1.0"><Shape><Polygon POINTS="1902 817 1905 993 1940 993 1937 817"/></Shape></Glyph><Glyph ID="char_19" CONTENT="ב" GC="1.0"><Shape><Polygon POINTS="1849 819 1860 995 1905 993 1902 817"/></Shape></Glyph><Glyph ID="char_20" CONTENT="כ" GC="1.0"><Shape><Polygon POINTS="1802 822 1813 998 1860 995 1849 819"/></Shape></Glyph><Glyph ID="char_21" CONTENT="נ" GC="1.0"><Shape><Polygon POINTS="1773 823 1773 999 1813 998 1802 822"/></Shape></Glyph><Glyph ID="char_22" CONTENT="ו" GC="1.0"><Shape><Polygon POINTS="1726 823 1726 999 1773 999 1773 823"/></Shape></Glyph><Glyph ID="char_23" CONTENT="ר" GC="1.0"><Shape><Polygon POINTS="1678 823 1678 999 1726 999 1726 823"/></Shape></Glyph><Glyph ID="char_24" CONTENT=" " GC="1.0"><Shape><Polygon POINTS="1630 823 1630 999 1678 999 1678 823"/></Shape></Glyph><Glyph ID="char_25" CONTENT="ר" GC="1.0"><Shape><Polygon POINTS="1583 823 1583 999 1630 999 1630 823"/></Shape></Glyph><Glyph ID="char_26" CONTENT="י" GC="1.0"><Shape><Polygon POINTS="1559 823 1559 999 1583 999 1583 823"/></Shape></Glyph><Glyph ID="char_27" CONTENT=" " GC="1.0"><Shape><Polygon POINTS="1488 823 1488 999 1559 999 1559 823"/></Shape></Glyph></String>
          </TextLine>

          
          
          <TextLine ID="eSc_line_1790269" BASELINE="1321 1116 1454 1116 1551 1122 1655 1125 2013 1125 2248 1138 2430 1143" HPOS="1321.0" VPOS="1010.0" WIDTH="1111.0" HEIGHT="203.0">
            <Shape><Polygon POINTS="1321 1010 1454 1010 1557 1016 1658 1019 2013 1019 2253 1032 2432 1037 2428 1213 2244 1208 2013 1195 1652 1195 1546 1192 1454 1186 1321 1186"/></Shape>
	    <String CONTENT=" פות אחזוני וחבלים י " HPOS="1321.0" VPOS="1010.0" WIDTH="1111.0" HEIGHT="203.0"><Glyph ID="char_28" CONTENT=" " GC="1.0"><Shape><Polygon POINTS="2386 1036 2381 1212 2416 1213 2421 1037"/></Shape></Glyph><Glyph ID="char_29" CONTENT="פ" GC="1.0"><Shape><Polygon POINTS="2350 1035 2345 1211 2381 1212 2386 1036"/></Shape></Glyph><Glyph ID="char_30" CONTENT="ו" GC="1.0"><Shape><Polygon POINTS="2303 1033 2298 1209 2345 1211 2350 1035"/></Shape></Glyph><Glyph ID="char_31" CONTENT="ת" GC="1.0"><Shape><Polygon POINTS="2256 1032 2251 1208 2298 1209 2303 1033"/></Shape></Glyph><Glyph ID="char_32" CONTENT=" " GC="1.0"><Shape><Polygon POINTS="2223 1030 2214 1206 2251 1208 2256 1032"/></Shape></Glyph><Glyph ID="char_33" CONTENT="א" GC="1.0"><Shape><Polygon POINTS="2164 1027 2155 1203 2214 1206 2223 1030"/></Shape></Glyph><Glyph ID="char_34" CONTENT="ח" GC="1.0"><Shape><Polygon POINTS="2105 1024 2096 1200 2155 1203 2164 1027"/></Shape></Glyph><Glyph ID="char_35" CONTENT="ז" GC="1.0"><Shape><Polygon POINTS="2059 1021 2049 1197 2096 1200 2105 1024"/></Shape></Glyph><Glyph ID="char_36" CONTENT="ו" GC="1.0"><Shape><Polygon POINTS="2024 1020 2014 1195 2049 1197 2059 1021"/></Shape></Glyph><Glyph ID="char_37" CONTENT="נ" GC="1.0"><Shape><Polygon POINTS="1982 1019 1982 1195 2014 1195 2024 1020"/></Shape></Glyph><Glyph ID="char_38" CONTENT="י" GC="1.0"><Shape><Polygon POINTS="1935 1019 1935 1195 1982 1195 1982 1019"/></Shape></Glyph><Glyph ID="char_39" CONTENT=" " GC="1.0"><Shape><Polygon POINTS="1900 1019 1900 1195 1935 1195 1935 1019"/></Shape></Glyph><Glyph ID="char_40" CONTENT="ו" GC="1.0"><Shape><Polygon POINTS="1852 1019 1852 1195 1900 1195 1900 1019"/></Shape></Glyph><Glyph ID="char_41" CONTENT="ח" GC="1.0"><Shape><Polygon POINTS="1793 1019 1793 1195 1852 1195 1852 1019"/></Shape></Glyph><Glyph ID="char_42" CONTENT="ב" GC="1.0"><Shape><Polygon POINTS="1746 1019 1746 1195 1793 1195 1793 1019"/></Shape></Glyph><Glyph ID="char_43" CONTENT="ל" GC="1.0"><Shape><Polygon POINTS="1711 1019 1711 1195 1746 1195 1746 1019"/></Shape></Glyph><Glyph ID="char_44" CONTENT="י" GC="1.0"><Shape><Polygon POINTS="1655 1019 1650 1195 1711 1195 1711 1019"/></Shape></Glyph><Glyph ID="char_45" CONTENT="ם" GC="1.0"><Shape><Polygon POINTS="1607 1017 1602 1194 1650 1195 1655 1019"/></Shape></Glyph><Glyph ID="char_46" CONTENT=" " GC="1.0"><Shape><Polygon POINTS="1492 1012 1482 1188 1602 1194 1607 1017"/></Shape></Glyph><Glyph ID="char_47" CONTENT="י" GC="1.0"><Shape><Polygon POINTS="1368 1010 1368 1186 1482 1188 1492 1012"/></Shape></Glyph><Glyph ID="char_48" CONTENT=" " GC="1.0"><Shape><Polygon POINTS="1321 1010 1321 1186 1368 1186 1368 1010"/></Shape></Glyph></String>
          </TextLine>

          
          
          <TextLine ID="eSc_line_1790270" BASELINE="1265 1296 1362 1296 1504 1303 2006 1301 2142 1305 2302 1305 2451 1296" HPOS="1265.0" VPOS="1190.0" WIDTH="1190.0" HEIGHT="185.0">
            <Shape><Polygon POINTS="1265 1190 1362 1190 1509 1197 2005 1195 2145 1199 2302 1199 2444 1190 2455 1366 2302 1375 2139 1375 2006 1371 1500 1373 1362 1366 1265 1366"/></Shape>
	    <String CONTENT=" י לחכי דבקה כי סבבוני ב " HPOS="1265.0" VPOS="1190.0" WIDTH="1190.0" HEIGHT="185.0"><Glyph ID="char_49" CONTENT=" " GC="1.0"><Shape><Polygon POINTS="2350 1196 2361 1372 2432 1367 2421 1191"/></Shape></Glyph><Glyph ID="char_50" CONTENT="י" GC="1.0"><Shape><Polygon POINTS="2314 1198 2325 1374 2361 1372 2350 1196"/></Shape></Glyph><Glyph ID="char_51" CONTENT=" " GC="1.0"><Shape><Polygon POINTS="2286 1199 2286 1375 2325 1374 2314 1198"/></Shape></Glyph><Glyph ID="char_52" CONTENT="ל" GC="1.0"><Shape><Polygon POINTS="2250 1199 2250 1375 2286 1375 2286 1199"/></Shape></Glyph><Glyph ID="char_53" CONTENT="ח" GC="1.0"><Shape><Polygon POINTS="2203 1199 2203 1375 2250 1375 2250 1199"/></Shape></Glyph><Glyph ID="char_54" CONTENT="כ" GC="1.0"><Shape><Polygon POINTS="2167 1199 2167 1375 2203 1375 2203 1199"/></Shape></Glyph><Glyph ID="char_55" CONTENT="י" GC="1.0"><Shape><Polygon POINTS="2134 1199 2129 1375 2167 1375 2167 1199"/></Shape></Glyph><Glyph ID="char_56" CONTENT=" " GC="1.0"><Shape><Polygon POINTS="2087 1197 2082 1373 2129 1375 2134 1199"/></Shape></Glyph><Glyph ID="char_57" CONTENT="ד" GC="1.0"><Shape><Polygon POINTS="2028 1196 2023 1372 2082 1373 2087 1197"/></Shape></Glyph><Glyph ID="char_58" CONTENT="ב" GC="1.0"><Shape><Polygon POINTS="1964 1195 1965 1371 2023 1372 2028 1196"/></Shape></Glyph><Glyph ID="char_59" CONTENT="ק" GC="1.0"><Shape><Polygon POINTS="1905 1195 1906 1371 1965 1371 1964 1195"/></Shape></Glyph><Glyph ID="char_60" CONTENT="ה" GC="1.0"><Shape><Polygon POINTS="1846 1196 1847 1372 1906 1371 1905 1195"/></Shape></Glyph><Glyph ID="char_61" CONTENT=" " GC="1.0"><Shape><Polygon POINTS="1810 1196 1811 1372 1847 1372 1846 1196"/></Shape></Glyph><Glyph ID="char_62" CONTENT="כ" GC="1.0"><Shape><Polygon POINTS="1774 1196 1775 1372 1811 1372 1810 1196"/></Shape></Glyph><Glyph ID="char_63" CONTENT="י" GC="1.0"><Shape><Polygon POINTS="1739 1196 1740 1372 1775 1372 1774 1196"/></Shape></Glyph><Glyph ID="char_64" CONTENT=" " GC="1.0"><Shape><Polygon POINTS="1703 1196 1704 1372 1740 1372 1739 1196"/></Shape></Glyph><Glyph ID="char_65" CONTENT="ס" GC="1.0"><Shape><Polygon POINTS="1656 1196 1657 1372 1704 1372 1703 1196"/></Shape></Glyph><Glyph ID="char_66" CONTENT="ב" GC="1.0"><Shape><Polygon POINTS="1596 1197 1597 1373 1657 1372 1656 1196"/></Shape></Glyph><Glyph ID="char_67" CONTENT="ב" GC="1.0"><Shape><Polygon POINTS="1549 1197 1550 1373 1597 1373 1596 1197"/></Shape></Glyph><Glyph ID="char_68" CONTENT="ו" GC="1.0"><Shape><Polygon POINTS="1507 1197 1498 1373 1550 1373 1549 1197"/></Shape></Glyph><Glyph ID="char_69" CONTENT="נ" GC="1.0"><Shape><Polygon POINTS="1472 1195 1463 1371 1498 1373 1507 1197"/></Shape></Glyph><Glyph ID="char_70" CONTENT="י" GC="1.0"><Shape><Polygon POINTS="1436 1194 1427 1369 1463 1371 1472 1195"/></Shape></Glyph><Glyph ID="char_71" CONTENT=" " GC="1.0"><Shape><Polygon POINTS="1389 1191 1381 1367 1427 1369 1436 1194"/></Shape></Glyph><Glyph ID="char_72" CONTENT="ב" GC="1.0"><Shape><Polygon POINTS="1336 1190 1336 1366 1381 1367 1389 1191"/></Shape></Glyph><Glyph ID="char_73" CONTENT=" " GC="1.0"><Shape><Polygon POINTS="1277 1190 1277 1366 1336 1366 1336 1190"/></Shape></Glyph></String>
          </TextLine>

          
          
          <TextLine ID="eSc_line_1790271" BASELINE="1434 1468 1508 1463 2295 1463" HPOS="1426.0" VPOS="1357.0" WIDTH="869.0" HEIGHT="181.0">
            <Shape><Polygon POINTS="1426 1362 1500 1357 2295 1357 2295 1533 1512 1533 1438 1538"/></Shape>
	    <String CONTENT=" מאור פני לאפלה והוד " HPOS="1426.0" VPOS="1357.0" WIDTH="869.0" HEIGHT="181.0"><Glyph ID="char_74" CONTENT=" " GC="1.0"><Shape><Polygon POINTS="2260 1357 2260 1533 2283 1533 2283 1357"/></Shape></Glyph><Glyph ID="char_75" CONTENT="מ" GC="1.0"><Shape><Polygon POINTS="2224 1357 2224 1533 2260 1533 2260 1357"/></Shape></Glyph><Glyph ID="char_76" CONTENT="א" GC="1.0"><Shape><Polygon POINTS="2177 1357 2177 1533 2224 1533 2224 1357"/></Shape></Glyph><Glyph ID="char_77" CONTENT="ו" GC="1.0"><Shape><Polygon POINTS="2141 1357 2141 1533 2177 1533 2177 1357"/></Shape></Glyph><Glyph ID="char_78" CONTENT="ר" GC="1.0"><Shape><Polygon POINTS="2094 1357 2094 1533 2141 1533 2141 1357"/></Shape></Glyph><Glyph ID="char_79" CONTENT=" " GC="1.0"><Shape><Polygon POINTS="2059 1357 2059 1533 2094 1533 2094 1357"/></Shape></Glyph><Glyph ID="char_80" CONTENT="פ" GC="1.0"><Shape><Polygon POINTS="2023 1357 2023 1533 2059 1533 2059 1357"/></Shape></Glyph><Glyph ID="char_81" CONTENT="נ" GC="1.0"><Shape><Polygon POINTS="2000 1357 2000 1533 2023 1533 2023 1357"/></Shape></Glyph><Glyph ID="char_82" CONTENT="י" GC="1.0"><Shape><Polygon POINTS="1976 1357 1976 1533 2000 1533 2000 1357"/></Shape></Glyph><Glyph ID="char_83" CONTENT=" " GC="1.0"><Shape><Polygon POINTS="1941 1357 1941 1533 1976 1533 1976 1357"/></Shape></Glyph><Glyph ID="char_84" CONTENT="ל" GC="1.0"><Shape><Polygon POINTS="1905 1357 1905 1533 1941 1533 1941 1357"/></Shape></Glyph><Glyph ID="char_85" CONTENT="א" GC="1.0"><Shape><Polygon POINTS="1858 1357 1858 1533 1905 1533 1905 1357"/></Shape></Glyph><Glyph ID="char_86" CONTENT="פ" GC="1.0"><Shape><Polygon POINTS="1811 1357 1811 1533 1858 1533 1858 1357"/></Shape></Glyph><Glyph ID="char_87" CONTENT="ל" GC="1.0"><Shape><Polygon POINTS="1752 1357 1752 1533 1811 1533 1811 1357"/></Shape></Glyph><Glyph ID="char_88" CONTENT="ה" GC="1.0"><Shape><Polygon POINTS="1693 1357 1693 1533 1752 1533 1752 1357"/></Shape></Glyph><Glyph ID="char_89" CONTENT=" " GC="1.0"><Shape><Polygon POINTS="1657 1357 1657 1533 1693 1533 1693 1357"/></Shape></Glyph><Glyph ID="char_90" CONTENT="ו" GC="1.0"><Shape><Polygon POINTS="1610 1357 1610 1533 1657 1533 1657 1357"/></Shape></Glyph><Glyph ID="char_91" CONTENT="ה" GC="1.0"><Shape><Polygon POINTS="1563 1357 1563 1533 1610 1533 1610 1357"/></Shape></Glyph><Glyph ID="char_92" CONTENT="ו" GC="1.0"><Shape><Polygon POINTS="1497 1357 1509 1533 1563 1533 1563 1357"/></Shape></Glyph><Glyph ID="char_93" CONTENT="ד" GC="1.0"><Shape><Polygon POINTS="1450 1360 1462 1536 1509 1533 1497 1357"/></Shape></Glyph><Glyph ID="char_94" CONTENT=" " GC="1.0"><Shape><Polygon POINTS="1433 1468 1456 1466"/></Shape></Glyph></String>
          </TextLine>

          
          
          <TextLine ID="eSc_line_1790272" BASELINE="1465 1628 1844 1628 1964 1621 2507 1616" HPOS="1465.0" VPOS="1510.0" WIDTH="1042.0" HEIGHT="188.0">
            <Shape><Polygon POINTS="1465 1522 1844 1522 1957 1515 2506 1510 2507 1686 1968 1691 1844 1698 1465 1698"/></Shape>
	    <String CONTENT=" חתה בלבבי ויוספוהו לצ " HPOS="1465.0" VPOS="1510.0" WIDTH="1042.0" HEIGHT="188.0"><Glyph ID="char_95" CONTENT=" " GC="1.0"><Shape><Polygon POINTS="2460 1510 2461 1686 2496 1686 2495 1510"/></Shape></Glyph><Glyph ID="char_96" CONTENT="ח" GC="1.0"><Shape><Polygon POINTS="2412 1511 2413 1687 2461 1686 2460 1510"/></Shape></Glyph><Glyph ID="char_97" CONTENT="ת" GC="1.0"><Shape><Polygon POINTS="2365 1511 2366 1687 2413 1687 2412 1511"/></Shape></Glyph><Glyph ID="char_98" CONTENT="ה" GC="1.0"><Shape><Polygon POINTS="2317 1512 2318 1688 2366 1687 2365 1511"/></Shape></Glyph><Glyph ID="char_99" CONTENT=" " GC="1.0"><Shape><Polygon POINTS="2258 1512 2259 1688 2318 1688 2317 1512"/></Shape></Glyph><Glyph ID="char_100" CONTENT="ב" GC="1.0"><Shape><Polygon POINTS="2211 1513 2212 1689 2259 1688 2258 1512"/></Shape></Glyph><Glyph ID="char_101" CONTENT="ל" GC="1.0"><Shape><Polygon POINTS="2163 1513 2164 1689 2212 1689 2211 1513"/></Shape></Glyph><Glyph ID="char_102" CONTENT="ב" GC="1.0"><Shape><Polygon POINTS="2116 1514 2117 1690 2164 1689 2163 1513"/></Shape></Glyph><Glyph ID="char_103" CONTENT="ב" GC="1.0"><Shape><Polygon POINTS="2068 1514 2069 1690 2117 1690 2116 1514"/></Shape></Glyph><Glyph ID="char_104" CONTENT="י" GC="1.0"><Shape><Polygon POINTS="2021 1514 2022 1690 2069 1690 2068 1514"/></Shape></Glyph><Glyph ID="char_105" CONTENT=" " GC="1.0"><Shape><Polygon POINTS="1986 1515 1987 1691 2022 1690 2021 1514"/></Shape></Glyph><Glyph ID="char_106" CONTENT="ו" GC="1.0"><Shape><Polygon POINTS="1933 1517 1943 1692 1987 1691 1986 1515"/></Shape></Glyph><Glyph ID="char_107" CONTENT="י" GC="1.0"><Shape><Polygon POINTS="1898 1519 1908 1694 1943 1692 1933 1517"/></Shape></Glyph><Glyph ID="char_108" CONTENT="ו" GC="1.0"><Shape><Polygon POINTS="1850 1522 1860 1697 1908 1694 1898 1519"/></Shape></Glyph><Glyph ID="char_109" CONTENT="ס" GC="1.0"><Shape><Polygon POINTS="1797 1522 1797 1698 1860 1697 1850 1522"/></Shape></Glyph><Glyph ID="char_110" CONTENT="פ" GC="1.0"><Shape><Polygon POINTS="1749 1522 1749 1698 1797 1698 1797 1522"/></Shape></Glyph><Glyph ID="char_111" CONTENT="ו" GC="1.0"><Shape><Polygon POINTS="1702 1522 1702 1698 1749 1698 1749 1522"/></Shape></Glyph><Glyph ID="char_112" CONTENT="ה" GC="1.0"><Shape><Polygon POINTS="1655 1522 1655 1698 1702 1698 1702 1522"/></Shape></Glyph><Glyph ID="char_113" CONTENT="ו" GC="1.0"><Shape><Polygon POINTS="1619 1522 1619 1698 1655 1698 1655 1522"/></Shape></Glyph><Glyph ID="char_114" CONTENT=" " GC="1.0"><Shape><Polygon POINTS="1584 1522 1584 1698 1619 1698 1619 1522"/></Shape></Glyph><Glyph ID="char_115" CONTENT="ל" GC="1.0"><Shape><Polygon POINTS="1536 1522 1536 1698 1584 1698 1584 1522"/></Shape></Glyph><Glyph ID="char_116" CONTENT="צ" GC="1.0"><Shape><Polygon POINTS="1501 1522 1501 1698 1536 1698 1536 1522"/></Shape></Glyph><Glyph ID="char_117" CONTENT=" " GC="1.0"><Shape><Polygon POINTS="1465 1522 1465 1698 1501 1698 1501 1522"/></Shape></Glyph></String>
          </TextLine>

          
          
          <TextLine ID="eSc_line_1790273" BASELINE="1531 1801 1896 1790 2072 1779 2245 1774 2331 1767 2455 1767" HPOS="1527.0" VPOS="1661.0" WIDTH="928.0" HEIGHT="210.0">
            <Shape><Polygon POINTS="1527 1695 1892 1684 2065 1673 2241 1668 2322 1661 2455 1661 2455 1837 2336 1837 2247 1844 2076 1849 1898 1860 1533 1871"/></Shape>
	    <String CONTENT=" ם אנחה ושקוי בדמע " HPOS="1527.0" VPOS="1661.0" WIDTH="928.0" HEIGHT="210.0"><Glyph ID="char_118" CONTENT=" " GC="1.0"><Shape><Polygon POINTS="2395 1661 2395 1837 2442 1837 2442 1661"/></Shape></Glyph><Glyph ID="char_119" CONTENT="ם" GC="1.0"><Shape><Polygon POINTS="2359 1661 2359 1837 2395 1837 2395 1661"/></Shape></Glyph><Glyph ID="char_120" CONTENT=" " GC="1.0"><Shape><Polygon POINTS="2315 1662 2329 1838 2359 1837 2359 1661"/></Shape></Glyph><Glyph ID="char_121" CONTENT="א" GC="1.0"><Shape><Polygon POINTS="2280 1665 2294 1840 2329 1838 2315 1662"/></Shape></Glyph><Glyph ID="char_122" CONTENT="נ" GC="1.0"><Shape><Polygon POINTS="2244 1668 2258 1843 2294 1840 2280 1665"/></Shape></Glyph><Glyph ID="char_123" CONTENT="ח" GC="1.0"><Shape><Polygon POINTS="2190 1669 2195 1846 2258 1843 2244 1668"/></Shape></Glyph><Glyph ID="char_124" CONTENT="ה" GC="1.0"><Shape><Polygon POINTS="2131 1671 2136 1847 2195 1846 2190 1669"/></Shape></Glyph><Glyph ID="char_125" CONTENT=" " GC="1.0"><Shape><Polygon POINTS="2095 1672 2101 1848 2136 1847 2131 1671"/></Shape></Glyph><Glyph ID="char_126" CONTENT="ו" GC="1.0"><Shape><Polygon POINTS="2057 1674 2068 1850 2101 1848 2095 1672"/></Shape></Glyph><Glyph ID="char_127" CONTENT="ש" GC="1.0"><Shape><Polygon POINTS="1985 1678 1996 1854 2068 1850 2057 1674"/></Shape></Glyph><Glyph ID="char_128" CONTENT="ק" GC="1.0"><Shape><Polygon POINTS="1926 1682 1937 1858 1996 1854 1985 1678"/></Shape></Glyph><Glyph ID="char_129" CONTENT="ו" GC="1.0"><Shape><Polygon POINTS="1891 1684 1902 1860 1937 1858 1926 1682"/></Shape></Glyph><Glyph ID="char_130" CONTENT="י" GC="1.0"><Shape><Polygon POINTS="1871 1685 1876 1861 1902 1860 1891 1684"/></Shape></Glyph><Glyph ID="char_131" CONTENT=" " GC="1.0"><Shape><Polygon POINTS="1824 1686 1829 1862 1876 1861 1871 1685"/></Shape></Glyph><Glyph ID="char_132" CONTENT="ב" GC="1.0"><Shape><Polygon POINTS="1764 1688 1769 1864 1829 1862 1824 1686"/></Shape></Glyph><Glyph ID="char_133" CONTENT="ד" GC="1.0"><Shape><Polygon POINTS="1705 1690 1710 1866 1769 1864 1764 1688"/></Shape></Glyph><Glyph ID="char_134" CONTENT="מ" GC="1.0"><Shape><Polygon POINTS="1658 1691 1663 1867 1710 1866 1705 1690"/></Shape></Glyph><Glyph ID="char_135" CONTENT="ע" GC="1.0"><Shape><Polygon POINTS="1586 1693 1591 1869 1663 1867 1658 1691"/></Shape></Glyph><Glyph ID="char_136" CONTENT=" " GC="1.0"><Shape><Polygon POINTS="1530 1801 1588 1799"/></Shape></Glyph></String>
          </TextLine>

          
          
          <TextLine ID="eSc_line_1790274" BASELINE="1580 1970 1679 1975 1928 1968 2097 1957 2257 1932 2354 1921" HPOS="1576.0" VPOS="1816.0" WIDTH="785.0" HEIGHT="229.0">
            <Shape><Polygon POINTS="1585 1864 1684 1869 1925 1862 2090 1851 2240 1827 2342 1816 2361 1990 2267 2001 2101 2027 1929 2038 1675 2045 1576 2040"/></Shape>
	    <String CONTENT=" י יום אנחה ויגון " HPOS="1576.0" VPOS="1816.0" WIDTH="785.0" HEIGHT="229.0"><Glyph ID="char_137" CONTENT=" " GC="1.0"><Shape><Polygon POINTS="2305 1820 2325 1994 2349 1991 2329 1817"/></Shape></Glyph><Glyph ID="char_138" CONTENT="י" GC="1.0"><Shape><Polygon POINTS="2281 1823 2301 1997 2325 1994 2305 1820"/></Shape></Glyph><Glyph ID="char_139" CONTENT=" " GC="1.0"><Shape><Polygon POINTS="2245 1826 2265 2001 2301 1997 2281 1823"/></Shape></Glyph><Glyph ID="char_140" CONTENT="י" GC="1.0"><Shape><Polygon POINTS="2205 1833 2233 2006 2265 2001 2245 1826"/></Shape></Glyph><Glyph ID="char_141" CONTENT="ו" GC="1.0"><Shape><Polygon POINTS="2170 1838 2197 2012 2233 2006 2205 1833"/></Shape></Glyph><Glyph ID="char_142" CONTENT="ם" GC="1.0"><Shape><Polygon POINTS="2123 1846 2151 2019 2197 2012 2170 1838"/></Shape></Glyph><Glyph ID="char_143" CONTENT=" " GC="1.0"><Shape><Polygon POINTS="2085 1851 2097 2027 2151 2019 2123 1846"/></Shape></Glyph><Glyph ID="char_144" CONTENT="א" GC="1.0"><Shape><Polygon POINTS="2038 1854 2049 2030 2097 2027 2085 1851"/></Shape></Glyph><Glyph ID="char_145" CONTENT="נ" GC="1.0"><Shape><Polygon POINTS="1990 1858 2001 2033 2049 2030 2038 1854"/></Shape></Glyph><Glyph ID="char_146" CONTENT="ח" GC="1.0"><Shape><Polygon POINTS="1931 1862 1942 2037 2001 2033 1990 1858"/></Shape></Glyph><Glyph ID="char_147" CONTENT="ה" GC="1.0"><Shape><Polygon POINTS="1875 1863 1880 2039 1942 2037 1931 1862"/></Shape></Glyph><Glyph ID="char_148" CONTENT=" " GC="1.0"><Shape><Polygon POINTS="1839 1865 1844 2040 1880 2039 1875 1863"/></Shape></Glyph><Glyph ID="char_149" CONTENT="ו" GC="1.0"><Shape><Polygon POINTS="1803 1866 1808 2041 1844 2040 1839 1865"/></Shape></Glyph><Glyph ID="char_150" CONTENT="י" GC="1.0"><Shape><Polygon POINTS="1755 1867 1760 2043 1808 2041 1803 1866"/></Shape></Glyph><Glyph ID="char_151" CONTENT="ג" GC="1.0"><Shape><Polygon POINTS="1720 1868 1725 2044 1760 2043 1755 1867"/></Shape></Glyph><Glyph ID="char_152" CONTENT="ו" GC="1.0"><Shape><Polygon POINTS="1684 1869 1689 2045 1725 2044 1720 1868"/></Shape></Glyph><Glyph ID="char_153" CONTENT="ן" GC="1.0"><Shape><Polygon POINTS="1657 1868 1647 2044 1689 2045 1684 1869"/></Shape></Glyph><Glyph ID="char_154" CONTENT=" " GC="1.0"><Shape><Polygon POINTS="1597 1865 1587 2041 1647 2044 1657 1868"/></Shape></Glyph></String>
          </TextLine>

          
          
          <TextLine ID="eSc_line_1790275" BASELINE="1801 2124 1869 2133 1896 2130 2110 2135" HPOS="1791.0" VPOS="2019.0" WIDTH="321.0" HEIGHT="186.0">
            <Shape><Polygon POINTS="1814 2019 1882 2028 1884 2025 2112 2029 2108 2205 1903 2199 1859 2202 1791 2193"/></Shape>
	    <String CONTENT=" ש לבעל " HPOS="1791.0" VPOS="2019.0" WIDTH="321.0" HEIGHT="186.0"><Glyph ID="char_155" CONTENT=" " GC="1.0"><Shape><Polygon POINTS="2064 2028 2059 2204 2095 2205 2100 2029"/></Shape></Glyph><Glyph ID="char_156" CONTENT="ש" GC="1.0"><Shape><Polygon POINTS="2052 2028 2047 2203 2059 2204 2064 2028"/></Shape></Glyph><Glyph ID="char_157" CONTENT=" " GC="1.0"><Shape><Polygon POINTS="2040 2028 2035 2203 2047 2203 2052 2028"/></Shape></Glyph><Glyph ID="char_158" CONTENT="ל" GC="1.0"><Shape><Polygon POINTS="2005 2027 2000 2202 2035 2203 2040 2028"/></Shape></Glyph><Glyph ID="char_159" CONTENT="ב" GC="1.0"><Shape><Polygon POINTS="1945 2026 1940 2200 2000 2202 2005 2027"/></Shape></Glyph><Glyph ID="char_160" CONTENT="ע" GC="1.0"><Shape><Polygon POINTS="1884 2026 1903 2199 1940 2200 1945 2026"/></Shape></Glyph><Glyph ID="char_161" CONTENT="ל" GC="1.0"><Shape><Polygon POINTS="1875 2027 1849 2201 1903 2199 1884 2026"/></Shape></Glyph><Glyph ID="char_162" CONTENT=" " GC="1.0"><Shape><Polygon POINTS="1827 2021 1802 2194 1849 2201 1875 2027"/></Shape></Glyph></String>
          </TextLine>

          
        </TextBlock>
        

        
      </PrintSpace>
    </Page>
  </Layout>
</alto>