<?xml version='1.0' encoding='UTF-8'?>
<alto xmlns:xsi="http://www.w3.org/2001/XMLSchema-instance" xmlns="http://www.loc.gov/standards/alto/ns-v4#" xsi:schemaLocation="http://www.loc.gov/standards/alto/ns-v4# http://www.loc.gov/standards/alto/v4/alto-4-2.xsd">
  <Description>
    <MeasurementUnit>pixel</MeasurementUnit>
    <sourceImageInformation>
      <fileName>P565-Fg009-R-C01-R01-D06052012-T125755-LR924_012_F.jpg</fileName>
      
    </sourceImageInformation>
  </Description>
  
  <Tags>
    <OtherTag ID="BT1443" LABEL="Parchment_or_papyrus" DESCRIPTION="block type Parchment_or_papyrus"/><OtherTag ID="BT2" LABEL="Main" DESCRIPTION="block type Main"/>
    
  </Tags>
  
  <Layout>
    <Page WIDTH="3608" HEIGHT="2706" PHYSICAL_IMG_NR="172" ID="eSc_dummypage_">
      <PrintSpace HPOS="0" VPOS="0" WIDTH="3608" HEIGHT="2706">
        
        <TextBlock HPOS="1676.0" VPOS="1133.0" WIDTH="402.0" HEIGHT="613.0" ID="eSc_textblock_a8fcb294" TAGREFS="BT2">
          <Shape><Polygon POINTS="1676 1133 1676 1622 2078 1746 2062 1133"/></Shape>
          
          
          <TextLine ID="eSc_line_1804205" BASELINE="1890 1202 2025 1193" HPOS="1885.0" VPOS="1127.0" WIDTH="142.0" HEIGHT="118.0">
            <Shape><Polygon POINTS="1885 1136 2020 1127 2027 1236 1892 1245"/></Shape>
	    <String CONTENT=" לך " HPOS="1885.0" VPOS="1127.0" WIDTH="142.0" HEIGHT="118.0"><Glyph ID="char_0" CONTENT=" " GC="1.0"><Shape><Polygon POINTS="1930 1133 1937 1242 1998 1238 1990 1129"/></Shape></Glyph><Glyph ID="char_1" CONTENT="ל" GC="1.0"><Shape><Polygon POINTS="1908 1134 1915 1243 1937 1242 1930 1133"/></Shape></Glyph><Glyph ID="char_2" CONTENT="ך" GC="1.0"><Shape><Polygon POINTS="1900 1135 1907 1244 1915 1243 1908 1134"/></Shape></Glyph><Glyph ID="char_3" CONTENT=" " GC="1.0"><Shape><Polygon POINTS="1889 1202 1903 1201"/></Shape></Glyph></String>
          </TextLine>

          
          
          <TextLine ID="eSc_line_1790288" BASELINE="1781 1314 1909 1323 2047 1314" HPOS="1777.0" VPOS="1248.0" WIDTH="272.0" HEIGHT="118.0">
            <Shape><Polygon POINTS="1785 1248 1913 1257 2042 1248 2049 1357 1905 1366 1777 1357"/></Shape>
	    <String CONTENT=" רוח " HPOS="1777.0" VPOS="1248.0" WIDTH="272.0" HEIGHT="118.0"><Glyph ID="char_4" CONTENT=" " GC="1.0"><Shape><Polygon POINTS="1974 1253 1981 1361 2026 1358 2019 1250"/></Shape></Glyph><Glyph ID="char_5" CONTENT="ר" GC="1.0"><Shape><Polygon POINTS="1945 1255 1952 1363 1981 1361 1974 1253"/></Shape></Glyph><Glyph ID="char_6" CONTENT="ו" GC="1.0"><Shape><Polygon POINTS="1915 1257 1922 1365 1952 1363 1945 1255"/></Shape></Glyph><Glyph ID="char_7" CONTENT="ח" GC="1.0"><Shape><Polygon POINTS="1874 1254 1865 1363 1922 1365 1915 1257"/></Shape></Glyph><Glyph ID="char_8" CONTENT=" " GC="1.0"><Shape><Polygon POINTS="1807 1250 1799 1359 1865 1363 1874 1254"/></Shape></Glyph></String>
          </TextLine>

          
          
          <TextLine ID="eSc_line_1790289" BASELINE="1675 1488 1846 1486 2043 1472" HPOS="1674.0" VPOS="1406.0" WIDTH="372.0" HEIGHT="125.0">
            <Shape><Polygon POINTS="1674 1422 1845 1420 2038 1406 2046 1515 1846 1529 1675 1531"/></Shape>
	    <String CONTENT=" פלאיהם כול " HPOS="1674.0" VPOS="1406.0" WIDTH="372.0" HEIGHT="125.0"><Glyph ID="char_9" CONTENT=" " GC="1.0"><Shape><Polygon POINTS="2010 1408 2018 1517 2032 1516 2024 1407"/></Shape></Glyph><Glyph ID="char_10" CONTENT="פ" GC="1.0"><Shape><Polygon POINTS="1995 1409 2003 1518 2018 1517 2010 1408"/></Shape></Glyph><Glyph ID="char_11" CONTENT="ל" GC="1.0"><Shape><Polygon POINTS="1958 1412 1966 1521 2003 1518 1995 1409"/></Shape></Glyph><Glyph ID="char_12" CONTENT="א" GC="1.0"><Shape><Polygon POINTS="1913 1415 1921 1524 1966 1521 1958 1412"/></Shape></Glyph><Glyph ID="char_13" CONTENT="י" GC="1.0"><Shape><Polygon POINTS="1876 1418 1884 1526 1921 1524 1913 1415"/></Shape></Glyph><Glyph ID="char_14" CONTENT="ה" GC="1.0"><Shape><Polygon POINTS="1829 1420 1830 1529 1884 1526 1876 1418"/></Shape></Glyph><Glyph ID="char_15" CONTENT="ם" GC="1.0"><Shape><Polygon POINTS="1792 1421 1793 1530 1830 1529 1829 1420"/></Shape></Glyph><Glyph ID="char_16" CONTENT=" " GC="1.0"><Shape><Polygon POINTS="1755 1421 1756 1530 1793 1530 1792 1421"/></Shape></Glyph><Glyph ID="char_17" CONTENT="כ" GC="1.0"><Shape><Polygon POINTS="1725 1421 1726 1530 1756 1530 1755 1421"/></Shape></Glyph><Glyph ID="char_18" CONTENT="ו" GC="1.0"><Shape><Polygon POINTS="1703 1422 1704 1531 1726 1530 1725 1421"/></Shape></Glyph><Glyph ID="char_19" CONTENT="ל" GC="1.0"><Shape><Polygon POINTS="1688 1422 1689 1531 1704 1531 1703 1422"/></Shape></Glyph><Glyph ID="char_20" CONTENT=" " GC="1.0"><Shape><Polygon POINTS="1674 1488 1688 1487"/></Shape></Glyph></String>
          </TextLine>

          
          
          <TextLine ID="eSc_line_1790290" BASELINE="1693 1549 1984 1553 2031 1558 2063 1567" HPOS="1692.0" VPOS="1483.0" WIDTH="388.0" HEIGHT="125.0">
            <Shape><Polygon POINTS="1693 1483 1984 1487 2037 1492 2080 1504 2051 1608 2026 1601 1983 1596 1692 1592"/></Shape>
	    <String CONTENT=" קודש קוד " HPOS="1692.0" VPOS="1483.0" WIDTH="388.0" HEIGHT="125.0"><Glyph ID="char_21" CONTENT=" " GC="1.0"><Shape><Polygon POINTS="2011 1490 1999 1598 2022 1601 2051 1496"/></Shape></Glyph><Glyph ID="char_22" CONTENT="ק" GC="1.0"><Shape><Polygon POINTS="1983 1487 1981 1596 1999 1598 2011 1490"/></Shape></Glyph><Glyph ID="char_23" CONTENT="ו" GC="1.0"><Shape><Polygon POINTS="1946 1486 1944 1595 1981 1596 1983 1487"/></Shape></Glyph><Glyph ID="char_24" CONTENT="ד" GC="1.0"><Shape><Polygon POINTS="1908 1486 1906 1595 1944 1595 1946 1486"/></Shape></Glyph><Glyph ID="char_25" CONTENT="ש" GC="1.0"><Shape><Polygon POINTS="1864 1485 1862 1594 1906 1595 1908 1486"/></Shape></Glyph><Glyph ID="char_26" CONTENT=" " GC="1.0"><Shape><Polygon POINTS="1842 1485 1840 1594 1862 1594 1864 1485"/></Shape></Glyph><Glyph ID="char_27" CONTENT="ק" GC="1.0"><Shape><Polygon POINTS="1804 1485 1802 1594 1840 1594 1842 1485"/></Shape></Glyph><Glyph ID="char_28" CONTENT="ו" GC="1.0"><Shape><Polygon POINTS="1760 1484 1758 1593 1802 1594 1804 1485"/></Shape></Glyph><Glyph ID="char_29" CONTENT="ד" GC="1.0"><Shape><Polygon POINTS="1738 1484 1736 1593 1758 1593 1760 1484"/></Shape></Glyph><Glyph ID="char_30" CONTENT=" " GC="1.0"><Shape><Polygon POINTS="1708 1483 1706 1592 1736 1593 1738 1484"/></Shape></Glyph></String>
          </TextLine>

          
          
          <TextLine ID="eSc_line_1790291" BASELINE="1745 1630 2038 1630" HPOS="1745.0" VPOS="1564.0" WIDTH="293.0" HEIGHT="109.0">
            <Shape><Polygon POINTS="1745 1564 2038 1564 2038 1673 1745 1673"/></Shape>
	    <String CONTENT=" שי " HPOS="1745.0" VPOS="1564.0" WIDTH="293.0" HEIGHT="109.0"><Glyph ID="char_31" CONTENT=" " GC="1.0"><Shape><Polygon POINTS="1943 1564 1943 1673 2010 1673 2010 1564"/></Shape></Glyph><Glyph ID="char_32" CONTENT="ש" GC="1.0"><Shape><Polygon POINTS="1899 1564 1899 1673 1943 1673 1943 1564"/></Shape></Glyph><Glyph ID="char_33" CONTENT="י" GC="1.0"><Shape><Polygon POINTS="1870 1564 1870 1673 1899 1673 1899 1564"/></Shape></Glyph><Glyph ID="char_34" CONTENT=" " GC="1.0"><Shape><Polygon POINTS="1796 1564 1796 1673 1870 1673 1870 1564"/></Shape></Glyph></String>
          </TextLine>

          
        </TextBlock>
        

        
      </PrintSpace>
    </Page>
  </Layout>
</alto>