<?xml version='1.0' encoding='UTF-8'?>
<alto xmlns:xsi="http://www.w3.org/2001/XMLSchema-instance" xmlns="http://www.loc.gov/standards/alto/ns-v4#" xsi:schemaLocation="http://www.loc.gov/standards/alto/ns-v4# http://www.loc.gov/standards/alto/v4/alto-4-2.xsd">
  <Description>
    <MeasurementUnit>pixel</MeasurementUnit>
    <sourceImageInformation>
      <fileName>P568-Fg002-R-C01-R01-D30042012-T144320-LR924_012_F.jpg</fileName>
      
    </sourceImageInformation>
  </Description>
  
  <Tags>
    <OtherTag ID="BT1443" LABEL="Parchment_or_papyrus" DESCRIPTION="block type Parchment_or_papyrus"/><OtherTag ID="BT2" LABEL="Main" DESCRIPTION="block type Main"/>
    
  </Tags>
  
  <Layout>
    <Page WIDTH="3608" HEIGHT="2706" PHYSICAL_IMG_NR="287" ID="eSc_dummypage_">
      <PrintSpace HPOS="0" VPOS="0" WIDTH="3608" HEIGHT="2706">
        
        <TextBlock HPOS="1068.0" VPOS="966.0" WIDTH="1854.0" HEIGHT="1096.0" ID="eSc_textblock_3591d7a6" TAGREFS="BT2">
          <Shape><Polygon POINTS="1068 966 1068 2062 2922 2062 2922 966"/></Shape>
          
          
          <TextLine ID="eSc_line_1790318" BASELINE="1425 1136 1506 1136 1718 1136 2088 1163 2158 1204 2309 1210 2415 1210 2685 1201 2825 1206" HPOS="1425.0" VPOS="1034.0" WIDTH="1403.0" HEIGHT="244.0">
            <Shape><Polygon POINTS="1425 1034 1506 1034 1718 1034 2095 1061 2209 1115 2313 1108 2415 1108 2681 1099 2828 1104 2822 1273 2687 1268 2415 1278 2306 1277 2123 1262 2083 1230 1718 1204 1506 1204 1425 1204"/></Shape>
	    <String CONTENT=" משרתאא עוד להן די להוה " HPOS="1425.0" VPOS="1034.0" WIDTH="1403.0" HEIGHT="244.0"><Glyph ID="char_0" CONTENT=" " GC="1.0"><Shape><Polygon POINTS="2816 1104 2810 1273 2810 1273 2816 1104"/></Shape></Glyph><Glyph ID="char_1" CONTENT="מ" GC="1.0"><Shape><Polygon POINTS="2782 1102 2776 1271 2810 1273 2816 1104"/></Shape></Glyph><Glyph ID="char_2" CONTENT="ש" GC="1.0"><Shape><Polygon POINTS="2702 1100 2696 1268 2776 1271 2782 1102"/></Shape></Glyph><Glyph ID="char_3" CONTENT="ר" GC="1.0"><Shape><Polygon POINTS="2615 1101 2621 1270 2696 1268 2702 1100"/></Shape></Glyph><Glyph ID="char_4" CONTENT="ת" GC="1.0"><Shape><Polygon POINTS="2546 1104 2552 1273 2621 1270 2615 1101"/></Shape></Glyph><Glyph ID="char_5" CONTENT="א" GC="1.0"><Shape><Polygon POINTS="2511 1105 2517 1274 2552 1273 2546 1104"/></Shape></Glyph><Glyph ID="char_6" CONTENT="א" GC="1.0"><Shape><Polygon POINTS="2488 1106 2494 1275 2517 1274 2511 1105"/></Shape></Glyph><Glyph ID="char_7" CONTENT=" " GC="1.0"><Shape><Polygon POINTS="2454 1107 2460 1276 2494 1275 2488 1106"/></Shape></Glyph><Glyph ID="char_8" CONTENT="ע" GC="1.0"><Shape><Polygon POINTS="2401 1108 2401 1278 2460 1276 2454 1107"/></Shape></Glyph><Glyph ID="char_9" CONTENT="ו" GC="1.0"><Shape><Polygon POINTS="2332 1108 2332 1277 2401 1278 2401 1108"/></Shape></Glyph><Glyph ID="char_10" CONTENT="ד" GC="1.0"><Shape><Polygon POINTS="2278 1110 2271 1274 2332 1277 2332 1108"/></Shape></Glyph><Glyph ID="char_11" CONTENT=" " GC="1.0"><Shape><Polygon POINTS="2221 1114 2214 1269 2271 1274 2278 1110"/></Shape></Glyph><Glyph ID="char_12" CONTENT="ל" GC="1.0"><Shape><Polygon POINTS="2201 1111 2116 1256 2214 1269 2221 1114"/></Shape></Glyph><Glyph ID="char_13" CONTENT="ה" GC="1.0"><Shape><Polygon POINTS="2138 1081 2052 1228 2116 1256 2201 1111"/></Shape></Glyph><Glyph ID="char_14" CONTENT="ן" GC="1.0"><Shape><Polygon POINTS="2041 1057 2028 1226 2052 1228 2138 1081"/></Shape></Glyph><Glyph ID="char_15" CONTENT=" " GC="1.0"><Shape><Polygon POINTS="1983 1053 1970 1222 2028 1226 2041 1057"/></Shape></Glyph><Glyph ID="char_16" CONTENT="ד" GC="1.0"><Shape><Polygon POINTS="1903 1047 1891 1216 1970 1222 1983 1053"/></Shape></Glyph><Glyph ID="char_17" CONTENT="י" GC="1.0"><Shape><Polygon POINTS="1834 1042 1822 1211 1891 1216 1903 1047"/></Shape></Glyph><Glyph ID="char_18" CONTENT=" " GC="1.0"><Shape><Polygon POINTS="1777 1038 1765 1207 1822 1211 1834 1042"/></Shape></Glyph><Glyph ID="char_19" CONTENT="ל" GC="1.0"><Shape><Polygon POINTS="1701 1034 1701 1204 1765 1207 1777 1038"/></Shape></Glyph><Glyph ID="char_20" CONTENT="ה" GC="1.0"><Shape><Polygon POINTS="1620 1034 1620 1204 1701 1204 1701 1034"/></Shape></Glyph><Glyph ID="char_21" CONTENT="ו" GC="1.0"><Shape><Polygon POINTS="1563 1034 1563 1204 1620 1204 1620 1034"/></Shape></Glyph><Glyph ID="char_22" CONTENT="ה" GC="1.0"><Shape><Polygon POINTS="1506 1034 1506 1204 1563 1204 1563 1034"/></Shape></Glyph><Glyph ID="char_23" CONTENT=" " GC="1.0"><Shape><Polygon POINTS="1437 1034 1437 1204 1506 1204 1506 1034"/></Shape></Glyph></String>
          </TextLine>

          
          
          <TextLine ID="eSc_line_1790321" BASELINE="1179 1274 1386 1274 1621 1289 1709 1330 1785 1346 2198 1402 2336 1402 2507 1395 2728 1371 2818 1371 2899 1380" HPOS="1179.0" VPOS="1172.0" WIDTH="1731.0" HEIGHT="298.0">
            <Shape><Polygon POINTS="1179 1172 1386 1172 1627 1187 1752 1237 1806 1246 2211 1300 2336 1300 2502 1293 2716 1269 2818 1269 2910 1278 2891 1447 2818 1439 2735 1438 2509 1462 2336 1470 2188 1469 1770 1412 1680 1391 1616 1356 1386 1342 1179 1342"/></Shape>
	    <String CONTENT=" א וכול די להוון משצין שבעתיה " HPOS="1179.0" VPOS="1172.0" WIDTH="1731.0" HEIGHT="298.0"><Glyph ID="char_24" CONTENT=" " GC="1.0"><Shape><Polygon POINTS="2842 1271 2823 1440 2869 1445 2887 1276"/></Shape></Glyph><Glyph ID="char_25" CONTENT="א" GC="1.0"><Shape><Polygon POINTS="2786 1269 2786 1439 2823 1440 2842 1271"/></Shape></Glyph><Glyph ID="char_26" CONTENT=" " GC="1.0"><Shape><Polygon POINTS="2729 1269 2729 1439 2786 1439 2786 1269"/></Shape></Glyph><Glyph ID="char_27" CONTENT="ו" GC="1.0"><Shape><Polygon POINTS="2672 1274 2690 1443 2729 1439 2729 1269"/></Shape></Glyph><Glyph ID="char_28" CONTENT="כ" GC="1.0"><Shape><Polygon POINTS="2626 1279 2644 1448 2690 1443 2672 1274"/></Shape></Glyph><Glyph ID="char_29" CONTENT="ו" GC="1.0"><Shape><Polygon POINTS="2569 1285 2588 1454 2644 1448 2626 1279"/></Shape></Glyph><Glyph ID="char_30" CONTENT="ל" GC="1.0"><Shape><Polygon POINTS="2513 1292 2531 1460 2588 1454 2569 1285"/></Shape></Glyph><Glyph ID="char_31" CONTENT=" " GC="1.0"><Shape><Polygon POINTS="2474 1294 2481 1463 2531 1460 2513 1292"/></Shape></Glyph><Glyph ID="char_32" CONTENT="ד" GC="1.0"><Shape><Polygon POINTS="2417 1297 2424 1466 2481 1463 2474 1294"/></Shape></Glyph><Glyph ID="char_33" CONTENT="י" GC="1.0"><Shape><Polygon POINTS="2348 1300 2355 1469 2424 1466 2417 1297"/></Shape></Glyph><Glyph ID="char_34" CONTENT=" " GC="1.0"><Shape><Polygon POINTS="2307 1300 2307 1470 2355 1469 2348 1300"/></Shape></Glyph><Glyph ID="char_35" CONTENT="ל" GC="1.0"><Shape><Polygon POINTS="2238 1300 2238 1469 2307 1470 2307 1300"/></Shape></Glyph><Glyph ID="char_36" CONTENT="ה" GC="1.0"><Shape><Polygon POINTS="2172 1295 2149 1464 2238 1469 2238 1300"/></Shape></Glyph><Glyph ID="char_37" CONTENT="ו" GC="1.0"><Shape><Polygon POINTS="2127 1289 2104 1458 2149 1464 2172 1295"/></Shape></Glyph><Glyph ID="char_38" CONTENT="ו" GC="1.0"><Shape><Polygon POINTS="2082 1283 2059 1451 2104 1458 2127 1289"/></Shape></Glyph><Glyph ID="char_39" CONTENT="ן" GC="1.0"><Shape><Polygon POINTS="2059 1280 2036 1448 2059 1451 2082 1283"/></Shape></Glyph><Glyph ID="char_40" CONTENT=" " GC="1.0"><Shape><Polygon POINTS="2014 1274 1991 1442 2036 1448 2059 1280"/></Shape></Glyph><Glyph ID="char_41" CONTENT="מ" GC="1.0"><Shape><Polygon POINTS="1934 1263 1911 1431 1991 1442 2014 1274"/></Shape></Glyph><Glyph ID="char_42" CONTENT="ש" GC="1.0"><Shape><Polygon POINTS="1844 1251 1821 1419 1911 1431 1934 1263"/></Shape></Glyph><Glyph ID="char_43" CONTENT="צ" GC="1.0"><Shape><Polygon POINTS="1760 1238 1726 1402 1821 1419 1844 1251"/></Shape></Glyph><Glyph ID="char_44" CONTENT="י" GC="1.0"><Shape><Polygon POINTS="1740 1232 1669 1385 1726 1402 1760 1238"/></Shape></Glyph><Glyph ID="char_45" CONTENT="ן" GC="1.0"><Shape><Polygon POINTS="1697 1215 1628 1363 1669 1385 1740 1232"/></Shape></Glyph><Glyph ID="char_46" CONTENT=" " GC="1.0"><Shape><Polygon POINTS="1596 1185 1585 1354 1628 1363 1697 1215"/></Shape></Glyph><Glyph ID="char_47" CONTENT="ש" GC="1.0"><Shape><Polygon POINTS="1505 1179 1494 1349 1585 1354 1596 1185"/></Shape></Glyph><Glyph ID="char_48" CONTENT="ב" GC="1.0"><Shape><Polygon POINTS="1414 1174 1404 1343 1494 1349 1505 1179"/></Shape></Glyph><Glyph ID="char_49" CONTENT="ע" GC="1.0"><Shape><Polygon POINTS="1339 1172 1339 1342 1404 1343 1414 1174"/></Shape></Glyph><Glyph ID="char_50" CONTENT="ת" GC="1.0"><Shape><Polygon POINTS="1270 1172 1270 1342 1339 1342 1339 1172"/></Shape></Glyph><Glyph ID="char_51" CONTENT="י" GC="1.0"><Shape><Polygon POINTS="1236 1172 1236 1342 1270 1342 1270 1172"/></Shape></Glyph><Glyph ID="char_52" CONTENT="ה" GC="1.0"><Shape><Polygon POINTS="1225 1172 1225 1342 1236 1342 1236 1172"/></Shape></Glyph><Glyph ID="char_53" CONTENT=" " GC="1.0"><Shape><Polygon POINTS="1190 1172 1190 1342 1225 1342 1225 1172"/></Shape></Glyph></String>
          </TextLine>

          
          
          <TextLine ID="eSc_line_1790324" BASELINE="1141 1416 1353 1429 1456 1445 1497 1468 1571 1477 1713 1513 1889 1535 2090 1567 2189 1573 2374 1578 2593 1569 2773 1551" HPOS="1136.0" VPOS="1314.0" WIDTH="1643.0" HEIGHT="331.0">
            <Shape><Polygon POINTS="1147 1314 1359 1327 1471 1344 1546 1379 1583 1375 1738 1414 1901 1433 2106 1466 2195 1471 2376 1476 2588 1467 2762 1449 2779 1618 2595 1636 2372 1645 2184 1640 2079 1634 1880 1602 1696 1578 1562 1544 1463 1527 1445 1512 1348 1496 1136 1483"/></Shape>
	    <String CONTENT=" אחיהון עללין חלפהון ארבע מא " HPOS="1136.0" VPOS="1314.0" WIDTH="1643.0" HEIGHT="331.0"><Glyph ID="char_54" CONTENT=" " GC="1.0"><Shape><Polygon POINTS="2648 1461 2665 1629 2745 1621 2728 1453"/></Shape></Glyph><Glyph ID="char_55" CONTENT="א" GC="1.0"><Shape><Polygon POINTS="2592 1467 2609 1635 2665 1629 2648 1461"/></Shape></Glyph><Glyph ID="char_56" CONTENT="ח" GC="1.0"><Shape><Polygon POINTS="2575 1468 2582 1637 2609 1635 2592 1467"/></Shape></Glyph><Glyph ID="char_57" CONTENT="י" GC="1.0"><Shape><Polygon POINTS="2530 1469 2537 1638 2582 1637 2575 1468"/></Shape></Glyph><Glyph ID="char_58" CONTENT="ה" GC="1.0"><Shape><Polygon POINTS="2450 1473 2457 1642 2537 1638 2530 1469"/></Shape></Glyph><Glyph ID="char_59" CONTENT="ו" GC="1.0"><Shape><Polygon POINTS="2382 1476 2389 1644 2457 1642 2450 1473"/></Shape></Glyph><Glyph ID="char_60" CONTENT="ן" GC="1.0"><Shape><Polygon POINTS="2332 1475 2327 1644 2389 1644 2382 1476"/></Shape></Glyph><Glyph ID="char_61" CONTENT=" " GC="1.0"><Shape><Polygon POINTS="2298 1474 2293 1643 2327 1644 2332 1475"/></Shape></Glyph><Glyph ID="char_62" CONTENT="ע" GC="1.0"><Shape><Polygon POINTS="2230 1472 2225 1641 2293 1643 2298 1474"/></Shape></Glyph><Glyph ID="char_63" CONTENT="ל" GC="1.0"><Shape><Polygon POINTS="2164 1469 2154 1638 2225 1641 2230 1472"/></Shape></Glyph><Glyph ID="char_64" CONTENT="ל" GC="1.0"><Shape><Polygon POINTS="2108 1466 2098 1635 2154 1638 2164 1469"/></Shape></Glyph><Glyph ID="char_65" CONTENT="י" GC="1.0"><Shape><Polygon POINTS="2062 1459 2035 1627 2098 1635 2108 1466"/></Shape></Glyph><Glyph ID="char_66" CONTENT="ן" GC="1.0"><Shape><Polygon POINTS="2028 1454 2002 1622 2035 1627 2062 1459"/></Shape></Glyph><Glyph ID="char_67" CONTENT=" " GC="1.0"><Shape><Polygon POINTS="1972 1444 1945 1613 2002 1622 2028 1454"/></Shape></Glyph><Glyph ID="char_68" CONTENT="ח" GC="1.0"><Shape><Polygon POINTS="1890 1432 1869 1601 1945 1613 1972 1444"/></Shape></Glyph><Glyph ID="char_69" CONTENT="ל" GC="1.0"><Shape><Polygon POINTS="1822 1424 1801 1592 1869 1601 1890 1432"/></Shape></Glyph><Glyph ID="char_70" CONTENT="פ" GC="1.0"><Shape><Polygon POINTS="1755 1416 1734 1583 1801 1592 1822 1424"/></Shape></Glyph><Glyph ID="char_71" CONTENT="ה" GC="1.0"><Shape><Polygon POINTS="1700 1404 1658 1568 1734 1583 1755 1416"/></Shape></Glyph><Glyph ID="char_72" CONTENT="ו" GC="1.0"><Shape><Polygon POINTS="1644 1390 1603 1554 1658 1568 1700 1404"/></Shape></Glyph><Glyph ID="char_73" CONTENT="ן" GC="1.0"><Shape><Polygon POINTS="1601 1379 1559 1543 1603 1554 1644 1390"/></Shape></Glyph><Glyph ID="char_74" CONTENT=" " GC="1.0"><Shape><Polygon POINTS="1531 1372 1511 1535 1559 1543 1601 1379"/></Shape></Glyph><Glyph ID="char_75" CONTENT="א" GC="1.0"><Shape><Polygon POINTS="1505 1360 1422 1508 1511 1535 1531 1372"/></Shape></Glyph><Glyph ID="char_76" CONTENT="ר" GC="1.0"><Shape><Polygon POINTS="1405 1334 1379 1501 1422 1508 1505 1360"/></Shape></Glyph><Glyph ID="char_77" CONTENT="ב" GC="1.0"><Shape><Polygon POINTS="1328 1325 1317 1494 1379 1501 1405 1334"/></Shape></Glyph><Glyph ID="char_78" CONTENT="ע" GC="1.0"><Shape><Polygon POINTS="1283 1322 1272 1491 1317 1494 1328 1325"/></Shape></Glyph><Glyph ID="char_79" CONTENT=" " GC="1.0"><Shape><Polygon POINTS="1237 1320 1226 1489 1272 1491 1283 1322"/></Shape></Glyph><Glyph ID="char_80" CONTENT="מ" GC="1.0"><Shape><Polygon POINTS="1193 1317 1181 1486 1226 1489 1237 1320"/></Shape></Glyph><Glyph ID="char_81" CONTENT="א" GC="1.0"><Shape><Polygon POINTS="1158 1315 1147 1484 1181 1486 1193 1317"/></Shape></Glyph><Glyph ID="char_82" CONTENT=" " GC="1.0"><Shape><Polygon POINTS="1140 1415 1150 1415"/></Shape></Glyph></String>
          </TextLine>

          
          
          <TextLine ID="eSc_line_1790328" BASELINE="1172 1583 1316 1601 1380 1614 1492 1650 1544 1659 1722 1677 1977 1713 2139 1731 2205 1734 2268 1740 2320 1749 2392 1770" HPOS="1163.0" VPOS="1481.0" WIDTH="1257.0" HEIGHT="354.0">
            <Shape><Polygon POINTS="1184 1481 1328 1499 1400 1514 1523 1552 1561 1558 1732 1575 1991 1612 2150 1629 2209 1632 2277 1638 2337 1648 2420 1672 2372 1835 2308 1816 2261 1807 2201 1801 2131 1798 1967 1780 1715 1744 1532 1726 1471 1714 1366 1680 1307 1668 1163 1650"/></Shape>
	    <String CONTENT=" א ואמר לי לעשרין ושת " HPOS="1163.0" VPOS="1481.0" WIDTH="1257.0" HEIGHT="354.0"><Glyph ID="char_83" CONTENT=" " GC="1.0"><Shape><Polygon POINTS="2376 1659 2328 1822 2361 1832 2409 1669"/></Shape></Glyph><Glyph ID="char_84" CONTENT="א" GC="1.0"><Shape><Polygon POINTS="2287 1640 2258 1807 2328 1822 2376 1659"/></Shape></Glyph><Glyph ID="char_85" CONTENT=" " GC="1.0"><Shape><Polygon POINTS="2195 1631 2188 1800 2258 1807 2287 1640"/></Shape></Glyph><Glyph ID="char_86" CONTENT="ו" GC="1.0"><Shape><Polygon POINTS="2149 1629 2142 1798 2188 1800 2195 1631"/></Shape></Glyph><Glyph ID="char_87" CONTENT="א" GC="1.0"><Shape><Polygon POINTS="2100 1624 2081 1793 2142 1798 2149 1629"/></Shape></Glyph><Glyph ID="char_88" CONTENT="מ" GC="1.0"><Shape><Polygon POINTS="2032 1616 2013 1785 2081 1793 2100 1624"/></Shape></Glyph><Glyph ID="char_89" CONTENT="ר" GC="1.0"><Shape><Polygon POINTS="1979 1610 1955 1778 2013 1785 2032 1616"/></Shape></Glyph><Glyph ID="char_90" CONTENT=" " GC="1.0"><Shape><Polygon POINTS="1933 1604 1910 1772 1955 1778 1979 1610"/></Shape></Glyph><Glyph ID="char_91" CONTENT="ל" GC="1.0"><Shape><Polygon POINTS="1866 1594 1842 1762 1910 1772 1933 1604"/></Shape></Glyph><Glyph ID="char_92" CONTENT="י" GC="1.0"><Shape><Polygon POINTS="1822 1588 1798 1756 1842 1762 1866 1594"/></Shape></Glyph><Glyph ID="char_93" CONTENT=" " GC="1.0"><Shape><Polygon POINTS="1765 1580 1741 1748 1798 1756 1822 1588"/></Shape></Glyph><Glyph ID="char_94" CONTENT="ל" GC="1.0"><Shape><Polygon POINTS="1705 1572 1687 1741 1741 1748 1765 1580"/></Shape></Glyph><Glyph ID="char_95" CONTENT="ע" GC="1.0"><Shape><Polygon POINTS="1626 1564 1609 1734 1687 1741 1705 1572"/></Shape></Glyph><Glyph ID="char_96" CONTENT="ש" GC="1.0"><Shape><Polygon POINTS="1532 1553 1503 1720 1609 1734 1626 1564"/></Shape></Glyph><Glyph ID="char_97" CONTENT="ר" GC="1.0"><Shape><Polygon POINTS="1480 1539 1428 1700 1503 1720 1532 1553"/></Shape></Glyph><Glyph ID="char_98" CONTENT="י" GC="1.0"><Shape><Polygon POINTS="1436 1525 1385 1686 1428 1700 1480 1539"/></Shape></Glyph><Glyph ID="char_99" CONTENT="ן" GC="1.0"><Shape><Polygon POINTS="1393 1513 1359 1679 1385 1686 1436 1525"/></Shape></Glyph><Glyph ID="char_100" CONTENT=" " GC="1.0"><Shape><Polygon POINTS="1360 1506 1326 1672 1359 1679 1393 1513"/></Shape></Glyph><Glyph ID="char_101" CONTENT="ו" GC="1.0"><Shape><Polygon POINTS="1308 1497 1286 1665 1326 1672 1360 1506"/></Shape></Glyph><Glyph ID="char_102" CONTENT="ש" GC="1.0"><Shape><Polygon POINTS="1241 1488 1219 1657 1286 1665 1308 1497"/></Shape></Glyph><Glyph ID="char_103" CONTENT="ת" GC="1.0"><Shape><Polygon POINTS="1171 1582 1227 1589"/></Shape></Glyph><Glyph ID="char_104" CONTENT=" " GC="1.0"><Shape><Polygon POINTS="1171 1582 1171 1582"/></Shape></Glyph></String>
          </TextLine>

          
          
          <TextLine ID="eSc_line_1804213" BASELINE="1352 1769 1488 1807 1711 1858 1813 1869 1900 1873 2153 1912 2302 1919" HPOS="1333.0" VPOS="1670.0" WIDTH="973.0" HEIGHT="316.0">
            <Shape><Polygon POINTS="1379 1670 1515 1708 1733 1758 1823 1767 1904 1771 2168 1811 2306 1817 2298 1986 2142 1979 1896 1940 1805 1936 1695 1924 1469 1872 1333 1834"/></Shape>
	    <String CONTENT=" ישי קדישיא ל " HPOS="1333.0" VPOS="1670.0" WIDTH="973.0" HEIGHT="316.0"><Glyph ID="char_105" CONTENT=" " GC="1.0"><Shape><Polygon POINTS="2260 1815 2252 1984 2286 1985 2294 1816"/></Shape></Glyph><Glyph ID="char_106" CONTENT="י" GC="1.0"><Shape><Polygon POINTS="2226 1814 2218 1982 2252 1984 2260 1815"/></Shape></Glyph><Glyph ID="char_107" CONTENT="ש" GC="1.0"><Shape><Polygon POINTS="2157 1809 2131 1977 2218 1982 2226 1814"/></Shape></Glyph><Glyph ID="char_108" CONTENT="י" GC="1.0"><Shape><Polygon POINTS="2090 1799 2064 1967 2131 1977 2157 1809"/></Shape></Glyph><Glyph ID="char_109" CONTENT=" " GC="1.0"><Shape><Polygon POINTS="2033 1791 2007 1958 2064 1967 2090 1799"/></Shape></Glyph><Glyph ID="char_110" CONTENT="ק" GC="1.0"><Shape><Polygon POINTS="1944 1777 1919 1944 2007 1958 2033 1791"/></Shape></Glyph><Glyph ID="char_111" CONTENT="ד" GC="1.0"><Shape><Polygon POINTS="1854 1769 1846 1938 1919 1944 1944 1777"/></Shape></Glyph><Glyph ID="char_112" CONTENT="י" GC="1.0"><Shape><Polygon POINTS="1804 1765 1786 1934 1846 1938 1854 1769"/></Shape></Glyph><Glyph ID="char_113" CONTENT="ש" GC="1.0"><Shape><Polygon POINTS="1737 1758 1718 1927 1786 1934 1804 1765"/></Shape></Glyph><Glyph ID="char_114" CONTENT="י" GC="1.0"><Shape><Polygon POINTS="1670 1744 1632 1910 1718 1927 1737 1758"/></Shape></Glyph><Glyph ID="char_115" CONTENT="א" GC="1.0"><Shape><Polygon POINTS="1616 1731 1578 1897 1632 1910 1670 1744"/></Shape></Glyph><Glyph ID="char_116" CONTENT=" " GC="1.0"><Shape><Polygon POINTS="1571 1721 1533 1887 1578 1897 1616 1731"/></Shape></Glyph><Glyph ID="char_117" CONTENT="ל" GC="1.0"><Shape><Polygon POINTS="1488 1700 1441 1864 1533 1887 1571 1721"/></Shape></Glyph><Glyph ID="char_118" CONTENT=" " GC="1.0"><Shape><Polygon POINTS="1389 1673 1343 1837 1441 1864 1488 1700"/></Shape></Glyph></String>
          </TextLine>

          
        </TextBlock>
        

        
      </PrintSpace>
    </Page>
  </Layout>
</alto>