<?xml version='1.0' encoding='UTF-8'?>
<alto xmlns:xsi="http://www.w3.org/2001/XMLSchema-instance" xmlns="http://www.loc.gov/standards/alto/ns-v4#" xsi:schemaLocation="http://www.loc.gov/standards/alto/ns-v4# http://www.loc.gov/standards/alto/v4/alto-4-2.xsd">
  <Description>
    <MeasurementUnit>pixel</MeasurementUnit>
    <sourceImageInformation>
      <fileName>P572-Fg014-R-C01-R01-D10042013-T143731-LR924_012.jpg</fileName>
      
    </sourceImageInformation>
  </Description>
  
  <Tags>
    <OtherTag ID="BT1443" LABEL="Parchment_or_papyrus" DESCRIPTION="block type Parchment_or_papyrus"/><OtherTag ID="BT2" LABEL="Main" DESCRIPTION="block type Main"/>
    
  </Tags>
  
  <Layout>
    <Page WIDTH="3608" HEIGHT="2706" PHYSICAL_IMG_NR="349" ID="eSc_dummypage_">
      <PrintSpace HPOS="0" VPOS="0" WIDTH="3608" HEIGHT="2706">
        
        <TextBlock HPOS="1425.0" VPOS="982.0" WIDTH="693.0" HEIGHT="651.0" ID="eSc_textblock_98f3b14f" TAGREFS="BT2">
          <Shape><Polygon POINTS="1425 982 1425 1633 2118 1633 2118 982"/></Shape>
          
          
          <TextLine ID="eSc_line_1790411" BASELINE="1495 1100 1540 1093 1749 1084 1948 1086" HPOS="1481.0" VPOS="998.0" WIDTH="467.0" HEIGHT="158.0">
            <Shape><Polygon POINTS="1481 1015 1526 1008 1745 998 1948 1000 1947 1143 1751 1141 1548 1149 1503 1156"/></Shape>
	    <String CONTENT=" לריח ניחוח " HPOS="1481.0" VPOS="998.0" WIDTH="467.0" HEIGHT="158.0"><Glyph ID="char_0" CONTENT=" " GC="1.0"><Shape><Polygon POINTS="1919 1000 1918 1143 1937 1143 1938 1000"/></Shape></Glyph><Glyph ID="char_1" CONTENT="ל" GC="1.0"><Shape><Polygon POINTS="1900 1000 1899 1143 1918 1143 1919 1000"/></Shape></Glyph><Glyph ID="char_2" CONTENT="ר" GC="1.0"><Shape><Polygon POINTS="1871 999 1870 1142 1899 1143 1900 1000"/></Shape></Glyph><Glyph ID="char_3" CONTENT="י" GC="1.0"><Shape><Polygon POINTS="1813 999 1812 1142 1870 1142 1871 999"/></Shape></Glyph><Glyph ID="char_4" CONTENT="ח" GC="1.0"><Shape><Polygon POINTS="1764 998 1763 1141 1812 1142 1813 999"/></Shape></Glyph><Glyph ID="char_5" CONTENT=" " GC="1.0"><Shape><Polygon POINTS="1722 999 1728 1142 1763 1141 1764 998"/></Shape></Glyph><Glyph ID="char_6" CONTENT="נ" GC="1.0"><Shape><Polygon POINTS="1683 1001 1689 1143 1728 1142 1722 999"/></Shape></Glyph><Glyph ID="char_7" CONTENT="י" GC="1.0"><Shape><Polygon POINTS="1635 1003 1641 1145 1689 1143 1683 1001"/></Shape></Glyph><Glyph ID="char_8" CONTENT="ח" GC="1.0"><Shape><Polygon POINTS="1587 1005 1593 1147 1641 1145 1635 1003"/></Shape></Glyph><Glyph ID="char_9" CONTENT="ו" GC="1.0"><Shape><Polygon POINTS="1558 1007 1564 1148 1593 1147 1587 1005"/></Shape></Glyph><Glyph ID="char_10" CONTENT="ח" GC="1.0"><Shape><Polygon POINTS="1538 1007 1544 1150 1564 1148 1558 1007"/></Shape></Glyph><Glyph ID="char_11" CONTENT=" " GC="1.0"><Shape><Polygon POINTS="1491 1013 1512 1155 1544 1150 1538 1007"/></Shape></Glyph></String>
          </TextLine>

          
          
          <TextLine ID="eSc_line_1790412" BASELINE="1479 1249 1596 1240 1828 1237 1946 1224" HPOS="1472.0" VPOS="1138.0" WIDTH="480.0" HEIGHT="168.0">
            <Shape><Polygon POINTS="1472 1163 1589 1154 1826 1151 1936 1138 1952 1280 1828 1294 1600 1297 1483 1306"/></Shape>
	    <String CONTENT=" יא ואיליא ג " HPOS="1472.0" VPOS="1138.0" WIDTH="480.0" HEIGHT="168.0"><Glyph ID="char_12" CONTENT=" " GC="1.0"><Shape><Polygon POINTS="1897 1143 1912 1284 1941 1281 1926 1139"/></Shape></Glyph><Glyph ID="char_13" CONTENT="י" GC="1.0"><Shape><Polygon POINTS="1848 1148 1864 1290 1912 1284 1897 1143"/></Shape></Glyph><Glyph ID="char_14" CONTENT="א" GC="1.0"><Shape><Polygon POINTS="1818 1151 1819 1294 1864 1290 1848 1148"/></Shape></Glyph><Glyph ID="char_15" CONTENT=" " GC="1.0"><Shape><Polygon POINTS="1769 1152 1770 1295 1819 1294 1818 1151"/></Shape></Glyph><Glyph ID="char_16" CONTENT="ו" GC="1.0"><Shape><Polygon POINTS="1730 1152 1731 1295 1770 1295 1769 1152"/></Shape></Glyph><Glyph ID="char_17" CONTENT="א" GC="1.0"><Shape><Polygon POINTS="1682 1153 1683 1296 1731 1295 1730 1152"/></Shape></Glyph><Glyph ID="char_18" CONTENT="י" GC="1.0"><Shape><Polygon POINTS="1633 1153 1634 1297 1683 1296 1682 1153"/></Shape></Glyph><Glyph ID="char_19" CONTENT="ל" GC="1.0"><Shape><Polygon POINTS="1578 1155 1589 1298 1634 1297 1633 1153"/></Shape></Glyph><Glyph ID="char_20" CONTENT="י" GC="1.0"><Shape><Polygon POINTS="1549 1157 1560 1300 1589 1298 1578 1155"/></Shape></Glyph><Glyph ID="char_21" CONTENT="א" GC="1.0"><Shape><Polygon POINTS="1530 1159 1541 1302 1560 1300 1549 1157"/></Shape></Glyph><Glyph ID="char_22" CONTENT=" " GC="1.0"><Shape><Polygon POINTS="1520 1159 1531 1302 1541 1302 1530 1159"/></Shape></Glyph><Glyph ID="char_23" CONTENT="ג" GC="1.0"><Shape><Polygon POINTS="1491 1162 1502 1305 1531 1302 1520 1159"/></Shape></Glyph><Glyph ID="char_24" CONTENT=" " GC="1.0"><Shape><Polygon POINTS="1478 1249 1497 1247"/></Shape></Glyph></String>
          </TextLine>

          
          
          <TextLine ID="eSc_line_1790413" BASELINE="1438 1402 1537 1402 1700 1391 1887 1386" HPOS="1438.0" VPOS="1300.0" WIDTH="450.0" HEIGHT="159.0">
            <Shape><Polygon POINTS="1438 1316 1537 1316 1694 1305 1884 1300 1888 1443 1703 1448 1537 1459 1438 1459"/></Shape>
	    <String CONTENT=" פרישא על " HPOS="1438.0" VPOS="1300.0" WIDTH="450.0" HEIGHT="159.0"><Glyph ID="char_25" CONTENT=" " GC="1.0"><Shape><Polygon POINTS="1835 1301 1839 1444 1868 1444 1864 1301"/></Shape></Glyph><Glyph ID="char_26" CONTENT="פ" GC="1.0"><Shape><Polygon POINTS="1786 1303 1790 1446 1839 1444 1835 1301"/></Shape></Glyph><Glyph ID="char_27" CONTENT="ר" GC="1.0"><Shape><Polygon POINTS="1728 1304 1732 1447 1790 1446 1786 1303"/></Shape></Glyph><Glyph ID="char_28" CONTENT="י" GC="1.0"><Shape><Polygon POINTS="1676 1306 1686 1449 1732 1447 1728 1304"/></Shape></Glyph><Glyph ID="char_29" CONTENT="ש" GC="1.0"><Shape><Polygon POINTS="1618 1310 1628 1453 1686 1449 1676 1306"/></Shape></Glyph><Glyph ID="char_30" CONTENT="א" GC="1.0"><Shape><Polygon POINTS="1559 1314 1569 1457 1628 1453 1618 1310"/></Shape></Glyph><Glyph ID="char_31" CONTENT=" " GC="1.0"><Shape><Polygon POINTS="1536 1316 1536 1459 1569 1457 1559 1314"/></Shape></Glyph><Glyph ID="char_32" CONTENT="ע" GC="1.0"><Shape><Polygon POINTS="1487 1316 1487 1459 1536 1459 1536 1316"/></Shape></Glyph><Glyph ID="char_33" CONTENT="ל" GC="1.0"><Shape><Polygon POINTS="1458 1316 1458 1459 1487 1459 1487 1316"/></Shape></Glyph><Glyph ID="char_34" CONTENT=" " GC="1.0"><Shape><Polygon POINTS="1438 1316 1438 1459 1458 1459 1458 1316"/></Shape></Glyph></String>
          </TextLine>

          
          
          <TextLine ID="eSc_line_1790414" BASELINE="1623 1522 1833 1528" HPOS="1621.0" VPOS="1436.0" WIDTH="214.0" HEIGHT="149.0">
            <Shape><Polygon POINTS="1625 1436 1835 1442 1831 1585 1621 1579"/></Shape>
	    <String CONTENT=" כ " HPOS="1621.0" VPOS="1436.0" WIDTH="214.0" HEIGHT="149.0"><Glyph ID="char_35" CONTENT=" " GC="1.0"><Shape><Polygon POINTS="1716 1439 1711 1582 1780 1584 1785 1441"/></Shape></Glyph><Glyph ID="char_36" CONTENT="כ" GC="1.0"><Shape><Polygon POINTS="1676 1437 1671 1580 1711 1582 1716 1439"/></Shape></Glyph><Glyph ID="char_37" CONTENT=" " GC="1.0"><Shape><Polygon POINTS="1626 1436 1621 1579 1671 1580 1676 1437"/></Shape></Glyph></String>
          </TextLine>

          
        </TextBlock>
        

        
      </PrintSpace>
    </Page>
  </Layout>
</alto>