<?xml version='1.0' encoding='UTF-8'?>
<alto xmlns:xsi="http://www.w3.org/2001/XMLSchema-instance" xmlns="http://www.loc.gov/standards/alto/ns-v4#" xsi:schemaLocation="http://www.loc.gov/standards/alto/ns-v4# http://www.loc.gov/standards/alto/v4/alto-4-2.xsd">
  <Description>
    <MeasurementUnit>pixel</MeasurementUnit>
    <sourceImageInformation>
      <fileName>P574-Fg002-R-C01-R01-D02052012-T122144-LR924_012_F.jpg</fileName>
      
    </sourceImageInformation>
  </Description>
  
  <Tags>
    <OtherTag ID="BT1443" LABEL="Parchment_or_papyrus" DESCRIPTION="block type Parchment_or_papyrus"/><OtherTag ID="BT2" LABEL="Main" DESCRIPTION="block type Main"/>
    
  </Tags>
  
  <Layout>
    <Page WIDTH="3608" HEIGHT="2706" PHYSICAL_IMG_NR="68" ID="eSc_dummypage_">
      <PrintSpace HPOS="0" VPOS="0" WIDTH="3608" HEIGHT="2706">
        
        <TextBlock HPOS="1305.0" VPOS="875.0" WIDTH="1509.0" HEIGHT="1423.0" ID="eSc_textblock_b33d8560" TAGREFS="BT2">
          <Shape><Polygon POINTS="1305 875 1305 2290 2322 2298 2814 875"/></Shape>
          
          
          <TextLine ID="eSc_line_1790428" BASELINE="1531 974 2185 1005 2561 1012 2609 1017" HPOS="1527.0" VPOS="860.0" WIDTH="1093.0" HEIGHT="232.0">
            <Shape><Polygon POINTS="1536 860 2190 891 2563 898 2620 904 2601 1092 2559 1087 2181 1080 1527 1049"/></Shape>
	    <String CONTENT=" והי ארבעא רמין אמין א " HPOS="1527.0" VPOS="860.0" WIDTH="1093.0" HEIGHT="232.0"><Glyph ID="char_0" CONTENT=" " GC="1.0"><Shape><Polygon POINTS="2546 898 2543 1087 2587 1090 2607 903"/></Shape></Glyph><Glyph ID="char_1" CONTENT="ו" GC="1.0"><Shape><Polygon POINTS="2483 897 2480 1086 2543 1087 2546 898"/></Shape></Glyph><Glyph ID="char_2" CONTENT="ה" GC="1.0"><Shape><Polygon POINTS="2432 896 2429 1085 2480 1086 2483 897"/></Shape></Glyph><Glyph ID="char_3" CONTENT="י" GC="1.0"><Shape><Polygon POINTS="2381 895 2378 1084 2429 1085 2432 896"/></Shape></Glyph><Glyph ID="char_4" CONTENT=" " GC="1.0"><Shape><Polygon POINTS="2331 894 2328 1083 2378 1084 2381 895"/></Shape></Glyph><Glyph ID="char_5" CONTENT="א" GC="1.0"><Shape><Polygon POINTS="2267 892 2264 1082 2328 1083 2331 894"/></Shape></Glyph><Glyph ID="char_6" CONTENT="ר" GC="1.0"><Shape><Polygon POINTS="2191 891 2188 1080 2264 1082 2267 892"/></Shape></Glyph><Glyph ID="char_7" CONTENT="ב" GC="1.0"><Shape><Polygon POINTS="2132 888 2123 1077 2188 1080 2191 891"/></Shape></Glyph><Glyph ID="char_8" CONTENT="ע" GC="1.0"><Shape><Polygon POINTS="2055 885 2046 1074 2123 1077 2132 888"/></Shape></Glyph><Glyph ID="char_9" CONTENT="א" GC="1.0"><Shape><Polygon POINTS="1992 882 1983 1071 2046 1074 2055 885"/></Shape></Glyph><Glyph ID="char_10" CONTENT=" " GC="1.0"><Shape><Polygon POINTS="1941 879 1932 1068 1983 1071 1992 882"/></Shape></Glyph><Glyph ID="char_11" CONTENT="ר" GC="1.0"><Shape><Polygon POINTS="1878 876 1869 1065 1932 1068 1941 879"/></Shape></Glyph><Glyph ID="char_12" CONTENT="מ" GC="1.0"><Shape><Polygon POINTS="1827 874 1818 1063 1869 1065 1878 876"/></Shape></Glyph><Glyph ID="char_13" CONTENT="י" GC="1.0"><Shape><Polygon POINTS="1776 871 1767 1060 1818 1063 1827 874"/></Shape></Glyph><Glyph ID="char_14" CONTENT="ן" GC="1.0"><Shape><Polygon POINTS="1738 870 1729 1059 1767 1060 1776 871"/></Shape></Glyph><Glyph ID="char_15" CONTENT=" " GC="1.0"><Shape><Polygon POINTS="1700 868 1691 1057 1729 1059 1738 870"/></Shape></Glyph><Glyph ID="char_16" CONTENT="א" GC="1.0"><Shape><Polygon POINTS="1637 865 1628 1054 1691 1057 1700 868"/></Shape></Glyph><Glyph ID="char_17" CONTENT="מ" GC="1.0"><Shape><Polygon POINTS="1586 862 1577 1051 1628 1054 1637 865"/></Shape></Glyph><Glyph ID="char_18" CONTENT="י" GC="1.0"><Shape><Polygon POINTS="1549 861 1539 1050 1577 1051 1586 862"/></Shape></Glyph><Glyph ID="char_19" CONTENT="ן" GC="1.0"><Shape><Polygon POINTS="1530 973 1542 973"/></Shape></Glyph><Glyph ID="char_20" CONTENT=" " GC="1.0"><Shape><Polygon POINTS="1530 973 1530 973"/></Shape></Glyph><Glyph ID="char_21" CONTENT="א" GC="1.0"><Shape><Polygon POINTS="1530 973 1530 973"/></Shape></Glyph><Glyph ID="char_22" CONTENT=" " GC="1.0"><Shape><Polygon POINTS="1530 973 1530 973"/></Shape></Glyph></String>
          </TextLine>

          
          
          <TextLine ID="eSc_line_1790429" BASELINE="1440 1122 1578 1132 1709 1150 1826 1159 2320 1172 2624 1174" HPOS="1434.0" VPOS="1008.0" WIDTH="1190.0" HEIGHT="241.0">
            <Shape><Polygon POINTS="1448 1008 1586 1018 1724 1037 1834 1045 2322 1058 2624 1060 2623 1249 2318 1247 1820 1234 1698 1224 1572 1207 1434 1197"/></Shape>
	    <String CONTENT=" נא ליד כותלא די סחר ל " HPOS="1434.0" VPOS="1008.0" WIDTH="1190.0" HEIGHT="241.0"><Glyph ID="char_23" CONTENT=" " GC="1.0"><Shape><Polygon POINTS="2574 1060 2572 1249 2609 1249 2611 1060"/></Shape></Glyph><Glyph ID="char_24" CONTENT="נ" GC="1.0"><Shape><Polygon POINTS="2510 1059 2508 1248 2572 1249 2574 1060"/></Shape></Glyph><Glyph ID="char_25" CONTENT="א" GC="1.0"><Shape><Polygon POINTS="2459 1059 2457 1248 2508 1248 2510 1059"/></Shape></Glyph><Glyph ID="char_26" CONTENT=" " GC="1.0"><Shape><Polygon POINTS="2420 1059 2418 1248 2457 1248 2459 1059"/></Shape></Glyph><Glyph ID="char_27" CONTENT="ל" GC="1.0"><Shape><Polygon POINTS="2357 1058 2355 1247 2418 1248 2420 1059"/></Shape></Glyph><Glyph ID="char_28" CONTENT="י" GC="1.0"><Shape><Polygon POINTS="2295 1057 2290 1246 2355 1247 2357 1058"/></Shape></Glyph><Glyph ID="char_29" CONTENT="ד" GC="1.0"><Shape><Polygon POINTS="2244 1056 2239 1245 2290 1246 2295 1057"/></Shape></Glyph><Glyph ID="char_30" CONTENT=" " GC="1.0"><Shape><Polygon POINTS="2193 1055 2188 1244 2239 1245 2244 1056"/></Shape></Glyph><Glyph ID="char_31" CONTENT="כ" GC="1.0"><Shape><Polygon POINTS="2142 1053 2137 1242 2188 1244 2193 1055"/></Shape></Glyph><Glyph ID="char_32" CONTENT="ו" GC="1.0"><Shape><Polygon POINTS="2091 1052 2086 1241 2137 1242 2142 1053"/></Shape></Glyph><Glyph ID="char_33" CONTENT="ת" GC="1.0"><Shape><Polygon POINTS="2014 1050 2009 1239 2086 1241 2091 1052"/></Shape></Glyph><Glyph ID="char_34" CONTENT="ל" GC="1.0"><Shape><Polygon POINTS="1950 1048 1945 1237 2009 1239 2014 1050"/></Shape></Glyph><Glyph ID="char_35" CONTENT="א" GC="1.0"><Shape><Polygon POINTS="1899 1047 1894 1236 1945 1237 1950 1048"/></Shape></Glyph><Glyph ID="char_36" CONTENT=" " GC="1.0"><Shape><Polygon POINTS="1848 1045 1843 1235 1894 1236 1899 1047"/></Shape></Glyph><Glyph ID="char_37" CONTENT="ד" GC="1.0"><Shape><Polygon POINTS="1791 1042 1776 1230 1843 1235 1848 1045"/></Shape></Glyph><Glyph ID="char_38" CONTENT="י" GC="1.0"><Shape><Polygon POINTS="1740 1038 1726 1226 1776 1230 1791 1042"/></Shape></Glyph><Glyph ID="char_39" CONTENT=" " GC="1.0"><Shape><Polygon POINTS="1708 1035 1682 1222 1726 1226 1740 1038"/></Shape></Glyph><Glyph ID="char_40" CONTENT="ס" GC="1.0"><Shape><Polygon POINTS="1633 1024 1607 1212 1682 1222 1708 1035"/></Shape></Glyph><Glyph ID="char_41" CONTENT="ח" GC="1.0"><Shape><Polygon POINTS="1537 1014 1522 1203 1607 1212 1633 1024"/></Shape></Glyph><Glyph ID="char_42" CONTENT="ר" GC="1.0"><Shape><Polygon POINTS="1486 1011 1471 1200 1522 1203 1537 1014"/></Shape></Glyph><Glyph ID="char_43" CONTENT=" " GC="1.0"><Shape><Polygon POINTS="1461 1009 1446 1198 1471 1200 1486 1011"/></Shape></Glyph><Glyph ID="char_44" CONTENT="ל" GC="1.0"><Shape><Polygon POINTS="1439 1121 1451 1122"/></Shape></Glyph><Glyph ID="char_45" CONTENT=" " GC="1.0"><Shape><Polygon POINTS="1439 1121 1439 1121"/></Shape></Glyph></String>
          </TextLine>

          
          
          <TextLine ID="eSc_line_1790430" BASELINE="1339 1332 1513 1319 1614 1319 1736 1325 1817 1337 1919 1343 2191 1348 2342 1355 2568 1357" HPOS="1330.0" VPOS="1205.0" WIDTH="1239.0" HEIGHT="227.0">
            <Shape><Polygon POINTS="1330 1218 1504 1205 1614 1205 1741 1211 1833 1224 1925 1229 2193 1234 2347 1241 2569 1243 2567 1432 2338 1430 2189 1423 1914 1418 1805 1411 1732 1400 1614 1394 1518 1394 1344 1407"/></Shape>
	    <String CONTENT=" תרתין ורומה אמין תרתי " HPOS="1330.0" VPOS="1205.0" WIDTH="1239.0" HEIGHT="227.0"><Glyph ID="char_46" CONTENT=" " GC="1.0"><Shape><Polygon POINTS="2517 1243 2515 1432 2553 1432 2555 1243"/></Shape></Glyph><Glyph ID="char_47" CONTENT="ת" GC="1.0"><Shape><Polygon POINTS="2454 1242 2452 1431 2515 1432 2517 1243"/></Shape></Glyph><Glyph ID="char_48" CONTENT="ר" GC="1.0"><Shape><Polygon POINTS="2390 1241 2388 1430 2452 1431 2454 1242"/></Shape></Glyph><Glyph ID="char_49" CONTENT="ת" GC="1.0"><Shape><Polygon POINTS="2331 1240 2323 1429 2388 1430 2390 1241"/></Shape></Glyph><Glyph ID="char_50" CONTENT="י" GC="1.0"><Shape><Polygon POINTS="2280 1238 2272 1427 2323 1429 2331 1240"/></Shape></Glyph><Glyph ID="char_51" CONTENT="ן" GC="1.0"><Shape><Polygon POINTS="2255 1237 2247 1426 2272 1427 2280 1238"/></Shape></Glyph><Glyph ID="char_52" CONTENT=" " GC="1.0"><Shape><Polygon POINTS="2205 1235 2196 1423 2247 1426 2255 1237"/></Shape></Glyph><Glyph ID="char_53" CONTENT="ו" GC="1.0"><Shape><Polygon POINTS="2138 1233 2135 1422 2196 1423 2205 1235"/></Shape></Glyph><Glyph ID="char_54" CONTENT="ר" GC="1.0"><Shape><Polygon POINTS="2074 1232 2071 1421 2135 1422 2138 1233"/></Shape></Glyph><Glyph ID="char_55" CONTENT="ו" GC="1.0"><Shape><Polygon POINTS="2023 1231 2020 1420 2071 1421 2074 1232"/></Shape></Glyph><Glyph ID="char_56" CONTENT="מ" GC="1.0"><Shape><Polygon POINTS="1947 1229 1944 1419 2020 1420 2023 1231"/></Shape></Glyph><Glyph ID="char_57" CONTENT="ה" GC="1.0"><Shape><Polygon POINTS="1889 1227 1878 1416 1944 1419 1947 1229"/></Shape></Glyph><Glyph ID="char_58" CONTENT=" " GC="1.0"><Shape><Polygon POINTS="1838 1224 1827 1412 1878 1416 1889 1227"/></Shape></Glyph><Glyph ID="char_59" CONTENT="א" GC="1.0"><Shape><Polygon POINTS="1773 1215 1745 1402 1827 1412 1838 1224"/></Shape></Glyph><Glyph ID="char_60" CONTENT="מ" GC="1.0"><Shape><Polygon POINTS="1686 1208 1677 1397 1745 1402 1773 1215"/></Shape></Glyph><Glyph ID="char_61" CONTENT="י" GC="1.0"><Shape><Polygon POINTS="1635 1206 1626 1395 1677 1397 1686 1208"/></Shape></Glyph><Glyph ID="char_62" CONTENT="ן" GC="1.0"><Shape><Polygon POINTS="1605 1205 1605 1394 1626 1395 1635 1206"/></Shape></Glyph><Glyph ID="char_63" CONTENT=" " GC="1.0"><Shape><Polygon POINTS="1554 1205 1554 1394 1605 1394 1605 1205"/></Shape></Glyph><Glyph ID="char_64" CONTENT="ת" GC="1.0"><Shape><Polygon POINTS="1494 1206 1508 1395 1554 1394 1554 1205"/></Shape></Glyph><Glyph ID="char_65" CONTENT="ר" GC="1.0"><Shape><Polygon POINTS="1431 1210 1445 1399 1508 1395 1494 1206"/></Shape></Glyph><Glyph ID="char_66" CONTENT="ת" GC="1.0"><Shape><Polygon POINTS="1367 1215 1381 1404 1445 1399 1431 1210"/></Shape></Glyph><Glyph ID="char_67" CONTENT="י" GC="1.0"><Shape><Polygon POINTS="1342 1217 1357 1406 1381 1404 1367 1215"/></Shape></Glyph><Glyph ID="char_68" CONTENT=" " GC="1.0"><Shape><Polygon POINTS="1338 1332 1350 1331"/></Shape></Glyph></String>
          </TextLine>

          
          
          <TextLine ID="eSc_line_1790431" BASELINE="1319 1474 1497 1472 1828 1483 1988 1495 2189 1495 2469 1506 2586 1506" HPOS="1317.0" VPOS="1358.0" WIDTH="1269.0" HEIGHT="223.0">
            <Shape><Polygon POINTS="1317 1360 1495 1358 1831 1369 1996 1381 2189 1381 2473 1392 2586 1392 2586 1581 2466 1581 2189 1570 1982 1570 1825 1558 1497 1547 1319 1549"/></Shape>
	    <String CONTENT=" אמה וכולה דהב טב ד " HPOS="1317.0" VPOS="1358.0" WIDTH="1269.0" HEIGHT="223.0"><Glyph ID="char_69" CONTENT=" " GC="1.0"><Shape><Polygon POINTS="2496 1392 2496 1581 2560 1581 2560 1392"/></Shape></Glyph><Glyph ID="char_70" CONTENT="א" GC="1.0"><Shape><Polygon POINTS="2425 1390 2417 1579 2496 1581 2496 1392"/></Shape></Glyph><Glyph ID="char_71" CONTENT="מ" GC="1.0"><Shape><Polygon POINTS="2349 1387 2341 1576 2417 1579 2425 1390"/></Shape></Glyph><Glyph ID="char_72" CONTENT="ה" GC="1.0"><Shape><Polygon POINTS="2286 1385 2278 1574 2341 1576 2349 1387"/></Shape></Glyph><Glyph ID="char_73" CONTENT=" " GC="1.0"><Shape><Polygon POINTS="2222 1382 2214 1571 2278 1574 2286 1385"/></Shape></Glyph><Glyph ID="char_74" CONTENT="ו" GC="1.0"><Shape><Polygon POINTS="2167 1381 2167 1570 2214 1571 2222 1382"/></Shape></Glyph><Glyph ID="char_75" CONTENT="כ" GC="1.0"><Shape><Polygon POINTS="2116 1381 2116 1570 2167 1570 2167 1381"/></Shape></Glyph><Glyph ID="char_76" CONTENT="ו" GC="1.0"><Shape><Polygon POINTS="2065 1381 2065 1570 2116 1570 2116 1381"/></Shape></Glyph><Glyph ID="char_77" CONTENT="ל" GC="1.0"><Shape><Polygon POINTS="1989 1381 1989 1570 2065 1570 2065 1381"/></Shape></Glyph><Glyph ID="char_78" CONTENT="ה" GC="1.0"><Shape><Polygon POINTS="1935 1377 1921 1565 1989 1570 1989 1381"/></Shape></Glyph><Glyph ID="char_79" CONTENT=" " GC="1.0"><Shape><Polygon POINTS="1871 1372 1857 1560 1921 1565 1935 1377"/></Shape></Glyph><Glyph ID="char_80" CONTENT="ד" GC="1.0"><Shape><Polygon POINTS="1791 1368 1784 1557 1857 1560 1871 1372"/></Shape></Glyph><Glyph ID="char_81" CONTENT="ה" GC="1.0"><Shape><Polygon POINTS="1702 1365 1695 1554 1784 1557 1791 1368"/></Shape></Glyph><Glyph ID="char_82" CONTENT="ב" GC="1.0"><Shape><Polygon POINTS="1639 1363 1632 1552 1695 1554 1702 1365"/></Shape></Glyph><Glyph ID="char_83" CONTENT=" " GC="1.0"><Shape><Polygon POINTS="1601 1361 1594 1550 1632 1552 1639 1363"/></Shape></Glyph><Glyph ID="char_84" CONTENT="ט" GC="1.0"><Shape><Polygon POINTS="1512 1359 1505 1547 1594 1550 1601 1361"/></Shape></Glyph><Glyph ID="char_85" CONTENT="ב" GC="1.0"><Shape><Polygon POINTS="1431 1359 1433 1548 1505 1547 1512 1359"/></Shape></Glyph><Glyph ID="char_86" CONTENT=" " GC="1.0"><Shape><Polygon POINTS="1368 1359 1370 1548 1433 1548 1431 1359"/></Shape></Glyph><Glyph ID="char_87" CONTENT="ד" GC="1.0"><Shape><Polygon POINTS="1330 1360 1332 1549 1370 1548 1368 1359"/></Shape></Glyph><Glyph ID="char_88" CONTENT=" " GC="1.0"><Shape><Polygon POINTS="1318 1474 1330 1473"/></Shape></Glyph></String>
          </TextLine>

          
          
          <TextLine ID="eSc_line_1790432" BASELINE="1321 1790 1445 1797 1722 1817 1894 1819 2300 1835 2489 1831" HPOS="1316.0" VPOS="1676.0" WIDTH="1174.0" HEIGHT="234.0">
            <Shape><Polygon POINTS="1327 1676 1451 1683 1730 1703 1895 1705 2304 1721 2486 1717 2490 1906 2297 1910 1893 1894 1716 1892 1440 1872 1316 1865"/></Shape>
	    <String CONTENT=" " HPOS="1316.0" VPOS="1676.0" WIDTH="1174.0" HEIGHT="234.0"><Glyph ID="char_89" CONTENT=" " GC="1.0"><Shape><Polygon POINTS="1670 1699 1657 1888 2256 1908 2263 1719"/></Shape></Glyph></String>
          </TextLine>

          
          
          <TextLine ID="eSc_line_1790433" BASELINE="1301 1961 1393 1966 1555 1979 1858 1995 2043 1997 2243 2006 2354 2002" HPOS="1296.0" VPOS="1847.0" WIDTH="1060.0" HEIGHT="234.0">
            <Shape><Polygon POINTS="1307 1847 1399 1852 1564 1865 1863 1881 2044 1883 2248 1892 2349 1888 2356 2077 2239 2081 2042 2072 1854 2070 1548 2054 1388 2041 1296 2036"/></Shape>
	    <String CONTENT=" י עמודין סחר מן תרע ל " HPOS="1296.0" VPOS="1847.0" WIDTH="1060.0" HEIGHT="234.0"><Glyph ID="char_90" CONTENT=" " GC="1.0"><Shape><Polygon POINTS="2285 1891 2291 2079 2330 2078 2323 1889"/></Shape></Glyph><Glyph ID="char_91" CONTENT="י" GC="1.0"><Shape><Polygon POINTS="2273 1891 2279 2080 2291 2079 2285 1891"/></Shape></Glyph><Glyph ID="char_92" CONTENT=" " GC="1.0"><Shape><Polygon POINTS="2260 1892 2266 2080 2279 2080 2273 1891"/></Shape></Glyph><Glyph ID="char_93" CONTENT="ע" GC="1.0"><Shape><Polygon POINTS="2244 1892 2235 2081 2266 2080 2260 1892"/></Shape></Glyph><Glyph ID="char_94" CONTENT="מ" GC="1.0"><Shape><Polygon POINTS="2206 1890 2197 2079 2235 2081 2244 1892"/></Shape></Glyph><Glyph ID="char_95" CONTENT="ו" GC="1.0"><Shape><Polygon POINTS="2167 1888 2158 2077 2197 2079 2206 1890"/></Shape></Glyph><Glyph ID="char_96" CONTENT="ד" GC="1.0"><Shape><Polygon POINTS="2142 1887 2133 2076 2158 2077 2167 1888"/></Shape></Glyph><Glyph ID="char_97" CONTENT="י" GC="1.0"><Shape><Polygon POINTS="2104 1886 2095 2074 2133 2076 2142 1887"/></Shape></Glyph><Glyph ID="char_98" CONTENT="ן" GC="1.0"><Shape><Polygon POINTS="2053 1883 2044 2072 2095 2074 2104 1886"/></Shape></Glyph><Glyph ID="char_99" CONTENT=" " GC="1.0"><Shape><Polygon POINTS="1998 1882 1996 2072 2044 2072 2053 1883"/></Shape></Glyph><Glyph ID="char_100" CONTENT="ס" GC="1.0"><Shape><Polygon POINTS="1935 1882 1933 2071 1996 2072 1998 1882"/></Shape></Glyph><Glyph ID="char_101" CONTENT="ח" GC="1.0"><Shape><Polygon POINTS="1864 1881 1854 2070 1933 2071 1935 1882"/></Shape></Glyph><Glyph ID="char_102" CONTENT="ר" GC="1.0"><Shape><Polygon POINTS="1775 1876 1765 2065 1854 2070 1864 1881"/></Shape></Glyph><Glyph ID="char_103" CONTENT=" " GC="1.0"><Shape><Polygon POINTS="1686 1872 1676 2061 1765 2065 1775 1876"/></Shape></Glyph><Glyph ID="char_104" CONTENT="מ" GC="1.0"><Shape><Polygon POINTS="1622 1868 1612 2057 1676 2061 1686 1872"/></Shape></Glyph><Glyph ID="char_105" CONTENT="ן" GC="1.0"><Shape><Polygon POINTS="1549 1864 1534 2053 1612 2057 1622 1868"/></Shape></Glyph><Glyph ID="char_106" CONTENT=" " GC="1.0"><Shape><Polygon POINTS="1500 1860 1484 2049 1534 2053 1549 1864"/></Shape></Glyph><Glyph ID="char_107" CONTENT="ת" GC="1.0"><Shape><Polygon POINTS="1461 1857 1446 2046 1484 2049 1500 1860"/></Shape></Glyph><Glyph ID="char_108" CONTENT="ר" GC="1.0"><Shape><Polygon POINTS="1396 1852 1384 2041 1446 2046 1461 1857"/></Shape></Glyph><Glyph ID="char_109" CONTENT="ע" GC="1.0"><Shape><Polygon POINTS="1332 1848 1320 2037 1384 2041 1396 1852"/></Shape></Glyph><Glyph ID="char_110" CONTENT=" " GC="1.0"><Shape><Polygon POINTS="1300 1960 1324 1961"/></Shape></Glyph><Glyph ID="char_111" CONTENT="ל" GC="1.0"><Shape><Polygon POINTS="1300 1960 1300 1960"/></Shape></Glyph><Glyph ID="char_112" CONTENT=" " GC="1.0"><Shape><Polygon POINTS="1300 1960 1300 1960"/></Shape></Glyph></String>
          </TextLine>

          
          
          <TextLine ID="eSc_line_1790434" BASELINE="1673 2158 1869 2169 2238 2168" HPOS="1668.0" VPOS="2044.0" WIDTH="570.0" HEIGHT="200.0">
            <Shape><Polygon POINTS="1679 2044 1875 2055 2237 2054 2238 2243 1864 2244 1668 2233"/></Shape>
	    <String CONTENT=" מן תרע לתרע בשורת " HPOS="1668.0" VPOS="2044.0" WIDTH="570.0" HEIGHT="200.0"><Glyph ID="char_113" CONTENT=" " GC="1.0"><Shape><Polygon POINTS="2184 2054 2185 2243 2224 2243 2223 2054"/></Shape></Glyph><Glyph ID="char_114" CONTENT="מ" GC="1.0"><Shape><Polygon POINTS="2172 2054 2173 2243 2185 2243 2184 2054"/></Shape></Glyph><Glyph ID="char_115" CONTENT="ן" GC="1.0"><Shape><Polygon POINTS="2146 2054 2147 2243 2173 2243 2172 2054"/></Shape></Glyph><Glyph ID="char_116" CONTENT=" " GC="1.0"><Shape><Polygon POINTS="2056 2054 2057 2243 2147 2243 2146 2054"/></Shape></Glyph><Glyph ID="char_117" CONTENT="ת" GC="1.0"><Shape><Polygon POINTS="1966 2055 1967 2244 2057 2243 2056 2054"/></Shape></Glyph><Glyph ID="char_118" CONTENT="ר" GC="1.0"><Shape><Polygon POINTS="1915 2055 1916 2244 1967 2244 1966 2055"/></Shape></Glyph><Glyph ID="char_119" CONTENT="ע" GC="1.0"><Shape><Polygon POINTS="1846 2053 1834 2242 1916 2244 1915 2055"/></Shape></Glyph><Glyph ID="char_120" CONTENT=" " GC="1.0"><Shape><Polygon POINTS="1795 2050 1783 2239 1834 2242 1846 2053"/></Shape></Glyph><Glyph ID="char_121" CONTENT="ל" GC="1.0"><Shape><Polygon POINTS="1782 2050 1770 2239 1783 2239 1795 2050"/></Shape></Glyph><Glyph ID="char_122" CONTENT="ת" GC="1.0"><Shape><Polygon POINTS="1769 2049 1757 2238 1770 2239 1782 2050"/></Shape></Glyph><Glyph ID="char_123" CONTENT="ר" GC="1.0"><Shape><Polygon POINTS="1756 2048 1744 2237 1757 2238 1769 2049"/></Shape></Glyph><Glyph ID="char_124" CONTENT="ע" GC="1.0"><Shape><Polygon POINTS="1743 2048 1731 2237 1744 2237 1756 2048"/></Shape></Glyph><Glyph ID="char_125" CONTENT=" " GC="1.0"><Shape><Polygon POINTS="1731 2047 1719 2236 1731 2237 1743 2048"/></Shape></Glyph><Glyph ID="char_126" CONTENT="ב" GC="1.0"><Shape><Polygon POINTS="1718 2046 1706 2235 1719 2236 1731 2047"/></Shape></Glyph><Glyph ID="char_127" CONTENT="ש" GC="1.0"><Shape><Polygon POINTS="1705 2045 1693 2234 1706 2235 1718 2046"/></Shape></Glyph><Glyph ID="char_128" CONTENT="ו" GC="1.0"><Shape><Polygon POINTS="1692 2045 1680 2234 1693 2234 1705 2045"/></Shape></Glyph><Glyph ID="char_129" CONTENT="ר" GC="1.0"><Shape><Polygon POINTS="1672 2157 1684 2157"/></Shape></Glyph><Glyph ID="char_130" CONTENT="ת" GC="1.0"><Shape><Polygon POINTS="1672 2157 1672 2157"/></Shape></Glyph><Glyph ID="char_131" CONTENT=" " GC="1.0"><Shape><Polygon POINTS="1672 2157 1672 2157"/></Shape></Glyph></String>
          </TextLine>

          
        </TextBlock>
        

        
      </PrintSpace>
    </Page>
  </Layout>
</alto>