<?xml version='1.0' encoding='UTF-8'?>
<alto xmlns:xsi="http://www.w3.org/2001/XMLSchema-instance" xmlns="http://www.loc.gov/standards/alto/ns-v4#" xsi:schemaLocation="http://www.loc.gov/standards/alto/ns-v4# http://www.loc.gov/standards/alto/v4/alto-4-2.xsd">
  <Description>
    <MeasurementUnit>pixel</MeasurementUnit>
    <sourceImageInformation>
      <fileName>p575-Fg001-R-C01-R01-D02052012-T131145-LR924_012_F.jpg</fileName>
      
    </sourceImageInformation>
  </Description>
  
  <Tags>
    <OtherTag ID="BT1443" LABEL="Parchment_or_papyrus" DESCRIPTION="block type Parchment_or_papyrus"/><OtherTag ID="BT2" LABEL="Main" DESCRIPTION="block type Main"/>
    
  </Tags>
  
  <Layout>
    <Page WIDTH="3608" HEIGHT="2706" PHYSICAL_IMG_NR="364" ID="eSc_dummypage_">
      <PrintSpace HPOS="0" VPOS="0" WIDTH="3608" HEIGHT="2706">
        
        <TextBlock HPOS="1183.0" VPOS="1058.0" WIDTH="1698.0" HEIGHT="1015.0" ID="eSc_textblock_5d9a0624" TAGREFS="BT2">
          <Shape><Polygon POINTS="1183 1058 1183 2073 2881 2073 2881 1058"/></Shape>
          
          
          <TextLine ID="eSc_line_1790440" BASELINE="1371 1210 1571 1210 2164 1183 2473 1177 2841 1195" HPOS="1371.0" VPOS="1084.0" WIDTH="1474.0" HEIGHT="188.0">
            <Shape><Polygon POINTS="1371 1117 1571 1117 2159 1090 2471 1084 2845 1102 2837 1256 2474 1238 2166 1244 1571 1272 1371 1272"/></Shape>
	    <String CONTENT=" ה תרעיא די לקובל היכלא ל " HPOS="1371.0" VPOS="1084.0" WIDTH="1474.0" HEIGHT="188.0"><Glyph ID="char_0" CONTENT=" " GC="1.0"><Shape><Polygon POINTS="2789 1099 2782 1253 2824 1255 2831 1101"/></Shape></Glyph><Glyph ID="char_1" CONTENT="ה" GC="1.0"><Shape><Polygon POINTS="2738 1097 2730 1251 2782 1253 2789 1099"/></Shape></Glyph><Glyph ID="char_2" CONTENT=" " GC="1.0"><Shape><Polygon POINTS="2676 1094 2668 1248 2730 1251 2738 1097"/></Shape></Glyph><Glyph ID="char_3" CONTENT="ת" GC="1.0"><Shape><Polygon POINTS="2613 1091 2605 1245 2668 1248 2676 1094"/></Shape></Glyph><Glyph ID="char_4" CONTENT="ר" GC="1.0"><Shape><Polygon POINTS="2551 1088 2543 1241 2605 1245 2613 1091"/></Shape></Glyph><Glyph ID="char_5" CONTENT="ע" GC="1.0"><Shape><Polygon POINTS="2488 1085 2480 1238 2543 1241 2551 1088"/></Shape></Glyph><Glyph ID="char_6" CONTENT="י" GC="1.0"><Shape><Polygon POINTS="2420 1085 2423 1239 2480 1238 2488 1085"/></Shape></Glyph><Glyph ID="char_7" CONTENT="א" GC="1.0"><Shape><Polygon POINTS="2368 1086 2371 1240 2423 1239 2420 1085"/></Shape></Glyph><Glyph ID="char_8" CONTENT=" " GC="1.0"><Shape><Polygon POINTS="2295 1087 2298 1241 2371 1240 2368 1086"/></Shape></Glyph><Glyph ID="char_9" CONTENT="ד" GC="1.0"><Shape><Polygon POINTS="2233 1089 2236 1243 2298 1241 2295 1087"/></Shape></Glyph><Glyph ID="char_10" CONTENT="י" GC="1.0"><Shape><Polygon POINTS="2181 1090 2184 1244 2236 1243 2233 1089"/></Shape></Glyph><Glyph ID="char_11" CONTENT=" " GC="1.0"><Shape><Polygon POINTS="2136 1091 2143 1245 2184 1244 2181 1090"/></Shape></Glyph><Glyph ID="char_12" CONTENT="ל" GC="1.0"><Shape><Polygon POINTS="2073 1094 2080 1248 2143 1245 2136 1091"/></Shape></Glyph><Glyph ID="char_13" CONTENT="ק" GC="1.0"><Shape><Polygon POINTS="2011 1097 2018 1251 2080 1248 2073 1094"/></Shape></Glyph><Glyph ID="char_14" CONTENT="ו" GC="1.0"><Shape><Polygon POINTS="1938 1100 1945 1254 2018 1251 2011 1097"/></Shape></Glyph><Glyph ID="char_15" CONTENT="ב" GC="1.0"><Shape><Polygon POINTS="1865 1103 1872 1258 1945 1254 1938 1100"/></Shape></Glyph><Glyph ID="char_16" CONTENT="ל" GC="1.0"><Shape><Polygon POINTS="1804 1106 1811 1261 1872 1258 1865 1103"/></Shape></Glyph><Glyph ID="char_17" CONTENT=" " GC="1.0"><Shape><Polygon POINTS="1742 1109 1749 1264 1811 1261 1804 1106"/></Shape></Glyph><Glyph ID="char_18" CONTENT="ה" GC="1.0"><Shape><Polygon POINTS="1669 1113 1676 1267 1749 1264 1742 1109"/></Shape></Glyph><Glyph ID="char_19" CONTENT="י" GC="1.0"><Shape><Polygon POINTS="1606 1115 1613 1270 1676 1267 1669 1113"/></Shape></Glyph><Glyph ID="char_20" CONTENT="כ" GC="1.0"><Shape><Polygon POINTS="1558 1117 1558 1272 1613 1270 1606 1115"/></Shape></Glyph><Glyph ID="char_21" CONTENT="ל" GC="1.0"><Shape><Polygon POINTS="1506 1117 1506 1272 1558 1272 1558 1117"/></Shape></Glyph><Glyph ID="char_22" CONTENT="א" GC="1.0"><Shape><Polygon POINTS="1454 1117 1454 1272 1506 1272 1506 1117"/></Shape></Glyph><Glyph ID="char_23" CONTENT=" " GC="1.0"><Shape><Polygon POINTS="1413 1117 1413 1272 1454 1272 1454 1117"/></Shape></Glyph><Glyph ID="char_24" CONTENT="ל" GC="1.0"><Shape><Polygon POINTS="1392 1117 1392 1272 1413 1272 1413 1117"/></Shape></Glyph><Glyph ID="char_25" CONTENT=" " GC="1.0"><Shape><Polygon POINTS="1371 1117 1371 1272 1392 1272 1392 1117"/></Shape></Glyph></String>
          </TextLine>

          
          
          <TextLine ID="eSc_line_1790441" BASELINE="1289 1380 1743 1375 1878 1366 2011 1364 2155 1353 2304 1346 2534 1348 2739 1357" HPOS="1287.0" VPOS="1253.0" WIDTH="1456.0" HEIGHT="188.0">
            <Shape><Polygon POINTS="1287 1287 1741 1282 1871 1273 2009 1271 2147 1260 2299 1253 2534 1255 2743 1264 2736 1418 2533 1409 2306 1407 2159 1414 2011 1425 1882 1427 1743 1436 1289 1441"/></Shape>
	    <String CONTENT=" ביומא שביעיא וביום ראשי ח " HPOS="1287.0" VPOS="1253.0" WIDTH="1456.0" HEIGHT="188.0"><Glyph ID="char_26" CONTENT=" " GC="1.0"><Shape><Polygon POINTS="2700 1262 2693 1416 2724 1417 2731 1263"/></Shape></Glyph><Glyph ID="char_27" CONTENT="ב" GC="1.0"><Shape><Polygon POINTS="2679 1261 2672 1415 2693 1416 2700 1262"/></Shape></Glyph><Glyph ID="char_28" CONTENT="י" GC="1.0"><Shape><Polygon POINTS="2658 1260 2651 1414 2672 1415 2679 1261"/></Shape></Glyph><Glyph ID="char_29" CONTENT="ו" GC="1.0"><Shape><Polygon POINTS="2606 1258 2599 1412 2651 1414 2658 1260"/></Shape></Glyph><Glyph ID="char_30" CONTENT="מ" GC="1.0"><Shape><Polygon POINTS="2555 1256 2548 1410 2599 1412 2606 1258"/></Shape></Glyph><Glyph ID="char_31" CONTENT="א" GC="1.0"><Shape><Polygon POINTS="2500 1255 2499 1409 2548 1410 2555 1256"/></Shape></Glyph><Glyph ID="char_32" CONTENT=" " GC="1.0"><Shape><Polygon POINTS="2448 1254 2447 1408 2499 1409 2500 1255"/></Shape></Glyph><Glyph ID="char_33" CONTENT="ש" GC="1.0"><Shape><Polygon POINTS="2375 1254 2374 1408 2447 1408 2448 1254"/></Shape></Glyph><Glyph ID="char_34" CONTENT="ב" GC="1.0"><Shape><Polygon POINTS="2298 1253 2305 1407 2374 1408 2375 1254"/></Shape></Glyph><Glyph ID="char_35" CONTENT="י" GC="1.0"><Shape><Polygon POINTS="2246 1255 2253 1410 2305 1407 2298 1253"/></Shape></Glyph><Glyph ID="char_36" CONTENT="ע" GC="1.0"><Shape><Polygon POINTS="2194 1258 2201 1412 2253 1410 2246 1255"/></Shape></Glyph><Glyph ID="char_37" CONTENT="י" GC="1.0"><Shape><Polygon POINTS="2129 1261 2141 1415 2201 1412 2194 1258"/></Shape></Glyph><Glyph ID="char_38" CONTENT="א" GC="1.0"><Shape><Polygon POINTS="2057 1267 2069 1421 2141 1415 2129 1261"/></Shape></Glyph><Glyph ID="char_39" CONTENT=" " GC="1.0"><Shape><Polygon POINTS="1990 1271 1993 1425 2069 1421 2057 1267"/></Shape></Glyph><Glyph ID="char_40" CONTENT="ו" GC="1.0"><Shape><Polygon POINTS="1928 1272 1931 1426 1993 1425 1990 1271"/></Shape></Glyph><Glyph ID="char_41" CONTENT="ב" GC="1.0"><Shape><Polygon POINTS="1861 1274 1872 1428 1931 1426 1928 1272"/></Shape></Glyph><Glyph ID="char_42" CONTENT="י" GC="1.0"><Shape><Polygon POINTS="1810 1277 1820 1431 1872 1428 1861 1274"/></Shape></Glyph><Glyph ID="char_43" CONTENT="ו" GC="1.0"><Shape><Polygon POINTS="1748 1282 1758 1435 1820 1431 1810 1277"/></Shape></Glyph><Glyph ID="char_44" CONTENT="ם" GC="1.0"><Shape><Polygon POINTS="1681 1283 1683 1437 1758 1435 1748 1282"/></Shape></Glyph><Glyph ID="char_45" CONTENT=" " GC="1.0"><Shape><Polygon POINTS="1608 1283 1610 1437 1683 1437 1681 1283"/></Shape></Glyph><Glyph ID="char_46" CONTENT="ר" GC="1.0"><Shape><Polygon POINTS="1546 1284 1548 1438 1610 1437 1608 1283"/></Shape></Glyph><Glyph ID="char_47" CONTENT="א" GC="1.0"><Shape><Polygon POINTS="1494 1285 1496 1439 1548 1438 1546 1284"/></Shape></Glyph><Glyph ID="char_48" CONTENT="ש" GC="1.0"><Shape><Polygon POINTS="1432 1285 1434 1439 1496 1439 1494 1285"/></Shape></Glyph><Glyph ID="char_49" CONTENT="י" GC="1.0"><Shape><Polygon POINTS="1380 1286 1382 1440 1434 1439 1432 1285"/></Shape></Glyph><Glyph ID="char_50" CONTENT=" " GC="1.0"><Shape><Polygon POINTS="1339 1286 1341 1440 1382 1440 1380 1286"/></Shape></Glyph><Glyph ID="char_51" CONTENT="ח" GC="1.0"><Shape><Polygon POINTS="1308 1287 1310 1441 1341 1440 1339 1286"/></Shape></Glyph><Glyph ID="char_52" CONTENT=" " GC="1.0"><Shape><Polygon POINTS="1288 1380 1308 1379"/></Shape></Glyph></String>
          </TextLine>

          
          
          <TextLine ID="eSc_line_1790442" BASELINE="1256 1524 1384 1540 1474 1546 1722 1546 1946 1537 2024 1537 2158 1528 2349 1506 2457 1499 2577 1504" HPOS="1248.0" VPOS="1406.0" WIDTH="1332.0" HEIGHT="202.0">
            <Shape><Polygon POINTS="1267 1431 1395 1447 1480 1453 1722 1453 1942 1444 2024 1444 2151 1435 2338 1413 2450 1406 2580 1411 2574 1565 2461 1560 2356 1567 2162 1589 2024 1599 1948 1598 1722 1608 1469 1607 1376 1601 1248 1585"/></Shape>
	    <String CONTENT=" דיש הוא היכלא ויקרא רב " HPOS="1248.0" VPOS="1406.0" WIDTH="1332.0" HEIGHT="202.0"><Glyph ID="char_53" CONTENT=" " GC="1.0"><Shape><Polygon POINTS="2528 1409 2521 1563 2563 1565 2569 1411"/></Shape></Glyph><Glyph ID="char_54" CONTENT="ד" GC="1.0"><Shape><Polygon POINTS="2508 1408 2501 1562 2521 1563 2528 1409"/></Shape></Glyph><Glyph ID="char_55" CONTENT="י" GC="1.0"><Shape><Polygon POINTS="2477 1407 2470 1560 2501 1562 2508 1408"/></Shape></Glyph><Glyph ID="char_56" CONTENT="ש" GC="1.0"><Shape><Polygon POINTS="2404 1409 2414 1563 2470 1560 2477 1407"/></Shape></Glyph><Glyph ID="char_57" CONTENT=" " GC="1.0"><Shape><Polygon POINTS="2337 1413 2355 1567 2414 1563 2404 1409"/></Shape></Glyph><Glyph ID="char_58" CONTENT="ה" GC="1.0"><Shape><Polygon POINTS="2276 1420 2293 1574 2355 1567 2337 1413"/></Shape></Glyph><Glyph ID="char_59" CONTENT="ו" GC="1.0"><Shape><Polygon POINTS="2204 1429 2222 1582 2293 1574 2276 1420"/></Shape></Glyph><Glyph ID="char_60" CONTENT="א" GC="1.0"><Shape><Polygon POINTS="2147 1435 2157 1589 2222 1582 2204 1429"/></Shape></Glyph><Glyph ID="char_61" CONTENT=" " GC="1.0"><Shape><Polygon POINTS="2085 1440 2095 1594 2157 1589 2147 1435"/></Shape></Glyph><Glyph ID="char_62" CONTENT="ה" GC="1.0"><Shape><Polygon POINTS="2019 1444 2019 1599 2095 1594 2085 1440"/></Shape></Glyph><Glyph ID="char_63" CONTENT="י" GC="1.0"><Shape><Polygon POINTS="1947 1444 1947 1598 2019 1599 2019 1444"/></Shape></Glyph><Glyph ID="char_64" CONTENT="כ" GC="1.0"><Shape><Polygon POINTS="1891 1446 1897 1600 1947 1598 1947 1444"/></Shape></Glyph><Glyph ID="char_65" CONTENT="ל" GC="1.0"><Shape><Polygon POINTS="1829 1449 1835 1603 1897 1600 1891 1446"/></Shape></Glyph><Glyph ID="char_66" CONTENT="א" GC="1.0"><Shape><Polygon POINTS="1767 1451 1773 1606 1835 1603 1829 1449"/></Shape></Glyph><Glyph ID="char_67" CONTENT=" " GC="1.0"><Shape><Polygon POINTS="1726 1453 1732 1608 1773 1606 1767 1451"/></Shape></Glyph><Glyph ID="char_68" CONTENT="ו" GC="1.0"><Shape><Polygon POINTS="1678 1453 1678 1608 1732 1608 1726 1453"/></Shape></Glyph><Glyph ID="char_69" CONTENT="י" GC="1.0"><Shape><Polygon POINTS="1616 1453 1616 1608 1678 1608 1678 1453"/></Shape></Glyph><Glyph ID="char_70" CONTENT="ק" GC="1.0"><Shape><Polygon POINTS="1533 1453 1533 1607 1616 1608 1616 1453"/></Shape></Glyph><Glyph ID="char_71" CONTENT="ר" GC="1.0"><Shape><Polygon POINTS="1457 1451 1447 1606 1533 1607 1533 1453"/></Shape></Glyph><Glyph ID="char_72" CONTENT="א" GC="1.0"><Shape><Polygon POINTS="1405 1448 1395 1602 1447 1606 1457 1451"/></Shape></Glyph><Glyph ID="char_73" CONTENT=" " GC="1.0"><Shape><Polygon POINTS="1369 1444 1349 1598 1395 1602 1405 1448"/></Shape></Glyph><Glyph ID="char_74" CONTENT="ר" GC="1.0"><Shape><Polygon POINTS="1329 1439 1308 1593 1349 1598 1369 1444"/></Shape></Glyph><Glyph ID="char_75" CONTENT="ב" GC="1.0"><Shape><Polygon POINTS="1298 1435 1278 1589 1308 1593 1329 1439"/></Shape></Glyph><Glyph ID="char_76" CONTENT=" " GC="1.0"><Shape><Polygon POINTS="1255 1523 1285 1527"/></Shape></Glyph></String>
          </TextLine>

          
          
          <TextLine ID="eSc_line_1790443" BASELINE="1722 1695 1860 1700 2268 1686" HPOS="1719.0" VPOS="1593.0" WIDTH="551.0" HEIGHT="168.0">
            <Shape><Polygon POINTS="1725 1602 1863 1607 2264 1593 2270 1747 1857 1761 1719 1756"/></Shape>
	    <String CONTENT=" לכול עלמין " HPOS="1719.0" VPOS="1593.0" WIDTH="551.0" HEIGHT="168.0"><Glyph ID="char_77" CONTENT=" " GC="1.0"><Shape><Polygon POINTS="2243 1594 2249 1748 2269 1747 2263 1593"/></Shape></Glyph><Glyph ID="char_78" CONTENT="ל" GC="1.0"><Shape><Polygon POINTS="2222 1594 2228 1748 2249 1748 2243 1594"/></Shape></Glyph><Glyph ID="char_79" CONTENT="כ" GC="1.0"><Shape><Polygon POINTS="2180 1596 2186 1750 2228 1748 2222 1594"/></Shape></Glyph><Glyph ID="char_80" CONTENT="ו" GC="1.0"><Shape><Polygon POINTS="2128 1598 2133 1752 2186 1750 2180 1596"/></Shape></Glyph><Glyph ID="char_81" CONTENT="ל" GC="1.0"><Shape><Polygon POINTS="2086 1599 2091 1753 2133 1752 2128 1598"/></Shape></Glyph><Glyph ID="char_82" CONTENT=" " GC="1.0"><Shape><Polygon POINTS="2055 1600 2060 1754 2091 1753 2086 1599"/></Shape></Glyph><Glyph ID="char_83" CONTENT="ע" GC="1.0"><Shape><Polygon POINTS="1992 1603 1997 1756 2060 1754 2055 1600"/></Shape></Glyph><Glyph ID="char_84" CONTENT="ל" GC="1.0"><Shape><Polygon POINTS="1918 1605 1923 1759 1997 1756 1992 1603"/></Shape></Glyph><Glyph ID="char_85" CONTENT="מ" GC="1.0"><Shape><Polygon POINTS="1865 1607 1870 1761 1923 1759 1918 1605"/></Shape></Glyph><Glyph ID="char_86" CONTENT="י" GC="1.0"><Shape><Polygon POINTS="1820 1605 1813 1759 1870 1761 1865 1607"/></Shape></Glyph><Glyph ID="char_87" CONTENT="ן" GC="1.0"><Shape><Polygon POINTS="1778 1604 1771 1758 1813 1759 1820 1605"/></Shape></Glyph><Glyph ID="char_88" CONTENT=" " GC="1.0"><Shape><Polygon POINTS="1721 1694 1773 1696"/></Shape></Glyph></String>
          </TextLine>

          
          
          <TextLine ID="eSc_line_1790446" BASELINE="1249 1808 1292 1808 1323 1815 1357 1831 1395 1837 1429 1851 1477 1860 1537 1860 1625 1853 1729 1851 1930 1835 2286 1828" HPOS="1249.0" VPOS="1715.0" WIDTH="1038.0" HEIGHT="207.0">
            <Shape><Polygon POINTS="1249 1715 1292 1715 1343 1724 1396 1746 1409 1745 1464 1765 1494 1768 1537 1767 1617 1760 1727 1758 1922 1742 2284 1735 2287 1889 1934 1896 1730 1912 1629 1914 1537 1922 1465 1920 1405 1908 1385 1898 1330 1887 1309 1875 1292 1870 1249 1870"/></Shape>
	    <String CONTENT=" שרי למקרא לי בכ " HPOS="1249.0" VPOS="1715.0" WIDTH="1038.0" HEIGHT="207.0"><Glyph ID="char_89" CONTENT=" " GC="1.0"><Shape><Polygon POINTS="2254 1736 2257 1890 2278 1889 2275 1735"/></Shape></Glyph><Glyph ID="char_90" CONTENT="ש" GC="1.0"><Shape><Polygon POINTS="2233 1736 2236 1890 2257 1890 2254 1736"/></Shape></Glyph><Glyph ID="char_91" CONTENT="ר" GC="1.0"><Shape><Polygon POINTS="2212 1736 2215 1890 2236 1890 2233 1736"/></Shape></Glyph><Glyph ID="char_92" CONTENT="י" GC="1.0"><Shape><Polygon POINTS="2119 1738 2122 1892 2215 1890 2212 1736"/></Shape></Glyph><Glyph ID="char_93" CONTENT=" " GC="1.0"><Shape><Polygon POINTS="2026 1740 2029 1894 2122 1892 2119 1738"/></Shape></Glyph><Glyph ID="char_94" CONTENT="ל" GC="1.0"><Shape><Polygon POINTS="1974 1741 1977 1895 2029 1894 2026 1740"/></Shape></Glyph><Glyph ID="char_95" CONTENT="מ" GC="1.0"><Shape><Polygon POINTS="1906 1743 1919 1897 1977 1895 1974 1741"/></Shape></Glyph><Glyph ID="char_96" CONTENT="ק" GC="1.0"><Shape><Polygon POINTS="1824 1750 1836 1904 1919 1897 1906 1743"/></Shape></Glyph><Glyph ID="char_97" CONTENT="ר" GC="1.0"><Shape><Polygon POINTS="1751 1756 1763 1909 1836 1904 1824 1750"/></Shape></Glyph><Glyph ID="char_98" CONTENT="א" GC="1.0"><Shape><Polygon POINTS="1704 1758 1707 1912 1763 1909 1751 1756"/></Shape></Glyph><Glyph ID="char_99" CONTENT=" " GC="1.0"><Shape><Polygon POINTS="1663 1759 1666 1913 1707 1912 1704 1758"/></Shape></Glyph><Glyph ID="char_100" CONTENT="ל" GC="1.0"><Shape><Polygon POINTS="1596 1762 1608 1916 1666 1913 1663 1759"/></Shape></Glyph><Glyph ID="char_101" CONTENT="י" GC="1.0"><Shape><Polygon POINTS="1554 1766 1566 1919 1608 1916 1596 1762"/></Shape></Glyph><Glyph ID="char_102" CONTENT=" " GC="1.0"><Shape><Polygon POINTS="1521 1767 1521 1922 1566 1919 1554 1766"/></Shape></Glyph><Glyph ID="char_103" CONTENT="ב" GC="1.0"><Shape><Polygon POINTS="1479 1766 1479 1920 1521 1922 1521 1767"/></Shape></Glyph><Glyph ID="char_104" CONTENT="כ" GC="1.0"><Shape><Polygon POINTS="1455 1762 1427 1912 1479 1920 1479 1766"/></Shape></Glyph><Glyph ID="char_105" CONTENT=" " GC="1.0"><Shape><Polygon POINTS="1342 1724 1308 1875 1427 1912 1455 1762"/></Shape></Glyph></String>
          </TextLine>

          
          
          <TextLine ID="eSc_line_1790445" BASELINE="1486 1982 1781 1982 2079 1968" HPOS="1486.0" VPOS="1875.0" WIDTH="595.0" HEIGHT="169.0">
            <Shape><Polygon POINTS="1486 1889 1781 1889 2074 1875 2081 2029 1781 2044 1486 2044"/></Shape>
	    <String CONTENT=" מחזא לי כתב כ " HPOS="1486.0" VPOS="1875.0" WIDTH="595.0" HEIGHT="169.0"><Glyph ID="char_106" CONTENT=" " GC="1.0"><Shape><Polygon POINTS="2043 1876 2051 2031 2072 2029 2064 1875"/></Shape></Glyph><Glyph ID="char_107" CONTENT="מ" GC="1.0"><Shape><Polygon POINTS="2022 1877 2030 2032 2051 2031 2043 1876"/></Shape></Glyph><Glyph ID="char_108" CONTENT="ח" GC="1.0"><Shape><Polygon POINTS="1991 1879 1999 2033 2030 2032 2022 1877"/></Shape></Glyph><Glyph ID="char_109" CONTENT="ז" GC="1.0"><Shape><Polygon POINTS="1980 1879 1988 2034 1999 2033 1991 1879"/></Shape></Glyph><Glyph ID="char_110" CONTENT="א" GC="1.0"><Shape><Polygon POINTS="1970 1880 1978 2034 1988 2034 1980 1879"/></Shape></Glyph><Glyph ID="char_111" CONTENT=" " GC="1.0"><Shape><Polygon POINTS="1939 1881 1947 2036 1978 2034 1970 1880"/></Shape></Glyph><Glyph ID="char_112" CONTENT="ל" GC="1.0"><Shape><Polygon POINTS="1898 1883 1905 2038 1947 2036 1939 1881"/></Shape></Glyph><Glyph ID="char_113" CONTENT="י" GC="1.0"><Shape><Polygon POINTS="1857 1885 1864 2040 1905 2038 1898 1883"/></Shape></Glyph><Glyph ID="char_114" CONTENT=" " GC="1.0"><Shape><Polygon POINTS="1815 1887 1822 2042 1864 2040 1857 1885"/></Shape></Glyph><Glyph ID="char_115" CONTENT="כ" GC="1.0"><Shape><Polygon POINTS="1767 1889 1767 2044 1822 2042 1815 1887"/></Shape></Glyph><Glyph ID="char_116" CONTENT="ת" GC="1.0"><Shape><Polygon POINTS="1704 1889 1704 2044 1767 2044 1767 1889"/></Shape></Glyph><Glyph ID="char_117" CONTENT="ב" GC="1.0"><Shape><Polygon POINTS="1652 1889 1652 2044 1704 2044 1704 1889"/></Shape></Glyph><Glyph ID="char_118" CONTENT=" " GC="1.0"><Shape><Polygon POINTS="1600 1889 1600 2044 1652 2044 1652 1889"/></Shape></Glyph><Glyph ID="char_119" CONTENT="כ" GC="1.0"><Shape><Polygon POINTS="1559 1889 1559 2044 1600 2044 1600 1889"/></Shape></Glyph><Glyph ID="char_120" CONTENT=" " GC="1.0"><Shape><Polygon POINTS="1507 1889 1507 2044 1559 2044 1559 1889"/></Shape></Glyph></String>
          </TextLine>

          
        </TextBlock>
        

        
      </PrintSpace>
    </Page>
  </Layout>
</alto>