<?xml version='1.0' encoding='UTF-8'?>
<alto xmlns:xsi="http://www.w3.org/2001/XMLSchema-instance" xmlns="http://www.loc.gov/standards/alto/ns-v4#" xsi:schemaLocation="http://www.loc.gov/standards/alto/ns-v4# http://www.loc.gov/standards/alto/v4/alto-4-2.xsd">
  <Description>
    <MeasurementUnit>pixel</MeasurementUnit>
    <sourceImageInformation>
      <fileName>P578-Fg002-R-C01-R01-D06052012-T153223-LR924_012_F.jpg</fileName>
      
    </sourceImageInformation>
  </Description>
  
  <Tags>
    <OtherTag ID="BT1443" LABEL="Parchment_or_papyrus" DESCRIPTION="block type Parchment_or_papyrus"/><OtherTag ID="BT2" LABEL="Main" DESCRIPTION="block type Main"/>
    
  </Tags>
  
  <Layout>
    <Page WIDTH="3608" HEIGHT="2706" PHYSICAL_IMG_NR="3" ID="eSc_dummypage_">
      <PrintSpace HPOS="0" VPOS="0" WIDTH="3608" HEIGHT="2706">
        
        <TextBlock HPOS="1162.0" VPOS="1133.0" WIDTH="1182.0" HEIGHT="666.0" ID="eSc_textblock_d31853b8" TAGREFS="BT2">
          <Shape><Polygon POINTS="1162 1133 1162 1778 2134 1799 2344 1133"/></Shape>
          
          
          <TextLine ID="eSc_line_1790451" BASELINE="1298 1222 1569 1222 1731 1213 1871 1210 2223 1192 2333 1199" HPOS="1298.0" VPOS="1099.0" WIDTH="1040.0" HEIGHT="184.0">
            <Shape><Polygon POINTS="1298 1129 1569 1129 1725 1120 1869 1117 2218 1099 2338 1106 2329 1260 2226 1253 1872 1271 1734 1274 1569 1283 1298 1283"/></Shape>
	    <String CONTENT=" טב כולה ארבע רגלו " HPOS="1298.0" VPOS="1099.0" WIDTH="1040.0" HEIGHT="184.0"><Glyph ID="char_0" CONTENT=" " GC="1.0"><Shape><Polygon POINTS="2275 1102 2265 1256 2296 1258 2306 1104"/></Shape></Glyph><Glyph ID="char_1" CONTENT="ט" GC="1.0"><Shape><Polygon POINTS="2234 1100 2224 1253 2265 1256 2275 1102"/></Shape></Glyph><Glyph ID="char_2" CONTENT="ב" GC="1.0"><Shape><Polygon POINTS="2152 1102 2159 1256 2224 1253 2234 1100"/></Shape></Glyph><Glyph ID="char_3" CONTENT=" " GC="1.0"><Shape><Polygon POINTS="2089 1106 2097 1260 2159 1256 2152 1102"/></Shape></Glyph><Glyph ID="char_4" CONTENT="כ" GC="1.0"><Shape><Polygon POINTS="2027 1109 2035 1263 2097 1260 2089 1106"/></Shape></Glyph><Glyph ID="char_5" CONTENT="ו" GC="1.0"><Shape><Polygon POINTS="1976 1111 1984 1265 2035 1263 2027 1109"/></Shape></Glyph><Glyph ID="char_6" CONTENT="ל" GC="1.0"><Shape><Polygon POINTS="1893 1116 1901 1270 1984 1265 1976 1111"/></Shape></Glyph><Glyph ID="char_7" CONTENT="ה" GC="1.0"><Shape><Polygon POINTS="1824 1118 1827 1272 1901 1270 1893 1116"/></Shape></Glyph><Glyph ID="char_8" CONTENT=" " GC="1.0"><Shape><Polygon POINTS="1761 1119 1764 1273 1827 1272 1824 1118"/></Shape></Glyph><Glyph ID="char_9" CONTENT="א" GC="1.0"><Shape><Polygon POINTS="1696 1122 1704 1276 1764 1273 1761 1119"/></Shape></Glyph><Glyph ID="char_10" CONTENT="ר" GC="1.0"><Shape><Polygon POINTS="1624 1126 1632 1280 1704 1276 1696 1122"/></Shape></Glyph><Glyph ID="char_11" CONTENT="ב" GC="1.0"><Shape><Polygon POINTS="1557 1129 1557 1283 1632 1280 1624 1126"/></Shape></Glyph><Glyph ID="char_12" CONTENT="ע" GC="1.0"><Shape><Polygon POINTS="1495 1129 1495 1283 1557 1283 1557 1129"/></Shape></Glyph><Glyph ID="char_13" CONTENT=" " GC="1.0"><Shape><Polygon POINTS="1453 1129 1453 1283 1495 1283 1495 1129"/></Shape></Glyph><Glyph ID="char_14" CONTENT="ר" GC="1.0"><Shape><Polygon POINTS="1412 1129 1412 1283 1453 1283 1453 1129"/></Shape></Glyph><Glyph ID="char_15" CONTENT="ג" GC="1.0"><Shape><Polygon POINTS="1360 1129 1360 1283 1412 1283 1412 1129"/></Shape></Glyph><Glyph ID="char_16" CONTENT="ל" GC="1.0"><Shape><Polygon POINTS="1329 1129 1329 1283 1360 1283 1360 1129"/></Shape></Glyph><Glyph ID="char_17" CONTENT="ו" GC="1.0"><Shape><Polygon POINTS="1319 1129 1319 1283 1329 1283 1329 1129"/></Shape></Glyph><Glyph ID="char_18" CONTENT=" " GC="1.0"><Shape><Polygon POINTS="1298 1129 1298 1283 1319 1283 1319 1129"/></Shape></Glyph></String>
          </TextLine>

          
          
          <TextLine ID="eSc_line_1790452" BASELINE="1201 1359 1301 1366 1524 1364 1664 1371 1740 1371 1977 1359 2040 1353 2185 1346 2286 1346" HPOS="1196.0" VPOS="1253.0" WIDTH="1090.0" HEIGHT="179.0">
            <Shape><Polygon POINTS="1207 1266 1307 1273 1523 1271 1668 1278 1740 1278 1972 1266 2031 1261 2180 1253 2286 1253 2286 1407 2187 1407 2045 1414 1980 1420 1740 1432 1660 1432 1524 1425 1296 1427 1196 1420"/></Shape>
	    <String CONTENT=" ותיה אמה ותרתי עש " HPOS="1196.0" VPOS="1253.0" WIDTH="1090.0" HEIGHT="179.0"><Glyph ID="char_19" CONTENT=" " GC="1.0"><Shape><Polygon POINTS="2241 1253 2241 1407 2261 1407 2261 1253"/></Shape></Glyph><Glyph ID="char_20" CONTENT="ו" GC="1.0"><Shape><Polygon POINTS="2199 1253 2199 1407 2241 1407 2241 1253"/></Shape></Glyph><Glyph ID="char_21" CONTENT="ת" GC="1.0"><Shape><Polygon POINTS="2132 1256 2140 1409 2199 1407 2199 1253"/></Shape></Glyph><Glyph ID="char_22" CONTENT="י" GC="1.0"><Shape><Polygon POINTS="2059 1259 2067 1413 2140 1409 2132 1256"/></Shape></Glyph><Glyph ID="char_23" CONTENT="ה" GC="1.0"><Shape><Polygon POINTS="2003 1263 2018 1417 2067 1413 2059 1259"/></Shape></Glyph><Glyph ID="char_24" CONTENT=" " GC="1.0"><Shape><Polygon POINTS="1956 1267 1963 1421 2018 1417 2003 1263"/></Shape></Glyph><Glyph ID="char_25" CONTENT="א" GC="1.0"><Shape><Polygon POINTS="1893 1270 1900 1424 1963 1421 1956 1267"/></Shape></Glyph><Glyph ID="char_26" CONTENT="מ" GC="1.0"><Shape><Polygon POINTS="1810 1274 1817 1428 1900 1424 1893 1270"/></Shape></Glyph><Glyph ID="char_27" CONTENT="ה" GC="1.0"><Shape><Polygon POINTS="1731 1278 1731 1432 1817 1428 1810 1274"/></Shape></Glyph><Glyph ID="char_28" CONTENT=" " GC="1.0"><Shape><Polygon POINTS="1663 1278 1655 1432 1731 1432 1731 1278"/></Shape></Glyph><Glyph ID="char_29" CONTENT="ו" GC="1.0"><Shape><Polygon POINTS="1590 1274 1583 1428 1655 1432 1663 1278"/></Shape></Glyph><Glyph ID="char_30" CONTENT="ת" GC="1.0"><Shape><Polygon POINTS="1522 1271 1523 1425 1583 1428 1590 1274"/></Shape></Glyph><Glyph ID="char_31" CONTENT="ר" GC="1.0"><Shape><Polygon POINTS="1449 1272 1450 1426 1523 1425 1522 1271"/></Shape></Glyph><Glyph ID="char_32" CONTENT="ת" GC="1.0"><Shape><Polygon POINTS="1397 1272 1398 1426 1450 1426 1449 1272"/></Shape></Glyph><Glyph ID="char_33" CONTENT="י" GC="1.0"><Shape><Polygon POINTS="1355 1273 1356 1426 1398 1426 1397 1272"/></Shape></Glyph><Glyph ID="char_34" CONTENT=" " GC="1.0"><Shape><Polygon POINTS="1324 1273 1325 1427 1356 1426 1355 1273"/></Shape></Glyph><Glyph ID="char_35" CONTENT="ע" GC="1.0"><Shape><Polygon POINTS="1290 1272 1278 1426 1325 1427 1324 1273"/></Shape></Glyph><Glyph ID="char_36" CONTENT="ש" GC="1.0"><Shape><Polygon POINTS="1249 1269 1237 1423 1278 1426 1290 1272"/></Shape></Glyph><Glyph ID="char_37" CONTENT=" " GC="1.0"><Shape><Polygon POINTS="1218 1267 1206 1421 1237 1423 1249 1269"/></Shape></Glyph></String>
          </TextLine>

          
          
          <TextLine ID="eSc_line_1790453" BASELINE="1170 1522 1330 1533 1758 1537 1957 1528 2034 1528 2243 1515" HPOS="1165.0" VPOS="1422.0" WIDTH="1081.0" HEIGHT="176.0">
            <Shape><Polygon POINTS="1176 1429 1336 1440 1758 1444 1952 1435 2034 1435 2237 1422 2246 1576 2034 1589 1959 1589 1757 1598 1325 1594 1165 1583"/></Shape>
	    <String CONTENT=" רא ועלוי לחמא שויו " HPOS="1165.0" VPOS="1422.0" WIDTH="1081.0" HEIGHT="176.0"><Glyph ID="char_38" CONTENT=" " GC="1.0"><Shape><Polygon POINTS="2152 1427 2162 1581 2215 1578 2205 1424"/></Shape></Glyph><Glyph ID="char_39" CONTENT="ר" GC="1.0"><Shape><Polygon POINTS="2111 1430 2121 1584 2162 1581 2152 1427"/></Shape></Glyph><Glyph ID="char_40" CONTENT="א" GC="1.0"><Shape><Polygon POINTS="2049 1434 2058 1588 2121 1584 2111 1430"/></Shape></Glyph><Glyph ID="char_41" CONTENT=" " GC="1.0"><Shape><Polygon POINTS="2013 1435 2013 1589 2058 1588 2049 1434"/></Shape></Glyph><Glyph ID="char_42" CONTENT="ו" GC="1.0"><Shape><Polygon POINTS="1960 1435 1960 1589 2013 1589 2013 1435"/></Shape></Glyph><Glyph ID="char_43" CONTENT="ע" GC="1.0"><Shape><Polygon POINTS="1904 1437 1911 1591 1960 1589 1960 1435"/></Shape></Glyph><Glyph ID="char_44" CONTENT="ל" GC="1.0"><Shape><Polygon POINTS="1842 1440 1849 1594 1911 1591 1904 1437"/></Shape></Glyph><Glyph ID="char_45" CONTENT="ו" GC="1.0"><Shape><Polygon POINTS="1790 1443 1797 1596 1849 1594 1842 1440"/></Shape></Glyph><Glyph ID="char_46" CONTENT="י" GC="1.0"><Shape><Polygon POINTS="1753 1444 1752 1598 1797 1596 1790 1443"/></Shape></Glyph><Glyph ID="char_47" CONTENT=" " GC="1.0"><Shape><Polygon POINTS="1711 1444 1710 1598 1752 1598 1753 1444"/></Shape></Glyph><Glyph ID="char_48" CONTENT="ל" GC="1.0"><Shape><Polygon POINTS="1649 1443 1648 1597 1710 1598 1711 1444"/></Shape></Glyph><Glyph ID="char_49" CONTENT="ח" GC="1.0"><Shape><Polygon POINTS="1576 1442 1575 1596 1648 1597 1649 1443"/></Shape></Glyph><Glyph ID="char_50" CONTENT="מ" GC="1.0"><Shape><Polygon POINTS="1503 1442 1502 1596 1575 1596 1576 1442"/></Shape></Glyph><Glyph ID="char_51" CONTENT="א" GC="1.0"><Shape><Polygon POINTS="1451 1441 1450 1595 1502 1596 1503 1442"/></Shape></Glyph><Glyph ID="char_52" CONTENT=" " GC="1.0"><Shape><Polygon POINTS="1409 1441 1408 1595 1450 1595 1451 1441"/></Shape></Glyph><Glyph ID="char_53" CONTENT="ש" GC="1.0"><Shape><Polygon POINTS="1346 1440 1345 1594 1408 1595 1409 1441"/></Shape></Glyph><Glyph ID="char_54" CONTENT="ו" GC="1.0"><Shape><Polygon POINTS="1301 1438 1289 1592 1345 1594 1346 1440"/></Shape></Glyph><Glyph ID="char_55" CONTENT="י" GC="1.0"><Shape><Polygon POINTS="1270 1435 1258 1589 1289 1592 1301 1438"/></Shape></Glyph><Glyph ID="char_56" CONTENT="ו" GC="1.0"><Shape><Polygon POINTS="1260 1435 1248 1589 1258 1589 1270 1435"/></Shape></Glyph><Glyph ID="char_57" CONTENT=" " GC="1.0"><Shape><Polygon POINTS="1197 1430 1185 1584 1248 1589 1260 1435"/></Shape></Glyph></String>
          </TextLine>

          
          
          <TextLine ID="eSc_line_1790454" BASELINE="1339 1684 1454 1695 1486 1702 1767 1709 1946 1704 2146 1691" HPOS="1333.0" VPOS="1592.0" WIDTH="816.0" HEIGHT="178.0">
            <Shape><Polygon POINTS="1347 1592 1462 1603 1505 1611 1769 1616 1943 1611 2140 1598 2149 1752 1947 1765 1765 1770 1472 1762 1448 1756 1333 1745"/></Shape>
	    <String CONTENT=" פותי תר ורומ " HPOS="1333.0" VPOS="1592.0" WIDTH="816.0" HEIGHT="178.0"><Glyph ID="char_58" CONTENT=" " GC="1.0"><Shape><Polygon POINTS="2046 1604 2056 1758 2128 1753 2118 1599"/></Shape></Glyph><Glyph ID="char_59" CONTENT="פ" GC="1.0"><Shape><Polygon POINTS="1994 1608 2004 1761 2056 1758 2046 1604"/></Shape></Glyph><Glyph ID="char_60" CONTENT="ו" GC="1.0"><Shape><Polygon POINTS="1942 1611 1952 1765 2004 1761 1994 1608"/></Shape></Glyph><Glyph ID="char_61" CONTENT="ת" GC="1.0"><Shape><Polygon POINTS="1884 1613 1888 1767 1952 1765 1942 1611"/></Shape></Glyph><Glyph ID="char_62" CONTENT="י" GC="1.0"><Shape><Polygon POINTS="1842 1614 1846 1768 1888 1767 1884 1613"/></Shape></Glyph><Glyph ID="char_63" CONTENT=" " GC="1.0"><Shape><Polygon POINTS="1801 1615 1805 1769 1846 1768 1842 1614"/></Shape></Glyph><Glyph ID="char_64" CONTENT="ת" GC="1.0"><Shape><Polygon POINTS="1743 1616 1739 1769 1805 1769 1801 1615"/></Shape></Glyph><Glyph ID="char_65" CONTENT="ר" GC="1.0"><Shape><Polygon POINTS="1640 1614 1636 1766 1739 1769 1743 1616"/></Shape></Glyph><Glyph ID="char_66" CONTENT=" " GC="1.0"><Shape><Polygon POINTS="1546 1612 1542 1764 1636 1766 1640 1614"/></Shape></Glyph><Glyph ID="char_67" CONTENT="ו" GC="1.0"><Shape><Polygon POINTS="1505 1611 1501 1763 1542 1764 1546 1612"/></Shape></Glyph><Glyph ID="char_68" CONTENT="ר" GC="1.0"><Shape><Polygon POINTS="1451 1602 1435 1755 1501 1763 1505 1611"/></Shape></Glyph><Glyph ID="char_69" CONTENT="ו" GC="1.0"><Shape><Polygon POINTS="1409 1598 1393 1751 1435 1755 1451 1602"/></Shape></Glyph><Glyph ID="char_70" CONTENT="מ" GC="1.0"><Shape><Polygon POINTS="1378 1595 1362 1748 1393 1751 1409 1598"/></Shape></Glyph><Glyph ID="char_71" CONTENT=" " GC="1.0"><Shape><Polygon POINTS="1338 1683 1368 1686"/></Shape></Glyph></String>
          </TextLine>

          
        </TextBlock>
        

        
      </PrintSpace>
    </Page>
  </Layout>
</alto>