<?xml version='1.0' encoding='UTF-8'?>
<alto xmlns:xsi="http://www.w3.org/2001/XMLSchema-instance" xmlns="http://www.loc.gov/standards/alto/ns-v4#" xsi:schemaLocation="http://www.loc.gov/standards/alto/ns-v4# http://www.loc.gov/standards/alto/v4/alto-4-2.xsd">
  <Description>
    <MeasurementUnit>pixel</MeasurementUnit>
    <sourceImageInformation>
      <fileName>P582-Fg002-R-C01-R01-D07052012-T083917-LR924_012_F.jpg</fileName>
      
    </sourceImageInformation>
  </Description>
  
  <Tags>
    <OtherTag ID="BT1443" LABEL="Parchment_or_papyrus" DESCRIPTION="block type Parchment_or_papyrus"/><OtherTag ID="BT2" LABEL="Main" DESCRIPTION="block type Main"/>
    
  </Tags>
  
  <Layout>
    <Page WIDTH="3608" HEIGHT="2706" PHYSICAL_IMG_NR="209" ID="eSc_dummypage_">
      <PrintSpace HPOS="0" VPOS="0" WIDTH="3608" HEIGHT="2706">
        
        <TextBlock HPOS="692.0" VPOS="896.0" WIDTH="1956.0" HEIGHT="1446.0" ID="eSc_textblock_4be7067b" TAGREFS="BT2">
          <Shape><Polygon POINTS="692 896 713 2229 2648 2342 2643 1063"/></Shape>
          
          
          <TextLine ID="eSc_line_1790489" BASELINE="796 1098 1265 1116 1601 1141 1851 1154 1968 1154 2038 1147 2130 1147 2541 1168" HPOS="793.0" VPOS="995.0" WIDTH="1753.0" HEIGHT="241.0">
            <Shape><Polygon POINTS="799 995 1268 1013 1608 1038 1856 1051 1968 1051 2027 1044 2130 1044 2546 1065 2537 1236 2130 1215 2044 1215 1968 1222 1847 1222 1595 1209 1262 1184 793 1166"/></Shape>
	    <String CONTENT=" ים ומה חידה לכמה וקרי שורששי בינה" HPOS="793.0" VPOS="995.0" WIDTH="1753.0" HEIGHT="241.0"><Glyph ID="char_0" CONTENT=" " GC="1.0"><Shape><Polygon POINTS="2500 1063 2491 1234 2525 1235 2534 1064"/></Shape></Glyph><Glyph ID="char_1" CONTENT="י" GC="1.0"><Shape><Polygon POINTS="2454 1060 2445 1231 2491 1234 2500 1063"/></Shape></Glyph><Glyph ID="char_2" CONTENT="ם" GC="1.0"><Shape><Polygon POINTS="2408 1058 2399 1229 2445 1231 2454 1060"/></Shape></Glyph><Glyph ID="char_3" CONTENT=" " GC="1.0"><Shape><Polygon POINTS="2374 1056 2365 1227 2399 1229 2408 1058"/></Shape></Glyph><Glyph ID="char_4" CONTENT="ו" GC="1.0"><Shape><Polygon POINTS="2328 1054 2319 1225 2365 1227 2374 1056"/></Shape></Glyph><Glyph ID="char_5" CONTENT="מ" GC="1.0"><Shape><Polygon POINTS="2270 1051 2261 1222 2319 1225 2328 1054"/></Shape></Glyph><Glyph ID="char_6" CONTENT="ה" GC="1.0"><Shape><Polygon POINTS="2224 1049 2215 1219 2261 1222 2270 1051"/></Shape></Glyph><Glyph ID="char_7" CONTENT=" " GC="1.0"><Shape><Polygon POINTS="2155 1045 2147 1216 2215 1219 2224 1049"/></Shape></Glyph><Glyph ID="char_8" CONTENT="ח" GC="1.0"><Shape><Polygon POINTS="2070 1044 2070 1215 2147 1216 2155 1045"/></Shape></Glyph><Glyph ID="char_9" CONTENT="י" GC="1.0"><Shape><Polygon POINTS="2014 1046 2031 1216 2070 1215 2070 1044"/></Shape></Glyph><Glyph ID="char_10" CONTENT="ד" GC="1.0"><Shape><Polygon POINTS="1966 1051 1966 1222 2031 1216 2014 1046"/></Shape></Glyph><Glyph ID="char_11" CONTENT="ה" GC="1.0"><Shape><Polygon POINTS="1920 1051 1920 1222 1966 1222 1966 1051"/></Shape></Glyph><Glyph ID="char_12" CONTENT=" " GC="1.0"><Shape><Polygon POINTS="1897 1051 1897 1222 1920 1222 1920 1051"/></Shape></Glyph><Glyph ID="char_13" CONTENT="ל" GC="1.0"><Shape><Polygon POINTS="1863 1051 1863 1222 1897 1222 1897 1051"/></Shape></Glyph><Glyph ID="char_14" CONTENT="כ" GC="1.0"><Shape><Polygon POINTS="1823 1049 1814 1220 1863 1222 1863 1051"/></Shape></Glyph><Glyph ID="char_15" CONTENT="מ" GC="1.0"><Shape><Polygon POINTS="1765 1046 1756 1217 1814 1220 1823 1049"/></Shape></Glyph><Glyph ID="char_16" CONTENT="ה" GC="1.0"><Shape><Polygon POINTS="1719 1044 1710 1215 1756 1217 1765 1046"/></Shape></Glyph><Glyph ID="char_17" CONTENT=" " GC="1.0"><Shape><Polygon POINTS="1685 1042 1676 1213 1710 1215 1719 1044"/></Shape></Glyph><Glyph ID="char_18" CONTENT="ו" GC="1.0"><Shape><Polygon POINTS="1650 1040 1641 1211 1676 1213 1685 1042"/></Shape></Glyph><Glyph ID="char_19" CONTENT="ק" GC="1.0"><Shape><Polygon POINTS="1616 1038 1607 1210 1641 1211 1650 1040"/></Shape></Glyph><Glyph ID="char_20" CONTENT="ר" GC="1.0"><Shape><Polygon POINTS="1550 1034 1537 1205 1607 1210 1616 1038"/></Shape></Glyph><Glyph ID="char_21" CONTENT="י" GC="1.0"><Shape><Polygon POINTS="1469 1028 1456 1199 1537 1205 1550 1034"/></Shape></Glyph><Glyph ID="char_22" CONTENT=" " GC="1.0"><Shape><Polygon POINTS="1412 1024 1399 1194 1456 1199 1469 1028"/></Shape></Glyph><Glyph ID="char_23" CONTENT="ש" GC="1.0"><Shape><Polygon POINTS="1354 1019 1341 1190 1399 1194 1412 1024"/></Shape></Glyph><Glyph ID="char_24" CONTENT="ו" GC="1.0"><Shape><Polygon POINTS="1297 1015 1284 1186 1341 1190 1354 1019"/></Shape></Glyph><Glyph ID="char_25" CONTENT="ר" GC="1.0"><Shape><Polygon POINTS="1213 1011 1206 1182 1284 1186 1297 1015"/></Shape></Glyph><Glyph ID="char_26" CONTENT="ש" GC="1.0"><Shape><Polygon POINTS="1144 1008 1137 1179 1206 1182 1213 1011"/></Shape></Glyph><Glyph ID="char_27" CONTENT="ש" GC="1.0"><Shape><Polygon POINTS="1110 1007 1103 1178 1137 1179 1144 1008"/></Shape></Glyph><Glyph ID="char_28" CONTENT="י" GC="1.0"><Shape><Polygon POINTS="1064 1005 1057 1176 1103 1178 1110 1007"/></Shape></Glyph><Glyph ID="char_29" CONTENT=" " GC="1.0"><Shape><Polygon POINTS="1018 1003 1011 1174 1057 1176 1064 1005"/></Shape></Glyph><Glyph ID="char_30" CONTENT="ב" GC="1.0"><Shape><Polygon POINTS="972 1002 965 1173 1011 1174 1018 1003"/></Shape></Glyph><Glyph ID="char_31" CONTENT="י" GC="1.0"><Shape><Polygon POINTS="937 1000 930 1171 965 1173 972 1002"/></Shape></Glyph><Glyph ID="char_32" CONTENT="נ" GC="1.0"><Shape><Polygon POINTS="903 999 896 1170 930 1171 937 1000"/></Shape></Glyph><Glyph ID="char_33" CONTENT="ה" GC="1.0"><Shape><Polygon POINTS="822 996 815 1167 896 1170 903 999"/></Shape></Glyph></String>
          </TextLine>

          
          
          <TextLine ID="eSc_line_1790490" BASELINE="883 1253 1019 1260 1192 1276 1438 1285 1668 1301 1828 1305 2480 1310 2532 1312 2570 1319" HPOS="879.0" VPOS="1150.0" WIDTH="1709.0" HEIGHT="236.0">
            <Shape><Polygon POINTS="888 1150 1024 1157 1201 1173 1441 1182 1675 1198 1830 1202 2480 1207 2535 1209 2588 1218 2557 1386 2529 1380 2479 1378 1826 1373 1663 1369 1435 1353 1185 1344 1015 1328 879 1321"/></Shape>
	    <String CONTENT=" משל מה אדיר לכם והוא למש מה שר " HPOS="879.0" VPOS="1150.0" WIDTH="1709.0" HEIGHT="236.0"><Glyph ID="char_34" CONTENT=" " GC="1.0"><Shape><Polygon POINTS="2560 1213 2529 1380 2550 1385 2581 1217"/></Shape></Glyph><Glyph ID="char_35" CONTENT="מ" GC="1.0"><Shape><Polygon POINTS="2522 1209 2516 1379 2529 1380 2560 1213"/></Shape></Glyph><Glyph ID="char_36" CONTENT="ש" GC="1.0"><Shape><Polygon POINTS="2450 1207 2449 1378 2516 1379 2522 1209"/></Shape></Glyph><Glyph ID="char_37" CONTENT="ל" GC="1.0"><Shape><Polygon POINTS="2392 1206 2391 1377 2449 1378 2450 1207"/></Shape></Glyph><Glyph ID="char_38" CONTENT=" " GC="1.0"><Shape><Polygon POINTS="2357 1206 2356 1377 2391 1377 2392 1206"/></Shape></Glyph><Glyph ID="char_39" CONTENT="מ" GC="1.0"><Shape><Polygon POINTS="2300 1206 2299 1377 2356 1377 2357 1206"/></Shape></Glyph><Glyph ID="char_40" CONTENT="ה" GC="1.0"><Shape><Polygon POINTS="2242 1205 2241 1376 2299 1377 2300 1206"/></Shape></Glyph><Glyph ID="char_41" CONTENT=" " GC="1.0"><Shape><Polygon POINTS="2207 1205 2206 1376 2241 1376 2242 1205"/></Shape></Glyph><Glyph ID="char_42" CONTENT="א" GC="1.0"><Shape><Polygon POINTS="2161 1205 2160 1376 2206 1376 2207 1205"/></Shape></Glyph><Glyph ID="char_43" CONTENT="ד" GC="1.0"><Shape><Polygon POINTS="2115 1204 2114 1375 2160 1376 2161 1205"/></Shape></Glyph><Glyph ID="char_44" CONTENT="י" GC="1.0"><Shape><Polygon POINTS="2081 1204 2080 1375 2114 1375 2115 1204"/></Shape></Glyph><Glyph ID="char_45" CONTENT="ר" GC="1.0"><Shape><Polygon POINTS="2046 1204 2045 1375 2080 1375 2081 1204"/></Shape></Glyph><Glyph ID="char_46" CONTENT=" " GC="1.0"><Shape><Polygon POINTS="2011 1203 2010 1374 2045 1375 2046 1204"/></Shape></Glyph><Glyph ID="char_47" CONTENT="ל" GC="1.0"><Shape><Polygon POINTS="1977 1203 1976 1374 2010 1374 2011 1203"/></Shape></Glyph><Glyph ID="char_48" CONTENT="כ" GC="1.0"><Shape><Polygon POINTS="1919 1203 1918 1374 1976 1374 1977 1203"/></Shape></Glyph><Glyph ID="char_49" CONTENT="ם" GC="1.0"><Shape><Polygon POINTS="1861 1202 1860 1373 1918 1374 1919 1203"/></Shape></Glyph><Glyph ID="char_50" CONTENT=" " GC="1.0"><Shape><Polygon POINTS="1829 1202 1825 1373 1860 1373 1861 1202"/></Shape></Glyph><Glyph ID="char_51" CONTENT="ו" GC="1.0"><Shape><Polygon POINTS="1783 1201 1779 1372 1825 1373 1829 1202"/></Shape></Glyph><Glyph ID="char_52" CONTENT="ה" GC="1.0"><Shape><Polygon POINTS="1737 1200 1733 1371 1779 1372 1783 1201"/></Shape></Glyph><Glyph ID="char_53" CONTENT="ו" GC="1.0"><Shape><Polygon POINTS="1702 1199 1698 1370 1733 1371 1737 1200"/></Shape></Glyph><Glyph ID="char_54" CONTENT="א" GC="1.0"><Shape><Polygon POINTS="1649 1196 1637 1367 1698 1370 1702 1199"/></Shape></Glyph><Glyph ID="char_55" CONTENT=" " GC="1.0"><Shape><Polygon POINTS="1615 1194 1603 1365 1637 1367 1649 1196"/></Shape></Glyph><Glyph ID="char_56" CONTENT="ל" GC="1.0"><Shape><Polygon POINTS="1580 1191 1568 1362 1603 1365 1615 1194"/></Shape></Glyph><Glyph ID="char_57" CONTENT="מ" GC="1.0"><Shape><Polygon POINTS="1534 1188 1522 1359 1568 1362 1580 1191"/></Shape></Glyph><Glyph ID="char_58" CONTENT="ש" GC="1.0"><Shape><Polygon POINTS="1453 1183 1441 1353 1522 1359 1534 1188"/></Shape></Glyph><Glyph ID="char_59" CONTENT=" " GC="1.0"><Shape><Polygon POINTS="1358 1179 1351 1350 1441 1353 1453 1183"/></Shape></Glyph><Glyph ID="char_60" CONTENT="מ" GC="1.0"><Shape><Polygon POINTS="1208 1173 1202 1345 1351 1350 1358 1179"/></Shape></Glyph><Glyph ID="char_61" CONTENT="ה" GC="1.0"><Shape><Polygon POINTS="1099 1164 1083 1334 1202 1345 1208 1173"/></Shape></Glyph><Glyph ID="char_62" CONTENT=" " GC="1.0"><Shape><Polygon POINTS="1064 1161 1048 1331 1083 1334 1099 1164"/></Shape></Glyph><Glyph ID="char_63" CONTENT="ש" GC="1.0"><Shape><Polygon POINTS="992 1155 982 1326 1048 1331 1064 1161"/></Shape></Glyph><Glyph ID="char_64" CONTENT="ר" GC="1.0"><Shape><Polygon POINTS="923 1152 913 1323 982 1326 992 1155"/></Shape></Glyph><Glyph ID="char_65" CONTENT=" " GC="1.0"><Shape><Polygon POINTS="882 1252 916 1254"/></Shape></Glyph></String>
          </TextLine>

          
          
          <TextLine ID="eSc_line_1790491" BASELINE="820 1443 1213 1465 1483 1472 1844 1499 2106 1499 2602 1513" HPOS="816.0" VPOS="1340.0" WIDTH="1788.0" HEIGHT="241.0">
            <Shape><Polygon POINTS="825 1340 1218 1362 1485 1369 1851 1396 2106 1396 2604 1410 2600 1581 2106 1567 1838 1567 1481 1540 1209 1533 816 1511"/></Shape>
	    <String CONTENT=" לוא חוזק וירד בו בשוט בלוא מחיר מיא יא " HPOS="816.0" VPOS="1340.0" WIDTH="1788.0" HEIGHT="241.0"><Glyph ID="char_66" CONTENT=" " GC="1.0"><Shape><Polygon POINTS="2533 1408 2528 1579 2574 1580 2579 1409"/></Shape></Glyph><Glyph ID="char_67" CONTENT="ל" GC="1.0"><Shape><Polygon POINTS="2499 1407 2494 1578 2528 1579 2533 1408"/></Shape></Glyph><Glyph ID="char_68" CONTENT="ו" GC="1.0"><Shape><Polygon POINTS="2464 1406 2459 1577 2494 1578 2499 1407"/></Shape></Glyph><Glyph ID="char_69" CONTENT="א" GC="1.0"><Shape><Polygon POINTS="2418 1405 2413 1576 2459 1577 2464 1406"/></Shape></Glyph><Glyph ID="char_70" CONTENT=" " GC="1.0"><Shape><Polygon POINTS="2372 1403 2367 1574 2413 1576 2418 1405"/></Shape></Glyph><Glyph ID="char_71" CONTENT="ח" GC="1.0"><Shape><Polygon POINTS="2326 1402 2321 1573 2367 1574 2372 1403"/></Shape></Glyph><Glyph ID="char_72" CONTENT="ו" GC="1.0"><Shape><Polygon POINTS="2280 1401 2275 1572 2321 1573 2326 1402"/></Shape></Glyph><Glyph ID="char_73" CONTENT="ז" GC="1.0"><Shape><Polygon POINTS="2234 1400 2229 1570 2275 1572 2280 1401"/></Shape></Glyph><Glyph ID="char_74" CONTENT="ק" GC="1.0"><Shape><Polygon POINTS="2188 1398 2183 1569 2229 1570 2234 1400"/></Shape></Glyph><Glyph ID="char_75" CONTENT=" " GC="1.0"><Shape><Polygon POINTS="2154 1397 2149 1568 2183 1569 2188 1398"/></Shape></Glyph><Glyph ID="char_76" CONTENT="ו" GC="1.0"><Shape><Polygon POINTS="2119 1396 2114 1567 2149 1568 2154 1397"/></Shape></Glyph><Glyph ID="char_77" CONTENT="י" GC="1.0"><Shape><Polygon POINTS="2082 1396 2082 1567 2114 1567 2119 1396"/></Shape></Glyph><Glyph ID="char_78" CONTENT="ר" GC="1.0"><Shape><Polygon POINTS="2024 1396 2024 1567 2082 1567 2082 1396"/></Shape></Glyph><Glyph ID="char_79" CONTENT="ד" GC="1.0"><Shape><Polygon POINTS="1978 1396 1978 1567 2024 1567 2024 1396"/></Shape></Glyph><Glyph ID="char_80" CONTENT=" " GC="1.0"><Shape><Polygon POINTS="1944 1396 1944 1567 1978 1567 1978 1396"/></Shape></Glyph><Glyph ID="char_81" CONTENT="ב" GC="1.0"><Shape><Polygon POINTS="1898 1396 1898 1567 1944 1567 1944 1396"/></Shape></Glyph><Glyph ID="char_82" CONTENT="ו" GC="1.0"><Shape><Polygon POINTS="1875 1396 1875 1567 1898 1567 1898 1396"/></Shape></Glyph><Glyph ID="char_83" CONTENT=" " GC="1.0"><Shape><Polygon POINTS="1848 1396 1835 1567 1875 1567 1875 1396"/></Shape></Glyph><Glyph ID="char_84" CONTENT="ב" GC="1.0"><Shape><Polygon POINTS="1791 1392 1778 1562 1835 1567 1848 1396"/></Shape></Glyph><Glyph ID="char_85" CONTENT="ש" GC="1.0"><Shape><Polygon POINTS="1745 1388 1732 1559 1778 1562 1791 1392"/></Shape></Glyph><Glyph ID="char_86" CONTENT="ו" GC="1.0"><Shape><Polygon POINTS="1676 1383 1664 1554 1732 1559 1745 1388"/></Shape></Glyph><Glyph ID="char_87" CONTENT="ט" GC="1.0"><Shape><Polygon POINTS="1631 1380 1618 1550 1664 1554 1676 1383"/></Shape></Glyph><Glyph ID="char_88" CONTENT=" " GC="1.0"><Shape><Polygon POINTS="1585 1376 1572 1547 1618 1550 1631 1380"/></Shape></Glyph><Glyph ID="char_89" CONTENT="ב" GC="1.0"><Shape><Polygon POINTS="1539 1373 1526 1543 1572 1547 1585 1376"/></Shape></Glyph><Glyph ID="char_90" CONTENT="ל" GC="1.0"><Shape><Polygon POINTS="1493 1370 1480 1540 1526 1543 1539 1373"/></Shape></Glyph><Glyph ID="char_91" CONTENT="ו" GC="1.0"><Shape><Polygon POINTS="1454 1368 1449 1539 1480 1540 1493 1370"/></Shape></Glyph><Glyph ID="char_92" CONTENT="א" GC="1.0"><Shape><Polygon POINTS="1408 1367 1404 1538 1449 1539 1454 1368"/></Shape></Glyph><Glyph ID="char_93" CONTENT=" " GC="1.0"><Shape><Polygon POINTS="1362 1366 1358 1537 1404 1538 1408 1367"/></Shape></Glyph><Glyph ID="char_94" CONTENT="מ" GC="1.0"><Shape><Polygon POINTS="1304 1364 1300 1535 1358 1537 1362 1366"/></Shape></Glyph><Glyph ID="char_95" CONTENT="ח" GC="1.0"><Shape><Polygon POINTS="1258 1363 1254 1534 1300 1535 1304 1364"/></Shape></Glyph><Glyph ID="char_96" CONTENT="י" GC="1.0"><Shape><Polygon POINTS="1215 1362 1205 1533 1254 1534 1258 1363"/></Shape></Glyph><Glyph ID="char_97" CONTENT="ר" GC="1.0"><Shape><Polygon POINTS="1169 1359 1159 1530 1205 1533 1215 1362"/></Shape></Glyph><Glyph ID="char_98" CONTENT=" " GC="1.0"><Shape><Polygon POINTS="1135 1357 1125 1528 1159 1530 1169 1359"/></Shape></Glyph><Glyph ID="char_99" CONTENT="מ" GC="1.0"><Shape><Polygon POINTS="1090 1355 1080 1526 1125 1528 1135 1357"/></Shape></Glyph><Glyph ID="char_100" CONTENT="י" GC="1.0"><Shape><Polygon POINTS="1044 1352 1034 1523 1080 1526 1090 1355"/></Shape></Glyph><Glyph ID="char_101" CONTENT="א" GC="1.0"><Shape><Polygon POINTS="998 1350 988 1521 1034 1523 1044 1352"/></Shape></Glyph><Glyph ID="char_102" CONTENT=" " GC="1.0"><Shape><Polygon POINTS="963 1348 953 1519 988 1521 998 1350"/></Shape></Glyph><Glyph ID="char_103" CONTENT="י" GC="1.0"><Shape><Polygon POINTS="929 1346 919 1517 953 1519 963 1348"/></Shape></Glyph><Glyph ID="char_104" CONTENT="א" GC="1.0"><Shape><Polygon POINTS="883 1343 873 1514 919 1517 929 1346"/></Shape></Glyph><Glyph ID="char_105" CONTENT=" " GC="1.0"><Shape><Polygon POINTS="819 1442 876 1445"/></Shape></Glyph></String>
          </TextLine>

          
          
          <TextLine ID="eSc_line_1790492" BASELINE="816 1621 929 1616 1095 1625 1235 1625 1452 1641 1725 1655 2074 1652 2579 1664" HPOS="811.0" VPOS="1513.0" WIDTH="1770.0" HEIGHT="219.0">
            <Shape><Polygon POINTS="811 1518 924 1513 1100 1522 1235 1522 1459 1538 1730 1552 2073 1549 2581 1561 2577 1732 2074 1720 1721 1723 1446 1709 1235 1693 1091 1693 932 1684 819 1689"/></Shape>
	    <String CONTENT=" ל ל כם דורש פני אור ומא " HPOS="811.0" VPOS="1513.0" WIDTH="1770.0" HEIGHT="219.0"><Glyph ID="char_106" CONTENT=" " GC="1.0"><Shape><Polygon POINTS="2498 1559 2494 1730 2552 1731 2556 1560"/></Shape></Glyph><Glyph ID="char_107" CONTENT="ל" GC="1.0"><Shape><Polygon POINTS="2383 1556 2379 1727 2494 1730 2498 1559"/></Shape></Glyph><Glyph ID="char_108" CONTENT=" " GC="1.0"><Shape><Polygon POINTS="2057 1549 2058 1720 2379 1727 2383 1556"/></Shape></Glyph><Glyph ID="char_109" CONTENT="ל" GC="1.0"><Shape><Polygon POINTS="1758 1552 1759 1723 2058 1720 2057 1549"/></Shape></Glyph><Glyph ID="char_110" CONTENT=" " GC="1.0"><Shape><Polygon POINTS="1649 1548 1640 1719 1759 1723 1758 1552"/></Shape></Glyph><Glyph ID="char_111" CONTENT="כ" GC="1.0"><Shape><Polygon POINTS="1580 1544 1571 1715 1640 1719 1649 1548"/></Shape></Glyph><Glyph ID="char_112" CONTENT="ם" GC="1.0"><Shape><Polygon POINTS="1533 1542 1524 1713 1571 1715 1580 1544"/></Shape></Glyph><Glyph ID="char_113" CONTENT=" " GC="1.0"><Shape><Polygon POINTS="1487 1539 1479 1711 1524 1713 1533 1542"/></Shape></Glyph><Glyph ID="char_114" CONTENT="ד" GC="1.0"><Shape><Polygon POINTS="1444 1537 1431 1708 1479 1711 1487 1539"/></Shape></Glyph><Glyph ID="char_115" CONTENT="ו" GC="1.0"><Shape><Polygon POINTS="1410 1534 1397 1705 1431 1708 1444 1537"/></Shape></Glyph><Glyph ID="char_116" CONTENT="ר" GC="1.0"><Shape><Polygon POINTS="1364 1531 1351 1702 1397 1705 1410 1534"/></Shape></Glyph><Glyph ID="char_117" CONTENT="ש" GC="1.0"><Shape><Polygon POINTS="1306 1527 1293 1697 1351 1702 1364 1531"/></Shape></Glyph><Glyph ID="char_118" CONTENT=" " GC="1.0"><Shape><Polygon POINTS="1260 1524 1248 1694 1293 1697 1306 1527"/></Shape></Glyph><Glyph ID="char_119" CONTENT="פ" GC="1.0"><Shape><Polygon POINTS="1218 1522 1218 1693 1248 1694 1260 1524"/></Shape></Glyph><Glyph ID="char_120" CONTENT="נ" GC="1.0"><Shape><Polygon POINTS="1184 1522 1184 1693 1218 1693 1218 1522"/></Shape></Glyph><Glyph ID="char_121" CONTENT="י" GC="1.0"><Shape><Polygon POINTS="1161 1522 1161 1693 1184 1693 1184 1522"/></Shape></Glyph><Glyph ID="char_122" CONTENT=" " GC="1.0"><Shape><Polygon POINTS="1126 1522 1126 1693 1161 1693 1161 1522"/></Shape></Glyph><Glyph ID="char_123" CONTENT="א" GC="1.0"><Shape><Polygon POINTS="1085 1521 1076 1692 1126 1693 1126 1522"/></Shape></Glyph><Glyph ID="char_124" CONTENT="ו" GC="1.0"><Shape><Polygon POINTS="1027 1518 1018 1689 1076 1692 1085 1521"/></Shape></Glyph><Glyph ID="char_125" CONTENT="ר" GC="1.0"><Shape><Polygon POINTS="993 1517 984 1687 1018 1689 1027 1518"/></Shape></Glyph><Glyph ID="char_126" CONTENT=" " GC="1.0"><Shape><Polygon POINTS="958 1515 949 1685 984 1687 993 1517"/></Shape></Glyph><Glyph ID="char_127" CONTENT="ו" GC="1.0"><Shape><Polygon POINTS="914 1513 922 1684 949 1685 958 1515"/></Shape></Glyph><Glyph ID="char_128" CONTENT="מ" GC="1.0"><Shape><Polygon POINTS="856 1516 864 1687 922 1684 914 1513"/></Shape></Glyph><Glyph ID="char_129" CONTENT="א" GC="1.0"><Shape><Polygon POINTS="822 1517 830 1689 864 1687 856 1516"/></Shape></Glyph><Glyph ID="char_130" CONTENT=" " GC="1.0"><Shape><Polygon POINTS="815 1621 826 1620"/></Shape></Glyph></String>
          </TextLine>

          
          
          <TextLine ID="eSc_line_1790494" BASELINE="845 1794 1053 1792 1420 1817 1686 1813" HPOS="844.0" VPOS="1689.0" WIDTH="843.0" HEIGHT="196.0">
            <Shape><Polygon POINTS="844 1691 1052 1689 1426 1714 1684 1710 1687 1881 1415 1885 1053 1860 845 1862"/></Shape>
	    <String CONTENT=" תבנית זכר ללוא הי " HPOS="844.0" VPOS="1689.0" WIDTH="843.0" HEIGHT="196.0"><Glyph ID="char_131" CONTENT=" " GC="1.0"><Shape><Polygon POINTS="1584 1712 1586 1882 1656 1881 1654 1710"/></Shape></Glyph><Glyph ID="char_132" CONTENT="ת" GC="1.0"><Shape><Polygon POINTS="1503 1713 1505 1884 1586 1882 1584 1712"/></Shape></Glyph><Glyph ID="char_133" CONTENT="ב" GC="1.0"><Shape><Polygon POINTS="1457 1714 1459 1884 1505 1884 1503 1713"/></Shape></Glyph><Glyph ID="char_134" CONTENT="נ" GC="1.0"><Shape><Polygon POINTS="1433 1714 1435 1885 1459 1884 1457 1714"/></Shape></Glyph><Glyph ID="char_135" CONTENT="י" GC="1.0"><Shape><Polygon POINTS="1395 1712 1384 1883 1435 1885 1433 1714"/></Shape></Glyph><Glyph ID="char_136" CONTENT="ת" GC="1.0"><Shape><Polygon POINTS="1360 1710 1349 1880 1384 1883 1395 1712"/></Shape></Glyph><Glyph ID="char_137" CONTENT=" " GC="1.0"><Shape><Polygon POINTS="1325 1707 1314 1878 1349 1880 1360 1710"/></Shape></Glyph><Glyph ID="char_138" CONTENT="ז" GC="1.0"><Shape><Polygon POINTS="1279 1704 1268 1875 1314 1878 1325 1707"/></Shape></Glyph><Glyph ID="char_139" CONTENT="כ" GC="1.0"><Shape><Polygon POINTS="1245 1702 1233 1872 1268 1875 1279 1704"/></Shape></Glyph><Glyph ID="char_140" CONTENT="ר" GC="1.0"><Shape><Polygon POINTS="1199 1699 1187 1869 1233 1872 1245 1702"/></Shape></Glyph><Glyph ID="char_141" CONTENT=" " GC="1.0"><Shape><Polygon POINTS="1164 1696 1152 1867 1187 1869 1199 1699"/></Shape></Glyph><Glyph ID="char_142" CONTENT="ל" GC="1.0"><Shape><Polygon POINTS="1118 1693 1106 1864 1152 1867 1164 1696"/></Shape></Glyph><Glyph ID="char_143" CONTENT="ל" GC="1.0"><Shape><Polygon POINTS="1071 1690 1059 1860 1106 1864 1118 1693"/></Shape></Glyph><Glyph ID="char_144" CONTENT="ו" GC="1.0"><Shape><Polygon POINTS="1029 1689 1031 1860 1059 1860 1071 1690"/></Shape></Glyph><Glyph ID="char_145" CONTENT="א" GC="1.0"><Shape><Polygon POINTS="982 1690 984 1861 1031 1860 1029 1689"/></Shape></Glyph><Glyph ID="char_146" CONTENT=" " GC="1.0"><Shape><Polygon POINTS="948 1690 950 1861 984 1861 982 1690"/></Shape></Glyph><Glyph ID="char_147" CONTENT="ה" GC="1.0"><Shape><Polygon POINTS="901 1690 903 1861 950 1861 948 1690"/></Shape></Glyph><Glyph ID="char_148" CONTENT="י" GC="1.0"><Shape><Polygon POINTS="866 1691 868 1862 903 1861 901 1690"/></Shape></Glyph><Glyph ID="char_149" CONTENT=" " GC="1.0"><Shape><Polygon POINTS="844 1794 866 1793"/></Shape></Glyph></String>
          </TextLine>

          
          
          <TextLine ID="eSc_line_1790493" BASELINE="859 1977 1089 1977 1210 1982" HPOS="859.0" VPOS="1874.0" WIDTH="355.0" HEIGHT="176.0">
            <Shape><Polygon POINTS="859 1874 1089 1874 1214 1879 1207 2050 1089 2045 859 2045"/></Shape>
	    <String CONTENT=" במלאכי " HPOS="859.0" VPOS="1874.0" WIDTH="355.0" HEIGHT="176.0"><Glyph ID="char_150" CONTENT=" " GC="1.0"><Shape><Polygon POINTS="1144 1876 1137 2047 1183 2049 1190 1878"/></Shape></Glyph><Glyph ID="char_151" CONTENT="ב" GC="1.0"><Shape><Polygon POINTS="1109 1875 1102 2046 1137 2047 1144 1876"/></Shape></Glyph><Glyph ID="char_152" CONTENT="מ" GC="1.0"><Shape><Polygon POINTS="1058 1874 1058 2045 1102 2046 1109 1875"/></Shape></Glyph><Glyph ID="char_153" CONTENT="ל" GC="1.0"><Shape><Polygon POINTS="1011 1874 1011 2045 1058 2045 1058 1874"/></Shape></Glyph><Glyph ID="char_154" CONTENT="א" GC="1.0"><Shape><Polygon POINTS="964 1874 964 2045 1011 2045 1011 1874"/></Shape></Glyph><Glyph ID="char_155" CONTENT="כ" GC="1.0"><Shape><Polygon POINTS="918 1874 918 2045 964 2045 964 1874"/></Shape></Glyph><Glyph ID="char_156" CONTENT="י" GC="1.0"><Shape><Polygon POINTS="894 1874 894 2045 918 2045 918 1874"/></Shape></Glyph><Glyph ID="char_157" CONTENT=" " GC="1.0"><Shape><Polygon POINTS="859 1874 859 2045 894 2045 894 1874"/></Shape></Glyph></String>
          </TextLine>

          
          
          <TextLine ID="eSc_line_1790495" BASELINE="926 2162 1177 2180 1276 2176" HPOS="921.0" VPOS="2059.0" WIDTH="357.0" HEIGHT="189.0">
            <Shape><Polygon POINTS="933 2059 1184 2077 1271 2073 1278 2244 1172 2248 921 2230"/></Shape>
	    <String CONTENT=" הללים " HPOS="921.0" VPOS="2059.0" WIDTH="357.0" HEIGHT="189.0"><Glyph ID="char_158" CONTENT=" " GC="1.0"><Shape><Polygon POINTS="1214 2076 1221 2246 1268 2244 1261 2073"/></Shape></Glyph><Glyph ID="char_159" CONTENT="ה" GC="1.0"><Shape><Polygon POINTS="1168 2076 1155 2247 1221 2246 1214 2076"/></Shape></Glyph><Glyph ID="char_160" CONTENT="ל" GC="1.0"><Shape><Polygon POINTS="1121 2072 1108 2243 1155 2247 1168 2076"/></Shape></Glyph><Glyph ID="char_161" CONTENT="ל" GC="1.0"><Shape><Polygon POINTS="1085 2070 1072 2241 1108 2243 1121 2072"/></Shape></Glyph><Glyph ID="char_162" CONTENT="י" GC="1.0"><Shape><Polygon POINTS="1050 2067 1038 2238 1072 2241 1085 2070"/></Shape></Glyph><Glyph ID="char_163" CONTENT="ם" GC="1.0"><Shape><Polygon POINTS="992 2063 979 2234 1038 2238 1050 2067"/></Shape></Glyph><Glyph ID="char_164" CONTENT=" " GC="1.0"><Shape><Polygon POINTS="934 2059 924 2192 979 2234 992 2063"/></Shape></Glyph></String>
          </TextLine>

          
        </TextBlock>
        

        
      </PrintSpace>
    </Page>
  </Layout>
</alto>