<?xml version='1.0' encoding='UTF-8'?>
<alto xmlns:xsi="http://www.w3.org/2001/XMLSchema-instance" xmlns="http://www.loc.gov/standards/alto/ns-v4#" xsi:schemaLocation="http://www.loc.gov/standards/alto/ns-v4# http://www.loc.gov/standards/alto/v4/alto-4-2.xsd">
  <Description>
    <MeasurementUnit>pixel</MeasurementUnit>
    <sourceImageInformation>
      <fileName>P582-Fg001-R-C01-R01-D07052012-T082654-LR924_012_F.jpg</fileName>
      
    </sourceImageInformation>
  </Description>
  
  <Tags>
    <OtherTag ID="BT1443" LABEL="Parchment_or_papyrus" DESCRIPTION="block type Parchment_or_papyrus"/><OtherTag ID="BT2" LABEL="Main" DESCRIPTION="block type Main"/>
    
  </Tags>
  
  <Layout>
    <Page WIDTH="3608" HEIGHT="2706" PHYSICAL_IMG_NR="154" ID="eSc_dummypage_">
      <PrintSpace HPOS="0" VPOS="0" WIDTH="3608" HEIGHT="2706">
        
        <TextBlock HPOS="848.0" VPOS="1181.0" WIDTH="1822.0" HEIGHT="736.0" ID="eSc_textblock_499ef297" TAGREFS="BT2">
          <Shape><Polygon POINTS="848 1181 848 1917 2670 1917 2670 1181"/></Shape>
          
          
          <TextLine ID="eSc_line_1790478" BASELINE="1055 1305 1314 1310 1580 1321 1743 1339 1919 1348 2196 1348 2620 1357" HPOS="1053.0" VPOS="1210.0" WIDTH="1568.0" HEIGHT="209.0">
            <Shape><Polygon POINTS="1056 1210 1315 1215 1583 1226 1753 1245 1923 1253 2196 1253 2621 1262 2618 1419 2196 1410 1915 1410 1736 1401 1577 1383 1312 1372 1053 1367"/></Shape>
	    <String CONTENT=" יעה רוחי ולמיניכם חלקה דברי אליכ " HPOS="1053.0" VPOS="1210.0" WIDTH="1568.0" HEIGHT="209.0"><Glyph ID="char_0" CONTENT=" " GC="1.0"><Shape><Polygon POINTS="2548 1260 2545 1417 2587 1418 2590 1261"/></Shape></Glyph><Glyph ID="char_1" CONTENT="י" GC="1.0"><Shape><Polygon POINTS="2506 1260 2503 1417 2545 1417 2548 1260"/></Shape></Glyph><Glyph ID="char_2" CONTENT="ע" GC="1.0"><Shape><Polygon POINTS="2431 1258 2428 1415 2503 1417 2506 1260"/></Shape></Glyph><Glyph ID="char_3" CONTENT="ה" GC="1.0"><Shape><Polygon POINTS="2378 1257 2375 1414 2428 1415 2431 1258"/></Shape></Glyph><Glyph ID="char_4" CONTENT=" " GC="1.0"><Shape><Polygon POINTS="2336 1256 2333 1413 2375 1414 2378 1257"/></Shape></Glyph><Glyph ID="char_5" CONTENT="ר" GC="1.0"><Shape><Polygon POINTS="2294 1255 2291 1412 2333 1413 2336 1256"/></Shape></Glyph><Glyph ID="char_6" CONTENT="ו" GC="1.0"><Shape><Polygon POINTS="2251 1254 2248 1411 2291 1412 2294 1255"/></Shape></Glyph><Glyph ID="char_7" CONTENT="ח" GC="1.0"><Shape><Polygon POINTS="2209 1253 2206 1410 2248 1411 2251 1254"/></Shape></Glyph><Glyph ID="char_8" CONTENT="י" GC="1.0"><Shape><Polygon POINTS="2175 1253 2175 1410 2206 1410 2209 1253"/></Shape></Glyph><Glyph ID="char_9" CONTENT=" " GC="1.0"><Shape><Polygon POINTS="2143 1253 2143 1410 2175 1410 2175 1253"/></Shape></Glyph><Glyph ID="char_10" CONTENT="ו" GC="1.0"><Shape><Polygon POINTS="2112 1253 2112 1410 2143 1410 2143 1253"/></Shape></Glyph><Glyph ID="char_11" CONTENT="ל" GC="1.0"><Shape><Polygon POINTS="2069 1253 2069 1410 2112 1410 2112 1253"/></Shape></Glyph><Glyph ID="char_12" CONTENT="מ" GC="1.0"><Shape><Polygon POINTS="2027 1253 2027 1410 2069 1410 2069 1253"/></Shape></Glyph><Glyph ID="char_13" CONTENT="י" GC="1.0"><Shape><Polygon POINTS="1995 1253 1995 1410 2027 1410 2027 1253"/></Shape></Glyph><Glyph ID="char_14" CONTENT="נ" GC="1.0"><Shape><Polygon POINTS="1963 1253 1963 1410 1995 1410 1995 1253"/></Shape></Glyph><Glyph ID="char_15" CONTENT="י" GC="1.0"><Shape><Polygon POINTS="1931 1253 1931 1410 1963 1410 1963 1253"/></Shape></Glyph><Glyph ID="char_16" CONTENT="כ" GC="1.0"><Shape><Polygon POINTS="1894 1252 1886 1409 1931 1410 1931 1253"/></Shape></Glyph><Glyph ID="char_17" CONTENT="ם" GC="1.0"><Shape><Polygon POINTS="1788 1247 1780 1403 1886 1409 1894 1252"/></Shape></Glyph><Glyph ID="char_18" CONTENT=" " GC="1.0"><Shape><Polygon POINTS="1679 1237 1661 1393 1780 1403 1788 1247"/></Shape></Glyph><Glyph ID="char_19" CONTENT="ח" GC="1.0"><Shape><Polygon POINTS="1626 1231 1609 1387 1661 1393 1679 1237"/></Shape></Glyph><Glyph ID="char_20" CONTENT="ל" GC="1.0"><Shape><Polygon POINTS="1567 1225 1560 1382 1609 1387 1626 1231"/></Shape></Glyph><Glyph ID="char_21" CONTENT="ק" GC="1.0"><Shape><Polygon POINTS="1492 1222 1485 1379 1560 1382 1567 1225"/></Shape></Glyph><Glyph ID="char_22" CONTENT="ה" GC="1.0"><Shape><Polygon POINTS="1440 1220 1433 1377 1485 1379 1492 1222"/></Shape></Glyph><Glyph ID="char_23" CONTENT=" " GC="1.0"><Shape><Polygon POINTS="1408 1219 1401 1376 1433 1377 1440 1220"/></Shape></Glyph><Glyph ID="char_24" CONTENT="ד" GC="1.0"><Shape><Polygon POINTS="1355 1217 1348 1374 1401 1376 1408 1219"/></Shape></Glyph><Glyph ID="char_25" CONTENT="ב" GC="1.0"><Shape><Polygon POINTS="1300 1215 1297 1372 1348 1374 1355 1217"/></Shape></Glyph><Glyph ID="char_26" CONTENT="ר" GC="1.0"><Shape><Polygon POINTS="1257 1214 1254 1371 1297 1372 1300 1215"/></Shape></Glyph><Glyph ID="char_27" CONTENT="י" GC="1.0"><Shape><Polygon POINTS="1236 1213 1233 1370 1254 1371 1257 1214"/></Shape></Glyph><Glyph ID="char_28" CONTENT=" " GC="1.0"><Shape><Polygon POINTS="1194 1213 1191 1370 1233 1370 1236 1213"/></Shape></Glyph><Glyph ID="char_29" CONTENT="א" GC="1.0"><Shape><Polygon POINTS="1141 1212 1138 1369 1191 1370 1194 1213"/></Shape></Glyph><Glyph ID="char_30" CONTENT="ל" GC="1.0"><Shape><Polygon POINTS="1098 1211 1095 1368 1138 1369 1141 1212"/></Shape></Glyph><Glyph ID="char_31" CONTENT="י" GC="1.0"><Shape><Polygon POINTS="1067 1210 1064 1367 1095 1368 1098 1211"/></Shape></Glyph><Glyph ID="char_32" CONTENT="כ" GC="1.0"><Shape><Polygon POINTS="1054 1304 1064 1304"/></Shape></Glyph><Glyph ID="char_33" CONTENT=" " GC="1.0"><Shape><Polygon POINTS="1054 1304 1054 1304"/></Shape></Glyph></String>
          </TextLine>

          
          
          <TextLine ID="eSc_line_1790479" BASELINE="922 1465 1118 1465 1292 1472 1598 1465 1849 1492 1876 1490 2065 1501 2277 1499 2509 1506 2615 1501" HPOS="922.0" VPOS="1370.0" WIDTH="1695.0" HEIGHT="198.0">
            <Shape><Polygon POINTS="922 1370 1118 1370 1295 1377 1595 1370 1859 1398 1869 1396 2070 1406 2276 1404 2511 1411 2610 1406 2617 1563 2507 1568 2277 1561 2061 1563 1880 1552 1842 1554 1599 1527 1289 1534 1118 1527 922 1527"/></Shape>
	    <String CONTENT=" של וחידה וחוקרי שי בינה עם תומכי " HPOS="922.0" VPOS="1370.0" WIDTH="1695.0" HEIGHT="198.0"><Glyph ID="char_34" CONTENT=" " GC="1.0"><Shape><Polygon POINTS="2579 1408 2587 1564 2607 1563 2599 1407"/></Shape></Glyph><Glyph ID="char_35" CONTENT="ש" GC="1.0"><Shape><Polygon POINTS="2526 1410 2534 1567 2587 1564 2579 1408"/></Shape></Glyph><Glyph ID="char_36" CONTENT="ל" GC="1.0"><Shape><Polygon POINTS="2470 1410 2465 1567 2534 1567 2526 1410"/></Shape></Glyph><Glyph ID="char_37" CONTENT=" " GC="1.0"><Shape><Polygon POINTS="2438 1409 2433 1566 2465 1567 2470 1410"/></Shape></Glyph><Glyph ID="char_38" CONTENT="ו" GC="1.0"><Shape><Polygon POINTS="2396 1408 2391 1564 2433 1566 2438 1409"/></Shape></Glyph><Glyph ID="char_39" CONTENT="ח" GC="1.0"><Shape><Polygon POINTS="2354 1406 2349 1563 2391 1564 2396 1408"/></Shape></Glyph><Glyph ID="char_40" CONTENT="י" GC="1.0"><Shape><Polygon POINTS="2311 1405 2306 1562 2349 1563 2354 1406"/></Shape></Glyph><Glyph ID="char_41" CONTENT="ד" GC="1.0"><Shape><Polygon POINTS="2254 1404 2256 1561 2306 1562 2311 1405"/></Shape></Glyph><Glyph ID="char_42" CONTENT="ה" GC="1.0"><Shape><Polygon POINTS="2201 1405 2203 1562 2256 1561 2254 1404"/></Shape></Glyph><Glyph ID="char_43" CONTENT=" " GC="1.0"><Shape><Polygon POINTS="2169 1405 2171 1562 2203 1562 2201 1405"/></Shape></Glyph><Glyph ID="char_44" CONTENT="ו" GC="1.0"><Shape><Polygon POINTS="2127 1405 2129 1562 2171 1562 2169 1405"/></Shape></Glyph><Glyph ID="char_45" CONTENT="ח" GC="1.0"><Shape><Polygon POINTS="2085 1406 2087 1563 2129 1562 2127 1405"/></Shape></Glyph><Glyph ID="char_46" CONTENT="ו" GC="1.0"><Shape><Polygon POINTS="2039 1404 2029 1561 2087 1563 2085 1406"/></Shape></Glyph><Glyph ID="char_47" CONTENT="ק" GC="1.0"><Shape><Polygon POINTS="1986 1402 1976 1558 2029 1561 2039 1404"/></Shape></Glyph><Glyph ID="char_48" CONTENT="ר" GC="1.0"><Shape><Polygon POINTS="1867 1396 1879 1552 1976 1558 1986 1402"/></Shape></Glyph><Glyph ID="char_49" CONTENT="י" GC="1.0"><Shape><Polygon POINTS="1758 1387 1741 1543 1879 1552 1867 1396"/></Shape></Glyph><Glyph ID="char_50" CONTENT=" " GC="1.0"><Shape><Polygon POINTS="1663 1377 1646 1532 1741 1543 1758 1387"/></Shape></Glyph><Glyph ID="char_51" CONTENT="ש" GC="1.0"><Shape><Polygon POINTS="1588 1370 1591 1527 1646 1532 1663 1377"/></Shape></Glyph><Glyph ID="char_52" CONTENT="י" GC="1.0"><Shape><Polygon POINTS="1545 1371 1548 1528 1591 1527 1588 1370"/></Shape></Glyph><Glyph ID="char_53" CONTENT=" " GC="1.0"><Shape><Polygon POINTS="1513 1372 1516 1529 1548 1528 1545 1371"/></Shape></Glyph><Glyph ID="char_54" CONTENT="ב" GC="1.0"><Shape><Polygon POINTS="1471 1373 1474 1530 1516 1529 1513 1372"/></Shape></Glyph><Glyph ID="char_55" CONTENT="י" GC="1.0"><Shape><Polygon POINTS="1429 1374 1432 1531 1474 1530 1471 1373"/></Shape></Glyph><Glyph ID="char_56" CONTENT="נ" GC="1.0"><Shape><Polygon POINTS="1397 1375 1400 1531 1432 1531 1429 1374"/></Shape></Glyph><Glyph ID="char_57" CONTENT="ה" GC="1.0"><Shape><Polygon POINTS="1355 1376 1358 1532 1400 1531 1397 1375"/></Shape></Glyph><Glyph ID="char_58" CONTENT=" " GC="1.0"><Shape><Polygon POINTS="1323 1376 1326 1533 1358 1532 1355 1376"/></Shape></Glyph><Glyph ID="char_59" CONTENT="ע" GC="1.0"><Shape><Polygon POINTS="1265 1376 1258 1533 1326 1533 1323 1376"/></Shape></Glyph><Glyph ID="char_60" CONTENT="ם" GC="1.0"><Shape><Polygon POINTS="1212 1374 1205 1531 1258 1533 1265 1376"/></Shape></Glyph><Glyph ID="char_61" CONTENT=" " GC="1.0"><Shape><Polygon POINTS="1159 1372 1152 1528 1205 1531 1212 1374"/></Shape></Glyph><Glyph ID="char_62" CONTENT="ת" GC="1.0"><Shape><Polygon POINTS="1102 1370 1102 1527 1152 1528 1159 1372"/></Shape></Glyph><Glyph ID="char_63" CONTENT="ו" GC="1.0"><Shape><Polygon POINTS="1070 1370 1070 1527 1102 1527 1102 1370"/></Shape></Glyph><Glyph ID="char_64" CONTENT="מ" GC="1.0"><Shape><Polygon POINTS="1028 1370 1028 1527 1070 1527 1070 1370"/></Shape></Glyph><Glyph ID="char_65" CONTENT="כ" GC="1.0"><Shape><Polygon POINTS="986 1370 986 1527 1028 1527 1028 1370"/></Shape></Glyph><Glyph ID="char_66" CONTENT="י" GC="1.0"><Shape><Polygon POINTS="954 1370 954 1527 986 1527 986 1370"/></Shape></Glyph><Glyph ID="char_67" CONTENT=" " GC="1.0"><Shape><Polygon POINTS="922 1370 922 1527 954 1527 954 1370"/></Shape></Glyph></String>
          </TextLine>

          
          
          <TextLine ID="eSc_line_1790480" BASELINE="915 1639 1316 1646 1454 1646 1569 1641 1657 1643 1731 1650 1946 1679 2065 1688 2421 1691 2480 1686 2527 1675" HPOS="913.0" VPOS="1544.0" WIDTH="1628.0" HEIGHT="209.0">
            <Shape><Polygon POINTS="916 1544 1317 1551 1454 1551 1564 1546 1659 1548 1739 1556 1958 1585 2072 1594 2421 1596 2472 1592 2505 1583 2541 1736 2485 1748 2420 1753 2060 1750 1937 1741 1725 1712 1655 1705 1571 1703 1454 1708 1314 1708 913 1701"/></Shape>
	    <String CONTENT=" לכי פותי ואנשי מחשבת לכול בודת מעשי " HPOS="913.0" VPOS="1544.0" WIDTH="1628.0" HEIGHT="209.0"><Glyph ID="char_68" CONTENT=" " GC="1.0"><Shape><Polygon POINTS="2466 1592 2479 1748 2519 1741 2484 1589"/></Shape></Glyph><Glyph ID="char_69" CONTENT="ל" GC="1.0"><Shape><Polygon POINTS="2445 1594 2458 1750 2479 1748 2466 1592"/></Shape></Glyph><Glyph ID="char_70" CONTENT="כ" GC="1.0"><Shape><Polygon POINTS="2413 1596 2426 1753 2458 1750 2445 1594"/></Shape></Glyph><Glyph ID="char_71" CONTENT="י" GC="1.0"><Shape><Polygon POINTS="2391 1596 2390 1753 2426 1753 2413 1596"/></Shape></Glyph><Glyph ID="char_72" CONTENT=" " GC="1.0"><Shape><Polygon POINTS="2359 1596 2358 1752 2390 1753 2391 1596"/></Shape></Glyph><Glyph ID="char_73" CONTENT="פ" GC="1.0"><Shape><Polygon POINTS="2317 1595 2316 1752 2358 1752 2359 1596"/></Shape></Glyph><Glyph ID="char_74" CONTENT="ו" GC="1.0"><Shape><Polygon POINTS="2285 1595 2284 1752 2316 1752 2317 1595"/></Shape></Glyph><Glyph ID="char_75" CONTENT="ת" GC="1.0"><Shape><Polygon POINTS="2243 1595 2242 1752 2284 1752 2285 1595"/></Shape></Glyph><Glyph ID="char_76" CONTENT="י" GC="1.0"><Shape><Polygon POINTS="2211 1595 2210 1751 2242 1752 2243 1595"/></Shape></Glyph><Glyph ID="char_77" CONTENT=" " GC="1.0"><Shape><Polygon POINTS="2179 1595 2178 1751 2210 1751 2211 1595"/></Shape></Glyph><Glyph ID="char_78" CONTENT="ו" GC="1.0"><Shape><Polygon POINTS="2137 1594 2136 1751 2178 1751 2179 1595"/></Shape></Glyph><Glyph ID="char_79" CONTENT="א" GC="1.0"><Shape><Polygon POINTS="2084 1594 2083 1750 2136 1751 2137 1594"/></Shape></Glyph><Glyph ID="char_80" CONTENT="נ" GC="1.0"><Shape><Polygon POINTS="2059 1593 2048 1749 2083 1750 2084 1594"/></Shape></Glyph><Glyph ID="char_81" CONTENT="ש" GC="1.0"><Shape><Polygon POINTS="2006 1589 1995 1745 2048 1749 2059 1593"/></Shape></Glyph><Glyph ID="char_82" CONTENT="י" GC="1.0"><Shape><Polygon POINTS="1965 1586 1953 1742 1995 1745 2006 1589"/></Shape></Glyph><Glyph ID="char_83" CONTENT=" " GC="1.0"><Shape><Polygon POINTS="1938 1582 1917 1738 1953 1742 1965 1586"/></Shape></Glyph><Glyph ID="char_84" CONTENT="מ" GC="1.0"><Shape><Polygon POINTS="1886 1575 1865 1731 1917 1738 1938 1582"/></Shape></Glyph><Glyph ID="char_85" CONTENT="ח" GC="1.0"><Shape><Polygon POINTS="1844 1570 1823 1725 1865 1731 1886 1575"/></Shape></Glyph><Glyph ID="char_86" CONTENT="ש" GC="1.0"><Shape><Polygon POINTS="1792 1563 1771 1718 1823 1725 1844 1570"/></Shape></Glyph><Glyph ID="char_87" CONTENT="ב" GC="1.0"><Shape><Polygon POINTS="1725 1555 1711 1711 1771 1718 1792 1563"/></Shape></Glyph><Glyph ID="char_88" CONTENT="ת" GC="1.0"><Shape><Polygon POINTS="1683 1550 1668 1706 1711 1711 1725 1555"/></Shape></Glyph><Glyph ID="char_89" CONTENT=" " GC="1.0"><Shape><Polygon POINTS="1613 1547 1609 1704 1668 1706 1683 1550"/></Shape></Glyph><Glyph ID="char_90" CONTENT="ל" GC="1.0"><Shape><Polygon POINTS="1523 1548 1530 1705 1609 1704 1613 1547"/></Shape></Glyph><Glyph ID="char_91" CONTENT="כ" GC="1.0"><Shape><Polygon POINTS="1491 1549 1498 1706 1530 1705 1523 1548"/></Shape></Glyph><Glyph ID="char_92" CONTENT="ו" GC="1.0"><Shape><Polygon POINTS="1453 1551 1453 1708 1498 1706 1491 1549"/></Shape></Glyph><Glyph ID="char_93" CONTENT="ל" GC="1.0"><Shape><Polygon POINTS="1421 1551 1421 1708 1453 1708 1453 1551"/></Shape></Glyph><Glyph ID="char_94" CONTENT=" " GC="1.0"><Shape><Polygon POINTS="1358 1551 1358 1708 1421 1708 1421 1551"/></Shape></Glyph><Glyph ID="char_95" CONTENT="ב" GC="1.0"><Shape><Polygon POINTS="1296 1551 1293 1708 1358 1708 1358 1551"/></Shape></Glyph><Glyph ID="char_96" CONTENT="ו" GC="1.0"><Shape><Polygon POINTS="1243 1550 1240 1707 1293 1708 1296 1551"/></Shape></Glyph><Glyph ID="char_97" CONTENT="ד" GC="1.0"><Shape><Polygon POINTS="1191 1549 1188 1706 1240 1707 1243 1550"/></Shape></Glyph><Glyph ID="char_98" CONTENT="ת" GC="1.0"><Shape><Polygon POINTS="1159 1548 1156 1705 1188 1706 1191 1549"/></Shape></Glyph><Glyph ID="char_99" CONTENT=" " GC="1.0"><Shape><Polygon POINTS="1127 1548 1124 1705 1156 1705 1159 1548"/></Shape></Glyph><Glyph ID="char_100" CONTENT="מ" GC="1.0"><Shape><Polygon POINTS="1085 1547 1082 1704 1124 1705 1127 1548"/></Shape></Glyph><Glyph ID="char_101" CONTENT="ע" GC="1.0"><Shape><Polygon POINTS="1032 1546 1029 1703 1082 1704 1085 1547"/></Shape></Glyph><Glyph ID="char_102" CONTENT="ש" GC="1.0"><Shape><Polygon POINTS="958 1545 955 1702 1029 1703 1032 1546"/></Shape></Glyph><Glyph ID="char_103" CONTENT="י" GC="1.0"><Shape><Polygon POINTS="914 1638 955 1638"/></Shape></Glyph><Glyph ID="char_104" CONTENT=" " GC="1.0"><Shape><Polygon POINTS="914 1638 914 1638"/></Shape></Glyph></String>
          </TextLine>

          
          
          <TextLine ID="eSc_line_1790482" BASELINE="1010 1779 1328 1799 1661 1772 1788 1772 2329 1837 2516 1828" HPOS="1006.0" VPOS="1677.0" WIDTH="1513.0" HEIGHT="222.0">
            <Shape><Polygon POINTS="1015 1684 1333 1704 1653 1678 1788 1677 2340 1743 2511 1733 2519 1890 2321 1899 1788 1834 1666 1834 1324 1861 1006 1841"/></Shape>
	    <String CONTENT=" ורף קודק ל ולת עמים עם " HPOS="1006.0" VPOS="1677.0" WIDTH="1513.0" HEIGHT="222.0"><Glyph ID="char_105" CONTENT=" " GC="1.0"><Shape><Polygon POINTS="2469 1735 2476 1892 2507 1891 2500 1734"/></Shape></Glyph><Glyph ID="char_106" CONTENT="ו" GC="1.0"><Shape><Polygon POINTS="2426 1738 2433 1894 2476 1892 2469 1735"/></Shape></Glyph><Glyph ID="char_107" CONTENT="ר" GC="1.0"><Shape><Polygon POINTS="2384 1740 2391 1896 2433 1894 2426 1738"/></Shape></Glyph><Glyph ID="char_108" CONTENT="ף" GC="1.0"><Shape><Polygon POINTS="2342 1743 2349 1898 2391 1896 2384 1740"/></Shape></Glyph><Glyph ID="char_109" CONTENT=" " GC="1.0"><Shape><Polygon POINTS="2263 1734 2244 1890 2349 1898 2342 1743"/></Shape></Glyph><Glyph ID="char_110" CONTENT="ק" GC="1.0"><Shape><Polygon POINTS="2158 1721 2139 1877 2244 1890 2263 1734"/></Shape></Glyph><Glyph ID="char_111" CONTENT="ו" GC="1.0"><Shape><Polygon POINTS="2116 1716 2098 1872 2139 1877 2158 1721"/></Shape></Glyph><Glyph ID="char_112" CONTENT="ד" GC="1.0"><Shape><Polygon POINTS="2053 1709 2034 1864 2098 1872 2116 1716"/></Shape></Glyph><Glyph ID="char_113" CONTENT="ק" GC="1.0"><Shape><Polygon POINTS="1990 1701 1971 1856 2034 1864 2053 1709"/></Shape></Glyph><Glyph ID="char_114" CONTENT=" " GC="1.0"><Shape><Polygon POINTS="1927 1694 1908 1849 1971 1856 1990 1701"/></Shape></Glyph><Glyph ID="char_115" CONTENT="ל" GC="1.0"><Shape><Polygon POINTS="1843 1684 1825 1838 1908 1849 1927 1694"/></Shape></Glyph><Glyph ID="char_116" CONTENT=" " GC="1.0"><Shape><Polygon POINTS="1726 1677 1726 1834 1825 1838 1843 1684"/></Shape></Glyph><Glyph ID="char_117" CONTENT="ו" GC="1.0"><Shape><Polygon POINTS="1645 1679 1657 1835 1726 1834 1726 1677"/></Shape></Glyph><Glyph ID="char_118" CONTENT="ל" GC="1.0"><Shape><Polygon POINTS="1592 1683 1604 1839 1657 1835 1645 1679"/></Shape></Glyph><Glyph ID="char_119" CONTENT="ת" GC="1.0"><Shape><Polygon POINTS="1560 1686 1573 1841 1604 1839 1592 1683"/></Shape></Glyph><Glyph ID="char_120" CONTENT=" " GC="1.0"><Shape><Polygon POINTS="1529 1688 1542 1844 1573 1841 1560 1686"/></Shape></Glyph><Glyph ID="char_121" CONTENT="ע" GC="1.0"><Shape><Polygon POINTS="1486 1692 1499 1847 1542 1844 1529 1688"/></Shape></Glyph><Glyph ID="char_122" CONTENT="מ" GC="1.0"><Shape><Polygon POINTS="1412 1698 1425 1853 1499 1847 1486 1692"/></Shape></Glyph><Glyph ID="char_123" CONTENT="י" GC="1.0"><Shape><Polygon POINTS="1350 1703 1362 1858 1425 1853 1412 1698"/></Shape></Glyph><Glyph ID="char_124" CONTENT="ם" GC="1.0"><Shape><Polygon POINTS="1322 1703 1311 1860 1362 1858 1350 1703"/></Shape></Glyph><Glyph ID="char_125" CONTENT=" " GC="1.0"><Shape><Polygon POINTS="1290 1701 1279 1858 1311 1860 1322 1703"/></Shape></Glyph><Glyph ID="char_126" CONTENT="ע" GC="1.0"><Shape><Polygon POINTS="1248 1699 1237 1856 1279 1858 1290 1701"/></Shape></Glyph><Glyph ID="char_127" CONTENT="ם" GC="1.0"><Shape><Polygon POINTS="1195 1695 1185 1852 1237 1856 1248 1699"/></Shape></Glyph><Glyph ID="char_128" CONTENT=" " GC="1.0"><Shape><Polygon POINTS="1079 1688 1069 1845 1185 1852 1195 1695"/></Shape></Glyph></String>
          </TextLine>

          
        </TextBlock>
        

        
      </PrintSpace>
    </Page>
  </Layout>
</alto>