<?xml version='1.0' encoding='UTF-8'?>
<alto xmlns:xsi="http://www.w3.org/2001/XMLSchema-instance" xmlns="http://www.loc.gov/standards/alto/ns-v4#" xsi:schemaLocation="http://www.loc.gov/standards/alto/ns-v4# http://www.loc.gov/standards/alto/v4/alto-4-2.xsd">
  <Description>
    <MeasurementUnit>pixel</MeasurementUnit>
    <sourceImageInformation>
      <fileName>P586-Fg001-R-C01-R01-D29102013-T114406-LR924_012.jpg</fileName>
      
    </sourceImageInformation>
  </Description>
  
  <Tags>
    <OtherTag ID="BT1443" LABEL="Parchment_or_papyrus" DESCRIPTION="block type Parchment_or_papyrus"/><OtherTag ID="BT2" LABEL="Main" DESCRIPTION="block type Main"/>
    
  </Tags>
  
  <Layout>
    <Page WIDTH="3608" HEIGHT="2706" PHYSICAL_IMG_NR="312" ID="eSc_dummypage_">
      <PrintSpace HPOS="0" VPOS="0" WIDTH="3608" HEIGHT="2706">
        
        <TextBlock HPOS="816.0" VPOS="606.0" WIDTH="1451.0" HEIGHT="1413.0" ID="eSc_textblock_612d3d96" TAGREFS="BT2">
          <Shape><Polygon POINTS="816 606 816 2019 2267 2019 2267 606 816 606"/></Shape>
          
          
          <TextLine ID="eSc_line_1804222" BASELINE="2122 605 2135 1968" HPOS="2119.0" VPOS="604.0" WIDTH="19.0" HEIGHT="1364.0">
            <Shape><Polygon POINTS="2125 604 2138 1967 2132 1968 2119 605"/></Shape>
	    <String CONTENT=" מחלקות העתים לתורה ול " HPOS="2119.0" VPOS="604.0" WIDTH="19.0" HEIGHT="1364.0"><Glyph ID="char_0" CONTENT=" " GC="1.0"><Shape><Polygon POINTS="2138 1918 2132 1918 2132 1946 2138 1946"/></Shape></Glyph><Glyph ID="char_1" CONTENT="מ" GC="1.0"><Shape><Polygon POINTS="2137 1913 2131 1913 2132 1918 2138 1918"/></Shape></Glyph><Glyph ID="char_2" CONTENT="ח" GC="1.0"><Shape><Polygon POINTS="2137 1824 2131 1824 2131 1913 2137 1913"/></Shape></Glyph><Glyph ID="char_3" CONTENT="ל" GC="1.0"><Shape><Polygon POINTS="2136 1732 2130 1732 2131 1824 2137 1824"/></Shape></Glyph><Glyph ID="char_4" CONTENT="ק" GC="1.0"><Shape><Polygon POINTS="2134 1524 2128 1524 2130 1732 2136 1732"/></Shape></Glyph><Glyph ID="char_5" CONTENT="ו" GC="1.0"><Shape><Polygon POINTS="2132 1319 2126 1319 2128 1524 2134 1524"/></Shape></Glyph><Glyph ID="char_6" CONTENT="ת" GC="1.0"><Shape><Polygon POINTS="2132 1318 2126 1318 2126 1319 2132 1319"/></Shape></Glyph><Glyph ID="char_7" CONTENT=" " GC="1.0"><Shape><Polygon POINTS="2132 1316 2126 1316 2126 1318 2132 1318"/></Shape></Glyph><Glyph ID="char_8" CONTENT="ה" GC="1.0"><Shape><Polygon POINTS="2132 1315 2126 1315 2126 1316 2132 1316"/></Shape></Glyph><Glyph ID="char_9" CONTENT="ע" GC="1.0"><Shape><Polygon POINTS="2132 1314 2126 1314 2126 1315 2132 1315"/></Shape></Glyph><Glyph ID="char_10" CONTENT="ת" GC="1.0"><Shape><Polygon POINTS="2132 1313 2126 1313 2126 1314 2132 1314"/></Shape></Glyph><Glyph ID="char_11" CONTENT="י" GC="1.0"><Shape><Polygon POINTS="2132 1312 2126 1312 2126 1313 2132 1313"/></Shape></Glyph><Glyph ID="char_12" CONTENT="ם" GC="1.0"><Shape><Polygon POINTS="2132 1311 2126 1311 2126 1312 2132 1312"/></Shape></Glyph><Glyph ID="char_13" CONTENT=" " GC="1.0"><Shape><Polygon POINTS="2132 1297 2126 1297 2126 1311 2132 1311"/></Shape></Glyph><Glyph ID="char_14" CONTENT="ל" GC="1.0"><Shape><Polygon POINTS="2131 1199 2125 1199 2126 1297 2132 1297"/></Shape></Glyph><Glyph ID="char_15" CONTENT="ת" GC="1.0"><Shape><Polygon POINTS="2130 1115 2124 1115 2125 1199 2131 1199"/></Shape></Glyph><Glyph ID="char_16" CONTENT="ו" GC="1.0"><Shape><Polygon POINTS="2130 1115 2124 1115 2124 1115 2130 1115"/></Shape></Glyph><Glyph ID="char_17" CONTENT="ר" GC="1.0"><Shape><Polygon POINTS="2130 1109 2124 1109 2124 1115 2130 1115"/></Shape></Glyph><Glyph ID="char_18" CONTENT="ה" GC="1.0"><Shape><Polygon POINTS="2130 1080 2124 1080 2124 1109 2130 1109"/></Shape></Glyph><Glyph ID="char_19" CONTENT=" " GC="1.0"><Shape><Polygon POINTS="2129 989 2123 989 2124 1080 2130 1080"/></Shape></Glyph><Glyph ID="char_20" CONTENT="ו" GC="1.0"><Shape><Polygon POINTS="2128 919 2122 919 2123 989 2129 989"/></Shape></Glyph><Glyph ID="char_21" CONTENT="ל" GC="1.0"><Shape><Polygon POINTS="2127 804 2121 804 2122 919 2128 919"/></Shape></Glyph><Glyph ID="char_22" CONTENT=" " GC="1.0"><Shape><Polygon POINTS="2125 646 2119 646 2121 804 2127 804"/></Shape></Glyph></String>
          </TextLine>

          
          
          <TextLine ID="eSc_line_1804223" BASELINE="1864 681 1881 1930" HPOS="1861.0" VPOS="680.0" WIDTH="23.0" HEIGHT="1250.0">
            <Shape><Polygon POINTS="1867 680 1884 1929 1878 1930 1861 681"/></Shape>
	    <String CONTENT=" לכל העולם מן הברי " HPOS="1861.0" VPOS="680.0" WIDTH="23.0" HEIGHT="1250.0"><Glyph ID="char_23" CONTENT=" " GC="1.0"><Shape><Polygon POINTS="1883 1820 1877 1820 1877 1876 1883 1876"/></Shape></Glyph><Glyph ID="char_24" CONTENT="ל" GC="1.0"><Shape><Polygon POINTS="1880 1635 1874 1635 1877 1820 1883 1820"/></Shape></Glyph><Glyph ID="char_25" CONTENT="כ" GC="1.0"><Shape><Polygon POINTS="1876 1362 1870 1362 1874 1635 1880 1635"/></Shape></Glyph><Glyph ID="char_26" CONTENT="ל" GC="1.0"><Shape><Polygon POINTS="1875 1274 1869 1274 1870 1362 1876 1362"/></Shape></Glyph><Glyph ID="char_27" CONTENT=" " GC="1.0"><Shape><Polygon POINTS="1875 1235 1869 1235 1869 1274 1875 1274"/></Shape></Glyph><Glyph ID="char_28" CONTENT="ה" GC="1.0"><Shape><Polygon POINTS="1873 1085 1866 1085 1869 1235 1875 1235"/></Shape></Glyph><Glyph ID="char_29" CONTENT="ע" GC="1.0"><Shape><Polygon POINTS="1871 971 1865 971 1866 1085 1873 1085"/></Shape></Glyph><Glyph ID="char_30" CONTENT="ו" GC="1.0"><Shape><Polygon POINTS="1871 967 1865 967 1865 971 1871 971"/></Shape></Glyph><Glyph ID="char_31" CONTENT="ל" GC="1.0"><Shape><Polygon POINTS="1871 967 1865 967 1865 967 1871 967"/></Shape></Glyph><Glyph ID="char_32" CONTENT="ם" GC="1.0"><Shape><Polygon POINTS="1871 966 1865 966 1865 967 1871 967"/></Shape></Glyph><Glyph ID="char_33" CONTENT=" " GC="1.0"><Shape><Polygon POINTS="1871 964 1865 964 1865 966 1871 966"/></Shape></Glyph><Glyph ID="char_34" CONTENT="מ" GC="1.0"><Shape><Polygon POINTS="1871 961 1865 961 1865 964 1871 964"/></Shape></Glyph><Glyph ID="char_35" CONTENT="ן" GC="1.0"><Shape><Polygon POINTS="1871 957 1865 957 1865 961 1871 961"/></Shape></Glyph><Glyph ID="char_36" CONTENT=" " GC="1.0"><Shape><Polygon POINTS="1871 955 1865 955 1865 957 1871 957"/></Shape></Glyph><Glyph ID="char_37" CONTENT="ה" GC="1.0"><Shape><Polygon POINTS="1871 953 1865 953 1865 955 1871 955"/></Shape></Glyph><Glyph ID="char_38" CONTENT="ב" GC="1.0"><Shape><Polygon POINTS="1871 951 1865 951 1865 953 1871 953"/></Shape></Glyph><Glyph ID="char_39" CONTENT="ר" GC="1.0"><Shape><Polygon POINTS="1871 945 1865 945 1865 951 1871 951"/></Shape></Glyph><Glyph ID="char_40" CONTENT="י" GC="1.0"><Shape><Polygon POINTS="1871 939 1865 939 1865 945 1871 945"/></Shape></Glyph><Glyph ID="char_41" CONTENT=" " GC="1.0"><Shape><Polygon POINTS="1869 808 1863 808 1865 939 1871 939"/></Shape></Glyph></String>
          </TextLine>

          
          
          <TextLine ID="eSc_line_1804224" BASELINE="1640 669 1636 1947" HPOS="1633.0" VPOS="668.0" WIDTH="10.0" HEIGHT="1279.0">
            <Shape><Polygon POINTS="1643 669 1639 1947 1633 1946 1637 668"/></Shape>
	    <String CONTENT=" ם וכל ב עד היום " HPOS="1633.0" VPOS="668.0" WIDTH="10.0" HEIGHT="1279.0"><Glyph ID="char_42" CONTENT=" " GC="1.0"><Shape><Polygon POINTS="1641 1378 1635 1378 1633 1809 1639 1809"/></Shape></Glyph><Glyph ID="char_43" CONTENT="ם" GC="1.0"><Shape><Polygon POINTS="1642 1083 1636 1083 1635 1378 1641 1378"/></Shape></Glyph><Glyph ID="char_44" CONTENT=" " GC="1.0"><Shape><Polygon POINTS="1642 1082 1636 1082 1636 1083 1642 1083"/></Shape></Glyph><Glyph ID="char_45" CONTENT="ו" GC="1.0"><Shape><Polygon POINTS="1642 1081 1636 1081 1636 1082 1642 1082"/></Shape></Glyph><Glyph ID="char_46" CONTENT="כ" GC="1.0"><Shape><Polygon POINTS="1642 1080 1636 1080 1636 1081 1642 1081"/></Shape></Glyph><Glyph ID="char_47" CONTENT="ל" GC="1.0"><Shape><Polygon POINTS="1642 1077 1636 1077 1636 1080 1642 1080"/></Shape></Glyph><Glyph ID="char_48" CONTENT=" " GC="1.0"><Shape><Polygon POINTS="1642 1054 1636 1054 1636 1077 1642 1077"/></Shape></Glyph><Glyph ID="char_49" CONTENT="ב" GC="1.0"><Shape><Polygon POINTS="1642 1029 1636 1029 1636 1054 1642 1054"/></Shape></Glyph><Glyph ID="char_50" CONTENT=" " GC="1.0"><Shape><Polygon POINTS="1642 1025 1636 1025 1636 1029 1642 1029"/></Shape></Glyph><Glyph ID="char_51" CONTENT="ע" GC="1.0"><Shape><Polygon POINTS="1642 1024 1636 1024 1636 1025 1642 1025"/></Shape></Glyph><Glyph ID="char_52" CONTENT="ד" GC="1.0"><Shape><Polygon POINTS="1642 1022 1636 1022 1636 1024 1642 1024"/></Shape></Glyph><Glyph ID="char_53" CONTENT=" " GC="1.0"><Shape><Polygon POINTS="1642 1019 1636 1019 1636 1022 1642 1022"/></Shape></Glyph><Glyph ID="char_54" CONTENT="ה" GC="1.0"><Shape><Polygon POINTS="1642 1016 1636 1016 1636 1019 1642 1019"/></Shape></Glyph><Glyph ID="char_55" CONTENT="י" GC="1.0"><Shape><Polygon POINTS="1642 1013 1636 1013 1636 1016 1642 1016"/></Shape></Glyph><Glyph ID="char_56" CONTENT="ו" GC="1.0"><Shape><Polygon POINTS="1642 889 1636 889 1636 1013 1642 1013"/></Shape></Glyph><Glyph ID="char_57" CONTENT="ם" GC="1.0"><Shape><Polygon POINTS="1643 766 1637 766 1636 889 1642 889"/></Shape></Glyph><Glyph ID="char_58" CONTENT=" " GC="1.0"><Shape><Polygon POINTS="1643 716 1637 716 1637 766 1643 766"/></Shape></Glyph></String>
          </TextLine>

          
          
          <TextLine ID="eSc_line_1804225" BASELINE="1416 673 1399 1913" HPOS="1396.0" VPOS="672.0" WIDTH="23.0" HEIGHT="1241.0">
            <Shape><Polygon POINTS="1419 673 1402 1913 1396 1912 1413 672"/></Shape>
	    <String CONTENT=" ושלם " HPOS="1396.0" VPOS="672.0" WIDTH="23.0" HEIGHT="1241.0"><Glyph ID="char_59" CONTENT=" " GC="1.0"><Shape><Polygon POINTS="1412 1194 1406 1194 1400 1613 1406 1613"/></Shape></Glyph><Glyph ID="char_60" CONTENT="ו" GC="1.0"><Shape><Polygon POINTS="1414 1033 1408 1033 1406 1194 1412 1194"/></Shape></Glyph><Glyph ID="char_61" CONTENT="ש" GC="1.0"><Shape><Polygon POINTS="1415 960 1409 960 1408 1033 1414 1033"/></Shape></Glyph><Glyph ID="char_62" CONTENT="ל" GC="1.0"><Shape><Polygon POINTS="1416 928 1409 928 1409 960 1415 960"/></Shape></Glyph><Glyph ID="char_63" CONTENT="ם" GC="1.0"><Shape><Polygon POINTS="1416 927 1410 927 1409 928 1416 928"/></Shape></Glyph><Glyph ID="char_64" CONTENT=" " GC="1.0"><Shape><Polygon POINTS="1417 798 1411 798 1410 927 1416 927"/></Shape></Glyph></String>
          </TextLine>

          
          
          <TextLine ID="eSc_line_1804226" BASELINE="1162 842 1149 1426" HPOS="1146.0" VPOS="841.0" WIDTH="19.0" HEIGHT="585.0">
            <Shape><Polygon POINTS="1165 842 1152 1426 1146 1425 1159 841"/></Shape>
	    <String CONTENT=" ב את כל " HPOS="1146.0" VPOS="841.0" WIDTH="19.0" HEIGHT="585.0"><Glyph ID="char_65" CONTENT=" " GC="1.0"><Shape><Polygon POINTS="1156 1245 1150 1245 1148 1337 1154 1337"/></Shape></Glyph><Glyph ID="char_66" CONTENT="ב" GC="1.0"><Shape><Polygon POINTS="1157 1223 1151 1223 1150 1245 1156 1245"/></Shape></Glyph><Glyph ID="char_67" CONTENT=" " GC="1.0"><Shape><Polygon POINTS="1157 1201 1151 1201 1151 1223 1157 1223"/></Shape></Glyph><Glyph ID="char_68" CONTENT="א" GC="1.0"><Shape><Polygon POINTS="1159 1109 1153 1109 1151 1201 1157 1201"/></Shape></Glyph><Glyph ID="char_69" CONTENT="ת" GC="1.0"><Shape><Polygon POINTS="1161 1018 1155 1018 1153 1109 1159 1109"/></Shape></Glyph><Glyph ID="char_70" CONTENT=" " GC="1.0"><Shape><Polygon POINTS="1161 1016 1155 1016 1155 1018 1161 1018"/></Shape></Glyph><Glyph ID="char_71" CONTENT="כ" GC="1.0"><Shape><Polygon POINTS="1161 1007 1155 1007 1155 1016 1161 1016"/></Shape></Glyph><Glyph ID="char_72" CONTENT="ל" GC="1.0"><Shape><Polygon POINTS="1163 951 1157 951 1155 1007 1161 1007"/></Shape></Glyph><Glyph ID="char_73" CONTENT=" " GC="1.0"><Shape><Polygon POINTS="1164 872 1158 872 1157 951 1163 951"/></Shape></Glyph></String>
          </TextLine>

          
          
          <TextLine ID="eSc_line_1804227" BASELINE="925 914 937 1409" HPOS="922.0" VPOS="913.0" WIDTH="18.0" HEIGHT="496.0">
            <Shape><Polygon POINTS="928 913 940 1408 934 1409 922 914"/></Shape>
	    <String CONTENT=" דה י " HPOS="922.0" VPOS="913.0" WIDTH="18.0" HEIGHT="496.0"><Glyph ID="char_74" CONTENT=" " GC="1.0"><Shape><Polygon POINTS="937 1273 931 1273 933 1361 939 1361"/></Shape></Glyph><Glyph ID="char_75" CONTENT="ד" GC="1.0"><Shape><Polygon POINTS="936 1233 930 1233 931 1273 937 1273"/></Shape></Glyph><Glyph ID="char_76" CONTENT="ה" GC="1.0"><Shape><Polygon POINTS="935 1197 929 1197 930 1233 936 1233"/></Shape></Glyph><Glyph ID="char_77" CONTENT=" " GC="1.0"><Shape><Polygon POINTS="934 1142 928 1142 929 1197 935 1197"/></Shape></Glyph><Glyph ID="char_78" CONTENT="י" GC="1.0"><Shape><Polygon POINTS="932 1090 926 1090 928 1142 934 1142"/></Shape></Glyph><Glyph ID="char_79" CONTENT=" " GC="1.0"><Shape><Polygon POINTS="930 985 924 985 926 1090 932 1090"/></Shape></Glyph></String>
          </TextLine>

          
        </TextBlock>
        

        
      </PrintSpace>
    </Page>
  </Layout>
</alto>