<?xml version='1.0' encoding='UTF-8'?>
<alto xmlns:xsi="http://www.w3.org/2001/XMLSchema-instance" xmlns="http://www.loc.gov/standards/alto/ns-v4#" xsi:schemaLocation="http://www.loc.gov/standards/alto/ns-v4# http://www.loc.gov/standards/alto/v4/alto-4-2.xsd">
  <Description>
    <MeasurementUnit>pixel</MeasurementUnit>
    <sourceImageInformation>
      <fileName>P591-Fg008-R-C01-R01-D06032013-T104700-LR924_012.jpg</fileName>
      
    </sourceImageInformation>
  </Description>
  
  <Tags>
    <OtherTag ID="BT1443" LABEL="Parchment_or_papyrus" DESCRIPTION="block type Parchment_or_papyrus"/><OtherTag ID="BT2" LABEL="Main" DESCRIPTION="block type Main"/>
    
  </Tags>
  
  <Layout>
    <Page WIDTH="3608" HEIGHT="2706" PHYSICAL_IMG_NR="161" ID="eSc_dummypage_">
      <PrintSpace HPOS="0" VPOS="0" WIDTH="3608" HEIGHT="2706">
        
        <TextBlock HPOS="1670.0" VPOS="923.0" WIDTH="435.0" HEIGHT="839.0" ID="eSc_textblock_f4f1d895" TAGREFS="BT2">
          <Shape><Polygon POINTS="1670 923 1670 1762 2105 1762 2105 923"/></Shape>
          
          
          <TextLine ID="eSc_line_1790568" BASELINE="1740 1041 1846 1041 1914 1057 1988 1064" HPOS="1740.0" VPOS="983.0" WIDTH="253.0" HEIGHT="119.0">
            <Shape><Polygon POINTS="1740 983 1846 983 1927 1000 1993 1006 1984 1102 1905 1094 1846 1079 1740 1079"/></Shape>
	    <String CONTENT=" דעו ההב " HPOS="1740.0" VPOS="983.0" WIDTH="253.0" HEIGHT="119.0"><Glyph ID="char_0" CONTENT=" " GC="1.0"><Shape><Polygon POINTS="1973 1004 1964 1100 1977 1101 1986 1005"/></Shape></Glyph><Glyph ID="char_1" CONTENT="ד" GC="1.0"><Shape><Polygon POINTS="1953 1002 1944 1098 1964 1100 1973 1004"/></Shape></Glyph><Glyph ID="char_2" CONTENT="ע" GC="1.0"><Shape><Polygon POINTS="1922 999 1913 1095 1944 1098 1953 1002"/></Shape></Glyph><Glyph ID="char_3" CONTENT="ו" GC="1.0"><Shape><Polygon POINTS="1910 996 1888 1090 1913 1095 1922 999"/></Shape></Glyph><Glyph ID="char_4" CONTENT=" " GC="1.0"><Shape><Polygon POINTS="1890 992 1869 1085 1888 1090 1910 996"/></Shape></Glyph><Glyph ID="char_5" CONTENT="ה" GC="1.0"><Shape><Polygon POINTS="1845 983 1845 1079 1869 1085 1890 992"/></Shape></Glyph><Glyph ID="char_6" CONTENT="ה" GC="1.0"><Shape><Polygon POINTS="1806 983 1806 1079 1845 1079 1845 983"/></Shape></Glyph><Glyph ID="char_7" CONTENT="ב" GC="1.0"><Shape><Polygon POINTS="1786 983 1786 1079 1806 1079 1806 983"/></Shape></Glyph><Glyph ID="char_8" CONTENT=" " GC="1.0"><Shape><Polygon POINTS="1753 983 1753 1079 1786 1079 1786 983"/></Shape></Glyph></String>
          </TextLine>

          
          
          <TextLine ID="eSc_line_1790569" BASELINE="1668 1104 1801 1125 1930 1163 2000 1165" HPOS="1662.0" VPOS="1047.0" WIDTH="339.0" HEIGHT="156.0">
            <Shape><Polygon POINTS="1676 1047 1809 1068 1946 1107 2001 1107 1998 1203 1919 1199 1795 1162 1662 1141"/></Shape>
	    <String CONTENT=" גבר ומה מע " HPOS="1662.0" VPOS="1047.0" WIDTH="339.0" HEIGHT="156.0"><Glyph ID="char_9" CONTENT=" " GC="1.0"><Shape><Polygon POINTS="1945 1107 1918 1199 1972 1202 1974 1107"/></Shape></Glyph><Glyph ID="char_10" CONTENT="ג" GC="1.0"><Shape><Polygon POINTS="1926 1101 1899 1193 1918 1199 1945 1107"/></Shape></Glyph><Glyph ID="char_11" CONTENT="ב" GC="1.0"><Shape><Polygon POINTS="1895 1093 1868 1184 1899 1193 1926 1101"/></Shape></Glyph><Glyph ID="char_12" CONTENT="ר" GC="1.0"><Shape><Polygon POINTS="1877 1087 1850 1178 1868 1184 1895 1093"/></Shape></Glyph><Glyph ID="char_13" CONTENT=" " GC="1.0"><Shape><Polygon POINTS="1859 1082 1832 1173 1850 1178 1877 1087"/></Shape></Glyph><Glyph ID="char_14" CONTENT="ו" GC="1.0"><Shape><Polygon POINTS="1835 1075 1808 1166 1832 1173 1859 1082"/></Shape></Glyph><Glyph ID="char_15" CONTENT="מ" GC="1.0"><Shape><Polygon POINTS="1803 1067 1787 1161 1808 1166 1835 1075"/></Shape></Glyph><Glyph ID="char_16" CONTENT="ה" GC="1.0"><Shape><Polygon POINTS="1771 1062 1756 1156 1787 1161 1803 1067"/></Shape></Glyph><Glyph ID="char_17" CONTENT=" " GC="1.0"><Shape><Polygon POINTS="1752 1059 1737 1153 1756 1156 1771 1062"/></Shape></Glyph><Glyph ID="char_18" CONTENT="מ" GC="1.0"><Shape><Polygon POINTS="1727 1055 1711 1149 1737 1153 1752 1059"/></Shape></Glyph><Glyph ID="char_19" CONTENT="ע" GC="1.0"><Shape><Polygon POINTS="1708 1052 1692 1146 1711 1149 1727 1055"/></Shape></Glyph><Glyph ID="char_20" CONTENT=" " GC="1.0"><Shape><Polygon POINTS="1683 1048 1668 1142 1692 1146 1708 1052"/></Shape></Glyph></String>
          </TextLine>

          
          
          <TextLine ID="eSc_line_1790570" BASELINE="1700 1235 1826 1240 2002 1251" HPOS="1698.0" VPOS="1177.0" WIDTH="307.0" HEIGHT="112.0">
            <Shape><Polygon POINTS="1702 1177 1828 1182 2005 1193 1999 1289 1824 1278 1698 1273"/></Shape>
	    <String CONTENT=" עם יודע " HPOS="1698.0" VPOS="1177.0" WIDTH="307.0" HEIGHT="112.0"><Glyph ID="char_21" CONTENT=" " GC="1.0"><Shape><Polygon POINTS="1945 1189 1939 1285 1978 1288 1984 1192"/></Shape></Glyph><Glyph ID="char_22" CONTENT="ע" GC="1.0"><Shape><Polygon POINTS="1905 1187 1899 1283 1939 1285 1945 1189"/></Shape></Glyph><Glyph ID="char_23" CONTENT="ם" GC="1.0"><Shape><Polygon POINTS="1866 1184 1860 1280 1899 1283 1905 1187"/></Shape></Glyph><Glyph ID="char_24" CONTENT=" " GC="1.0"><Shape><Polygon POINTS="1846 1183 1840 1279 1860 1280 1866 1184"/></Shape></Glyph><Glyph ID="char_25" CONTENT="י" GC="1.0"><Shape><Polygon POINTS="1827 1182 1822 1278 1840 1279 1846 1183"/></Shape></Glyph><Glyph ID="char_26" CONTENT="ו" GC="1.0"><Shape><Polygon POINTS="1801 1181 1796 1277 1822 1278 1827 1182"/></Shape></Glyph><Glyph ID="char_27" CONTENT="ד" GC="1.0"><Shape><Polygon POINTS="1781 1180 1776 1276 1796 1277 1801 1181"/></Shape></Glyph><Glyph ID="char_28" CONTENT="ע" GC="1.0"><Shape><Polygon POINTS="1748 1179 1743 1275 1776 1276 1781 1180"/></Shape></Glyph><Glyph ID="char_29" CONTENT=" " GC="1.0"><Shape><Polygon POINTS="1709 1177 1704 1273 1743 1275 1748 1179"/></Shape></Glyph></String>
          </TextLine>

          
          
          <TextLine ID="eSc_line_1790571" BASELINE="1704 1359 1765 1355 1921 1355 1984 1359" HPOS="1700.0" VPOS="1297.0" WIDTH="287.0" HEIGHT="100.0">
            <Shape><Polygon POINTS="1700 1301 1761 1297 1921 1297 1987 1301 1981 1397 1921 1393 1767 1393 1706 1397"/></Shape>
	    <String CONTENT=" הוא רחו " HPOS="1700.0" VPOS="1297.0" WIDTH="287.0" HEIGHT="100.0"><Glyph ID="char_30" CONTENT=" " GC="1.0"><Shape><Polygon POINTS="1941 1298 1934 1394 1967 1396 1973 1300"/></Shape></Glyph><Glyph ID="char_31" CONTENT="ה" GC="1.0"><Shape><Polygon POINTS="1911 1297 1911 1393 1934 1394 1941 1298"/></Shape></Glyph><Glyph ID="char_32" CONTENT="ו" GC="1.0"><Shape><Polygon POINTS="1885 1297 1885 1393 1911 1393 1911 1297"/></Shape></Glyph><Glyph ID="char_33" CONTENT="א" GC="1.0"><Shape><Polygon POINTS="1859 1297 1859 1393 1885 1393 1885 1297"/></Shape></Glyph><Glyph ID="char_34" CONTENT=" " GC="1.0"><Shape><Polygon POINTS="1840 1297 1840 1393 1859 1393 1859 1297"/></Shape></Glyph><Glyph ID="char_35" CONTENT="ר" GC="1.0"><Shape><Polygon POINTS="1814 1297 1814 1393 1840 1393 1840 1297"/></Shape></Glyph><Glyph ID="char_36" CONTENT="ח" GC="1.0"><Shape><Polygon POINTS="1781 1297 1781 1393 1814 1393 1814 1297"/></Shape></Glyph><Glyph ID="char_37" CONTENT="ו" GC="1.0"><Shape><Polygon POINTS="1758 1297 1764 1393 1781 1393 1781 1297"/></Shape></Glyph><Glyph ID="char_38" CONTENT=" " GC="1.0"><Shape><Polygon POINTS="1719 1300 1725 1396 1764 1393 1758 1297"/></Shape></Glyph></String>
          </TextLine>

          
          
          <TextLine ID="eSc_line_1790572" BASELINE="1679 1438 1752 1436 1979 1447 2049 1443" HPOS="1677.0" VPOS="1378.0" WIDTH="374.0" HEIGHT="107.0">
            <Shape><Polygon POINTS="1677 1380 1750 1378 1981 1389 2045 1385 2051 1481 1977 1485 1753 1474 1680 1476"/></Shape>
	    <String CONTENT=" לענה לנגד " HPOS="1677.0" VPOS="1378.0" WIDTH="374.0" HEIGHT="107.0"><Glyph ID="char_39" CONTENT=" " GC="1.0"><Shape><Polygon POINTS="1980 1389 1975 1485 2025 1482 2019 1387"/></Shape></Glyph><Glyph ID="char_40" CONTENT="ל" GC="1.0"><Shape><Polygon POINTS="1954 1388 1949 1484 1975 1485 1980 1389"/></Shape></Glyph><Glyph ID="char_41" CONTENT="ע" GC="1.0"><Shape><Polygon POINTS="1928 1386 1923 1482 1949 1484 1954 1388"/></Shape></Glyph><Glyph ID="char_42" CONTENT="נ" GC="1.0"><Shape><Polygon POINTS="1896 1385 1891 1481 1923 1482 1928 1386"/></Shape></Glyph><Glyph ID="char_43" CONTENT="ה" GC="1.0"><Shape><Polygon POINTS="1870 1384 1865 1479 1891 1481 1896 1385"/></Shape></Glyph><Glyph ID="char_44" CONTENT=" " GC="1.0"><Shape><Polygon POINTS="1850 1383 1845 1479 1865 1479 1870 1384"/></Shape></Glyph><Glyph ID="char_45" CONTENT="ל" GC="1.0"><Shape><Polygon POINTS="1824 1382 1819 1477 1845 1479 1850 1383"/></Shape></Glyph><Glyph ID="char_46" CONTENT="נ" GC="1.0"><Shape><Polygon POINTS="1798 1380 1793 1476 1819 1477 1824 1382"/></Shape></Glyph><Glyph ID="char_47" CONTENT="ג" GC="1.0"><Shape><Polygon POINTS="1766 1379 1761 1474 1793 1476 1798 1380"/></Shape></Glyph><Glyph ID="char_48" CONTENT="ד" GC="1.0"><Shape><Polygon POINTS="1735 1378 1738 1474 1761 1474 1766 1379"/></Shape></Glyph><Glyph ID="char_49" CONTENT=" " GC="1.0"><Shape><Polygon POINTS="1696 1379 1699 1475 1738 1474 1735 1378"/></Shape></Glyph></String>
          </TextLine>

          
          
          <TextLine ID="eSc_line_1790573" BASELINE="1693 1533 1898 1540 1975 1549 2036 1560" HPOS="1691.0" VPOS="1475.0" WIDTH="355.0" HEIGHT="122.0">
            <Shape><Polygon POINTS="1694 1475 1899 1482 1981 1491 2046 1503 2029 1597 1970 1587 1896 1578 1691 1571"/></Shape>
	    <String CONTENT=" ה עמוק לא " HPOS="1691.0" VPOS="1475.0" WIDTH="355.0" HEIGHT="122.0"><Glyph ID="char_50" CONTENT=" " GC="1.0"><Shape><Polygon POINTS="1958 1489 1947 1584 1996 1591 2013 1497"/></Shape></Glyph><Glyph ID="char_51" CONTENT="ה" GC="1.0"><Shape><Polygon POINTS="1945 1487 1934 1583 1947 1584 1958 1489"/></Shape></Glyph><Glyph ID="char_52" CONTENT=" " GC="1.0"><Shape><Polygon POINTS="1926 1485 1915 1580 1934 1583 1945 1487"/></Shape></Glyph><Glyph ID="char_53" CONTENT="ע" GC="1.0"><Shape><Polygon POINTS="1896 1482 1892 1578 1915 1580 1926 1485"/></Shape></Glyph><Glyph ID="char_54" CONTENT="מ" GC="1.0"><Shape><Polygon POINTS="1857 1481 1853 1577 1892 1578 1896 1482"/></Shape></Glyph><Glyph ID="char_55" CONTENT="ו" GC="1.0"><Shape><Polygon POINTS="1824 1479 1820 1575 1853 1577 1857 1481"/></Shape></Glyph><Glyph ID="char_56" CONTENT="ק" GC="1.0"><Shape><Polygon POINTS="1798 1479 1794 1575 1820 1575 1824 1479"/></Shape></Glyph><Glyph ID="char_57" CONTENT=" " GC="1.0"><Shape><Polygon POINTS="1785 1478 1781 1574 1794 1575 1798 1479"/></Shape></Glyph><Glyph ID="char_58" CONTENT="ל" GC="1.0"><Shape><Polygon POINTS="1772 1478 1768 1574 1781 1574 1785 1478"/></Shape></Glyph><Glyph ID="char_59" CONTENT="א" GC="1.0"><Shape><Polygon POINTS="1746 1477 1742 1573 1768 1574 1772 1478"/></Shape></Glyph><Glyph ID="char_60" CONTENT=" " GC="1.0"><Shape><Polygon POINTS="1707 1475 1703 1571 1742 1573 1746 1477"/></Shape></Glyph></String>
          </TextLine>

          
        </TextBlock>
        

        
      </PrintSpace>
    </Page>
  </Layout>
</alto>