<?xml version='1.0' encoding='UTF-8'?>
<alto xmlns:xsi="http://www.w3.org/2001/XMLSchema-instance" xmlns="http://www.loc.gov/standards/alto/ns-v4#" xsi:schemaLocation="http://www.loc.gov/standards/alto/ns-v4# http://www.loc.gov/standards/alto/v4/alto-4-2.xsd">
  <Description>
    <MeasurementUnit>pixel</MeasurementUnit>
    <sourceImageInformation>
      <fileName>P591-Fg010-R-C01-R01-D06032013-T110703-LR924_012.jpg</fileName>
      
    </sourceImageInformation>
  </Description>
  
  <Tags>
    <OtherTag ID="BT1443" LABEL="Parchment_or_papyrus" DESCRIPTION="block type Parchment_or_papyrus"/><OtherTag ID="BT2" LABEL="Main" DESCRIPTION="block type Main"/>
    
  </Tags>
  
  <Layout>
    <Page WIDTH="3608" HEIGHT="2706" PHYSICAL_IMG_NR="36" ID="eSc_dummypage_">
      <PrintSpace HPOS="0" VPOS="0" WIDTH="3608" HEIGHT="2706">
        
        <TextBlock HPOS="1452.0" VPOS="982.0" WIDTH="919.0" HEIGHT="495.0" ID="eSc_textblock_dbee3dad" TAGREFS="BT2">
          <Shape><Polygon POINTS="1452 982 1452 1477 2371 1477 2371 982"/></Shape>
          
          
          <TextLine ID="eSc_line_1790578" BASELINE="1700 1082 2015 1093 2255 1086" HPOS="1698.0" VPOS="1022.0" WIDTH="558.0" HEIGHT="110.0">
            <Shape><Polygon POINTS="1702 1022 2017 1033 2253 1026 2256 1125 2013 1132 1698 1121"/></Shape>
	    <String CONTENT=" רשע ומ רם לגבר מצד " HPOS="1698.0" VPOS="1022.0" WIDTH="558.0" HEIGHT="110.0"><Glyph ID="char_0" CONTENT=" " GC="1.0"><Shape><Polygon POINTS="2233 1027 2236 1126 2249 1125 2246 1026"/></Shape></Glyph><Glyph ID="char_1" CONTENT="ר" GC="1.0"><Shape><Polygon POINTS="2219 1027 2222 1126 2236 1126 2233 1027"/></Shape></Glyph><Glyph ID="char_2" CONTENT="ש" GC="1.0"><Shape><Polygon POINTS="2179 1028 2182 1127 2222 1126 2219 1027"/></Shape></Glyph><Glyph ID="char_3" CONTENT="ע" GC="1.0"><Shape><Polygon POINTS="2146 1029 2149 1128 2182 1127 2179 1028"/></Shape></Glyph><Glyph ID="char_4" CONTENT=" " GC="1.0"><Shape><Polygon POINTS="2119 1030 2122 1129 2149 1128 2146 1029"/></Shape></Glyph><Glyph ID="char_5" CONTENT="ו" GC="1.0"><Shape><Polygon POINTS="2099 1031 2102 1129 2122 1129 2119 1030"/></Shape></Glyph><Glyph ID="char_6" CONTENT="מ" GC="1.0"><Shape><Polygon POINTS="2059 1032 2062 1131 2102 1129 2099 1031"/></Shape></Glyph><Glyph ID="char_7" CONTENT=" " GC="1.0"><Shape><Polygon POINTS="2019 1033 2022 1132 2062 1131 2059 1032"/></Shape></Glyph><Glyph ID="char_8" CONTENT="ר" GC="1.0"><Shape><Polygon POINTS="1989 1032 1985 1131 2022 1132 2019 1033"/></Shape></Glyph><Glyph ID="char_9" CONTENT="ם" GC="1.0"><Shape><Polygon POINTS="1962 1031 1958 1130 1985 1131 1989 1032"/></Shape></Glyph><Glyph ID="char_10" CONTENT=" " GC="1.0"><Shape><Polygon POINTS="1942 1030 1938 1129 1958 1130 1962 1031"/></Shape></Glyph><Glyph ID="char_11" CONTENT="ל" GC="1.0"><Shape><Polygon POINTS="1922 1030 1918 1129 1938 1129 1942 1030"/></Shape></Glyph><Glyph ID="char_12" CONTENT="ג" GC="1.0"><Shape><Polygon POINTS="1902 1029 1898 1128 1918 1129 1922 1030"/></Shape></Glyph><Glyph ID="char_13" CONTENT="ב" GC="1.0"><Shape><Polygon POINTS="1875 1028 1871 1127 1898 1128 1902 1029"/></Shape></Glyph><Glyph ID="char_14" CONTENT="ר" GC="1.0"><Shape><Polygon POINTS="1855 1027 1851 1126 1871 1127 1875 1028"/></Shape></Glyph><Glyph ID="char_15" CONTENT=" " GC="1.0"><Shape><Polygon POINTS="1835 1027 1831 1126 1851 1126 1855 1027"/></Shape></Glyph><Glyph ID="char_16" CONTENT="מ" GC="1.0"><Shape><Polygon POINTS="1808 1026 1804 1125 1831 1126 1835 1027"/></Shape></Glyph><Glyph ID="char_17" CONTENT="צ" GC="1.0"><Shape><Polygon POINTS="1775 1025 1771 1124 1804 1125 1808 1026"/></Shape></Glyph><Glyph ID="char_18" CONTENT="ד" GC="1.0"><Shape><Polygon POINTS="1748 1024 1744 1123 1771 1124 1775 1025"/></Shape></Glyph><Glyph ID="char_19" CONTENT=" " GC="1.0"><Shape><Polygon POINTS="1708 1022 1704 1121 1744 1123 1748 1024"/></Shape></Glyph></String>
          </TextLine>

          
          
          <TextLine ID="eSc_line_1790579" BASELINE="1544 1199 1648 1204 1734 1192 1970 1177 2207 1174 2302 1179" HPOS="1542.0" VPOS="1114.0" WIDTH="763.0" HEIGHT="129.0">
            <Shape><Polygon POINTS="1546 1139 1650 1144 1725 1132 1966 1117 2206 1114 2305 1119 2299 1218 2207 1213 1972 1216 1739 1231 1646 1243 1542 1238"/></Shape>
	    <String CONTENT=" ואין לענה לנגדו מנוקם לנטור בלו " HPOS="1542.0" VPOS="1114.0" WIDTH="763.0" HEIGHT="129.0"><Glyph ID="char_20" CONTENT=" " GC="1.0"><Shape><Polygon POINTS="2272 1117 2266 1216 2286 1217 2292 1118"/></Shape></Glyph><Glyph ID="char_21" CONTENT="ו" GC="1.0"><Shape><Polygon POINTS="2265 1117 2259 1216 2266 1216 2272 1117"/></Shape></Glyph><Glyph ID="char_22" CONTENT="א" GC="1.0"><Shape><Polygon POINTS="2245 1116 2239 1215 2259 1216 2265 1117"/></Shape></Glyph><Glyph ID="char_23" CONTENT="י" GC="1.0"><Shape><Polygon POINTS="2225 1115 2219 1214 2239 1215 2245 1116"/></Shape></Glyph><Glyph ID="char_24" CONTENT="ן" GC="1.0"><Shape><Polygon POINTS="2212 1114 2206 1213 2219 1214 2225 1115"/></Shape></Glyph><Glyph ID="char_25" CONTENT=" " GC="1.0"><Shape><Polygon POINTS="2194 1114 2195 1213 2206 1213 2212 1114"/></Shape></Glyph><Glyph ID="char_26" CONTENT="ל" GC="1.0"><Shape><Polygon POINTS="2174 1114 2175 1213 2195 1213 2194 1114"/></Shape></Glyph><Glyph ID="char_27" CONTENT="ע" GC="1.0"><Shape><Polygon POINTS="2141 1115 2142 1214 2175 1213 2174 1114"/></Shape></Glyph><Glyph ID="char_28" CONTENT="נ" GC="1.0"><Shape><Polygon POINTS="2114 1115 2115 1214 2142 1214 2141 1115"/></Shape></Glyph><Glyph ID="char_29" CONTENT="ה" GC="1.0"><Shape><Polygon POINTS="2088 1115 2089 1215 2115 1214 2114 1115"/></Shape></Glyph><Glyph ID="char_30" CONTENT=" " GC="1.0"><Shape><Polygon POINTS="2074 1116 2075 1215 2089 1215 2088 1115"/></Shape></Glyph><Glyph ID="char_31" CONTENT="ל" GC="1.0"><Shape><Polygon POINTS="2054 1116 2055 1215 2075 1215 2074 1116"/></Shape></Glyph><Glyph ID="char_32" CONTENT="נ" GC="1.0"><Shape><Polygon POINTS="2028 1116 2029 1215 2055 1215 2054 1116"/></Shape></Glyph><Glyph ID="char_33" CONTENT="ג" GC="1.0"><Shape><Polygon POINTS="1994 1117 1995 1216 2029 1215 2028 1116"/></Shape></Glyph><Glyph ID="char_34" CONTENT="ד" GC="1.0"><Shape><Polygon POINTS="1965 1117 1971 1216 1995 1216 1994 1117"/></Shape></Glyph><Glyph ID="char_35" CONTENT="ו" GC="1.0"><Shape><Polygon POINTS="1945 1118 1951 1217 1971 1216 1965 1117"/></Shape></Glyph><Glyph ID="char_36" CONTENT=" " GC="1.0"><Shape><Polygon POINTS="1925 1120 1931 1219 1951 1217 1945 1118"/></Shape></Glyph><Glyph ID="char_37" CONTENT="מ" GC="1.0"><Shape><Polygon POINTS="1898 1121 1904 1220 1931 1219 1925 1120"/></Shape></Glyph><Glyph ID="char_38" CONTENT="נ" GC="1.0"><Shape><Polygon POINTS="1871 1123 1877 1222 1904 1220 1898 1121"/></Shape></Glyph><Glyph ID="char_39" CONTENT="ו" GC="1.0"><Shape><Polygon POINTS="1845 1125 1851 1224 1877 1222 1871 1123"/></Shape></Glyph><Glyph ID="char_40" CONTENT="ק" GC="1.0"><Shape><Polygon POINTS="1811 1127 1817 1226 1851 1224 1845 1125"/></Shape></Glyph><Glyph ID="char_41" CONTENT="ם" GC="1.0"><Shape><Polygon POINTS="1785 1128 1791 1228 1817 1226 1811 1127"/></Shape></Glyph><Glyph ID="char_42" CONTENT=" " GC="1.0"><Shape><Polygon POINTS="1765 1130 1771 1229 1791 1228 1785 1128"/></Shape></Glyph><Glyph ID="char_43" CONTENT="ל" GC="1.0"><Shape><Polygon POINTS="1751 1130 1757 1230 1771 1229 1765 1130"/></Shape></Glyph><Glyph ID="char_44" CONTENT="נ" GC="1.0"><Shape><Polygon POINTS="1731 1132 1737 1231 1757 1230 1751 1130"/></Shape></Glyph><Glyph ID="char_45" CONTENT="ט" GC="1.0"><Shape><Polygon POINTS="1694 1137 1708 1235 1737 1231 1731 1132"/></Shape></Glyph><Glyph ID="char_46" CONTENT="ו" GC="1.0"><Shape><Polygon POINTS="1661 1142 1675 1239 1708 1235 1694 1137"/></Shape></Glyph><Glyph ID="char_47" CONTENT="ר" GC="1.0"><Shape><Polygon POINTS="1648 1144 1661 1241 1675 1239 1661 1142"/></Shape></Glyph><Glyph ID="char_48" CONTENT=" " GC="1.0"><Shape><Polygon POINTS="1639 1143 1634 1242 1661 1241 1648 1144"/></Shape></Glyph><Glyph ID="char_49" CONTENT="ב" GC="1.0"><Shape><Polygon POINTS="1619 1143 1614 1241 1634 1242 1639 1143"/></Shape></Glyph><Glyph ID="char_50" CONTENT="ל" GC="1.0"><Shape><Polygon POINTS="1593 1141 1588 1240 1614 1241 1619 1143"/></Shape></Glyph><Glyph ID="char_51" CONTENT="ו" GC="1.0"><Shape><Polygon POINTS="1579 1141 1574 1240 1588 1240 1593 1141"/></Shape></Glyph><Glyph ID="char_52" CONTENT=" " GC="1.0"><Shape><Polygon POINTS="1553 1139 1548 1238 1574 1240 1579 1141"/></Shape></Glyph></String>
          </TextLine>

          
          
          <TextLine ID="eSc_line_1790581" BASELINE="1533 1334 1621 1328 1684 1330 1779 1274 1826 1283 2295 1278" HPOS="1528.0" VPOS="1218.0" WIDTH="767.0" HEIGHT="155.0">
            <Shape><Polygon POINTS="1528 1274 1616 1268 1685 1270 1748 1222 1837 1224 2294 1218 2295 1317 1818 1322 1799 1308 1682 1369 1623 1367 1535 1373"/></Shape>
	    <String CONTENT=" ש משפט נפשו כ צדיק בכל " HPOS="1528.0" VPOS="1218.0" WIDTH="767.0" HEIGHT="155.0"><Glyph ID="char_53" CONTENT=" " GC="1.0"><Shape><Polygon POINTS="2240 1219 2241 1318 2275 1317 2274 1218"/></Shape></Glyph><Glyph ID="char_54" CONTENT="ש" GC="1.0"><Shape><Polygon POINTS="2220 1219 2221 1318 2241 1318 2240 1219"/></Shape></Glyph><Glyph ID="char_55" CONTENT=" " GC="1.0"><Shape><Polygon POINTS="2193 1219 2194 1318 2221 1318 2220 1219"/></Shape></Glyph><Glyph ID="char_56" CONTENT="מ" GC="1.0"><Shape><Polygon POINTS="2173 1220 2174 1318 2194 1318 2193 1219"/></Shape></Glyph><Glyph ID="char_57" CONTENT="ש" GC="1.0"><Shape><Polygon POINTS="2139 1220 2140 1319 2174 1318 2173 1220"/></Shape></Glyph><Glyph ID="char_58" CONTENT="פ" GC="1.0"><Shape><Polygon POINTS="2099 1221 2100 1319 2140 1319 2139 1220"/></Shape></Glyph><Glyph ID="char_59" CONTENT="ט" GC="1.0"><Shape><Polygon POINTS="2072 1221 2073 1319 2100 1319 2099 1221"/></Shape></Glyph><Glyph ID="char_60" CONTENT=" " GC="1.0"><Shape><Polygon POINTS="2045 1221 2046 1320 2073 1319 2072 1221"/></Shape></Glyph><Glyph ID="char_61" CONTENT="נ" GC="1.0"><Shape><Polygon POINTS="2025 1222 2026 1320 2046 1320 2045 1221"/></Shape></Glyph><Glyph ID="char_62" CONTENT="פ" GC="1.0"><Shape><Polygon POINTS="2005 1222 2006 1320 2026 1320 2025 1222"/></Shape></Glyph><Glyph ID="char_63" CONTENT="ש" GC="1.0"><Shape><Polygon POINTS="1965 1222 1966 1320 2006 1320 2005 1222"/></Shape></Glyph><Glyph ID="char_64" CONTENT="ו" GC="1.0"><Shape><Polygon POINTS="1931 1223 1932 1321 1966 1320 1965 1222"/></Shape></Glyph><Glyph ID="char_65" CONTENT=" " GC="1.0"><Shape><Polygon POINTS="1911 1223 1912 1321 1932 1321 1931 1223"/></Shape></Glyph><Glyph ID="char_66" CONTENT="כ" GC="1.0"><Shape><Polygon POINTS="1884 1223 1885 1321 1912 1321 1911 1223"/></Shape></Glyph><Glyph ID="char_67" CONTENT=" " GC="1.0"><Shape><Polygon POINTS="1864 1224 1865 1322 1885 1321 1884 1223"/></Shape></Glyph><Glyph ID="char_68" CONTENT="צ" GC="1.0"><Shape><Polygon POINTS="1844 1224 1845 1322 1865 1322 1864 1224"/></Shape></Glyph><Glyph ID="char_69" CONTENT="ד" GC="1.0"><Shape><Polygon POINTS="1836 1224 1817 1321 1845 1322 1844 1224"/></Shape></Glyph><Glyph ID="char_70" CONTENT="י" GC="1.0"><Shape><Polygon POINTS="1829 1224 1811 1317 1817 1321 1836 1224"/></Shape></Glyph><Glyph ID="char_71" CONTENT="ק" GC="1.0"><Shape><Polygon POINTS="1710 1251 1757 1330 1811 1317 1829 1224"/></Shape></Glyph><Glyph ID="char_72" CONTENT=" " GC="1.0"><Shape><Polygon POINTS="1662 1269 1659 1368 1757 1330 1710 1251"/></Shape></Glyph><Glyph ID="char_73" CONTENT="ב" GC="1.0"><Shape><Polygon POINTS="1635 1269 1632 1367 1659 1368 1662 1269"/></Shape></Glyph><Glyph ID="char_74" CONTENT="כ" GC="1.0"><Shape><Polygon POINTS="1602 1269 1608 1368 1632 1367 1635 1269"/></Shape></Glyph><Glyph ID="char_75" CONTENT="ל" GC="1.0"><Shape><Polygon POINTS="1582 1270 1589 1369 1608 1368 1602 1269"/></Shape></Glyph><Glyph ID="char_76" CONTENT=" " GC="1.0"><Shape><Polygon POINTS="1542 1273 1549 1372 1589 1369 1582 1270"/></Shape></Glyph></String>
          </TextLine>

          
          
          <TextLine ID="eSc_line_1790582" BASELINE="1779 1377 2121 1377" HPOS="1779.0" VPOS="1317.0" WIDTH="342.0" HEIGHT="100.0">
            <Shape><Polygon POINTS="1779 1317 2121 1317 2121 1417 1779 1417"/></Shape>
	    <String CONTENT=" שע משנו " HPOS="1779.0" VPOS="1317.0" WIDTH="342.0" HEIGHT="100.0"><Glyph ID="char_77" CONTENT=" " GC="1.0"><Shape><Polygon POINTS="2033 1317 2033 1417 2088 1417 2088 1317"/></Shape></Glyph><Glyph ID="char_78" CONTENT="ש" GC="1.0"><Shape><Polygon POINTS="1998 1317 1998 1417 2033 1417 2033 1317"/></Shape></Glyph><Glyph ID="char_79" CONTENT="ע" GC="1.0"><Shape><Polygon POINTS="1978 1317 1978 1417 1998 1417 1998 1317"/></Shape></Glyph><Glyph ID="char_80" CONTENT=" " GC="1.0"><Shape><Polygon POINTS="1957 1317 1957 1417 1978 1417 1978 1317"/></Shape></Glyph><Glyph ID="char_81" CONTENT="מ" GC="1.0"><Shape><Polygon POINTS="1916 1317 1916 1417 1957 1417 1957 1317"/></Shape></Glyph><Glyph ID="char_82" CONTENT="ש" GC="1.0"><Shape><Polygon POINTS="1882 1317 1882 1417 1916 1417 1916 1317"/></Shape></Glyph><Glyph ID="char_83" CONTENT="נ" GC="1.0"><Shape><Polygon POINTS="1861 1317 1861 1417 1882 1417 1882 1317"/></Shape></Glyph><Glyph ID="char_84" CONTENT="ו" GC="1.0"><Shape><Polygon POINTS="1848 1317 1848 1417 1861 1417 1861 1317"/></Shape></Glyph><Glyph ID="char_85" CONTENT=" " GC="1.0"><Shape><Polygon POINTS="1800 1317 1800 1417 1848 1417 1848 1317"/></Shape></Glyph></String>
          </TextLine>

          
        </TextBlock>
        

        
      </PrintSpace>
    </Page>
  </Layout>
</alto>