<?xml version='1.0' encoding='UTF-8'?>
<alto xmlns:xsi="http://www.w3.org/2001/XMLSchema-instance" xmlns="http://www.loc.gov/standards/alto/ns-v4#" xsi:schemaLocation="http://www.loc.gov/standards/alto/ns-v4# http://www.loc.gov/standards/alto/v4/alto-4-2.xsd">
  <Description>
    <MeasurementUnit>pixel</MeasurementUnit>
    <sourceImageInformation>
      <fileName>P591-Fg011-R-C01-R01-D06032013-T111613-LR924_012.jpg</fileName>
      
    </sourceImageInformation>
  </Description>
  
  <Tags>
    <OtherTag ID="BT1443" LABEL="Parchment_or_papyrus" DESCRIPTION="block type Parchment_or_papyrus"/><OtherTag ID="BT2" LABEL="Main" DESCRIPTION="block type Main"/>
    
  </Tags>
  
  <Layout>
    <Page WIDTH="3608" HEIGHT="2706" PHYSICAL_IMG_NR="103" ID="eSc_dummypage_">
      <PrintSpace HPOS="0" VPOS="0" WIDTH="3608" HEIGHT="2706">
        
        <TextBlock HPOS="1547.0" VPOS="1154.0" WIDTH="494.0" HEIGHT="398.0" ID="eSc_textblock_abf8cb6c" TAGREFS="BT2">
          <Shape><Polygon POINTS="1547 1154 1547 1552 2041 1552 2041 1154"/></Shape>
          
          
          <TextLine ID="eSc_line_1790583" BASELINE="1628 1247 1767 1217 1815 1217" HPOS="1616.0" VPOS="1160.0" WIDTH="199.0" HEIGHT="123.0">
            <Shape><Polygon POINTS="1616 1191 1755 1161 1815 1160 1815 1254 1774 1253 1635 1283"/></Shape>
	    <String CONTENT=" לאיש " HPOS="1616.0" VPOS="1160.0" WIDTH="199.0" HEIGHT="123.0"><Glyph ID="char_0" CONTENT=" " GC="1.0"><Shape><Polygon POINTS="1783 1161 1783 1253 1809 1254 1809 1160"/></Shape></Glyph><Glyph ID="char_1" CONTENT="ל" GC="1.0"><Shape><Polygon POINTS="1752 1162 1772 1254 1783 1253 1783 1161"/></Shape></Glyph><Glyph ID="char_2" CONTENT="א" GC="1.0"><Shape><Polygon POINTS="1721 1168 1740 1260 1772 1254 1752 1162"/></Shape></Glyph><Glyph ID="char_3" CONTENT="י" GC="1.0"><Shape><Polygon POINTS="1696 1174 1716 1266 1740 1260 1721 1168"/></Shape></Glyph><Glyph ID="char_4" CONTENT="ש" GC="1.0"><Shape><Polygon POINTS="1665 1180 1685 1272 1716 1266 1696 1174"/></Shape></Glyph><Glyph ID="char_5" CONTENT=" " GC="1.0"><Shape><Polygon POINTS="1621 1190 1641 1282 1685 1272 1665 1180"/></Shape></Glyph></String>
          </TextLine>

          
          
          <TextLine ID="eSc_line_1790585" BASELINE="1508 1355 1605 1346 1785 1303 1891 1276 1919 1274 1943 1267 1993 1262 2058 1265" HPOS="1502.0" VPOS="1205.0" WIDTH="558.0" HEIGHT="187.0">
            <Shape><Polygon POINTS="1502 1298 1599 1289 1771 1248 1877 1221 1914 1217 1927 1212 1987 1205 2060 1208 2056 1302 1996 1299 1953 1303 1921 1311 1900 1312 1793 1339 1608 1383 1511 1392"/></Shape>
	    <String CONTENT=" שפט מה רע לאיש וא " HPOS="1502.0" VPOS="1205.0" WIDTH="558.0" HEIGHT="187.0"><Glyph ID="char_6" CONTENT=" " GC="1.0"><Shape><Polygon POINTS="2021 1206 2017 1300 2049 1302 2053 1208"/></Shape></Glyph><Glyph ID="char_7" CONTENT="ש" GC="1.0"><Shape><Polygon POINTS="1981 1206 1991 1300 2017 1300 2021 1206"/></Shape></Glyph><Glyph ID="char_8" CONTENT="פ" GC="1.0"><Shape><Polygon POINTS="1943 1210 1953 1303 1991 1300 1981 1206"/></Shape></Glyph><Glyph ID="char_9" CONTENT="ט" GC="1.0"><Shape><Polygon POINTS="1908 1218 1934 1308 1953 1303 1943 1210"/></Shape></Glyph><Glyph ID="char_10" CONTENT=" " GC="1.0"><Shape><Polygon POINTS="1895 1219 1902 1312 1934 1308 1908 1218"/></Shape></Glyph><Glyph ID="char_11" CONTENT="מ" GC="1.0"><Shape><Polygon POINTS="1848 1228 1871 1319 1902 1312 1895 1219"/></Shape></Glyph><Glyph ID="char_12" CONTENT="ה" GC="1.0"><Shape><Polygon POINTS="1817 1236 1840 1327 1871 1319 1848 1228"/></Shape></Glyph><Glyph ID="char_13" CONTENT=" " GC="1.0"><Shape><Polygon POINTS="1799 1241 1822 1332 1840 1327 1817 1236"/></Shape></Glyph><Glyph ID="char_14" CONTENT="ר" GC="1.0"><Shape><Polygon POINTS="1773 1247 1797 1338 1822 1332 1799 1241"/></Shape></Glyph><Glyph ID="char_15" CONTENT="ע" GC="1.0"><Shape><Polygon POINTS="1744 1254 1766 1345 1797 1338 1773 1247"/></Shape></Glyph><Glyph ID="char_16" CONTENT=" " GC="1.0"><Shape><Polygon POINTS="1719 1260 1741 1351 1766 1345 1744 1254"/></Shape></Glyph><Glyph ID="char_17" CONTENT="ל" GC="1.0"><Shape><Polygon POINTS="1695 1266 1716 1357 1741 1351 1719 1260"/></Shape></Glyph><Glyph ID="char_18" CONTENT="א" GC="1.0"><Shape><Polygon POINTS="1676 1271 1698 1362 1716 1357 1695 1266"/></Shape></Glyph><Glyph ID="char_19" CONTENT="י" GC="1.0"><Shape><Polygon POINTS="1657 1275 1678 1366 1698 1362 1676 1271"/></Shape></Glyph><Glyph ID="char_20" CONTENT="ש" GC="1.0"><Shape><Polygon POINTS="1614 1285 1635 1376 1678 1366 1657 1275"/></Shape></Glyph><Glyph ID="char_21" CONTENT=" " GC="1.0"><Shape><Polygon POINTS="1584 1290 1593 1384 1635 1376 1614 1285"/></Shape></Glyph><Glyph ID="char_22" CONTENT="ו" GC="1.0"><Shape><Polygon POINTS="1565 1292 1574 1386 1593 1384 1584 1290"/></Shape></Glyph><Glyph ID="char_23" CONTENT="א" GC="1.0"><Shape><Polygon POINTS="1547 1294 1555 1388 1574 1386 1565 1292"/></Shape></Glyph><Glyph ID="char_24" CONTENT=" " GC="1.0"><Shape><Polygon POINTS="1515 1297 1523 1391 1555 1388 1547 1294"/></Shape></Glyph></String>
          </TextLine>

          
          
          <TextLine ID="eSc_line_1790586" BASELINE="1625 1425 1882 1411 1973 1411" HPOS="1621.0" VPOS="1354.0" WIDTH="352.0" HEIGHT="108.0">
            <Shape><Polygon POINTS="1621 1368 1878 1354 1973 1354 1973 1448 1884 1448 1627 1462"/></Shape>
	    <String CONTENT=" לא יקח " HPOS="1621.0" VPOS="1354.0" WIDTH="352.0" HEIGHT="108.0"><Glyph ID="char_25" CONTENT=" " GC="1.0"><Shape><Polygon POINTS="1929 1354 1929 1448 1960 1448 1960 1354"/></Shape></Glyph><Glyph ID="char_26" CONTENT="ל" GC="1.0"><Shape><Polygon POINTS="1903 1354 1903 1448 1929 1448 1929 1354"/></Shape></Glyph><Glyph ID="char_27" CONTENT="א" GC="1.0"><Shape><Polygon POINTS="1875 1354 1880 1448 1903 1448 1903 1354"/></Shape></Glyph><Glyph ID="char_28" CONTENT=" " GC="1.0"><Shape><Polygon POINTS="1862 1355 1867 1449 1880 1448 1875 1354"/></Shape></Glyph><Glyph ID="char_29" CONTENT="י" GC="1.0"><Shape><Polygon POINTS="1837 1356 1842 1450 1867 1449 1862 1355"/></Shape></Glyph><Glyph ID="char_30" CONTENT="ק" GC="1.0"><Shape><Polygon POINTS="1792 1359 1797 1453 1842 1450 1837 1356"/></Shape></Glyph><Glyph ID="char_31" CONTENT="ח" GC="1.0"><Shape><Polygon POINTS="1761 1360 1766 1454 1797 1453 1792 1359"/></Shape></Glyph><Glyph ID="char_32" CONTENT=" " GC="1.0"><Shape><Polygon POINTS="1678 1365 1683 1459 1766 1454 1761 1360"/></Shape></Glyph></String>
          </TextLine>

          
        </TextBlock>
        

        
        <TextBlock ID="eSc_dummyblock_">
          
          
          <TextLine ID="eSc_line_2802918f" BASELINE="1510 1348 1623 1337 1923 1265 2058 1258" HPOS="1499" VPOS="1186" WIDTH="566" HEIGHT="239">
            <Shape><Polygon POINTS="1510 1348 1499 1271 1506 1267 1515 1274 1562 1256 1621 1285 1688 1271 1709 1253 1725 1262 1758 1258 1770 1247 1779 1251 1792 1231 1799 1235 1826 1201 1905 1186 1968 1204 2040 1201 2058 1258 2065 1316 2049 1330 1957 1348 1900 1316 1873 1332 1842 1323 1781 1337 1758 1366 1740 1362 1725 1371 1686 1359 1679 1373 1641 1366 1623 1380 1605 1375 1569 1418 1555 1409 1531 1425"/></Shape>
	    <String CONTENT="" HPOS="1499" VPOS="1186" WIDTH="566" HEIGHT="239"/>
          </TextLine>

          
          
          <TextLine ID="eSc_line_8d96ab40" BASELINE="1625 1249 1774 1215 1819 1215" HPOS="1587" VPOS="974" WIDTH="230" HEIGHT="311">
            <Shape><Polygon POINTS="1625 1249 1587 1046 1628 1037 1666 983 1718 974 1765 985 1817 1231 1756 1260 1734 1265 1709 1253 1684 1276 1637 1285"/></Shape>
	    <String CONTENT="" HPOS="1587" VPOS="974" WIDTH="230" HEIGHT="311"/>
          </TextLine>

          
          
          <TextLine ID="eSc_line_a8ad20d4" BASELINE="1607 1416 1781 1416 1961 1398" HPOS="1607" VPOS="1359" WIDTH="354" HEIGHT="187">
            <Shape><Polygon POINTS="1607 1416 1610 1377 1652 1375 1734 1391 1849 1375 1876 1382 1891 1366 1952 1359 1961 1398 1959 1468 1885 1481 1822 1542 1736 1546 1675 1504 1614 1486"/></Shape>
	    <String CONTENT="" HPOS="1607" VPOS="1359" WIDTH="354" HEIGHT="187"/>
          </TextLine>

          
        </TextBlock>
        
      </PrintSpace>
    </Page>
  </Layout>
</alto>