<?xml version='1.0' encoding='UTF-8'?>
<alto xmlns:xsi="http://www.w3.org/2001/XMLSchema-instance" xmlns="http://www.loc.gov/standards/alto/ns-v4#" xsi:schemaLocation="http://www.loc.gov/standards/alto/ns-v4# http://www.loc.gov/standards/alto/v4/alto-4-2.xsd">
  <Description>
    <MeasurementUnit>pixel</MeasurementUnit>
    <sourceImageInformation>
      <fileName>P604-Fg003-R-C01-R01-D03122012-T140029-LR924 _012.jpg</fileName>
      
    </sourceImageInformation>
  </Description>
  
  <Tags>
    <OtherTag ID="BT1443" LABEL="Parchment_or_papyrus" DESCRIPTION="block type Parchment_or_papyrus"/><OtherTag ID="BT2" LABEL="Main" DESCRIPTION="block type Main"/>
    
  </Tags>
  
  <Layout>
    <Page WIDTH="3608" HEIGHT="2706" PHYSICAL_IMG_NR="169" ID="eSc_dummypage_">
      <PrintSpace HPOS="0" VPOS="0" WIDTH="3608" HEIGHT="2706">
        
        <TextBlock HPOS="1117.0" VPOS="552.0" WIDTH="1692.0" HEIGHT="1672.0" ID="eSc_textblock_c09e9e60" TAGREFS="BT2">
          <Shape><Polygon POINTS="1117 552 1117 2224 2809 2224 2809 552"/></Shape>
          
          
          <TextLine ID="eSc_line_1773669" BASELINE="2000 685 2052 690 2502 610" HPOS="1994.0" VPOS="518.0" WIDTH="518.0" HEIGHT="233.0">
            <Shape><Polygon POINTS="2008 592 2060 597 2485 518 2512 671 2046 751 1994 746"/></Shape>
	    <String CONTENT=" וא הכין ע " HPOS="1994.0" VPOS="518.0" WIDTH="518.0" HEIGHT="233.0"><Glyph ID="char_0" CONTENT=" " GC="1.0"><Shape><Polygon POINTS="2382 537 2409 689 2491 675 2464 522"/></Shape></Glyph><Glyph ID="char_1" CONTENT="ו" GC="1.0"><Shape><Polygon POINTS="2310 550 2337 701 2409 689 2382 537"/></Shape></Glyph><Glyph ID="char_2" CONTENT="א" GC="1.0"><Shape><Polygon POINTS="2259 560 2286 710 2337 701 2310 550"/></Shape></Glyph><Glyph ID="char_3" CONTENT=" " GC="1.0"><Shape><Polygon POINTS="2198 571 2225 720 2286 710 2259 560"/></Shape></Glyph><Glyph ID="char_4" CONTENT="ה" GC="1.0"><Shape><Polygon POINTS="2137 583 2164 731 2225 720 2198 571"/></Shape></Glyph><Glyph ID="char_5" CONTENT="כ" GC="1.0"><Shape><Polygon POINTS="2096 590 2122 738 2164 731 2137 583"/></Shape></Glyph><Glyph ID="char_6" CONTENT="י" GC="1.0"><Shape><Polygon POINTS="2065 596 2092 743 2122 738 2096 590"/></Shape></Glyph><Glyph ID="char_7" CONTENT="ן" GC="1.0"><Shape><Polygon POINTS="2061 597 2044 751 2092 743 2065 596"/></Shape></Glyph><Glyph ID="char_8" CONTENT=" " GC="1.0"><Shape><Polygon POINTS="2030 594 2013 748 2044 751 2061 597"/></Shape></Glyph><Glyph ID="char_9" CONTENT="ע" GC="1.0"><Shape><Polygon POINTS="1999 684 2019 686"/></Shape></Glyph><Glyph ID="char_10" CONTENT=" " GC="1.0"><Shape><Polygon POINTS="1999 684 1999 684"/></Shape></Glyph></String>
          </TextLine>

          
          
          <TextLine ID="eSc_line_1773670" BASELINE="1997 836 2191 823 2471 770" HPOS="1990.0" VPOS="678.0" WIDTH="492.0" HEIGHT="219.0">
            <Shape><Polygon POINTS="1990 743 2184 730 2453 678 2482 830 2195 884 2001 897"/></Shape>
	    <String CONTENT=" פלג שכ ם " HPOS="1990.0" VPOS="678.0" WIDTH="492.0" HEIGHT="219.0"><Glyph ID="char_11" CONTENT=" " GC="1.0"><Shape><Polygon POINTS="2329 702 2358 853 2430 840 2401 688"/></Shape></Glyph><Glyph ID="char_12" CONTENT="פ" GC="1.0"><Shape><Polygon POINTS="2288 710 2317 861 2358 853 2329 702"/></Shape></Glyph><Glyph ID="char_13" CONTENT="ל" GC="1.0"><Shape><Polygon POINTS="2237 720 2266 871 2317 861 2288 710"/></Shape></Glyph><Glyph ID="char_14" CONTENT="ג" GC="1.0"><Shape><Polygon POINTS="2186 730 2215 880 2266 871 2237 720"/></Shape></Glyph><Glyph ID="char_15" CONTENT=" " GC="1.0"><Shape><Polygon POINTS="2156 732 2167 886 2215 880 2186 730"/></Shape></Glyph><Glyph ID="char_16" CONTENT="ש" GC="1.0"><Shape><Polygon POINTS="2094 736 2104 890 2167 886 2156 732"/></Shape></Glyph><Glyph ID="char_17" CONTENT="כ" GC="1.0"><Shape><Polygon POINTS="2032 740 2042 894 2104 890 2094 736"/></Shape></Glyph><Glyph ID="char_18" CONTENT=" " GC="1.0"><Shape><Polygon POINTS="2001 742 2011 896 2042 894 2032 740"/></Shape></Glyph><Glyph ID="char_19" CONTENT="ם" GC="1.0"><Shape><Polygon POINTS="1996 836 2006 835"/></Shape></Glyph><Glyph ID="char_20" CONTENT=" " GC="1.0"><Shape><Polygon POINTS="1996 836 1996 836"/></Shape></Glyph></String>
          </TextLine>

          
          
          <TextLine ID="eSc_line_1773671" BASELINE="1891 1023 1939 1032 2187 1014" HPOS="1879.0" VPOS="921.0" WIDTH="312.0" HEIGHT="171.0">
            <Shape><Polygon POINTS="1908 931 1956 940 2180 921 2191 1075 1927 1092 1879 1083"/></Shape>
	    <String CONTENT=" הוא " HPOS="1879.0" VPOS="921.0" WIDTH="312.0" HEIGHT="171.0"><Glyph ID="char_21" CONTENT=" " GC="1.0"><Shape><Polygon POINTS="2084 929 2095 1081 2159 1077 2148 924"/></Shape></Glyph><Glyph ID="char_22" CONTENT="ה" GC="1.0"><Shape><Polygon POINTS="2031 934 2042 1085 2095 1081 2084 929"/></Shape></Glyph><Glyph ID="char_23" CONTENT="ו" GC="1.0"><Shape><Polygon POINTS="1978 938 1989 1088 2042 1085 2031 934"/></Shape></Glyph><Glyph ID="char_24" CONTENT="א" GC="1.0"><Shape><Polygon POINTS="1936 936 1947 1091 1989 1088 1978 938"/></Shape></Glyph><Glyph ID="char_25" CONTENT=" " GC="1.0"><Shape><Polygon POINTS="1890 1022 1942 1031"/></Shape></Glyph></String>
          </TextLine>

          
          
          <TextLine ID="eSc_line_1773673" BASELINE="1837 1183 1928 1183 1973 1177 2133 1164" HPOS="1837.0" VPOS="1071.0" WIDTH="301.0" HEIGHT="174.0">
            <Shape><Polygon POINTS="1837 1090 1928 1090 1960 1084 2125 1071 2138 1225 1981 1238 1928 1245 1837 1245"/></Shape>
	    <String CONTENT=" בה מ " HPOS="1837.0" VPOS="1071.0" WIDTH="301.0" HEIGHT="174.0"><Glyph ID="char_26" CONTENT=" " GC="1.0"><Shape><Polygon POINTS="2094 1073 2106 1228 2137 1225 2125 1071"/></Shape></Glyph><Glyph ID="char_27" CONTENT="ב" GC="1.0"><Shape><Polygon POINTS="2030 1078 2042 1233 2106 1228 2094 1073"/></Shape></Glyph><Glyph ID="char_28" CONTENT="ה" GC="1.0"><Shape><Polygon POINTS="1951 1086 1972 1239 2042 1233 2030 1078"/></Shape></Glyph><Glyph ID="char_29" CONTENT=" " GC="1.0"><Shape><Polygon POINTS="1911 1090 1911 1245 1972 1239 1951 1086"/></Shape></Glyph><Glyph ID="char_30" CONTENT="מ" GC="1.0"><Shape><Polygon POINTS="1880 1090 1880 1245 1911 1245 1911 1090"/></Shape></Glyph><Glyph ID="char_31" CONTENT=" " GC="1.0"><Shape><Polygon POINTS="1837 1090 1837 1245 1880 1245 1880 1090"/></Shape></Glyph></String>
          </TextLine>

          
          
          <TextLine ID="eSc_line_1773674" BASELINE="1118 1375 1540 1380 1718 1373 1858 1375 1948 1373 2070 1364 2505 1427 2600 1427 2692 1420" HPOS="1117.0" VPOS="1271.0" WIDTH="1579.0" HEIGHT="218.0">
            <Shape><Polygon POINTS="1119 1282 1541 1287 1714 1280 1859 1282 1945 1280 2063 1271 2518 1334 2600 1334 2684 1327 2696 1481 2600 1489 2496 1488 2074 1425 1949 1434 1857 1436 1720 1434 1539 1441 1117 1436"/></Shape>
	    <String CONTENT=" ומה יתבונן ג בלוא יד ולוא שמע " HPOS="1117.0" VPOS="1271.0" WIDTH="1579.0" HEIGHT="218.0"><Glyph ID="char_32" CONTENT=" " GC="1.0"><Shape><Polygon POINTS="2653 1330 2664 1484 2685 1482 2674 1328"/></Shape></Glyph><Glyph ID="char_33" CONTENT="ו" GC="1.0"><Shape><Polygon POINTS="2642 1331 2653 1485 2664 1484 2653 1330"/></Shape></Glyph><Glyph ID="char_34" CONTENT="מ" GC="1.0"><Shape><Polygon POINTS="2632 1331 2643 1485 2653 1485 2642 1331"/></Shape></Glyph><Glyph ID="char_35" CONTENT="ה" GC="1.0"><Shape><Polygon POINTS="2622 1332 2634 1486 2643 1485 2632 1331"/></Shape></Glyph><Glyph ID="char_36" CONTENT=" " GC="1.0"><Shape><Polygon POINTS="2611 1333 2623 1487 2634 1486 2622 1332"/></Shape></Glyph><Glyph ID="char_37" CONTENT="י" GC="1.0"><Shape><Polygon POINTS="2577 1334 2577 1489 2623 1487 2611 1333"/></Shape></Glyph><Glyph ID="char_38" CONTENT="ת" GC="1.0"><Shape><Polygon POINTS="2517 1334 2495 1488 2577 1489 2577 1334"/></Shape></Glyph><Glyph ID="char_39" CONTENT="ב" GC="1.0"><Shape><Polygon POINTS="2456 1325 2434 1479 2495 1488 2517 1334"/></Shape></Glyph><Glyph ID="char_40" CONTENT="ו" GC="1.0"><Shape><Polygon POINTS="2404 1318 2382 1471 2434 1479 2456 1325"/></Shape></Glyph><Glyph ID="char_41" CONTENT="נ" GC="1.0"><Shape><Polygon POINTS="2374 1314 2352 1466 2382 1471 2404 1318"/></Shape></Glyph><Glyph ID="char_42" CONTENT="ן" GC="1.0"><Shape><Polygon POINTS="2353 1311 2331 1463 2352 1466 2374 1314"/></Shape></Glyph><Glyph ID="char_43" CONTENT=" " GC="1.0"><Shape><Polygon POINTS="2322 1307 2300 1459 2331 1463 2353 1311"/></Shape></Glyph><Glyph ID="char_44" CONTENT="ג" GC="1.0"><Shape><Polygon POINTS="2208 1291 2187 1442 2300 1459 2322 1307"/></Shape></Glyph><Glyph ID="char_45" CONTENT=" " GC="1.0"><Shape><Polygon POINTS="2055 1272 2066 1426 2187 1442 2208 1291"/></Shape></Glyph><Glyph ID="char_46" CONTENT="ב" GC="1.0"><Shape><Polygon POINTS="2003 1276 2014 1429 2066 1426 2055 1272"/></Shape></Glyph><Glyph ID="char_47" CONTENT="ל" GC="1.0"><Shape><Polygon POINTS="1962 1279 1973 1432 2014 1429 2003 1276"/></Shape></Glyph><Glyph ID="char_48" CONTENT="ו" GC="1.0"><Shape><Polygon POINTS="1925 1280 1928 1434 1973 1432 1962 1279"/></Shape></Glyph><Glyph ID="char_49" CONTENT="א" GC="1.0"><Shape><Polygon POINTS="1884 1281 1887 1435 1928 1434 1925 1280"/></Shape></Glyph><Glyph ID="char_50" CONTENT=" " GC="1.0"><Shape><Polygon POINTS="1845 1282 1843 1436 1887 1435 1884 1281"/></Shape></Glyph><Glyph ID="char_51" CONTENT="י" GC="1.0"><Shape><Polygon POINTS="1793 1281 1791 1435 1843 1436 1845 1282"/></Shape></Glyph><Glyph ID="char_52" CONTENT="ד" GC="1.0"><Shape><Polygon POINTS="1695 1281 1701 1435 1791 1435 1793 1281"/></Shape></Glyph><Glyph ID="char_53" CONTENT=" " GC="1.0"><Shape><Polygon POINTS="1601 1285 1607 1438 1701 1435 1695 1281"/></Shape></Glyph><Glyph ID="char_54" CONTENT="ו" GC="1.0"><Shape><Polygon POINTS="1549 1287 1555 1440 1607 1438 1601 1285"/></Shape></Glyph><Glyph ID="char_55" CONTENT="ל" GC="1.0"><Shape><Polygon POINTS="1513 1287 1511 1441 1555 1440 1549 1287"/></Shape></Glyph><Glyph ID="char_56" CONTENT="ו" GC="1.0"><Shape><Polygon POINTS="1461 1286 1459 1440 1511 1441 1513 1287"/></Shape></Glyph><Glyph ID="char_57" CONTENT="א" GC="1.0"><Shape><Polygon POINTS="1409 1285 1407 1439 1459 1440 1461 1286"/></Shape></Glyph><Glyph ID="char_58" CONTENT=" " GC="1.0"><Shape><Polygon POINTS="1367 1285 1365 1439 1407 1439 1409 1285"/></Shape></Glyph><Glyph ID="char_59" CONTENT="ש" GC="1.0"><Shape><Polygon POINTS="1295 1284 1293 1438 1365 1439 1367 1285"/></Shape></Glyph><Glyph ID="char_60" CONTENT="מ" GC="1.0"><Shape><Polygon POINTS="1222 1283 1220 1437 1293 1438 1295 1284"/></Shape></Glyph><Glyph ID="char_61" CONTENT="ע" GC="1.0"><Shape><Polygon POINTS="1170 1283 1168 1437 1220 1437 1222 1283"/></Shape></Glyph><Glyph ID="char_62" CONTENT=" " GC="1.0"><Shape><Polygon POINTS="1117 1374 1168 1374"/></Shape></Glyph></String>
          </TextLine>

          
          
          <TextLine ID="eSc_line_1773676" BASELINE="1145 1486 1274 1495 1513 1497 1966 1479 2121 1468 2365 1522 2500 1531 2665 1558" HPOS="1140.0" VPOS="1375.0" WIDTH="1540.0" HEIGHT="244.0">
            <Shape><Polygon POINTS="1151 1393 1280 1402 1513 1404 1962 1386 2114 1375 2385 1431 2506 1438 2680 1466 2654 1619 2495 1592 2351 1582 2125 1529 1968 1540 1512 1558 1269 1556 1140 1547"/></Shape>
	    <String CONTENT=" ינה יצר ל ברוב שכל גלה אוזננו ונ " HPOS="1140.0" VPOS="1375.0" WIDTH="1540.0" HEIGHT="244.0"><Glyph ID="char_63" CONTENT=" " GC="1.0"><Shape><Polygon POINTS="2659 1463 2634 1616 2653 1619 2679 1466"/></Shape></Glyph><Glyph ID="char_64" CONTENT="י" GC="1.0"><Shape><Polygon POINTS="2649 1461 2624 1614 2634 1616 2659 1463"/></Shape></Glyph><Glyph ID="char_65" CONTENT="נ" GC="1.0"><Shape><Polygon POINTS="2628 1458 2603 1610 2624 1614 2649 1461"/></Shape></Glyph><Glyph ID="char_66" CONTENT="ה" GC="1.0"><Shape><Polygon POINTS="2598 1453 2573 1605 2603 1610 2628 1458"/></Shape></Glyph><Glyph ID="char_67" CONTENT=" " GC="1.0"><Shape><Polygon POINTS="2567 1448 2542 1600 2573 1605 2598 1453"/></Shape></Glyph><Glyph ID="char_68" CONTENT="י" GC="1.0"><Shape><Polygon POINTS="2517 1440 2492 1592 2542 1600 2567 1448"/></Shape></Glyph><Glyph ID="char_69" CONTENT="צ" GC="1.0"><Shape><Polygon POINTS="2435 1434 2425 1587 2492 1592 2517 1440"/></Shape></Glyph><Glyph ID="char_70" CONTENT="ר" GC="1.0"><Shape><Polygon POINTS="2377 1429 2344 1580 2425 1587 2435 1434"/></Shape></Glyph><Glyph ID="char_71" CONTENT=" " GC="1.0"><Shape><Polygon POINTS="2317 1417 2283 1566 2344 1580 2377 1429"/></Shape></Glyph><Glyph ID="char_72" CONTENT="ל" GC="1.0"><Shape><Polygon POINTS="2235 1400 2203 1547 2283 1566 2317 1417"/></Shape></Glyph><Glyph ID="char_73" CONTENT=" " GC="1.0"><Shape><Polygon POINTS="2097 1376 2108 1530 2203 1547 2235 1400"/></Shape></Glyph><Glyph ID="char_74" CONTENT="ב" GC="1.0"><Shape><Polygon POINTS="2016 1382 2026 1536 2108 1530 2097 1376"/></Shape></Glyph><Glyph ID="char_75" CONTENT="ר" GC="1.0"><Shape><Polygon POINTS="1964 1386 1975 1540 2026 1536 2016 1382"/></Shape></Glyph><Glyph ID="char_76" CONTENT="ו" GC="1.0"><Shape><Polygon POINTS="1915 1388 1921 1542 1975 1540 1964 1386"/></Shape></Glyph><Glyph ID="char_77" CONTENT="ב" GC="1.0"><Shape><Polygon POINTS="1874 1390 1880 1543 1921 1542 1915 1388"/></Shape></Glyph><Glyph ID="char_78" CONTENT=" " GC="1.0"><Shape><Polygon POINTS="1843 1391 1849 1545 1880 1543 1874 1390"/></Shape></Glyph><Glyph ID="char_79" CONTENT="ש" GC="1.0"><Shape><Polygon POINTS="1781 1393 1787 1547 1849 1545 1843 1391"/></Shape></Glyph><Glyph ID="char_80" CONTENT="כ" GC="1.0"><Shape><Polygon POINTS="1719 1396 1725 1550 1787 1547 1781 1393"/></Shape></Glyph><Glyph ID="char_81" CONTENT="ל" GC="1.0"><Shape><Polygon POINTS="1678 1397 1684 1551 1725 1550 1719 1396"/></Shape></Glyph><Glyph ID="char_82" CONTENT=" " GC="1.0"><Shape><Polygon POINTS="1636 1399 1642 1553 1684 1551 1678 1397"/></Shape></Glyph><Glyph ID="char_83" CONTENT="ג" GC="1.0"><Shape><Polygon POINTS="1595 1401 1601 1554 1642 1553 1636 1399"/></Shape></Glyph><Glyph ID="char_84" CONTENT="ל" GC="1.0"><Shape><Polygon POINTS="1543 1403 1549 1557 1601 1554 1595 1401"/></Shape></Glyph><Glyph ID="char_85" CONTENT="ה" GC="1.0"><Shape><Polygon POINTS="1495 1404 1494 1558 1549 1557 1543 1403"/></Shape></Glyph><Glyph ID="char_86" CONTENT=" " GC="1.0"><Shape><Polygon POINTS="1454 1403 1453 1558 1494 1558 1495 1404"/></Shape></Glyph><Glyph ID="char_87" CONTENT="א" GC="1.0"><Shape><Polygon POINTS="1402 1403 1401 1557 1453 1558 1454 1403"/></Shape></Glyph><Glyph ID="char_88" CONTENT="ו" GC="1.0"><Shape><Polygon POINTS="1351 1403 1350 1557 1401 1557 1402 1403"/></Shape></Glyph><Glyph ID="char_89" CONTENT="ז" GC="1.0"><Shape><Polygon POINTS="1320 1402 1319 1556 1350 1557 1351 1403"/></Shape></Glyph><Glyph ID="char_90" CONTENT="נ" GC="1.0"><Shape><Polygon POINTS="1309 1402 1308 1556 1319 1556 1320 1402"/></Shape></Glyph><Glyph ID="char_91" CONTENT="נ" GC="1.0"><Shape><Polygon POINTS="1275 1402 1263 1556 1308 1556 1309 1402"/></Shape></Glyph><Glyph ID="char_92" CONTENT="ו" GC="1.0"><Shape><Polygon POINTS="1223 1398 1211 1552 1263 1556 1275 1402"/></Shape></Glyph><Glyph ID="char_93" CONTENT=" " GC="1.0"><Shape><Polygon POINTS="1192 1396 1180 1550 1211 1552 1223 1398"/></Shape></Glyph><Glyph ID="char_94" CONTENT="ו" GC="1.0"><Shape><Polygon POINTS="1161 1394 1149 1548 1180 1550 1192 1396"/></Shape></Glyph><Glyph ID="char_95" CONTENT="נ" GC="1.0"><Shape><Polygon POINTS="1144 1485 1153 1485"/></Shape></Glyph><Glyph ID="char_96" CONTENT=" " GC="1.0"><Shape><Polygon POINTS="1144 1485 1144 1485"/></Shape></Glyph></String>
          </TextLine>

          
          
          <TextLine ID="eSc_line_1773678" BASELINE="1294 1637 1540 1641 1623 1637 1810 1637 2034 1646 2270 1643 2500 1657 2660 1659" HPOS="1292.0" VPOS="1544.0" WIDTH="1369.0" HEIGHT="176.0">
            <Shape><Polygon POINTS="1295 1544 1541 1548 1618 1544 1810 1544 2037 1553 2268 1550 2505 1564 2661 1566 2659 1720 2496 1718 2270 1704 2031 1707 1810 1699 1625 1698 1538 1702 1292 1698"/></Shape>
	    <String CONTENT=" ר בינה ל רודפי דעת וה " HPOS="1292.0" VPOS="1544.0" WIDTH="1369.0" HEIGHT="176.0"><Glyph ID="char_97" CONTENT=" " GC="1.0"><Shape><Polygon POINTS="2536 1564 2534 1718 2617 1719 2619 1565"/></Shape></Glyph><Glyph ID="char_98" CONTENT="ר" GC="1.0"><Shape><Polygon POINTS="2479 1562 2470 1716 2534 1718 2536 1564"/></Shape></Glyph><Glyph ID="char_99" CONTENT=" " GC="1.0"><Shape><Polygon POINTS="2427 1559 2418 1713 2470 1716 2479 1562"/></Shape></Glyph><Glyph ID="char_100" CONTENT="ב" GC="1.0"><Shape><Polygon POINTS="2365 1556 2356 1709 2418 1713 2427 1559"/></Shape></Glyph><Glyph ID="char_101" CONTENT="י" GC="1.0"><Shape><Polygon POINTS="2313 1553 2304 1706 2356 1709 2365 1556"/></Shape></Glyph><Glyph ID="char_102" CONTENT="נ" GC="1.0"><Shape><Polygon POINTS="2254 1550 2256 1704 2304 1706 2313 1553"/></Shape></Glyph><Glyph ID="char_103" CONTENT="ה" GC="1.0"><Shape><Polygon POINTS="2213 1551 2215 1705 2256 1704 2254 1550"/></Shape></Glyph><Glyph ID="char_104" CONTENT=" " GC="1.0"><Shape><Polygon POINTS="2109 1552 2111 1706 2215 1705 2213 1551"/></Shape></Glyph><Glyph ID="char_105" CONTENT="ל" GC="1.0"><Shape><Polygon POINTS="2011 1552 2005 1706 2111 1706 2109 1552"/></Shape></Glyph><Glyph ID="char_106" CONTENT=" " GC="1.0"><Shape><Polygon POINTS="1959 1550 1953 1704 2005 1706 2011 1552"/></Shape></Glyph><Glyph ID="char_107" CONTENT="ר" GC="1.0"><Shape><Polygon POINTS="1887 1547 1880 1702 1953 1704 1959 1550"/></Shape></Glyph><Glyph ID="char_108" CONTENT="ו" GC="1.0"><Shape><Polygon POINTS="1836 1545 1829 1700 1880 1702 1887 1547"/></Shape></Glyph><Glyph ID="char_109" CONTENT="ד" GC="1.0"><Shape><Polygon POINTS="1780 1544 1780 1699 1829 1700 1836 1545"/></Shape></Glyph><Glyph ID="char_110" CONTENT="פ" GC="1.0"><Shape><Polygon POINTS="1728 1544 1728 1699 1780 1699 1780 1544"/></Shape></Glyph><Glyph ID="char_111" CONTENT="י" GC="1.0"><Shape><Polygon POINTS="1687 1544 1687 1698 1728 1699 1728 1544"/></Shape></Glyph><Glyph ID="char_112" CONTENT=" " GC="1.0"><Shape><Polygon POINTS="1645 1544 1645 1698 1687 1698 1687 1544"/></Shape></Glyph><Glyph ID="char_113" CONTENT="ד" GC="1.0"><Shape><Polygon POINTS="1599 1545 1607 1699 1645 1698 1645 1544"/></Shape></Glyph><Glyph ID="char_114" CONTENT="ע" GC="1.0"><Shape><Polygon POINTS="1537 1548 1545 1702 1607 1699 1599 1545"/></Shape></Glyph><Glyph ID="char_115" CONTENT="ת" GC="1.0"><Shape><Polygon POINTS="1471 1547 1468 1701 1545 1702 1537 1548"/></Shape></Glyph><Glyph ID="char_116" CONTENT=" " GC="1.0"><Shape><Polygon POINTS="1430 1546 1427 1700 1468 1701 1471 1547"/></Shape></Glyph><Glyph ID="char_117" CONTENT="ו" GC="1.0"><Shape><Polygon POINTS="1388 1546 1385 1700 1427 1700 1430 1546"/></Shape></Glyph><Glyph ID="char_118" CONTENT="ה" GC="1.0"><Shape><Polygon POINTS="1347 1545 1344 1699 1385 1700 1388 1546"/></Shape></Glyph><Glyph ID="char_119" CONTENT=" " GC="1.0"><Shape><Polygon POINTS="1293 1636 1344 1637"/></Shape></Glyph></String>
          </TextLine>

          
          
          <TextLine ID="eSc_line_1773679" BASELINE="1256 1774 1353 1781 1510 1781 1594 1785 1934 1792 2275 1790 2424 1801 2532 1815" HPOS="1251.0" VPOS="1681.0" WIDTH="1292.0" HEIGHT="195.0">
            <Shape><Polygon POINTS="1262 1681 1359 1688 1510 1688 1598 1692 1935 1699 2274 1697 2430 1708 2543 1722 2524 1876 2419 1862 2275 1851 1932 1853 1591 1846 1510 1843 1348 1842 1251 1835"/></Shape>
	    <String CONTENT=" ל שכל מעולם הוא לוא ישנה " HPOS="1251.0" VPOS="1681.0" WIDTH="1292.0" HEIGHT="195.0"><Glyph ID="char_120" CONTENT=" " GC="1.0"><Shape><Polygon POINTS="2461 1712 2441 1865 2502 1873 2522 1719"/></Shape></Glyph><Glyph ID="char_121" CONTENT="ל" GC="1.0"><Shape><Polygon POINTS="2425 1708 2414 1862 2441 1865 2461 1712"/></Shape></Glyph><Glyph ID="char_122" CONTENT=" " GC="1.0"><Shape><Polygon POINTS="2393 1705 2382 1859 2414 1862 2425 1708"/></Shape></Glyph><Glyph ID="char_123" CONTENT="ש" GC="1.0"><Shape><Polygon POINTS="2331 1701 2320 1854 2382 1859 2393 1705"/></Shape></Glyph><Glyph ID="char_124" CONTENT="כ" GC="1.0"><Shape><Polygon POINTS="2262 1697 2263 1851 2320 1854 2331 1701"/></Shape></Glyph><Glyph ID="char_125" CONTENT="ל" GC="1.0"><Shape><Polygon POINTS="2210 1697 2211 1851 2263 1851 2262 1697"/></Shape></Glyph><Glyph ID="char_126" CONTENT=" " GC="1.0"><Shape><Polygon POINTS="2158 1698 2159 1852 2211 1851 2210 1697"/></Shape></Glyph><Glyph ID="char_127" CONTENT="מ" GC="1.0"><Shape><Polygon POINTS="2085 1698 2086 1852 2159 1852 2158 1698"/></Shape></Glyph><Glyph ID="char_128" CONTENT="ע" GC="1.0"><Shape><Polygon POINTS="2033 1698 2034 1852 2086 1852 2085 1698"/></Shape></Glyph><Glyph ID="char_129" CONTENT="ו" GC="1.0"><Shape><Polygon POINTS="1992 1699 1993 1853 2034 1852 2033 1698"/></Shape></Glyph><Glyph ID="char_130" CONTENT="ל" GC="1.0"><Shape><Polygon POINTS="1940 1699 1941 1853 1993 1853 1992 1699"/></Shape></Glyph><Glyph ID="char_131" CONTENT="ם" GC="1.0"><Shape><Polygon POINTS="1900 1698 1897 1852 1941 1853 1940 1699"/></Shape></Glyph><Glyph ID="char_132" CONTENT=" " GC="1.0"><Shape><Polygon POINTS="1859 1697 1856 1851 1897 1852 1900 1698"/></Shape></Glyph><Glyph ID="char_133" CONTENT="ה" GC="1.0"><Shape><Polygon POINTS="1796 1696 1793 1850 1856 1851 1859 1697"/></Shape></Glyph><Glyph ID="char_134" CONTENT="ו" GC="1.0"><Shape><Polygon POINTS="1744 1695 1741 1849 1793 1850 1796 1696"/></Shape></Glyph><Glyph ID="char_135" CONTENT="א" GC="1.0"><Shape><Polygon POINTS="1692 1694 1689 1848 1741 1849 1744 1695"/></Shape></Glyph><Glyph ID="char_136" CONTENT=" " GC="1.0"><Shape><Polygon POINTS="1630 1693 1627 1847 1689 1848 1692 1694"/></Shape></Glyph><Glyph ID="char_137" CONTENT="ל" GC="1.0"><Shape><Polygon POINTS="1592 1692 1585 1846 1627 1847 1630 1693"/></Shape></Glyph><Glyph ID="char_138" CONTENT="ו" GC="1.0"><Shape><Polygon POINTS="1540 1689 1533 1844 1585 1846 1592 1692"/></Shape></Glyph><Glyph ID="char_139" CONTENT="א" GC="1.0"><Shape><Polygon POINTS="1484 1688 1484 1843 1533 1844 1540 1689"/></Shape></Glyph><Glyph ID="char_140" CONTENT=" " GC="1.0"><Shape><Polygon POINTS="1432 1688 1432 1843 1484 1843 1484 1688"/></Shape></Glyph><Glyph ID="char_141" CONTENT="י" GC="1.0"><Shape><Polygon POINTS="1390 1688 1390 1842 1432 1843 1432 1688"/></Shape></Glyph><Glyph ID="char_142" CONTENT="ש" GC="1.0"><Shape><Polygon POINTS="1345 1687 1333 1841 1390 1842 1390 1688"/></Shape></Glyph><Glyph ID="char_143" CONTENT="נ" GC="1.0"><Shape><Polygon POINTS="1293 1683 1281 1837 1333 1841 1345 1687"/></Shape></Glyph><Glyph ID="char_144" CONTENT="ה" GC="1.0"><Shape><Polygon POINTS="1255 1773 1285 1775"/></Shape></Glyph><Glyph ID="char_145" CONTENT=" " GC="1.0"><Shape><Polygon POINTS="1255 1773 1255 1773"/></Shape></Glyph></String>
          </TextLine>

          
          
          <TextLine ID="eSc_line_1773680" BASELINE="1319 1916 1479 1914 1698 1934 1891 1948 2020 1952 2187 1950 2383 1968" HPOS="1317.0" VPOS="1821.0" WIDTH="1074.0" HEIGHT="208.0">
            <Shape><Polygon POINTS="1317 1823 1477 1821 1706 1841 1897 1855 2022 1859 2185 1857 2391 1875 2377 2029 2187 2011 2018 2013 1886 2009 1692 1995 1479 1975 1319 1977"/></Shape>
	    <String CONTENT=" סגיר בעד עד מים בל " HPOS="1317.0" VPOS="1821.0" WIDTH="1074.0" HEIGHT="208.0"><Glyph ID="char_146" CONTENT=" " GC="1.0"><Shape><Polygon POINTS="2338 1870 2324 2024 2355 2027 2369 1873"/></Shape></Glyph><Glyph ID="char_147" CONTENT="ס" GC="1.0"><Shape><Polygon POINTS="2308 1868 2293 2021 2324 2024 2338 1870"/></Shape></Glyph><Glyph ID="char_148" CONTENT="ג" GC="1.0"><Shape><Polygon POINTS="2246 1862 2232 2015 2293 2021 2308 1868"/></Shape></Glyph><Glyph ID="char_149" CONTENT="י" GC="1.0"><Shape><Polygon POINTS="2184 1857 2186 2011 2232 2015 2246 1862"/></Shape></Glyph><Glyph ID="char_150" CONTENT="ר" GC="1.0"><Shape><Polygon POINTS="2133 1858 2135 2012 2186 2011 2184 1857"/></Shape></Glyph><Glyph ID="char_151" CONTENT=" " GC="1.0"><Shape><Polygon POINTS="2060 1859 2062 2012 2135 2012 2133 1858"/></Shape></Glyph><Glyph ID="char_152" CONTENT="ב" GC="1.0"><Shape><Polygon POINTS="1992 1858 1988 2012 2062 2012 2060 1859"/></Shape></Glyph><Glyph ID="char_153" CONTENT="ע" GC="1.0"><Shape><Polygon POINTS="1919 1856 1915 2010 1988 2012 1992 1858"/></Shape></Glyph><Glyph ID="char_154" CONTENT="ד" GC="1.0"><Shape><Polygon POINTS="1861 1852 1850 2006 1915 2010 1919 1856"/></Shape></Glyph><Glyph ID="char_155" CONTENT=" " GC="1.0"><Shape><Polygon POINTS="1830 1850 1819 2004 1850 2006 1861 1852"/></Shape></Glyph><Glyph ID="char_156" CONTENT="ע" GC="1.0"><Shape><Polygon POINTS="1790 1847 1778 2001 1819 2004 1830 1850"/></Shape></Glyph><Glyph ID="char_157" CONTENT="ד" GC="1.0"><Shape><Polygon POINTS="1748 1844 1737 1998 1778 2001 1790 1847"/></Shape></Glyph><Glyph ID="char_158" CONTENT=" " GC="1.0"><Shape><Polygon POINTS="1717 1842 1706 1996 1737 1998 1748 1844"/></Shape></Glyph><Glyph ID="char_159" CONTENT="מ" GC="1.0"><Shape><Polygon POINTS="1657 1837 1643 1990 1706 1996 1717 1842"/></Shape></Glyph><Glyph ID="char_160" CONTENT="י" GC="1.0"><Shape><Polygon POINTS="1605 1832 1591 1986 1643 1990 1657 1837"/></Shape></Glyph><Glyph ID="char_161" CONTENT="ם" GC="1.0"><Shape><Polygon POINTS="1543 1827 1529 1980 1591 1986 1605 1832"/></Shape></Glyph><Glyph ID="char_162" CONTENT=" " GC="1.0"><Shape><Polygon POINTS="1452 1821 1454 1975 1529 1980 1543 1827"/></Shape></Glyph><Glyph ID="char_163" CONTENT="ב" GC="1.0"><Shape><Polygon POINTS="1369 1822 1371 1976 1454 1975 1452 1821"/></Shape></Glyph><Glyph ID="char_164" CONTENT="ל" GC="1.0"><Shape><Polygon POINTS="1338 1823 1340 1977 1371 1976 1369 1822"/></Shape></Glyph><Glyph ID="char_165" CONTENT=" " GC="1.0"><Shape><Polygon POINTS="1318 1916 1338 1915"/></Shape></Glyph></String>
          </TextLine>

          
          
          <TextLine ID="eSc_line_1773682" BASELINE="1375 2045 1576 2058 1943 2119 2266 2126" HPOS="1370.0" VPOS="1952.0" WIDTH="898.0" HEIGHT="235.0">
            <Shape><Polygon POINTS="1381 1952 1582 1965 1958 2027 2268 2033 2264 2187 1932 2180 1571 2119 1370 2106"/></Shape>
	    <String CONTENT=" מים ממעל לשמים " HPOS="1370.0" VPOS="1952.0" WIDTH="898.0" HEIGHT="235.0"><Glyph ID="char_166" CONTENT=" " GC="1.0"><Shape><Polygon POINTS="2215 2032 2212 2186 2243 2187 2246 2033"/></Shape></Glyph><Glyph ID="char_167" CONTENT="מ" GC="1.0"><Shape><Polygon POINTS="2173 2031 2170 2185 2212 2186 2215 2032"/></Shape></Glyph><Glyph ID="char_168" CONTENT="י" GC="1.0"><Shape><Polygon POINTS="2110 2030 2107 2184 2170 2185 2173 2031"/></Shape></Glyph><Glyph ID="char_169" CONTENT="ם" GC="1.0"><Shape><Polygon POINTS="2048 2029 2045 2182 2107 2184 2110 2030"/></Shape></Glyph><Glyph ID="char_170" CONTENT=" " GC="1.0"><Shape><Polygon POINTS="1996 2028 1993 2181 2045 2182 2048 2029"/></Shape></Glyph><Glyph ID="char_171" CONTENT="מ" GC="1.0"><Shape><Polygon POINTS="1947 2025 1921 2178 1993 2181 1996 2028"/></Shape></Glyph><Glyph ID="char_172" CONTENT="מ" GC="1.0"><Shape><Polygon POINTS="1886 2015 1860 2168 1921 2178 1947 2025"/></Shape></Glyph><Glyph ID="char_173" CONTENT="ע" GC="1.0"><Shape><Polygon POINTS="1824 2005 1798 2157 1860 2168 1886 2015"/></Shape></Glyph><Glyph ID="char_174" CONTENT="ל" GC="1.0"><Shape><Polygon POINTS="1752 1993 1726 2145 1798 2157 1824 2005"/></Shape></Glyph><Glyph ID="char_175" CONTENT=" " GC="1.0"><Shape><Polygon POINTS="1700 1984 1675 2137 1726 2145 1752 1993"/></Shape></Glyph><Glyph ID="char_176" CONTENT="ל" GC="1.0"><Shape><Polygon POINTS="1670 1979 1644 2131 1675 2137 1700 1984"/></Shape></Glyph><Glyph ID="char_177" CONTENT="ש" GC="1.0"><Shape><Polygon POINTS="1618 1971 1593 2123 1644 2131 1670 1979"/></Shape></Glyph><Glyph ID="char_178" CONTENT="מ" GC="1.0"><Shape><Polygon POINTS="1537 1962 1526 2116 1593 2123 1618 1971"/></Shape></Glyph><Glyph ID="char_179" CONTENT="י" GC="1.0"><Shape><Polygon POINTS="1484 1959 1473 2113 1526 2116 1537 1962"/></Shape></Glyph><Glyph ID="char_180" CONTENT="ם" GC="1.0"><Shape><Polygon POINTS="1432 1955 1422 2109 1473 2113 1484 1959"/></Shape></Glyph><Glyph ID="char_181" CONTENT=" " GC="1.0"><Shape><Polygon POINTS="1391 1953 1381 2107 1422 2109 1432 1955"/></Shape></Glyph></String>
          </TextLine>

          
        </TextBlock>
        

        
      </PrintSpace>
    </Page>
  </Layout>
</alto>