<?xml version='1.0' encoding='UTF-8'?>
<alto xmlns:xsi="http://www.w3.org/2001/XMLSchema-instance" xmlns="http://www.loc.gov/standards/alto/ns-v4#" xsi:schemaLocation="http://www.loc.gov/standards/alto/ns-v4# http://www.loc.gov/standards/alto/v4/alto-4-2.xsd">
  <Description>
    <MeasurementUnit>pixel</MeasurementUnit>
    <sourceImageInformation>
      <fileName>P643-Fg003-R-C01-R01-D18122013-T101200-LR924 _012.jpg</fileName>
      
    </sourceImageInformation>
  </Description>
  
  <Tags>
    <OtherTag ID="BT1443" LABEL="Parchment_or_papyrus" DESCRIPTION="block type Parchment_or_papyrus"/><OtherTag ID="BT2" LABEL="Main" DESCRIPTION="block type Main"/>
    
  </Tags>
  
  <Layout>
    <Page WIDTH="3608" HEIGHT="2706" PHYSICAL_IMG_NR="166" ID="eSc_dummypage_">
      <PrintSpace HPOS="0" VPOS="0" WIDTH="3608" HEIGHT="2706">
        
        <TextBlock HPOS="1106.0" VPOS="869.0" WIDTH="1386.0" HEIGHT="1124.0" ID="eSc_textblock_0c8766a8" TAGREFS="BT2">
          <Shape><Polygon POINTS="1106 869 1106 1993 2492 1993 2492 869"/></Shape>
          
          
          <TextLine ID="eSc_line_1773703" BASELINE="1596 985 2119 983 2065 987 2203 989" HPOS="1595.0" VPOS="873.0" WIDTH="609.0" HEIGHT="223.0">
            <Shape><Polygon POINTS="1595 875 2118 873 2073 1096 2204 879 2201 1062 2194.96 1055.71 2119 1056 1596 1058"/></Shape>
	    <String CONTENT=" ויבנו ערי מ " HPOS="1595.0" VPOS="873.0" WIDTH="609.0" HEIGHT="223.0"><Glyph ID="char_0" CONTENT=" " GC="1.0"><Shape><Polygon POINTS="2127 987 2176 988"/></Shape></Glyph><Glyph ID="char_1" CONTENT="ו" GC="1.0"><Shape><Polygon POINTS="2115 987 2127 987"/></Shape></Glyph><Glyph ID="char_2" CONTENT="י" GC="1.0"><Shape><Polygon POINTS="2105 873 2102 1048 2115 1026 2118 873"/></Shape></Glyph><Glyph ID="char_3" CONTENT="ב" GC="1.0"><Shape><Polygon POINTS="2093 873 2091 1009 2102 1048 2105 873"/></Shape></Glyph><Glyph ID="char_4" CONTENT="נ" GC="1.0"><Shape><Polygon POINTS="2080 873 2078 1073 2091 1009 2093 873"/></Shape></Glyph><Glyph ID="char_5" CONTENT="ו" GC="1.0"><Shape><Polygon POINTS="2105 1042 2093 873 2078 1073 2080 873"/></Shape></Glyph><Glyph ID="char_6" CONTENT=" " GC="1.0"><Shape><Polygon POINTS="2100 873 2100 1051 2093 873 2105 1042"/></Shape></Glyph><Glyph ID="char_7" CONTENT="ע" GC="1.0"><Shape><Polygon POINTS="2063 873 2063 1056 2100 1051 2100 873"/></Shape></Glyph><Glyph ID="char_8" CONTENT="ר" GC="1.0"><Shape><Polygon POINTS="1989 873 1989 1056 2063 1056 2063 873"/></Shape></Glyph><Glyph ID="char_9" CONTENT="י" GC="1.0"><Shape><Polygon POINTS="1953 874 1953 1057 1989 1056 1989 873"/></Shape></Glyph><Glyph ID="char_10" CONTENT=" " GC="1.0"><Shape><Polygon POINTS="1916 874 1916 1057 1953 1057 1953 874"/></Shape></Glyph><Glyph ID="char_11" CONTENT="מ" GC="1.0"><Shape><Polygon POINTS="1879 874 1879 1057 1916 1057 1916 874"/></Shape></Glyph><Glyph ID="char_12" CONTENT=" " GC="1.0"><Shape><Polygon POINTS="1718 875 1718 1058 1879 1057 1879 874"/></Shape></Glyph></String>
          </TextLine>

          
          
          <TextLine ID="eSc_line_1773704" BASELINE="1172 1177 1296 1168 1483 1170 1781 1165 2000 1177 2108 1177 2214 1181 2372 1177" HPOS="1164.0" VPOS="1055.0" WIDTH="1209.0" HEIGHT="199.0">
            <Shape><Polygon POINTS="1164 1067 1288 1058 1484 1060 1779 1055 2006 1067 2108 1067 2218 1071 2369 1067 2373 1250 2211 1254 2108 1250 1995 1250 1782 1238 1482 1243 1301 1241 1177 1250"/></Shape>
	    <String CONTENT=" ענו אותם כן י בו וכן ישרצו " HPOS="1164.0" VPOS="1055.0" WIDTH="1209.0" HEIGHT="199.0"><Glyph ID="char_13" CONTENT=" " GC="1.0"><Shape><Polygon POINTS="2318 1068 2323 1251 2360 1250 2355 1067"/></Shape></Glyph><Glyph ID="char_14" CONTENT="ע" GC="1.0"><Shape><Polygon POINTS="2281 1069 2286 1252 2323 1251 2318 1068"/></Shape></Glyph><Glyph ID="char_15" CONTENT="נ" GC="1.0"><Shape><Polygon POINTS="2232 1071 2237 1253 2286 1252 2281 1069"/></Shape></Glyph><Glyph ID="char_16" CONTENT="ו" GC="1.0"><Shape><Polygon POINTS="2214 1071 2207 1254 2237 1253 2232 1071"/></Shape></Glyph><Glyph ID="char_17" CONTENT=" " GC="1.0"><Shape><Polygon POINTS="2177 1070 2170 1252 2207 1254 2214 1071"/></Shape></Glyph><Glyph ID="char_18" CONTENT="א" GC="1.0"><Shape><Polygon POINTS="2127 1068 2121 1250 2170 1252 2177 1070"/></Shape></Glyph><Glyph ID="char_19" CONTENT="ו" GC="1.0"><Shape><Polygon POINTS="2098 1067 2098 1250 2121 1250 2127 1068"/></Shape></Glyph><Glyph ID="char_20" CONTENT="ת" GC="1.0"><Shape><Polygon POINTS="2049 1067 2049 1250 2098 1250 2098 1067"/></Shape></Glyph><Glyph ID="char_21" CONTENT="ם" GC="1.0"><Shape><Polygon POINTS="1993 1066 1983 1249 2049 1250 2049 1067"/></Shape></Glyph><Glyph ID="char_22" CONTENT=" " GC="1.0"><Shape><Polygon POINTS="1956 1064 1946 1247 1983 1249 1993 1066"/></Shape></Glyph><Glyph ID="char_23" CONTENT="כ" GC="1.0"><Shape><Polygon POINTS="1919 1062 1909 1245 1946 1247 1956 1064"/></Shape></Glyph><Glyph ID="char_24" CONTENT="ן" GC="1.0"><Shape><Polygon POINTS="1882 1060 1872 1243 1909 1245 1919 1062"/></Shape></Glyph><Glyph ID="char_25" CONTENT=" " GC="1.0"><Shape><Polygon POINTS="1858 1059 1848 1242 1872 1243 1882 1060"/></Shape></Glyph><Glyph ID="char_26" CONTENT="י" GC="1.0"><Shape><Polygon POINTS="1821 1057 1811 1240 1848 1242 1858 1059"/></Shape></Glyph><Glyph ID="char_27" CONTENT=" " GC="1.0"><Shape><Polygon POINTS="1763 1055 1766 1238 1811 1240 1821 1057"/></Shape></Glyph><Glyph ID="char_28" CONTENT="ב" GC="1.0"><Shape><Polygon POINTS="1701 1056 1704 1239 1766 1238 1763 1055"/></Shape></Glyph><Glyph ID="char_29" CONTENT="ו" GC="1.0"><Shape><Polygon POINTS="1677 1057 1680 1240 1704 1239 1701 1056"/></Shape></Glyph><Glyph ID="char_30" CONTENT=" " GC="1.0"><Shape><Polygon POINTS="1640 1057 1643 1240 1680 1240 1677 1057"/></Shape></Glyph><Glyph ID="char_31" CONTENT="ו" GC="1.0"><Shape><Polygon POINTS="1602 1058 1605 1241 1643 1240 1640 1057"/></Shape></Glyph><Glyph ID="char_32" CONTENT="כ" GC="1.0"><Shape><Polygon POINTS="1565 1059 1568 1242 1605 1241 1602 1058"/></Shape></Glyph><Glyph ID="char_33" CONTENT="ן" GC="1.0"><Shape><Polygon POINTS="1516 1059 1519 1242 1568 1242 1565 1059"/></Shape></Glyph><Glyph ID="char_34" CONTENT=" " GC="1.0"><Shape><Polygon POINTS="1482 1060 1480 1243 1519 1242 1516 1059"/></Shape></Glyph><Glyph ID="char_35" CONTENT="י" GC="1.0"><Shape><Polygon POINTS="1432 1059 1430 1242 1480 1243 1482 1060"/></Shape></Glyph><Glyph ID="char_36" CONTENT="ש" GC="1.0"><Shape><Polygon POINTS="1358 1059 1356 1242 1430 1242 1432 1059"/></Shape></Glyph><Glyph ID="char_37" CONTENT="ר" GC="1.0"><Shape><Polygon POINTS="1262 1060 1275 1243 1356 1242 1358 1059"/></Shape></Glyph><Glyph ID="char_38" CONTENT="צ" GC="1.0"><Shape><Polygon POINTS="1188 1065 1201 1248 1275 1243 1262 1060"/></Shape></Glyph><Glyph ID="char_39" CONTENT="ו" GC="1.0"><Shape><Polygon POINTS="1171 1177 1195 1175"/></Shape></Glyph><Glyph ID="char_40" CONTENT=" " GC="1.0"><Shape><Polygon POINTS="1171 1177 1171 1177"/></Shape></Glyph></String>
          </TextLine>

          
          
          <TextLine ID="eSc_line_1773705" BASELINE="1181 1353 1729 1353 1921 1357 2207 1355 2424 1371" HPOS="1181.0" VPOS="1243.0" WIDTH="1251.0" HEIGHT="201.0">
            <Shape><Polygon POINTS="1181 1243 1729 1243 1923 1247 2206 1245 2432 1261 2418 1444 2207 1428 1919 1430 1729 1426 1181 1426"/></Shape>
	    <String CONTENT=" ני ישראל ויעבדו מצרים את " HPOS="1181.0" VPOS="1243.0" WIDTH="1251.0" HEIGHT="201.0"><Glyph ID="char_41" CONTENT=" " GC="1.0"><Shape><Polygon POINTS="2384 1258 2370 1440 2407 1443 2421 1260"/></Shape></Glyph><Glyph ID="char_42" CONTENT="נ" GC="1.0"><Shape><Polygon POINTS="2359 1256 2345 1438 2370 1440 2384 1258"/></Shape></Glyph><Glyph ID="char_43" CONTENT="י" GC="1.0"><Shape><Polygon POINTS="2322 1253 2308 1436 2345 1438 2359 1256"/></Shape></Glyph><Glyph ID="char_44" CONTENT=" " GC="1.0"><Shape><Polygon POINTS="2297 1251 2283 1434 2308 1436 2322 1253"/></Shape></Glyph><Glyph ID="char_45" CONTENT="י" GC="1.0"><Shape><Polygon POINTS="2261 1249 2247 1431 2283 1434 2297 1251"/></Shape></Glyph><Glyph ID="char_46" CONTENT="ש" GC="1.0"><Shape><Polygon POINTS="2178 1245 2179 1428 2247 1431 2261 1249"/></Shape></Glyph><Glyph ID="char_47" CONTENT="ר" GC="1.0"><Shape><Polygon POINTS="2104 1246 2105 1429 2179 1428 2178 1245"/></Shape></Glyph><Glyph ID="char_48" CONTENT="א" GC="1.0"><Shape><Polygon POINTS="2054 1246 2055 1429 2105 1429 2104 1246"/></Shape></Glyph><Glyph ID="char_49" CONTENT="ל" GC="1.0"><Shape><Polygon POINTS="2018 1246 2019 1429 2055 1429 2054 1246"/></Shape></Glyph><Glyph ID="char_50" CONTENT=" " GC="1.0"><Shape><Polygon POINTS="1981 1247 1982 1430 2019 1429 2018 1246"/></Shape></Glyph><Glyph ID="char_51" CONTENT="ו" GC="1.0"><Shape><Polygon POINTS="1944 1247 1945 1430 1982 1430 1981 1247"/></Shape></Glyph><Glyph ID="char_52" CONTENT="י" GC="1.0"><Shape><Polygon POINTS="1910 1247 1906 1430 1945 1430 1944 1247"/></Shape></Glyph><Glyph ID="char_53" CONTENT="ע" GC="1.0"><Shape><Polygon POINTS="1848 1245 1844 1428 1906 1430 1910 1247"/></Shape></Glyph><Glyph ID="char_54" CONTENT="ב" GC="1.0"><Shape><Polygon POINTS="1774 1244 1770 1427 1844 1428 1848 1245"/></Shape></Glyph><Glyph ID="char_55" CONTENT="ד" GC="1.0"><Shape><Polygon POINTS="1723 1243 1723 1426 1770 1427 1774 1244"/></Shape></Glyph><Glyph ID="char_56" CONTENT="ו" GC="1.0"><Shape><Polygon POINTS="1698 1243 1698 1426 1723 1426 1723 1243"/></Shape></Glyph><Glyph ID="char_57" CONTENT=" " GC="1.0"><Shape><Polygon POINTS="1661 1243 1661 1426 1698 1426 1698 1243"/></Shape></Glyph><Glyph ID="char_58" CONTENT="מ" GC="1.0"><Shape><Polygon POINTS="1600 1243 1600 1426 1661 1426 1661 1243"/></Shape></Glyph><Glyph ID="char_59" CONTENT="צ" GC="1.0"><Shape><Polygon POINTS="1551 1243 1551 1426 1600 1426 1600 1243"/></Shape></Glyph><Glyph ID="char_60" CONTENT="ר" GC="1.0"><Shape><Polygon POINTS="1501 1243 1501 1426 1551 1426 1551 1243"/></Shape></Glyph><Glyph ID="char_61" CONTENT="י" GC="1.0"><Shape><Polygon POINTS="1440 1243 1440 1426 1501 1426 1501 1243"/></Shape></Glyph><Glyph ID="char_62" CONTENT="ם" GC="1.0"><Shape><Polygon POINTS="1366 1243 1366 1426 1440 1426 1440 1243"/></Shape></Glyph><Glyph ID="char_63" CONTENT=" " GC="1.0"><Shape><Polygon POINTS="1292 1243 1292 1426 1366 1426 1366 1243"/></Shape></Glyph><Glyph ID="char_64" CONTENT="א" GC="1.0"><Shape><Polygon POINTS="1230 1243 1230 1426 1292 1426 1292 1243"/></Shape></Glyph><Glyph ID="char_65" CONTENT="ת" GC="1.0"><Shape><Polygon POINTS="1193 1243 1193 1426 1230 1426 1230 1243"/></Shape></Glyph><Glyph ID="char_66" CONTENT=" " GC="1.0"><Shape><Polygon POINTS="1181 1243 1181 1426 1193 1426 1193 1243"/></Shape></Glyph></String>
          </TextLine>

          
          
          <TextLine ID="eSc_line_1773706" BASELINE="1179 1522 1276 1528 1398 1524 1903 1526 2043 1533 2164 1528 2446 1528" HPOS="1174.0" VPOS="1412.0" WIDTH="1272.0" HEIGHT="194.0">
            <Shape><Polygon POINTS="1185 1412 1282 1418 1394 1414 1903 1416 2048 1423 2159 1418 2446 1418 2446 1601 2167 1601 2039 1606 1902 1599 1400 1597 1271 1601 1174 1595"/></Shape>
	    <String CONTENT=" בעבדה קשה בחמר ובלבנים " HPOS="1174.0" VPOS="1412.0" WIDTH="1272.0" HEIGHT="194.0"><Glyph ID="char_67" CONTENT=" " GC="1.0"><Shape><Polygon POINTS="2383 1418 2383 1601 2420 1601 2420 1418"/></Shape></Glyph><Glyph ID="char_68" CONTENT="ב" GC="1.0"><Shape><Polygon POINTS="2346 1418 2346 1601 2383 1601 2383 1418"/></Shape></Glyph><Glyph ID="char_69" CONTENT="ע" GC="1.0"><Shape><Polygon POINTS="2285 1418 2285 1601 2346 1601 2346 1418"/></Shape></Glyph><Glyph ID="char_70" CONTENT="ב" GC="1.0"><Shape><Polygon POINTS="2211 1418 2211 1601 2285 1601 2285 1418"/></Shape></Glyph><Glyph ID="char_71" CONTENT="ד" GC="1.0"><Shape><Polygon POINTS="2133 1419 2140 1602 2211 1601 2211 1418"/></Shape></Glyph><Glyph ID="char_72" CONTENT="ה" GC="1.0"><Shape><Polygon POINTS="2084 1421 2091 1604 2140 1602 2133 1419"/></Shape></Glyph><Glyph ID="char_73" CONTENT=" " GC="1.0"><Shape><Polygon POINTS="2047 1423 2055 1605 2091 1604 2084 1421"/></Shape></Glyph><Glyph ID="char_74" CONTENT="ק" GC="1.0"><Shape><Polygon POINTS="1995 1420 1986 1603 2055 1605 2047 1423"/></Shape></Glyph><Glyph ID="char_75" CONTENT="ש" GC="1.0"><Shape><Polygon POINTS="1922 1417 1913 1600 1986 1603 1995 1420"/></Shape></Glyph><Glyph ID="char_76" CONTENT="ה" GC="1.0"><Shape><Polygon POINTS="1843 1416 1842 1599 1913 1600 1922 1417"/></Shape></Glyph><Glyph ID="char_77" CONTENT=" " GC="1.0"><Shape><Polygon POINTS="1806 1416 1805 1599 1842 1599 1843 1416"/></Shape></Glyph><Glyph ID="char_78" CONTENT="ב" GC="1.0"><Shape><Polygon POINTS="1757 1415 1756 1598 1805 1599 1806 1416"/></Shape></Glyph><Glyph ID="char_79" CONTENT="ח" GC="1.0"><Shape><Polygon POINTS="1707 1415 1706 1598 1756 1598 1757 1415"/></Shape></Glyph><Glyph ID="char_80" CONTENT="מ" GC="1.0"><Shape><Polygon POINTS="1646 1415 1645 1598 1706 1598 1707 1415"/></Shape></Glyph><Glyph ID="char_81" CONTENT="ר" GC="1.0"><Shape><Polygon POINTS="1584 1415 1583 1598 1645 1598 1646 1415"/></Shape></Glyph><Glyph ID="char_82" CONTENT=" " GC="1.0"><Shape><Polygon POINTS="1510 1414 1509 1597 1583 1598 1584 1415"/></Shape></Glyph><Glyph ID="char_83" CONTENT="ו" GC="1.0"><Shape><Polygon POINTS="1461 1414 1460 1597 1509 1597 1510 1414"/></Shape></Glyph><Glyph ID="char_84" CONTENT="ב" GC="1.0"><Shape><Polygon POINTS="1412 1414 1411 1597 1460 1597 1461 1414"/></Shape></Glyph><Glyph ID="char_85" CONTENT="ל" GC="1.0"><Shape><Polygon POINTS="1359 1415 1365 1598 1411 1597 1412 1414"/></Shape></Glyph><Glyph ID="char_86" CONTENT="ב" GC="1.0"><Shape><Polygon POINTS="1309 1417 1315 1600 1365 1598 1359 1415"/></Shape></Glyph><Glyph ID="char_87" CONTENT="נ" GC="1.0"><Shape><Polygon POINTS="1272 1417 1259 1600 1315 1600 1309 1417"/></Shape></Glyph><Glyph ID="char_88" CONTENT="י" GC="1.0"><Shape><Polygon POINTS="1223 1414 1210 1597 1259 1600 1272 1417"/></Shape></Glyph><Glyph ID="char_89" CONTENT="ם" GC="1.0"><Shape><Polygon POINTS="1198 1413 1185 1596 1210 1597 1223 1414"/></Shape></Glyph><Glyph ID="char_90" CONTENT=" " GC="1.0"><Shape><Polygon POINTS="1178 1521 1189 1521"/></Shape></Glyph></String>
          </TextLine>

          
          
          <TextLine ID="eSc_line_1773707" BASELINE="1174 1718 1343 1718 1416 1713 1716 1707 1799 1709 2065 1698 2189 1702 2462 1702" HPOS="1174.0" VPOS="1588.0" WIDTH="1288.0" HEIGHT="203.0">
            <Shape><Polygon POINTS="1174 1608 1343 1608 1408 1603 1713 1597 1801 1599 2060 1588 2192 1592 2462 1592 2462 1775 2186 1775 2068 1771 1797 1782 1717 1780 1421 1786 1343 1791 1174 1791"/></Shape>
	    <String CONTENT=" בודתם אשר עבדו בהם בפרך " HPOS="1174.0" VPOS="1588.0" WIDTH="1288.0" HEIGHT="203.0"><Glyph ID="char_91" CONTENT=" " GC="1.0"><Shape><Polygon POINTS="2413 1592 2413 1775 2450 1775 2450 1592"/></Shape></Glyph><Glyph ID="char_92" CONTENT="ב" GC="1.0"><Shape><Polygon POINTS="2376 1592 2376 1775 2413 1775 2413 1592"/></Shape></Glyph><Glyph ID="char_93" CONTENT="ו" GC="1.0"><Shape><Polygon POINTS="2315 1592 2315 1775 2376 1775 2376 1592"/></Shape></Glyph><Glyph ID="char_94" CONTENT="ד" GC="1.0"><Shape><Polygon POINTS="2253 1592 2253 1775 2315 1775 2315 1592"/></Shape></Glyph><Glyph ID="char_95" CONTENT="ת" GC="1.0"><Shape><Polygon POINTS="2192 1592 2192 1775 2253 1775 2253 1592"/></Shape></Glyph><Glyph ID="char_96" CONTENT="ם" GC="1.0"><Shape><Polygon POINTS="2147 1591 2141 1773 2192 1775 2192 1592"/></Shape></Glyph><Glyph ID="char_97" CONTENT=" " GC="1.0"><Shape><Polygon POINTS="2098 1589 2092 1772 2141 1773 2147 1591"/></Shape></Glyph><Glyph ID="char_98" CONTENT="א" GC="1.0"><Shape><Polygon POINTS="2028 1589 2036 1772 2092 1772 2098 1589"/></Shape></Glyph><Glyph ID="char_99" CONTENT="ש" GC="1.0"><Shape><Polygon POINTS="1955 1592 1963 1775 2036 1772 2028 1589"/></Shape></Glyph><Glyph ID="char_100" CONTENT="ר" GC="1.0"><Shape><Polygon POINTS="1893 1595 1901 1778 1963 1775 1955 1592"/></Shape></Glyph><Glyph ID="char_101" CONTENT=" " GC="1.0"><Shape><Polygon POINTS="1856 1597 1864 1779 1901 1778 1893 1595"/></Shape></Glyph><Glyph ID="char_102" CONTENT="ע" GC="1.0"><Shape><Polygon POINTS="1795 1599 1803 1782 1864 1779 1856 1597"/></Shape></Glyph><Glyph ID="char_103" CONTENT="ב" GC="1.0"><Shape><Polygon POINTS="1728 1597 1724 1780 1803 1782 1795 1599"/></Shape></Glyph><Glyph ID="char_104" CONTENT="ד" GC="1.0"><Shape><Polygon POINTS="1675 1598 1678 1781 1724 1780 1728 1597"/></Shape></Glyph><Glyph ID="char_105" CONTENT="ו" GC="1.0"><Shape><Polygon POINTS="1638 1598 1641 1782 1678 1781 1675 1598"/></Shape></Glyph><Glyph ID="char_106" CONTENT=" " GC="1.0"><Shape><Polygon POINTS="1602 1599 1605 1782 1641 1782 1638 1598"/></Shape></Glyph><Glyph ID="char_107" CONTENT="ב" GC="1.0"><Shape><Polygon POINTS="1553 1600 1556 1783 1605 1782 1602 1599"/></Shape></Glyph><Glyph ID="char_108" CONTENT="ה" GC="1.0"><Shape><Polygon POINTS="1491 1601 1494 1785 1556 1783 1553 1600"/></Shape></Glyph><Glyph ID="char_109" CONTENT="ם" GC="1.0"><Shape><Polygon POINTS="1430 1603 1433 1786 1494 1785 1491 1601"/></Shape></Glyph><Glyph ID="char_110" CONTENT=" " GC="1.0"><Shape><Polygon POINTS="1387 1605 1400 1787 1433 1786 1430 1603"/></Shape></Glyph><Glyph ID="char_111" CONTENT="ב" GC="1.0"><Shape><Polygon POINTS="1338 1608 1351 1790 1400 1787 1387 1605"/></Shape></Glyph><Glyph ID="char_112" CONTENT="פ" GC="1.0"><Shape><Polygon POINTS="1284 1608 1284 1791 1351 1790 1338 1608"/></Shape></Glyph><Glyph ID="char_113" CONTENT="ר" GC="1.0"><Shape><Polygon POINTS="1223 1608 1223 1791 1284 1791 1284 1608"/></Shape></Glyph><Glyph ID="char_114" CONTENT="ך" GC="1.0"><Shape><Polygon POINTS="1186 1608 1186 1791 1223 1791 1223 1608"/></Shape></Glyph><Glyph ID="char_115" CONTENT=" " GC="1.0"><Shape><Polygon POINTS="1174 1608 1174 1791 1186 1791 1186 1608"/></Shape></Glyph></String>
          </TextLine>

          
          
          <TextLine ID="eSc_line_1773708" BASELINE="1186 1903 1932 1903 1894 1900 2038 1900 2360 1889" HPOS="1186.0" VPOS="1779.0" WIDTH="1176.0" HEIGHT="230.0">
            <Shape><Polygon POINTS="1186 1793 1932 1793 1885 2009 2038 1790 2356 1779 2362 1962 2038 1973 2040.86 1976 1932 1976 1186 1976"/></Shape>
	    <String CONTENT=" ויקוצו מצרים מפני בני ישרא " HPOS="1186.0" VPOS="1779.0" WIDTH="1176.0" HEIGHT="230.0"><Glyph ID="char_116" CONTENT=" " GC="1.0"><Shape><Polygon POINTS="2307 1781 2313 1964 2350 1962 2344 1779"/></Shape></Glyph><Glyph ID="char_117" CONTENT="ו" GC="1.0"><Shape><Polygon POINTS="2282 1782 2288 1965 2313 1964 2307 1781"/></Shape></Glyph><Glyph ID="char_118" CONTENT="י" GC="1.0"><Shape><Polygon POINTS="2244 1783 2250 1966 2288 1965 2282 1782"/></Shape></Glyph><Glyph ID="char_119" CONTENT="ק" GC="1.0"><Shape><Polygon POINTS="2182 1785 2188 1968 2250 1966 2244 1783"/></Shape></Glyph><Glyph ID="char_120" CONTENT="ו" GC="1.0"><Shape><Polygon POINTS="2107 1788 2113 1970 2188 1968 2182 1785"/></Shape></Glyph><Glyph ID="char_121" CONTENT="צ" GC="1.0"><Shape><Polygon POINTS="2044 1790 2050 1973 2113 1970 2107 1788"/></Shape></Glyph><Glyph ID="char_122" CONTENT="ו" GC="1.0"><Shape><Polygon POINTS="2023 1812 2023 1976 2050 1973 2044 1790"/></Shape></Glyph><Glyph ID="char_123" CONTENT=" " GC="1.0"><Shape><Polygon POINTS="1986 1865 1986 1976 2023 1976 2023 1812"/></Shape></Glyph><Glyph ID="char_124" CONTENT="מ" GC="1.0"><Shape><Polygon POINTS="1911 1793 1911 1972 1986 1976 1986 1865"/></Shape></Glyph><Glyph ID="char_125" CONTENT="צ" GC="1.0"><Shape><Polygon POINTS="1887 1793 1887 2000 1911 1972 1911 1793"/></Shape></Glyph><Glyph ID="char_126" CONTENT="ר" GC="1.0"><Shape><Polygon POINTS="1824 1793 1824 1976 1887 2000 1887 1793"/></Shape></Glyph><Glyph ID="char_127" CONTENT="י" GC="1.0"><Shape><Polygon POINTS="1761 1793 1761 1976 1824 1976 1824 1793"/></Shape></Glyph><Glyph ID="char_128" CONTENT="ם" GC="1.0"><Shape><Polygon POINTS="1724 1793 1724 1976 1761 1976 1761 1793"/></Shape></Glyph><Glyph ID="char_129" CONTENT=" " GC="1.0"><Shape><Polygon POINTS="1699 1793 1699 1976 1724 1976 1724 1793"/></Shape></Glyph><Glyph ID="char_130" CONTENT="מ" GC="1.0"><Shape><Polygon POINTS="1661 1793 1661 1976 1699 1976 1699 1793"/></Shape></Glyph><Glyph ID="char_131" CONTENT="פ" GC="1.0"><Shape><Polygon POINTS="1611 1793 1611 1976 1661 1976 1661 1793"/></Shape></Glyph><Glyph ID="char_132" CONTENT="נ" GC="1.0"><Shape><Polygon POINTS="1574 1793 1574 1976 1611 1976 1611 1793"/></Shape></Glyph><Glyph ID="char_133" CONTENT="י" GC="1.0"><Shape><Polygon POINTS="1549 1793 1549 1976 1574 1976 1574 1793"/></Shape></Glyph><Glyph ID="char_134" CONTENT=" " GC="1.0"><Shape><Polygon POINTS="1524 1793 1524 1976 1549 1976 1549 1793"/></Shape></Glyph><Glyph ID="char_135" CONTENT="ב" GC="1.0"><Shape><Polygon POINTS="1499 1793 1499 1976 1524 1976 1524 1793"/></Shape></Glyph><Glyph ID="char_136" CONTENT="נ" GC="1.0"><Shape><Polygon POINTS="1461 1793 1461 1976 1499 1976 1499 1793"/></Shape></Glyph><Glyph ID="char_137" CONTENT="י" GC="1.0"><Shape><Polygon POINTS="1424 1793 1424 1976 1461 1976 1461 1793"/></Shape></Glyph><Glyph ID="char_138" CONTENT=" " GC="1.0"><Shape><Polygon POINTS="1411 1793 1411 1976 1424 1976 1424 1793"/></Shape></Glyph><Glyph ID="char_139" CONTENT="י" GC="1.0"><Shape><Polygon POINTS="1374 1793 1374 1976 1411 1976 1411 1793"/></Shape></Glyph><Glyph ID="char_140" CONTENT="ש" GC="1.0"><Shape><Polygon POINTS="1299 1793 1299 1976 1374 1976 1374 1793"/></Shape></Glyph><Glyph ID="char_141" CONTENT="ר" GC="1.0"><Shape><Polygon POINTS="1224 1793 1224 1976 1299 1976 1299 1793"/></Shape></Glyph><Glyph ID="char_142" CONTENT="א" GC="1.0"><Shape><Polygon POINTS="1186 1793 1186 1976 1224 1976 1224 1793"/></Shape></Glyph><Glyph ID="char_143" CONTENT=" " GC="1.0"><Shape><Polygon POINTS="1186 1793 1186 1976 1186 1976 1186 1793"/></Shape></Glyph></String>
          </TextLine>

          
        </TextBlock>
        

        
      </PrintSpace>
    </Page>
  </Layout>
</alto>