<?xml version='1.0' encoding='UTF-8'?>
<alto xmlns:xsi="http://www.w3.org/2001/XMLSchema-instance" xmlns="http://www.loc.gov/standards/alto/ns-v4#" xsi:schemaLocation="http://www.loc.gov/standards/alto/ns-v4# http://www.loc.gov/standards/alto/v4/alto-4-2.xsd">
  <Description>
    <MeasurementUnit>pixel</MeasurementUnit>
    <sourceImageInformation>
      <fileName>P643-Fg006-R-C01-R01-D18122013-T103917-LR924 _012.jpg</fileName>
      
    </sourceImageInformation>
  </Description>
  
  <Tags>
    <OtherTag ID="BT1443" LABEL="Parchment_or_papyrus" DESCRIPTION="block type Parchment_or_papyrus"/><OtherTag ID="BT2" LABEL="Main" DESCRIPTION="block type Main"/>
    
  </Tags>
  
  <Layout>
    <Page WIDTH="3608" HEIGHT="2706" PHYSICAL_IMG_NR="112" ID="eSc_dummypage_">
      <PrintSpace HPOS="0" VPOS="0" WIDTH="3608" HEIGHT="2706">
        
        <TextBlock HPOS="1068.0" VPOS="719.0" WIDTH="1569.0" HEIGHT="1548.0" ID="eSc_textblock_4a67bd4d" TAGREFS="BT2">
          <Shape><Polygon POINTS="1068 719 1068 2267 2637 2267 2637 719"/></Shape>
          
          
          <TextLine ID="eSc_line_1774244" BASELINE="1467 809 1699 823" HPOS="1463.0" VPOS="716.0" WIDTH="241.0" HEIGHT="168.0">
            <Shape><Polygon POINTS="1472 716 1704 730 1695 884 1463 870"/></Shape>
	    <String CONTENT=" גם צאנכ " HPOS="1463.0" VPOS="716.0" WIDTH="241.0" HEIGHT="168.0"><Glyph ID="char_0" CONTENT=" " GC="1.0"><Shape><Polygon POINTS="1653 727 1643 881 1674 883 1684 729"/></Shape></Glyph><Glyph ID="char_1" CONTENT="ג" GC="1.0"><Shape><Polygon POINTS="1631 726 1621 880 1643 881 1653 727"/></Shape></Glyph><Glyph ID="char_2" CONTENT="ם" GC="1.0"><Shape><Polygon POINTS="1610 724 1600 878 1621 880 1631 726"/></Shape></Glyph><Glyph ID="char_3" CONTENT=" " GC="1.0"><Shape><Polygon POINTS="1600 724 1590 878 1600 878 1610 724"/></Shape></Glyph><Glyph ID="char_4" CONTENT="צ" GC="1.0"><Shape><Polygon POINTS="1589 723 1579 877 1590 878 1600 724"/></Shape></Glyph><Glyph ID="char_5" CONTENT="א" GC="1.0"><Shape><Polygon POINTS="1578 722 1568 876 1579 877 1589 723"/></Shape></Glyph><Glyph ID="char_6" CONTENT="נ" GC="1.0"><Shape><Polygon POINTS="1568 722 1558 876 1568 876 1578 722"/></Shape></Glyph><Glyph ID="char_7" CONTENT="כ" GC="1.0"><Shape><Polygon POINTS="1547 721 1537 874 1558 876 1568 722"/></Shape></Glyph><Glyph ID="char_8" CONTENT=" " GC="1.0"><Shape><Polygon POINTS="1494 717 1484 871 1537 874 1547 721"/></Shape></Glyph></String>
          </TextLine>

          
          
          <TextLine ID="eSc_line_1773709" BASELINE="1176 941 1386 938 1486 935 1720 951 2166 954" HPOS="1174.0" VPOS="842.0" WIDTH="992.0" HEIGHT="173.0">
            <Shape><Polygon POINTS="1174 848 1384 845 1483 842 1726 858 2166 861 2165 1015 1715 1012 1487 996 1386 999 1176 1002"/></Shape>
	    <String CONTENT=" ים עם למהר לש " HPOS="1174.0" VPOS="842.0" WIDTH="992.0" HEIGHT="173.0"><Glyph ID="char_9" CONTENT=" " GC="1.0"><Shape><Polygon POINTS="2020 860 2019 1014 2123 1015 2124 861"/></Shape></Glyph><Glyph ID="char_10" CONTENT="י" GC="1.0"><Shape><Polygon POINTS="1957 860 1956 1014 2019 1014 2020 860"/></Shape></Glyph><Glyph ID="char_11" CONTENT="ם" GC="1.0"><Shape><Polygon POINTS="1947 860 1946 1014 1956 1014 1957 860"/></Shape></Glyph><Glyph ID="char_12" CONTENT=" " GC="1.0"><Shape><Polygon POINTS="1905 859 1904 1013 1946 1014 1947 860"/></Shape></Glyph><Glyph ID="char_13" CONTENT="ע" GC="1.0"><Shape><Polygon POINTS="1790 858 1789 1012 1904 1013 1905 859"/></Shape></Glyph><Glyph ID="char_14" CONTENT="ם" GC="1.0"><Shape><Polygon POINTS="1713 857 1702 1011 1789 1012 1790 858"/></Shape></Glyph><Glyph ID="char_15" CONTENT=" " GC="1.0"><Shape><Polygon POINTS="1692 856 1681 1010 1702 1011 1713 857"/></Shape></Glyph><Glyph ID="char_16" CONTENT="ל" GC="1.0"><Shape><Polygon POINTS="1671 854 1660 1008 1681 1010 1692 856"/></Shape></Glyph><Glyph ID="char_17" CONTENT="מ" GC="1.0"><Shape><Polygon POINTS="1640 852 1629 1006 1660 1008 1671 854"/></Shape></Glyph><Glyph ID="char_18" CONTENT="ה" GC="1.0"><Shape><Polygon POINTS="1619 851 1608 1005 1629 1006 1640 852"/></Shape></Glyph><Glyph ID="char_19" CONTENT="ר" GC="1.0"><Shape><Polygon POINTS="1598 850 1588 1003 1608 1005 1619 851"/></Shape></Glyph><Glyph ID="char_20" CONTENT=" " GC="1.0"><Shape><Polygon POINTS="1567 848 1557 1001 1588 1003 1598 850"/></Shape></Glyph><Glyph ID="char_21" CONTENT="ל" GC="1.0"><Shape><Polygon POINTS="1475 842 1480 996 1557 1001 1567 848"/></Shape></Glyph><Glyph ID="char_22" CONTENT="ש" GC="1.0"><Shape><Polygon POINTS="1372 845 1374 999 1480 996 1475 842"/></Shape></Glyph><Glyph ID="char_23" CONTENT=" " GC="1.0"><Shape><Polygon POINTS="1247 847 1249 1001 1374 999 1372 845"/></Shape></Glyph></String>
          </TextLine>

          
          
          <TextLine ID="eSc_line_1773710" BASELINE="1154 1120 1249 1118 1429 1100 1623 1093 1804 1093 1896 1089 2151 1093" HPOS="1152.0" VPOS="996.0" WIDTH="1000.0" HEIGHT="185.0">
            <Shape><Polygon POINTS="1152 1027 1247 1025 1419 1008 1619 1000 1804 1000 1891 996 2152 1000 2150 1154 1898 1150 1804 1154 1625 1154 1435 1161 1250 1179 1155 1181"/></Shape>
	    <String CONTENT=" ם יחמץ משארותם צרו " HPOS="1152.0" VPOS="996.0" WIDTH="1000.0" HEIGHT="185.0"><Glyph ID="char_24" CONTENT=" " GC="1.0"><Shape><Polygon POINTS="2089 999 2087 1153 2139 1154 2141 1000"/></Shape></Glyph><Glyph ID="char_25" CONTENT="ם" GC="1.0"><Shape><Polygon POINTS="2048 998 2046 1152 2087 1153 2089 999"/></Shape></Glyph><Glyph ID="char_26" CONTENT=" " GC="1.0"><Shape><Polygon POINTS="2027 998 2025 1152 2046 1152 2048 998"/></Shape></Glyph><Glyph ID="char_27" CONTENT="י" GC="1.0"><Shape><Polygon POINTS="1996 998 1994 1152 2025 1152 2027 998"/></Shape></Glyph><Glyph ID="char_28" CONTENT="ח" GC="1.0"><Shape><Polygon POINTS="1954 997 1952 1151 1994 1152 1996 998"/></Shape></Glyph><Glyph ID="char_29" CONTENT="מ" GC="1.0"><Shape><Polygon POINTS="1902 996 1900 1150 1952 1151 1954 997"/></Shape></Glyph><Glyph ID="char_30" CONTENT="ץ" GC="1.0"><Shape><Polygon POINTS="1856 998 1863 1152 1900 1150 1902 996"/></Shape></Glyph><Glyph ID="char_31" CONTENT=" " GC="1.0"><Shape><Polygon POINTS="1824 999 1831 1153 1863 1152 1856 998"/></Shape></Glyph><Glyph ID="char_32" CONTENT="מ" GC="1.0"><Shape><Polygon POINTS="1776 1000 1776 1154 1831 1153 1824 999"/></Shape></Glyph><Glyph ID="char_33" CONTENT="ש" GC="1.0"><Shape><Polygon POINTS="1693 1000 1693 1154 1776 1154 1776 1000"/></Shape></Glyph><Glyph ID="char_34" CONTENT="א" GC="1.0"><Shape><Polygon POINTS="1607 1000 1612 1154 1693 1154 1693 1000"/></Shape></Glyph><Glyph ID="char_35" CONTENT="ר" GC="1.0"><Shape><Polygon POINTS="1555 1003 1560 1156 1612 1154 1607 1000"/></Shape></Glyph><Glyph ID="char_36" CONTENT="ו" GC="1.0"><Shape><Polygon POINTS="1513 1004 1518 1158 1560 1156 1555 1003"/></Shape></Glyph><Glyph ID="char_37" CONTENT="ת" GC="1.0"><Shape><Polygon POINTS="1440 1007 1445 1161 1518 1158 1513 1004"/></Shape></Glyph><Glyph ID="char_38" CONTENT="ם" GC="1.0"><Shape><Polygon POINTS="1362 1014 1377 1167 1445 1161 1440 1007"/></Shape></Glyph><Glyph ID="char_39" CONTENT=" " GC="1.0"><Shape><Polygon POINTS="1310 1019 1326 1172 1377 1167 1362 1014"/></Shape></Glyph><Glyph ID="char_40" CONTENT="צ" GC="1.0"><Shape><Polygon POINTS="1259 1024 1274 1177 1326 1172 1310 1019"/></Shape></Glyph><Glyph ID="char_41" CONTENT="ר" GC="1.0"><Shape><Polygon POINTS="1214 1026 1217 1180 1274 1177 1259 1024"/></Shape></Glyph><Glyph ID="char_42" CONTENT="ו" GC="1.0"><Shape><Polygon POINTS="1172 1027 1175 1181 1217 1180 1214 1026"/></Shape></Glyph><Glyph ID="char_43" CONTENT=" " GC="1.0"><Shape><Polygon POINTS="1153 1120 1173 1119"/></Shape></Glyph></String>
          </TextLine>

          
          
          <TextLine ID="eSc_line_1773711" BASELINE="1190 1258 1758 1237 1873 1237 2221 1215" HPOS="1186.0" VPOS="1122.0" WIDTH="1038.0" HEIGHT="197.0">
            <Shape><Polygon POINTS="1186 1165 1754 1144 1873 1144 2215 1122 2224 1276 1873 1298 1760 1298 1192 1319"/></Shape>
	    <String CONTENT=" שה וישאלו מצרים כלי כ " HPOS="1186.0" VPOS="1122.0" WIDTH="1038.0" HEIGHT="197.0"><Glyph ID="char_44" CONTENT=" " GC="1.0"><Shape><Polygon POINTS="2172 1125 2182 1279 2213 1277 2203 1123"/></Shape></Glyph><Glyph ID="char_45" CONTENT="ש" GC="1.0"><Shape><Polygon POINTS="2130 1127 2140 1281 2182 1279 2172 1125"/></Shape></Glyph><Glyph ID="char_46" CONTENT="ה" GC="1.0"><Shape><Polygon POINTS="2089 1130 2099 1284 2140 1281 2130 1127"/></Shape></Glyph><Glyph ID="char_47" CONTENT=" " GC="1.0"><Shape><Polygon POINTS="2058 1132 2068 1286 2099 1284 2089 1130"/></Shape></Glyph><Glyph ID="char_48" CONTENT="ו" GC="1.0"><Shape><Polygon POINTS="2026 1134 2036 1288 2068 1286 2058 1132"/></Shape></Glyph><Glyph ID="char_49" CONTENT="י" GC="1.0"><Shape><Polygon POINTS="1995 1136 2005 1290 2036 1288 2026 1134"/></Shape></Glyph><Glyph ID="char_50" CONTENT="ש" GC="1.0"><Shape><Polygon POINTS="1923 1141 1932 1294 2005 1290 1995 1136"/></Shape></Glyph><Glyph ID="char_51" CONTENT="א" GC="1.0"><Shape><Polygon POINTS="1846 1144 1846 1298 1932 1294 1923 1141"/></Shape></Glyph><Glyph ID="char_52" CONTENT="ל" GC="1.0"><Shape><Polygon POINTS="1794 1144 1794 1298 1846 1298 1846 1144"/></Shape></Glyph><Glyph ID="char_53" CONTENT="ו" GC="1.0"><Shape><Polygon POINTS="1737 1145 1743 1299 1794 1298 1794 1144"/></Shape></Glyph><Glyph ID="char_54" CONTENT=" " GC="1.0"><Shape><Polygon POINTS="1685 1147 1691 1301 1743 1299 1737 1145"/></Shape></Glyph><Glyph ID="char_55" CONTENT="מ" GC="1.0"><Shape><Polygon POINTS="1623 1149 1629 1303 1691 1301 1685 1147"/></Shape></Glyph><Glyph ID="char_56" CONTENT="צ" GC="1.0"><Shape><Polygon POINTS="1571 1151 1577 1305 1629 1303 1623 1149"/></Shape></Glyph><Glyph ID="char_57" CONTENT="ר" GC="1.0"><Shape><Polygon POINTS="1529 1152 1535 1306 1577 1305 1571 1151"/></Shape></Glyph><Glyph ID="char_58" CONTENT="י" GC="1.0"><Shape><Polygon POINTS="1467 1155 1473 1309 1535 1306 1529 1152"/></Shape></Glyph><Glyph ID="char_59" CONTENT="ם" GC="1.0"><Shape><Polygon POINTS="1414 1157 1420 1311 1473 1309 1467 1155"/></Shape></Glyph><Glyph ID="char_60" CONTENT=" " GC="1.0"><Shape><Polygon POINTS="1373 1158 1379 1312 1420 1311 1414 1157"/></Shape></Glyph><Glyph ID="char_61" CONTENT="כ" GC="1.0"><Shape><Polygon POINTS="1331 1160 1337 1314 1379 1312 1373 1158"/></Shape></Glyph><Glyph ID="char_62" CONTENT="ל" GC="1.0"><Shape><Polygon POINTS="1300 1161 1306 1315 1337 1314 1331 1160"/></Shape></Glyph><Glyph ID="char_63" CONTENT="י" GC="1.0"><Shape><Polygon POINTS="1270 1162 1275 1316 1306 1315 1300 1161"/></Shape></Glyph><Glyph ID="char_64" CONTENT=" " GC="1.0"><Shape><Polygon POINTS="1249 1163 1254 1317 1275 1316 1270 1162"/></Shape></Glyph><Glyph ID="char_65" CONTENT="כ" GC="1.0"><Shape><Polygon POINTS="1217 1164 1222 1318 1254 1317 1249 1163"/></Shape></Glyph><Glyph ID="char_66" CONTENT=" " GC="1.0"><Shape><Polygon POINTS="1189 1258 1219 1256"/></Shape></Glyph></String>
          </TextLine>

          
          
          <TextLine ID="eSc_line_1773717" BASELINE="1308 1430 1414 1431 1673 1409 1767 1413 2047 1366 2149 1366 2245 1373" HPOS="1307.0" VPOS="1273.0" WIDTH="944.0" HEIGHT="219.0">
            <Shape><Polygon POINTS="1308 1337 1414 1338 1665 1316 1770 1320 2031 1274 2149 1273 2251 1280 2240 1434 2149 1427 2057 1426 1764 1474 1678 1470 1413 1492 1307 1491"/></Shape>
	    <String CONTENT=" לום ינצ ת מצרים" HPOS="1307.0" VPOS="1273.0" WIDTH="944.0" HEIGHT="219.0"><Glyph ID="char_67" CONTENT=" " GC="1.0"><Shape><Polygon POINTS="2199 1276 2187 1430 2229 1433 2241 1279"/></Shape></Glyph><Glyph ID="char_68" CONTENT="ל" GC="1.0"><Shape><Polygon POINTS="2179 1275 2168 1428 2187 1430 2199 1276"/></Shape></Glyph><Glyph ID="char_69" CONTENT="ו" GC="1.0"><Shape><Polygon POINTS="2168 1274 2157 1428 2168 1428 2179 1275"/></Shape></Glyph><Glyph ID="char_70" CONTENT="ם" GC="1.0"><Shape><Polygon POINTS="2158 1274 2147 1427 2157 1428 2168 1274"/></Shape></Glyph><Glyph ID="char_71" CONTENT=" " GC="1.0"><Shape><Polygon POINTS="2022 1276 2047 1428 2147 1427 2158 1274"/></Shape></Glyph><Glyph ID="char_72" CONTENT="י" GC="1.0"><Shape><Polygon POINTS="1889 1299 1914 1449 2047 1428 2022 1276"/></Shape></Glyph><Glyph ID="char_73" CONTENT="נ" GC="1.0"><Shape><Polygon POINTS="1858 1304 1883 1454 1914 1449 1889 1299"/></Shape></Glyph><Glyph ID="char_74" CONTENT="צ" GC="1.0"><Shape><Polygon POINTS="1818 1312 1843 1461 1883 1454 1858 1304"/></Shape></Glyph><Glyph ID="char_75" CONTENT=" " GC="1.0"><Shape><Polygon POINTS="1765 1320 1758 1474 1843 1461 1818 1312"/></Shape></Glyph><Glyph ID="char_76" CONTENT="ת" GC="1.0"><Shape><Polygon POINTS="1724 1318 1717 1472 1758 1474 1765 1320"/></Shape></Glyph><Glyph ID="char_77" CONTENT=" " GC="1.0"><Shape><Polygon POINTS="1693 1317 1686 1470 1717 1472 1724 1318"/></Shape></Glyph><Glyph ID="char_78" CONTENT="מ" GC="1.0"><Shape><Polygon POINTS="1660 1316 1673 1470 1686 1470 1693 1317"/></Shape></Glyph><Glyph ID="char_79" CONTENT="צ" GC="1.0"><Shape><Polygon POINTS="1629 1319 1642 1473 1673 1470 1660 1316"/></Shape></Glyph><Glyph ID="char_80" CONTENT="ר" GC="1.0"><Shape><Polygon POINTS="1598 1322 1611 1476 1642 1473 1629 1319"/></Shape></Glyph><Glyph ID="char_81" CONTENT="י" GC="1.0"><Shape><Polygon POINTS="1434 1336 1447 1489 1611 1476 1598 1322"/></Shape></Glyph><Glyph ID="char_82" CONTENT="ם" GC="1.0"><Shape><Polygon POINTS="1307 1429 1441 1428"/></Shape></Glyph></String>
          </TextLine>

          
          
          <TextLine ID="eSc_line_1773719" BASELINE="1132 1619 1294 1619 1458 1598 1619 1589 1801 1567 1941 1555 2074 1551 2158 1544 2255 1546" HPOS="1132.0" VPOS="1451.0" WIDTH="1124.0" HEIGHT="229.0">
            <Shape><Polygon POINTS="1132 1526 1294 1526 1446 1506 1613 1496 1789 1475 1933 1462 2071 1458 2150 1451 2256 1453 2253 1607 2163 1605 2075 1612 1946 1616 1808 1628 1622 1650 1465 1659 1294 1680 1132 1680"/></Shape>
	    <String CONTENT=" בני ישראל מרעמסס סכתה כ " HPOS="1132.0" VPOS="1451.0" WIDTH="1124.0" HEIGHT="229.0"><Glyph ID="char_83" CONTENT=" " GC="1.0"><Shape><Polygon POINTS="2195 1452 2192 1606 2233 1607 2236 1453"/></Shape></Glyph><Glyph ID="char_84" CONTENT="ב" GC="1.0"><Shape><Polygon POINTS="2174 1451 2171 1605 2192 1606 2195 1452"/></Shape></Glyph><Glyph ID="char_85" CONTENT="נ" GC="1.0"><Shape><Polygon POINTS="2144 1451 2157 1605 2171 1605 2174 1451"/></Shape></Glyph><Glyph ID="char_86" CONTENT="י" GC="1.0"><Shape><Polygon POINTS="2114 1454 2126 1608 2157 1605 2144 1451"/></Shape></Glyph><Glyph ID="char_87" CONTENT=" " GC="1.0"><Shape><Polygon POINTS="2093 1456 2105 1610 2126 1608 2114 1454"/></Shape></Glyph><Glyph ID="char_88" CONTENT="י" GC="1.0"><Shape><Polygon POINTS="2057 1458 2061 1612 2105 1610 2093 1456"/></Shape></Glyph><Glyph ID="char_89" CONTENT="ש" GC="1.0"><Shape><Polygon POINTS="1984 1461 1988 1615 2061 1612 2057 1458"/></Shape></Glyph><Glyph ID="char_90" CONTENT="ר" GC="1.0"><Shape><Polygon POINTS="1907 1464 1920 1618 1988 1615 1984 1461"/></Shape></Glyph><Glyph ID="char_91" CONTENT="א" GC="1.0"><Shape><Polygon POINTS="1855 1469 1868 1623 1920 1618 1907 1464"/></Shape></Glyph><Glyph ID="char_92" CONTENT="ל" GC="1.0"><Shape><Polygon POINTS="1814 1473 1827 1626 1868 1623 1855 1469"/></Shape></Glyph><Glyph ID="char_93" CONTENT=" " GC="1.0"><Shape><Polygon POINTS="1793 1475 1806 1628 1827 1626 1814 1473"/></Shape></Glyph><Glyph ID="char_94" CONTENT="מ" GC="1.0"><Shape><Polygon POINTS="1749 1480 1768 1633 1806 1628 1793 1475"/></Shape></Glyph><Glyph ID="char_95" CONTENT="ר" GC="1.0"><Shape><Polygon POINTS="1698 1486 1716 1639 1768 1633 1749 1480"/></Shape></Glyph><Glyph ID="char_96" CONTENT="ע" GC="1.0"><Shape><Polygon POINTS="1646 1492 1664 1645 1716 1639 1698 1486"/></Shape></Glyph><Glyph ID="char_97" CONTENT="מ" GC="1.0"><Shape><Polygon POINTS="1590 1497 1599 1651 1664 1645 1646 1492"/></Shape></Glyph><Glyph ID="char_98" CONTENT="ס" GC="1.0"><Shape><Polygon POINTS="1518 1502 1527 1655 1599 1651 1590 1497"/></Shape></Glyph><Glyph ID="char_99" CONTENT="ס" GC="1.0"><Shape><Polygon POINTS="1440 1507 1460 1660 1527 1655 1518 1502"/></Shape></Glyph><Glyph ID="char_100" CONTENT=" " GC="1.0"><Shape><Polygon POINTS="1398 1512 1418 1665 1460 1660 1440 1507"/></Shape></Glyph><Glyph ID="char_101" CONTENT="ס" GC="1.0"><Shape><Polygon POINTS="1358 1518 1377 1670 1418 1665 1398 1512"/></Shape></Glyph><Glyph ID="char_102" CONTENT="כ" GC="1.0"><Shape><Polygon POINTS="1296 1526 1316 1677 1377 1670 1358 1518"/></Shape></Glyph><Glyph ID="char_103" CONTENT="ת" GC="1.0"><Shape><Polygon POINTS="1256 1526 1256 1680 1316 1677 1296 1526"/></Shape></Glyph><Glyph ID="char_104" CONTENT="ה" GC="1.0"><Shape><Polygon POINTS="1215 1526 1215 1680 1256 1680 1256 1526"/></Shape></Glyph><Glyph ID="char_105" CONTENT=" " GC="1.0"><Shape><Polygon POINTS="1184 1526 1184 1680 1215 1680 1215 1526"/></Shape></Glyph><Glyph ID="char_106" CONTENT="כ" GC="1.0"><Shape><Polygon POINTS="1142 1526 1142 1680 1184 1680 1184 1526"/></Shape></Glyph><Glyph ID="char_107" CONTENT=" " GC="1.0"><Shape><Polygon POINTS="1132 1526 1132 1680 1142 1680 1142 1526"/></Shape></Glyph></String>
          </TextLine>

          
          
          <TextLine ID="eSc_line_1773720" BASELINE="1150 1785 1219 1790 1558 1761 1632 1758 1781 1738 1898 1729 2171 1720 2460 1704 2532 1709" HPOS="1145.0" VPOS="1611.0" WIDTH="1393.0" HEIGHT="240.0">
            <Shape><Polygon POINTS="1156 1692 1225 1697 1550 1668 1628 1665 1768 1646 1890 1636 2167 1627 2454 1611 2538 1616 2527 1770 2463 1765 2173 1781 1902 1790 1789 1799 1634 1819 1563 1822 1214 1851 1145 1846"/></Shape>
	    <String CONTENT="עלה אתם צאן ובקר מקנה כבד מ " HPOS="1145.0" VPOS="1611.0" WIDTH="1393.0" HEIGHT="240.0"><Glyph ID="char_108" CONTENT="ע" GC="1.0"><Shape><Polygon POINTS="2486 1613 2475 1766 2517 1769 2527 1615"/></Shape></Glyph><Glyph ID="char_109" CONTENT="ל" GC="1.0"><Shape><Polygon POINTS="2412 1613 2421 1767 2475 1766 2486 1613"/></Shape></Glyph><Glyph ID="char_110" CONTENT="ה" GC="1.0"><Shape><Polygon POINTS="2360 1616 2369 1770 2421 1767 2412 1613"/></Shape></Glyph><Glyph ID="char_111" CONTENT=" " GC="1.0"><Shape><Polygon POINTS="2298 1620 2307 1774 2369 1770 2360 1616"/></Shape></Glyph><Glyph ID="char_112" CONTENT="א" GC="1.0"><Shape><Polygon POINTS="2236 1623 2245 1777 2307 1774 2298 1620"/></Shape></Glyph><Glyph ID="char_113" CONTENT="ת" GC="1.0"><Shape><Polygon POINTS="2167 1627 2172 1781 2245 1777 2236 1623"/></Shape></Glyph><Glyph ID="char_114" CONTENT="ם" GC="1.0"><Shape><Polygon POINTS="2105 1629 2110 1783 2172 1781 2167 1627"/></Shape></Glyph><Glyph ID="char_115" CONTENT=" " GC="1.0"><Shape><Polygon POINTS="2043 1631 2048 1785 2110 1783 2105 1629"/></Shape></Glyph><Glyph ID="char_116" CONTENT="צ" GC="1.0"><Shape><Polygon POINTS="1981 1633 1986 1787 2048 1785 2043 1631"/></Shape></Glyph><Glyph ID="char_117" CONTENT="א" GC="1.0"><Shape><Polygon POINTS="1919 1635 1924 1789 1986 1787 1981 1633"/></Shape></Glyph><Glyph ID="char_118" CONTENT="ן" GC="1.0"><Shape><Polygon POINTS="1873 1637 1885 1791 1924 1789 1919 1635"/></Shape></Glyph><Glyph ID="char_119" CONTENT=" " GC="1.0"><Shape><Polygon POINTS="1853 1639 1865 1793 1885 1791 1873 1637"/></Shape></Glyph><Glyph ID="char_120" CONTENT="ו" GC="1.0"><Shape><Polygon POINTS="1822 1642 1834 1795 1865 1793 1853 1639"/></Shape></Glyph><Glyph ID="char_121" CONTENT="ב" GC="1.0"><Shape><Polygon POINTS="1765 1646 1785 1799 1834 1795 1822 1642"/></Shape></Glyph><Glyph ID="char_122" CONTENT="ק" GC="1.0"><Shape><Polygon POINTS="1703 1655 1724 1807 1785 1799 1765 1646"/></Shape></Glyph><Glyph ID="char_123" CONTENT="ר" GC="1.0"><Shape><Polygon POINTS="1652 1662 1672 1814 1724 1807 1703 1655"/></Shape></Glyph><Glyph ID="char_124" CONTENT=" " GC="1.0"><Shape><Polygon POINTS="1621 1665 1642 1818 1672 1814 1652 1662"/></Shape></Glyph><Glyph ID="char_125" CONTENT="מ" GC="1.0"><Shape><Polygon POINTS="1578 1667 1584 1821 1642 1818 1621 1665"/></Shape></Glyph><Glyph ID="char_126" CONTENT="ק" GC="1.0"><Shape><Polygon POINTS="1512 1671 1525 1825 1584 1821 1578 1667"/></Shape></Glyph><Glyph ID="char_127" CONTENT="נ" GC="1.0"><Shape><Polygon POINTS="1450 1677 1463 1830 1525 1825 1512 1671"/></Shape></Glyph><Glyph ID="char_128" CONTENT="ה" GC="1.0"><Shape><Polygon POINTS="1399 1681 1412 1835 1463 1830 1450 1677"/></Shape></Glyph><Glyph ID="char_129" CONTENT=" " GC="1.0"><Shape><Polygon POINTS="1368 1684 1381 1837 1412 1835 1399 1681"/></Shape></Glyph><Glyph ID="char_130" CONTENT="כ" GC="1.0"><Shape><Polygon POINTS="1326 1688 1339 1841 1381 1837 1368 1684"/></Shape></Glyph><Glyph ID="char_131" CONTENT="ב" GC="1.0"><Shape><Polygon POINTS="1275 1693 1288 1845 1339 1841 1326 1688"/></Shape></Glyph><Glyph ID="char_132" CONTENT="ד" GC="1.0"><Shape><Polygon POINTS="1234 1696 1247 1848 1288 1845 1275 1693"/></Shape></Glyph><Glyph ID="char_133" CONTENT=" " GC="1.0"><Shape><Polygon POINTS="1219 1697 1206 1850 1247 1848 1234 1696"/></Shape></Glyph><Glyph ID="char_134" CONTENT="מ" GC="1.0"><Shape><Polygon POINTS="1188 1694 1175 1848 1206 1850 1219 1697"/></Shape></Glyph><Glyph ID="char_135" CONTENT=" " GC="1.0"><Shape><Polygon POINTS="1149 1784 1179 1786"/></Shape></Glyph></String>
          </TextLine>

          
          
          <TextLine ID="eSc_line_1773716" BASELINE="1285 1943 1501 1934 2410 1867 2487 1860 2588 1860" HPOS="1281.0" VPOS="1767.0" WIDTH="1307.0" HEIGHT="237.0">
            <Shape><Polygon POINTS="1281 1850 1497 1841 2403 1774 2478 1767 2588 1767 2588 1921 2492 1921 2414 1928 1503 1995 1287 2004"/></Shape>
	    <String CONTENT="מצות כי לא חמץ כי גרשום מצר ם ו " HPOS="1281.0" VPOS="1767.0" WIDTH="1307.0" HEIGHT="237.0"><Glyph ID="char_136" CONTENT="מ" GC="1.0"><Shape><Polygon POINTS="2475 1767 2489 1921 2556 1921 2556 1767"/></Shape></Glyph><Glyph ID="char_137" CONTENT="צ" GC="1.0"><Shape><Polygon POINTS="2434 1771 2448 1925 2489 1921 2475 1767"/></Shape></Glyph><Glyph ID="char_138" CONTENT="ו" GC="1.0"><Shape><Polygon POINTS="2384 1775 2395 1929 2448 1925 2434 1771"/></Shape></Glyph><Glyph ID="char_139" CONTENT="ת" GC="1.0"><Shape><Polygon POINTS="2343 1778 2354 1932 2395 1929 2384 1775"/></Shape></Glyph><Glyph ID="char_140" CONTENT=" " GC="1.0"><Shape><Polygon POINTS="2301 1782 2312 1935 2354 1932 2343 1778"/></Shape></Glyph><Glyph ID="char_141" CONTENT="כ" GC="1.0"><Shape><Polygon POINTS="2260 1785 2271 1939 2312 1935 2301 1782"/></Shape></Glyph><Glyph ID="char_142" CONTENT="י" GC="1.0"><Shape><Polygon POINTS="2239 1786 2250 1940 2271 1939 2260 1785"/></Shape></Glyph><Glyph ID="char_143" CONTENT=" " GC="1.0"><Shape><Polygon POINTS="2208 1788 2219 1942 2250 1940 2239 1786"/></Shape></Glyph><Glyph ID="char_144" CONTENT="ל" GC="1.0"><Shape><Polygon POINTS="2156 1792 2168 1946 2219 1942 2208 1788"/></Shape></Glyph><Glyph ID="char_145" CONTENT="א" GC="1.0"><Shape><Polygon POINTS="2115 1795 2127 1949 2168 1946 2156 1792"/></Shape></Glyph><Glyph ID="char_146" CONTENT=" " GC="1.0"><Shape><Polygon POINTS="2083 1798 2095 1951 2127 1949 2115 1795"/></Shape></Glyph><Glyph ID="char_147" CONTENT="ח" GC="1.0"><Shape><Polygon POINTS="2033 1801 2044 1955 2095 1951 2083 1798"/></Shape></Glyph><Glyph ID="char_148" CONTENT="מ" GC="1.0"><Shape><Polygon POINTS="1981 1805 1992 1959 2044 1955 2033 1801"/></Shape></Glyph><Glyph ID="char_149" CONTENT="ץ" GC="1.0"><Shape><Polygon POINTS="1939 1808 1950 1962 1992 1959 1981 1805"/></Shape></Glyph><Glyph ID="char_150" CONTENT=" " GC="1.0"><Shape><Polygon POINTS="1908 1811 1919 1964 1950 1962 1939 1808"/></Shape></Glyph><Glyph ID="char_151" CONTENT="כ" GC="1.0"><Shape><Polygon POINTS="1867 1814 1878 1967 1919 1964 1908 1811"/></Shape></Glyph><Glyph ID="char_152" CONTENT="י" GC="1.0"><Shape><Polygon POINTS="1846 1815 1857 1969 1878 1967 1867 1814"/></Shape></Glyph><Glyph ID="char_153" CONTENT=" " GC="1.0"><Shape><Polygon POINTS="1825 1817 1836 1970 1857 1969 1846 1815"/></Shape></Glyph><Glyph ID="char_154" CONTENT="ג" GC="1.0"><Shape><Polygon POINTS="1784 1820 1796 1973 1836 1970 1825 1817"/></Shape></Glyph><Glyph ID="char_155" CONTENT="ר" GC="1.0"><Shape><Polygon POINTS="1742 1823 1754 1977 1796 1973 1784 1820"/></Shape></Glyph><Glyph ID="char_156" CONTENT="ש" GC="1.0"><Shape><Polygon POINTS="1680 1827 1692 1981 1754 1977 1742 1823"/></Shape></Glyph><Glyph ID="char_157" CONTENT="ו" GC="1.0"><Shape><Polygon POINTS="1619 1832 1630 1986 1692 1981 1680 1827"/></Shape></Glyph><Glyph ID="char_158" CONTENT="ם" GC="1.0"><Shape><Polygon POINTS="1588 1834 1599 1988 1630 1986 1619 1832"/></Shape></Glyph><Glyph ID="char_159" CONTENT=" " GC="1.0"><Shape><Polygon POINTS="1557 1837 1568 1990 1599 1988 1588 1834"/></Shape></Glyph><Glyph ID="char_160" CONTENT="מ" GC="1.0"><Shape><Polygon POINTS="1515 1840 1526 1993 1568 1990 1557 1837"/></Shape></Glyph><Glyph ID="char_161" CONTENT="צ" GC="1.0"><Shape><Polygon POINTS="1467 1842 1473 1996 1526 1993 1515 1840"/></Shape></Glyph><Glyph ID="char_162" CONTENT="ר" GC="1.0"><Shape><Polygon POINTS="1436 1844 1442 1998 1473 1996 1467 1842"/></Shape></Glyph><Glyph ID="char_163" CONTENT=" " GC="1.0"><Shape><Polygon POINTS="1373 1846 1379 2000 1442 1998 1436 1844"/></Shape></Glyph><Glyph ID="char_164" CONTENT="ם" GC="1.0"><Shape><Polygon POINTS="1311 1849 1318 2003 1379 2000 1373 1846"/></Shape></Glyph><Glyph ID="char_165" CONTENT=" " GC="1.0"><Shape><Polygon POINTS="1290 1850 1297 2004 1318 2003 1311 1849"/></Shape></Glyph><Glyph ID="char_166" CONTENT="ו" GC="1.0"><Shape><Polygon POINTS="1284 1943 1293 1942"/></Shape></Glyph><Glyph ID="char_167" CONTENT=" " GC="1.0"><Shape><Polygon POINTS="1284 1943 1284 1943"/></Shape></Glyph></String>
          </TextLine>

          
          
          <TextLine ID="eSc_line_1814034" BASELINE="1551 2078 1750 2061 1826 2052 1885 2061 2036 2061 2615 2053" HPOS="1543.0" VPOS="1960.0" WIDTH="1072.0" HEIGHT="179.0">
            <Shape><Polygon POINTS="1543 1985 1742 1968 1815 1960 1898 1969 2036 1968 2613 1960 2615 2114 2036 2122 1875 2121 1833 2113 1755 2122 1556 2139"/></Shape>
	    <String CONTENT="בני ישראל שר ב " HPOS="1543.0" VPOS="1960.0" WIDTH="1072.0" HEIGHT="179.0"><Glyph ID="char_168" CONTENT="ב" GC="1.0"><Shape><Polygon POINTS="2489 1962 2491 2116 2574 2115 2572 1961"/></Shape></Glyph><Glyph ID="char_169" CONTENT="נ" GC="1.0"><Shape><Polygon POINTS="2447 1962 2449 2116 2491 2116 2489 1962"/></Shape></Glyph><Glyph ID="char_170" CONTENT="י" GC="1.0"><Shape><Polygon POINTS="2416 1963 2418 2117 2449 2116 2447 1962"/></Shape></Glyph><Glyph ID="char_171" CONTENT=" " GC="1.0"><Shape><Polygon POINTS="2385 1963 2387 2117 2418 2117 2416 1963"/></Shape></Glyph><Glyph ID="char_172" CONTENT="י" GC="1.0"><Shape><Polygon POINTS="2354 1964 2356 2118 2387 2117 2385 1963"/></Shape></Glyph><Glyph ID="char_173" CONTENT="ש" GC="1.0"><Shape><Polygon POINTS="2282 1965 2284 2119 2356 2118 2354 1964"/></Shape></Glyph><Glyph ID="char_174" CONTENT="ר" GC="1.0"><Shape><Polygon POINTS="2209 1966 2211 2120 2284 2119 2282 1965"/></Shape></Glyph><Glyph ID="char_175" CONTENT="א" GC="1.0"><Shape><Polygon POINTS="2158 1966 2160 2120 2211 2120 2209 1966"/></Shape></Glyph><Glyph ID="char_176" CONTENT="ל" GC="1.0"><Shape><Polygon POINTS="2075 1967 2077 2121 2160 2120 2158 1966"/></Shape></Glyph><Glyph ID="char_177" CONTENT=" " GC="1.0"><Shape><Polygon POINTS="1983 1968 1983 2122 2077 2121 2075 1967"/></Shape></Glyph><Glyph ID="char_178" CONTENT="ש" GC="1.0"><Shape><Polygon POINTS="1921 1969 1921 2121 1983 2122 1983 1968"/></Shape></Glyph><Glyph ID="char_179" CONTENT="ר" GC="1.0"><Shape><Polygon POINTS="1776 1964 1794 2117 1921 2121 1921 1969"/></Shape></Glyph><Glyph ID="char_180" CONTENT=" " GC="1.0"><Shape><Polygon POINTS="1677 1974 1690 2128 1794 2117 1776 1964"/></Shape></Glyph><Glyph ID="char_181" CONTENT="ב" GC="1.0"><Shape><Polygon POINTS="1614 1979 1627 2133 1690 2128 1677 1974"/></Shape></Glyph><Glyph ID="char_182" CONTENT=" " GC="1.0"><Shape><Polygon POINTS="1550 2078 1621 2071"/></Shape></Glyph></String>
          </TextLine>

          
          
          <TextLine ID="eSc_line_1774242" BASELINE="2091 2204 2378 2204" HPOS="2091.0" VPOS="2111.0" WIDTH="287.0" HEIGHT="154.0">
            <Shape><Polygon POINTS="2091 2111 2378 2111 2378 2265 2091 2265"/></Shape>
	    <String CONTENT=" שנה " HPOS="2091.0" VPOS="2111.0" WIDTH="287.0" HEIGHT="154.0"><Glyph ID="char_183" CONTENT=" " GC="1.0"><Shape><Polygon POINTS="2304 2111 2304 2265 2357 2265 2357 2111"/></Shape></Glyph><Glyph ID="char_184" CONTENT="ש" GC="1.0"><Shape><Polygon POINTS="2251 2111 2251 2265 2304 2265 2304 2111"/></Shape></Glyph><Glyph ID="char_185" CONTENT="נ" GC="1.0"><Shape><Polygon POINTS="2208 2111 2208 2265 2251 2265 2251 2111"/></Shape></Glyph><Glyph ID="char_186" CONTENT="ה" GC="1.0"><Shape><Polygon POINTS="2166 2111 2166 2265 2208 2265 2208 2111"/></Shape></Glyph><Glyph ID="char_187" CONTENT=" " GC="1.0"><Shape><Polygon POINTS="2102 2111 2102 2265 2166 2265 2166 2111"/></Shape></Glyph></String>
          </TextLine>

          
        </TextBlock>
        

        
        <TextBlock ID="eSc_dummyblock_">
          
          
          <TextLine ID="eSc_line_14e582ef" BASELINE="1492 814 1659 823" HPOS="1492" VPOS="739" WIDTH="167" HEIGHT="104">
            <Shape><Polygon POINTS="1492 814 1499 739 1562 753 1571 764 1594 762 1614 777 1623 771 1657 782 1659 823 1623 843 1571 818 1540 818 1519 836 1495 836"/></Shape>
	    <String CONTENT="" HPOS="1492" VPOS="739" WIDTH="167" HEIGHT="104"/>
          </TextLine>

          
          
          <TextLine ID="eSc_line_b65ffdee" BASELINE="1170 940 1524 935 1799 953 2139 958" HPOS="1170" VPOS="802" WIDTH="969" HEIGHT="210">
            <Shape><Polygon POINTS="1170 940 1174 809 1195 820 1217 802 1416 805 1486 807 1578 892 1621 879 1637 883 1679 856 1731 913 1909 917 1961 874 1973 883 1986 877 2040 920 2135 920 2139 958 2133 967 2022 967 1968 1012 1930 1012 1907 992 1828 978 1797 1003 1767 987 1745 1010 1725 1010 1700 987 1675 1007 1621 1007 1596 987 1578 1001 1553 996 1542 1005 1504 1005 1479 989 1461 1005 1413 1005 1359 983 1325 956 1172 953"/></Shape>
	    <String CONTENT="" HPOS="1170" VPOS="802" WIDTH="969" HEIGHT="210"/>
          </TextLine>

          
          
          <TextLine ID="eSc_line_46a0c118" BASELINE="1141 1120 1652 1089 2164 1093" HPOS="1141" VPOS="1017" WIDTH="1023" HEIGHT="162">
            <Shape><Polygon POINTS="1141 1120 1145 1077 1256 1077 1323 1062 1355 1075 1389 1055 1443 1071 1517 1035 1555 1044 1571 1032 1623 1057 1641 1041 1661 1041 1679 1059 1722 1039 1756 1064 1785 1064 1810 1050 1824 1062 1885 1055 1943 1028 1961 1039 1977 1026 2006 1026 2029 1046 2058 1019 2155 1017 2164 1093 2160 1159 2121 1134 2076 1159 2031 1120 2011 1120 1959 1147 1937 1141 1912 1163 1871 1165 1849 1143 1813 1145 1785 1118 1738 1118 1594 1122 1571 1145 1504 1154 1479 1177 1443 1165 1429 1177 1334 1179 1321 1168 1296 1172 1253 1159 1224 1179 1201 1168 1163 1177 1145 1165"/></Shape>
	    <String CONTENT="" HPOS="1141" VPOS="1017" WIDTH="1023" HEIGHT="162"/>
          </TextLine>

          
          
          <TextLine ID="eSc_line_0ca058c6" BASELINE="1188 1253 2230 1213" HPOS="1188" VPOS="1154" WIDTH="1042" HEIGHT="160">
            <Shape><Polygon POINTS="1188 1253 1192 1197 1319 1188 1343 1188 1398 1224 1470 1206 1497 1219 1540 1210 1585 1217 1596 1206 1632 1208 1641 1199 1652 1208 1725 1213 1758 1204 1819 1208 1851 1181 1869 1190 1885 1183 1907 1201 1955 1204 1988 1177 2011 1181 2029 1163 2049 1170 2083 1161 2103 1179 2126 1186 2139 1172 2164 1190 2205 1154 2221 1168 2230 1213 2227 1258 2209 1256 2196 1269 2173 1262 2146 1274 2128 1265 2115 1276 2085 1260 2036 1278 2011 1260 1912 1285 1878 1260 1853 1276 1831 1262 1824 1269 1804 1256 1792 1260 1772 1242 1722 1251 1535 1251 1524 1260 1425 1256 1375 1307 1192 1314"/></Shape>
	    <String CONTENT="" HPOS="1188" VPOS="1154" WIDTH="1042" HEIGHT="160"/>
          </TextLine>

          
          
          <TextLine ID="eSc_line_e489c314" BASELINE="1362 1429 1781 1407 2092 1366 2252 1373" HPOS="1362" VPOS="1328" WIDTH="890" HEIGHT="187">
            <Shape><Polygon POINTS="1362 1429 1366 1373 1449 1373 1461 1382 1492 1364 1551 1362 1587 1389 1603 1375 1648 1375 1670 1353 1698 1353 1729 1371 1745 1359 1763 1364 1788 1382 1907 1375 1950 1371 2004 1328 2056 1339 2099 1330 2119 1343 2137 1328 2178 1355 2245 1350 2252 1373 2250 1418 2232 1418 2223 1431 2191 1443 2171 1427 2133 1463 2106 1463 2070 1434 2052 1431 2040 1443 2013 1436 1997 1449 1984 1440 1934 1477 1916 1470 1876 1481 1837 1447 1813 1447 1686 1456 1630 1492 1585 1483 1551 1504 1522 1497 1513 1506 1458 1510 1429 1499 1407 1513 1373 1515"/></Shape>
	    <String CONTENT="" HPOS="1362" VPOS="1328" WIDTH="890" HEIGHT="187"/>
          </TextLine>

          
          
          <TextLine ID="eSc_line_fe6ef087" BASELINE="1120 1619 1301 1614 1970 1551 2250 1546" HPOS="1120" VPOS="1497" WIDTH="1130" HEIGHT="196">
            <Shape><Polygon POINTS="1120 1619 1122 1603 1249 1594 1260 1580 1337 1587 1395 1553 1470 1549 1526 1571 1549 1560 1603 1564 1625 1540 1641 1553 1670 1555 1686 1540 1704 1553 1711 1544 1743 1553 1774 1524 1810 1544 1831 1524 1867 1544 1880 1526 1914 1515 1943 1519 1955 1510 2079 1499 2101 1515 2115 1506 2128 1515 2169 1497 2187 1515 2205 1501 2216 1513 2243 1515 2250 1546 2250 1610 2232 1612 2182 1589 2137 1589 2106 1616 2063 1594 2018 1607 1948 1603 1828 1614 1792 1639 1772 1628 1749 1637 1700 1623 1686 1641 1652 1639 1634 1659 1551 1650 1495 1670 1418 1664 1409 1677 1359 1670 1350 1682 1314 1684 1296 1673 1265 1688 1208 1693 1181 1693 1147 1668 1127 1668"/></Shape>
	    <String CONTENT="" HPOS="1120" VPOS="1497" WIDTH="1130" HEIGHT="196"/>
          </TextLine>

          
          
          <TextLine ID="eSc_line_fa25ed11" BASELINE="1147 1788 1310 1783 1948 1722 2548 1700" HPOS="1145" VPOS="1621" WIDTH="1403" HEIGHT="239">
            <Shape><Polygon POINTS="1147 1788 1145 1700 1186 1700 1242 1743 1325 1738 1389 1722 1418 1731 1438 1718 1452 1729 1495 1700 1524 1713 1628 1666 1797 1655 1855 1700 1867 1686 1889 1698 1932 1691 1988 1650 2085 1686 2135 1668 2151 1675 2230 1628 2266 1641 2279 1625 2302 1621 2327 1621 2381 1666 2534 1648 2548 1700 2543 1738 2516 1749 2500 1743 2475 1754 2401 1754 2388 1765 2365 1749 2196 1761 2185 1776 2149 1788 2119 1767 2038 1772 2013 1799 1982 1813 1968 1806 1957 1815 1855 1822 1828 1806 1792 1826 1722 1828 1711 1819 1686 1833 1661 1817 1639 1831 1603 1828 1555 1842 1501 1817 1483 1833 1461 1824 1436 1833 1425 1822 1353 1855 1310 1844 1265 1860 1215 1828 1154 1831"/></Shape>
	    <String CONTENT="" HPOS="1145" VPOS="1621" WIDTH="1403" HEIGHT="239"/>
          </TextLine>

          
          
          <TextLine ID="eSc_line_4319905e" BASELINE="1267 1939 1465 1937 2257 1871 2581 1855" HPOS="1267" VPOS="1797" WIDTH="1314" HEIGHT="223">
            <Shape><Polygon POINTS="1267 1939 1269 1916 1384 1909 1416 1887 1427 1896 1454 1885 1468 1896 1526 1876 1540 1885 1569 1862 1614 1887 1628 1876 1693 1876 1734 1853 1770 1855 1792 1871 1837 1855 1860 1860 1882 1837 1896 1846 1930 1835 1957 1842 1977 1831 1988 1840 2029 1826 2056 1840 2074 1828 2092 1837 2126 1819 2203 1813 2243 1837 2282 1840 2315 1824 2329 1806 2349 1817 2363 1808 2390 1815 2415 1797 2491 1826 2572 1819 2581 1855 2577 1887 2559 1909 2521 1898 2489 1932 2448 1923 2424 1934 2394 1916 2376 1919 2363 1937 2322 1921 2282 1937 2227 1914 2128 1921 2108 1934 2094 1923 2061 1925 2043 1939 2020 1939 1979 1973 1932 1939 1914 1943 1896 1966 1837 1943 1736 1950 1716 1966 1695 1952 1648 1997 1603 2002 1578 1986 1564 2004 1452 2013 1407 2004 1393 2018 1362 2020 1325 2018 1274 1991"/></Shape>
	    <String CONTENT="" HPOS="1267" VPOS="1797" WIDTH="1314" HEIGHT="223"/>
          </TextLine>

          
          
          <TextLine ID="eSc_line_d88e4d71" BASELINE="1531 2072 1853 2054 2597 2047" HPOS="1531" VPOS="2000" WIDTH="1066" HEIGHT="135">
            <Shape><Polygon POINTS="1531 2072 1533 2034 1544 2027 1578 2049 1772 2040 1813 2047 1862 2009 1948 2009 1997 2024 2015 2009 2052 2006 2108 2038 2151 2018 2180 2027 2225 2002 2291 2002 2318 2022 2367 2000 2401 2022 2421 2013 2475 2018 2489 2009 2507 2022 2516 2013 2545 2034 2590 2034 2597 2047 2593 2065 2572 2065 2548 2088 2525 2090 2480 2128 2302 2130 2245 2097 2221 2112 2169 2110 2142 2133 2074 2135 2038 2099 2011 2099 1973 2074 1720 2079 1693 2106 1641 2126 1594 2103 1549 2103 1535 2090"/></Shape>
	    <String CONTENT="" HPOS="1531" VPOS="2000" WIDTH="1066" HEIGHT="135"/>
          </TextLine>

          
          
          <TextLine ID="eSc_line_492dc5a0" BASELINE="2094 2203 2376 2198" HPOS="2094" VPOS="2162" WIDTH="282" HEIGHT="79">
            <Shape><Polygon POINTS="2094 2203 2097 2187 2153 2187 2223 2164 2252 2176 2313 2176 2329 2162 2370 2162 2376 2198 2372 2209 2306 2216 2284 2239 2191 2241 2153 2218 2099 2212"/></Shape>
	    <String CONTENT="" HPOS="2094" VPOS="2162" WIDTH="282" HEIGHT="79"/>
          </TextLine>

          
        </TextBlock>
        
      </PrintSpace>
    </Page>
  </Layout>
</alto>