<?xml version='1.0' encoding='UTF-8'?>
<alto xmlns:xsi="http://www.w3.org/2001/XMLSchema-instance" xmlns="http://www.loc.gov/standards/alto/ns-v4#" xsi:schemaLocation="http://www.loc.gov/standards/alto/ns-v4# http://www.loc.gov/standards/alto/v4/alto-4-2.xsd">
  <Description>
    <MeasurementUnit>pixel</MeasurementUnit>
    <sourceImageInformation>
      <fileName>P649-Fg031-R-C01-R01-D12012014-T112033-LR924_012.jpg</fileName>
      
    </sourceImageInformation>
  </Description>
  
  <Tags>
    <OtherTag ID="BT1443" LABEL="Parchment_or_papyrus" DESCRIPTION="block type Parchment_or_papyrus"/><OtherTag ID="BT2" LABEL="Main" DESCRIPTION="block type Main"/>
    
  </Tags>
  
  <Layout>
    <Page WIDTH="3608" HEIGHT="2706" PHYSICAL_IMG_NR="159" ID="eSc_dummypage_">
      <PrintSpace HPOS="0" VPOS="0" WIDTH="3608" HEIGHT="2706">
        
        <TextBlock HPOS="1708.0" VPOS="1074.0" WIDTH="564.0" HEIGHT="650.0" ID="eSc_textblock_d7f0c921" TAGREFS="BT2">
          <Shape><Polygon POINTS="1708 1074 1708 1724 2272 1724 2272 1074"/></Shape>
          
          
          <TextLine ID="eSc_line_1804241" BASELINE="1945 1236 2139 1143" HPOS="1926.0" VPOS="1103.0" WIDTH="225.0" HEIGHT="159.0">
            <Shape><Polygon POINTS="1926 1196 2120 1103 2151 1169 1957 1262"/></Shape>
	    <String CONTENT=" בל " HPOS="1926.0" VPOS="1103.0" WIDTH="225.0" HEIGHT="159.0"><Glyph ID="char_0" CONTENT=" " GC="1.0"><Shape><Polygon POINTS="2057 1133 2088 1199 2125 1181 2094 1116"/></Shape></Glyph><Glyph ID="char_1" CONTENT="ב" GC="1.0"><Shape><Polygon POINTS="2025 1148 2057 1214 2088 1199 2057 1133"/></Shape></Glyph><Glyph ID="char_2" CONTENT="ל" GC="1.0"><Shape><Polygon POINTS="1994 1164 2025 1229 2057 1214 2025 1148"/></Shape></Glyph><Glyph ID="char_3" CONTENT=" " GC="1.0"><Shape><Polygon POINTS="1952 1183 1984 1249 2025 1229 1994 1164"/></Shape></Glyph></String>
          </TextLine>

          
          
          <TextLine ID="eSc_line_1804240" BASELINE="1979 1295 2182 1261" HPOS="1971.0" VPOS="1217.0" WIDTH="215.0" HEIGHT="106.0">
            <Shape><Polygon POINTS="1971 1251 2174 1217 2186 1289 1983 1323"/></Shape>
	    <String CONTENT=" מן די " HPOS="1971.0" VPOS="1217.0" WIDTH="215.0" HEIGHT="106.0"><Glyph ID="char_4" CONTENT=" " GC="1.0"><Shape><Polygon POINTS="2125 1225 2137 1297 2172 1291 2160 1219"/></Shape></Glyph><Glyph ID="char_5" CONTENT="מ" GC="1.0"><Shape><Polygon POINTS="2100 1229 2112 1301 2137 1297 2125 1225"/></Shape></Glyph><Glyph ID="char_6" CONTENT="ן" GC="1.0"><Shape><Polygon POINTS="2080 1233 2092 1305 2112 1301 2100 1229"/></Shape></Glyph><Glyph ID="char_7" CONTENT=" " GC="1.0"><Shape><Polygon POINTS="2041 1239 2053 1311 2092 1305 2080 1233"/></Shape></Glyph><Glyph ID="char_8" CONTENT="ד" GC="1.0"><Shape><Polygon POINTS="2000 1246 2012 1318 2053 1311 2041 1239"/></Shape></Glyph><Glyph ID="char_9" CONTENT="י" GC="1.0"><Shape><Polygon POINTS="1990 1248 2002 1320 2012 1318 2000 1246"/></Shape></Glyph><Glyph ID="char_10" CONTENT=" " GC="1.0"><Shape><Polygon POINTS="1978 1295 1997 1291"/></Shape></Glyph></String>
          </TextLine>

          
          
          <TextLine ID="eSc_line_1790707" BASELINE="1698 1330 1799 1330 1914 1339 2011 1339 2169 1330" HPOS="1698.0" VPOS="1286.0" WIDTH="472.0" HEIGHT="82.0">
            <Shape><Polygon POINTS="1698 1286 1799 1286 1917 1295 2011 1295 2166 1286 2170 1359 2011 1368 1911 1368 1799 1359 1698 1359"/></Shape>
	    <String CONTENT=" ה לגב כפי " HPOS="1698.0" VPOS="1286.0" WIDTH="472.0" HEIGHT="82.0"><Glyph ID="char_11" CONTENT=" " GC="1.0"><Shape><Polygon POINTS="2063 1292 2067 1365 2136 1361 2132 1288"/></Shape></Glyph><Glyph ID="char_12" CONTENT="ה" GC="1.0"><Shape><Polygon POINTS="2018 1295 2022 1367 2067 1365 2063 1292"/></Shape></Glyph><Glyph ID="char_13" CONTENT=" " GC="1.0"><Shape><Polygon POINTS="1996 1295 1996 1368 2022 1367 2018 1295"/></Shape></Glyph><Glyph ID="char_14" CONTENT="ל" GC="1.0"><Shape><Polygon POINTS="1971 1295 1971 1368 1996 1368 1996 1295"/></Shape></Glyph><Glyph ID="char_15" CONTENT="ג" GC="1.0"><Shape><Polygon POINTS="1951 1295 1951 1368 1971 1368 1971 1295"/></Shape></Glyph><Glyph ID="char_16" CONTENT="ב" GC="1.0"><Shape><Polygon POINTS="1917 1295 1917 1368 1951 1368 1951 1295"/></Shape></Glyph><Glyph ID="char_17" CONTENT=" " GC="1.0"><Shape><Polygon POINTS="1890 1293 1884 1366 1917 1368 1917 1295"/></Shape></Glyph><Glyph ID="char_18" CONTENT="כ" GC="1.0"><Shape><Polygon POINTS="1875 1292 1870 1365 1884 1366 1890 1293"/></Shape></Glyph><Glyph ID="char_19" CONTENT="פ" GC="1.0"><Shape><Polygon POINTS="1860 1291 1855 1363 1870 1365 1875 1292"/></Shape></Glyph><Glyph ID="char_20" CONTENT="י" GC="1.0"><Shape><Polygon POINTS="1840 1289 1835 1362 1855 1363 1860 1291"/></Shape></Glyph><Glyph ID="char_21" CONTENT=" " GC="1.0"><Shape><Polygon POINTS="1758 1286 1758 1359 1835 1362 1840 1289"/></Shape></Glyph></String>
          </TextLine>

          
          
          <TextLine ID="eSc_line_1790708" BASELINE="1716 1402 1819 1411 1986 1416 2094 1413 2146 1411 2196 1402 2259 1377" HPOS="1713.0" VPOS="1336.0" WIDTH="556.0" HEIGHT="109.0">
            <Shape><Polygon POINTS="1719 1358 1822 1367 1987 1372 2092 1369 2144 1367 2188 1358 2242 1336 2269 1404 2201 1430 2147 1440 2094 1442 1985 1445 1816 1440 1713 1431"/></Shape>
	    <String CONTENT=" יא יפוק מן א " HPOS="1713.0" VPOS="1336.0" WIDTH="556.0" HEIGHT="109.0"><Glyph ID="char_22" CONTENT=" " GC="1.0"><Shape><Polygon POINTS="2171 1361 2184 1433 2236 1417 2209 1349"/></Shape></Glyph><Glyph ID="char_23" CONTENT="י" GC="1.0"><Shape><Polygon POINTS="2146 1366 2159 1438 2184 1433 2171 1361"/></Shape></Glyph><Glyph ID="char_24" CONTENT="א" GC="1.0"><Shape><Polygon POINTS="2128 1368 2130 1441 2159 1438 2146 1366"/></Shape></Glyph><Glyph ID="char_25" CONTENT=" " GC="1.0"><Shape><Polygon POINTS="2084 1369 2086 1442 2130 1441 2128 1368"/></Shape></Glyph><Glyph ID="char_26" CONTENT="י" GC="1.0"><Shape><Polygon POINTS="2034 1371 2036 1444 2086 1442 2084 1369"/></Shape></Glyph><Glyph ID="char_27" CONTENT="פ" GC="1.0"><Shape><Polygon POINTS="2000 1372 2002 1445 2036 1444 2034 1371"/></Shape></Glyph><Glyph ID="char_28" CONTENT="ו" GC="1.0"><Shape><Polygon POINTS="1963 1371 1961 1444 2002 1445 2000 1372"/></Shape></Glyph><Glyph ID="char_29" CONTENT="ק" GC="1.0"><Shape><Polygon POINTS="1924 1370 1922 1443 1961 1444 1963 1371"/></Shape></Glyph><Glyph ID="char_30" CONTENT=" " GC="1.0"><Shape><Polygon POINTS="1889 1369 1887 1442 1922 1443 1924 1370"/></Shape></Glyph><Glyph ID="char_31" CONTENT="מ" GC="1.0"><Shape><Polygon POINTS="1859 1368 1857 1441 1887 1442 1889 1369"/></Shape></Glyph><Glyph ID="char_32" CONTENT="ן" GC="1.0"><Shape><Polygon POINTS="1835 1367 1833 1440 1857 1441 1859 1368"/></Shape></Glyph><Glyph ID="char_33" CONTENT=" " GC="1.0"><Shape><Polygon POINTS="1808 1366 1801 1439 1833 1440 1835 1367"/></Shape></Glyph><Glyph ID="char_34" CONTENT="א" GC="1.0"><Shape><Polygon POINTS="1778 1363 1771 1436 1801 1439 1808 1366"/></Shape></Glyph><Glyph ID="char_35" CONTENT=" " GC="1.0"><Shape><Polygon POINTS="1739 1360 1732 1433 1771 1436 1778 1363"/></Shape></Glyph></String>
          </TextLine>

          
          
          <TextLine ID="eSc_line_1790709" BASELINE="1749 1468 2158 1474" HPOS="1748.0" VPOS="1424.0" WIDTH="410.0" HEIGHT="79.0">
            <Shape><Polygon POINTS="1749 1424 2158 1430 2157 1503 1748 1497"/></Shape>
	    <String CONTENT=" ה יבדה " HPOS="1748.0" VPOS="1424.0" WIDTH="410.0" HEIGHT="79.0"><Glyph ID="char_36" CONTENT=" " GC="1.0"><Shape><Polygon POINTS="2124 1429 2122 1502 2147 1503 2149 1430"/></Shape></Glyph><Glyph ID="char_37" CONTENT="ה" GC="1.0"><Shape><Polygon POINTS="2085 1429 2083 1502 2122 1502 2124 1429"/></Shape></Glyph><Glyph ID="char_38" CONTENT=" " GC="1.0"><Shape><Polygon POINTS="2040 1428 2038 1501 2083 1502 2085 1429"/></Shape></Glyph><Glyph ID="char_39" CONTENT="י" GC="1.0"><Shape><Polygon POINTS="2016 1428 2014 1501 2038 1501 2040 1428"/></Shape></Glyph><Glyph ID="char_40" CONTENT="ב" GC="1.0"><Shape><Polygon POINTS="1976 1427 1974 1500 2014 1501 2016 1428"/></Shape></Glyph><Glyph ID="char_41" CONTENT="ד" GC="1.0"><Shape><Polygon POINTS="1912 1426 1910 1499 1974 1500 1976 1427"/></Shape></Glyph><Glyph ID="char_42" CONTENT="ה" GC="1.0"><Shape><Polygon POINTS="1853 1426 1851 1499 1910 1499 1912 1426"/></Shape></Glyph><Glyph ID="char_43" CONTENT=" " GC="1.0"><Shape><Polygon POINTS="1784 1425 1782 1498 1851 1499 1853 1426"/></Shape></Glyph></String>
          </TextLine>

          
          
          <TextLine ID="eSc_line_1790710" BASELINE="1794 1549 1961 1546 2090 1553 2185 1553" HPOS="1793.0" VPOS="1502.0" WIDTH="392.0" HEIGHT="80.0">
            <Shape><Polygon POINTS="1793 1505 1960 1502 2092 1509 2185 1509 2185 1582 2088 1582 1961 1575 1794 1578"/></Shape>
	    <String CONTENT=" כול חות " HPOS="1793.0" VPOS="1502.0" WIDTH="392.0" HEIGHT="80.0"><Glyph ID="char_44" CONTENT=" " GC="1.0"><Shape><Polygon POINTS="2125 1509 2125 1582 2165 1582 2165 1509"/></Shape></Glyph><Glyph ID="char_45" CONTENT="כ" GC="1.0"><Shape><Polygon POINTS="2091 1509 2091 1582 2125 1582 2125 1509"/></Shape></Glyph><Glyph ID="char_46" CONTENT="ו" GC="1.0"><Shape><Polygon POINTS="2063 1507 2059 1580 2091 1582 2091 1509"/></Shape></Glyph><Glyph ID="char_47" CONTENT="ל" GC="1.0"><Shape><Polygon POINTS="2028 1506 2024 1578 2059 1580 2063 1507"/></Shape></Glyph><Glyph ID="char_48" CONTENT=" " GC="1.0"><Shape><Polygon POINTS="1974 1503 1970 1576 2024 1578 2028 1506"/></Shape></Glyph><Glyph ID="char_49" CONTENT="ח" GC="1.0"><Shape><Polygon POINTS="1911 1503 1912 1576 1970 1576 1974 1503"/></Shape></Glyph><Glyph ID="char_50" CONTENT="ו" GC="1.0"><Shape><Polygon POINTS="1881 1503 1883 1576 1912 1576 1911 1503"/></Shape></Glyph><Glyph ID="char_51" CONTENT="ת" GC="1.0"><Shape><Polygon POINTS="1861 1504 1863 1577 1883 1576 1881 1503"/></Shape></Glyph><Glyph ID="char_52" CONTENT=" " GC="1.0"><Shape><Polygon POINTS="1817 1505 1819 1578 1863 1577 1861 1504"/></Shape></Glyph></String>
          </TextLine>

          
          
          <TextLine ID="eSc_line_1790711" BASELINE="1916 1619 2011 1625 2205 1621" HPOS="1914.0" VPOS="1575.0" WIDTH="291.0" HEIGHT="79.0">
            <Shape><Polygon POINTS="1918 1575 2013 1581 2204 1577 2205 1650 2009 1654 1914 1648"/></Shape>
	    <String CONTENT=" עמ ן מן " HPOS="1914.0" VPOS="1575.0" WIDTH="291.0" HEIGHT="79.0"><Glyph ID="char_53" CONTENT=" " GC="1.0"><Shape><Polygon POINTS="2114 1579 2115 1652 2165 1651 2164 1578"/></Shape></Glyph><Glyph ID="char_54" CONTENT="ע" GC="1.0"><Shape><Polygon POINTS="2084 1580 2085 1652 2115 1652 2114 1579"/></Shape></Glyph><Glyph ID="char_55" CONTENT="מ" GC="1.0"><Shape><Polygon POINTS="2049 1580 2050 1653 2085 1652 2084 1580"/></Shape></Glyph><Glyph ID="char_56" CONTENT=" " GC="1.0"><Shape><Polygon POINTS="2014 1581 2015 1654 2050 1653 2049 1580"/></Shape></Glyph><Glyph ID="char_57" CONTENT="ן" GC="1.0"><Shape><Polygon POINTS="1988 1579 1983 1652 2015 1654 2014 1581"/></Shape></Glyph><Glyph ID="char_58" CONTENT=" " GC="1.0"><Shape><Polygon POINTS="1963 1578 1958 1651 1983 1652 1988 1579"/></Shape></Glyph><Glyph ID="char_59" CONTENT="מ" GC="1.0"><Shape><Polygon POINTS="1933 1576 1928 1649 1958 1651 1963 1578"/></Shape></Glyph><Glyph ID="char_60" CONTENT="ן" GC="1.0"><Shape><Polygon POINTS="1923 1575 1918 1648 1928 1649 1933 1576"/></Shape></Glyph><Glyph ID="char_61" CONTENT=" " GC="1.0"><Shape><Polygon POINTS="1915 1618 1919 1618"/></Shape></Glyph></String>
          </TextLine>

          
          
          <TextLine ID="eSc_line_1790712" BASELINE="2047 1695 2117 1700 2142 1695 2196 1698" HPOS="2044.0" VPOS="1651.0" WIDTH="154.0" HEIGHT="78.0">
            <Shape><Polygon POINTS="2050 1651 2120 1656 2133 1652 2198 1654 2194 1727 2147 1723 2114 1729 2044 1724"/></Shape>
	    <String CONTENT=" יא " HPOS="2044.0" VPOS="1651.0" WIDTH="154.0" HEIGHT="78.0"><Glyph ID="char_62" CONTENT=" " GC="1.0"><Shape><Polygon POINTS="2158 1653 2154 1724 2184 1726 2188 1654"/></Shape></Glyph><Glyph ID="char_63" CONTENT="י" GC="1.0"><Shape><Polygon POINTS="2117 1656 2131 1726 2154 1724 2158 1653"/></Shape></Glyph><Glyph ID="char_64" CONTENT="א" GC="1.0"><Shape><Polygon POINTS="2100 1655 2093 1728 2131 1726 2117 1656"/></Shape></Glyph><Glyph ID="char_65" CONTENT=" " GC="1.0"><Shape><Polygon POINTS="2065 1652 2058 1725 2093 1728 2100 1655"/></Shape></Glyph></String>
          </TextLine>

          
        </TextBlock>
        

        
      </PrintSpace>
    </Page>
  </Layout>
</alto>