<?xml version='1.0' encoding='UTF-8'?>
<alto xmlns:xsi="http://www.w3.org/2001/XMLSchema-instance" xmlns="http://www.loc.gov/standards/alto/ns-v4#" xsi:schemaLocation="http://www.loc.gov/standards/alto/ns-v4# http://www.loc.gov/standards/alto/v4/alto-4-2.xsd">
  <Description>
    <MeasurementUnit>pixel</MeasurementUnit>
    <sourceImageInformation>
      <fileName>P677-Fg012-R-C01-R01-D18072013-T093436-LR924_012.jpg</fileName>
      
    </sourceImageInformation>
  </Description>
  
  <Tags>
    <OtherTag ID="BT1443" LABEL="Parchment_or_papyrus" DESCRIPTION="block type Parchment_or_papyrus"/><OtherTag ID="BT2" LABEL="Main" DESCRIPTION="block type Main"/>
    
  </Tags>
  
  <Layout>
    <Page WIDTH="3608" HEIGHT="2706" PHYSICAL_IMG_NR="273" ID="eSc_dummypage_">
      <PrintSpace HPOS="0" VPOS="0" WIDTH="3608" HEIGHT="2706">
        
        <TextBlock HPOS="1746.0" VPOS="1010.0" WIDTH="983.0" HEIGHT="789.0" ID="eSc_textblock_3d478c21" TAGREFS="BT2">
          <Shape><Polygon POINTS="1858 1010 1746 1681 2729 1799 2729 1149"/></Shape>
          
          
          <TextLine ID="eSc_line_1801317" BASELINE="1987 1105 2125 1150" HPOS="1967.0" VPOS="1013.0" WIDTH="187.0" HEIGHT="198.0">
            <Shape><Polygon POINTS="2016 1013 2154 1058 2105 1211 1967 1166"/></Shape>
	    <String CONTENT=" " HPOS="1967.0" VPOS="1013.0" WIDTH="187.0" HEIGHT="198.0"><Glyph ID="char_0" CONTENT=" " GC="1.0"><Shape><Polygon POINTS="2028 1017 1977 1169 2062 1197 2112 1044"/></Shape></Glyph></String>
          </TextLine>

          
          
          <TextLine ID="eSc_line_1790750" BASELINE="1794 1233 1939 1256 2123 1322 2223 1343 2286 1364" HPOS="1783.0" VPOS="1137.0" WIDTH="533.0" HEIGHT="288.0">
            <Shape><Polygon POINTS="1809 1137 1954 1160 2155 1231 2242 1248 2316 1272 2265 1425 2209 1406 2101 1382 1928 1319 1783 1296"/></Shape>
	    <String CONTENT=" חם במ " HPOS="1783.0" VPOS="1137.0" WIDTH="533.0" HEIGHT="288.0"><Glyph ID="char_1" CONTENT=" " GC="1.0"><Shape><Polygon POINTS="2109 1215 2055 1365 2199 1404 2232 1246"/></Shape></Glyph><Glyph ID="char_2" CONTENT="ח" GC="1.0"><Shape><Polygon POINTS="2036 1189 1983 1339 2055 1365 2109 1215"/></Shape></Glyph><Glyph ID="char_3" CONTENT="ם" GC="1.0"><Shape><Polygon POINTS="1985 1171 1932 1320 1983 1339 2036 1189"/></Shape></Glyph><Glyph ID="char_4" CONTENT=" " GC="1.0"><Shape><Polygon POINTS="1927 1156 1901 1315 1932 1320 1985 1171"/></Shape></Glyph><Glyph ID="char_5" CONTENT="ב" GC="1.0"><Shape><Polygon POINTS="1873 1147 1847 1306 1901 1315 1927 1156"/></Shape></Glyph><Glyph ID="char_6" CONTENT="מ" GC="1.0"><Shape><Polygon POINTS="1830 1140 1804 1299 1847 1306 1873 1147"/></Shape></Glyph><Glyph ID="char_7" CONTENT=" " GC="1.0"><Shape><Polygon POINTS="1793 1232 1814 1235"/></Shape></Glyph></String>
          </TextLine>

          
          
          <TextLine ID="eSc_line_1790754" BASELINE="2120 1541 2122 1530 2670 1589" HPOS="2024.0" VPOS="1492.0" WIDTH="656.0" HEIGHT="161.0">
            <Shape><Polygon POINTS="2024 1523 2026 1512 2680 1492 2663 1653 2185 1541 2183 1552"/></Shape>
	    <String CONTENT=" יו ונמקו בעונם " HPOS="2024.0" VPOS="1492.0" WIDTH="656.0" HEIGHT="161.0"><Glyph ID="char_8" CONTENT=" " GC="1.0"><Shape><Polygon POINTS="2631 1494 2615 1642 2653 1651 2670 1492"/></Shape></Glyph><Glyph ID="char_9" CONTENT="י" GC="1.0"><Shape><Polygon POINTS="2590 1495 2575 1632 2615 1642 2631 1494"/></Shape></Glyph><Glyph ID="char_10" CONTENT="ו" GC="1.0"><Shape><Polygon POINTS="2551 1496 2537 1624 2575 1632 2590 1495"/></Shape></Glyph><Glyph ID="char_11" CONTENT=" " GC="1.0"><Shape><Polygon POINTS="2521 1497 2508 1617 2537 1624 2551 1496"/></Shape></Glyph><Glyph ID="char_12" CONTENT="ו" GC="1.0"><Shape><Polygon POINTS="2491 1498 2479 1610 2508 1617 2521 1497"/></Shape></Glyph><Glyph ID="char_13" CONTENT="נ" GC="1.0"><Shape><Polygon POINTS="2461 1499 2450 1603 2479 1610 2491 1498"/></Shape></Glyph><Glyph ID="char_14" CONTENT="מ" GC="1.0"><Shape><Polygon POINTS="2412 1500 2402 1592 2450 1603 2461 1499"/></Shape></Glyph><Glyph ID="char_15" CONTENT="ק" GC="1.0"><Shape><Polygon POINTS="2362 1502 2354 1581 2402 1592 2412 1500"/></Shape></Glyph><Glyph ID="char_16" CONTENT="ו" GC="1.0"><Shape><Polygon POINTS="2312 1503 2305 1569 2354 1581 2362 1502"/></Shape></Glyph><Glyph ID="char_17" CONTENT=" " GC="1.0"><Shape><Polygon POINTS="2272 1504 2266 1560 2305 1569 2312 1503"/></Shape></Glyph><Glyph ID="char_18" CONTENT="ב" GC="1.0"><Shape><Polygon POINTS="2252 1505 2247 1555 2266 1560 2272 1504"/></Shape></Glyph><Glyph ID="char_19" CONTENT="ע" GC="1.0"><Shape><Polygon POINTS="2242 1505 2237 1553 2247 1555 2252 1505"/></Shape></Glyph><Glyph ID="char_20" CONTENT="ו" GC="1.0"><Shape><Polygon POINTS="2213 1506 2209 1547 2237 1553 2242 1505"/></Shape></Glyph><Glyph ID="char_21" CONTENT="נ" GC="1.0"><Shape><Polygon POINTS="2162 1508 2158 1547 2209 1547 2213 1506"/></Shape></Glyph><Glyph ID="char_22" CONTENT="ם" GC="1.0"><Shape><Polygon POINTS="2133 1509 2130 1542 2158 1547 2162 1508"/></Shape></Glyph><Glyph ID="char_23" CONTENT=" " GC="1.0"><Shape><Polygon POINTS="2120 1541 2130 1530"/></Shape></Glyph></String>
          </TextLine>

          
          
          <TextLine ID="eSc_line_1790756" BASELINE="1956 1639 2552 1743 2611 1745 2674 1758" HPOS="1944.0" VPOS="1543.0" WIDTH="749.0" HEIGHT="278.0">
            <Shape><Polygon POINTS="1972 1543 2568 1647 2614 1648 2693 1663 2660 1821 2608 1809 2540 1806 1944 1702"/></Shape>
	    <String CONTENT=" ועל ל ל " HPOS="1944.0" VPOS="1543.0" WIDTH="749.0" HEIGHT="278.0"><Glyph ID="char_24" CONTENT=" " GC="1.0"><Shape><Polygon POINTS="2601 1648 2596 1808 2638 1816 2670 1659"/></Shape></Glyph><Glyph ID="char_25" CONTENT="ו" GC="1.0"><Shape><Polygon POINTS="2579 1647 2574 1807 2596 1808 2601 1648"/></Shape></Glyph><Glyph ID="char_26" CONTENT="ע" GC="1.0"><Shape><Polygon POINTS="2557 1645 2552 1807 2574 1807 2579 1647"/></Shape></Glyph><Glyph ID="char_27" CONTENT="ל" GC="1.0"><Shape><Polygon POINTS="2550 1644 2522 1803 2552 1807 2557 1645"/></Shape></Glyph><Glyph ID="char_28" CONTENT=" " GC="1.0"><Shape><Polygon POINTS="2517 1638 2490 1797 2522 1803 2550 1644"/></Shape></Glyph><Glyph ID="char_29" CONTENT="ל" GC="1.0"><Shape><Polygon POINTS="2379 1614 2351 1773 2490 1797 2517 1638"/></Shape></Glyph><Glyph ID="char_30" CONTENT=" " GC="1.0"><Shape><Polygon POINTS="2185 1580 2158 1739 2351 1773 2379 1614"/></Shape></Glyph><Glyph ID="char_31" CONTENT="ל" GC="1.0"><Shape><Polygon POINTS="2079 1562 2051 1721 2158 1739 2185 1580"/></Shape></Glyph><Glyph ID="char_32" CONTENT=" " GC="1.0"><Shape><Polygon POINTS="1993 1547 1965 1706 2051 1721 2079 1562"/></Shape></Glyph></String>
          </TextLine>

          
        </TextBlock>
        

        
      </PrintSpace>
    </Page>
  </Layout>
</alto>