<?xml version='1.0' encoding='UTF-8'?>
<alto xmlns:xsi="http://www.w3.org/2001/XMLSchema-instance" xmlns="http://www.loc.gov/standards/alto/ns-v4#" xsi:schemaLocation="http://www.loc.gov/standards/alto/ns-v4# http://www.loc.gov/standards/alto/v4/alto-4-2.xsd">
  <Description>
    <MeasurementUnit>pixel</MeasurementUnit>
    <sourceImageInformation>
      <fileName>P679-Fg005-R-C01-R01-D06062013-T112331-LR924_012.jpg</fileName>
      
    </sourceImageInformation>
  </Description>
  
  <Tags>
    <OtherTag ID="BT1443" LABEL="Parchment_or_papyrus" DESCRIPTION="block type Parchment_or_papyrus"/><OtherTag ID="BT2" LABEL="Main" DESCRIPTION="block type Main"/>
    
  </Tags>
  
  <Layout>
    <Page WIDTH="3608" HEIGHT="2706" PHYSICAL_IMG_NR="360" ID="eSc_dummypage_">
      <PrintSpace HPOS="0" VPOS="0" WIDTH="3608" HEIGHT="2706">
        
        <TextBlock HPOS="1162.0" VPOS="595.0" WIDTH="1311.0" HEIGHT="1129.0" ID="eSc_textblock_9340276c" TAGREFS="BT2">
          <Shape><Polygon POINTS="1162 595 1162 1724 2473 1724 2473 595"/></Shape>
          
          
          <TextLine ID="eSc_line_1790777" BASELINE="1546 699 1704 696 1781 703" HPOS="1544.0" VPOS="591.0" WIDTH="246.0" HEIGHT="181.0">
            <Shape><Polygon POINTS="1544 594 1702 591 1790 598 1774 772 1705 765 1547 768"/></Shape>
	    <String CONTENT=" " HPOS="1544.0" VPOS="591.0" WIDTH="246.0" HEIGHT="181.0"><Glyph ID="char_0" CONTENT=" " GC="1.0"><Shape><Polygon POINTS="1602 593 1605 767 1739 768 1754 595"/></Shape></Glyph></String>
          </TextLine>

          
          
          <TextLine ID="eSc_line_1790778" BASELINE="1578 861 1921 888 1977 888 2083 895 2309 912 2324 913" HPOS="1572.0" VPOS="756.0" WIDTH="758.0" HEIGHT="226.0">
            <Shape><Polygon POINTS="1586 756 1929 783 1977 783 2089 790 2316 807 2330 808 2319 982 2303 981 2078 964 1977 958 1915 957 1572 930"/></Shape>
	    <String CONTENT=" הו הכתו אחרי " HPOS="1572.0" VPOS="756.0" WIDTH="758.0" HEIGHT="226.0"><Glyph ID="char_1" CONTENT=" " GC="1.0"><Shape><Polygon POINTS="2237 801 2224 975 2283 979 2296 805"/></Shape></Glyph><Glyph ID="char_2" CONTENT="ה" GC="1.0"><Shape><Polygon POINTS="2191 798 2178 972 2224 975 2237 801"/></Shape></Glyph><Glyph ID="char_3" CONTENT="ו" GC="1.0"><Shape><Polygon POINTS="2144 794 2131 968 2178 972 2191 798"/></Shape></Glyph><Glyph ID="char_4" CONTENT=" " GC="1.0"><Shape><Polygon POINTS="2086 790 2074 964 2131 968 2144 794"/></Shape></Glyph><Glyph ID="char_5" CONTENT="ה" GC="1.0"><Shape><Polygon POINTS="2039 787 2027 961 2074 964 2086 790"/></Shape></Glyph><Glyph ID="char_6" CONTENT="כ" GC="1.0"><Shape><Polygon POINTS="1992 784 1980 958 2027 961 2039 787"/></Shape></Glyph><Glyph ID="char_7" CONTENT="ת" GC="1.0"><Shape><Polygon POINTS="1927 783 1927 957 1980 958 1992 784"/></Shape></Glyph><Glyph ID="char_8" CONTENT="ו" GC="1.0"><Shape><Polygon POINTS="1865 778 1850 952 1927 957 1927 783"/></Shape></Glyph><Glyph ID="char_9" CONTENT=" " GC="1.0"><Shape><Polygon POINTS="1795 772 1781 946 1850 952 1865 778"/></Shape></Glyph><Glyph ID="char_10" CONTENT="א" GC="1.0"><Shape><Polygon POINTS="1737 768 1723 942 1781 946 1795 772"/></Shape></Glyph><Glyph ID="char_11" CONTENT="ח" GC="1.0"><Shape><Polygon POINTS="1679 763 1665 937 1723 942 1737 768"/></Shape></Glyph><Glyph ID="char_12" CONTENT="ר" GC="1.0"><Shape><Polygon POINTS="1632 760 1618 934 1665 937 1679 763"/></Shape></Glyph><Glyph ID="char_13" CONTENT="י" GC="1.0"><Shape><Polygon POINTS="1597 757 1583 931 1618 934 1632 760"/></Shape></Glyph><Glyph ID="char_14" CONTENT=" " GC="1.0"><Shape><Polygon POINTS="1577 860 1588 860"/></Shape></Glyph></String>
          </TextLine>

          
          
          <TextLine ID="eSc_line_1790779" BASELINE="1226 1082 1537 1080 1716 1071 1833 1071 2029 1080 2146 1091 2207 1093 2270 1100 2388 1125" HPOS="1225.0" VPOS="966.0" WIDTH="1184.0" HEIGHT="227.0">
            <Shape><Polygon POINTS="1225 977 1536 975 1710 966 1833 966 2033 975 2155 986 2210 988 2281 995 2409 1022 2373 1193 2262 1169 2204 1162 2139 1160 2025 1149 1833 1141 1719 1140 1537 1149 1226 1151"/></Shape>
	    <String CONTENT=" ו וכבירות יחוס עליו ו ה " HPOS="1225.0" VPOS="966.0" WIDTH="1184.0" HEIGHT="227.0"><Glyph ID="char_15" CONTENT=" " GC="1.0"><Shape><Polygon POINTS="2351 1010 2315 1180 2361 1190 2397 1019"/></Shape></Glyph><Glyph ID="char_16" CONTENT="ו" GC="1.0"><Shape><Polygon POINTS="2305 1000 2269 1171 2315 1180 2351 1010"/></Shape></Glyph><Glyph ID="char_17" CONTENT=" " GC="1.0"><Shape><Polygon POINTS="2248 992 2229 1165 2269 1171 2305 1000"/></Shape></Glyph><Glyph ID="char_18" CONTENT="ו" GC="1.0"><Shape><Polygon POINTS="2193 987 2188 1162 2229 1165 2248 992"/></Shape></Glyph><Glyph ID="char_19" CONTENT="כ" GC="1.0"><Shape><Polygon POINTS="2157 986 2152 1160 2188 1162 2193 987"/></Shape></Glyph><Glyph ID="char_20" CONTENT="ב" GC="1.0"><Shape><Polygon POINTS="2117 983 2101 1156 2152 1160 2157 986"/></Shape></Glyph><Glyph ID="char_21" CONTENT="י" GC="1.0"><Shape><Polygon POINTS="2070 978 2054 1152 2101 1156 2117 983"/></Shape></Glyph><Glyph ID="char_22" CONTENT="ר" GC="1.0"><Shape><Polygon POINTS="2018 974 2010 1148 2054 1152 2070 978"/></Shape></Glyph><Glyph ID="char_23" CONTENT="ו" GC="1.0"><Shape><Polygon POINTS="1983 973 1975 1147 2010 1148 2018 974"/></Shape></Glyph><Glyph ID="char_24" CONTENT="ת" GC="1.0"><Shape><Polygon POINTS="1936 971 1928 1145 1975 1147 1983 973"/></Shape></Glyph><Glyph ID="char_25" CONTENT=" " GC="1.0"><Shape><Polygon POINTS="1890 969 1882 1143 1928 1145 1936 971"/></Shape></Glyph><Glyph ID="char_26" CONTENT="י" GC="1.0"><Shape><Polygon POINTS="1842 966 1834 1141 1882 1143 1890 969"/></Shape></Glyph><Glyph ID="char_27" CONTENT="ח" GC="1.0"><Shape><Polygon POINTS="1779 966 1779 1141 1834 1141 1842 966"/></Shape></Glyph><Glyph ID="char_28" CONTENT="ו" GC="1.0"><Shape><Polygon POINTS="1720 966 1720 1140 1779 1141 1779 966"/></Shape></Glyph><Glyph ID="char_29" CONTENT="ס" GC="1.0"><Shape><Polygon POINTS="1668 968 1676 1142 1720 1140 1720 966"/></Shape></Glyph><Glyph ID="char_30" CONTENT=" " GC="1.0"><Shape><Polygon POINTS="1621 971 1629 1144 1676 1142 1668 968"/></Shape></Glyph><Glyph ID="char_31" CONTENT="ע" GC="1.0"><Shape><Polygon POINTS="1562 974 1570 1147 1629 1144 1621 971"/></Shape></Glyph><Glyph ID="char_32" CONTENT="ל" GC="1.0"><Shape><Polygon POINTS="1530 975 1531 1149 1570 1147 1562 974"/></Shape></Glyph><Glyph ID="char_33" CONTENT="י" GC="1.0"><Shape><Polygon POINTS="1495 975 1496 1149 1531 1149 1530 975"/></Shape></Glyph><Glyph ID="char_34" CONTENT="ו" GC="1.0"><Shape><Polygon POINTS="1448 976 1449 1150 1496 1149 1495 975"/></Shape></Glyph><Glyph ID="char_35" CONTENT=" " GC="1.0"><Shape><Polygon POINTS="1413 976 1414 1150 1449 1150 1448 976"/></Shape></Glyph><Glyph ID="char_36" CONTENT="ו" GC="1.0"><Shape><Polygon POINTS="1354 976 1355 1150 1414 1150 1413 976"/></Shape></Glyph><Glyph ID="char_37" CONTENT=" " GC="1.0"><Shape><Polygon POINTS="1295 977 1296 1151 1355 1150 1354 976"/></Shape></Glyph><Glyph ID="char_38" CONTENT="ה" GC="1.0"><Shape><Polygon POINTS="1260 977 1261 1151 1296 1151 1295 977"/></Shape></Glyph><Glyph ID="char_39" CONTENT=" " GC="1.0"><Shape><Polygon POINTS="1225 1082 1260 1081"/></Shape></Glyph></String>
          </TextLine>

          
          
          <TextLine ID="eSc_line_1790780" BASELINE="1217 1262 1321 1262 1438 1269 1711 1265 1822 1271 2054 1271 2284 1285" HPOS="1217.0" VPOS="1157.0" WIDTH="1073.0" HEIGHT="197.0">
            <Shape><Polygon POINTS="1217 1157 1321 1157 1444 1164 1709 1160 1827 1166 2054 1166 2290 1180 2279 1354 2054 1341 1818 1340 1712 1334 1433 1338 1321 1332 1217 1332"/></Shape>
	    <String CONTENT=" ים בני אהרון יצא הגור " HPOS="1217.0" VPOS="1157.0" WIDTH="1073.0" HEIGHT="197.0"><Glyph ID="char_40" CONTENT=" " GC="1.0"><Shape><Polygon POINTS="2232 1177 2221 1351 2268 1353 2279 1179"/></Shape></Glyph><Glyph ID="char_41" CONTENT="י" GC="1.0"><Shape><Polygon POINTS="2174 1173 2163 1347 2221 1351 2232 1177"/></Shape></Glyph><Glyph ID="char_42" CONTENT="ם" GC="1.0"><Shape><Polygon POINTS="2115 1170 2104 1344 2163 1347 2174 1173"/></Shape></Glyph><Glyph ID="char_43" CONTENT=" " GC="1.0"><Shape><Polygon POINTS="2050 1166 2050 1341 2104 1344 2115 1170"/></Shape></Glyph><Glyph ID="char_44" CONTENT="ב" GC="1.0"><Shape><Polygon POINTS="2003 1166 2003 1341 2050 1341 2050 1166"/></Shape></Glyph><Glyph ID="char_45" CONTENT="נ" GC="1.0"><Shape><Polygon POINTS="1956 1166 1956 1341 2003 1341 2003 1166"/></Shape></Glyph><Glyph ID="char_46" CONTENT="י" GC="1.0"><Shape><Polygon POINTS="1921 1166 1921 1340 1956 1341 1956 1166"/></Shape></Glyph><Glyph ID="char_47" CONTENT=" " GC="1.0"><Shape><Polygon POINTS="1874 1166 1874 1340 1921 1340 1921 1166"/></Shape></Glyph><Glyph ID="char_48" CONTENT="א" GC="1.0"><Shape><Polygon POINTS="1821 1166 1812 1340 1874 1340 1874 1166"/></Shape></Glyph><Glyph ID="char_49" CONTENT="ה" GC="1.0"><Shape><Polygon POINTS="1774 1163 1765 1337 1812 1340 1821 1166"/></Shape></Glyph><Glyph ID="char_50" CONTENT="ר" GC="1.0"><Shape><Polygon POINTS="1727 1161 1718 1334 1765 1337 1774 1163"/></Shape></Glyph><Glyph ID="char_51" CONTENT="ו" GC="1.0"><Shape><Polygon POINTS="1684 1160 1687 1334 1718 1334 1727 1161"/></Shape></Glyph><Glyph ID="char_52" CONTENT="ן" GC="1.0"><Shape><Polygon POINTS="1649 1161 1652 1335 1687 1334 1684 1160"/></Shape></Glyph><Glyph ID="char_53" CONTENT=" " GC="1.0"><Shape><Polygon POINTS="1602 1162 1605 1336 1652 1335 1649 1161"/></Shape></Glyph><Glyph ID="char_54" CONTENT="י" GC="1.0"><Shape><Polygon POINTS="1555 1162 1558 1336 1605 1336 1602 1162"/></Shape></Glyph><Glyph ID="char_55" CONTENT="צ" GC="1.0"><Shape><Polygon POINTS="1497 1163 1500 1337 1558 1336 1555 1162"/></Shape></Glyph><Glyph ID="char_56" CONTENT="א" GC="1.0"><Shape><Polygon POINTS="1450 1164 1453 1338 1500 1337 1497 1163"/></Shape></Glyph><Glyph ID="char_57" CONTENT=" " GC="1.0"><Shape><Polygon POINTS="1411 1162 1401 1336 1453 1338 1450 1164"/></Shape></Glyph><Glyph ID="char_58" CONTENT="ה" GC="1.0"><Shape><Polygon POINTS="1364 1159 1354 1334 1401 1336 1411 1162"/></Shape></Glyph><Glyph ID="char_59" CONTENT="ג" GC="1.0"><Shape><Polygon POINTS="1311 1157 1311 1332 1354 1334 1364 1159"/></Shape></Glyph><Glyph ID="char_60" CONTENT="ו" GC="1.0"><Shape><Polygon POINTS="1264 1157 1264 1332 1311 1332 1311 1157"/></Shape></Glyph><Glyph ID="char_61" CONTENT="ר" GC="1.0"><Shape><Polygon POINTS="1240 1157 1240 1332 1264 1332 1264 1157"/></Shape></Glyph><Glyph ID="char_62" CONTENT=" " GC="1.0"><Shape><Polygon POINTS="1217 1157 1217 1332 1240 1332 1240 1157"/></Shape></Glyph></String>
          </TextLine>

          
          
          <TextLine ID="eSc_line_1790781" BASELINE="1260 1413 1364 1409 1707 1420 2117 1418 2160 1420" HPOS="1255.0" VPOS="1304.0" WIDTH="909.0" HEIGHT="185.0">
            <Shape><Polygon POINTS="1255 1308 1359 1304 1710 1315 2116 1313 2164 1315 2156 1489 2117 1487 1704 1489 1366 1478 1262 1482"/></Shape>
	    <String CONTENT=" איש לפי רוחו והגו " HPOS="1255.0" VPOS="1304.0" WIDTH="909.0" HEIGHT="185.0"><Glyph ID="char_63" CONTENT=" " GC="1.0"><Shape><Polygon POINTS="2018 1313 2019 1487 2101 1487 2100 1313"/></Shape></Glyph><Glyph ID="char_64" CONTENT="א" GC="1.0"><Shape><Polygon POINTS="1959 1314 1960 1488 2019 1487 2018 1313"/></Shape></Glyph><Glyph ID="char_65" CONTENT="י" GC="1.0"><Shape><Polygon POINTS="1913 1314 1914 1488 1960 1488 1959 1314"/></Shape></Glyph><Glyph ID="char_66" CONTENT="ש" GC="1.0"><Shape><Polygon POINTS="1866 1314 1867 1488 1914 1488 1913 1314"/></Shape></Glyph><Glyph ID="char_67" CONTENT=" " GC="1.0"><Shape><Polygon POINTS="1819 1314 1820 1488 1867 1488 1866 1314"/></Shape></Glyph><Glyph ID="char_68" CONTENT="ל" GC="1.0"><Shape><Polygon POINTS="1784 1315 1785 1489 1820 1488 1819 1314"/></Shape></Glyph><Glyph ID="char_69" CONTENT="פ" GC="1.0"><Shape><Polygon POINTS="1749 1315 1750 1489 1785 1489 1784 1315"/></Shape></Glyph><Glyph ID="char_70" CONTENT="י" GC="1.0"><Shape><Polygon POINTS="1726 1315 1727 1489 1750 1489 1749 1315"/></Shape></Glyph><Glyph ID="char_71" CONTENT=" " GC="1.0"><Shape><Polygon POINTS="1694 1315 1689 1488 1727 1489 1726 1315"/></Shape></Glyph><Glyph ID="char_72" CONTENT="ר" GC="1.0"><Shape><Polygon POINTS="1648 1313 1643 1487 1689 1488 1694 1315"/></Shape></Glyph><Glyph ID="char_73" CONTENT="ו" GC="1.0"><Shape><Polygon POINTS="1613 1312 1608 1486 1643 1487 1648 1313"/></Shape></Glyph><Glyph ID="char_74" CONTENT="ח" GC="1.0"><Shape><Polygon POINTS="1554 1310 1549 1484 1608 1486 1613 1312"/></Shape></Glyph><Glyph ID="char_75" CONTENT="ו" GC="1.0"><Shape><Polygon POINTS="1507 1309 1502 1482 1549 1484 1554 1310"/></Shape></Glyph><Glyph ID="char_76" CONTENT=" " GC="1.0"><Shape><Polygon POINTS="1472 1308 1467 1481 1502 1482 1507 1309"/></Shape></Glyph><Glyph ID="char_77" CONTENT="ו" GC="1.0"><Shape><Polygon POINTS="1426 1306 1421 1480 1467 1481 1472 1308"/></Shape></Glyph><Glyph ID="char_78" CONTENT="ה" GC="1.0"><Shape><Polygon POINTS="1379 1305 1374 1478 1421 1480 1426 1306"/></Shape></Glyph><Glyph ID="char_79" CONTENT="ג" GC="1.0"><Shape><Polygon POINTS="1325 1305 1332 1479 1374 1478 1379 1305"/></Shape></Glyph><Glyph ID="char_80" CONTENT="ו" GC="1.0"><Shape><Polygon POINTS="1278 1307 1285 1481 1332 1479 1325 1305"/></Shape></Glyph><Glyph ID="char_81" CONTENT=" " GC="1.0"><Shape><Polygon POINTS="1259 1413 1281 1412"/></Shape></Glyph></String>
          </TextLine>

          
          
          <TextLine ID="eSc_line_1790782" BASELINE="1416 1587 2047 1585 2282 1573" HPOS="1415.0" VPOS="1468.0" WIDTH="870.0" HEIGHT="188.0">
            <Shape><Polygon POINTS="1415 1482 2046 1480 2276 1468 2285 1642 2047 1654 1416 1656"/></Shape>
	    <String CONTENT=" גורל הרביעי לג " HPOS="1415.0" VPOS="1468.0" WIDTH="870.0" HEIGHT="188.0"><Glyph ID="char_82" CONTENT=" " GC="1.0"><Shape><Polygon POINTS="2181 1473 2190 1647 2261 1643 2252 1469"/></Shape></Glyph><Glyph ID="char_83" CONTENT="ג" GC="1.0"><Shape><Polygon POINTS="2124 1476 2132 1650 2190 1647 2181 1473"/></Shape></Glyph><Glyph ID="char_84" CONTENT="ו" GC="1.0"><Shape><Polygon POINTS="2077 1478 2085 1652 2132 1650 2124 1476"/></Shape></Glyph><Glyph ID="char_85" CONTENT="ר" GC="1.0"><Shape><Polygon POINTS="2024 1480 2024 1654 2085 1652 2077 1478"/></Shape></Glyph><Glyph ID="char_86" CONTENT="ל" GC="1.0"><Shape><Polygon POINTS="1988 1480 1988 1654 2024 1654 2024 1480"/></Shape></Glyph><Glyph ID="char_87" CONTENT=" " GC="1.0"><Shape><Polygon POINTS="1953 1480 1953 1654 1988 1654 1988 1480"/></Shape></Glyph><Glyph ID="char_88" CONTENT="ה" GC="1.0"><Shape><Polygon POINTS="1895 1480 1895 1654 1953 1654 1953 1480"/></Shape></Glyph><Glyph ID="char_89" CONTENT="ר" GC="1.0"><Shape><Polygon POINTS="1848 1481 1848 1655 1895 1654 1895 1480"/></Shape></Glyph><Glyph ID="char_90" CONTENT="ב" GC="1.0"><Shape><Polygon POINTS="1801 1481 1801 1655 1848 1655 1848 1481"/></Shape></Glyph><Glyph ID="char_91" CONTENT="י" GC="1.0"><Shape><Polygon POINTS="1754 1481 1754 1655 1801 1655 1801 1481"/></Shape></Glyph><Glyph ID="char_92" CONTENT="ע" GC="1.0"><Shape><Polygon POINTS="1708 1481 1708 1655 1754 1655 1754 1481"/></Shape></Glyph><Glyph ID="char_93" CONTENT="י" GC="1.0"><Shape><Polygon POINTS="1661 1481 1661 1655 1708 1655 1708 1481"/></Shape></Glyph><Glyph ID="char_94" CONTENT=" " GC="1.0"><Shape><Polygon POINTS="1626 1481 1626 1655 1661 1655 1661 1481"/></Shape></Glyph><Glyph ID="char_95" CONTENT="ל" GC="1.0"><Shape><Polygon POINTS="1591 1481 1591 1655 1626 1655 1626 1481"/></Shape></Glyph><Glyph ID="char_96" CONTENT="ג" GC="1.0"><Shape><Polygon POINTS="1532 1482 1532 1656 1591 1655 1591 1481"/></Shape></Glyph><Glyph ID="char_97" CONTENT=" " GC="1.0"><Shape><Polygon POINTS="1438 1482 1438 1656 1532 1656 1532 1482"/></Shape></Glyph></String>
          </TextLine>

          
        </TextBlock>
        

        
      </PrintSpace>
    </Page>
  </Layout>
</alto>