<?xml version='1.0' encoding='UTF-8'?>
<alto xmlns:xsi="http://www.w3.org/2001/XMLSchema-instance" xmlns="http://www.loc.gov/standards/alto/ns-v4#" xsi:schemaLocation="http://www.loc.gov/standards/alto/ns-v4# http://www.loc.gov/standards/alto/v4/alto-4-2.xsd">
  <Description>
    <MeasurementUnit>pixel</MeasurementUnit>
    <sourceImageInformation>
      <fileName>P702-Fg010-R-C01-R01-D12092012-T111025-LR924_012_F.jpg</fileName>
      
    </sourceImageInformation>
  </Description>
  
  <Tags>
    <OtherTag ID="BT1443" LABEL="Parchment_or_papyrus" DESCRIPTION="block type Parchment_or_papyrus"/><OtherTag ID="BT2" LABEL="Main" DESCRIPTION="block type Main"/>
    
  </Tags>
  
  <Layout>
    <Page WIDTH="3608" HEIGHT="2706" PHYSICAL_IMG_NR="158" ID="eSc_dummypage_">
      <PrintSpace HPOS="0" VPOS="0" WIDTH="3608" HEIGHT="2706">
        
        <TextBlock HPOS="520.0" VPOS="622.0" WIDTH="2182.0" HEIGHT="1279.0" ID="eSc_textblock_834de984" TAGREFS="BT2">
          <Shape><Polygon POINTS="520 622 520 1901 2702 1901 2702 622"/></Shape>
          
          
          <TextLine ID="eSc_line_1790892" BASELINE="644 773 1510 777" HPOS="643.0" VPOS="655.0" WIDTH="867.0" HEIGHT="200.0">
            <Shape><Polygon POINTS="644 655 1510 659 1509 855 643 851"/></Shape>
	    <String CONTENT=" וש ויצהר כי אם " HPOS="643.0" VPOS="655.0" WIDTH="867.0" HEIGHT="200.0"><Glyph ID="char_0" CONTENT=" " GC="1.0"><Shape><Polygon POINTS="1432 659 1431 855 1484 855 1485 659"/></Shape></Glyph><Glyph ID="char_1" CONTENT="ו" GC="1.0"><Shape><Polygon POINTS="1393 658 1392 854 1431 855 1432 659"/></Shape></Glyph><Glyph ID="char_2" CONTENT="ש" GC="1.0"><Shape><Polygon POINTS="1327 658 1326 854 1392 854 1393 658"/></Shape></Glyph><Glyph ID="char_3" CONTENT=" " GC="1.0"><Shape><Polygon POINTS="1261 658 1260 854 1326 854 1327 658"/></Shape></Glyph><Glyph ID="char_4" CONTENT="ו" GC="1.0"><Shape><Polygon POINTS="1222 658 1221 854 1260 854 1261 658"/></Shape></Glyph><Glyph ID="char_5" CONTENT="י" GC="1.0"><Shape><Polygon POINTS="1169 657 1168 853 1221 854 1222 658"/></Shape></Glyph><Glyph ID="char_6" CONTENT="צ" GC="1.0"><Shape><Polygon POINTS="1104 657 1103 853 1168 853 1169 657"/></Shape></Glyph><Glyph ID="char_7" CONTENT="ה" GC="1.0"><Shape><Polygon POINTS="1051 657 1050 853 1103 853 1104 657"/></Shape></Glyph><Glyph ID="char_8" CONTENT="ר" GC="1.0"><Shape><Polygon POINTS="986 657 985 853 1050 853 1051 657"/></Shape></Glyph><Glyph ID="char_9" CONTENT=" " GC="1.0"><Shape><Polygon POINTS="933 656 932 852 985 853 986 657"/></Shape></Glyph><Glyph ID="char_10" CONTENT="כ" GC="1.0"><Shape><Polygon POINTS="880 656 879 852 932 852 933 656"/></Shape></Glyph><Glyph ID="char_11" CONTENT="י" GC="1.0"><Shape><Polygon POINTS="854 656 853 852 879 852 880 656"/></Shape></Glyph><Glyph ID="char_12" CONTENT=" " GC="1.0"><Shape><Polygon POINTS="815 656 814 852 853 852 854 656"/></Shape></Glyph><Glyph ID="char_13" CONTENT="א" GC="1.0"><Shape><Polygon POINTS="749 655 748 851 814 852 815 656"/></Shape></Glyph><Glyph ID="char_14" CONTENT="ם" GC="1.0"><Shape><Polygon POINTS="697 655 696 851 748 851 749 655"/></Shape></Glyph><Glyph ID="char_15" CONTENT=" " GC="1.0"><Shape><Polygon POINTS="643 772 695 772"/></Shape></Glyph></String>
          </TextLine>

          
          
          <TextLine ID="eSc_line_1790887" BASELINE="622 965 800 965 881 969 1132 967 1323 971 1458 980 1621 983 1930 998 2629 1044" HPOS="622.0" VPOS="847.0" WIDTH="2014.0" HEIGHT="275.0">
            <Shape><Polygon POINTS="622 847 800 847 886 851 1131 849 1325 853 1465 862 1623 865 1935 880 2636 926 2623 1122 1926 1076 1619 1061 1452 1058 1321 1049 1132 1045 877 1047 800 1043 622 1043"/></Shape>
	    <String CONTENT="ראשיתם הבכור המלאה אל יאחר איש כי " HPOS="622.0" VPOS="847.0" WIDTH="2014.0" HEIGHT="275.0"><Glyph ID="char_16" CONTENT="ר" GC="1.0"><Shape><Polygon POINTS="2544 920 2531 1116 2597 1120 2609 924"/></Shape></Glyph><Glyph ID="char_17" CONTENT="א" GC="1.0"><Shape><Polygon POINTS="2491 916 2478 1112 2531 1116 2544 920"/></Shape></Glyph><Glyph ID="char_18" CONTENT="ש" GC="1.0"><Shape><Polygon POINTS="2425 912 2412 1108 2478 1112 2491 916"/></Shape></Glyph><Glyph ID="char_19" CONTENT="י" GC="1.0"><Shape><Polygon POINTS="2373 909 2360 1105 2412 1108 2425 912"/></Shape></Glyph><Glyph ID="char_20" CONTENT="ת" GC="1.0"><Shape><Polygon POINTS="2306 904 2293 1100 2360 1105 2373 909"/></Shape></Glyph><Glyph ID="char_21" CONTENT="ם" GC="1.0"><Shape><Polygon POINTS="2254 901 2241 1097 2293 1100 2306 904"/></Shape></Glyph><Glyph ID="char_22" CONTENT=" " GC="1.0"><Shape><Polygon POINTS="2188 897 2175 1092 2241 1097 2254 901"/></Shape></Glyph><Glyph ID="char_23" CONTENT="ה" GC="1.0"><Shape><Polygon POINTS="2135 893 2123 1089 2175 1092 2188 897"/></Shape></Glyph><Glyph ID="char_24" CONTENT="ב" GC="1.0"><Shape><Polygon POINTS="2083 890 2070 1085 2123 1089 2135 893"/></Shape></Glyph><Glyph ID="char_25" CONTENT="כ" GC="1.0"><Shape><Polygon POINTS="2043 887 2030 1083 2070 1085 2083 890"/></Shape></Glyph><Glyph ID="char_26" CONTENT="ו" GC="1.0"><Shape><Polygon POINTS="2004 885 1991 1080 2030 1083 2043 887"/></Shape></Glyph><Glyph ID="char_27" CONTENT="ר" GC="1.0"><Shape><Polygon POINTS="1896 878 1886 1074 1991 1080 2004 885"/></Shape></Glyph><Glyph ID="char_28" CONTENT=" " GC="1.0"><Shape><Polygon POINTS="1764 872 1755 1068 1886 1074 1896 878"/></Shape></Glyph><Glyph ID="char_29" CONTENT="ה" GC="1.0"><Shape><Polygon POINTS="1671 867 1662 1063 1755 1068 1764 872"/></Shape></Glyph><Glyph ID="char_30" CONTENT="מ" GC="1.0"><Shape><Polygon POINTS="1615 865 1611 1061 1662 1063 1671 867"/></Shape></Glyph><Glyph ID="char_31" CONTENT="ל" GC="1.0"><Shape><Polygon POINTS="1562 864 1558 1060 1611 1061 1615 865"/></Shape></Glyph><Glyph ID="char_32" CONTENT="א" GC="1.0"><Shape><Polygon POINTS="1496 863 1492 1059 1558 1060 1562 864"/></Shape></Glyph><Glyph ID="char_33" CONTENT="ה" GC="1.0"><Shape><Polygon POINTS="1423 859 1409 1055 1492 1059 1496 863"/></Shape></Glyph><Glyph ID="char_34" CONTENT=" " GC="1.0"><Shape><Polygon POINTS="1344 854 1331 1050 1409 1055 1423 859"/></Shape></Glyph><Glyph ID="char_35" CONTENT="א" GC="1.0"><Shape><Polygon POINTS="1285 852 1281 1048 1331 1050 1344 854"/></Shape></Glyph><Glyph ID="char_36" CONTENT="ל" GC="1.0"><Shape><Polygon POINTS="1245 851 1241 1047 1281 1048 1285 852"/></Shape></Glyph><Glyph ID="char_37" CONTENT=" " GC="1.0"><Shape><Polygon POINTS="1219 851 1215 1047 1241 1047 1245 851"/></Shape></Glyph><Glyph ID="char_38" CONTENT="י" GC="1.0"><Shape><Polygon POINTS="1179 850 1175 1046 1215 1047 1219 851"/></Shape></Glyph><Glyph ID="char_39" CONTENT="א" GC="1.0"><Shape><Polygon POINTS="1110 849 1112 1045 1175 1046 1179 850"/></Shape></Glyph><Glyph ID="char_40" CONTENT="ח" GC="1.0"><Shape><Polygon POINTS="1044 850 1046 1046 1112 1045 1110 849"/></Shape></Glyph><Glyph ID="char_41" CONTENT="ר" GC="1.0"><Shape><Polygon POINTS="991 850 993 1046 1046 1046 1044 850"/></Shape></Glyph><Glyph ID="char_42" CONTENT=" " GC="1.0"><Shape><Polygon POINTS="952 850 954 1046 993 1046 991 850"/></Shape></Glyph><Glyph ID="char_43" CONTENT="א" GC="1.0"><Shape><Polygon POINTS="885 851 887 1047 954 1046 952 850"/></Shape></Glyph><Glyph ID="char_44" CONTENT="י" GC="1.0"><Shape><Polygon POINTS="840 849 830 1045 887 1047 885 851"/></Shape></Glyph><Glyph ID="char_45" CONTENT="ש" GC="1.0"><Shape><Polygon POINTS="781 847 781 1043 830 1045 840 849"/></Shape></Glyph><Glyph ID="char_46" CONTENT=" " GC="1.0"><Shape><Polygon POINTS="728 847 728 1043 781 1043 781 847"/></Shape></Glyph><Glyph ID="char_47" CONTENT="כ" GC="1.0"><Shape><Polygon POINTS="688 847 688 1043 728 1043 728 847"/></Shape></Glyph><Glyph ID="char_48" CONTENT="י" GC="1.0"><Shape><Polygon POINTS="662 847 662 1043 688 1043 688 847"/></Shape></Glyph><Glyph ID="char_49" CONTENT=" " GC="1.0"><Shape><Polygon POINTS="622 847 622 1043 662 1043 662 847"/></Shape></Glyph></String>
          </TextLine>

          
          
          <TextLine ID="eSc_line_1790888" BASELINE="581 1154 1242 1154 1371 1159 1504 1159 1767 1170 2277 1208 2609 1208" HPOS="581.0" VPOS="1036.0" WIDTH="2028.0" HEIGHT="250.0">
            <Shape><Polygon POINTS="581 1036 1242 1036 1375 1041 1504 1041 1771 1052 2285 1090 2609 1090 2609 1286 2271 1286 1763 1248 1504 1237 1367 1237 1242 1232 581 1232"/></Shape>
	    <String CONTENT="הואה ראשית המלאה גן הואה הדמע " HPOS="581.0" VPOS="1036.0" WIDTH="2028.0" HEIGHT="250.0"><Glyph ID="char_50" CONTENT="ה" GC="1.0"><Shape><Polygon POINTS="2503 1090 2503 1286 2569 1286 2569 1090"/></Shape></Glyph><Glyph ID="char_51" CONTENT="ו" GC="1.0"><Shape><Polygon POINTS="2451 1090 2451 1286 2503 1286 2503 1090"/></Shape></Glyph><Glyph ID="char_52" CONTENT="א" GC="1.0"><Shape><Polygon POINTS="2385 1090 2385 1286 2451 1286 2451 1090"/></Shape></Glyph><Glyph ID="char_53" CONTENT="ה" GC="1.0"><Shape><Polygon POINTS="2319 1090 2319 1286 2385 1286 2385 1090"/></Shape></Glyph><Glyph ID="char_54" CONTENT=" " GC="1.0"><Shape><Polygon POINTS="2275 1089 2260 1285 2319 1286 2319 1090"/></Shape></Glyph><Glyph ID="char_55" CONTENT="ר" GC="1.0"><Shape><Polygon POINTS="2209 1084 2195 1280 2260 1285 2275 1089"/></Shape></Glyph><Glyph ID="char_56" CONTENT="א" GC="1.0"><Shape><Polygon POINTS="2157 1081 2143 1276 2195 1280 2209 1084"/></Shape></Glyph><Glyph ID="char_57" CONTENT="ש" GC="1.0"><Shape><Polygon POINTS="2092 1076 2077 1271 2143 1276 2157 1081"/></Shape></Glyph><Glyph ID="char_58" CONTENT="י" GC="1.0"><Shape><Polygon POINTS="2026 1071 2011 1267 2077 1271 2092 1076"/></Shape></Glyph><Glyph ID="char_59" CONTENT="ת" GC="1.0"><Shape><Polygon POINTS="1973 1067 1958 1263 2011 1267 2026 1071"/></Shape></Glyph><Glyph ID="char_60" CONTENT=" " GC="1.0"><Shape><Polygon POINTS="1907 1062 1893 1258 1958 1263 1973 1067"/></Shape></Glyph><Glyph ID="char_61" CONTENT="ה" GC="1.0"><Shape><Polygon POINTS="1841 1057 1827 1253 1893 1258 1907 1062"/></Shape></Glyph><Glyph ID="char_62" CONTENT="מ" GC="1.0"><Shape><Polygon POINTS="1789 1053 1775 1249 1827 1253 1841 1057"/></Shape></Glyph><Glyph ID="char_63" CONTENT="ל" GC="1.0"><Shape><Polygon POINTS="1733 1050 1724 1246 1775 1249 1789 1053"/></Shape></Glyph><Glyph ID="char_64" CONTENT="א" GC="1.0"><Shape><Polygon POINTS="1667 1048 1659 1244 1724 1246 1733 1050"/></Shape></Glyph><Glyph ID="char_65" CONTENT="ה" GC="1.0"><Shape><Polygon POINTS="1601 1045 1593 1241 1659 1244 1667 1048"/></Shape></Glyph><Glyph ID="char_66" CONTENT=" " GC="1.0"><Shape><Polygon POINTS="1548 1043 1540 1239 1593 1241 1601 1045"/></Shape></Glyph><Glyph ID="char_67" CONTENT="ג" GC="1.0"><Shape><Polygon POINTS="1411 1041 1411 1237 1540 1239 1548 1043"/></Shape></Glyph><Glyph ID="char_68" CONTENT="ן" GC="1.0"><Shape><Polygon POINTS="1298 1038 1290 1234 1411 1237 1411 1041"/></Shape></Glyph><Glyph ID="char_69" CONTENT=" " GC="1.0"><Shape><Polygon POINTS="1240 1036 1240 1232 1290 1234 1298 1038"/></Shape></Glyph><Glyph ID="char_70" CONTENT="ה" GC="1.0"><Shape><Polygon POINTS="1187 1036 1187 1232 1240 1232 1240 1036"/></Shape></Glyph><Glyph ID="char_71" CONTENT="ו" GC="1.0"><Shape><Polygon POINTS="1135 1036 1135 1232 1187 1232 1187 1036"/></Shape></Glyph><Glyph ID="char_72" CONTENT="א" GC="1.0"><Shape><Polygon POINTS="1069 1036 1069 1232 1135 1232 1135 1036"/></Shape></Glyph><Glyph ID="char_73" CONTENT="ה" GC="1.0"><Shape><Polygon POINTS="990 1036 990 1232 1069 1232 1069 1036"/></Shape></Glyph><Glyph ID="char_74" CONTENT=" " GC="1.0"><Shape><Polygon POINTS="924 1036 924 1232 990 1232 990 1036"/></Shape></Glyph><Glyph ID="char_75" CONTENT="ה" GC="1.0"><Shape><Polygon POINTS="858 1036 858 1232 924 1232 924 1036"/></Shape></Glyph><Glyph ID="char_76" CONTENT="ד" GC="1.0"><Shape><Polygon POINTS="792 1036 792 1232 858 1232 858 1036"/></Shape></Glyph><Glyph ID="char_77" CONTENT="מ" GC="1.0"><Shape><Polygon POINTS="726 1036 726 1232 792 1232 792 1036"/></Shape></Glyph><Glyph ID="char_78" CONTENT="ע" GC="1.0"><Shape><Polygon POINTS="673 1036 673 1232 726 1232 726 1036"/></Shape></Glyph><Glyph ID="char_79" CONTENT=" " GC="1.0"><Shape><Polygon POINTS="594 1036 594 1232 673 1232 673 1036"/></Shape></Glyph></String>
          </TextLine>

          
          
          <TextLine ID="eSc_line_1790889" BASELINE="667 1332 895 1348 1172 1341 1499 1341 1677 1346 1810 1350 2043 1368 2261 1380 2512 1384 2597 1395" HPOS="661.0" VPOS="1214.0" WIDTH="1951.0" HEIGHT="258.0">
            <Shape><Polygon POINTS="675 1214 903 1230 1169 1223 1499 1223 1680 1228 1813 1232 2052 1250 2267 1262 2513 1266 2612 1278 2586 1472 2510 1462 2256 1458 2036 1446 1807 1428 1674 1424 1499 1419 1173 1419 889 1426 661 1410"/></Shape>
	    <String CONTENT="בכורים הוא חלות החמץ אשר יביאו ום " HPOS="661.0" VPOS="1214.0" WIDTH="1951.0" HEIGHT="258.0"><Glyph ID="char_80" CONTENT="ב" GC="1.0"><Shape><Polygon POINTS="2533 1268 2508 1462 2561 1469 2586 1275"/></Shape></Glyph><Glyph ID="char_81" CONTENT="כ" GC="1.0"><Shape><Polygon POINTS="2481 1265 2478 1461 2508 1462 2533 1268"/></Shape></Glyph><Glyph ID="char_82" CONTENT="ו" GC="1.0"><Shape><Polygon POINTS="2441 1265 2438 1461 2478 1461 2481 1265"/></Shape></Glyph><Glyph ID="char_83" CONTENT="ר" GC="1.0"><Shape><Polygon POINTS="2389 1264 2386 1460 2438 1461 2441 1265"/></Shape></Glyph><Glyph ID="char_84" CONTENT="י" GC="1.0"><Shape><Polygon POINTS="2349 1263 2346 1459 2386 1460 2389 1264"/></Shape></Glyph><Glyph ID="char_85" CONTENT="ם" GC="1.0"><Shape><Polygon POINTS="2297 1262 2294 1459 2346 1459 2349 1263"/></Shape></Glyph><Glyph ID="char_86" CONTENT=" " GC="1.0"><Shape><Polygon POINTS="2249 1261 2238 1457 2294 1459 2297 1262"/></Shape></Glyph><Glyph ID="char_87" CONTENT="ה" GC="1.0"><Shape><Polygon POINTS="2183 1257 2172 1453 2238 1457 2249 1261"/></Shape></Glyph><Glyph ID="char_88" CONTENT="ו" GC="1.0"><Shape><Polygon POINTS="2144 1255 2133 1451 2172 1453 2183 1257"/></Shape></Glyph><Glyph ID="char_89" CONTENT="א" GC="1.0"><Shape><Polygon POINTS="2091 1252 2080 1448 2133 1451 2144 1255"/></Shape></Glyph><Glyph ID="char_90" CONTENT=" " GC="1.0"><Shape><Polygon POINTS="2028 1248 2013 1444 2080 1448 2091 1252"/></Shape></Glyph><Glyph ID="char_91" CONTENT="ח" GC="1.0"><Shape><Polygon POINTS="1976 1244 1961 1440 2013 1444 2028 1248"/></Shape></Glyph><Glyph ID="char_92" CONTENT="ל" GC="1.0"><Shape><Polygon POINTS="1936 1241 1921 1437 1961 1440 1976 1244"/></Shape></Glyph><Glyph ID="char_93" CONTENT="ו" GC="1.0"><Shape><Polygon POINTS="1897 1238 1882 1434 1921 1437 1936 1241"/></Shape></Glyph><Glyph ID="char_94" CONTENT="ת" GC="1.0"><Shape><Polygon POINTS="1844 1234 1829 1430 1882 1434 1897 1238"/></Shape></Glyph><Glyph ID="char_95" CONTENT=" " GC="1.0"><Shape><Polygon POINTS="1774 1231 1768 1427 1829 1430 1844 1234"/></Shape></Glyph><Glyph ID="char_96" CONTENT="ה" GC="1.0"><Shape><Polygon POINTS="1708 1229 1702 1425 1768 1427 1774 1231"/></Shape></Glyph><Glyph ID="char_97" CONTENT="ח" GC="1.0"><Shape><Polygon POINTS="1642 1227 1636 1423 1702 1425 1708 1229"/></Shape></Glyph><Glyph ID="char_98" CONTENT="מ" GC="1.0"><Shape><Polygon POINTS="1589 1225 1583 1421 1636 1423 1642 1227"/></Shape></Glyph><Glyph ID="char_99" CONTENT="ץ" GC="1.0"><Shape><Polygon POINTS="1537 1224 1531 1420 1583 1421 1589 1225"/></Shape></Glyph><Glyph ID="char_100" CONTENT=" " GC="1.0"><Shape><Polygon POINTS="1480 1223 1480 1419 1531 1420 1537 1224"/></Shape></Glyph><Glyph ID="char_101" CONTENT="א" GC="1.0"><Shape><Polygon POINTS="1415 1223 1415 1419 1480 1419 1480 1223"/></Shape></Glyph><Glyph ID="char_102" CONTENT="ש" GC="1.0"><Shape><Polygon POINTS="1336 1223 1336 1419 1415 1419 1415 1223"/></Shape></Glyph><Glyph ID="char_103" CONTENT="ר" GC="1.0"><Shape><Polygon POINTS="1270 1223 1270 1419 1336 1419 1336 1223"/></Shape></Glyph><Glyph ID="char_104" CONTENT=" " GC="1.0"><Shape><Polygon POINTS="1230 1223 1230 1419 1270 1419 1270 1223"/></Shape></Glyph><Glyph ID="char_105" CONTENT="י" GC="1.0"><Shape><Polygon POINTS="1178 1223 1178 1419 1230 1419 1230 1223"/></Shape></Glyph><Glyph ID="char_106" CONTENT="ב" GC="1.0"><Shape><Polygon POINTS="1122 1224 1127 1420 1178 1419 1178 1223"/></Shape></Glyph><Glyph ID="char_107" CONTENT="י" GC="1.0"><Shape><Polygon POINTS="1083 1225 1088 1421 1127 1420 1122 1224"/></Shape></Glyph><Glyph ID="char_108" CONTENT="א" GC="1.0"><Shape><Polygon POINTS="1017 1227 1022 1423 1088 1421 1083 1225"/></Shape></Glyph><Glyph ID="char_109" CONTENT="ו" GC="1.0"><Shape><Polygon POINTS="938 1229 943 1425 1022 1423 1017 1227"/></Shape></Glyph><Glyph ID="char_110" CONTENT=" " GC="1.0"><Shape><Polygon POINTS="884 1229 870 1425 943 1425 938 1229"/></Shape></Glyph><Glyph ID="char_111" CONTENT="ו" GC="1.0"><Shape><Polygon POINTS="832 1225 818 1421 870 1425 884 1229"/></Shape></Glyph><Glyph ID="char_112" CONTENT="ם" GC="1.0"><Shape><Polygon POINTS="779 1221 765 1417 818 1421 832 1225"/></Shape></Glyph><Glyph ID="char_113" CONTENT=" " GC="1.0"><Shape><Polygon POINTS="688 1215 673 1411 765 1417 779 1221"/></Shape></Glyph></String>
          </TextLine>

          
          
          <TextLine ID="eSc_line_1790890" BASELINE="888 1540 1030 1535 1395 1533 1907 1546 2252 1567 2620 1573" HPOS="883.0" VPOS="1415.0" WIDTH="1738.0" HEIGHT="236.0">
            <Shape><Polygon POINTS="883 1422 1025 1417 1394 1415 1909 1428 2259 1449 2621 1455 2618 1651 2247 1645 1905 1624 1395 1611 1032 1613 890 1618"/></Shape>
	    <String CONTENT="בכורים הם אל יאכל א ח ם חדשי " HPOS="883.0" VPOS="1415.0" WIDTH="1738.0" HEIGHT="236.0"><Glyph ID="char_114" CONTENT="ב" GC="1.0"><Shape><Polygon POINTS="2515 1453 2512 1649 2578 1650 2581 1454"/></Shape></Glyph><Glyph ID="char_115" CONTENT="כ" GC="1.0"><Shape><Polygon POINTS="2475 1453 2472 1649 2512 1649 2515 1453"/></Shape></Glyph><Glyph ID="char_116" CONTENT="ו" GC="1.0"><Shape><Polygon POINTS="2436 1452 2433 1648 2472 1649 2475 1453"/></Shape></Glyph><Glyph ID="char_117" CONTENT="ר" GC="1.0"><Shape><Polygon POINTS="2396 1451 2393 1647 2433 1648 2436 1452"/></Shape></Glyph><Glyph ID="char_118" CONTENT="י" GC="1.0"><Shape><Polygon POINTS="2343 1450 2340 1647 2393 1647 2396 1451"/></Shape></Glyph><Glyph ID="char_119" CONTENT="ם" GC="1.0"><Shape><Polygon POINTS="2290 1450 2287 1646 2340 1647 2343 1450"/></Shape></Glyph><Glyph ID="char_120" CONTENT=" " GC="1.0"><Shape><Polygon POINTS="2242 1448 2230 1644 2287 1646 2290 1450"/></Shape></Glyph><Glyph ID="char_121" CONTENT="ה" GC="1.0"><Shape><Polygon POINTS="2176 1444 2165 1640 2230 1644 2242 1448"/></Shape></Glyph><Glyph ID="char_122" CONTENT="ם" GC="1.0"><Shape><Polygon POINTS="2111 1440 2099 1636 2165 1640 2176 1444"/></Shape></Glyph><Glyph ID="char_123" CONTENT=" " GC="1.0"><Shape><Polygon POINTS="2071 1438 2059 1633 2099 1636 2111 1440"/></Shape></Glyph><Glyph ID="char_124" CONTENT="א" GC="1.0"><Shape><Polygon POINTS="2005 1434 1993 1629 2059 1633 2071 1438"/></Shape></Glyph><Glyph ID="char_125" CONTENT="ל" GC="1.0"><Shape><Polygon POINTS="1966 1431 1954 1627 1993 1629 2005 1434"/></Shape></Glyph><Glyph ID="char_126" CONTENT=" " GC="1.0"><Shape><Polygon POINTS="1939 1430 1927 1625 1954 1627 1966 1431"/></Shape></Glyph><Glyph ID="char_127" CONTENT="י" GC="1.0"><Shape><Polygon POINTS="1895 1428 1890 1624 1927 1625 1939 1430"/></Shape></Glyph><Glyph ID="char_128" CONTENT="א" GC="1.0"><Shape><Polygon POINTS="1842 1426 1837 1622 1890 1624 1895 1428"/></Shape></Glyph><Glyph ID="char_129" CONTENT="כ" GC="1.0"><Shape><Polygon POINTS="1790 1425 1785 1621 1837 1622 1842 1426"/></Shape></Glyph><Glyph ID="char_130" CONTENT="ל" GC="1.0"><Shape><Polygon POINTS="1750 1424 1745 1620 1785 1621 1790 1425"/></Shape></Glyph><Glyph ID="char_131" CONTENT=" " GC="1.0"><Shape><Polygon POINTS="1697 1423 1692 1619 1745 1620 1750 1424"/></Shape></Glyph><Glyph ID="char_132" CONTENT="א" GC="1.0"><Shape><Polygon POINTS="1591 1420 1586 1616 1692 1619 1697 1423"/></Shape></Glyph><Glyph ID="char_133" CONTENT=" " GC="1.0"><Shape><Polygon POINTS="1472 1417 1467 1613 1586 1616 1591 1420"/></Shape></Glyph><Glyph ID="char_134" CONTENT="ח" GC="1.0"><Shape><Polygon POINTS="1406 1415 1401 1611 1467 1613 1472 1417"/></Shape></Glyph><Glyph ID="char_135" CONTENT=" " GC="1.0"><Shape><Polygon POINTS="1323 1415 1324 1611 1401 1611 1406 1415"/></Shape></Glyph><Glyph ID="char_136" CONTENT="ם" GC="1.0"><Shape><Polygon POINTS="1243 1416 1244 1612 1324 1611 1323 1415"/></Shape></Glyph><Glyph ID="char_137" CONTENT=" " GC="1.0"><Shape><Polygon POINTS="1190 1416 1191 1612 1244 1612 1243 1416"/></Shape></Glyph><Glyph ID="char_138" CONTENT="ח" GC="1.0"><Shape><Polygon POINTS="1124 1416 1125 1612 1191 1612 1190 1416"/></Shape></Glyph><Glyph ID="char_139" CONTENT="ד" GC="1.0"><Shape><Polygon POINTS="1071 1417 1072 1613 1125 1612 1124 1416"/></Shape></Glyph><Glyph ID="char_140" CONTENT="ש" GC="1.0"><Shape><Polygon POINTS="1002 1418 1009 1614 1072 1613 1071 1417"/></Shape></Glyph><Glyph ID="char_141" CONTENT="י" GC="1.0"><Shape><Polygon POINTS="936 1420 943 1616 1009 1614 1002 1418"/></Shape></Glyph><Glyph ID="char_142" CONTENT=" " GC="1.0"><Shape><Polygon POINTS="887 1540 939 1538"/></Shape></Glyph></String>
          </TextLine>

          
          
          <TextLine ID="eSc_line_1790891" BASELINE="1287 1727 1628 1745 2647 1779" HPOS="1282.0" VPOS="1609.0" WIDTH="1368.0" HEIGHT="248.0">
            <Shape><Polygon POINTS="1293 1609 1634 1627 2650 1661 2644 1857 1623 1823 1282 1805"/></Shape>
	    <String CONTENT=" ד יום בא לחם הבכורים אל " HPOS="1282.0" VPOS="1609.0" WIDTH="1368.0" HEIGHT="248.0"><Glyph ID="char_143" CONTENT=" " GC="1.0"><Shape><Polygon POINTS="2531 1657 2524 1853 2616 1856 2623 1660"/></Shape></Glyph><Glyph ID="char_144" CONTENT="ד" GC="1.0"><Shape><Polygon POINTS="2465 1655 2458 1851 2524 1853 2531 1657"/></Shape></Glyph><Glyph ID="char_145" CONTENT=" " GC="1.0"><Shape><Polygon POINTS="2425 1653 2418 1849 2458 1851 2465 1655"/></Shape></Glyph><Glyph ID="char_146" CONTENT="י" GC="1.0"><Shape><Polygon POINTS="2386 1652 2379 1848 2418 1849 2425 1653"/></Shape></Glyph><Glyph ID="char_147" CONTENT="ו" GC="1.0"><Shape><Polygon POINTS="2346 1651 2339 1847 2379 1848 2386 1652"/></Shape></Glyph><Glyph ID="char_148" CONTENT="ם" GC="1.0"><Shape><Polygon POINTS="2306 1649 2299 1846 2339 1847 2346 1651"/></Shape></Glyph><Glyph ID="char_149" CONTENT=" " GC="1.0"><Shape><Polygon POINTS="2267 1648 2261 1844 2299 1846 2306 1649"/></Shape></Glyph><Glyph ID="char_150" CONTENT="ב" GC="1.0"><Shape><Polygon POINTS="2214 1646 2208 1842 2261 1844 2267 1648"/></Shape></Glyph><Glyph ID="char_151" CONTENT="א" GC="1.0"><Shape><Polygon POINTS="2161 1645 2155 1841 2208 1842 2214 1646"/></Shape></Glyph><Glyph ID="char_152" CONTENT=" " GC="1.0"><Shape><Polygon POINTS="2121 1643 2115 1839 2155 1841 2161 1645"/></Shape></Glyph><Glyph ID="char_153" CONTENT="ל" GC="1.0"><Shape><Polygon POINTS="2069 1642 2063 1838 2115 1839 2121 1643"/></Shape></Glyph><Glyph ID="char_154" CONTENT="ח" GC="1.0"><Shape><Polygon POINTS="2016 1640 2010 1836 2063 1838 2069 1642"/></Shape></Glyph><Glyph ID="char_155" CONTENT="ם" GC="1.0"><Shape><Polygon POINTS="1963 1638 1957 1834 2010 1836 2016 1640"/></Shape></Glyph><Glyph ID="char_156" CONTENT=" " GC="1.0"><Shape><Polygon POINTS="1910 1636 1904 1832 1957 1834 1963 1638"/></Shape></Glyph><Glyph ID="char_157" CONTENT="ה" GC="1.0"><Shape><Polygon POINTS="1857 1634 1851 1831 1904 1832 1910 1636"/></Shape></Glyph><Glyph ID="char_158" CONTENT="ב" GC="1.0"><Shape><Polygon POINTS="1804 1633 1798 1829 1851 1831 1857 1634"/></Shape></Glyph><Glyph ID="char_159" CONTENT="כ" GC="1.0"><Shape><Polygon POINTS="1752 1631 1746 1827 1798 1829 1804 1633"/></Shape></Glyph><Glyph ID="char_160" CONTENT="ו" GC="1.0"><Shape><Polygon POINTS="1712 1630 1706 1826 1746 1827 1752 1631"/></Shape></Glyph><Glyph ID="char_161" CONTENT="ר" GC="1.0"><Shape><Polygon POINTS="1659 1628 1653 1824 1706 1826 1712 1630"/></Shape></Glyph><Glyph ID="char_162" CONTENT="י" GC="1.0"><Shape><Polygon POINTS="1622 1626 1611 1822 1653 1824 1659 1628"/></Shape></Glyph><Glyph ID="char_163" CONTENT="ם" GC="1.0"><Shape><Polygon POINTS="1570 1624 1559 1820 1611 1822 1622 1626"/></Shape></Glyph><Glyph ID="char_164" CONTENT=" " GC="1.0"><Shape><Polygon POINTS="1517 1621 1506 1817 1559 1820 1570 1624"/></Shape></Glyph><Glyph ID="char_165" CONTENT="א" GC="1.0"><Shape><Polygon POINTS="1464 1618 1453 1814 1506 1817 1517 1621"/></Shape></Glyph><Glyph ID="char_166" CONTENT="ל" GC="1.0"><Shape><Polygon POINTS="1424 1616 1413 1812 1453 1814 1464 1618"/></Shape></Glyph><Glyph ID="char_167" CONTENT=" " GC="1.0"><Shape><Polygon POINTS="1332 1611 1322 1807 1413 1812 1424 1616"/></Shape></Glyph></String>
          </TextLine>

          
        </TextBlock>
        

        
      </PrintSpace>
    </Page>
  </Layout>
</alto>