<?xml version='1.0' encoding='UTF-8'?>
<alto xmlns:xsi="http://www.w3.org/2001/XMLSchema-instance" xmlns="http://www.loc.gov/standards/alto/ns-v4#" xsi:schemaLocation="http://www.loc.gov/standards/alto/ns-v4# http://www.loc.gov/standards/alto/v4/alto-4-2.xsd">
  <Description>
    <MeasurementUnit>pixel</MeasurementUnit>
    <sourceImageInformation>
      <fileName>P711-Fg001-R-C01-R01-D18112012-T110214-LR924 _012.jpg</fileName>
      
    </sourceImageInformation>
  </Description>
  
  <Tags>
    <OtherTag ID="BT1443" LABEL="Parchment_or_papyrus" DESCRIPTION="block type Parchment_or_papyrus"/><OtherTag ID="BT2" LABEL="Main" DESCRIPTION="block type Main"/>
    
  </Tags>
  
  <Layout>
    <Page WIDTH="3608" HEIGHT="2706" PHYSICAL_IMG_NR="396" ID="eSc_dummypage_">
      <PrintSpace HPOS="0" VPOS="0" WIDTH="3608" HEIGHT="2706">
        
        <TextBlock HPOS="678.0" VPOS="837.0" WIDTH="2155.0" HEIGHT="1510.0" ID="eSc_textblock_3c6a8a62" TAGREFS="BT2">
          <Shape><Polygon POINTS="678 837 678 2347 2833 2347 2833 837"/></Shape>
          
          
          <TextLine ID="eSc_line_1773839" BASELINE="1030 987 1368 1001 1740 996 1991 987 2128 987 2338 998 2736 982" HPOS="1026.0" VPOS="858.0" WIDTH="1713.0" HEIGHT="225.0">
            <Shape><Polygon POINTS="1035 863 1373 877 1738 872 1986 863 2128 863 2344 874 2731 858 2739 1064 2333 1080 2128 1069 1993 1069 1741 1078 1364 1083 1026 1069"/></Shape>
	    <String CONTENT=" שור כשב ועז אשר לא שלמו " HPOS="1026.0" VPOS="858.0" WIDTH="1713.0" HEIGHT="225.0"><Glyph ID="char_0" CONTENT=" " GC="1.0"><Shape><Polygon POINTS="2356 873 2364 1079 2572 1071 2564 865"/></Shape></Glyph><Glyph ID="char_1" CONTENT="ש" GC="1.0"><Shape><Polygon POINTS="2326 873 2315 1079 2364 1079 2356 873"/></Shape></Glyph><Glyph ID="char_2" CONTENT="ו" GC="1.0"><Shape><Polygon POINTS="2257 870 2246 1075 2315 1079 2326 873"/></Shape></Glyph><Glyph ID="char_3" CONTENT="ר" GC="1.0"><Shape><Polygon POINTS="2215 867 2204 1073 2246 1075 2257 870"/></Shape></Glyph><Glyph ID="char_4" CONTENT=" " GC="1.0"><Shape><Polygon POINTS="2160 865 2149 1070 2204 1073 2215 867"/></Shape></Glyph><Glyph ID="char_5" CONTENT="כ" GC="1.0"><Shape><Polygon POINTS="2083 863 2083 1069 2149 1070 2160 865"/></Shape></Glyph><Glyph ID="char_6" CONTENT="ש" GC="1.0"><Shape><Polygon POINTS="2014 863 2014 1069 2083 1069 2083 863"/></Shape></Glyph><Glyph ID="char_7" CONTENT="ב" GC="1.0"><Shape><Polygon POINTS="1940 865 1947 1071 2014 1069 2014 863"/></Shape></Glyph><Glyph ID="char_8" CONTENT=" " GC="1.0"><Shape><Polygon POINTS="1899 866 1906 1072 1947 1071 1940 865"/></Shape></Glyph><Glyph ID="char_9" CONTENT="ו" GC="1.0"><Shape><Polygon POINTS="1843 868 1851 1074 1906 1072 1899 866"/></Shape></Glyph><Glyph ID="char_10" CONTENT="ע" GC="1.0"><Shape><Polygon POINTS="1788 870 1796 1076 1851 1074 1843 868"/></Shape></Glyph><Glyph ID="char_11" CONTENT="ז" GC="1.0"><Shape><Polygon POINTS="1721 872 1724 1078 1796 1076 1788 870"/></Shape></Glyph><Glyph ID="char_12" CONTENT=" " GC="1.0"><Shape><Polygon POINTS="1652 873 1655 1079 1724 1078 1721 872"/></Shape></Glyph><Glyph ID="char_13" CONTENT="א" GC="1.0"><Shape><Polygon POINTS="1596 874 1599 1080 1655 1079 1652 873"/></Shape></Glyph><Glyph ID="char_14" CONTENT="ש" GC="1.0"><Shape><Polygon POINTS="1527 875 1530 1081 1599 1080 1596 874"/></Shape></Glyph><Glyph ID="char_15" CONTENT="ר" GC="1.0"><Shape><Polygon POINTS="1458 876 1461 1082 1530 1081 1527 875"/></Shape></Glyph><Glyph ID="char_16" CONTENT=" " GC="1.0"><Shape><Polygon POINTS="1402 877 1405 1082 1461 1082 1458 876"/></Shape></Glyph><Glyph ID="char_17" CONTENT="ל" GC="1.0"><Shape><Polygon POINTS="1353 876 1344 1082 1405 1082 1402 877"/></Shape></Glyph><Glyph ID="char_18" CONTENT="א" GC="1.0"><Shape><Polygon POINTS="1298 874 1289 1080 1344 1082 1353 876"/></Shape></Glyph><Glyph ID="char_19" CONTENT=" " GC="1.0"><Shape><Polygon POINTS="1256 872 1247 1078 1289 1080 1298 874"/></Shape></Glyph><Glyph ID="char_20" CONTENT="ש" GC="1.0"><Shape><Polygon POINTS="1187 869 1178 1075 1247 1078 1256 872"/></Shape></Glyph><Glyph ID="char_21" CONTENT="ל" GC="1.0"><Shape><Polygon POINTS="1117 866 1108 1072 1178 1075 1187 869"/></Shape></Glyph><Glyph ID="char_22" CONTENT="מ" GC="1.0"><Shape><Polygon POINTS="1076 865 1067 1071 1108 1072 1117 866"/></Shape></Glyph><Glyph ID="char_23" CONTENT="ו" GC="1.0"><Shape><Polygon POINTS="1048 864 1039 1070 1067 1071 1076 865"/></Shape></Glyph><Glyph ID="char_24" CONTENT=" " GC="1.0"><Shape><Polygon POINTS="1029 986 1042 986"/></Shape></Glyph></String>
          </TextLine>

          
          
          <TextLine ID="eSc_line_1773840" BASELINE="1125 1213 1219 1206 1677 1204 1767 1199 2056 1199 2282 1204 2593 1192 2715 1192" HPOS="1115.0" VPOS="1068.0" WIDTH="1600.0" HEIGHT="227.0">
            <Shape><Polygon POINTS="1115 1089 1209 1082 1676 1080 1760 1075 2056 1075 2284 1080 2588 1068 2715 1068 2715 1274 2596 1274 2280 1286 2056 1281 1771 1281 1677 1286 1225 1288 1131 1295"/></Shape>
	    <String CONTENT=" ר במ מו ואל יאכל בשרו כי " HPOS="1115.0" VPOS="1068.0" WIDTH="1600.0" HEIGHT="227.0"><Glyph ID="char_25" CONTENT=" " GC="1.0"><Shape><Polygon POINTS="2659 1068 2659 1274 2713 1274 2713 1068"/></Shape></Glyph><Glyph ID="char_26" CONTENT="ר" GC="1.0"><Shape><Polygon POINTS="2603 1068 2603 1274 2659 1274 2659 1068"/></Shape></Glyph><Glyph ID="char_27" CONTENT=" " GC="1.0"><Shape><Polygon POINTS="2544 1070 2552 1276 2603 1274 2603 1068"/></Shape></Glyph><Glyph ID="char_28" CONTENT="ב" GC="1.0"><Shape><Polygon POINTS="2489 1072 2497 1278 2552 1276 2544 1070"/></Shape></Glyph><Glyph ID="char_29" CONTENT="מ" GC="1.0"><Shape><Polygon POINTS="2378 1076 2386 1282 2497 1278 2489 1072"/></Shape></Glyph><Glyph ID="char_30" CONTENT=" " GC="1.0"><Shape><Polygon POINTS="2247 1079 2243 1285 2386 1282 2378 1076"/></Shape></Glyph><Glyph ID="char_31" CONTENT="מ" GC="1.0"><Shape><Polygon POINTS="2136 1077 2132 1283 2243 1285 2247 1079"/></Shape></Glyph><Glyph ID="char_32" CONTENT="ו" GC="1.0"><Shape><Polygon POINTS="2067 1075 2063 1281 2132 1283 2136 1077"/></Shape></Glyph><Glyph ID="char_33" CONTENT=" " GC="1.0"><Shape><Polygon POINTS="1996 1075 1996 1281 2063 1281 2067 1075"/></Shape></Glyph><Glyph ID="char_34" CONTENT="ו" GC="1.0"><Shape><Polygon POINTS="1926 1075 1926 1281 1996 1281 1996 1075"/></Shape></Glyph><Glyph ID="char_35" CONTENT="א" GC="1.0"><Shape><Polygon POINTS="1871 1075 1871 1281 1926 1281 1926 1075"/></Shape></Glyph><Glyph ID="char_36" CONTENT="ל" GC="1.0"><Shape><Polygon POINTS="1816 1075 1816 1281 1871 1281 1871 1075"/></Shape></Glyph><Glyph ID="char_37" CONTENT=" " GC="1.0"><Shape><Polygon POINTS="1774 1075 1774 1281 1816 1281 1816 1075"/></Shape></Glyph><Glyph ID="char_38" CONTENT="י" GC="1.0"><Shape><Polygon POINTS="1726 1077 1737 1283 1774 1281 1774 1075"/></Shape></Glyph><Glyph ID="char_39" CONTENT="א" GC="1.0"><Shape><Polygon POINTS="1676 1080 1677 1286 1737 1283 1726 1077"/></Shape></Glyph><Glyph ID="char_40" CONTENT="כ" GC="1.0"><Shape><Polygon POINTS="1621 1080 1622 1286 1677 1286 1676 1080"/></Shape></Glyph><Glyph ID="char_41" CONTENT="ל" GC="1.0"><Shape><Polygon POINTS="1566 1080 1567 1286 1622 1286 1621 1080"/></Shape></Glyph><Glyph ID="char_42" CONTENT=" " GC="1.0"><Shape><Polygon POINTS="1497 1081 1498 1287 1567 1286 1566 1080"/></Shape></Glyph><Glyph ID="char_43" CONTENT="ב" GC="1.0"><Shape><Polygon POINTS="1427 1081 1428 1287 1498 1287 1497 1081"/></Shape></Glyph><Glyph ID="char_44" CONTENT="ש" GC="1.0"><Shape><Polygon POINTS="1372 1081 1373 1287 1428 1287 1427 1081"/></Shape></Glyph><Glyph ID="char_45" CONTENT="ר" GC="1.0"><Shape><Polygon POINTS="1303 1082 1304 1288 1373 1287 1372 1081"/></Shape></Glyph><Glyph ID="char_46" CONTENT="ו" GC="1.0"><Shape><Polygon POINTS="1261 1082 1262 1288 1304 1288 1303 1082"/></Shape></Glyph><Glyph ID="char_47" CONTENT=" " GC="1.0"><Shape><Polygon POINTS="1220 1082 1221 1288 1262 1288 1261 1082"/></Shape></Glyph><Glyph ID="char_48" CONTENT="כ" GC="1.0"><Shape><Polygon POINTS="1157 1086 1172 1292 1221 1288 1220 1082"/></Shape></Glyph><Glyph ID="char_49" CONTENT="י" GC="1.0"><Shape><Polygon POINTS="1129 1088 1144 1294 1172 1292 1157 1086"/></Shape></Glyph><Glyph ID="char_50" CONTENT=" " GC="1.0"><Shape><Polygon POINTS="1124 1213 1137 1211"/></Shape></Glyph></String>
          </TextLine>

          
          
          <TextLine ID="eSc_line_1773841" BASELINE="802 1413 868 1427 915 1427 1037 1418 1285 1418 1508 1409 1655 1409 1815 1416 1900 1416 2160 1400 2451 1411" HPOS="784.0" VPOS="1276.0" WIDTH="1671.0" HEIGHT="233.0">
            <Shape><Polygon POINTS="827 1292 893 1306 915 1303 1027 1294 1285 1294 1503 1285 1655 1285 1820 1292 1900 1292 2152 1276 2455 1287 2447 1493 2165 1482 1900 1498 1811 1498 1655 1491 1511 1491 1285 1500 1043 1500 915 1509 850 1507 784 1493"/></Shape>
	    <String CONTENT=" יא ל יאכל איש בשר בהמה " HPOS="784.0" VPOS="1276.0" WIDTH="1671.0" HEIGHT="233.0"><Glyph ID="char_51" CONTENT=" " GC="1.0"><Shape><Polygon POINTS="2427 1286 2419 1492 2446 1493 2454 1287"/></Shape></Glyph><Glyph ID="char_52" CONTENT="י" GC="1.0"><Shape><Polygon POINTS="2372 1284 2364 1490 2419 1492 2427 1286"/></Shape></Glyph><Glyph ID="char_53" CONTENT="א" GC="1.0"><Shape><Polygon POINTS="2302 1281 2294 1487 2364 1490 2372 1284"/></Shape></Glyph><Glyph ID="char_54" CONTENT=" " GC="1.0"><Shape><Polygon POINTS="2191 1277 2183 1483 2294 1487 2302 1281"/></Shape></Glyph><Glyph ID="char_55" CONTENT="ל" GC="1.0"><Shape><Polygon POINTS="2096 1280 2108 1485 2183 1483 2191 1277"/></Shape></Glyph><Glyph ID="char_56" CONTENT=" " GC="1.0"><Shape><Polygon POINTS="2054 1282 2066 1488 2108 1485 2096 1280"/></Shape></Glyph><Glyph ID="char_57" CONTENT="י" GC="1.0"><Shape><Polygon POINTS="2013 1285 2025 1490 2066 1488 2054 1282"/></Shape></Glyph><Glyph ID="char_58" CONTENT="א" GC="1.0"><Shape><Polygon POINTS="1943 1289 1956 1495 2025 1490 2013 1285"/></Shape></Glyph><Glyph ID="char_59" CONTENT="כ" GC="1.0"><Shape><Polygon POINTS="1896 1292 1896 1498 1956 1495 1943 1289"/></Shape></Glyph><Glyph ID="char_60" CONTENT="ל" GC="1.0"><Shape><Polygon POINTS="1840 1292 1840 1498 1896 1498 1896 1292"/></Shape></Glyph><Glyph ID="char_61" CONTENT=" " GC="1.0"><Shape><Polygon POINTS="1776 1290 1767 1496 1840 1498 1840 1292"/></Shape></Glyph><Glyph ID="char_62" CONTENT="א" GC="1.0"><Shape><Polygon POINTS="1720 1288 1711 1494 1767 1496 1776 1290"/></Shape></Glyph><Glyph ID="char_63" CONTENT="י" GC="1.0"><Shape><Polygon POINTS="1646 1285 1646 1491 1711 1494 1720 1288"/></Shape></Glyph><Glyph ID="char_64" CONTENT="ש" GC="1.0"><Shape><Polygon POINTS="1590 1285 1590 1491 1646 1491 1646 1285"/></Shape></Glyph><Glyph ID="char_65" CONTENT=" " GC="1.0"><Shape><Polygon POINTS="1535 1285 1535 1491 1590 1491 1590 1285"/></Shape></Glyph><Glyph ID="char_66" CONTENT="ב" GC="1.0"><Shape><Polygon POINTS="1474 1286 1482 1492 1535 1491 1535 1285"/></Shape></Glyph><Glyph ID="char_67" CONTENT="ש" GC="1.0"><Shape><Polygon POINTS="1405 1289 1413 1495 1482 1492 1474 1286"/></Shape></Glyph><Glyph ID="char_68" CONTENT="ר" GC="1.0"><Shape><Polygon POINTS="1335 1292 1343 1498 1413 1495 1405 1289"/></Shape></Glyph><Glyph ID="char_69" CONTENT=" " GC="1.0"><Shape><Polygon POINTS="1280 1294 1288 1500 1343 1498 1335 1292"/></Shape></Glyph><Glyph ID="char_70" CONTENT="ב" GC="1.0"><Shape><Polygon POINTS="1216 1294 1216 1500 1288 1500 1280 1294"/></Shape></Glyph><Glyph ID="char_71" CONTENT="ה" GC="1.0"><Shape><Polygon POINTS="1160 1294 1160 1500 1216 1500 1216 1294"/></Shape></Glyph><Glyph ID="char_72" CONTENT="מ" GC="1.0"><Shape><Polygon POINTS="1091 1294 1091 1500 1160 1500 1160 1294"/></Shape></Glyph><Glyph ID="char_73" CONTENT="ה" GC="1.0"><Shape><Polygon POINTS="1012 1295 1027 1501 1091 1500 1091 1294"/></Shape></Glyph><Glyph ID="char_74" CONTENT=" " GC="1.0"><Shape><Polygon POINTS="882 1304 882 1508 1027 1501 1012 1295"/></Shape></Glyph></String>
          </TextLine>

          
          
          <TextLine ID="eSc_line_1773847" BASELINE="692 1621 818 1616 897 1607 1113 1612 1267 1621 1524 1628 1889 1625 2085 1616 2223 1619" HPOS="687.0" VPOS="1484.0" WIDTH="1538.0" HEIGHT="226.0">
            <Shape><Polygon POINTS="687 1497 813 1492 883 1484 1115 1488 1274 1497 1527 1504 1887 1501 2079 1492 2225 1495 2221 1701 2088 1698 1889 1707 1521 1710 1262 1703 1111 1694 906 1688 821 1698 695 1703"/></Shape>
	    <String CONTENT=" וטר ה אשר לא חיה כי " HPOS="687.0" VPOS="1484.0" WIDTH="1538.0" HEIGHT="226.0"><Glyph ID="char_75" CONTENT=" " GC="1.0"><Shape><Polygon POINTS="1954 1498 1964 1704 2110 1698 2114 1493"/></Shape></Glyph><Glyph ID="char_76" CONTENT="ו" GC="1.0"><Shape><Polygon POINTS="1899 1500 1909 1706 1964 1704 1954 1498"/></Shape></Glyph><Glyph ID="char_77" CONTENT="ט" GC="1.0"><Shape><Polygon POINTS="1848 1501 1850 1707 1909 1706 1899 1500"/></Shape></Glyph><Glyph ID="char_78" CONTENT="ר" GC="1.0"><Shape><Polygon POINTS="1779 1502 1781 1708 1850 1707 1848 1501"/></Shape></Glyph><Glyph ID="char_79" CONTENT=" " GC="1.0"><Shape><Polygon POINTS="1710 1502 1712 1708 1781 1708 1779 1502"/></Shape></Glyph><Glyph ID="char_80" CONTENT="ה" GC="1.0"><Shape><Polygon POINTS="1641 1503 1643 1709 1712 1708 1710 1502"/></Shape></Glyph><Glyph ID="char_81" CONTENT=" " GC="1.0"><Shape><Polygon POINTS="1572 1504 1574 1710 1643 1709 1641 1503"/></Shape></Glyph><Glyph ID="char_82" CONTENT="א" GC="1.0"><Shape><Polygon POINTS="1507 1503 1502 1709 1574 1710 1572 1504"/></Shape></Glyph><Glyph ID="char_83" CONTENT="ש" GC="1.0"><Shape><Polygon POINTS="1438 1502 1433 1708 1502 1709 1507 1503"/></Shape></Glyph><Glyph ID="char_84" CONTENT="ר" GC="1.0"><Shape><Polygon POINTS="1355 1499 1350 1705 1433 1708 1438 1502"/></Shape></Glyph><Glyph ID="char_85" CONTENT=" " GC="1.0"><Shape><Polygon POINTS="1286 1497 1281 1704 1350 1705 1355 1499"/></Shape></Glyph><Glyph ID="char_86" CONTENT="ל" GC="1.0"><Shape><Polygon POINTS="1235 1495 1223 1701 1281 1704 1286 1497"/></Shape></Glyph><Glyph ID="char_87" CONTENT="א" GC="1.0"><Shape><Polygon POINTS="1180 1492 1168 1697 1223 1701 1235 1495"/></Shape></Glyph><Glyph ID="char_88" CONTENT=" " GC="1.0"><Shape><Polygon POINTS="1107 1488 1102 1694 1168 1697 1180 1492"/></Shape></Glyph><Glyph ID="char_89" CONTENT="ח" GC="1.0"><Shape><Polygon POINTS="1052 1487 1047 1692 1102 1694 1107 1488"/></Shape></Glyph><Glyph ID="char_90" CONTENT="י" GC="1.0"><Shape><Polygon POINTS="983 1486 978 1690 1047 1692 1052 1487"/></Shape></Glyph><Glyph ID="char_91" CONTENT="ה" GC="1.0"><Shape><Polygon POINTS="869 1486 893 1690 978 1690 983 1486"/></Shape></Glyph><Glyph ID="char_92" CONTENT=" " GC="1.0"><Shape><Polygon POINTS="796 1493 804 1699 893 1690 869 1486"/></Shape></Glyph><Glyph ID="char_93" CONTENT="כ" GC="1.0"><Shape><Polygon POINTS="741 1495 749 1701 804 1699 796 1493"/></Shape></Glyph><Glyph ID="char_94" CONTENT="י" GC="1.0"><Shape><Polygon POINTS="714 1496 722 1702 749 1701 741 1495"/></Shape></Glyph><Glyph ID="char_95" CONTENT=" " GC="1.0"><Shape><Polygon POINTS="691 1621 718 1619"/></Shape></Glyph></String>
          </TextLine>

          
          
          <TextLine ID="eSc_line_1773844" BASELINE="983 1801 1332 1806 1497 1813 1691 1808 2226 1796" HPOS="981.0" VPOS="1672.0" WIDTH="1246.0" HEIGHT="223.0">
            <Shape><Polygon POINTS="984 1677 1333 1682 1502 1689 1687 1684 2223 1672 2227 1878 1693 1890 1493 1895 1330 1888 981 1883"/></Shape>
	    <String CONTENT=" ל לנכרי וחלבה לע " HPOS="981.0" VPOS="1672.0" WIDTH="1246.0" HEIGHT="223.0"><Glyph ID="char_96" CONTENT=" " GC="1.0"><Shape><Polygon POINTS="2002 1677 2006 1883 2144 1880 2140 1674"/></Shape></Glyph><Glyph ID="char_97" CONTENT="ל" GC="1.0"><Shape><Polygon POINTS="1919 1679 1924 1885 2006 1883 2002 1677"/></Shape></Glyph><Glyph ID="char_98" CONTENT=" " GC="1.0"><Shape><Polygon POINTS="1877 1680 1882 1886 1924 1885 1919 1679"/></Shape></Glyph><Glyph ID="char_99" CONTENT="ל" GC="1.0"><Shape><Polygon POINTS="1822 1681 1827 1887 1882 1886 1877 1680"/></Shape></Glyph><Glyph ID="char_100" CONTENT="נ" GC="1.0"><Shape><Polygon POINTS="1781 1682 1786 1888 1827 1887 1822 1681"/></Shape></Glyph><Glyph ID="char_101" CONTENT="כ" GC="1.0"><Shape><Polygon POINTS="1739 1683 1744 1889 1786 1888 1781 1682"/></Shape></Glyph><Glyph ID="char_102" CONTENT="ר" GC="1.0"><Shape><Polygon POINTS="1698 1684 1703 1890 1744 1889 1739 1683"/></Shape></Glyph><Glyph ID="char_103" CONTENT="י" GC="1.0"><Shape><Polygon POINTS="1587 1687 1592 1893 1703 1890 1698 1684"/></Shape></Glyph><Glyph ID="char_104" CONTENT=" " GC="1.0"><Shape><Polygon POINTS="1485 1688 1476 1894 1592 1893 1587 1687"/></Shape></Glyph><Glyph ID="char_105" CONTENT="ו" GC="1.0"><Shape><Polygon POINTS="1429 1686 1420 1892 1476 1894 1485 1688"/></Shape></Glyph><Glyph ID="char_106" CONTENT="ח" GC="1.0"><Shape><Polygon POINTS="1374 1684 1365 1890 1420 1892 1429 1686"/></Shape></Glyph><Glyph ID="char_107" CONTENT="ל" GC="1.0"><Shape><Polygon POINTS="1316 1682 1313 1888 1365 1890 1374 1684"/></Shape></Glyph><Glyph ID="char_108" CONTENT="ב" GC="1.0"><Shape><Polygon POINTS="1260 1681 1257 1887 1313 1888 1316 1682"/></Shape></Glyph><Glyph ID="char_109" CONTENT="ה" GC="1.0"><Shape><Polygon POINTS="1191 1680 1188 1886 1257 1887 1260 1681"/></Shape></Glyph><Glyph ID="char_110" CONTENT=" " GC="1.0"><Shape><Polygon POINTS="1136 1679 1133 1885 1188 1886 1191 1680"/></Shape></Glyph><Glyph ID="char_111" CONTENT="ל" GC="1.0"><Shape><Polygon POINTS="1081 1678 1078 1884 1133 1885 1136 1679"/></Shape></Glyph><Glyph ID="char_112" CONTENT="ע" GC="1.0"><Shape><Polygon POINTS="1039 1678 1036 1884 1078 1884 1081 1678"/></Shape></Glyph><Glyph ID="char_113" CONTENT=" " GC="1.0"><Shape><Polygon POINTS="982 1800 1036 1800"/></Shape></Glyph></String>
          </TextLine>

          
          
          <TextLine ID="eSc_line_1773843" BASELINE="920 2034 1402 2031 1490 2027 1718 2022" HPOS="919.0" VPOS="1898.0" WIDTH="800.0" HEIGHT="218.0">
            <Shape><Polygon POINTS="919 1910 1401 1907 1484 1903 1715 1898 1719 2104 1493 2109 1402 2113 920 2116"/></Shape>
	    <String CONTENT=" ל בחה ממנו ה " HPOS="919.0" VPOS="1898.0" WIDTH="800.0" HEIGHT="218.0"><Glyph ID="char_114" CONTENT=" " GC="1.0"><Shape><Polygon POINTS="1672 1899 1677 2105 1705 2104 1700 1898"/></Shape></Glyph><Glyph ID="char_115" CONTENT="ל" GC="1.0"><Shape><Polygon POINTS="1644 1900 1649 2106 1677 2105 1672 1899"/></Shape></Glyph><Glyph ID="char_116" CONTENT=" " GC="1.0"><Shape><Polygon POINTS="1602 1900 1607 2106 1649 2106 1644 1900"/></Shape></Glyph><Glyph ID="char_117" CONTENT="ב" GC="1.0"><Shape><Polygon POINTS="1546 1902 1551 2108 1607 2106 1602 1900"/></Shape></Glyph><Glyph ID="char_118" CONTENT="ח" GC="1.0"><Shape><Polygon POINTS="1473 1904 1483 2109 1551 2108 1546 1902"/></Shape></Glyph><Glyph ID="char_119" CONTENT="ה" GC="1.0"><Shape><Polygon POINTS="1417 1906 1427 2112 1483 2109 1473 1904"/></Shape></Glyph><Glyph ID="char_120" CONTENT=" " GC="1.0"><Shape><Polygon POINTS="1366 1907 1368 2113 1427 2112 1417 1906"/></Shape></Glyph><Glyph ID="char_121" CONTENT="מ" GC="1.0"><Shape><Polygon POINTS="1296 1908 1298 2114 1368 2113 1366 1907"/></Shape></Glyph><Glyph ID="char_122" CONTENT="מ" GC="1.0"><Shape><Polygon POINTS="1240 1908 1242 2114 1298 2114 1296 1908"/></Shape></Glyph><Glyph ID="char_123" CONTENT="נ" GC="1.0"><Shape><Polygon POINTS="1198 1908 1200 2114 1242 2114 1240 1908"/></Shape></Glyph><Glyph ID="char_124" CONTENT="ו" GC="1.0"><Shape><Polygon POINTS="1128 1909 1130 2115 1200 2114 1198 1908"/></Shape></Glyph><Glyph ID="char_125" CONTENT=" " GC="1.0"><Shape><Polygon POINTS="1044 1909 1046 2115 1130 2115 1128 1909"/></Shape></Glyph><Glyph ID="char_126" CONTENT="ה" GC="1.0"><Shape><Polygon POINTS="974 1910 976 2116 1046 2115 1044 1909"/></Shape></Glyph><Glyph ID="char_127" CONTENT=" " GC="1.0"><Shape><Polygon POINTS="919 2034 974 2033"/></Shape></Glyph></String>
          </TextLine>

          
          
          <TextLine ID="eSc_line_1774236" BASELINE="893 2218 1319 2208" HPOS="890.0" VPOS="2084.0" WIDTH="430.0" HEIGHT="216.0">
            <Shape><Polygon POINTS="890 2094 1316 2084 1320 2290 894 2300"/></Shape>
	    <String CONTENT=" " HPOS="890.0" VPOS="2084.0" WIDTH="430.0" HEIGHT="216.0"><Glyph ID="char_128" CONTENT=" " GC="1.0"><Shape><Polygon POINTS="958 2092 963 2298 1198 2293 1193 2087"/></Shape></Glyph></String>
          </TextLine>

          
        </TextBlock>
        

        
      </PrintSpace>
    </Page>
  </Layout>
</alto>