<?xml version='1.0' encoding='UTF-8'?>
<alto xmlns:xsi="http://www.w3.org/2001/XMLSchema-instance" xmlns="http://www.loc.gov/standards/alto/ns-v4#" xsi:schemaLocation="http://www.loc.gov/standards/alto/ns-v4# http://www.loc.gov/standards/alto/v4/alto-4-2.xsd">
  <Description>
    <MeasurementUnit>pixel</MeasurementUnit>
    <sourceImageInformation>
      <fileName>P711-Fg007-R-C01-R01-D18112012-T120038-LR924 _012.jpg</fileName>
      
    </sourceImageInformation>
  </Description>
  
  <Tags>
    <OtherTag ID="BT1443" LABEL="Parchment_or_papyrus" DESCRIPTION="block type Parchment_or_papyrus"/><OtherTag ID="BT2" LABEL="Main" DESCRIPTION="block type Main"/>
    
  </Tags>
  
  <Layout>
    <Page WIDTH="2706" HEIGHT="3608" PHYSICAL_IMG_NR="102" ID="eSc_dummypage_">
      <PrintSpace HPOS="0" VPOS="0" WIDTH="2706" HEIGHT="3608">
        
        <TextBlock HPOS="685.0" VPOS="1130.0" WIDTH="971.0" HEIGHT="1338.0" ID="eSc_textblock_387ac399" TAGREFS="BT2">
          <Shape><Polygon POINTS="685 1130 685 2468 1656 2468 1656 1130"/></Shape>
          
          
          <TextLine ID="eSc_line_1773837" BASELINE="1145 1268 1548 1274 1656 1286" HPOS="1143.0" VPOS="1160.0" WIDTH="524.0" HEIGHT="197.0">
            <Shape><Polygon POINTS="1146 1160 1549 1166 1667 1179 1648 1357 1546 1345 1143 1339"/></Shape>
	    <String CONTENT="על העריות " HPOS="1143.0" VPOS="1160.0" WIDTH="524.0" HEIGHT="197.0"><Glyph ID="char_0" CONTENT="ע" GC="1.0"><Shape><Polygon POINTS="1595 1171 1575 1348 1623 1354 1642 1176"/></Shape></Glyph><Glyph ID="char_1" CONTENT="ל" GC="1.0"><Shape><Polygon POINTS="1548 1166 1545 1345 1575 1348 1595 1171"/></Shape></Glyph><Glyph ID="char_2" CONTENT=" " GC="1.0"><Shape><Polygon POINTS="1499 1165 1496 1344 1545 1345 1548 1166"/></Shape></Glyph><Glyph ID="char_3" CONTENT="ה" GC="1.0"><Shape><Polygon POINTS="1439 1164 1436 1343 1496 1344 1499 1165"/></Shape></Glyph><Glyph ID="char_4" CONTENT="ע" GC="1.0"><Shape><Polygon POINTS="1378 1163 1375 1342 1436 1343 1439 1164"/></Shape></Glyph><Glyph ID="char_5" CONTENT="ר" GC="1.0"><Shape><Polygon POINTS="1317 1163 1314 1342 1375 1342 1378 1163"/></Shape></Glyph><Glyph ID="char_6" CONTENT="י" GC="1.0"><Shape><Polygon POINTS="1280 1162 1277 1341 1314 1342 1317 1163"/></Shape></Glyph><Glyph ID="char_7" CONTENT="ו" GC="1.0"><Shape><Polygon POINTS="1232 1161 1229 1340 1277 1341 1280 1162"/></Shape></Glyph><Glyph ID="char_8" CONTENT="ת" GC="1.0"><Shape><Polygon POINTS="1183 1161 1180 1340 1229 1340 1232 1161"/></Shape></Glyph><Glyph ID="char_9" CONTENT=" " GC="1.0"><Shape><Polygon POINTS="1144 1267 1180 1267"/></Shape></Glyph></String>
          </TextLine>

          
          
          <TextLine ID="eSc_line_1773838" BASELINE="871 1464 989 1458 1386 1476 1560 1473 1644 1482" HPOS="865.0" VPOS="1350.0" WIDTH="790.0" HEIGHT="203.0">
            <Shape><Polygon POINTS="865 1356 983 1350 1390 1368 1558 1365 1655 1375 1636 1553 1561 1544 1382 1547 992 1529 874 1535"/></Shape>
	    <String CONTENT="אל יקח איש את א " HPOS="865.0" VPOS="1350.0" WIDTH="790.0" HEIGHT="203.0"><Glyph ID="char_10" CONTENT="א" GC="1.0"><Shape><Polygon POINTS="1557 1365 1560 1544 1611 1550 1631 1372"/></Shape></Glyph><Glyph ID="char_11" CONTENT="ל" GC="1.0"><Shape><Polygon POINTS="1521 1366 1524 1545 1560 1544 1557 1365"/></Shape></Glyph><Glyph ID="char_12" CONTENT=" " GC="1.0"><Shape><Polygon POINTS="1485 1366 1488 1545 1524 1545 1521 1366"/></Shape></Glyph><Glyph ID="char_13" CONTENT="י" GC="1.0"><Shape><Polygon POINTS="1436 1367 1439 1546 1488 1545 1485 1366"/></Shape></Glyph><Glyph ID="char_14" CONTENT="ק" GC="1.0"><Shape><Polygon POINTS="1382 1368 1374 1547 1439 1546 1436 1367"/></Shape></Glyph><Glyph ID="char_15" CONTENT="ח" GC="1.0"><Shape><Polygon POINTS="1334 1366 1326 1544 1374 1547 1382 1368"/></Shape></Glyph><Glyph ID="char_16" CONTENT=" " GC="1.0"><Shape><Polygon POINTS="1285 1363 1277 1542 1326 1544 1334 1366"/></Shape></Glyph><Glyph ID="char_17" CONTENT="א" GC="1.0"><Shape><Polygon POINTS="1237 1361 1229 1540 1277 1542 1285 1363"/></Shape></Glyph><Glyph ID="char_18" CONTENT="י" GC="1.0"><Shape><Polygon POINTS="1189 1359 1180 1538 1229 1540 1237 1361"/></Shape></Glyph><Glyph ID="char_19" CONTENT="ש" GC="1.0"><Shape><Polygon POINTS="1129 1356 1120 1535 1180 1538 1189 1359"/></Shape></Glyph><Glyph ID="char_20" CONTENT=" " GC="1.0"><Shape><Polygon POINTS="1057 1353 1049 1532 1120 1535 1129 1356"/></Shape></Glyph><Glyph ID="char_21" CONTENT="א" GC="1.0"><Shape><Polygon POINTS="973 1350 982 1529 1049 1532 1057 1353"/></Shape></Glyph><Glyph ID="char_22" CONTENT="ת" GC="1.0"><Shape><Polygon POINTS="913 1354 923 1533 982 1529 973 1350"/></Shape></Glyph><Glyph ID="char_23" CONTENT=" " GC="1.0"><Shape><Polygon POINTS="889 1355 898 1534 923 1533 913 1354"/></Shape></Glyph><Glyph ID="char_24" CONTENT="א" GC="1.0"><Shape><Polygon POINTS="877 1355 886 1534 898 1534 889 1355"/></Shape></Glyph><Glyph ID="char_25" CONTENT=" " GC="1.0"><Shape><Polygon POINTS="870 1464 881 1463"/></Shape></Glyph></String>
          </TextLine>

          
          
          <TextLine ID="eSc_line_1773835" BASELINE="721 1569 856 1605 1073 1638 1220 1647 1494 1650 1632 1659" HPOS="702.0" VPOS="1465.0" WIDTH="936.0" HEIGHT="265.0">
            <Shape><Polygon POINTS="748 1465 883 1501 1089 1531 1226 1539 1495 1542 1638 1551 1627 1730 1493 1721 1215 1718 1062 1708 837 1674 702 1638"/></Shape>
	    <String CONTENT="את בת אחיו ואת בת א " HPOS="702.0" VPOS="1465.0" WIDTH="936.0" HEIGHT="265.0"><Glyph ID="char_26" CONTENT="א" GC="1.0"><Shape><Polygon POINTS="1541 1545 1530 1723 1602 1728 1614 1549"/></Shape></Glyph><Glyph ID="char_27" CONTENT="ת" GC="1.0"><Shape><Polygon POINTS="1505 1543 1494 1721 1530 1723 1541 1545"/></Shape></Glyph><Glyph ID="char_28" CONTENT=" " GC="1.0"><Shape><Polygon POINTS="1463 1542 1461 1721 1494 1721 1505 1543"/></Shape></Glyph><Glyph ID="char_29" CONTENT="ב" GC="1.0"><Shape><Polygon POINTS="1414 1541 1412 1720 1461 1721 1463 1542"/></Shape></Glyph><Glyph ID="char_30" CONTENT="ת" GC="1.0"><Shape><Polygon POINTS="1378 1541 1376 1720 1412 1720 1414 1541"/></Shape></Glyph><Glyph ID="char_31" CONTENT=" " GC="1.0"><Shape><Polygon POINTS="1330 1540 1329 1719 1376 1720 1378 1541"/></Shape></Glyph><Glyph ID="char_32" CONTENT="א" GC="1.0"><Shape><Polygon POINTS="1269 1539 1268 1719 1329 1719 1330 1540"/></Shape></Glyph><Glyph ID="char_33" CONTENT="ח" GC="1.0"><Shape><Polygon POINTS="1221 1539 1220 1718 1268 1719 1269 1539"/></Shape></Glyph><Glyph ID="char_34" CONTENT="י" GC="1.0"><Shape><Polygon POINTS="1191 1537 1180 1716 1220 1718 1221 1539"/></Shape></Glyph><Glyph ID="char_35" CONTENT="ו" GC="1.0"><Shape><Polygon POINTS="1166 1535 1155 1714 1180 1716 1191 1537"/></Shape></Glyph><Glyph ID="char_36" CONTENT=" " GC="1.0"><Shape><Polygon POINTS="1130 1533 1119 1712 1155 1714 1166 1535"/></Shape></Glyph><Glyph ID="char_37" CONTENT="ו" GC="1.0"><Shape><Polygon POINTS="1094 1531 1083 1709 1119 1712 1130 1533"/></Shape></Glyph><Glyph ID="char_38" CONTENT="א" GC="1.0"><Shape><Polygon POINTS="1043 1524 1016 1701 1083 1709 1094 1531"/></Shape></Glyph><Glyph ID="char_39" CONTENT="ת" GC="1.0"><Shape><Polygon POINTS="996 1517 969 1694 1016 1701 1043 1524"/></Shape></Glyph><Glyph ID="char_40" CONTENT=" " GC="1.0"><Shape><Polygon POINTS="936 1509 910 1685 969 1694 996 1517"/></Shape></Glyph><Glyph ID="char_41" CONTENT="ב" GC="1.0"><Shape><Polygon POINTS="876 1499 849 1676 910 1685 936 1509"/></Shape></Glyph><Glyph ID="char_42" CONTENT="ת" GC="1.0"><Shape><Polygon POINTS="842 1490 795 1663 849 1676 876 1499"/></Shape></Glyph><Glyph ID="char_43" CONTENT=" " GC="1.0"><Shape><Polygon POINTS="795 1478 748 1650 795 1663 842 1490"/></Shape></Glyph><Glyph ID="char_44" CONTENT="א" GC="1.0"><Shape><Polygon POINTS="771 1471 724 1644 748 1650 795 1478"/></Shape></Glyph><Glyph ID="char_45" CONTENT=" " GC="1.0"><Shape><Polygon POINTS="720 1568 743 1574"/></Shape></Glyph></String>
          </TextLine>

          
          
          <TextLine ID="eSc_line_1773834" BASELINE="760 1794 944 1800 1247 1828 1515 1840 1632 1861" HPOS="757.0" VPOS="1686.0" WIDTH="893.0" HEIGHT="245.0">
            <Shape><Polygon POINTS="763 1686 947 1692 1256 1721 1519 1732 1650 1755 1619 1931 1511 1911 1240 1899 941 1871 757 1865"/></Shape>
	    <String CONTENT="איש את ערות חות " HPOS="757.0" VPOS="1686.0" WIDTH="893.0" HEIGHT="245.0"><Glyph ID="char_46" CONTENT="א" GC="1.0"><Shape><Polygon POINTS="1566 1740 1534 1915 1593 1926 1625 1751"/></Shape></Glyph><Glyph ID="char_47" CONTENT="י" GC="1.0"><Shape><Polygon POINTS="1503 1731 1495 1910 1534 1915 1566 1740"/></Shape></Glyph><Glyph ID="char_48" CONTENT="ש" GC="1.0"><Shape><Polygon POINTS="1455 1729 1447 1908 1495 1910 1503 1731"/></Shape></Glyph><Glyph ID="char_49" CONTENT=" " GC="1.0"><Shape><Polygon POINTS="1406 1727 1398 1906 1447 1908 1455 1729"/></Shape></Glyph><Glyph ID="char_50" CONTENT="א" GC="1.0"><Shape><Polygon POINTS="1345 1725 1337 1903 1398 1906 1406 1727"/></Shape></Glyph><Glyph ID="char_51" CONTENT="ת" GC="1.0"><Shape><Polygon POINTS="1309 1723 1301 1902 1337 1903 1345 1725"/></Shape></Glyph><Glyph ID="char_52" CONTENT=" " GC="1.0"><Shape><Polygon POINTS="1272 1722 1264 1900 1301 1902 1309 1723"/></Shape></Glyph><Glyph ID="char_53" CONTENT="ע" GC="1.0"><Shape><Polygon POINTS="1230 1719 1213 1896 1264 1900 1272 1722"/></Shape></Glyph><Glyph ID="char_54" CONTENT="ר" GC="1.0"><Shape><Polygon POINTS="1181 1714 1164 1892 1213 1896 1230 1719"/></Shape></Glyph><Glyph ID="char_55" CONTENT="ו" GC="1.0"><Shape><Polygon POINTS="1133 1709 1117 1887 1164 1892 1181 1714"/></Shape></Glyph><Glyph ID="char_56" CONTENT="ת" GC="1.0"><Shape><Polygon POINTS="1084 1705 1068 1883 1117 1887 1133 1709"/></Shape></Glyph><Glyph ID="char_57" CONTENT=" " GC="1.0"><Shape><Polygon POINTS="1012 1698 995 1876 1068 1883 1084 1705"/></Shape></Glyph><Glyph ID="char_58" CONTENT="ח" GC="1.0"><Shape><Polygon POINTS="945 1692 938 1871 995 1876 1012 1698"/></Shape></Glyph><Glyph ID="char_59" CONTENT="ו" GC="1.0"><Shape><Polygon POINTS="909 1691 902 1870 938 1871 945 1692"/></Shape></Glyph><Glyph ID="char_60" CONTENT="ת" GC="1.0"><Shape><Polygon POINTS="860 1689 853 1868 902 1870 909 1691"/></Shape></Glyph><Glyph ID="char_61" CONTENT=" " GC="1.0"><Shape><Polygon POINTS="788 1687 781 1866 853 1868 860 1689"/></Shape></Glyph></String>
          </TextLine>

          
          
          <TextLine ID="eSc_line_1773832" BASELINE="886 1975 1346 1987 1584 2002" HPOS="884.0" VPOS="1867.0" WIDTH="706.0" HEIGHT="206.0">
            <Shape><Polygon POINTS="888 1867 1348 1879 1590 1894 1579 2073 1344 2058 884 2046"/></Shape>
	    <String CONTENT="אביה ולאחי אמה " HPOS="884.0" VPOS="1867.0" WIDTH="706.0" HEIGHT="206.0"><Glyph ID="char_62" CONTENT="א" GC="1.0"><Shape><Polygon POINTS="1518 1890 1507 2068 1555 2071 1566 1893"/></Shape></Glyph><Glyph ID="char_63" CONTENT="ב" GC="1.0"><Shape><Polygon POINTS="1481 1887 1470 2066 1507 2068 1518 1890"/></Shape></Glyph><Glyph ID="char_64" CONTENT="י" GC="1.0"><Shape><Polygon POINTS="1433 1884 1422 2063 1470 2066 1481 1887"/></Shape></Glyph><Glyph ID="char_65" CONTENT="ה" GC="1.0"><Shape><Polygon POINTS="1386 1881 1374 2060 1422 2063 1433 1884"/></Shape></Glyph><Glyph ID="char_66" CONTENT=" " GC="1.0"><Shape><Polygon POINTS="1346 1879 1341 2058 1374 2060 1386 1881"/></Shape></Glyph><Glyph ID="char_67" CONTENT="ו" GC="1.0"><Shape><Polygon POINTS="1298 1878 1293 2057 1341 2058 1346 1879"/></Shape></Glyph><Glyph ID="char_68" CONTENT="ל" GC="1.0"><Shape><Polygon POINTS="1250 1876 1245 2055 1293 2057 1298 1878"/></Shape></Glyph><Glyph ID="char_69" CONTENT="א" GC="1.0"><Shape><Polygon POINTS="1189 1875 1184 2054 1245 2055 1250 1876"/></Shape></Glyph><Glyph ID="char_70" CONTENT="ח" GC="1.0"><Shape><Polygon POINTS="1141 1874 1136 2053 1184 2054 1189 1875"/></Shape></Glyph><Glyph ID="char_71" CONTENT="י" GC="1.0"><Shape><Polygon POINTS="1117 1873 1112 2052 1136 2053 1141 1874"/></Shape></Glyph><Glyph ID="char_72" CONTENT=" " GC="1.0"><Shape><Polygon POINTS="1081 1872 1076 2051 1112 2052 1117 1873"/></Shape></Glyph><Glyph ID="char_73" CONTENT="א" GC="1.0"><Shape><Polygon POINTS="1021 1870 1016 2049 1076 2051 1081 1872"/></Shape></Glyph><Glyph ID="char_74" CONTENT="מ" GC="1.0"><Shape><Polygon POINTS="948 1869 943 2048 1016 2049 1021 1870"/></Shape></Glyph><Glyph ID="char_75" CONTENT="ה" GC="1.0"><Shape><Polygon POINTS="912 1868 907 2047 943 2048 948 1869"/></Shape></Glyph><Glyph ID="char_76" CONTENT=" " GC="1.0"><Shape><Polygon POINTS="885 1974 908 1974"/></Shape></Glyph></String>
          </TextLine>

          
          
          <TextLine ID="eSc_line_1773833" BASELINE="892 2161 977 2155 1220 2161 1617 2182" HPOS="884.0" VPOS="2047.0" WIDTH="738.0" HEIGHT="206.0">
            <Shape><Polygon POINTS="884 2053 969 2047 1222 2053 1622 2074 1613 2253 1218 2232 982 2226 897 2232"/></Shape>
	    <String CONTENT="אל יגל איש ערות " HPOS="884.0" VPOS="2047.0" WIDTH="738.0" HEIGHT="206.0"><Glyph ID="char_77" CONTENT="א" GC="1.0"><Shape><Polygon POINTS="1525 2069 1516 2248 1588 2252 1598 2073"/></Shape></Glyph><Glyph ID="char_78" CONTENT="ל" GC="1.0"><Shape><Polygon POINTS="1489 2067 1480 2246 1516 2248 1525 2069"/></Shape></Glyph><Glyph ID="char_79" CONTENT=" " GC="1.0"><Shape><Polygon POINTS="1465 2066 1456 2245 1480 2246 1489 2067"/></Shape></Glyph><Glyph ID="char_80" CONTENT="י" GC="1.0"><Shape><Polygon POINTS="1428 2064 1419 2243 1456 2245 1465 2066"/></Shape></Glyph><Glyph ID="char_81" CONTENT="ג" GC="1.0"><Shape><Polygon POINTS="1392 2062 1383 2241 1419 2243 1428 2064"/></Shape></Glyph><Glyph ID="char_82" CONTENT="ל" GC="1.0"><Shape><Polygon POINTS="1344 2059 1335 2238 1383 2241 1392 2062"/></Shape></Glyph><Glyph ID="char_83" CONTENT=" " GC="1.0"><Shape><Polygon POINTS="1307 2057 1298 2236 1335 2238 1344 2059"/></Shape></Glyph><Glyph ID="char_84" CONTENT="א" GC="1.0"><Shape><Polygon POINTS="1259 2055 1250 2234 1298 2236 1307 2057"/></Shape></Glyph><Glyph ID="char_85" CONTENT="י" GC="1.0"><Shape><Polygon POINTS="1208 2053 1204 2232 1250 2234 1259 2055"/></Shape></Glyph><Glyph ID="char_86" CONTENT="ש" GC="1.0"><Shape><Polygon POINTS="1159 2052 1155 2230 1204 2232 1208 2053"/></Shape></Glyph><Glyph ID="char_87" CONTENT=" " GC="1.0"><Shape><Polygon POINTS="1111 2050 1107 2229 1155 2230 1159 2052"/></Shape></Glyph><Glyph ID="char_88" CONTENT="ע" GC="1.0"><Shape><Polygon POINTS="1063 2049 1059 2228 1107 2229 1111 2050"/></Shape></Glyph><Glyph ID="char_89" CONTENT="ר" GC="1.0"><Shape><Polygon POINTS="1026 2048 1022 2227 1059 2228 1063 2049"/></Shape></Glyph><Glyph ID="char_90" CONTENT="ו" GC="1.0"><Shape><Polygon POINTS="968 2047 981 2226 1022 2227 1026 2048"/></Shape></Glyph><Glyph ID="char_91" CONTENT="ת" GC="1.0"><Shape><Polygon POINTS="932 2050 945 2229 981 2226 968 2047"/></Shape></Glyph><Glyph ID="char_92" CONTENT=" " GC="1.0"><Shape><Polygon POINTS="891 2161 939 2157"/></Shape></Glyph></String>
          </TextLine>

          
          
          <TextLine ID="eSc_line_1773836" BASELINE="892 2318 1199 2339 1371 2345 1605 2345" HPOS="887.0" VPOS="2210.0" WIDTH="718.0" HEIGHT="206.0">
            <Shape><Polygon POINTS="899 2210 1206 2231 1374 2237 1605 2237 1605 2416 1368 2416 1194 2410 887 2389"/></Shape>
	    <String CONTENT="אל יקח איש ת נ " HPOS="887.0" VPOS="2210.0" WIDTH="718.0" HEIGHT="206.0"><Glyph ID="char_93" CONTENT="א" GC="1.0"><Shape><Polygon POINTS="1519 2237 1519 2416 1580 2416 1580 2237"/></Shape></Glyph><Glyph ID="char_94" CONTENT="ל" GC="1.0"><Shape><Polygon POINTS="1483 2237 1483 2416 1519 2416 1519 2237"/></Shape></Glyph><Glyph ID="char_95" CONTENT=" " GC="1.0"><Shape><Polygon POINTS="1471 2237 1471 2416 1483 2416 1483 2237"/></Shape></Glyph><Glyph ID="char_96" CONTENT="י" GC="1.0"><Shape><Polygon POINTS="1422 2237 1422 2416 1471 2416 1471 2237"/></Shape></Glyph><Glyph ID="char_97" CONTENT="ק" GC="1.0"><Shape><Polygon POINTS="1374 2237 1374 2416 1422 2416 1422 2237"/></Shape></Glyph><Glyph ID="char_98" CONTENT="ח" GC="1.0"><Shape><Polygon POINTS="1330 2235 1324 2414 1374 2416 1374 2237"/></Shape></Glyph><Glyph ID="char_99" CONTENT=" " GC="1.0"><Shape><Polygon POINTS="1293 2234 1287 2413 1324 2414 1330 2235"/></Shape></Glyph><Glyph ID="char_100" CONTENT="א" GC="1.0"><Shape><Polygon POINTS="1257 2233 1251 2412 1287 2413 1293 2234"/></Shape></Glyph><Glyph ID="char_101" CONTENT="י" GC="1.0"><Shape><Polygon POINTS="1209 2231 1203 2410 1251 2412 1257 2233"/></Shape></Glyph><Glyph ID="char_102" CONTENT="ש" GC="1.0"><Shape><Polygon POINTS="1164 2228 1151 2407 1203 2410 1209 2231"/></Shape></Glyph><Glyph ID="char_103" CONTENT=" " GC="1.0"><Shape><Polygon POINTS="1092 2223 1079 2402 1151 2407 1164 2228"/></Shape></Glyph><Glyph ID="char_104" CONTENT="ת" GC="1.0"><Shape><Polygon POINTS="1007 2217 995 2396 1079 2402 1092 2223"/></Shape></Glyph><Glyph ID="char_105" CONTENT=" " GC="1.0"><Shape><Polygon POINTS="948 2213 935 2392 995 2396 1007 2217"/></Shape></Glyph><Glyph ID="char_106" CONTENT="נ" GC="1.0"><Shape><Polygon POINTS="911 2211 898 2390 935 2392 948 2213"/></Shape></Glyph><Glyph ID="char_107" CONTENT=" " GC="1.0"><Shape><Polygon POINTS="891 2317 902 2317"/></Shape></Glyph></String>
          </TextLine>

          
        </TextBlock>
        

        
        <TextBlock ID="eSc_dummyblock_">
          
          
          <TextLine ID="eSc_line_f3db6583" BASELINE="1133 1262 1650 1286" HPOS="1133" VPOS="1151" WIDTH="514" HEIGHT="217">
            <Shape><Polygon POINTS="1133 1262 1142 1184 1247 1184 1274 1163 1334 1151 1392 1169 1410 1154 1431 1166 1467 1157 1485 1175 1521 1169 1647 1199 1638 1359 1614 1368 1530 1365 1518 1353 1464 1349 1449 1331 1431 1340 1419 1325 1377 1340 1337 1316 1289 1340 1250 1328 1223 1340 1184 1307 1136 1307"/></Shape>
	    <String CONTENT="" HPOS="1133" VPOS="1151" WIDTH="514" HEIGHT="217"/>
          </TextLine>

          
          
          <TextLine ID="eSc_line_39bbdedb" BASELINE="862 1452 1644 1473" HPOS="862" VPOS="1389" WIDTH="782" HEIGHT="162">
            <Shape><Polygon POINTS="862 1452 868 1428 917 1428 974 1389 1040 1425 1061 1416 1076 1434 1175 1434 1220 1404 1277 1437 1325 1437 1440 1389 1515 1389 1638 1401 1644 1473 1635 1515 1602 1515 1584 1533 1506 1512 1425 1551 1371 1548 1328 1512 1265 1545 1202 1545 1184 1524 1166 1542 1088 1542 1043 1515 1019 1527 977 1521 956 1497 865 1506"/></Shape>
	    <String CONTENT="" HPOS="862" VPOS="1389" WIDTH="782" HEIGHT="162"/>
          </TextLine>

          
          
          <TextLine ID="eSc_line_c3d84f27" BASELINE="715 1575 1160 1641 1635 1653" HPOS="712" VPOS="1494" WIDTH="923" HEIGHT="264">
            <Shape><Polygon POINTS="715 1575 721 1545 739 1548 799 1494 944 1503 1088 1578 1139 1581 1226 1536 1238 1551 1289 1536 1346 1572 1377 1554 1395 1575 1425 1569 1473 1608 1629 1620 1635 1653 1620 1755 1596 1758 1539 1740 1506 1749 1467 1713 1431 1728 1407 1707 1340 1719 1325 1701 1160 1683 1133 1683 1088 1713 1067 1701 1052 1713 1037 1701 908 1701 889 1683 808 1668 799 1653 742 1650 712 1668"/></Shape>
	    <String CONTENT="" HPOS="712" VPOS="1494" WIDTH="923" HEIGHT="264"/>
          </TextLine>

          
          
          <TextLine ID="eSc_line_5602a245" BASELINE="748 1791 1644 1852" HPOS="745" VPOS="1737" WIDTH="899" HEIGHT="250">
            <Shape><Polygon POINTS="748 1791 760 1737 814 1767 898 1755 989 1779 1034 1758 1055 1770 1169 1764 1244 1770 1271 1797 1356 1800 1389 1779 1443 1810 1461 1800 1530 1816 1548 1800 1560 1813 1641 1822 1644 1852 1632 1951 1569 1987 1530 1963 1497 1975 1407 1921 1214 1909 1148 1951 1103 1957 1058 1954 1013 1921 980 1939 947 1927 917 1942 811 1936 766 1891 745 1903"/></Shape>
	    <String CONTENT="" HPOS="745" VPOS="1737" WIDTH="899" HEIGHT="250"/>
          </TextLine>

          
          
          <TextLine ID="eSc_line_fefcb5bb" BASELINE="865 1969 1593 1999" HPOS="865" VPOS="1918" WIDTH="728" HEIGHT="150">
            <Shape><Polygon POINTS="865 1969 868 1951 974 1930 1028 1957 1052 1945 1106 1960 1145 1951 1190 1918 1229 1918 1301 1921 1337 1957 1389 1933 1416 1963 1452 1969 1476 1957 1497 1975 1530 1966 1587 1978 1593 1999 1581 2068 1542 2068 1506 2044 1458 2065 1404 2056 1392 2041 1359 2059 1307 2059 1208 2032 1184 2044 1172 2032 1079 2023 1019 2047 941 2044 917 2017 868 2017"/></Shape>
	    <String CONTENT="" HPOS="865" VPOS="1918" WIDTH="728" HEIGHT="150"/>
          </TextLine>

          
          
          <TextLine ID="eSc_line_0ba990c2" BASELINE="871 2149 1617 2179" HPOS="871" VPOS="2074" WIDTH="746" HEIGHT="171">
            <Shape><Polygon POINTS="871 2149 877 2089 920 2116 938 2104 974 2122 1178 2131 1262 2077 1328 2074 1368 2077 1425 2119 1473 2080 1548 2092 1611 2125 1617 2179 1605 2239 1584 2245 1539 2215 1524 2230 1509 2221 1422 2245 1343 2200 1274 2245 1220 2197 1136 2239 1031 2236 989 2188 874 2182"/></Shape>
	    <String CONTENT="" HPOS="871" VPOS="2074" WIDTH="746" HEIGHT="171"/>
          </TextLine>

          
          
          <TextLine ID="eSc_line_41ef514e" BASELINE="877 2312 1301 2342 1614 2336" HPOS="865" VPOS="2251" WIDTH="749" HEIGHT="590">
            <Shape><Polygon POINTS="877 2312 883 2258 929 2251 947 2273 971 2279 1001 2264 1028 2288 1109 2291 1142 2264 1157 2279 1178 2273 1205 2294 1220 2282 1244 2297 1289 2297 1310 2276 1386 2291 1440 2270 1518 2273 1539 2294 1572 2288 1602 2303 1614 2336 1587 2787 1548 2805 1512 2796 1467 2829 1425 2823 1377 2841 1307 2832 1199 2790 1148 2820 1124 2808 1097 2829 1019 2826 950 2763 865 2760"/></Shape>
	    <String CONTENT="" HPOS="865" VPOS="2251" WIDTH="749" HEIGHT="590"/>
          </TextLine>

          
        </TextBlock>
        
      </PrintSpace>
    </Page>
  </Layout>
</alto>