<?xml version='1.0' encoding='UTF-8'?>
<alto xmlns:xsi="http://www.w3.org/2001/XMLSchema-instance" xmlns="http://www.loc.gov/standards/alto/ns-v4#" xsi:schemaLocation="http://www.loc.gov/standards/alto/ns-v4# http://www.loc.gov/standards/alto/v4/alto-4-2.xsd">
  <Description>
    <MeasurementUnit>pixel</MeasurementUnit>
    <sourceImageInformation>
      <fileName>P742-Fg003-R-C01-R01-D27052013-T093209-LR924_012.jpg</fileName>
      
    </sourceImageInformation>
  </Description>
  
  <Tags>
    <OtherTag ID="BT1443" LABEL="Parchment_or_papyrus" DESCRIPTION="block type Parchment_or_papyrus"/><OtherTag ID="BT2" LABEL="Main" DESCRIPTION="block type Main"/>
    
  </Tags>
  
  <Layout>
    <Page WIDTH="3608" HEIGHT="2706" PHYSICAL_IMG_NR="301" ID="eSc_dummypage_">
      <PrintSpace HPOS="0" VPOS="0" WIDTH="3608" HEIGHT="2706">
        
        <TextBlock HPOS="1751.0" VPOS="945.0" WIDTH="1128.0" HEIGHT="602.0" ID="eSc_textblock_be36012a" TAGREFS="BT2">
          <Shape><Polygon POINTS="1751 945 1751 1547 2879 1547 2879 945"/></Shape>
          
          
          <TextLine ID="eSc_line_1796230" BASELINE="2814 1020 2820 1307" HPOS="2776.0" VPOS="1019.0" WIDTH="68.0" HEIGHT="288.0">
            <Shape><Polygon POINTS="2776 1020 2782 1307 2844 1306 2838 1019"/></Shape>
	    <String CONTENT=" לבני " HPOS="2776.0" VPOS="1019.0" WIDTH="68.0" HEIGHT="288.0"><Glyph ID="char_0" CONTENT=" " GC="1.0"><Shape><Polygon POINTS="2843 1238 2781 1240 2781 1283 2843 1281"/></Shape></Glyph><Glyph ID="char_1" CONTENT="ל" GC="1.0"><Shape><Polygon POINTS="2842 1213 2780 1215 2781 1240 2843 1238"/></Shape></Glyph><Glyph ID="char_2" CONTENT="ב" GC="1.0"><Shape><Polygon POINTS="2841 1166 2779 1168 2780 1215 2842 1213"/></Shape></Glyph><Glyph ID="char_3" CONTENT="נ" GC="1.0"><Shape><Polygon POINTS="2840 1115 2778 1117 2779 1168 2841 1166"/></Shape></Glyph><Glyph ID="char_4" CONTENT="י" GC="1.0"><Shape><Polygon POINTS="2839 1090 2778 1092 2778 1117 2840 1115"/></Shape></Glyph><Glyph ID="char_5" CONTENT=" " GC="1.0"><Shape><Polygon POINTS="2839 1043 2777 1045 2778 1092 2839 1090"/></Shape></Glyph></String>
          </TextLine>

          
          
          <TextLine ID="eSc_line_1796231" BASELINE="2679 991 2679 1413" HPOS="2641.0" VPOS="991.0" WIDTH="62.0" HEIGHT="422.0">
            <Shape><Polygon POINTS="2641 991 2641 1413 2703 1413 2703 991"/></Shape>
	    <String CONTENT=" את משה " HPOS="2641.0" VPOS="991.0" WIDTH="62.0" HEIGHT="422.0"><Glyph ID="char_6" CONTENT=" " GC="1.0"><Shape><Polygon POINTS="2703 1325 2641 1325 2641 1376 2703 1376"/></Shape></Glyph><Glyph ID="char_7" CONTENT="א" GC="1.0"><Shape><Polygon POINTS="2703 1274 2641 1274 2641 1325 2703 1325"/></Shape></Glyph><Glyph ID="char_8" CONTENT="ת" GC="1.0"><Shape><Polygon POINTS="2703 1224 2641 1224 2641 1274 2703 1274"/></Shape></Glyph><Glyph ID="char_9" CONTENT=" " GC="1.0"><Shape><Polygon POINTS="2703 1207 2641 1207 2641 1224 2703 1224"/></Shape></Glyph><Glyph ID="char_10" CONTENT="מ" GC="1.0"><Shape><Polygon POINTS="2703 1190 2641 1190 2641 1207 2703 1207"/></Shape></Glyph><Glyph ID="char_11" CONTENT="ש" GC="1.0"><Shape><Polygon POINTS="2703 1156 2641 1156 2641 1190 2703 1190"/></Shape></Glyph><Glyph ID="char_12" CONTENT="ה" GC="1.0"><Shape><Polygon POINTS="2703 1097 2641 1097 2641 1156 2703 1156"/></Shape></Glyph><Glyph ID="char_13" CONTENT=" " GC="1.0"><Shape><Polygon POINTS="2703 1021 2641 1021 2641 1097 2703 1097"/></Shape></Glyph></String>
          </TextLine>

          
          
          <TextLine ID="eSc_line_1796232" BASELINE="2544 926 2532 1471" HPOS="2494.0" VPOS="925.0" WIDTH="74.0" HEIGHT="546.0">
            <Shape><Polygon POINTS="2506 925 2494 1470 2556 1471 2568 926"/></Shape>
	    <String CONTENT=" ר יהוה א " HPOS="2494.0" VPOS="925.0" WIDTH="74.0" HEIGHT="546.0"><Glyph ID="char_14" CONTENT=" " GC="1.0"><Shape><Polygon POINTS="2559 1337 2497 1336 2495 1411 2557 1412"/></Shape></Glyph><Glyph ID="char_15" CONTENT="ר" GC="1.0"><Shape><Polygon POINTS="2561 1232 2499 1231 2497 1336 2559 1337"/></Shape></Glyph><Glyph ID="char_16" CONTENT=" " GC="1.0"><Shape><Polygon POINTS="2564 1118 2502 1117 2499 1231 2561 1232"/></Shape></Glyph><Glyph ID="char_17" CONTENT="י" GC="1.0"><Shape><Polygon POINTS="2564 1093 2502 1092 2502 1117 2564 1118"/></Shape></Glyph><Glyph ID="char_18" CONTENT="ה" GC="1.0"><Shape><Polygon POINTS="2564 1089 2502 1088 2502 1092 2564 1093"/></Shape></Glyph><Glyph ID="char_19" CONTENT="ו" GC="1.0"><Shape><Polygon POINTS="2564 1085 2502 1084 2502 1088 2564 1089"/></Shape></Glyph><Glyph ID="char_20" CONTENT="ה" GC="1.0"><Shape><Polygon POINTS="2565 1076 2503 1075 2502 1084 2564 1085"/></Shape></Glyph><Glyph ID="char_21" CONTENT=" " GC="1.0"><Shape><Polygon POINTS="2565 1051 2503 1050 2503 1075 2565 1076"/></Shape></Glyph><Glyph ID="char_22" CONTENT="א" GC="1.0"><Shape><Polygon POINTS="2566 1023 2504 1021 2503 1050 2565 1051"/></Shape></Glyph><Glyph ID="char_23" CONTENT=" " GC="1.0"><Shape><Polygon POINTS="2567 964 2505 962 2504 1021 2566 1023"/></Shape></Glyph></String>
          </TextLine>

          
          
          <TextLine ID="eSc_line_1796233" BASELINE="2403 950 2362 1465" HPOS="2324.0" VPOS="947.0" WIDTH="103.0" HEIGHT="519.0">
            <Shape><Polygon POINTS="2365 947 2324 1462 2386 1466 2427 951"/></Shape>
	    <String CONTENT=" את ראש " HPOS="2324.0" VPOS="947.0" WIDTH="103.0" HEIGHT="519.0"><Glyph ID="char_24" CONTENT=" " GC="1.0"><Shape><Polygon POINTS="2395 1355 2333 1350 2327 1425 2389 1430"/></Shape></Glyph><Glyph ID="char_25" CONTENT="א" GC="1.0"><Shape><Polygon POINTS="2402 1271 2340 1266 2333 1350 2395 1355"/></Shape></Glyph><Glyph ID="char_26" CONTENT="ת" GC="1.0"><Shape><Polygon POINTS="2406 1212 2344 1207 2340 1266 2402 1271"/></Shape></Glyph><Glyph ID="char_27" CONTENT=" " GC="1.0"><Shape><Polygon POINTS="2410 1169 2348 1164 2344 1207 2406 1212"/></Shape></Glyph><Glyph ID="char_28" CONTENT="ר" GC="1.0"><Shape><Polygon POINTS="2414 1115 2352 1110 2348 1164 2410 1169"/></Shape></Glyph><Glyph ID="char_29" CONTENT="א" GC="1.0"><Shape><Polygon POINTS="2416 1093 2354 1089 2352 1110 2414 1115"/></Shape></Glyph><Glyph ID="char_30" CONTENT="ש" GC="1.0"><Shape><Polygon POINTS="2417 1073 2355 1068 2354 1089 2416 1093"/></Shape></Glyph><Glyph ID="char_31" CONTENT=" " GC="1.0"><Shape><Polygon POINTS="2423 997 2361 992 2355 1068 2417 1073"/></Shape></Glyph></String>
          </TextLine>

          
          
          <TextLine ID="eSc_line_1796234" BASELINE="2257 938 2269 1178 2233 1272 2222 1465" HPOS="2184.0" VPOS="936.0" WIDTH="109.0" HEIGHT="530.0">
            <Shape><Polygon POINTS="2219 939 2231 1179 2198 1258 2184 1462 2246 1466 2256 1280 2293 1176 2281 936"/></Shape>
	    <String CONTENT=" חתם לבית " HPOS="2184.0" VPOS="936.0" WIDTH="109.0" HEIGHT="530.0"><Glyph ID="char_32" CONTENT=" " GC="1.0"><Shape><Polygon POINTS="2253 1339 2193 1336 2188 1407 2249 1410"/></Shape></Glyph><Glyph ID="char_33" CONTENT="ח" GC="1.0"><Shape><Polygon POINTS="2256 1284 2196 1281 2193 1336 2253 1339"/></Shape></Glyph><Glyph ID="char_34" CONTENT="ת" GC="1.0"><Shape><Polygon POINTS="2270 1240 2214 1219 2196 1281 2256 1284"/></Shape></Glyph><Glyph ID="char_35" CONTENT="ם" GC="1.0"><Shape><Polygon POINTS="2279 1216 2224 1195 2214 1219 2270 1240"/></Shape></Glyph><Glyph ID="char_36" CONTENT=" " GC="1.0"><Shape><Polygon POINTS="2286 1196 2231 1175 2224 1195 2279 1216"/></Shape></Glyph><Glyph ID="char_37" CONTENT="ל" GC="1.0"><Shape><Polygon POINTS="2291 1141 2229 1145 2231 1175 2286 1196"/></Shape></Glyph><Glyph ID="char_38" CONTENT="ב" GC="1.0"><Shape><Polygon POINTS="2289 1103 2227 1107 2229 1145 2291 1141"/></Shape></Glyph><Glyph ID="char_39" CONTENT="י" GC="1.0"><Shape><Polygon POINTS="2289 1099 2227 1103 2227 1107 2289 1103"/></Shape></Glyph><Glyph ID="char_40" CONTENT="ת" GC="1.0"><Shape><Polygon POINTS="2289 1091 2227 1095 2227 1103 2289 1099"/></Shape></Glyph><Glyph ID="char_41" CONTENT=" " GC="1.0"><Shape><Polygon POINTS="2284 1003 2222 1006 2227 1095 2289 1091"/></Shape></Glyph></String>
          </TextLine>

          
          
          <TextLine ID="eSc_line_1796235" BASELINE="2116 1049 2063 1512" HPOS="2026.0" VPOS="1044.0" WIDTH="114.0" HEIGHT="470.0">
            <Shape><Polygon POINTS="2079 1044 2026 1507 2087 1514 2140 1051"/></Shape>
	    <String CONTENT=" ה ומעל " HPOS="2026.0" VPOS="1044.0" WIDTH="114.0" HEIGHT="470.0"><Glyph ID="char_42" CONTENT=" " GC="1.0"><Shape><Polygon POINTS="2107 1341 2046 1334 2032 1454 2093 1461"/></Shape></Glyph><Glyph ID="char_43" CONTENT="ה" GC="1.0"><Shape><Polygon POINTS="2115 1270 2054 1263 2046 1334 2107 1341"/></Shape></Glyph><Glyph ID="char_44" CONTENT=" " GC="1.0"><Shape><Polygon POINTS="2117 1253 2056 1246 2054 1263 2115 1270"/></Shape></Glyph><Glyph ID="char_45" CONTENT="ו" GC="1.0"><Shape><Polygon POINTS="2120 1225 2059 1218 2056 1246 2117 1253"/></Shape></Glyph><Glyph ID="char_46" CONTENT="מ" GC="1.0"><Shape><Polygon POINTS="2123 1196 2062 1189 2059 1218 2120 1225"/></Shape></Glyph><Glyph ID="char_47" CONTENT="ע" GC="1.0"><Shape><Polygon POINTS="2127 1167 2066 1160 2062 1189 2123 1196"/></Shape></Glyph><Glyph ID="char_48" CONTENT="ל" GC="1.0"><Shape><Polygon POINTS="2130 1138 2069 1131 2066 1160 2127 1167"/></Shape></Glyph><Glyph ID="char_49" CONTENT=" " GC="1.0"><Shape><Polygon POINTS="2136 1084 2075 1077 2069 1131 2130 1138"/></Shape></Glyph></String>
          </TextLine>

          
          
          <TextLine ID="eSc_line_1796236" BASELINE="1923 1190 1905 1553" HPOS="1867.0" VPOS="1188.0" WIDTH="80.0" HEIGHT="366.0">
            <Shape><Polygon POINTS="1885 1188 1867 1551 1929 1554 1947 1191"/></Shape>
	    <String CONTENT=" ל בא " HPOS="1867.0" VPOS="1188.0" WIDTH="80.0" HEIGHT="366.0"><Glyph ID="char_50" CONTENT=" " GC="1.0"><Shape><Polygon POINTS="1931 1521 1869 1518 1867 1543 1929 1546"/></Shape></Glyph><Glyph ID="char_51" CONTENT="ל" GC="1.0"><Shape><Polygon POINTS="1932 1500 1870 1497 1869 1518 1931 1521"/></Shape></Glyph><Glyph ID="char_52" CONTENT=" " GC="1.0"><Shape><Polygon POINTS="1933 1479 1871 1476 1870 1497 1932 1500"/></Shape></Glyph><Glyph ID="char_53" CONTENT="ב" GC="1.0"><Shape><Polygon POINTS="1934 1453 1872 1450 1871 1476 1933 1479"/></Shape></Glyph><Glyph ID="char_54" CONTENT="א" GC="1.0"><Shape><Polygon POINTS="1938 1368 1876 1365 1872 1450 1934 1453"/></Shape></Glyph><Glyph ID="char_55" CONTENT=" " GC="1.0"><Shape><Polygon POINTS="1945 1237 1883 1234 1876 1365 1938 1368"/></Shape></Glyph></String>
          </TextLine>

          
        </TextBlock>
        

        
      </PrintSpace>
    </Page>
  </Layout>
</alto>