<?xml version='1.0' encoding='UTF-8'?>
<alto xmlns:xsi="http://www.w3.org/2001/XMLSchema-instance" xmlns="http://www.loc.gov/standards/alto/ns-v4#" xsi:schemaLocation="http://www.loc.gov/standards/alto/ns-v4# http://www.loc.gov/standards/alto/v4/alto-4-2.xsd">
  <Description>
    <MeasurementUnit>pixel</MeasurementUnit>
    <sourceImageInformation>
      <fileName>P812-Fg002-R-C01-R01-D19122012-T144758-LR924 _012.jpg</fileName>
      
    </sourceImageInformation>
  </Description>
  
  <Tags>
    <OtherTag ID="BT1443" LABEL="Parchment_or_papyrus" DESCRIPTION="block type Parchment_or_papyrus"/><OtherTag ID="BT2" LABEL="Main" DESCRIPTION="block type Main"/>
    
  </Tags>
  
  <Layout>
    <Page WIDTH="3608" HEIGHT="2706" PHYSICAL_IMG_NR="351" ID="eSc_dummypage_">
      <PrintSpace HPOS="0" VPOS="0" WIDTH="3608" HEIGHT="2706">
        
        <TextBlock HPOS="1081.0" VPOS="1031.0" WIDTH="1865.0" HEIGHT="1117.0" ID="eSc_textblock_bed25b78" TAGREFS="BT2">
          <Shape><Polygon POINTS="1081 1031 1081 2148 2946 2148 2946 1031"/></Shape>
          
          
          <TextLine ID="eSc_line_1773865" BASELINE="1188 1164 1549 1172 2002 1188 2049 1197 2176 1201" HPOS="1186.0" VPOS="1073.0" WIDTH="992.0" HEIGHT="188.0">
            <Shape><Polygon POINTS="1190 1073 1551 1081 2005 1097 2066 1108 2178 1110 2174 1261 2037 1256 1999 1248 1547 1232 1186 1224"/></Shape>
	    <String CONTENT=" וך אחר אשר למדנוהו" HPOS="1186.0" VPOS="1073.0" WIDTH="992.0" HEIGHT="188.0"><Glyph ID="char_0" CONTENT=" " GC="1.0"><Shape><Polygon POINTS="2137 1109 2132 1259 2163 1261 2168 1110"/></Shape></Glyph><Glyph ID="char_1" CONTENT="ו" GC="1.0"><Shape><Polygon POINTS="2086 1108 2081 1258 2132 1259 2137 1109"/></Shape></Glyph><Glyph ID="char_2" CONTENT="ך" GC="1.0"><Shape><Polygon POINTS="2049 1105 2021 1253 2081 1258 2086 1108"/></Shape></Glyph><Glyph ID="char_3" CONTENT=" " GC="1.0"><Shape><Polygon POINTS="1985 1096 1979 1247 2021 1253 2049 1105"/></Shape></Glyph><Glyph ID="char_4" CONTENT="א" GC="1.0"><Shape><Polygon POINTS="1914 1094 1909 1245 1979 1247 1985 1096"/></Shape></Glyph><Glyph ID="char_5" CONTENT="ח" GC="1.0"><Shape><Polygon POINTS="1843 1091 1838 1242 1909 1245 1914 1094"/></Shape></Glyph><Glyph ID="char_6" CONTENT="ר" GC="1.0"><Shape><Polygon POINTS="1802 1090 1797 1241 1838 1242 1843 1091"/></Shape></Glyph><Glyph ID="char_7" CONTENT=" " GC="1.0"><Shape><Polygon POINTS="1751 1088 1746 1239 1797 1241 1802 1090"/></Shape></Glyph><Glyph ID="char_8" CONTENT="א" GC="1.0"><Shape><Polygon POINTS="1700 1086 1695 1237 1746 1239 1751 1088"/></Shape></Glyph><Glyph ID="char_9" CONTENT="ש" GC="1.0"><Shape><Polygon POINTS="1628 1084 1623 1235 1695 1237 1700 1086"/></Shape></Glyph><Glyph ID="char_10" CONTENT="ר" GC="1.0"><Shape><Polygon POINTS="1557 1081 1552 1232 1623 1235 1628 1084"/></Shape></Glyph><Glyph ID="char_11" CONTENT=" " GC="1.0"><Shape><Polygon POINTS="1505 1080 1501 1231 1552 1232 1557 1081"/></Shape></Glyph><Glyph ID="char_12" CONTENT="ל" GC="1.0"><Shape><Polygon POINTS="1444 1079 1440 1230 1501 1231 1505 1080"/></Shape></Glyph><Glyph ID="char_13" CONTENT="מ" GC="1.0"><Shape><Polygon POINTS="1393 1078 1389 1229 1440 1230 1444 1079"/></Shape></Glyph><Glyph ID="char_14" CONTENT="ד" GC="1.0"><Shape><Polygon POINTS="1362 1077 1358 1228 1389 1229 1393 1078"/></Shape></Glyph><Glyph ID="char_15" CONTENT="נ" GC="1.0"><Shape><Polygon POINTS="1342 1076 1338 1227 1358 1228 1362 1077"/></Shape></Glyph><Glyph ID="char_16" CONTENT="ו" GC="1.0"><Shape><Polygon POINTS="1301 1075 1297 1226 1338 1227 1342 1076"/></Shape></Glyph><Glyph ID="char_17" CONTENT="ה" GC="1.0"><Shape><Polygon POINTS="1260 1075 1256 1226 1297 1226 1301 1075"/></Shape></Glyph><Glyph ID="char_18" CONTENT="ו" GC="1.0"><Shape><Polygon POINTS="1199 1073 1195 1224 1256 1226 1260 1075"/></Shape></Glyph></String>
          </TextLine>

          
          
          <TextLine ID="eSc_line_1773866" BASELINE="1377 1314 1691 1328 1887 1343 2164 1353" HPOS="1374.0" VPOS="1223.0" WIDTH="793.0" HEIGHT="190.0">
            <Shape><Polygon POINTS="1381 1223 1695 1237 1893 1252 2167 1262 2161 1413 1882 1403 1688 1388 1374 1374"/></Shape>
	    <String CONTENT=" ששה יובלי שנים" HPOS="1374.0" VPOS="1223.0" WIDTH="793.0" HEIGHT="190.0"><Glyph ID="char_19" CONTENT=" " GC="1.0"><Shape><Polygon POINTS="2104 1260 2099 1411 2140 1412 2145 1261"/></Shape></Glyph><Glyph ID="char_20" CONTENT="ש" GC="1.0"><Shape><Polygon POINTS="2084 1259 2079 1410 2099 1411 2104 1260"/></Shape></Glyph><Glyph ID="char_21" CONTENT="ש" GC="1.0"><Shape><Polygon POINTS="2043 1257 2038 1409 2079 1410 2084 1259"/></Shape></Glyph><Glyph ID="char_22" CONTENT="ה" GC="1.0"><Shape><Polygon POINTS="1982 1255 1977 1406 2038 1409 2043 1257"/></Shape></Glyph><Glyph ID="char_23" CONTENT=" " GC="1.0"><Shape><Polygon POINTS="1941 1254 1936 1405 1977 1406 1982 1255"/></Shape></Glyph><Glyph ID="char_24" CONTENT="י" GC="1.0"><Shape><Polygon POINTS="1900 1252 1895 1403 1936 1405 1941 1254"/></Shape></Glyph><Glyph ID="char_25" CONTENT="ו" GC="1.0"><Shape><Polygon POINTS="1853 1249 1842 1400 1895 1403 1900 1252"/></Shape></Glyph><Glyph ID="char_26" CONTENT="ב" GC="1.0"><Shape><Polygon POINTS="1802 1245 1791 1396 1842 1400 1853 1249"/></Shape></Glyph><Glyph ID="char_27" CONTENT="ל" GC="1.0"><Shape><Polygon POINTS="1750 1241 1739 1392 1791 1396 1802 1245"/></Shape></Glyph><Glyph ID="char_28" CONTENT="י" GC="1.0"><Shape><Polygon POINTS="1700 1237 1688 1388 1739 1392 1750 1241"/></Shape></Glyph><Glyph ID="char_29" CONTENT=" " GC="1.0"><Shape><Polygon POINTS="1646 1235 1639 1386 1688 1388 1700 1237"/></Shape></Glyph><Glyph ID="char_30" CONTENT="ש" GC="1.0"><Shape><Polygon POINTS="1595 1233 1588 1384 1639 1386 1646 1235"/></Shape></Glyph><Glyph ID="char_31" CONTENT="נ" GC="1.0"><Shape><Polygon POINTS="1544 1230 1537 1381 1588 1384 1595 1233"/></Shape></Glyph><Glyph ID="char_32" CONTENT="י" GC="1.0"><Shape><Polygon POINTS="1493 1228 1486 1379 1537 1381 1544 1230"/></Shape></Glyph><Glyph ID="char_33" CONTENT="ם" GC="1.0"><Shape><Polygon POINTS="1411 1224 1404 1375 1486 1379 1493 1228"/></Shape></Glyph></String>
          </TextLine>

          
          
          <TextLine ID="eSc_line_1773867" BASELINE="1271 1463 1659 1474 1921 1499 2189 1508 2514 1531 2775 1535 2832 1540" HPOS="1269.0" VPOS="1372.0" WIDTH="1570.0" HEIGHT="228.0">
            <Shape><Polygon POINTS="1273 1372 1661 1383 1929 1408 2192 1417 2520 1440 2776 1444 2839 1449 2826 1600 2774 1595 2509 1591 2186 1568 1915 1559 1657 1534 1269 1523"/></Shape>
	    <String CONTENT=" ץ אל תוך בני האדם ויעד על כולם" HPOS="1269.0" VPOS="1372.0" WIDTH="1570.0" HEIGHT="228.0"><Glyph ID="char_34" CONTENT=" " GC="1.0"><Shape><Polygon POINTS="2788 1445 2774 1595 2815 1599 2828 1448"/></Shape></Glyph><Glyph ID="char_35" CONTENT="ץ" GC="1.0"><Shape><Polygon POINTS="2741 1443 2739 1594 2774 1595 2788 1445"/></Shape></Glyph><Glyph ID="char_36" CONTENT=" " GC="1.0"><Shape><Polygon POINTS="2690 1443 2688 1594 2739 1594 2741 1443"/></Shape></Glyph><Glyph ID="char_37" CONTENT="א" GC="1.0"><Shape><Polygon POINTS="2639 1442 2637 1593 2688 1594 2690 1443"/></Shape></Glyph><Glyph ID="char_38" CONTENT="ל" GC="1.0"><Shape><Polygon POINTS="2599 1441 2597 1592 2637 1593 2639 1442"/></Shape></Glyph><Glyph ID="char_39" CONTENT=" " GC="1.0"><Shape><Polygon POINTS="2558 1441 2556 1592 2597 1592 2599 1441"/></Shape></Glyph><Glyph ID="char_40" CONTENT="ת" GC="1.0"><Shape><Polygon POINTS="2517 1440 2515 1591 2556 1592 2558 1441"/></Shape></Glyph><Glyph ID="char_41" CONTENT="ו" GC="1.0"><Shape><Polygon POINTS="2482 1437 2472 1588 2515 1591 2517 1440"/></Shape></Glyph><Glyph ID="char_42" CONTENT="ך" GC="1.0"><Shape><Polygon POINTS="2431 1434 2421 1585 2472 1588 2482 1437"/></Shape></Glyph><Glyph ID="char_43" CONTENT=" " GC="1.0"><Shape><Polygon POINTS="2380 1430 2370 1581 2421 1585 2431 1434"/></Shape></Glyph><Glyph ID="char_44" CONTENT="ב" GC="1.0"><Shape><Polygon POINTS="2331 1427 2320 1578 2370 1581 2380 1430"/></Shape></Glyph><Glyph ID="char_45" CONTENT="נ" GC="1.0"><Shape><Polygon POINTS="2300 1425 2289 1575 2320 1578 2331 1427"/></Shape></Glyph><Glyph ID="char_46" CONTENT="י" GC="1.0"><Shape><Polygon POINTS="2270 1422 2259 1573 2289 1575 2300 1425"/></Shape></Glyph><Glyph ID="char_47" CONTENT=" " GC="1.0"><Shape><Polygon POINTS="2229 1420 2218 1570 2259 1573 2270 1422"/></Shape></Glyph><Glyph ID="char_48" CONTENT="ה" GC="1.0"><Shape><Polygon POINTS="2165 1416 2159 1567 2218 1570 2229 1420"/></Shape></Glyph><Glyph ID="char_49" CONTENT="א" GC="1.0"><Shape><Polygon POINTS="2114 1414 2109 1565 2159 1567 2165 1416"/></Shape></Glyph><Glyph ID="char_50" CONTENT="ד" GC="1.0"><Shape><Polygon POINTS="2053 1412 2048 1563 2109 1565 2114 1414"/></Shape></Glyph><Glyph ID="char_51" CONTENT="ם" GC="1.0"><Shape><Polygon POINTS="1982 1410 1977 1561 2048 1563 2053 1412"/></Shape></Glyph><Glyph ID="char_52" CONTENT=" " GC="1.0"><Shape><Polygon POINTS="1927 1408 1913 1559 1977 1561 1982 1410"/></Shape></Glyph><Glyph ID="char_53" CONTENT="ו" GC="1.0"><Shape><Polygon POINTS="1886 1404 1872 1555 1913 1559 1927 1408"/></Shape></Glyph><Glyph ID="char_54" CONTENT="י" GC="1.0"><Shape><Polygon POINTS="1836 1399 1821 1550 1872 1555 1886 1404"/></Shape></Glyph><Glyph ID="char_55" CONTENT="ע" GC="1.0"><Shape><Polygon POINTS="1775 1394 1761 1544 1821 1550 1836 1399"/></Shape></Glyph><Glyph ID="char_56" CONTENT="ד" GC="1.0"><Shape><Polygon POINTS="1725 1389 1711 1539 1761 1544 1775 1394"/></Shape></Glyph><Glyph ID="char_57" CONTENT=" " GC="1.0"><Shape><Polygon POINTS="1694 1386 1680 1536 1711 1539 1725 1389"/></Shape></Glyph><Glyph ID="char_58" CONTENT="ע" GC="1.0"><Shape><Polygon POINTS="1638 1382 1633 1533 1680 1536 1694 1386"/></Shape></Glyph><Glyph ID="char_59" CONTENT="ל" GC="1.0"><Shape><Polygon POINTS="1567 1380 1562 1531 1633 1533 1638 1382"/></Shape></Glyph><Glyph ID="char_60" CONTENT=" " GC="1.0"><Shape><Polygon POINTS="1506 1379 1501 1530 1562 1531 1567 1380"/></Shape></Glyph><Glyph ID="char_61" CONTENT="כ" GC="1.0"><Shape><Polygon POINTS="1456 1377 1451 1528 1501 1530 1506 1379"/></Shape></Glyph><Glyph ID="char_62" CONTENT="ו" GC="1.0"><Shape><Polygon POINTS="1415 1376 1410 1527 1451 1528 1456 1377"/></Shape></Glyph><Glyph ID="char_63" CONTENT="ל" GC="1.0"><Shape><Polygon POINTS="1364 1375 1359 1526 1410 1527 1415 1376"/></Shape></Glyph><Glyph ID="char_64" CONTENT="ם" GC="1.0"><Shape><Polygon POINTS="1293 1373 1288 1524 1359 1526 1364 1375"/></Shape></Glyph></String>
          </TextLine>

          
          
          <TextLine ID="eSc_line_1773868" BASELINE="1371 1619 1420 1630 1472 1634 1576 1634 1871 1659 1925 1659 2284 1679 2805 1695" HPOS="1357.0" VPOS="1530.0" WIDTH="1450.0" HEIGHT="225.0">
            <Shape><Polygon POINTS="1390 1530 1439 1541 1478 1543 1576 1543 1878 1568 1925 1568 2289 1588 2807 1604 2803 1755 2280 1739 1925 1719 1865 1719 1576 1694 1467 1694 1406 1688 1357 1677"/></Shape>
	    <String CONTENT=" וגם על העירים ויכתוב את כול" HPOS="1357.0" VPOS="1530.0" WIDTH="1450.0" HEIGHT="225.0"><Glyph ID="char_65" CONTENT=" " GC="1.0"><Shape><Polygon POINTS="2755 1602 2751 1753 2782 1754 2786 1603"/></Shape></Glyph><Glyph ID="char_66" CONTENT="ו" GC="1.0"><Shape><Polygon POINTS="2735 1602 2731 1753 2751 1753 2755 1602"/></Shape></Glyph><Glyph ID="char_67" CONTENT="ג" GC="1.0"><Shape><Polygon POINTS="2694 1601 2690 1752 2731 1753 2735 1602"/></Shape></Glyph><Glyph ID="char_68" CONTENT="ם" GC="1.0"><Shape><Polygon POINTS="2622 1598 2618 1749 2690 1752 2694 1601"/></Shape></Glyph><Glyph ID="char_69" CONTENT=" " GC="1.0"><Shape><Polygon POINTS="2561 1596 2557 1747 2618 1749 2622 1598"/></Shape></Glyph><Glyph ID="char_70" CONTENT="ע" GC="1.0"><Shape><Polygon POINTS="2511 1595 2506 1746 2557 1747 2561 1596"/></Shape></Glyph><Glyph ID="char_71" CONTENT="ל" GC="1.0"><Shape><Polygon POINTS="2450 1593 2445 1744 2506 1746 2511 1595"/></Shape></Glyph><Glyph ID="char_72" CONTENT=" " GC="1.0"><Shape><Polygon POINTS="2389 1591 2384 1742 2445 1744 2450 1593"/></Shape></Glyph><Glyph ID="char_73" CONTENT="ה" GC="1.0"><Shape><Polygon POINTS="2328 1589 2323 1740 2384 1742 2389 1591"/></Shape></Glyph><Glyph ID="char_74" CONTENT="ע" GC="1.0"><Shape><Polygon POINTS="2279 1587 2270 1738 2323 1740 2328 1589"/></Shape></Glyph><Glyph ID="char_75" CONTENT="י" GC="1.0"><Shape><Polygon POINTS="2228 1585 2220 1736 2270 1738 2279 1587"/></Shape></Glyph><Glyph ID="char_76" CONTENT="ר" GC="1.0"><Shape><Polygon POINTS="2167 1581 2159 1732 2220 1736 2228 1585"/></Shape></Glyph><Glyph ID="char_77" CONTENT="י" GC="1.0"><Shape><Polygon POINTS="2096 1577 2088 1728 2159 1732 2167 1581"/></Shape></Glyph><Glyph ID="char_78" CONTENT="ם" GC="1.0"><Shape><Polygon POINTS="2034 1574 2026 1725 2088 1728 2096 1577"/></Shape></Glyph><Glyph ID="char_79" CONTENT=" " GC="1.0"><Shape><Polygon POINTS="1984 1571 1976 1722 2026 1725 2034 1574"/></Shape></Glyph><Glyph ID="char_80" CONTENT="ו" GC="1.0"><Shape><Polygon POINTS="1933 1568 1925 1719 1976 1722 1984 1571"/></Shape></Glyph><Glyph ID="char_81" CONTENT="י" GC="1.0"><Shape><Polygon POINTS="1887 1568 1887 1719 1925 1719 1933 1568"/></Shape></Glyph><Glyph ID="char_82" CONTENT="כ" GC="1.0"><Shape><Polygon POINTS="1844 1565 1831 1716 1887 1719 1887 1568"/></Shape></Glyph><Glyph ID="char_83" CONTENT="ת" GC="1.0"><Shape><Polygon POINTS="1793 1561 1781 1712 1831 1716 1844 1565"/></Shape></Glyph><Glyph ID="char_84" CONTENT="ו" GC="1.0"><Shape><Polygon POINTS="1743 1557 1730 1707 1781 1712 1793 1561"/></Shape></Glyph><Glyph ID="char_85" CONTENT="ב" GC="1.0"><Shape><Polygon POINTS="1702 1553 1689 1704 1730 1707 1743 1557"/></Shape></Glyph><Glyph ID="char_86" CONTENT=" " GC="1.0"><Shape><Polygon POINTS="1672 1551 1659 1701 1689 1704 1702 1553"/></Shape></Glyph><Glyph ID="char_87" CONTENT="א" GC="1.0"><Shape><Polygon POINTS="1610 1546 1597 1696 1659 1701 1672 1551"/></Shape></Glyph><Glyph ID="char_88" CONTENT="ת" GC="1.0"><Shape><Polygon POINTS="1552 1543 1552 1694 1597 1696 1610 1546"/></Shape></Glyph><Glyph ID="char_89" CONTENT=" " GC="1.0"><Shape><Polygon POINTS="1511 1543 1511 1694 1552 1694 1552 1543"/></Shape></Glyph><Glyph ID="char_90" CONTENT="כ" GC="1.0"><Shape><Polygon POINTS="1477 1543 1466 1694 1511 1694 1511 1543"/></Shape></Glyph><Glyph ID="char_91" CONTENT="ו" GC="1.0"><Shape><Polygon POINTS="1441 1541 1406 1688 1466 1694 1477 1543"/></Shape></Glyph><Glyph ID="char_92" CONTENT="ל" GC="1.0"><Shape><Polygon POINTS="1370 1618 1419 1629"/></Shape></Glyph></String>
          </TextLine>

          
          
          <TextLine ID="eSc_line_1773869" BASELINE="1095 1731 1362 1772 1483 1776 1598 1788 1855 1799 2027 1822 2115 1824 2410 1842 2669 1846" HPOS="1085.0" VPOS="1641.0" WIDTH="1585.0" HEIGHT="265.0">
            <Shape><Polygon POINTS="1108 1641 1375 1682 1485 1685 1607 1697 1858 1708 2039 1732 2117 1733 2415 1751 2670 1755 2668 1906 2406 1902 2113 1884 2018 1881 1852 1859 1591 1848 1481 1836 1352 1831 1085 1790"/></Shape>
	    <String CONTENT=" ים ואת דרכי צבאם וא שים" HPOS="1085.0" VPOS="1641.0" WIDTH="1585.0" HEIGHT="265.0"><Glyph ID="char_93" CONTENT=" " GC="1.0"><Shape><Polygon POINTS="2599 1754 2597 1905 2648 1906 2650 1755"/></Shape></Glyph><Glyph ID="char_94" CONTENT="י" GC="1.0"><Shape><Polygon POINTS="2548 1753 2546 1904 2597 1905 2599 1754"/></Shape></Glyph><Glyph ID="char_95" CONTENT="ם" GC="1.0"><Shape><Polygon POINTS="2488 1752 2486 1903 2546 1904 2548 1753"/></Shape></Glyph><Glyph ID="char_96" CONTENT=" " GC="1.0"><Shape><Polygon POINTS="2417 1751 2415 1902 2486 1903 2488 1752"/></Shape></Glyph><Glyph ID="char_97" CONTENT="ו" GC="1.0"><Shape><Polygon POINTS="2370 1748 2361 1899 2415 1902 2417 1751"/></Shape></Glyph><Glyph ID="char_98" CONTENT="א" GC="1.0"><Shape><Polygon POINTS="2309 1745 2300 1896 2361 1899 2370 1748"/></Shape></Glyph><Glyph ID="char_99" CONTENT="ת" GC="1.0"><Shape><Polygon POINTS="2259 1742 2249 1892 2300 1896 2309 1745"/></Shape></Glyph><Glyph ID="char_100" CONTENT=" " GC="1.0"><Shape><Polygon POINTS="2219 1739 2209 1890 2249 1892 2259 1742"/></Shape></Glyph><Glyph ID="char_101" CONTENT="ד" GC="1.0"><Shape><Polygon POINTS="2158 1735 2149 1886 2209 1890 2219 1739"/></Shape></Glyph><Glyph ID="char_102" CONTENT="ר" GC="1.0"><Shape><Polygon POINTS="2114 1733 2111 1884 2149 1886 2158 1735"/></Shape></Glyph><Glyph ID="char_103" CONTENT="כ" GC="1.0"><Shape><Polygon POINTS="2073 1732 2070 1883 2111 1884 2114 1733"/></Shape></Glyph><Glyph ID="char_104" CONTENT="י" GC="1.0"><Shape><Polygon POINTS="2033 1731 2030 1881 2070 1883 2073 1732"/></Shape></Glyph><Glyph ID="char_105" CONTENT=" " GC="1.0"><Shape><Polygon POINTS="1993 1726 1973 1875 2030 1881 2033 1731"/></Shape></Glyph><Glyph ID="char_106" CONTENT="צ" GC="1.0"><Shape><Polygon POINTS="1932 1718 1912 1867 1973 1875 1993 1726"/></Shape></Glyph><Glyph ID="char_107" CONTENT="ב" GC="1.0"><Shape><Polygon POINTS="1872 1710 1852 1859 1912 1867 1932 1718"/></Shape></Glyph><Glyph ID="char_108" CONTENT="א" GC="1.0"><Shape><Polygon POINTS="1803 1706 1796 1857 1852 1859 1872 1710"/></Shape></Glyph><Glyph ID="char_109" CONTENT="ם" GC="1.0"><Shape><Polygon POINTS="1732 1702 1725 1854 1796 1857 1803 1706"/></Shape></Glyph><Glyph ID="char_110" CONTENT=" " GC="1.0"><Shape><Polygon POINTS="1682 1700 1675 1852 1725 1854 1732 1702"/></Shape></Glyph><Glyph ID="char_111" CONTENT="ו" GC="1.0"><Shape><Polygon POINTS="1641 1698 1634 1850 1675 1852 1682 1700"/></Shape></Glyph><Glyph ID="char_112" CONTENT="א" GC="1.0"><Shape><Polygon POINTS="1566 1693 1550 1844 1634 1850 1641 1698"/></Shape></Glyph><Glyph ID="char_113" CONTENT=" " GC="1.0"><Shape><Polygon POINTS="1368 1681 1363 1831 1550 1844 1566 1693"/></Shape></Glyph><Glyph ID="char_114" CONTENT="ש" GC="1.0"><Shape><Polygon POINTS="1229 1660 1205 1808 1363 1831 1368 1681"/></Shape></Glyph><Glyph ID="char_115" CONTENT="י" GC="1.0"><Shape><Polygon POINTS="1178 1652 1155 1801 1205 1808 1229 1660"/></Shape></Glyph><Glyph ID="char_116" CONTENT="ם" GC="1.0"><Shape><Polygon POINTS="1118 1643 1094 1791 1155 1801 1178 1652"/></Shape></Glyph></String>
          </TextLine>

          
          
          <TextLine ID="eSc_line_1773871" BASELINE="1718 1932 1822 1939 2038 1966 2083 1977 2194 1988 2439 2000" HPOS="1713.0" VPOS="1841.0" WIDTH="730.0" HEIGHT="219.0">
            <Shape><Polygon POINTS="1724 1841 1828 1848 2049 1876 2104 1888 2202 1897 2443 1909 2436 2060 2188 2048 2068 2035 2030 2025 1817 1999 1713 1992"/></Shape>
	    <String CONTENT=" שר לוא ישגו ה " HPOS="1713.0" VPOS="1841.0" WIDTH="730.0" HEIGHT="219.0"><Glyph ID="char_117" CONTENT=" " GC="1.0"><Shape><Polygon POINTS="2391 1906 2384 2057 2425 2059 2432 1908"/></Shape></Glyph><Glyph ID="char_118" CONTENT="ש" GC="1.0"><Shape><Polygon POINTS="2340 1904 2333 2055 2384 2057 2391 1906"/></Shape></Glyph><Glyph ID="char_119" CONTENT="ר" GC="1.0"><Shape><Polygon POINTS="2299 1902 2292 2053 2333 2055 2340 1904"/></Shape></Glyph><Glyph ID="char_120" CONTENT=" " GC="1.0"><Shape><Polygon POINTS="2259 1900 2251 2051 2292 2053 2299 1902"/></Shape></Glyph><Glyph ID="char_121" CONTENT="ל" GC="1.0"><Shape><Polygon POINTS="2218 1898 2210 2049 2251 2051 2259 1900"/></Shape></Glyph><Glyph ID="char_122" CONTENT="ו" GC="1.0"><Shape><Polygon POINTS="2171 1894 2156 2045 2210 2049 2218 1898"/></Shape></Glyph><Glyph ID="char_123" CONTENT="א" GC="1.0"><Shape><Polygon POINTS="2130 1890 2116 2040 2156 2045 2171 1894"/></Shape></Glyph><Glyph ID="char_124" CONTENT=" " GC="1.0"><Shape><Polygon POINTS="2093 1886 2057 2032 2116 2040 2130 1890"/></Shape></Glyph><Glyph ID="char_125" CONTENT="י" GC="1.0"><Shape><Polygon POINTS="2043 1875 2025 2024 2057 2032 2093 1886"/></Shape></Glyph><Glyph ID="char_126" CONTENT="ש" GC="1.0"><Shape><Polygon POINTS="1982 1867 1963 2017 2025 2024 2043 1875"/></Shape></Glyph><Glyph ID="char_127" CONTENT="ג" GC="1.0"><Shape><Polygon POINTS="1921 1860 1903 2009 1963 2017 1982 1867"/></Shape></Glyph><Glyph ID="char_128" CONTENT="ו" GC="1.0"><Shape><Polygon POINTS="1861 1852 1842 2002 1903 2009 1921 1860"/></Shape></Glyph><Glyph ID="char_129" CONTENT=" " GC="1.0"><Shape><Polygon POINTS="1796 1846 1784 1997 1842 2002 1861 1852"/></Shape></Glyph><Glyph ID="char_130" CONTENT="ה" GC="1.0"><Shape><Polygon POINTS="1755 1843 1743 1994 1784 1997 1796 1846"/></Shape></Glyph><Glyph ID="char_131" CONTENT=" " GC="1.0"><Shape><Polygon POINTS="1717 1931 1747 1933"/></Shape></Glyph></String>
          </TextLine>

          
        </TextBlock>
        

        
      </PrintSpace>
    </Page>
  </Layout>
</alto>