<?xml version='1.0' encoding='UTF-8'?>
<alto xmlns:xsi="http://www.w3.org/2001/XMLSchema-instance" xmlns="http://www.loc.gov/standards/alto/ns-v4#" xsi:schemaLocation="http://www.loc.gov/standards/alto/ns-v4# http://www.loc.gov/standards/alto/v4/alto-4-2.xsd">
  <Description>
    <MeasurementUnit>pixel</MeasurementUnit>
    <sourceImageInformation>
      <fileName>P823-Fg015-R-C02-R02-D23072012-T141945-LR924_012_F.jpg</fileName>
      
    </sourceImageInformation>
  </Description>
  
  <Tags>
    <OtherTag ID="BT1443" LABEL="Parchment_or_papyrus" DESCRIPTION="block type Parchment_or_papyrus"/><OtherTag ID="BT2" LABEL="Main" DESCRIPTION="block type Main"/>
    
  </Tags>
  
  <Layout>
    <Page WIDTH="3608" HEIGHT="2706" PHYSICAL_IMG_NR="321" ID="eSc_dummypage_">
      <PrintSpace HPOS="0" VPOS="0" WIDTH="3608" HEIGHT="2706">
        
        <TextBlock HPOS="1506.0" VPOS="660.0" WIDTH="929.0" HEIGHT="1553.0" ID="eSc_textblock_32ef9b3d" TAGREFS="BT2">
          <Shape><Polygon POINTS="1506 660 1506 2213 2435 2213 2435 660"/></Shape>
          
          
          <TextLine ID="eSc_line_1791003" BASELINE="1840 791 1900 786 1961 786 2424 798 2399 798" HPOS="1828.0" VPOS="649.0" WIDTH="599.0" HEIGHT="285.0">
            <Shape><Polygon POINTS="1828 655 1888 650 1961 649 2427 661 2399 934 2421 888 1961 876 1907 876 1847 881"/></Shape>
	    <String CONTENT=" לג ובליל " HPOS="1828.0" VPOS="649.0" WIDTH="599.0" HEIGHT="285.0"><Glyph ID="char_0" CONTENT=" " GC="1.0"><Shape><Polygon POINTS="2414 661 2410 828 2406 660 2406 862"/></Shape></Glyph><Glyph ID="char_1" CONTENT="ל" GC="1.0"><Shape><Polygon POINTS="2368 659 2362 886 2410 828 2414 661"/></Shape></Glyph><Glyph ID="char_2" CONTENT="ג" GC="1.0"><Shape><Polygon POINTS="2275 657 2269 884 2362 886 2368 659"/></Shape></Glyph><Glyph ID="char_3" CONTENT=" " GC="1.0"><Shape><Polygon POINTS="2198 655 2192 882 2269 884 2275 657"/></Shape></Glyph><Glyph ID="char_4" CONTENT="ו" GC="1.0"><Shape><Polygon POINTS="2136 654 2130 880 2192 882 2198 655"/></Shape></Glyph><Glyph ID="char_5" CONTENT="ב" GC="1.0"><Shape><Polygon POINTS="2074 652 2068 879 2130 880 2136 654"/></Shape></Glyph><Glyph ID="char_6" CONTENT="ל" GC="1.0"><Shape><Polygon POINTS="2028 651 2022 878 2068 879 2074 652"/></Shape></Glyph><Glyph ID="char_7" CONTENT="י" GC="1.0"><Shape><Polygon POINTS="1948 649 1948 876 2022 878 2028 651"/></Shape></Glyph><Glyph ID="char_8" CONTENT="ל" GC="1.0"><Shape><Polygon POINTS="1875 651 1893 877 1948 876 1948 649"/></Shape></Glyph><Glyph ID="char_9" CONTENT=" " GC="1.0"><Shape><Polygon POINTS="1829 655 1847 881 1893 877 1875 651"/></Shape></Glyph></String>
          </TextLine>

          
          
          <TextLine ID="eSc_line_1791004" BASELINE="1544 1030 1754 1037 2011 1057 2126 1057 2392 1046" HPOS="1540.0" VPOS="893.0" WIDTH="855.0" HEIGHT="254.0">
            <Shape><Polygon POINTS="1548 893 1758 900 2021 921 2126 920 2386 909 2395 1136 2126 1147 2003 1147 1750 1127 1540 1120"/></Shape>
	    <String CONTENT=" ציר מנ נהורה לש " HPOS="1540.0" VPOS="893.0" WIDTH="855.0" HEIGHT="254.0"><Glyph ID="char_10" CONTENT=" " GC="1.0"><Shape><Polygon POINTS="2354 910 2364 1137 2394 1136 2384 909"/></Shape></Glyph><Glyph ID="char_11" CONTENT="צ" GC="1.0"><Shape><Polygon POINTS="2323 912 2333 1139 2364 1137 2354 910"/></Shape></Glyph><Glyph ID="char_12" CONTENT="י" GC="1.0"><Shape><Polygon POINTS="2277 914 2287 1140 2333 1139 2323 912"/></Shape></Glyph><Glyph ID="char_13" CONTENT="ר" GC="1.0"><Shape><Polygon POINTS="2215 916 2225 1143 2287 1140 2277 914"/></Shape></Glyph><Glyph ID="char_14" CONTENT=" " GC="1.0"><Shape><Polygon POINTS="2184 918 2194 1144 2225 1143 2215 916"/></Shape></Glyph><Glyph ID="char_15" CONTENT="מ" GC="1.0"><Shape><Polygon POINTS="2138 919 2148 1146 2194 1144 2184 918"/></Shape></Glyph><Glyph ID="char_16" CONTENT="נ" GC="1.0"><Shape><Polygon POINTS="2098 920 2098 1147 2148 1146 2138 919"/></Shape></Glyph><Glyph ID="char_17" CONTENT=" " GC="1.0"><Shape><Polygon POINTS="2051 921 2051 1147 2098 1147 2098 920"/></Shape></Glyph><Glyph ID="char_18" CONTENT="נ" GC="1.0"><Shape><Polygon POINTS="2016 921 1998 1147 2051 1147 2051 921"/></Shape></Glyph><Glyph ID="char_19" CONTENT="ה" GC="1.0"><Shape><Polygon POINTS="1954 916 1936 1142 1998 1147 2016 921"/></Shape></Glyph><Glyph ID="char_20" CONTENT="ו" GC="1.0"><Shape><Polygon POINTS="1877 910 1860 1136 1936 1142 1954 916"/></Shape></Glyph><Glyph ID="char_21" CONTENT="ר" GC="1.0"><Shape><Polygon POINTS="1800 903 1783 1130 1860 1136 1877 910"/></Shape></Glyph><Glyph ID="char_22" CONTENT="ה" GC="1.0"><Shape><Polygon POINTS="1733 899 1724 1126 1783 1130 1800 903"/></Shape></Glyph><Glyph ID="char_23" CONTENT=" " GC="1.0"><Shape><Polygon POINTS="1672 897 1663 1124 1724 1126 1733 899"/></Shape></Glyph><Glyph ID="char_24" CONTENT="ל" GC="1.0"><Shape><Polygon POINTS="1595 895 1587 1122 1663 1124 1672 897"/></Shape></Glyph><Glyph ID="char_25" CONTENT="ש" GC="1.0"><Shape><Polygon POINTS="1543 1029 1589 1030"/></Shape></Glyph><Glyph ID="char_26" CONTENT=" " GC="1.0"><Shape><Polygon POINTS="1543 1029 1543 1029"/></Shape></Glyph></String>
          </TextLine>

          
          
          <TextLine ID="eSc_line_1791005" BASELINE="1483 1267 1578 1276 1754 1278 1909 1285 2097 1283 2412 1285" HPOS="1474.0" VPOS="1131.0" WIDTH="938.0" HEIGHT="244.0">
            <Shape><Polygon POINTS="1495 1131 1590 1140 1755 1141 1915 1148 2095 1146 2412 1148 2411 1375 2097 1373 1904 1375 1752 1368 1569 1366 1474 1357"/></Shape>
	    <String CONTENT=" עא תליתיא ואניר " HPOS="1474.0" VPOS="1131.0" WIDTH="938.0" HEIGHT="244.0"><Glyph ID="char_27" CONTENT=" " GC="1.0"><Shape><Polygon POINTS="2336 1148 2335 1375 2396 1375 2397 1148"/></Shape></Glyph><Glyph ID="char_28" CONTENT="ע" GC="1.0"><Shape><Polygon POINTS="2275 1147 2274 1374 2335 1375 2336 1148"/></Shape></Glyph><Glyph ID="char_29" CONTENT="א" GC="1.0"><Shape><Polygon POINTS="2214 1147 2213 1374 2274 1374 2275 1147"/></Shape></Glyph><Glyph ID="char_30" CONTENT=" " GC="1.0"><Shape><Polygon POINTS="2168 1146 2167 1373 2213 1374 2214 1147"/></Shape></Glyph><Glyph ID="char_31" CONTENT="ת" GC="1.0"><Shape><Polygon POINTS="2107 1146 2106 1373 2167 1373 2168 1146"/></Shape></Glyph><Glyph ID="char_32" CONTENT="ל" GC="1.0"><Shape><Polygon POINTS="2044 1147 2046 1374 2106 1373 2107 1146"/></Shape></Glyph><Glyph ID="char_33" CONTENT="י" GC="1.0"><Shape><Polygon POINTS="1983 1147 1985 1374 2046 1374 2044 1147"/></Shape></Glyph><Glyph ID="char_34" CONTENT="ת" GC="1.0"><Shape><Polygon POINTS="1914 1148 1904 1375 1985 1374 1983 1147"/></Shape></Glyph><Glyph ID="char_35" CONTENT="י" GC="1.0"><Shape><Polygon POINTS="1869 1146 1858 1373 1904 1375 1914 1148"/></Shape></Glyph><Glyph ID="char_36" CONTENT="א" GC="1.0"><Shape><Polygon POINTS="1793 1143 1782 1369 1858 1373 1869 1146"/></Shape></Glyph><Glyph ID="char_37" CONTENT=" " GC="1.0"><Shape><Polygon POINTS="1727 1141 1724 1368 1782 1369 1793 1143"/></Shape></Glyph><Glyph ID="char_38" CONTENT="ו" GC="1.0"><Shape><Polygon POINTS="1666 1140 1663 1367 1724 1368 1727 1141"/></Shape></Glyph><Glyph ID="char_39" CONTENT="א" GC="1.0"><Shape><Polygon POINTS="1605 1140 1602 1366 1663 1367 1666 1140"/></Shape></Glyph><Glyph ID="char_40" CONTENT="נ" GC="1.0"><Shape><Polygon POINTS="1572 1138 1548 1364 1602 1366 1605 1140"/></Shape></Glyph><Glyph ID="char_41" CONTENT="י" GC="1.0"><Shape><Polygon POINTS="1527 1134 1503 1360 1548 1364 1572 1138"/></Shape></Glyph><Glyph ID="char_42" CONTENT="ר" GC="1.0"><Shape><Polygon POINTS="1482 1266 1512 1269"/></Shape></Glyph><Glyph ID="char_43" CONTENT=" " GC="1.0"><Shape><Polygon POINTS="1482 1266 1482 1266"/></Shape></Glyph></String>
          </TextLine>

          
          
          <TextLine ID="eSc_line_1791006" BASELINE="1549 1513 1988 1526 2397 1546" HPOS="1546.0" VPOS="1376.0" WIDTH="857.0" HEIGHT="260.0">
            <Shape><Polygon POINTS="1553 1376 1992 1389 2403 1409 2392 1636 1985 1616 1546 1603"/></Shape>
	    <String CONTENT=" וקוי בימימא ד " HPOS="1546.0" VPOS="1376.0" WIDTH="857.0" HEIGHT="260.0"><Glyph ID="char_44" CONTENT=" " GC="1.0"><Shape><Polygon POINTS="2372 1407 2361 1634 2391 1636 2402 1409"/></Shape></Glyph><Glyph ID="char_45" CONTENT="ו" GC="1.0"><Shape><Polygon POINTS="2310 1404 2299 1631 2361 1634 2372 1407"/></Shape></Glyph><Glyph ID="char_46" CONTENT="ק" GC="1.0"><Shape><Polygon POINTS="2248 1401 2237 1628 2299 1631 2310 1404"/></Shape></Glyph><Glyph ID="char_47" CONTENT="ו" GC="1.0"><Shape><Polygon POINTS="2187 1399 2176 1625 2237 1628 2248 1401"/></Shape></Glyph><Glyph ID="char_48" CONTENT="י" GC="1.0"><Shape><Polygon POINTS="2156 1397 2145 1624 2176 1625 2187 1399"/></Shape></Glyph><Glyph ID="char_49" CONTENT=" " GC="1.0"><Shape><Polygon POINTS="2094 1394 2083 1621 2145 1624 2156 1397"/></Shape></Glyph><Glyph ID="char_50" CONTENT="ב" GC="1.0"><Shape><Polygon POINTS="2032 1391 2021 1618 2083 1621 2094 1394"/></Shape></Glyph><Glyph ID="char_51" CONTENT="י" GC="1.0"><Shape><Polygon POINTS="1953 1388 1946 1615 2021 1618 2032 1391"/></Shape></Glyph><Glyph ID="char_52" CONTENT="מ" GC="1.0"><Shape><Polygon POINTS="1876 1386 1869 1613 1946 1615 1953 1388"/></Shape></Glyph><Glyph ID="char_53" CONTENT="י" GC="1.0"><Shape><Polygon POINTS="1799 1383 1792 1610 1869 1613 1876 1386"/></Shape></Glyph><Glyph ID="char_54" CONTENT="מ" GC="1.0"><Shape><Polygon POINTS="1722 1381 1715 1608 1792 1610 1799 1383"/></Shape></Glyph><Glyph ID="char_55" CONTENT="א" GC="1.0"><Shape><Polygon POINTS="1660 1379 1653 1606 1715 1608 1722 1381"/></Shape></Glyph><Glyph ID="char_56" CONTENT=" " GC="1.0"><Shape><Polygon POINTS="1599 1377 1592 1604 1653 1606 1660 1379"/></Shape></Glyph><Glyph ID="char_57" CONTENT="ד" GC="1.0"><Shape><Polygon POINTS="1568 1376 1561 1603 1592 1604 1599 1377"/></Shape></Glyph><Glyph ID="char_58" CONTENT=" " GC="1.0"><Shape><Polygon POINTS="1548 1512 1563 1512"/></Shape></Glyph></String>
          </TextLine>

          
          
          <TextLine ID="eSc_line_1791007" BASELINE="1711 1790 1995 1797 2200 1806" HPOS="1708.0" VPOS="1653.0" WIDTH="497.0" HEIGHT="243.0">
            <Shape><Polygon POINTS="1714 1653 1998 1660 2205 1669 2196 1896 1992 1887 1708 1880"/></Shape>
	    <String CONTENT=" שאר ימ " HPOS="1708.0" VPOS="1653.0" WIDTH="497.0" HEIGHT="243.0"><Glyph ID="char_59" CONTENT=" " GC="1.0"><Shape><Polygon POINTS="2159 1667 2149 1894 2194 1896 2204 1669"/></Shape></Glyph><Glyph ID="char_60" CONTENT="ש" GC="1.0"><Shape><Polygon POINTS="2067 1663 2057 1890 2149 1894 2159 1667"/></Shape></Glyph><Glyph ID="char_61" CONTENT="א" GC="1.0"><Shape><Polygon POINTS="1974 1659 1967 1886 2057 1890 2067 1663"/></Shape></Glyph><Glyph ID="char_62" CONTENT="ר" GC="1.0"><Shape><Polygon POINTS="1913 1658 1906 1885 1967 1886 1974 1659"/></Shape></Glyph><Glyph ID="char_63" CONTENT=" " GC="1.0"><Shape><Polygon POINTS="1867 1657 1860 1884 1906 1885 1913 1658"/></Shape></Glyph><Glyph ID="char_64" CONTENT="י" GC="1.0"><Shape><Polygon POINTS="1821 1656 1814 1883 1860 1884 1867 1657"/></Shape></Glyph><Glyph ID="char_65" CONTENT="מ" GC="1.0"><Shape><Polygon POINTS="1760 1654 1753 1881 1814 1883 1821 1656"/></Shape></Glyph><Glyph ID="char_66" CONTENT=" " GC="1.0"><Shape><Polygon POINTS="1710 1789 1755 1790"/></Shape></Glyph></String>
          </TextLine>

          
          
          <TextLine ID="eSc_line_1791008" BASELINE="1970 2020 2070 2031 2223 2031 2300 2045" HPOS="1960.0" VPOS="1884.0" WIDTH="364.0" HEIGHT="250.0">
            <Shape><Polygon POINTS="1984 1884 2084 1895 2223 1894 2324 1910 2283 2134 2223 2121 2060 2121 1960 2110"/></Shape>
	    <String CONTENT=" ה " HPOS="1960.0" VPOS="1884.0" WIDTH="364.0" HEIGHT="250.0"><Glyph ID="char_67" CONTENT=" " GC="1.0"><Shape><Polygon POINTS="2110 1895 2110 2121 2219 2121 2219 1894"/></Shape></Glyph><Glyph ID="char_68" CONTENT="ה" GC="1.0"><Shape><Polygon POINTS="2048 1891 2021 2117 2110 2121 2110 1895"/></Shape></Glyph><Glyph ID="char_69" CONTENT=" " GC="1.0"><Shape><Polygon POINTS="1986 1884 1967 2046 2021 2117 2048 1891"/></Shape></Glyph></String>
          </TextLine>

          
          
          <TextLine ID="eSc_line_1791009" BASELINE="2094 2144 2144 2144 2189 2137 2232 2146" HPOS="2094.0" VPOS="2002.0" WIDTH="165.0" HEIGHT="232.0">
            <Shape><Polygon POINTS="2094 2007 2144 2007 2168 2002 2259 2012 2213 2234 2202 2226 2144 2234 2094 2234"/></Shape>
	    <String CONTENT="" HPOS="2094.0" VPOS="2002.0" WIDTH="165.0" HEIGHT="232.0"/>
          </TextLine>

          
        </TextBlock>
        

        
      </PrintSpace>
    </Page>
  </Layout>
</alto>