<?xml version='1.0' encoding='UTF-8'?>
<alto xmlns:xsi="http://www.w3.org/2001/XMLSchema-instance" xmlns="http://www.loc.gov/standards/alto/ns-v4#" xsi:schemaLocation="http://www.loc.gov/standards/alto/ns-v4# http://www.loc.gov/standards/alto/v4/alto-4-2.xsd">
  <Description>
    <MeasurementUnit>pixel</MeasurementUnit>
    <sourceImageInformation>
      <fileName>P849-Fg001-R-C01-R01-D02022014-T154945-LR924_012.jpg</fileName>
      
    </sourceImageInformation>
  </Description>
  
  <Tags>
    <OtherTag ID="BT1443" LABEL="Parchment_or_papyrus" DESCRIPTION="block type Parchment_or_papyrus"/><OtherTag ID="BT2" LABEL="Main" DESCRIPTION="block type Main"/>
    
  </Tags>
  
  <Layout>
    <Page WIDTH="3608" HEIGHT="2706" PHYSICAL_IMG_NR="256" ID="eSc_dummypage_">
      <PrintSpace HPOS="0" VPOS="0" WIDTH="3608" HEIGHT="2706">
        
        <TextBlock HPOS="665.0" VPOS="810.0" WIDTH="2075.0" HEIGHT="672.0" ID="eSc_textblock_e5029839" TAGREFS="BT2">
          <Shape><Polygon POINTS="665 923 665 1482 2723 1482 2740 810"/></Shape>
          
          
          <TextLine ID="eSc_line_1791045" BASELINE="2406 948 2568 930 2686 890" HPOS="2398.0" VPOS="822.0" WIDTH="303.0" HEIGHT="172.0">
            <Shape><Polygon POINTS="2398 877 2560 859 2663 822 2701 934 2573 976 2411 994"/></Shape>
	    <String CONTENT=" ק " HPOS="2398.0" VPOS="822.0" WIDTH="303.0" HEIGHT="172.0"><Glyph ID="char_0" CONTENT=" " GC="1.0"><Shape><Polygon POINTS="2564 858 2602 967 2663 947 2624 836"/></Shape></Glyph><Glyph ID="char_1" CONTENT="ק" GC="1.0"><Shape><Polygon POINTS="2516 864 2529 981 2602 967 2564 858"/></Shape></Glyph><Glyph ID="char_2" CONTENT=" " GC="1.0"><Shape><Polygon POINTS="2429 874 2442 991 2529 981 2516 864"/></Shape></Glyph></String>
          </TextLine>

          
          
          <TextLine ID="eSc_line_1791047" BASELINE="1389 1091 1452 1091 1650 1100 2180 1107 2390 1120 2714 1052" HPOS="1389.0" VPOS="982.0" WIDTH="1334.0" HEIGHT="185.0">
            <Shape><Polygon POINTS="1389 1020 1452 1020 1653 1029 2180 1036 2394 1049 2699 982 2723 1098 2387 1167 2179 1154 1647 1147 1452 1138 1389 1138"/></Shape>
	    <String CONTENT=" דוש הוא כל הימים כ " HPOS="1389.0" VPOS="982.0" WIDTH="1334.0" HEIGHT="185.0"><Glyph ID="char_3" CONTENT=" " GC="1.0"><Shape><Polygon POINTS="2599 1004 2623 1119 2700 1103 2676 987"/></Shape></Glyph><Glyph ID="char_4" CONTENT="ד" GC="1.0"><Shape><Polygon POINTS="2529 1019 2552 1133 2623 1119 2599 1004"/></Shape></Glyph><Glyph ID="char_5" CONTENT="ו" GC="1.0"><Shape><Polygon POINTS="2483 1030 2506 1142 2552 1133 2529 1019"/></Shape></Glyph><Glyph ID="char_6" CONTENT="ש" GC="1.0"><Shape><Polygon POINTS="2428 1042 2452 1154 2506 1142 2483 1030"/></Shape></Glyph><Glyph ID="char_7" CONTENT=" " GC="1.0"><Shape><Polygon POINTS="2381 1048 2406 1163 2452 1154 2428 1042"/></Shape></Glyph><Glyph ID="char_8" CONTENT="ה" GC="1.0"><Shape><Polygon POINTS="2345 1046 2338 1164 2406 1163 2381 1048"/></Shape></Glyph><Glyph ID="char_9" CONTENT="ו" GC="1.0"><Shape><Polygon POINTS="2298 1043 2291 1161 2338 1164 2345 1046"/></Shape></Glyph><Glyph ID="char_10" CONTENT="א" GC="1.0"><Shape><Polygon POINTS="2250 1040 2243 1158 2291 1161 2298 1043"/></Shape></Glyph><Glyph ID="char_11" CONTENT=" " GC="1.0"><Shape><Polygon POINTS="2168 1036 2166 1154 2243 1158 2250 1040"/></Shape></Glyph><Glyph ID="char_12" CONTENT="כ" GC="1.0"><Shape><Polygon POINTS="2088 1035 2086 1153 2166 1154 2168 1036"/></Shape></Glyph><Glyph ID="char_13" CONTENT="ל" GC="1.0"><Shape><Polygon POINTS="2056 1034 2054 1152 2086 1153 2088 1035"/></Shape></Glyph><Glyph ID="char_14" CONTENT=" " GC="1.0"><Shape><Polygon POINTS="2009 1034 2007 1152 2054 1152 2056 1034"/></Shape></Glyph><Glyph ID="char_15" CONTENT="ה" GC="1.0"><Shape><Polygon POINTS="1953 1033 1951 1151 2007 1152 2009 1034"/></Shape></Glyph><Glyph ID="char_16" CONTENT="י" GC="1.0"><Shape><Polygon POINTS="1898 1032 1896 1150 1951 1151 1953 1033"/></Shape></Glyph><Glyph ID="char_17" CONTENT="מ" GC="1.0"><Shape><Polygon POINTS="1842 1032 1840 1150 1896 1150 1898 1032"/></Shape></Glyph><Glyph ID="char_18" CONTENT="י" GC="1.0"><Shape><Polygon POINTS="1787 1031 1785 1149 1840 1150 1842 1032"/></Shape></Glyph><Glyph ID="char_19" CONTENT="ם" GC="1.0"><Shape><Polygon POINTS="1731 1030 1729 1148 1785 1149 1787 1031"/></Shape></Glyph><Glyph ID="char_20" CONTENT=" " GC="1.0"><Shape><Polygon POINTS="1692 1030 1690 1148 1729 1148 1731 1030"/></Shape></Glyph><Glyph ID="char_21" CONTENT="כ" GC="1.0"><Shape><Polygon POINTS="1559 1025 1554 1143 1690 1148 1692 1030"/></Shape></Glyph><Glyph ID="char_22" CONTENT=" " GC="1.0"><Shape><Polygon POINTS="1413 1020 1413 1138 1554 1143 1559 1025"/></Shape></Glyph></String>
          </TextLine>

          
          
          <TextLine ID="eSc_line_1791048" BASELINE="1018 1299 1228 1252 1355 1231 1524 1233 1603 1228 1909 1247 2275 1253 2444 1237 2644 1231 2648 1231" HPOS="1002.0" VPOS="1157.0" WIDTH="1646.0" HEIGHT="188.0">
            <Shape><Polygon POINTS="1002 1229 1212 1182 1343 1161 1524 1162 1598 1157 1913 1176 2276 1182 2437 1166 2641 1160 2648 1160 2648 1278 2645 1278 2448 1283 2274 1300 1906 1294 1605 1275 1523 1280 1362 1277 1238 1298 1028 1345"/></Shape>
	    <String CONTENT=" ל עשה בו מלאכה ונכר ן " HPOS="1002.0" VPOS="1157.0" WIDTH="1646.0" HEIGHT="188.0"><Glyph ID="char_23" CONTENT=" " GC="1.0"><Shape><Polygon POINTS="2542 1163 2546 1281 2617 1279 2613 1161"/></Shape></Glyph><Glyph ID="char_24" CONTENT="ל" GC="1.0"><Shape><Polygon POINTS="2494 1164 2498 1282 2546 1281 2542 1163"/></Shape></Glyph><Glyph ID="char_25" CONTENT=" " GC="1.0"><Shape><Polygon POINTS="2462 1165 2466 1283 2498 1282 2494 1164"/></Shape></Glyph><Glyph ID="char_26" CONTENT="ע" GC="1.0"><Shape><Polygon POINTS="2386 1171 2397 1288 2466 1283 2462 1165"/></Shape></Glyph><Glyph ID="char_27" CONTENT="ש" GC="1.0"><Shape><Polygon POINTS="2307 1179 2319 1296 2397 1288 2386 1171"/></Shape></Glyph><Glyph ID="char_28" CONTENT="ה" GC="1.0"><Shape><Polygon POINTS="2251 1182 2250 1300 2319 1296 2307 1179"/></Shape></Glyph><Glyph ID="char_29" CONTENT=" " GC="1.0"><Shape><Polygon POINTS="2203 1181 2202 1299 2250 1300 2251 1182"/></Shape></Glyph><Glyph ID="char_30" CONTENT="ב" GC="1.0"><Shape><Polygon POINTS="2172 1180 2171 1298 2202 1299 2203 1181"/></Shape></Glyph><Glyph ID="char_31" CONTENT="ו" GC="1.0"><Shape><Polygon POINTS="2148 1180 2147 1298 2171 1298 2172 1180"/></Shape></Glyph><Glyph ID="char_32" CONTENT=" " GC="1.0"><Shape><Polygon POINTS="2116 1179 2115 1297 2147 1298 2148 1180"/></Shape></Glyph><Glyph ID="char_33" CONTENT="מ" GC="1.0"><Shape><Polygon POINTS="2060 1178 2059 1296 2115 1297 2116 1179"/></Shape></Glyph><Glyph ID="char_34" CONTENT="ל" GC="1.0"><Shape><Polygon POINTS="2005 1178 2004 1296 2059 1296 2060 1178"/></Shape></Glyph><Glyph ID="char_35" CONTENT="א" GC="1.0"><Shape><Polygon POINTS="1950 1177 1948 1295 2004 1296 2005 1178"/></Shape></Glyph><Glyph ID="char_36" CONTENT="כ" GC="1.0"><Shape><Polygon POINTS="1905 1176 1897 1293 1948 1295 1950 1177"/></Shape></Glyph><Glyph ID="char_37" CONTENT="ה" GC="1.0"><Shape><Polygon POINTS="1857 1173 1850 1290 1897 1293 1905 1176"/></Shape></Glyph><Glyph ID="char_38" CONTENT=" " GC="1.0"><Shape><Polygon POINTS="1818 1170 1811 1288 1850 1290 1857 1173"/></Shape></Glyph><Glyph ID="char_39" CONTENT="ו" GC="1.0"><Shape><Polygon POINTS="1786 1168 1779 1286 1811 1288 1818 1170"/></Shape></Glyph><Glyph ID="char_40" CONTENT="נ" GC="1.0"><Shape><Polygon POINTS="1754 1166 1747 1284 1779 1286 1786 1168"/></Shape></Glyph><Glyph ID="char_41" CONTENT="כ" GC="1.0"><Shape><Polygon POINTS="1682 1162 1675 1279 1747 1284 1754 1166"/></Shape></Glyph><Glyph ID="char_42" CONTENT="ר" GC="1.0"><Shape><Polygon POINTS="1547 1160 1554 1278 1675 1279 1682 1162"/></Shape></Glyph><Glyph ID="char_43" CONTENT=" " GC="1.0"><Shape><Polygon POINTS="1361 1161 1360 1277 1554 1278 1547 1160"/></Shape></Glyph><Glyph ID="char_44" CONTENT="ן" GC="1.0"><Shape><Polygon POINTS="1141 1198 1167 1314 1360 1277 1361 1161"/></Shape></Glyph><Glyph ID="char_45" CONTENT=" " GC="1.0"><Shape><Polygon POINTS="1025 1224 1051 1340 1167 1314 1141 1198"/></Shape></Glyph></String>
          </TextLine>

          
          
          <TextLine ID="eSc_line_1791049" BASELINE="613 1382 834 1382 1010 1373 1271 1370 1483 1346 1668 1368 2390 1373" HPOS="613.0" VPOS="1275.0" WIDTH="1777.0" HEIGHT="154.0">
            <Shape><Polygon POINTS="613 1311 834 1311 1006 1302 1270 1299 1475 1275 1676 1297 2390 1302 2389 1420 1662 1414 1488 1392 1271 1417 1012 1420 834 1429 613 1429"/></Shape>
	    <String CONTENT=" את הי ם הז ם ולא יכרת מן הא " HPOS="613.0" VPOS="1275.0" WIDTH="1777.0" HEIGHT="154.0"><Glyph ID="char_46" CONTENT=" " GC="1.0"><Shape><Polygon POINTS="2335 1302 2334 1420 2382 1420 2383 1302"/></Shape></Glyph><Glyph ID="char_47" CONTENT="א" GC="1.0"><Shape><Polygon POINTS="2272 1301 2271 1419 2334 1420 2335 1302"/></Shape></Glyph><Glyph ID="char_48" CONTENT="ת" GC="1.0"><Shape><Polygon POINTS="2224 1301 2223 1419 2271 1419 2272 1301"/></Shape></Glyph><Glyph ID="char_49" CONTENT=" " GC="1.0"><Shape><Polygon POINTS="2184 1301 2183 1418 2223 1419 2224 1301"/></Shape></Glyph><Glyph ID="char_50" CONTENT="ה" GC="1.0"><Shape><Polygon POINTS="2129 1300 2128 1418 2183 1418 2184 1301"/></Shape></Glyph><Glyph ID="char_51" CONTENT="י" GC="1.0"><Shape><Polygon POINTS="2089 1300 2088 1418 2128 1418 2129 1300"/></Shape></Glyph><Glyph ID="char_52" CONTENT=" " GC="1.0"><Shape><Polygon POINTS="2041 1300 2040 1417 2088 1418 2089 1300"/></Shape></Glyph><Glyph ID="char_53" CONTENT="ם" GC="1.0"><Shape><Polygon POINTS="1986 1299 1985 1417 2040 1417 2041 1300"/></Shape></Glyph><Glyph ID="char_54" CONTENT=" " GC="1.0"><Shape><Polygon POINTS="1930 1299 1929 1416 1985 1417 1986 1299"/></Shape></Glyph><Glyph ID="char_55" CONTENT="ה" GC="1.0"><Shape><Polygon POINTS="1882 1298 1881 1416 1929 1416 1930 1299"/></Shape></Glyph><Glyph ID="char_56" CONTENT="ז" GC="1.0"><Shape><Polygon POINTS="1779 1298 1778 1415 1881 1416 1882 1298"/></Shape></Glyph><Glyph ID="char_57" CONTENT=" " GC="1.0"><Shape><Polygon POINTS="1573 1286 1559 1401 1778 1415 1779 1298"/></Shape></Glyph><Glyph ID="char_58" CONTENT="ם" GC="1.0"><Shape><Polygon POINTS="1415 1282 1428 1399 1559 1401 1573 1286"/></Shape></Glyph><Glyph ID="char_59" CONTENT=" " GC="1.0"><Shape><Polygon POINTS="1391 1285 1404 1402 1428 1399 1415 1282"/></Shape></Glyph><Glyph ID="char_60" CONTENT="ו" GC="1.0"><Shape><Polygon POINTS="1351 1289 1364 1406 1404 1402 1391 1285"/></Shape></Glyph><Glyph ID="char_61" CONTENT="ל" GC="1.0"><Shape><Polygon POINTS="1311 1294 1325 1411 1364 1406 1351 1289"/></Shape></Glyph><Glyph ID="char_62" CONTENT="א" GC="1.0"><Shape><Polygon POINTS="1265 1299 1278 1416 1325 1411 1311 1294"/></Shape></Glyph><Glyph ID="char_63" CONTENT=" " GC="1.0"><Shape><Polygon POINTS="1232 1299 1233 1417 1278 1416 1265 1299"/></Shape></Glyph><Glyph ID="char_64" CONTENT="י" GC="1.0"><Shape><Polygon POINTS="1192 1300 1193 1418 1233 1417 1232 1299"/></Shape></Glyph><Glyph ID="char_65" CONTENT="כ" GC="1.0"><Shape><Polygon POINTS="1152 1300 1153 1418 1193 1418 1192 1300"/></Shape></Glyph><Glyph ID="char_66" CONTENT="ר" GC="1.0"><Shape><Polygon POINTS="1089 1301 1090 1419 1153 1418 1152 1300"/></Shape></Glyph><Glyph ID="char_67" CONTENT="ת" GC="1.0"><Shape><Polygon POINTS="1025 1302 1026 1420 1090 1419 1089 1301"/></Shape></Glyph><Glyph ID="char_68" CONTENT=" " GC="1.0"><Shape><Polygon POINTS="975 1304 981 1422 1026 1420 1025 1302"/></Shape></Glyph><Glyph ID="char_69" CONTENT="מ" GC="1.0"><Shape><Polygon POINTS="911 1307 917 1425 981 1422 975 1304"/></Shape></Glyph><Glyph ID="char_70" CONTENT="ן" GC="1.0"><Shape><Polygon POINTS="871 1309 877 1427 917 1425 911 1307"/></Shape></Glyph><Glyph ID="char_71" CONTENT=" " GC="1.0"><Shape><Polygon POINTS="839 1311 845 1428 877 1427 871 1309"/></Shape></Glyph><Glyph ID="char_72" CONTENT="ה" GC="1.0"><Shape><Polygon POINTS="788 1311 788 1429 845 1428 839 1311"/></Shape></Glyph><Glyph ID="char_73" CONTENT="א" GC="1.0"><Shape><Polygon POINTS="716 1311 716 1429 788 1429 788 1311"/></Shape></Glyph><Glyph ID="char_74" CONTENT=" " GC="1.0"><Shape><Polygon POINTS="637 1311 637 1429 716 1429 716 1311"/></Shape></Glyph></String>
          </TextLine>

          
        </TextBlock>
        

        
      </PrintSpace>
    </Page>
  </Layout>
</alto>