<?xml version='1.0' encoding='UTF-8'?>
<alto xmlns:xsi="http://www.w3.org/2001/XMLSchema-instance" xmlns="http://www.loc.gov/standards/alto/ns-v4#" xsi:schemaLocation="http://www.loc.gov/standards/alto/ns-v4# http://www.loc.gov/standards/alto/v4/alto-4-2.xsd">
  <Description>
    <MeasurementUnit>pixel</MeasurementUnit>
    <sourceImageInformation>
      <fileName>P856-Fg002-R-C01-R01-D30122012-T123606-LR924 _012.jpg</fileName>
      
    </sourceImageInformation>
  </Description>
  
  <Tags>
    <OtherTag ID="BT1443" LABEL="Parchment_or_papyrus" DESCRIPTION="block type Parchment_or_papyrus"/><OtherTag ID="BT2" LABEL="Main" DESCRIPTION="block type Main"/>
    
  </Tags>
  
  <Layout>
    <Page WIDTH="3608" HEIGHT="2706" PHYSICAL_IMG_NR="295" ID="eSc_dummypage_">
      <PrintSpace HPOS="0" VPOS="0" WIDTH="3608" HEIGHT="2706">
        
        <TextBlock HPOS="1084.0" VPOS="684.0" WIDTH="2046.0" HEIGHT="1297.0" ID="eSc_textblock_3dd1cbc7" TAGREFS="BT2">
          <Shape><Polygon POINTS="1084 896 2297 1981 3130 1866 1992 684"/></Shape>
          
          
          <TextLine ID="eSc_line_1814035" BASELINE="1699 817 1847 830" HPOS="1693.0" VPOS="726.0" WIDTH="161.0" HEIGHT="164.0">
            <Shape><Polygon POINTS="1706 726 1854 739 1841 890 1693 877"/></Shape>
	    <String CONTENT=" " HPOS="1693.0" VPOS="726.0" WIDTH="161.0" HEIGHT="164.0"><Glyph ID="char_0" CONTENT=" " GC="1.0"><Shape><Polygon POINTS="1739 729 1725 880 1809 887 1823 736"/></Shape></Glyph></String>
          </TextLine>

          
          
          <TextLine ID="eSc_line_1773905" BASELINE="1513 942 1676 950 1776 956 2070 985" HPOS="1510.0" VPOS="850.0" WIDTH="568.0" HEIGHT="195.0">
            <Shape><Polygon POINTS="1517 850 1680 858 1781 864 2078 894 2064 1045 1772 1016 1673 1010 1510 1002"/></Shape>
	    <String CONTENT=" בתרעא שתיתיא ב " HPOS="1510.0" VPOS="850.0" WIDTH="568.0" HEIGHT="195.0"><Glyph ID="char_1" CONTENT=" " GC="1.0"><Shape><Polygon POINTS="2036 890 2021 1041 2052 1044 2067 893"/></Shape></Glyph><Glyph ID="char_2" CONTENT="ב" GC="1.0"><Shape><Polygon POINTS="2016 888 2002 1039 2021 1041 2036 890"/></Shape></Glyph><Glyph ID="char_3" CONTENT="ת" GC="1.0"><Shape><Polygon POINTS="1975 884 1960 1035 2002 1039 2016 888"/></Shape></Glyph><Glyph ID="char_4" CONTENT="ר" GC="1.0"><Shape><Polygon POINTS="1944 880 1929 1032 1960 1035 1975 884"/></Shape></Glyph><Glyph ID="char_5" CONTENT="ע" GC="1.0"><Shape><Polygon POINTS="1903 876 1888 1028 1929 1032 1944 880"/></Shape></Glyph><Glyph ID="char_6" CONTENT="א" GC="1.0"><Shape><Polygon POINTS="1862 872 1847 1023 1888 1028 1903 876"/></Shape></Glyph><Glyph ID="char_7" CONTENT=" " GC="1.0"><Shape><Polygon POINTS="1841 870 1826 1021 1847 1023 1862 872"/></Shape></Glyph><Glyph ID="char_8" CONTENT="ש" GC="1.0"><Shape><Polygon POINTS="1810 867 1796 1018 1826 1021 1841 870"/></Shape></Glyph><Glyph ID="char_9" CONTENT="ת" GC="1.0"><Shape><Polygon POINTS="1755 862 1746 1014 1796 1018 1810 867"/></Shape></Glyph><Glyph ID="char_10" CONTENT="י" GC="1.0"><Shape><Polygon POINTS="1724 861 1715 1013 1746 1014 1755 862"/></Shape></Glyph><Glyph ID="char_11" CONTENT="ת" GC="1.0"><Shape><Polygon POINTS="1683 858 1674 1010 1715 1013 1724 861"/></Shape></Glyph><Glyph ID="char_12" CONTENT="י" GC="1.0"><Shape><Polygon POINTS="1641 856 1633 1008 1674 1010 1683 858"/></Shape></Glyph><Glyph ID="char_13" CONTENT="א" GC="1.0"><Shape><Polygon POINTS="1610 855 1602 1006 1633 1008 1641 856"/></Shape></Glyph><Glyph ID="char_14" CONTENT=" " GC="1.0"><Shape><Polygon POINTS="1579 853 1571 1005 1602 1006 1610 855"/></Shape></Glyph><Glyph ID="char_15" CONTENT="ב" GC="1.0"><Shape><Polygon POINTS="1548 852 1540 1003 1571 1005 1579 853"/></Shape></Glyph><Glyph ID="char_16" CONTENT=" " GC="1.0"><Shape><Polygon POINTS="1512 941 1542 942"/></Shape></Glyph></String>
          </TextLine>

          
          
          <TextLine ID="eSc_line_1773907" BASELINE="1373 1125 1567 1122 1891 1143 2085 1161 2268 1165" HPOS="1371.0" VPOS="1030.0" WIDTH="898.0" HEIGHT="195.0">
            <Shape><Polygon POINTS="1371 1033 1565 1030 1896 1051 2093 1070 2269 1073 2266 1225 2079 1221 1887 1203 1567 1182 1373 1185"/></Shape>
	    <String CONTENT=" ומין תרין ומחסר מן דבר שמשא " HPOS="1371.0" VPOS="1030.0" WIDTH="898.0" HEIGHT="195.0"><Glyph ID="char_17" CONTENT=" " GC="1.0"><Shape><Polygon POINTS="2247 1073 2244 1225 2264 1225 2267 1073"/></Shape></Glyph><Glyph ID="char_18" CONTENT="ו" GC="1.0"><Shape><Polygon POINTS="2227 1072 2224 1224 2244 1225 2247 1073"/></Shape></Glyph><Glyph ID="char_19" CONTENT="מ" GC="1.0"><Shape><Polygon POINTS="2196 1072 2193 1223 2224 1224 2227 1072"/></Shape></Glyph><Glyph ID="char_20" CONTENT="י" GC="1.0"><Shape><Polygon POINTS="2165 1071 2162 1223 2193 1223 2196 1072"/></Shape></Glyph><Glyph ID="char_21" CONTENT="ן" GC="1.0"><Shape><Polygon POINTS="2144 1071 2141 1222 2162 1223 2165 1071"/></Shape></Glyph><Glyph ID="char_22" CONTENT=" " GC="1.0"><Shape><Polygon POINTS="2113 1070 2110 1222 2141 1222 2144 1071"/></Shape></Glyph><Glyph ID="char_23" CONTENT="ת" GC="1.0"><Shape><Polygon POINTS="2090 1070 2076 1221 2110 1222 2113 1070"/></Shape></Glyph><Glyph ID="char_24" CONTENT="ר" GC="1.0"><Shape><Polygon POINTS="2059 1067 2045 1218 2076 1221 2090 1070"/></Shape></Glyph><Glyph ID="char_25" CONTENT="י" GC="1.0"><Shape><Polygon POINTS="2028 1064 2014 1215 2045 1218 2059 1067"/></Shape></Glyph><Glyph ID="char_26" CONTENT="ן" GC="1.0"><Shape><Polygon POINTS="2007 1062 1993 1213 2014 1215 2028 1064"/></Shape></Glyph><Glyph ID="char_27" CONTENT=" " GC="1.0"><Shape><Polygon POINTS="1987 1060 1973 1211 1993 1213 2007 1062"/></Shape></Glyph><Glyph ID="char_28" CONTENT="ו" GC="1.0"><Shape><Polygon POINTS="1957 1057 1942 1208 1973 1211 1987 1060"/></Shape></Glyph><Glyph ID="char_29" CONTENT="מ" GC="1.0"><Shape><Polygon POINTS="1926 1054 1912 1205 1942 1208 1957 1057"/></Shape></Glyph><Glyph ID="char_30" CONTENT="ח" GC="1.0"><Shape><Polygon POINTS="1871 1049 1861 1201 1912 1205 1926 1054"/></Shape></Glyph><Glyph ID="char_31" CONTENT="ס" GC="1.0"><Shape><Polygon POINTS="1830 1047 1821 1199 1861 1201 1871 1049"/></Shape></Glyph><Glyph ID="char_32" CONTENT="ר" GC="1.0"><Shape><Polygon POINTS="1799 1045 1790 1197 1821 1199 1830 1047"/></Shape></Glyph><Glyph ID="char_33" CONTENT=" " GC="1.0"><Shape><Polygon POINTS="1779 1044 1770 1195 1790 1197 1799 1045"/></Shape></Glyph><Glyph ID="char_34" CONTENT="מ" GC="1.0"><Shape><Polygon POINTS="1749 1042 1739 1193 1770 1195 1779 1044"/></Shape></Glyph><Glyph ID="char_35" CONTENT="ן" GC="1.0"><Shape><Polygon POINTS="1718 1040 1708 1191 1739 1193 1749 1042"/></Shape></Glyph><Glyph ID="char_36" CONTENT=" " GC="1.0"><Shape><Polygon POINTS="1697 1038 1687 1190 1708 1191 1718 1040"/></Shape></Glyph><Glyph ID="char_37" CONTENT="ד" GC="1.0"><Shape><Polygon POINTS="1666 1036 1656 1188 1687 1190 1697 1038"/></Shape></Glyph><Glyph ID="char_38" CONTENT="ב" GC="1.0"><Shape><Polygon POINTS="1636 1034 1626 1186 1656 1188 1666 1036"/></Shape></Glyph><Glyph ID="char_39" CONTENT="ר" GC="1.0"><Shape><Polygon POINTS="1615 1033 1605 1184 1626 1186 1636 1034"/></Shape></Glyph><Glyph ID="char_40" CONTENT=" " GC="1.0"><Shape><Polygon POINTS="1584 1031 1574 1182 1605 1184 1615 1033"/></Shape></Glyph><Glyph ID="char_41" CONTENT="ש" GC="1.0"><Shape><Polygon POINTS="1546 1030 1548 1182 1574 1182 1584 1031"/></Shape></Glyph><Glyph ID="char_42" CONTENT="מ" GC="1.0"><Shape><Polygon POINTS="1505 1031 1507 1183 1548 1182 1546 1030"/></Shape></Glyph><Glyph ID="char_43" CONTENT="ש" GC="1.0"><Shape><Polygon POINTS="1454 1032 1456 1184 1507 1183 1505 1031"/></Shape></Glyph><Glyph ID="char_44" CONTENT="א" GC="1.0"><Shape><Polygon POINTS="1423 1032 1425 1184 1456 1184 1454 1032"/></Shape></Glyph><Glyph ID="char_45" CONTENT=" " GC="1.0"><Shape><Polygon POINTS="1381 1033 1383 1185 1425 1184 1423 1032"/></Shape></Glyph></String>
          </TextLine>

          
          
          <TextLine ID="eSc_line_1773908" BASELINE="1468 1267 1688 1271 1801 1289 1810 1289 2329 1334 2401 1334 2518 1355" HPOS="1466.0" VPOS="1175.0" WIDTH="1068.0" HEIGHT="239.0">
            <Shape><Polygon POINTS="1469 1175 1689 1179 1815 1198 1810 1197 2336 1243 2401 1242 2534 1265 2507 1414 2401 1394 2323 1394 1810 1349 1791 1349 1686 1331 1466 1327"/></Shape>
	    <String CONTENT=" בה כדמות חזי דמי כדי נהורה בה הא " HPOS="1466.0" VPOS="1175.0" WIDTH="1068.0" HEIGHT="239.0"><Glyph ID="char_46" CONTENT=" " GC="1.0"><Shape><Polygon POINTS="2503 1260 2477 1408 2497 1412 2524 1263"/></Shape></Glyph><Glyph ID="char_47" CONTENT="ב" GC="1.0"><Shape><Polygon POINTS="2473 1254 2446 1403 2477 1408 2503 1260"/></Shape></Glyph><Glyph ID="char_48" CONTENT="ה" GC="1.0"><Shape><Polygon POINTS="2443 1249 2417 1397 2446 1403 2473 1254"/></Shape></Glyph><Glyph ID="char_49" CONTENT=" " GC="1.0"><Shape><Polygon POINTS="2397 1242 2397 1394 2417 1397 2443 1249"/></Shape></Glyph><Glyph ID="char_50" CONTENT="כ" GC="1.0"><Shape><Polygon POINTS="2366 1243 2366 1394 2397 1394 2397 1242"/></Shape></Glyph><Glyph ID="char_51" CONTENT="ד" GC="1.0"><Shape><Polygon POINTS="2335 1243 2335 1394 2366 1394 2366 1243"/></Shape></Glyph><Glyph ID="char_52" CONTENT="מ" GC="1.0"><Shape><Polygon POINTS="2313 1241 2299 1392 2335 1394 2335 1243"/></Shape></Glyph><Glyph ID="char_53" CONTENT="ו" GC="1.0"><Shape><Polygon POINTS="2282 1238 2269 1389 2299 1392 2313 1241"/></Shape></Glyph><Glyph ID="char_54" CONTENT="ת" GC="1.0"><Shape><Polygon POINTS="2251 1236 2238 1387 2269 1389 2282 1238"/></Shape></Glyph><Glyph ID="char_55" CONTENT=" " GC="1.0"><Shape><Polygon POINTS="2220 1233 2207 1384 2238 1387 2251 1236"/></Shape></Glyph><Glyph ID="char_56" CONTENT="ח" GC="1.0"><Shape><Polygon POINTS="2190 1230 2177 1381 2207 1384 2220 1233"/></Shape></Glyph><Glyph ID="char_57" CONTENT="ז" GC="1.0"><Shape><Polygon POINTS="2169 1228 2156 1379 2177 1381 2190 1230"/></Shape></Glyph><Glyph ID="char_58" CONTENT="י" GC="1.0"><Shape><Polygon POINTS="2149 1227 2136 1378 2156 1379 2169 1228"/></Shape></Glyph><Glyph ID="char_59" CONTENT=" " GC="1.0"><Shape><Polygon POINTS="2118 1224 2105 1375 2136 1378 2149 1227"/></Shape></Glyph><Glyph ID="char_60" CONTENT="ד" GC="1.0"><Shape><Polygon POINTS="2087 1221 2074 1372 2105 1375 2118 1224"/></Shape></Glyph><Glyph ID="char_61" CONTENT="מ" GC="1.0"><Shape><Polygon POINTS="2057 1219 2043 1369 2074 1372 2087 1221"/></Shape></Glyph><Glyph ID="char_62" CONTENT="י" GC="1.0"><Shape><Polygon POINTS="2027 1216 2014 1367 2043 1369 2057 1219"/></Shape></Glyph><Glyph ID="char_63" CONTENT=" " GC="1.0"><Shape><Polygon POINTS="2006 1214 1993 1365 2014 1367 2027 1216"/></Shape></Glyph><Glyph ID="char_64" CONTENT="כ" GC="1.0"><Shape><Polygon POINTS="1975 1211 1962 1362 1993 1365 2006 1214"/></Shape></Glyph><Glyph ID="char_65" CONTENT="ד" GC="1.0"><Shape><Polygon POINTS="1934 1208 1921 1359 1962 1362 1975 1211"/></Shape></Glyph><Glyph ID="char_66" CONTENT="י" GC="1.0"><Shape><Polygon POINTS="1914 1206 1901 1357 1921 1359 1934 1208"/></Shape></Glyph><Glyph ID="char_67" CONTENT=" " GC="1.0"><Shape><Polygon POINTS="1893 1204 1880 1355 1901 1357 1914 1206"/></Shape></Glyph><Glyph ID="char_68" CONTENT="נ" GC="1.0"><Shape><Polygon POINTS="1863 1202 1850 1353 1880 1355 1893 1204"/></Shape></Glyph><Glyph ID="char_69" CONTENT="ה" GC="1.0"><Shape><Polygon POINTS="1822 1198 1809 1349 1850 1353 1863 1202"/></Shape></Glyph><Glyph ID="char_70" CONTENT="ו" GC="1.0"><Shape><Polygon POINTS="1798 1195 1774 1346 1809 1349 1822 1198"/></Shape></Glyph><Glyph ID="char_71" CONTENT="ר" GC="1.0"><Shape><Polygon POINTS="1758 1189 1734 1339 1774 1346 1798 1195"/></Shape></Glyph><Glyph ID="char_72" CONTENT="ה" GC="1.0"><Shape><Polygon POINTS="1727 1185 1703 1334 1734 1339 1758 1189"/></Shape></Glyph><Glyph ID="char_73" CONTENT=" " GC="1.0"><Shape><Polygon POINTS="1684 1179 1681 1331 1703 1334 1727 1185"/></Shape></Glyph><Glyph ID="char_74" CONTENT="ב" GC="1.0"><Shape><Polygon POINTS="1654 1178 1651 1330 1681 1331 1684 1179"/></Shape></Glyph><Glyph ID="char_75" CONTENT="ה" GC="1.0"><Shape><Polygon POINTS="1623 1178 1620 1330 1651 1330 1654 1178"/></Shape></Glyph><Glyph ID="char_76" CONTENT=" " GC="1.0"><Shape><Polygon POINTS="1582 1177 1579 1329 1620 1330 1623 1178"/></Shape></Glyph><Glyph ID="char_77" CONTENT="ה" GC="1.0"><Shape><Polygon POINTS="1541 1176 1538 1328 1579 1329 1582 1177"/></Shape></Glyph><Glyph ID="char_78" CONTENT="א" GC="1.0"><Shape><Polygon POINTS="1510 1176 1507 1328 1538 1328 1541 1176"/></Shape></Glyph><Glyph ID="char_79" CONTENT=" " GC="1.0"><Shape><Polygon POINTS="1467 1266 1507 1266"/></Shape></Glyph></String>
          </TextLine>

          
          
          <TextLine ID="eSc_line_1773910" BASELINE="1702 1449 1873 1456 1959 1465 2415 1497 2577 1519 2719 1531 2765 1536" HPOS="1699.0" VPOS="1357.0" WIDTH="1075.0" HEIGHT="239.0">
            <Shape><Polygon POINTS="1705 1357 1876 1364 1968 1374 2421 1406 2589 1428 2726 1440 2774 1445 2758 1596 2713 1591 2568 1579 2410 1557 1952 1525 1870 1516 1699 1509"/></Shape>
	    <String CONTENT=" צת דמי חזוא דן כדמות אנש ביממא מ " HPOS="1699.0" VPOS="1357.0" WIDTH="1075.0" HEIGHT="239.0"><Glyph ID="char_80" CONTENT=" " GC="1.0"><Shape><Polygon POINTS="2700 1438 2687 1589 2737 1594 2753 1443"/></Shape></Glyph><Glyph ID="char_81" CONTENT="צ" GC="1.0"><Shape><Polygon POINTS="2669 1435 2656 1586 2687 1589 2700 1438"/></Shape></Glyph><Glyph ID="char_82" CONTENT="ת" GC="1.0"><Shape><Polygon POINTS="2649 1433 2636 1585 2656 1586 2669 1435"/></Shape></Glyph><Glyph ID="char_83" CONTENT=" " GC="1.0"><Shape><Polygon POINTS="2618 1431 2606 1582 2636 1585 2649 1433"/></Shape></Glyph><Glyph ID="char_84" CONTENT="ד" GC="1.0"><Shape><Polygon POINTS="2587 1428 2575 1580 2606 1582 2618 1431"/></Shape></Glyph><Glyph ID="char_85" CONTENT="מ" GC="1.0"><Shape><Polygon POINTS="2561 1424 2541 1575 2575 1580 2587 1428"/></Shape></Glyph><Glyph ID="char_86" CONTENT="י" GC="1.0"><Shape><Polygon POINTS="2541 1422 2521 1572 2541 1575 2561 1424"/></Shape></Glyph><Glyph ID="char_87" CONTENT=" " GC="1.0"><Shape><Polygon POINTS="2511 1418 2490 1568 2521 1572 2541 1422"/></Shape></Glyph><Glyph ID="char_88" CONTENT="ח" GC="1.0"><Shape><Polygon POINTS="2480 1414 2460 1564 2490 1568 2511 1418"/></Shape></Glyph><Glyph ID="char_89" CONTENT="ז" GC="1.0"><Shape><Polygon POINTS="2460 1411 2440 1561 2460 1564 2480 1414"/></Shape></Glyph><Glyph ID="char_90" CONTENT="ו" GC="1.0"><Shape><Polygon POINTS="2429 1407 2409 1557 2440 1561 2460 1411"/></Shape></Glyph><Glyph ID="char_91" CONTENT="א" GC="1.0"><Shape><Polygon POINTS="2404 1405 2393 1556 2409 1557 2429 1407"/></Shape></Glyph><Glyph ID="char_92" CONTENT=" " GC="1.0"><Shape><Polygon POINTS="2373 1403 2362 1554 2393 1556 2404 1405"/></Shape></Glyph><Glyph ID="char_93" CONTENT="ד" GC="1.0"><Shape><Polygon POINTS="2352 1401 2341 1552 2362 1554 2373 1403"/></Shape></Glyph><Glyph ID="char_94" CONTENT="ן" GC="1.0"><Shape><Polygon POINTS="2332 1400 2321 1551 2341 1552 2352 1401"/></Shape></Glyph><Glyph ID="char_95" CONTENT=" " GC="1.0"><Shape><Polygon POINTS="2311 1398 2300 1549 2321 1551 2332 1400"/></Shape></Glyph><Glyph ID="char_96" CONTENT="כ" GC="1.0"><Shape><Polygon POINTS="2281 1396 2270 1547 2300 1549 2311 1398"/></Shape></Glyph><Glyph ID="char_97" CONTENT="ד" GC="1.0"><Shape><Polygon POINTS="2240 1393 2229 1544 2270 1547 2281 1396"/></Shape></Glyph><Glyph ID="char_98" CONTENT="מ" GC="1.0"><Shape><Polygon POINTS="2209 1391 2199 1542 2229 1544 2240 1393"/></Shape></Glyph><Glyph ID="char_99" CONTENT="ו" GC="1.0"><Shape><Polygon POINTS="2178 1389 2168 1540 2199 1542 2209 1391"/></Shape></Glyph><Glyph ID="char_100" CONTENT="ת" GC="1.0"><Shape><Polygon POINTS="2157 1387 2147 1539 2168 1540 2178 1389"/></Shape></Glyph><Glyph ID="char_101" CONTENT=" " GC="1.0"><Shape><Polygon POINTS="2127 1385 2117 1537 2147 1539 2157 1387"/></Shape></Glyph><Glyph ID="char_102" CONTENT="א" GC="1.0"><Shape><Polygon POINTS="2096 1383 2086 1534 2117 1537 2127 1385"/></Shape></Glyph><Glyph ID="char_103" CONTENT="נ" GC="1.0"><Shape><Polygon POINTS="2046 1379 2035 1531 2086 1534 2096 1383"/></Shape></Glyph><Glyph ID="char_104" CONTENT="ש" GC="1.0"><Shape><Polygon POINTS="1994 1376 1983 1527 2035 1531 2046 1379"/></Shape></Glyph><Glyph ID="char_105" CONTENT=" " GC="1.0"><Shape><Polygon POINTS="1984 1375 1973 1526 1983 1527 1994 1376"/></Shape></Glyph><Glyph ID="char_106" CONTENT="ב" GC="1.0"><Shape><Polygon POINTS="1956 1373 1940 1524 1973 1526 1984 1375"/></Shape></Glyph><Glyph ID="char_107" CONTENT="י" GC="1.0"><Shape><Polygon POINTS="1915 1368 1899 1519 1940 1524 1956 1373"/></Shape></Glyph><Glyph ID="char_108" CONTENT="מ" GC="1.0"><Shape><Polygon POINTS="1869 1364 1862 1516 1899 1519 1915 1368"/></Shape></Glyph><Glyph ID="char_109" CONTENT="מ" GC="1.0"><Shape><Polygon POINTS="1828 1362 1821 1514 1862 1516 1869 1364"/></Shape></Glyph><Glyph ID="char_110" CONTENT="א" GC="1.0"><Shape><Polygon POINTS="1787 1360 1780 1512 1821 1514 1828 1362"/></Shape></Glyph><Glyph ID="char_111" CONTENT=" " GC="1.0"><Shape><Polygon POINTS="1767 1360 1760 1512 1780 1512 1787 1360"/></Shape></Glyph><Glyph ID="char_112" CONTENT="מ" GC="1.0"><Shape><Polygon POINTS="1736 1358 1729 1510 1760 1512 1767 1360"/></Shape></Glyph><Glyph ID="char_113" CONTENT=" " GC="1.0"><Shape><Polygon POINTS="1701 1448 1731 1449"/></Shape></Glyph></String>
          </TextLine>

          
          
          <TextLine ID="eSc_line_1773911" BASELINE="1822 1610 2119 1614 2329 1628 2521 1648 2708 1682 2870 1698" HPOS="1821.0" VPOS="1518.0" WIDTH="1057.0" HEIGHT="240.0">
            <Shape><Polygon POINTS="1823 1518 2120 1522 2335 1537 2530 1557 2724 1592 2878 1607 2864 1758 2697 1741 2514 1708 2324 1688 2118 1674 1821 1670"/></Shape>
	    <String CONTENT=" ה בלחודהי וכען מחוה אנה לך ברי " HPOS="1821.0" VPOS="1518.0" WIDTH="1057.0" HEIGHT="240.0"><Glyph ID="char_114" CONTENT=" " GC="1.0"><Shape><Polygon POINTS="2838 1603 2823 1754 2863 1758 2878 1607"/></Shape></Glyph><Glyph ID="char_115" CONTENT="ה" GC="1.0"><Shape><Polygon POINTS="2807 1600 2792 1751 2823 1754 2838 1603"/></Shape></Glyph><Glyph ID="char_116" CONTENT=" " GC="1.0"><Shape><Polygon POINTS="2777 1597 2762 1748 2792 1751 2807 1600"/></Shape></Glyph><Glyph ID="char_117" CONTENT="ב" GC="1.0"><Shape><Polygon POINTS="2746 1594 2731 1744 2762 1748 2777 1597"/></Shape></Glyph><Glyph ID="char_118" CONTENT="ל" GC="1.0"><Shape><Polygon POINTS="2723 1592 2696 1741 2731 1744 2746 1594"/></Shape></Glyph><Glyph ID="char_119" CONTENT="ח" GC="1.0"><Shape><Polygon POINTS="2693 1586 2666 1735 2696 1741 2723 1592"/></Shape></Glyph><Glyph ID="char_120" CONTENT="ו" GC="1.0"><Shape><Polygon POINTS="2663 1581 2636 1730 2666 1735 2693 1586"/></Shape></Glyph><Glyph ID="char_121" CONTENT="ד" GC="1.0"><Shape><Polygon POINTS="2622 1574 2595 1723 2636 1730 2663 1581"/></Shape></Glyph><Glyph ID="char_122" CONTENT="ה" GC="1.0"><Shape><Polygon POINTS="2582 1566 2555 1715 2595 1723 2622 1574"/></Shape></Glyph><Glyph ID="char_123" CONTENT="י" GC="1.0"><Shape><Polygon POINTS="2552 1561 2524 1710 2555 1715 2582 1566"/></Shape></Glyph><Glyph ID="char_124" CONTENT=" " GC="1.0"><Shape><Polygon POINTS="2525 1556 2509 1707 2524 1710 2552 1561"/></Shape></Glyph><Glyph ID="char_125" CONTENT="ו" GC="1.0"><Shape><Polygon POINTS="2494 1553 2478 1704 2509 1707 2525 1556"/></Shape></Glyph><Glyph ID="char_126" CONTENT="כ" GC="1.0"><Shape><Polygon POINTS="2474 1551 2459 1702 2478 1704 2494 1553"/></Shape></Glyph><Glyph ID="char_127" CONTENT="ע" GC="1.0"><Shape><Polygon POINTS="2443 1548 2428 1699 2459 1702 2474 1551"/></Shape></Glyph><Glyph ID="char_128" CONTENT="ן" GC="1.0"><Shape><Polygon POINTS="2413 1545 2397 1696 2428 1699 2443 1548"/></Shape></Glyph><Glyph ID="char_129" CONTENT=" " GC="1.0"><Shape><Polygon POINTS="2403 1544 2387 1695 2397 1696 2413 1545"/></Shape></Glyph><Glyph ID="char_130" CONTENT="מ" GC="1.0"><Shape><Polygon POINTS="2362 1540 2346 1690 2387 1695 2403 1544"/></Shape></Glyph><Glyph ID="char_131" CONTENT="ח" GC="1.0"><Shape><Polygon POINTS="2318 1536 2308 1687 2346 1690 2362 1540"/></Shape></Glyph><Glyph ID="char_132" CONTENT="ו" GC="1.0"><Shape><Polygon POINTS="2287 1534 2277 1685 2308 1687 2318 1536"/></Shape></Glyph><Glyph ID="char_133" CONTENT="ה" GC="1.0"><Shape><Polygon POINTS="2257 1532 2247 1683 2277 1685 2287 1534"/></Shape></Glyph><Glyph ID="char_134" CONTENT=" " GC="1.0"><Shape><Polygon POINTS="2226 1529 2216 1681 2247 1683 2257 1532"/></Shape></Glyph><Glyph ID="char_135" CONTENT="א" GC="1.0"><Shape><Polygon POINTS="2195 1527 2185 1679 2216 1681 2226 1529"/></Shape></Glyph><Glyph ID="char_136" CONTENT="נ" GC="1.0"><Shape><Polygon POINTS="2165 1525 2155 1677 2185 1679 2195 1527"/></Shape></Glyph><Glyph ID="char_137" CONTENT="ה" GC="1.0"><Shape><Polygon POINTS="2120 1522 2117 1674 2155 1677 2165 1525"/></Shape></Glyph><Glyph ID="char_138" CONTENT=" " GC="1.0"><Shape><Polygon POINTS="2099 1522 2096 1674 2117 1674 2120 1522"/></Shape></Glyph><Glyph ID="char_139" CONTENT="ל" GC="1.0"><Shape><Polygon POINTS="2069 1521 2066 1673 2096 1674 2099 1522"/></Shape></Glyph><Glyph ID="char_140" CONTENT="ך" GC="1.0"><Shape><Polygon POINTS="2038 1521 2035 1673 2066 1673 2069 1521"/></Shape></Glyph><Glyph ID="char_141" CONTENT=" " GC="1.0"><Shape><Polygon POINTS="2017 1521 2014 1673 2035 1673 2038 1521"/></Shape></Glyph><Glyph ID="char_142" CONTENT="ב" GC="1.0"><Shape><Polygon POINTS="1977 1520 1974 1672 2014 1673 2017 1521"/></Shape></Glyph><Glyph ID="char_143" CONTENT="ר" GC="1.0"><Shape><Polygon POINTS="1936 1520 1933 1672 1974 1672 1977 1520"/></Shape></Glyph><Glyph ID="char_144" CONTENT="י" GC="1.0"><Shape><Polygon POINTS="1884 1519 1881 1671 1933 1672 1936 1520"/></Shape></Glyph><Glyph ID="char_145" CONTENT=" " GC="1.0"><Shape><Polygon POINTS="1821 1609 1881 1610"/></Shape></Glyph></String>
          </TextLine>

          
          
          <TextLine ID="eSc_line_1773912" BASELINE="2243 1792 2550 1801" HPOS="2241.0" VPOS="1700.0" WIDTH="311.0" HEIGHT="161.0">
            <Shape><Polygon POINTS="2245 1700 2552 1709 2548 1861 2241 1852"/></Shape>
	    <String CONTENT=" שבון א " HPOS="2241.0" VPOS="1700.0" WIDTH="311.0" HEIGHT="161.0"><Glyph ID="char_146" CONTENT=" " GC="1.0"><Shape><Polygon POINTS="2472 1707 2467 1859 2518 1860 2523 1708"/></Shape></Glyph><Glyph ID="char_147" CONTENT="ש" GC="1.0"><Shape><Polygon POINTS="2430 1705 2425 1857 2467 1859 2472 1707"/></Shape></Glyph><Glyph ID="char_148" CONTENT="ב" GC="1.0"><Shape><Polygon POINTS="2389 1704 2384 1856 2425 1857 2430 1705"/></Shape></Glyph><Glyph ID="char_149" CONTENT="ו" GC="1.0"><Shape><Polygon POINTS="2358 1703 2353 1855 2384 1856 2389 1704"/></Shape></Glyph><Glyph ID="char_150" CONTENT="ן" GC="1.0"><Shape><Polygon POINTS="2338 1703 2333 1855 2353 1855 2358 1703"/></Shape></Glyph><Glyph ID="char_151" CONTENT=" " GC="1.0"><Shape><Polygon POINTS="2317 1702 2312 1854 2333 1855 2338 1703"/></Shape></Glyph><Glyph ID="char_152" CONTENT="א" GC="1.0"><Shape><Polygon POINTS="2276 1701 2271 1853 2312 1854 2317 1702"/></Shape></Glyph><Glyph ID="char_153" CONTENT=" " GC="1.0"><Shape><Polygon POINTS="2242 1791 2272 1792"/></Shape></Glyph></String>
          </TextLine>

          
        </TextBlock>
        

        
      </PrintSpace>
    </Page>
  </Layout>
</alto>