<?xml version='1.0' encoding='UTF-8'?>
<alto xmlns:xsi="http://www.w3.org/2001/XMLSchema-instance" xmlns="http://www.loc.gov/standards/alto/ns-v4#" xsi:schemaLocation="http://www.loc.gov/standards/alto/ns-v4# http://www.loc.gov/standards/alto/v4/alto-4-2.xsd">
  <Description>
    <MeasurementUnit>pixel</MeasurementUnit>
    <sourceImageInformation>
      <fileName>P908-Fg013-R-C01-R01-D19062013-T115845-LR924_012.jpg</fileName>
      
    </sourceImageInformation>
  </Description>
  
  <Tags>
    <OtherTag ID="BT1443" LABEL="Parchment_or_papyrus" DESCRIPTION="block type Parchment_or_papyrus"/><OtherTag ID="BT2" LABEL="Main" DESCRIPTION="block type Main"/>
    
  </Tags>
  
  <Layout>
    <Page WIDTH="3608" HEIGHT="2706" PHYSICAL_IMG_NR="361" ID="eSc_dummypage_">
      <PrintSpace HPOS="0" VPOS="0" WIDTH="3608" HEIGHT="2706">
        
        <TextBlock HPOS="1011.0" VPOS="853.0" WIDTH="1204.0" HEIGHT="1118.0" ID="eSc_textblock_259fce6e" TAGREFS="BT2">
          <Shape><Polygon POINTS="1011 853 1011 1971 2215 1971 2215 853"/></Shape>
          
          
          <TextLine ID="eSc_line_1791075" BASELINE="1109 976 1233 983 1391 983 1648 965" HPOS="1104.0" VPOS="848.0" WIDTH="549.0" HEIGHT="213.0">
            <Shape><Polygon POINTS="1115 859 1239 866 1391 866 1639 848 1653 1042 1391 1061 1228 1060 1104 1053"/></Shape>
	    <String CONTENT=" ע טעו " HPOS="1104.0" VPOS="848.0" WIDTH="549.0" HEIGHT="213.0"><Glyph ID="char_0" CONTENT=" " GC="1.0"><Shape><Polygon POINTS="1573 853 1587 1047 1626 1044 1612 850"/></Shape></Glyph><Glyph ID="char_1" CONTENT="ע" GC="1.0"><Shape><Polygon POINTS="1428 863 1442 1057 1587 1047 1573 853"/></Shape></Glyph><Glyph ID="char_2" CONTENT=" " GC="1.0"><Shape><Polygon POINTS="1292 866 1292 1060 1442 1057 1428 863"/></Shape></Glyph><Glyph ID="char_3" CONTENT="ט" GC="1.0"><Shape><Polygon POINTS="1234 866 1222 1060 1292 1060 1292 866"/></Shape></Glyph><Glyph ID="char_4" CONTENT="ע" GC="1.0"><Shape><Polygon POINTS="1168 862 1156 1056 1222 1060 1234 866"/></Shape></Glyph><Glyph ID="char_5" CONTENT="ו" GC="1.0"><Shape><Polygon POINTS="1128 860 1116 1054 1156 1056 1168 862"/></Shape></Glyph><Glyph ID="char_6" CONTENT=" " GC="1.0"><Shape><Polygon POINTS="1108 975 1120 975"/></Shape></Glyph></String>
          </TextLine>

          
          
          <TextLine ID="eSc_line_1791076" BASELINE="1102 1170 1262 1165 1436 1154 1603 1150 1997 1127 2074 1127 2137 1132" HPOS="1098.0" VPOS="1010.0" WIDTH="1048.0" HEIGHT="237.0">
            <Shape><Polygon POINTS="1098 1053 1258 1048 1428 1037 1600 1033 1990 1010 2074 1010 2146 1015 2130 1209 2074 1205 2001 1204 1604 1227 1440 1231 1264 1242 1104 1247"/></Shape>
	    <String CONTENT=" דנה יתכנשון קריאי " HPOS="1098.0" VPOS="1010.0" WIDTH="1048.0" HEIGHT="237.0"><Glyph ID="char_7" CONTENT=" " GC="1.0"><Shape><Polygon POINTS="2092 1011 2077 1205 2129 1209 2144 1015"/></Shape></Glyph><Glyph ID="char_8" CONTENT="ד" GC="1.0"><Shape><Polygon POINTS="2031 1010 2031 1204 2077 1205 2092 1011"/></Shape></Glyph><Glyph ID="char_9" CONTENT="נ" GC="1.0"><Shape><Polygon POINTS="1958 1012 1969 1206 2031 1204 2031 1010"/></Shape></Glyph><Glyph ID="char_10" CONTENT="ה" GC="1.0"><Shape><Polygon POINTS="1906 1015 1917 1209 1969 1206 1958 1012"/></Shape></Glyph><Glyph ID="char_11" CONTENT=" " GC="1.0"><Shape><Polygon POINTS="1854 1018 1866 1212 1917 1209 1906 1015"/></Shape></Glyph><Glyph ID="char_12" CONTENT="י" GC="1.0"><Shape><Polygon POINTS="1801 1021 1813 1215 1866 1212 1854 1018"/></Shape></Glyph><Glyph ID="char_13" CONTENT="ת" GC="1.0"><Shape><Polygon POINTS="1736 1025 1748 1219 1813 1215 1801 1021"/></Shape></Glyph><Glyph ID="char_14" CONTENT="כ" GC="1.0"><Shape><Polygon POINTS="1684 1028 1695 1222 1748 1219 1736 1025"/></Shape></Glyph><Glyph ID="char_15" CONTENT="נ" GC="1.0"><Shape><Polygon POINTS="1645 1030 1656 1224 1695 1222 1684 1028"/></Shape></Glyph><Glyph ID="char_16" CONTENT="ש" GC="1.0"><Shape><Polygon POINTS="1583 1033 1587 1227 1656 1224 1645 1030"/></Shape></Glyph><Glyph ID="char_17" CONTENT="ו" GC="1.0"><Shape><Polygon POINTS="1531 1035 1535 1229 1587 1227 1583 1033"/></Shape></Glyph><Glyph ID="char_18" CONTENT="ן" GC="1.0"><Shape><Polygon POINTS="1505 1035 1509 1229 1535 1229 1531 1035"/></Shape></Glyph><Glyph ID="char_19" CONTENT=" " GC="1.0"><Shape><Polygon POINTS="1452 1036 1456 1231 1509 1229 1505 1035"/></Shape></Glyph><Glyph ID="char_20" CONTENT="ק" GC="1.0"><Shape><Polygon POINTS="1368 1041 1381 1235 1456 1231 1452 1036"/></Shape></Glyph><Glyph ID="char_21" CONTENT="ר" GC="1.0"><Shape><Polygon POINTS="1290 1046 1303 1240 1381 1235 1368 1041"/></Shape></Glyph><Glyph ID="char_22" CONTENT="י" GC="1.0"><Shape><Polygon POINTS="1228 1049 1234 1243 1303 1240 1290 1046"/></Shape></Glyph><Glyph ID="char_23" CONTENT="א" GC="1.0"><Shape><Polygon POINTS="1163 1051 1169 1245 1234 1243 1228 1049"/></Shape></Glyph><Glyph ID="char_24" CONTENT="י" GC="1.0"><Shape><Polygon POINTS="1110 1053 1116 1247 1169 1245 1163 1051"/></Shape></Glyph><Glyph ID="char_25" CONTENT=" " GC="1.0"><Shape><Polygon POINTS="1101 1170 1113 1169"/></Shape></Glyph></String>
          </TextLine>

          
          
          <TextLine ID="eSc_line_1791077" BASELINE="1071 1339 1122 1350 1231 1357 1641 1330 1984 1319 2128 1321" HPOS="1054.0" VPOS="1202.0" WIDTH="1075.0" HEIGHT="232.0">
            <Shape><Polygon POINTS="1095 1224 1146 1235 1238 1240 1633 1213 1980 1202 2129 1204 2126 1398 1986 1396 1646 1407 1226 1434 1105 1426 1054 1415"/></Shape>
	    <String CONTENT=" ממיא ולהוה מן יום " HPOS="1054.0" VPOS="1202.0" WIDTH="1075.0" HEIGHT="232.0"><Glyph ID="char_26" CONTENT=" " GC="1.0"><Shape><Polygon POINTS="2036 1203 2033 1397 2099 1398 2102 1204"/></Shape></Glyph><Glyph ID="char_27" CONTENT="מ" GC="1.0"><Shape><Polygon POINTS="1966 1202 1972 1396 2033 1397 2036 1203"/></Shape></Glyph><Glyph ID="char_28" CONTENT="מ" GC="1.0"><Shape><Polygon POINTS="1914 1204 1920 1398 1972 1396 1966 1202"/></Shape></Glyph><Glyph ID="char_29" CONTENT="י" GC="1.0"><Shape><Polygon POINTS="1861 1206 1867 1400 1920 1398 1914 1204"/></Shape></Glyph><Glyph ID="char_30" CONTENT="א" GC="1.0"><Shape><Polygon POINTS="1809 1207 1815 1402 1867 1400 1861 1206"/></Shape></Glyph><Glyph ID="char_31" CONTENT=" " GC="1.0"><Shape><Polygon POINTS="1770 1209 1776 1403 1815 1402 1809 1207"/></Shape></Glyph><Glyph ID="char_32" CONTENT="ו" GC="1.0"><Shape><Polygon POINTS="1718 1210 1724 1404 1776 1403 1770 1209"/></Shape></Glyph><Glyph ID="char_33" CONTENT="ל" GC="1.0"><Shape><Polygon POINTS="1652 1212 1658 1407 1724 1404 1718 1210"/></Shape></Glyph><Glyph ID="char_34" CONTENT="ה" GC="1.0"><Shape><Polygon POINTS="1596 1216 1609 1409 1658 1407 1652 1212"/></Shape></Glyph><Glyph ID="char_35" CONTENT="ו" GC="1.0"><Shape><Polygon POINTS="1531 1220 1544 1414 1609 1409 1596 1216"/></Shape></Glyph><Glyph ID="char_36" CONTENT="ה" GC="1.0"><Shape><Polygon POINTS="1478 1224 1491 1417 1544 1414 1531 1220"/></Shape></Glyph><Glyph ID="char_37" CONTENT=" " GC="1.0"><Shape><Polygon POINTS="1439 1226 1452 1419 1491 1417 1478 1224"/></Shape></Glyph><Glyph ID="char_38" CONTENT="מ" GC="1.0"><Shape><Polygon POINTS="1387 1230 1400 1423 1452 1419 1439 1226"/></Shape></Glyph><Glyph ID="char_39" CONTENT="ן" GC="1.0"><Shape><Polygon POINTS="1348 1232 1361 1425 1400 1423 1387 1230"/></Shape></Glyph><Glyph ID="char_40" CONTENT=" " GC="1.0"><Shape><Polygon POINTS="1309 1235 1321 1428 1361 1425 1348 1232"/></Shape></Glyph><Glyph ID="char_41" CONTENT="י" GC="1.0"><Shape><Polygon POINTS="1270 1238 1282 1430 1321 1428 1309 1235"/></Shape></Glyph><Glyph ID="char_42" CONTENT="ו" GC="1.0"><Shape><Polygon POINTS="1233 1240 1220 1434 1282 1430 1270 1238"/></Shape></Glyph><Glyph ID="char_43" CONTENT="ם" GC="1.0"><Shape><Polygon POINTS="1168 1236 1156 1429 1220 1434 1233 1240"/></Shape></Glyph><Glyph ID="char_44" CONTENT=" " GC="1.0"><Shape><Polygon POINTS="1109 1227 1065 1417 1156 1429 1168 1236"/></Shape></Glyph></String>
          </TextLine>

          
          
          <TextLine ID="eSc_line_1791078" BASELINE="1150 1560 1269 1571 1362 1571 1659 1553 1984 1549" HPOS="1142.0" VPOS="1432.0" WIDTH="842.0" HEIGHT="217.0">
            <Shape><Polygon POINTS="1160 1443 1279 1454 1362 1454 1651 1436 1982 1432 1984 1626 1663 1630 1362 1649 1261 1648 1142 1637"/></Shape>
	    <String CONTENT=" ין ומלכי עממיא " HPOS="1142.0" VPOS="1432.0" WIDTH="842.0" HEIGHT="217.0"><Glyph ID="char_45" CONTENT=" " GC="1.0"><Shape><Polygon POINTS="1903 1433 1906 1627 1958 1626 1955 1432"/></Shape></Glyph><Glyph ID="char_46" CONTENT="י" GC="1.0"><Shape><Polygon POINTS="1850 1434 1853 1628 1906 1627 1903 1433"/></Shape></Glyph><Glyph ID="char_47" CONTENT="ן" GC="1.0"><Shape><Polygon POINTS="1824 1434 1827 1628 1853 1628 1850 1434"/></Shape></Glyph><Glyph ID="char_48" CONTENT=" " GC="1.0"><Shape><Polygon POINTS="1785 1434 1788 1628 1827 1628 1824 1434"/></Shape></Glyph><Glyph ID="char_49" CONTENT="ו" GC="1.0"><Shape><Polygon POINTS="1733 1435 1736 1629 1788 1628 1785 1434"/></Shape></Glyph><Glyph ID="char_50" CONTENT="מ" GC="1.0"><Shape><Polygon POINTS="1668 1436 1671 1630 1736 1629 1733 1435"/></Shape></Glyph><Glyph ID="char_51" CONTENT="ל" GC="1.0"><Shape><Polygon POINTS="1611 1439 1623 1633 1671 1630 1668 1436"/></Shape></Glyph><Glyph ID="char_52" CONTENT="כ" GC="1.0"><Shape><Polygon POINTS="1559 1442 1571 1636 1623 1633 1611 1439"/></Shape></Glyph><Glyph ID="char_53" CONTENT="י" GC="1.0"><Shape><Polygon POINTS="1532 1443 1544 1638 1571 1636 1559 1442"/></Shape></Glyph><Glyph ID="char_54" CONTENT=" " GC="1.0"><Shape><Polygon POINTS="1506 1445 1518 1639 1544 1638 1532 1443"/></Shape></Glyph><Glyph ID="char_55" CONTENT="ע" GC="1.0"><Shape><Polygon POINTS="1441 1449 1453 1643 1518 1639 1506 1445"/></Shape></Glyph><Glyph ID="char_56" CONTENT="מ" GC="1.0"><Shape><Polygon POINTS="1363 1454 1375 1648 1453 1643 1441 1449"/></Shape></Glyph><Glyph ID="char_57" CONTENT="מ" GC="1.0"><Shape><Polygon POINTS="1318 1454 1318 1649 1375 1648 1363 1454"/></Shape></Glyph><Glyph ID="char_58" CONTENT="י" GC="1.0"><Shape><Polygon POINTS="1279 1454 1279 1648 1318 1649 1318 1454"/></Shape></Glyph><Glyph ID="char_59" CONTENT="א" GC="1.0"><Shape><Polygon POINTS="1251 1451 1232 1645 1279 1648 1279 1454"/></Shape></Glyph><Glyph ID="char_60" CONTENT=" " GC="1.0"><Shape><Polygon POINTS="1186 1445 1167 1639 1232 1645 1251 1451"/></Shape></Glyph></String>
          </TextLine>

          
          
          <TextLine ID="eSc_line_1791079" BASELINE="1231 1758 1567 1770 1806 1767 2020 1758 2081 1749" HPOS="1228.0" VPOS="1633.0" WIDTH="864.0" HEIGHT="214.0">
            <Shape><Polygon POINTS="1235 1641 1571 1653 1804 1650 2015 1641 2063 1633 2092 1826 2023 1835 1806 1844 1564 1847 1228 1835"/></Shape>
	    <String CONTENT=" בדין עד יומא " HPOS="1228.0" VPOS="1633.0" WIDTH="864.0" HEIGHT="214.0"><Glyph ID="char_61" CONTENT=" " GC="1.0"><Shape><Polygon POINTS="2024 1639 2053 1831 2090 1826 2062 1633"/></Shape></Glyph><Glyph ID="char_62" CONTENT="ב" GC="1.0"><Shape><Polygon POINTS="1971 1643 1979 1837 2053 1831 2024 1639"/></Shape></Glyph><Glyph ID="char_63" CONTENT="ד" GC="1.0"><Shape><Polygon POINTS="1906 1646 1914 1840 1979 1837 1971 1643"/></Shape></Glyph><Glyph ID="char_64" CONTENT="י" GC="1.0"><Shape><Polygon POINTS="1853 1648 1861 1842 1914 1840 1906 1646"/></Shape></Glyph><Glyph ID="char_65" CONTENT="ן" GC="1.0"><Shape><Polygon POINTS="1827 1649 1835 1843 1861 1842 1853 1648"/></Shape></Glyph><Glyph ID="char_66" CONTENT=" " GC="1.0"><Shape><Polygon POINTS="1791 1650 1794 1844 1835 1843 1827 1649"/></Shape></Glyph><Glyph ID="char_67" CONTENT="ע" GC="1.0"><Shape><Polygon POINTS="1712 1651 1715 1845 1794 1844 1791 1650"/></Shape></Glyph><Glyph ID="char_68" CONTENT="ד" GC="1.0"><Shape><Polygon POINTS="1647 1652 1650 1846 1715 1845 1712 1651"/></Shape></Glyph><Glyph ID="char_69" CONTENT=" " GC="1.0"><Shape><Polygon POINTS="1621 1652 1624 1846 1650 1846 1647 1652"/></Shape></Glyph><Glyph ID="char_70" CONTENT="י" GC="1.0"><Shape><Polygon POINTS="1582 1653 1585 1847 1624 1846 1621 1652"/></Shape></Glyph><Glyph ID="char_71" CONTENT="ו" GC="1.0"><Shape><Polygon POINTS="1535 1652 1528 1846 1585 1847 1582 1653"/></Shape></Glyph><Glyph ID="char_72" CONTENT="מ" GC="1.0"><Shape><Polygon POINTS="1483 1650 1476 1844 1528 1846 1535 1652"/></Shape></Glyph><Glyph ID="char_73" CONTENT="א" GC="1.0"><Shape><Polygon POINTS="1430 1648 1423 1842 1476 1844 1483 1650"/></Shape></Glyph><Glyph ID="char_74" CONTENT=" " GC="1.0"><Shape><Polygon POINTS="1300 1643 1293 1837 1423 1842 1430 1648"/></Shape></Glyph></String>
          </TextLine>

          
        </TextBlock>
        

        
      </PrintSpace>
    </Page>
  </Layout>
</alto>