<?xml version='1.0' encoding='UTF-8'?>
<alto xmlns:xsi="http://www.w3.org/2001/XMLSchema-instance" xmlns="http://www.loc.gov/standards/alto/ns-v4#" xsi:schemaLocation="http://www.loc.gov/standards/alto/ns-v4# http://www.loc.gov/standards/alto/v4/alto-4-2.xsd">
  <Description>
    <MeasurementUnit>pixel</MeasurementUnit>
    <sourceImageInformation>
      <fileName>P908-Fg005-R-C01-R01-D19062013-T101310-LR924_012.jpg</fileName>
      
    </sourceImageInformation>
  </Description>
  
  <Tags>
    <OtherTag ID="BT1443" LABEL="Parchment_or_papyrus" DESCRIPTION="block type Parchment_or_papyrus"/><OtherTag ID="BT2" LABEL="Main" DESCRIPTION="block type Main"/>
    
  </Tags>
  
  <Layout>
    <Page WIDTH="3608" HEIGHT="2706" PHYSICAL_IMG_NR="183" ID="eSc_dummypage_">
      <PrintSpace HPOS="0" VPOS="0" WIDTH="3608" HEIGHT="2706">
        
        <TextBlock HPOS="1095.0" VPOS="880.0" WIDTH="1182.0" HEIGHT="903.0" ID="eSc_textblock_a2bb250d" TAGREFS="BT2">
          <Shape><Polygon POINTS="1095 880 1095 1783 2277 1783 2277 880"/></Shape>
          
          
          <TextLine ID="eSc_line_1791071" BASELINE="1150 1032 1292 1026 1488 1026 1738 1037 1846 1037 1968 1028 2106 1023" HPOS="1144.0" VPOS="901.0" WIDTH="964.0" HEIGHT="217.0">
            <Shape><Polygon POINTS="1144 910 1286 904 1488 904 1743 915 1846 915 1959 906 2101 901 2108 1104 1973 1108 1846 1118 1734 1118 1488 1107 1295 1107 1153 1113"/></Shape>
	    <String CONTENT=" א ץ עין שנין " HPOS="1144.0" VPOS="901.0" WIDTH="964.0" HEIGHT="217.0"><Glyph ID="char_0" CONTENT=" " GC="1.0"><Shape><Polygon POINTS="2074 902 2081 1105 2107 1104 2100 901"/></Shape></Glyph><Glyph ID="char_1" CONTENT="א" GC="1.0"><Shape><Polygon POINTS="2019 904 2026 1106 2081 1105 2074 902"/></Shape></Glyph><Glyph ID="char_2" CONTENT=" " GC="1.0"><Shape><Polygon POINTS="1932 908 1947 1110 2026 1106 2019 904"/></Shape></Glyph><Glyph ID="char_3" CONTENT="ץ" GC="1.0"><Shape><Polygon POINTS="1878 912 1892 1114 1947 1110 1932 908"/></Shape></Glyph><Glyph ID="char_4" CONTENT=" " GC="1.0"><Shape><Polygon POINTS="1846 915 1846 1118 1892 1114 1878 912"/></Shape></Glyph><Glyph ID="char_5" CONTENT="ע" GC="1.0"><Shape><Polygon POINTS="1728 914 1719 1117 1846 1118 1846 915"/></Shape></Glyph><Glyph ID="char_6" CONTENT="י" GC="1.0"><Shape><Polygon POINTS="1605 909 1596 1112 1719 1117 1728 914"/></Shape></Glyph><Glyph ID="char_7" CONTENT="ן" GC="1.0"><Shape><Polygon POINTS="1578 908 1569 1111 1596 1112 1605 909"/></Shape></Glyph><Glyph ID="char_8" CONTENT=" " GC="1.0"><Shape><Polygon POINTS="1550 907 1541 1109 1569 1111 1578 908"/></Shape></Glyph><Glyph ID="char_9" CONTENT="ש" GC="1.0"><Shape><Polygon POINTS="1477 904 1477 1107 1541 1109 1550 907"/></Shape></Glyph><Glyph ID="char_10" CONTENT="נ" GC="1.0"><Shape><Polygon POINTS="1409 904 1409 1107 1477 1107 1477 904"/></Shape></Glyph><Glyph ID="char_11" CONTENT="י" GC="1.0"><Shape><Polygon POINTS="1368 904 1368 1107 1409 1107 1409 904"/></Shape></Glyph><Glyph ID="char_12" CONTENT="ן" GC="1.0"><Shape><Polygon POINTS="1327 904 1327 1107 1368 1107 1368 904"/></Shape></Glyph><Glyph ID="char_13" CONTENT=" " GC="1.0"><Shape><Polygon POINTS="1212 907 1220 1110 1327 1107 1327 904"/></Shape></Glyph></String>
          </TextLine>

          
          
          <TextLine ID="eSc_line_1791072" BASELINE="1179 1204 1319 1213 2119 1213" HPOS="1173.0" VPOS="1082.0" WIDTH="946.0" HEIGHT="212.0">
            <Shape><Polygon POINTS="1186 1082 1326 1091 2119 1091 2119 1294 1313 1294 1173 1285"/></Shape>
	    <String CONTENT=" דה רבתא ויושע אנ " HPOS="1173.0" VPOS="1082.0" WIDTH="946.0" HEIGHT="212.0"><Glyph ID="char_14" CONTENT=" " GC="1.0"><Shape><Polygon POINTS="2092 1091 2092 1294 2118 1294 2118 1091"/></Shape></Glyph><Glyph ID="char_15" CONTENT="ד" GC="1.0"><Shape><Polygon POINTS="2051 1091 2051 1294 2092 1294 2092 1091"/></Shape></Glyph><Glyph ID="char_16" CONTENT="ה" GC="1.0"><Shape><Polygon POINTS="1996 1091 1996 1294 2051 1294 2051 1091"/></Shape></Glyph><Glyph ID="char_17" CONTENT=" " GC="1.0"><Shape><Polygon POINTS="1955 1091 1955 1294 1996 1294 1996 1091"/></Shape></Glyph><Glyph ID="char_18" CONTENT="ר" GC="1.0"><Shape><Polygon POINTS="1887 1091 1887 1294 1955 1294 1955 1091"/></Shape></Glyph><Glyph ID="char_19" CONTENT="ב" GC="1.0"><Shape><Polygon POINTS="1833 1091 1833 1294 1887 1294 1887 1091"/></Shape></Glyph><Glyph ID="char_20" CONTENT="ת" GC="1.0"><Shape><Polygon POINTS="1764 1091 1764 1294 1833 1294 1833 1091"/></Shape></Glyph><Glyph ID="char_21" CONTENT="א" GC="1.0"><Shape><Polygon POINTS="1710 1091 1710 1294 1764 1294 1764 1091"/></Shape></Glyph><Glyph ID="char_22" CONTENT=" " GC="1.0"><Shape><Polygon POINTS="1669 1091 1669 1294 1710 1294 1710 1091"/></Shape></Glyph><Glyph ID="char_23" CONTENT="ו" GC="1.0"><Shape><Polygon POINTS="1614 1091 1614 1294 1669 1294 1669 1091"/></Shape></Glyph><Glyph ID="char_24" CONTENT="י" GC="1.0"><Shape><Polygon POINTS="1574 1091 1574 1294 1614 1294 1614 1091"/></Shape></Glyph><Glyph ID="char_25" CONTENT="ו" GC="1.0"><Shape><Polygon POINTS="1519 1091 1519 1294 1574 1294 1574 1091"/></Shape></Glyph><Glyph ID="char_26" CONTENT="ש" GC="1.0"><Shape><Polygon POINTS="1451 1091 1451 1294 1519 1294 1519 1091"/></Shape></Glyph><Glyph ID="char_27" CONTENT="ע" GC="1.0"><Shape><Polygon POINTS="1369 1091 1369 1294 1451 1294 1451 1091"/></Shape></Glyph><Glyph ID="char_28" CONTENT=" " GC="1.0"><Shape><Polygon POINTS="1322 1091 1308 1294 1369 1294 1369 1091"/></Shape></Glyph><Glyph ID="char_29" CONTENT="א" GC="1.0"><Shape><Polygon POINTS="1282 1088 1268 1291 1308 1294 1322 1091"/></Shape></Glyph><Glyph ID="char_30" CONTENT="נ" GC="1.0"><Shape><Polygon POINTS="1241 1086 1227 1288 1268 1291 1282 1088"/></Shape></Glyph><Glyph ID="char_31" CONTENT=" " GC="1.0"><Shape><Polygon POINTS="1178 1203 1232 1206"/></Shape></Glyph></String>
          </TextLine>

          
          
          <TextLine ID="eSc_line_1791073" BASELINE="1210 1440 1513 1440 1598 1436 2029 1436 2124 1440" HPOS="1210.0" VPOS="1314.0" WIDTH="919.0" HEIGHT="207.0">
            <Shape><Polygon POINTS="1210 1318 1513 1318 1592 1314 2029 1314 2129 1318 2120 1521 2029 1517 1601 1517 1513 1521 1210 1521"/></Shape>
	    <String CONTENT=" חסינין ומלכות עמ " HPOS="1210.0" VPOS="1314.0" WIDTH="919.0" HEIGHT="207.0"><Glyph ID="char_32" CONTENT=" " GC="1.0"><Shape><Polygon POINTS="2088 1316 2079 1519 2106 1520 2115 1317"/></Shape></Glyph><Glyph ID="char_33" CONTENT="ח" GC="1.0"><Shape><Polygon POINTS="2028 1314 2028 1517 2079 1519 2088 1316"/></Shape></Glyph><Glyph ID="char_34" CONTENT="ס" GC="1.0"><Shape><Polygon POINTS="1947 1314 1947 1517 2028 1517 2028 1314"/></Shape></Glyph><Glyph ID="char_35" CONTENT="י" GC="1.0"><Shape><Polygon POINTS="1892 1314 1892 1517 1947 1517 1947 1314"/></Shape></Glyph><Glyph ID="char_36" CONTENT="נ" GC="1.0"><Shape><Polygon POINTS="1851 1314 1851 1517 1892 1517 1892 1314"/></Shape></Glyph><Glyph ID="char_37" CONTENT="י" GC="1.0"><Shape><Polygon POINTS="1810 1314 1810 1517 1851 1517 1851 1314"/></Shape></Glyph><Glyph ID="char_38" CONTENT="ן" GC="1.0"><Shape><Polygon POINTS="1769 1314 1769 1517 1810 1517 1810 1314"/></Shape></Glyph><Glyph ID="char_39" CONTENT=" " GC="1.0"><Shape><Polygon POINTS="1728 1314 1728 1517 1769 1517 1769 1314"/></Shape></Glyph><Glyph ID="char_40" CONTENT="ו" GC="1.0"><Shape><Polygon POINTS="1687 1314 1687 1517 1728 1517 1728 1314"/></Shape></Glyph><Glyph ID="char_41" CONTENT="מ" GC="1.0"><Shape><Polygon POINTS="1633 1314 1633 1517 1687 1517 1687 1314"/></Shape></Glyph><Glyph ID="char_42" CONTENT="ל" GC="1.0"><Shape><Polygon POINTS="1586 1314 1596 1517 1633 1517 1633 1314"/></Shape></Glyph><Glyph ID="char_43" CONTENT="כ" GC="1.0"><Shape><Polygon POINTS="1531 1317 1541 1520 1596 1517 1586 1314"/></Shape></Glyph><Glyph ID="char_44" CONTENT="ו" GC="1.0"><Shape><Polygon POINTS="1483 1318 1483 1521 1541 1520 1531 1317"/></Shape></Glyph><Glyph ID="char_45" CONTENT="ת" GC="1.0"><Shape><Polygon POINTS="1428 1318 1428 1521 1483 1521 1483 1318"/></Shape></Glyph><Glyph ID="char_46" CONTENT=" " GC="1.0"><Shape><Polygon POINTS="1387 1318 1387 1521 1428 1521 1428 1318"/></Shape></Glyph><Glyph ID="char_47" CONTENT="ע" GC="1.0"><Shape><Polygon POINTS="1333 1318 1333 1521 1387 1521 1387 1318"/></Shape></Glyph><Glyph ID="char_48" CONTENT="מ" GC="1.0"><Shape><Polygon POINTS="1265 1318 1265 1521 1333 1521 1333 1318"/></Shape></Glyph><Glyph ID="char_49" CONTENT=" " GC="1.0"><Shape><Polygon POINTS="1210 1318 1210 1521 1265 1521 1265 1318"/></Shape></Glyph></String>
          </TextLine>

          
          
          <TextLine ID="eSc_line_1791074" BASELINE="1452 1650 2266 1664" HPOS="1450.0" VPOS="1528.0" WIDTH="818.0" HEIGHT="217.0">
            <Shape><Polygon POINTS="1454 1528 2268 1542 2264 1745 1450 1731"/></Shape>
	    <String CONTENT=" יא מלכותא ק " HPOS="1450.0" VPOS="1528.0" WIDTH="818.0" HEIGHT="217.0"><Glyph ID="char_50" CONTENT=" " GC="1.0"><Shape><Polygon POINTS="2160 1540 2156 1743 2224 1744 2228 1541"/></Shape></Glyph><Glyph ID="char_51" CONTENT="י" GC="1.0"><Shape><Polygon POINTS="2119 1539 2115 1742 2156 1743 2160 1540"/></Shape></Glyph><Glyph ID="char_52" CONTENT="א" GC="1.0"><Shape><Polygon POINTS="2065 1539 2061 1742 2115 1742 2119 1539"/></Shape></Glyph><Glyph ID="char_53" CONTENT=" " GC="1.0"><Shape><Polygon POINTS="2011 1538 2007 1741 2061 1742 2065 1539"/></Shape></Glyph><Glyph ID="char_54" CONTENT="מ" GC="1.0"><Shape><Polygon POINTS="1943 1536 1939 1739 2007 1741 2011 1538"/></Shape></Glyph><Glyph ID="char_55" CONTENT="ל" GC="1.0"><Shape><Polygon POINTS="1888 1535 1884 1738 1939 1739 1943 1536"/></Shape></Glyph><Glyph ID="char_56" CONTENT="כ" GC="1.0"><Shape><Polygon POINTS="1847 1535 1843 1738 1884 1738 1888 1535"/></Shape></Glyph><Glyph ID="char_57" CONTENT="ו" GC="1.0"><Shape><Polygon POINTS="1793 1534 1789 1737 1843 1738 1847 1535"/></Shape></Glyph><Glyph ID="char_58" CONTENT="ת" GC="1.0"><Shape><Polygon POINTS="1739 1533 1735 1736 1789 1737 1793 1534"/></Shape></Glyph><Glyph ID="char_59" CONTENT="א" GC="1.0"><Shape><Polygon POINTS="1684 1532 1680 1735 1735 1736 1739 1533"/></Shape></Glyph><Glyph ID="char_60" CONTENT=" " GC="1.0"><Shape><Polygon POINTS="1643 1531 1639 1734 1680 1735 1684 1532"/></Shape></Glyph><Glyph ID="char_61" CONTENT="ק" GC="1.0"><Shape><Polygon POINTS="1548 1530 1544 1733 1639 1734 1643 1531"/></Shape></Glyph><Glyph ID="char_62" CONTENT=" " GC="1.0"><Shape><Polygon POINTS="1451 1649 1545 1650"/></Shape></Glyph></String>
          </TextLine>

          
        </TextBlock>
        

        
      </PrintSpace>
    </Page>
  </Layout>
</alto>