<?xml version='1.0' encoding='UTF-8'?>
<alto xmlns:xsi="http://www.w3.org/2001/XMLSchema-instance" xmlns="http://www.loc.gov/standards/alto/ns-v4#" xsi:schemaLocation="http://www.loc.gov/standards/alto/ns-v4# http://www.loc.gov/standards/alto/v4/alto-4-2.xsd">
  <Description>
    <MeasurementUnit>pixel</MeasurementUnit>
    <sourceImageInformation>
      <fileName>P917-Fg001-R-C01-R01-D18072013-T133803-LR924_012.jpg</fileName>
      
    </sourceImageInformation>
  </Description>
  
  <Tags>
    <OtherTag ID="BT1443" LABEL="Parchment_or_papyrus" DESCRIPTION="block type Parchment_or_papyrus"/><OtherTag ID="BT2" LABEL="Main" DESCRIPTION="block type Main"/>
    
  </Tags>
  
  <Layout>
    <Page WIDTH="3608" HEIGHT="2706" PHYSICAL_IMG_NR="417" ID="eSc_dummypage_">
      <PrintSpace HPOS="0" VPOS="0" WIDTH="3608" HEIGHT="2706">
        
        <TextBlock HPOS="1474.0" VPOS="757.0" WIDTH="1144.0" HEIGHT="1096.0" ID="eSc_textblock_c7cfe56f" TAGREFS="BT2">
          <Shape><Polygon POINTS="2618 757 2618 1853 1474 1853 1474 757"/></Shape>
          
          
          <TextLine ID="eSc_line_1791085" BASELINE="1948 856 1995 850 2154 850" HPOS="1935.0" VPOS="752.0" WIDTH="219.0" HEIGHT="168.0">
            <Shape><Polygon POINTS="1935 759 1982 753 2154 752 2154 914 2003 914 1956 920"/></Shape>
	    <String CONTENT=" " HPOS="1935.0" VPOS="752.0" WIDTH="219.0" HEIGHT="168.0"><Glyph ID="char_0" CONTENT=" " GC="1.0"><Shape><Polygon POINTS="1979 753 1999 915 2110 914 2110 752"/></Shape></Glyph></String>
          </TextLine>

          
          
          <TextLine ID="eSc_line_1791087" BASELINE="1835 1001 2036 994 2273 999" HPOS="1831.0" VPOS="896.0" WIDTH="444.0" HEIGHT="169.0">
            <Shape><Polygon POINTS="1831 903 2032 896 2275 901 2271 1063 2038 1058 1837 1065"/></Shape>
	    <String CONTENT=" ר שב " HPOS="1831.0" VPOS="896.0" WIDTH="444.0" HEIGHT="169.0"><Glyph ID="char_1" CONTENT=" " GC="1.0"><Shape><Polygon POINTS="2219 900 2215 1062 2269 1063 2273 901"/></Shape></Glyph><Glyph ID="char_2" CONTENT="ר" GC="1.0"><Shape><Polygon POINTS="2153 898 2150 1060 2215 1062 2219 900"/></Shape></Glyph><Glyph ID="char_3" CONTENT=" " GC="1.0"><Shape><Polygon POINTS="2055 896 2052 1058 2150 1060 2153 898"/></Shape></Glyph><Glyph ID="char_4" CONTENT="ש" GC="1.0"><Shape><Polygon POINTS="1952 899 1957 1061 2052 1058 2055 896"/></Shape></Glyph><Glyph ID="char_5" CONTENT="ב" GC="1.0"><Shape><Polygon POINTS="1886 901 1891 1063 1957 1061 1952 899"/></Shape></Glyph><Glyph ID="char_6" CONTENT=" " GC="1.0"><Shape><Polygon POINTS="1834 1001 1888 999"/></Shape></Glyph></String>
          </TextLine>

          
          
          <TextLine ID="eSc_line_1791088" BASELINE="1655 1186 1743 1181 1903 1181 2000 1174 2212 1181 2300 1172" HPOS="1649.0" VPOS="1075.0" WIDTH="657.0" HEIGHT="175.0">
            <Shape><Polygon POINTS="1649 1088 1737 1083 1903 1083 1993 1077 2215 1083 2290 1075 2306 1236 2209 1245 2004 1238 1903 1245 1746 1245 1658 1250"/></Shape>
	    <String CONTENT=" יהוה " HPOS="1649.0" VPOS="1075.0" WIDTH="657.0" HEIGHT="175.0"><Glyph ID="char_7" CONTENT=" " GC="1.0"><Shape><Polygon POINTS="2051 1079 2045 1239 2187 1244 2193 1082"/></Shape></Glyph><Glyph ID="char_8" CONTENT="י" GC="1.0"><Shape><Polygon POINTS="1986 1077 1997 1238 2045 1239 2051 1079"/></Shape></Glyph><Glyph ID="char_9" CONTENT="ה" GC="1.0"><Shape><Polygon POINTS="1932 1081 1943 1242 1997 1238 1986 1077"/></Shape></Glyph><Glyph ID="char_10" CONTENT="ו" GC="1.0"><Shape><Polygon POINTS="1884 1083 1884 1245 1943 1242 1932 1081"/></Shape></Glyph><Glyph ID="char_11" CONTENT="ה" GC="1.0"><Shape><Polygon POINTS="1829 1083 1829 1245 1884 1245 1884 1083"/></Shape></Glyph><Glyph ID="char_12" CONTENT=" " GC="1.0"><Shape><Polygon POINTS="1714 1084 1723 1246 1829 1245 1829 1083"/></Shape></Glyph></String>
          </TextLine>

          
          
          <TextLine ID="eSc_line_1791089" BASELINE="1497 1334 1691 1328 1851 1330 1977 1323 2225 1325 2311 1330 2376 1325 2433 1314" HPOS="1493.0" VPOS="1218.0" WIDTH="952.0" HEIGHT="180.0">
            <Shape><Polygon POINTS="1493 1236 1687 1230 1852 1232 1971 1225 2225 1227 2316 1232 2368 1228 2414 1218 2445 1377 2380 1389 2307 1394 2224 1389 1980 1387 1850 1394 1693 1392 1499 1398"/></Shape>
	    <String CONTENT=" ה רבה למעלה מכו " HPOS="1493.0" VPOS="1218.0" WIDTH="952.0" HEIGHT="180.0"><Glyph ID="char_13" CONTENT=" " GC="1.0"><Shape><Polygon POINTS="2361 1229 2373 1389 2434 1379 2403 1220"/></Shape></Glyph><Glyph ID="char_14" CONTENT="ה" GC="1.0"><Shape><Polygon POINTS="2308 1232 2299 1394 2373 1389 2361 1229"/></Shape></Glyph><Glyph ID="char_15" CONTENT=" " GC="1.0"><Shape><Polygon POINTS="2254 1229 2245 1390 2299 1394 2308 1232"/></Shape></Glyph><Glyph ID="char_16" CONTENT="ר" GC="1.0"><Shape><Polygon POINTS="2183 1227 2182 1389 2245 1390 2254 1229"/></Shape></Glyph><Glyph ID="char_17" CONTENT="ב" GC="1.0"><Shape><Polygon POINTS="2118 1226 2117 1388 2182 1389 2183 1227"/></Shape></Glyph><Glyph ID="char_18" CONTENT="ה" GC="1.0"><Shape><Polygon POINTS="2052 1226 2051 1388 2117 1388 2118 1226"/></Shape></Glyph><Glyph ID="char_19" CONTENT=" " GC="1.0"><Shape><Polygon POINTS="1998 1225 1997 1387 2051 1388 2052 1226"/></Shape></Glyph><Glyph ID="char_20" CONTENT="ל" GC="1.0"><Shape><Polygon POINTS="1948 1226 1957 1388 1997 1387 1998 1225"/></Shape></Glyph><Glyph ID="char_21" CONTENT="מ" GC="1.0"><Shape><Polygon POINTS="1894 1230 1903 1391 1957 1388 1948 1226"/></Shape></Glyph><Glyph ID="char_22" CONTENT="ע" GC="1.0"><Shape><Polygon POINTS="1846 1232 1844 1394 1903 1391 1894 1230"/></Shape></Glyph><Glyph ID="char_23" CONTENT="ל" GC="1.0"><Shape><Polygon POINTS="1770 1231 1768 1393 1844 1394 1846 1232"/></Shape></Glyph><Glyph ID="char_24" CONTENT="ה" GC="1.0"><Shape><Polygon POINTS="1704 1230 1702 1392 1768 1393 1770 1231"/></Shape></Glyph><Glyph ID="char_25" CONTENT=" " GC="1.0"><Shape><Polygon POINTS="1646 1231 1651 1393 1702 1392 1704 1230"/></Shape></Glyph><Glyph ID="char_26" CONTENT="מ" GC="1.0"><Shape><Polygon POINTS="1602 1233 1607 1395 1651 1393 1646 1231"/></Shape></Glyph><Glyph ID="char_27" CONTENT="כ" GC="1.0"><Shape><Polygon POINTS="1558 1234 1563 1396 1607 1395 1602 1233"/></Shape></Glyph><Glyph ID="char_28" CONTENT="ו" GC="1.0"><Shape><Polygon POINTS="1537 1235 1542 1397 1563 1396 1558 1234"/></Shape></Glyph><Glyph ID="char_29" CONTENT=" " GC="1.0"><Shape><Polygon POINTS="1496 1334 1539 1332"/></Shape></Glyph></String>
          </TextLine>

          
          
          <TextLine ID="eSc_line_1791090" BASELINE="1537 1517 2002 1508 2155 1515 2426 1519 2543 1528" HPOS="1535.0" VPOS="1410.0" WIDTH="1015.0" HEIGHT="182.0">
            <Shape><Polygon POINTS="1535 1419 2000 1410 2159 1417 2427 1421 2550 1431 2538 1592 2425 1583 2152 1579 2003 1572 1538 1581"/></Shape>
	    <String CONTENT=" מרד ת והמשפטים " HPOS="1535.0" VPOS="1410.0" WIDTH="1015.0" HEIGHT="182.0"><Glyph ID="char_30" CONTENT=" " GC="1.0"><Shape><Polygon POINTS="2484 1426 2472 1587 2516 1590 2528 1429"/></Shape></Glyph><Glyph ID="char_31" CONTENT="מ" GC="1.0"><Shape><Polygon POINTS="2423 1421 2421 1583 2472 1587 2484 1426"/></Shape></Glyph><Glyph ID="char_32" CONTENT="ר" GC="1.0"><Shape><Polygon POINTS="2347 1420 2345 1582 2421 1583 2423 1421"/></Shape></Glyph><Glyph ID="char_33" CONTENT="ד" GC="1.0"><Shape><Polygon POINTS="2281 1419 2279 1581 2345 1582 2347 1420"/></Shape></Glyph><Glyph ID="char_34" CONTENT=" " GC="1.0"><Shape><Polygon POINTS="2216 1418 2214 1580 2279 1581 2281 1419"/></Shape></Glyph><Glyph ID="char_35" CONTENT="ת" GC="1.0"><Shape><Polygon POINTS="2153 1417 2146 1579 2214 1580 2216 1418"/></Shape></Glyph><Glyph ID="char_36" CONTENT=" " GC="1.0"><Shape><Polygon POINTS="2087 1414 2080 1576 2146 1579 2153 1417"/></Shape></Glyph><Glyph ID="char_37" CONTENT="ו" GC="1.0"><Shape><Polygon POINTS="2044 1412 2037 1574 2080 1576 2087 1414"/></Shape></Glyph><Glyph ID="char_38" CONTENT="ה" GC="1.0"><Shape><Polygon POINTS="1983 1410 1986 1572 2037 1574 2044 1412"/></Shape></Glyph><Glyph ID="char_39" CONTENT="מ" GC="1.0"><Shape><Polygon POINTS="1928 1411 1931 1573 1986 1572 1983 1410"/></Shape></Glyph><Glyph ID="char_40" CONTENT="ש" GC="1.0"><Shape><Polygon POINTS="1862 1413 1865 1575 1931 1573 1928 1411"/></Shape></Glyph><Glyph ID="char_41" CONTENT="פ" GC="1.0"><Shape><Polygon POINTS="1797 1414 1800 1576 1865 1575 1862 1413"/></Shape></Glyph><Glyph ID="char_42" CONTENT="ט" GC="1.0"><Shape><Polygon POINTS="1731 1415 1734 1577 1800 1576 1797 1414"/></Shape></Glyph><Glyph ID="char_43" CONTENT="י" GC="1.0"><Shape><Polygon POINTS="1665 1416 1668 1578 1734 1577 1731 1415"/></Shape></Glyph><Glyph ID="char_44" CONTENT="ם" GC="1.0"><Shape><Polygon POINTS="1611 1418 1614 1580 1668 1578 1665 1416"/></Shape></Glyph><Glyph ID="char_45" CONTENT=" " GC="1.0"><Shape><Polygon POINTS="1545 1419 1548 1581 1614 1580 1611 1418"/></Shape></Glyph></String>
          </TextLine>

          
          
          <TextLine ID="eSc_line_1791091" BASELINE="1519 1670 1941 1682 2245 1679 2498 1686" HPOS="1517.0" VPOS="1572.0" WIDTH="983.0" HEIGHT="178.0">
            <Shape><Polygon POINTS="1521 1572 1943 1584 2244 1581 2500 1588 2496 1750 2245 1743 1939 1746 1517 1734"/></Shape>
	    <String CONTENT=" כול הרוחות לפניכה ע " HPOS="1517.0" VPOS="1572.0" WIDTH="983.0" HEIGHT="178.0"><Glyph ID="char_46" CONTENT=" " GC="1.0"><Shape><Polygon POINTS="2445 1587 2441 1748 2484 1750 2488 1588"/></Shape></Glyph><Glyph ID="char_47" CONTENT="כ" GC="1.0"><Shape><Polygon POINTS="2401 1585 2397 1747 2441 1748 2445 1587"/></Shape></Glyph><Glyph ID="char_48" CONTENT="ו" GC="1.0"><Shape><Polygon POINTS="2358 1584 2354 1746 2397 1747 2401 1585"/></Shape></Glyph><Glyph ID="char_49" CONTENT="ל" GC="1.0"><Shape><Polygon POINTS="2314 1583 2310 1745 2354 1746 2358 1584"/></Shape></Glyph><Glyph ID="char_50" CONTENT=" " GC="1.0"><Shape><Polygon POINTS="2260 1581 2256 1743 2310 1745 2314 1583"/></Shape></Glyph><Glyph ID="char_51" CONTENT="ה" GC="1.0"><Shape><Polygon POINTS="2191 1582 2192 1744 2256 1743 2260 1581"/></Shape></Glyph><Glyph ID="char_52" CONTENT="ר" GC="1.0"><Shape><Polygon POINTS="2137 1582 2138 1744 2192 1744 2191 1582"/></Shape></Glyph><Glyph ID="char_53" CONTENT="ו" GC="1.0"><Shape><Polygon POINTS="2083 1583 2084 1745 2138 1744 2137 1582"/></Shape></Glyph><Glyph ID="char_54" CONTENT="ח" GC="1.0"><Shape><Polygon POINTS="2039 1583 2040 1745 2084 1745 2083 1583"/></Shape></Glyph><Glyph ID="char_55" CONTENT="ו" GC="1.0"><Shape><Polygon POINTS="1996 1583 1997 1745 2040 1745 2039 1583"/></Shape></Glyph><Glyph ID="char_56" CONTENT="ת" GC="1.0"><Shape><Polygon POINTS="1941 1584 1942 1746 1997 1745 1996 1583"/></Shape></Glyph><Glyph ID="char_57" CONTENT=" " GC="1.0"><Shape><Polygon POINTS="1902 1583 1897 1745 1942 1746 1941 1584"/></Shape></Glyph><Glyph ID="char_58" CONTENT="ל" GC="1.0"><Shape><Polygon POINTS="1858 1582 1853 1744 1897 1745 1902 1583"/></Shape></Glyph><Glyph ID="char_59" CONTENT="פ" GC="1.0"><Shape><Polygon POINTS="1815 1580 1810 1742 1853 1744 1858 1582"/></Shape></Glyph><Glyph ID="char_60" CONTENT="נ" GC="1.0"><Shape><Polygon POINTS="1782 1579 1777 1741 1810 1742 1815 1580"/></Shape></Glyph><Glyph ID="char_61" CONTENT="י" GC="1.0"><Shape><Polygon POINTS="1739 1578 1734 1740 1777 1741 1782 1579"/></Shape></Glyph><Glyph ID="char_62" CONTENT="כ" GC="1.0"><Shape><Polygon POINTS="1684 1577 1679 1739 1734 1740 1739 1578"/></Shape></Glyph><Glyph ID="char_63" CONTENT="ה" GC="1.0"><Shape><Polygon POINTS="1630 1575 1625 1737 1679 1739 1684 1577"/></Shape></Glyph><Glyph ID="char_64" CONTENT=" " GC="1.0"><Shape><Polygon POINTS="1608 1574 1603 1736 1625 1737 1630 1575"/></Shape></Glyph><Glyph ID="char_65" CONTENT="ע" GC="1.0"><Shape><Polygon POINTS="1575 1574 1570 1736 1603 1736 1608 1574"/></Shape></Glyph><Glyph ID="char_66" CONTENT=" " GC="1.0"><Shape><Polygon POINTS="1532 1572 1527 1734 1570 1736 1575 1574"/></Shape></Glyph></String>
          </TextLine>

          
        </TextBlock>
        

        
      </PrintSpace>
    </Page>
  </Layout>
</alto>