<?xml version='1.0' encoding='UTF-8'?>
<alto xmlns:xsi="http://www.w3.org/2001/XMLSchema-instance" xmlns="http://www.loc.gov/standards/alto/ns-v4#" xsi:schemaLocation="http://www.loc.gov/standards/alto/ns-v4# http://www.loc.gov/standards/alto/v4/alto-4-2.xsd">
  <Description>
    <MeasurementUnit>pixel</MeasurementUnit>
    <sourceImageInformation>
      <fileName>P917-Fg002-R-C01-R01-D18072013-T134616-LR924_012.jpg</fileName>
      
    </sourceImageInformation>
  </Description>
  
  <Tags>
    <OtherTag ID="BT1443" LABEL="Parchment_or_papyrus" DESCRIPTION="block type Parchment_or_papyrus"/><OtherTag ID="BT2" LABEL="Main" DESCRIPTION="block type Main"/>
    
  </Tags>
  
  <Layout>
    <Page WIDTH="3608" HEIGHT="2706" PHYSICAL_IMG_NR="188" ID="eSc_dummypage_">
      <PrintSpace HPOS="0" VPOS="0" WIDTH="3608" HEIGHT="2706">
        
        <TextBlock HPOS="1090.0" VPOS="1149.0" WIDTH="1639.0" HEIGHT="720.0" ID="eSc_textblock_93463f04" TAGREFS="BT2">
          <Shape><Polygon POINTS="1090 1149 1090 1869 2729 1869 2729 1149"/></Shape>
          
          
          <TextLine ID="eSc_line_1791092" BASELINE="1278 1271 1726 1297 2083 1294 2275 1294 2534 1244" HPOS="1274.0" VPOS="1145.0" WIDTH="1272.0" HEIGHT="219.0">
            <Shape><Polygon POINTS="1283 1170 1731 1196 2082 1193 2275 1193 2514 1145 2546 1309 2275 1361 2083 1361 1722 1364 1274 1338"/></Shape>
	    <String CONTENT=" בשמכה בור אני מירא ומע " HPOS="1274.0" VPOS="1145.0" WIDTH="1272.0" HEIGHT="219.0"><Glyph ID="char_0" CONTENT=" " GC="1.0"><Shape><Polygon POINTS="2480 1152 2512 1316 2533 1311 2502 1148"/></Shape></Glyph><Glyph ID="char_1" CONTENT="ב" GC="1.0"><Shape><Polygon POINTS="2435 1161 2466 1324 2512 1316 2480 1152"/></Shape></Glyph><Glyph ID="char_2" CONTENT="ש" GC="1.0"><Shape><Polygon POINTS="2380 1172 2411 1335 2466 1324 2435 1161"/></Shape></Glyph><Glyph ID="char_3" CONTENT="מ" GC="1.0"><Shape><Polygon POINTS="2324 1183 2355 1346 2411 1335 2380 1172"/></Shape></Glyph><Glyph ID="char_4" CONTENT="כ" GC="1.0"><Shape><Polygon POINTS="2279 1192 2310 1354 2355 1346 2324 1183"/></Shape></Glyph><Glyph ID="char_5" CONTENT="ה" GC="1.0"><Shape><Polygon POINTS="2242 1193 2242 1361 2310 1354 2279 1192"/></Shape></Glyph><Glyph ID="char_6" CONTENT=" " GC="1.0"><Shape><Polygon POINTS="2139 1193 2139 1361 2242 1361 2242 1193"/></Shape></Glyph><Glyph ID="char_7" CONTENT="ב" GC="1.0"><Shape><Polygon POINTS="2059 1193 2061 1361 2139 1361 2139 1193"/></Shape></Glyph><Glyph ID="char_8" CONTENT="ו" GC="1.0"><Shape><Polygon POINTS="2025 1193 2027 1361 2061 1361 2059 1193"/></Shape></Glyph><Glyph ID="char_9" CONTENT="ר" GC="1.0"><Shape><Polygon POINTS="1968 1194 1970 1362 2027 1361 2025 1193"/></Shape></Glyph><Glyph ID="char_10" CONTENT=" " GC="1.0"><Shape><Polygon POINTS="1911 1194 1913 1362 1970 1362 1968 1194"/></Shape></Glyph><Glyph ID="char_11" CONTENT="א" GC="1.0"><Shape><Polygon POINTS="1866 1195 1868 1363 1913 1362 1911 1194"/></Shape></Glyph><Glyph ID="char_12" CONTENT="נ" GC="1.0"><Shape><Polygon POINTS="1820 1195 1822 1363 1868 1363 1866 1195"/></Shape></Glyph><Glyph ID="char_13" CONTENT="י" GC="1.0"><Shape><Polygon POINTS="1775 1196 1777 1364 1822 1363 1820 1195"/></Shape></Glyph><Glyph ID="char_14" CONTENT=" " GC="1.0"><Shape><Polygon POINTS="1741 1196 1743 1364 1777 1364 1775 1196"/></Shape></Glyph><Glyph ID="char_15" CONTENT="מ" GC="1.0"><Shape><Polygon POINTS="1691 1194 1681 1362 1743 1364 1741 1196"/></Shape></Glyph><Glyph ID="char_16" CONTENT="י" GC="1.0"><Shape><Polygon POINTS="1634 1190 1624 1358 1681 1362 1691 1194"/></Shape></Glyph><Glyph ID="char_17" CONTENT="ר" GC="1.0"><Shape><Polygon POINTS="1578 1187 1567 1355 1624 1358 1634 1190"/></Shape></Glyph><Glyph ID="char_18" CONTENT="א" GC="1.0"><Shape><Polygon POINTS="1510 1183 1500 1351 1567 1355 1578 1187"/></Shape></Glyph><Glyph ID="char_19" CONTENT=" " GC="1.0"><Shape><Polygon POINTS="1454 1180 1444 1348 1500 1351 1510 1183"/></Shape></Glyph><Glyph ID="char_20" CONTENT="ו" GC="1.0"><Shape><Polygon POINTS="1408 1177 1398 1345 1444 1348 1454 1180"/></Shape></Glyph><Glyph ID="char_21" CONTENT="מ" GC="1.0"><Shape><Polygon POINTS="1363 1175 1353 1343 1398 1345 1408 1177"/></Shape></Glyph><Glyph ID="char_22" CONTENT="ע" GC="1.0"><Shape><Polygon POINTS="1306 1171 1296 1339 1353 1343 1363 1175"/></Shape></Glyph><Glyph ID="char_23" CONTENT=" " GC="1.0"><Shape><Polygon POINTS="1277 1270 1299 1271"/></Shape></Glyph></String>
          </TextLine>

          
          
          <TextLine ID="eSc_line_1791093" BASELINE="1093 1422 1156 1429 1206 1429 1265 1425 1409 1422 1783 1429 1858 1436 1939 1438 2151 1440 2514 1427 2575 1418 2613 1402" HPOS="1085.0" VPOS="1309.0" WIDTH="1554.0" HEIGHT="198.0">
            <Shape><Polygon POINTS="1104 1321 1167 1328 1206 1328 1258 1324 1406 1321 1784 1328 1867 1335 1941 1337 2151 1339 2510 1326 2560 1318 2573 1309 2639 1463 2584 1484 2516 1494 2150 1507 1937 1505 1851 1502 1781 1496 1410 1489 1269 1492 1206 1496 1148 1495 1085 1488"/></Shape>
	    <String CONTENT=" ני האיש הזה אשר הוא מבני ה " HPOS="1085.0" VPOS="1309.0" WIDTH="1554.0" HEIGHT="198.0"><Glyph ID="char_24" CONTENT=" " GC="1.0"><Shape><Polygon POINTS="2534 1322 2558 1488 2617 1471 2553 1319"/></Shape></Glyph><Glyph ID="char_25" CONTENT="נ" GC="1.0"><Shape><Polygon POINTS="2500 1326 2524 1493 2558 1488 2534 1322"/></Shape></Glyph><Glyph ID="char_26" CONTENT="י" GC="1.0"><Shape><Polygon POINTS="2466 1328 2472 1496 2524 1493 2500 1326"/></Shape></Glyph><Glyph ID="char_27" CONTENT=" " GC="1.0"><Shape><Polygon POINTS="2409 1330 2415 1498 2472 1496 2466 1328"/></Shape></Glyph><Glyph ID="char_28" CONTENT="ה" GC="1.0"><Shape><Polygon POINTS="2342 1332 2348 1500 2415 1498 2409 1330"/></Shape></Glyph><Glyph ID="char_29" CONTENT="א" GC="1.0"><Shape><Polygon POINTS="2285 1334 2291 1502 2348 1500 2342 1332"/></Shape></Glyph><Glyph ID="char_30" CONTENT="י" GC="1.0"><Shape><Polygon POINTS="2229 1336 2235 1504 2291 1502 2285 1334"/></Shape></Glyph><Glyph ID="char_31" CONTENT="ש" GC="1.0"><Shape><Polygon POINTS="2183 1338 2189 1506 2235 1504 2229 1336"/></Shape></Glyph><Glyph ID="char_32" CONTENT=" " GC="1.0"><Shape><Polygon POINTS="2132 1339 2130 1507 2189 1506 2183 1338"/></Shape></Glyph><Glyph ID="char_33" CONTENT="ה" GC="1.0"><Shape><Polygon POINTS="2087 1338 2085 1506 2130 1507 2132 1339"/></Shape></Glyph><Glyph ID="char_34" CONTENT="ז" GC="1.0"><Shape><Polygon POINTS="2041 1338 2039 1506 2085 1506 2087 1338"/></Shape></Glyph><Glyph ID="char_35" CONTENT="ה" GC="1.0"><Shape><Polygon POINTS="1985 1337 1983 1505 2039 1506 2041 1338"/></Shape></Glyph><Glyph ID="char_36" CONTENT=" " GC="1.0"><Shape><Polygon POINTS="1918 1336 1914 1504 1983 1505 1985 1337"/></Shape></Glyph><Glyph ID="char_37" CONTENT="א" GC="1.0"><Shape><Polygon POINTS="1862 1335 1858 1502 1914 1504 1918 1336"/></Shape></Glyph><Glyph ID="char_38" CONTENT="ש" GC="1.0"><Shape><Polygon POINTS="1783 1328 1780 1496 1858 1502 1862 1335"/></Shape></Glyph><Glyph ID="char_39" CONTENT="ר" GC="1.0"><Shape><Polygon POINTS="1715 1327 1712 1495 1780 1496 1783 1328"/></Shape></Glyph><Glyph ID="char_40" CONTENT=" " GC="1.0"><Shape><Polygon POINTS="1670 1326 1667 1494 1712 1495 1715 1327"/></Shape></Glyph><Glyph ID="char_41" CONTENT="ה" GC="1.0"><Shape><Polygon POINTS="1613 1325 1610 1493 1667 1494 1670 1326"/></Shape></Glyph><Glyph ID="char_42" CONTENT="ו" GC="1.0"><Shape><Polygon POINTS="1556 1324 1553 1492 1610 1493 1613 1325"/></Shape></Glyph><Glyph ID="char_43" CONTENT="א" GC="1.0"><Shape><Polygon POINTS="1500 1323 1497 1491 1553 1492 1556 1324"/></Shape></Glyph><Glyph ID="char_44" CONTENT=" " GC="1.0"><Shape><Polygon POINTS="1443 1322 1440 1490 1497 1491 1500 1323"/></Shape></Glyph><Glyph ID="char_45" CONTENT="מ" GC="1.0"><Shape><Polygon POINTS="1383 1321 1387 1489 1440 1490 1443 1322"/></Shape></Glyph><Glyph ID="char_46" CONTENT="ב" GC="1.0"><Shape><Polygon POINTS="1326 1323 1330 1491 1387 1489 1383 1321"/></Shape></Glyph><Glyph ID="char_47" CONTENT="נ" GC="1.0"><Shape><Polygon POINTS="1293 1323 1297 1491 1330 1491 1326 1323"/></Shape></Glyph><Glyph ID="char_48" CONTENT="י" GC="1.0"><Shape><Polygon POINTS="1243 1325 1254 1493 1297 1491 1293 1323"/></Shape></Glyph><Glyph ID="char_49" CONTENT=" " GC="1.0"><Shape><Polygon POINTS="1205 1328 1205 1496 1254 1493 1243 1325"/></Shape></Glyph><Glyph ID="char_50" CONTENT="ה" GC="1.0"><Shape><Polygon POINTS="1160 1327 1160 1495 1205 1496 1205 1328"/></Shape></Glyph><Glyph ID="char_51" CONTENT=" " GC="1.0"><Shape><Polygon POINTS="1115 1322 1095 1489 1160 1495 1160 1327"/></Shape></Glyph></String>
          </TextLine>

          
          
          <TextLine ID="eSc_line_1791094" BASELINE="1155 1575 1506 1610 1633 1612 1779 1621 1960 1617 2133 1630 2317 1622 2492 1617 2651 1587" HPOS="1148.0" VPOS="1474.0" WIDTH="1515.0" HEIGHT="223.0">
            <Shape><Polygon POINTS="1165 1474 1516 1509 1634 1511 1785 1520 1957 1516 2140 1529 2312 1521 2489 1516 2632 1487 2663 1653 2493 1684 2319 1689 2127 1697 1961 1684 1774 1688 1631 1679 1499 1676 1148 1641"/></Shape>
	    <String CONTENT=" ה ה ומה תשב ת אור לה ל " HPOS="1148.0" VPOS="1474.0" WIDTH="1515.0" HEIGHT="223.0"><Glyph ID="char_52" CONTENT=" " GC="1.0"><Shape><Polygon POINTS="2587 1496 2618 1661 2662 1653 2630 1487"/></Shape></Glyph><Glyph ID="char_53" CONTENT="ה" GC="1.0"><Shape><Polygon POINTS="2543 1505 2574 1669 2618 1661 2587 1496"/></Shape></Glyph><Glyph ID="char_54" CONTENT=" " GC="1.0"><Shape><Polygon POINTS="2498 1514 2529 1677 2574 1669 2543 1505"/></Shape></Glyph><Glyph ID="char_55" CONTENT="ה" GC="1.0"><Shape><Polygon POINTS="2458 1517 2463 1685 2529 1677 2498 1514"/></Shape></Glyph><Glyph ID="char_56" CONTENT=" " GC="1.0"><Shape><Polygon POINTS="2413 1518 2418 1686 2463 1685 2458 1517"/></Shape></Glyph><Glyph ID="char_57" CONTENT="ו" GC="1.0"><Shape><Polygon POINTS="2368 1519 2373 1687 2418 1686 2413 1518"/></Shape></Glyph><Glyph ID="char_58" CONTENT="מ" GC="1.0"><Shape><Polygon POINTS="2310 1521 2317 1689 2373 1687 2368 1519"/></Shape></Glyph><Glyph ID="char_59" CONTENT="ה" GC="1.0"><Shape><Polygon POINTS="2254 1524 2261 1691 2317 1689 2310 1521"/></Shape></Glyph><Glyph ID="char_60" CONTENT=" " GC="1.0"><Shape><Polygon POINTS="2209 1526 2216 1693 2261 1691 2254 1524"/></Shape></Glyph><Glyph ID="char_61" CONTENT="ת" GC="1.0"><Shape><Polygon POINTS="2152 1528 2159 1696 2216 1693 2209 1526"/></Shape></Glyph><Glyph ID="char_62" CONTENT="ש" GC="1.0"><Shape><Polygon POINTS="2096 1526 2083 1694 2159 1696 2152 1528"/></Shape></Glyph><Glyph ID="char_63" CONTENT="ב" GC="1.0"><Shape><Polygon POINTS="2017 1520 2005 1687 2083 1694 2096 1526"/></Shape></Glyph><Glyph ID="char_64" CONTENT=" " GC="1.0"><Shape><Polygon POINTS="1952 1516 1955 1684 2005 1687 2017 1520"/></Shape></Glyph><Glyph ID="char_65" CONTENT="ת" GC="1.0"><Shape><Polygon POINTS="1884 1518 1887 1686 1955 1684 1952 1516"/></Shape></Glyph><Glyph ID="char_66" CONTENT=" " GC="1.0"><Shape><Polygon POINTS="1816 1519 1819 1687 1887 1686 1884 1518"/></Shape></Glyph><Glyph ID="char_67" CONTENT="א" GC="1.0"><Shape><Polygon POINTS="1768 1519 1758 1687 1819 1687 1816 1519"/></Shape></Glyph><Glyph ID="char_68" CONTENT="ו" GC="1.0"><Shape><Polygon POINTS="1700 1515 1690 1683 1758 1687 1768 1519"/></Shape></Glyph><Glyph ID="char_69" CONTENT="ר" GC="1.0"><Shape><Polygon POINTS="1617 1511 1614 1679 1690 1683 1700 1515"/></Shape></Glyph><Glyph ID="char_70" CONTENT=" " GC="1.0"><Shape><Polygon POINTS="1538 1509 1535 1677 1614 1679 1617 1511"/></Shape></Glyph><Glyph ID="char_71" CONTENT="ל" GC="1.0"><Shape><Polygon POINTS="1423 1500 1406 1667 1535 1677 1538 1509"/></Shape></Glyph><Glyph ID="char_72" CONTENT="ה" GC="1.0"><Shape><Polygon POINTS="1311 1489 1293 1656 1406 1667 1423 1500"/></Shape></Glyph><Glyph ID="char_73" CONTENT=" " GC="1.0"><Shape><Polygon POINTS="1254 1483 1237 1650 1293 1656 1311 1489"/></Shape></Glyph><Glyph ID="char_74" CONTENT="ל" GC="1.0"><Shape><Polygon POINTS="1198 1477 1181 1644 1237 1650 1254 1483"/></Shape></Glyph><Glyph ID="char_75" CONTENT=" " GC="1.0"><Shape><Polygon POINTS="1154 1574 1187 1577"/></Shape></Glyph></String>
          </TextLine>

          
          
          <TextLine ID="eSc_line_1791095" BASELINE="1655 1774 1727 1781 2022 1781 2406 1780" HPOS="1648.0" VPOS="1673.0" WIDTH="758.0" HEIGHT="175.0">
            <Shape><Polygon POINTS="1664 1673 1736 1680 2022 1680 2405 1679 2406 1847 2022 1848 1720 1847 1648 1840"/></Shape>
	    <String CONTENT=" ל ל ת הש " HPOS="1648.0" VPOS="1673.0" WIDTH="758.0" HEIGHT="175.0"><Glyph ID="char_76" CONTENT=" " GC="1.0"><Shape><Polygon POINTS="2248 1679 2249 1847 2350 1847 2349 1679"/></Shape></Glyph><Glyph ID="char_77" CONTENT="ל" GC="1.0"><Shape><Polygon POINTS="2192 1680 2193 1848 2249 1847 2248 1679"/></Shape></Glyph><Glyph ID="char_78" CONTENT=" " GC="1.0"><Shape><Polygon POINTS="2147 1680 2148 1848 2193 1848 2192 1680"/></Shape></Glyph><Glyph ID="char_79" CONTENT="ל" GC="1.0"><Shape><Polygon POINTS="2136 1680 2137 1848 2148 1848 2147 1680"/></Shape></Glyph><Glyph ID="char_80" CONTENT=" " GC="1.0"><Shape><Polygon POINTS="2068 1680 2069 1848 2137 1848 2136 1680"/></Shape></Glyph><Glyph ID="char_81" CONTENT="ת" GC="1.0"><Shape><Polygon POINTS="1979 1680 1979 1848 2069 1848 2068 1680"/></Shape></Glyph><Glyph ID="char_82" CONTENT=" " GC="1.0"><Shape><Polygon POINTS="1923 1680 1923 1848 1979 1848 1979 1680"/></Shape></Glyph><Glyph ID="char_83" CONTENT="ה" GC="1.0"><Shape><Polygon POINTS="1856 1680 1856 1847 1923 1848 1923 1680"/></Shape></Glyph><Glyph ID="char_84" CONTENT="ש" GC="1.0"><Shape><Polygon POINTS="1777 1680 1777 1847 1856 1847 1856 1680"/></Shape></Glyph><Glyph ID="char_85" CONTENT=" " GC="1.0"><Shape><Polygon POINTS="1687 1675 1669 1842 1777 1847 1777 1680"/></Shape></Glyph></String>
          </TextLine>

          
        </TextBlock>
        

        
      </PrintSpace>
    </Page>
  </Layout>
</alto>